"pathway","pval","padj","log2err","ES","NES","size","leadingEdge"
"GOBP_CELL_DIVISION",6.72403860583583e-10,2.05419379408285e-06,0.801215574617779,0.342721892845346,1.85849701180919,390,"Rhob/Ccnb2/Ppbp/Ncapg/Tpx2/Ccnb1/Pds5b/Hells/Mad2l1/E2f8/Rock2/Knl1/Fut9/Nuf2/Nusap1/Timeless/Sox5/Ncaph/Brsk2/Ccnt1/Ppp1cb/Ahctf1/Cep55/2610528A11Rik/Cdca3/Dr1/Haus6/Smc4/Exoc3/Top2a/Bub1/Rab10/Ncapd2/Aspm/Ccne2/Ect2/Vegfc/Txnip/Fbxo5/Garem1/Clasp2/Fgf13/Rock1/Fgf2/Top1/Bmi1/Oip5/Vrk1/Ckap2/Cspp1/Cdca8/Ccng2/Mastl/Klhl9/Vegfd/Pogz/Pafah1b1/Prdm15/Racgap1/Myo19/Ckap5/Smc5/Yeats2/Apc/Ereg/Sh3glb1/Pimreg/Abraxas2/Ccdc66/Hmcn1/Kif11/Exoc2/Prc1/Usp39/Cdk6/Trp63/Ttc19/Numb/Stag2/Csnk1a1/Lmln/Igf2/Ccnt2/Dync1li1/Nedd1/Spast/Ccnf/Son/Mis18a/Exoc5/Tuba1c/Mitd1/Exoc6/Wnk1/Ccng1/Opn1mw/Nup43/Haus3/Trim36/Etv5/Dclre1a/Haus4/Rad21/Cdc25c/Pkn2/Senp5/Ncapg2/Zfp207/Tead3/Cdk2/Pdcd6ip/Pds5a/Cecr2/Kif20b/Wdr5/Chmp2b/Cenpf/Lig4/Ssna1/Birc6/Ythdf2/Nek9/Anapc10/Cdc42/Map4/Cks2/Dynlt3/Evi5/Rala/Klhdc8b/Chmp7/Prpf40a/Cdk1/Chmp1b/Spc25/Klhl21/Bora/Ercc6l/Arf6/Svil/Wasl/Mis18bp1/Tipin/Cdc27/Thoc2/Setdb2/Spire2/Pard6g/Mcmbp"
"GOBP_CELLULAR_RESPIRATION",5.18985925959361e-09,5.27940039112452e-06,0.761460801445585,0.449704753007526,2.15899424504696,144,"mt-Atp6/mt-Atp8/Mtfr2/Ccnb1/Ppargc1a/mt-Co3/mt-Nd6/Hccs/mt-Nd5/mt-Co2/Tefm/mt-Co1/mt-Nd2/mt-Nd4/Pum2/Lyrm7/mt-Cytb/Pik3ca/mt-Nd1/Ghitm/Coq10a/Pank2/Adsl/1700066M21Rik/Sucla2/Atp5a1/Uqcrc2/Idh3g/Sdhaf2/Abcc9/Oas1g/Uqcrc1/Slc25a25/Idh2/Ndufb5/Tnf/Cs/Ogdh/Fh1/Dlat/Atp5b/Ndufs2/Mdh1/Pink1/Etfrf1/Oxa1l/Sdhb/Mdh2/Uqcrfs1/Ndufa4/Ndufaf1/Opn3/Snca/Actn3/Nnt/Cdk1"
"GOBP_ENERGY_DERIVATION_BY_OXIDATION_OF_ORGANIC_COMPOUNDS",6.37048862400016e-09,5.27940039112452e-06,0.761460801445585,0.398931058829422,2.0122442629609,207,"mt-Atp6/mt-Atp8/Mtfr2/Ccnb1/Ppargc1a/mt-Co3/mt-Nd6/Rb1cc1/Phka2/Ppp1cb/Hccs/mt-Nd5/Mtor/Tigar/Atg2b/mt-Co2/Tefm/mt-Co1/mt-Nd2/mt-Nd4/Ugp2/Gck/Dyrk2/Pum2/Lyrm7/Phka1/mt-Cytb/Ppp1r1a/Pik3ca/Phkb/mt-Nd1/Ghitm/Acadvl/Coq10a/Pank2/Ppp1r2/Ppp1r3f/Adsl/Gyg/1700066M21Rik/Sucla2/Atp5a1/Igf2/Uqcrc2/Agl/Khk/Idh3g/Sdhaf2/Abcc9/Oas1g/Uqcrc1/Gbe1/Slc25a25/Idh2/Ndufb5/Tnf/Cs/Ogdh/Hmgb1/Fh1/Dlat/Atp5b/Ndufs2/Mdh1/Pink1/Etfrf1/Oxa1l/Sdhb/Il6st/Mdh2/Uqcrfs1/Ndufa4/Ndufaf1/Opn3/Gys1/Snca/Actn3/Nnt/Cdk1/Ppp1r3d/Epm2a"
"GOBP_ORGANELLE_FISSION",6.91247187053947e-09,5.27940039112452e-06,0.761460801445585,0.365910557228208,1.91120998160177,278,"Irgm2/Ccnb2/Mtfr2/Ncapg/Rad1/Fignl1/Uhrf1/Gdap1/Tpx2/Ccnb1/Tmcc1/Mad2l1/Knl1/Cul9/Nuf2/Nusap1/Gen1/Ncaph/Mre11a/Foxj3/Kif15/Cep55/Bcl2l11/Smc4/Top2a/Ucp2/Epgn/Bub1/Ncapd2/Aspm/Ccne2/Ttn/Fbxo5/Clasp2/Kif18a/Prpf4b/Bnip3/Nipbl/Ankle1/Smarca5/Abraxas1/Cdca8/Ube2b/Mki67/Mastl/Dnm1l/Racgap1/Rad54b/Myo19/Apc/Ereg/Abraxas2/Ccdc66/Kif11/Prc1/Mcu/Hsf2bp/Stag2/Mff/Igf2/Tubg2/Dync1li1/Spast/Rrs1/Inf2/Opa1/Cep192/Tnf/Cep97/Pibf1/Rad21/Terb1/Cdc25c/Ncapg2/Zfp207/Pdcd6ip/Tdrd9/Pink1/Kif20b/Psmg2/Chmp2b/Cenpf/Prickle1/Cdc42/Cks2/Dcaf13/Rala/Klhdc8b/Chmp7/Cdk1/Chmp1b/Spc25/Bora/Kdr/Spire2/Kif22/Slc2a8/Cdc20/Il1b/Rb1/Akap8/Nfib/Tgfa/Msx2/Btc/Catsperz/Kpnb1/Cdkn1b/Kif2c/4930550C14Rik/Fmn2/Actr2/Ndel1/Spire1/Actr3"
"GOBP_MITOTIC_CELL_CYCLE_PROCESS",2.73532165067103e-08,1.67128152856e-05,0.73376198835648,0.311602768586616,1.71269982878089,454,"Rhob/Ccnb2/Ncapg/Uhrf1/Tpx2/Ccnb1/Mad2l1/Cul2/Rock2/Knl1/Cul9/Nuf2/Inhba/Nusap1/Ppp2ca/Rnaseh2b/Gen1/Ncaph/Mre11a/Brsk2/Topbp1/Atf2/Tacc2/Kif15/Cep55/Rbl2/Smc4/Exoc3/Atad5/Donson/Epgn/Bub1/Mcph1/Dtl/Ncapd2/Gtpbp4/Slfn9/Ccne2/Mcm6/Ect2/Ttn/Fbxo5/Clasp2/Tfdp1/Wac/Rock1/Rrm2/Mark3/Eif4e/Cep126/Cdc73/Kif18a/Prpf4b/Fhl1/Vrk1/Ckap2/Nipbl/Smarca5/Abraxas1/Cul5/Cdca8/Ccng2/Mki67/Mastl/Hus1/Cdkn1a/Pafah1b1/Taok1/Zfp655/Racgap1/Ckap5/Smc5/Apc/Lsm11/Ereg/Abraxas2/Ccdc66/Kif11/Mrnip/Exoc2/Prc1/Appl1/Cdk6/Ttc19/Rdx/Rrm2b/Stag2/Pbrm1/Igf2/Tubg2/Bcl6/Dync1li1/Mbtps2/Spast/Rrs1/Ccnf/Son/Ccni/Exoc5/Mitd1/Exoc6/Ppp3ca/Wnk1/Ccng1/Ctc1/Cul1/Cep192/Trim36/Tnf/Cep97/Inip/Pibf1/Rad21/Map1s/Cdc25c/Senp2/Ncapg2/Zfp207/Cdk2/Orc1/Pdcd6ip"
"GOBP_GENERATION_OF_PRECURSOR_METABOLITES_AND_ENERGY",5.3491415027308e-08,2.72360454847377e-05,0.719512826338911,0.351107588659009,1.83572744429359,282,"mt-Atp6/Gapdh/Slc4a1/mt-Atp8/Mtfr2/Ccnb1/Ppargc1a/mt-Co3/mt-Nd6/Ppp2ca/Rb1cc1/Phka2/Ppp1cb/Hccs/mt-Nd5/Mtor/Tigar/Atg2b/mt-Co2/Prkaa2/Ucp2/Tefm/Pklr/mt-Co1/mt-Nd2/Fech/mt-Nd4/Prkaa1/Ugp2/Gck/Dyrk2/Pum2/Tyrp1/Pfkfb1/Lyrm7/Phka1/mt-Cytb/Ppp1r1a/Hdac4/Pik3ca/Acat1/Lipa/Phkb/mt-Nd1/Rbpj/Ghitm/Acadvl/Ddit4/Coq10a/Pank2/Ppp1r2/Ppp1r3f/Adsl/Gyg/1700066M21Rik/Sucla2/Atp5a1/Igf2/Vgf/Uqcrc2/Agl/Khk/Idh3g/Sdhaf2/Abcc9/Oas1g/Uqcrc1/Gbe1/Foxk2/Ppara/Slc25a25/Idh2/Ndufb5/Tnf/Cs/Ogdh/Hmgb1/Fh1/Dlat/Atp5b/Ndufs2/Mdh1/Stat3/Pink1/Etfrf1/Oxa1l/Sdhb/Il6st/Mdh2/Uqcrfs1/Ndufa4/Ogt/Ndufaf1/Bpgm/Opn3/Gys1/Snca/Actn3/Fdxr/Nnt"
"GOBP_MITOTIC_SISTER_CHROMATID_SEGREGATION",8.52615936822365e-08,3.72105955284618e-05,0.704975715167238,0.446810494678693,2.11574367287534,129,"Ncapg/Uhrf1/Tpx2/Ccnb1/Mad2l1/Knl1/Nuf2/Nusap1/Gen1/Ncaph/Kif15/Cep55/Smc4/Bub1/Ncapd2/Ttn/Fbxo5/Clasp2/Kif18a/Prpf4b/Nipbl/Smarca5/Abraxas1/Cdca8/Racgap1/Apc/Abraxas2/Ccdc66/Kif11/Prc1/Stag2/Tubg2/Dync1li1/Rrs1/Cep192/Cep97/Pibf1/Rad21/Ncapg2/Zfp207/Pdcd6ip/Psmg2/Chmp2b/Cenpf/Prickle1"
"GOBP_PROTEIN_MATURATION",4.39617390302574e-07,0.000167878890921796,0.674962860011025,-0.368874136157222,-1.75015290072002,335,"Cpz/Nnat/Calr/Cntn2/Serpinh1/Hspa5/Dhcr24/Prcp/Enpep/Spcs2/Fkbp2/Fkbp4/Hyou1/H13/Hsp90b1/Pdia4/Psen2/Klk1b1/P4hb/Lman1/Hid1/Rhbdd1/Aplf/Pigk/Hp/Umod/Cpa3/Cdc123/Engase/Gsn/Pdia3/Sil1/Tfr2/Ace/Ctsz/Lmf1/P3h1/Spcs1/Ppib/Pigz/Mpdu1/Hspa13/Furin/Ahsa2/Casp7/Cma1/Cln3/Fkbp9/Grn/Nudc/Ctsl/Hsp90ab1/Cpd/Tmem98/Klk7/Tspan15/Cd74/Telo2/Il1r2/Ahsa1/Aph1a/Anpep/Fkbp11/Ppil3/Dpm3/Hsph1/Tbcd/Bace2/Selenof/Adamts2/Casp6/Unc45a/Aebp1/Hsp90aa1/Anxa2/Pcsk1n/Ppie/Prnp/Ctss/Ppia/Tesc/Casp3/Chac1/Lman2l/Pigl"
"GOBP_AEROBIC_RESPIRATION",5.07975192930068e-07,0.000172429357155706,0.659444398037935,0.444784298686919,2.0788288449186,121,"mt-Atp6/mt-Atp8/Mtfr2/Ccnb1/mt-Co3/mt-Nd6/mt-Nd5/mt-Co2/Tefm/mt-Co1/mt-Nd2/mt-Nd4/mt-Cytb/mt-Nd1/Ghitm/Pank2/Adsl/1700066M21Rik/Sucla2/Atp5a1/Uqcrc2/Idh3g/Sdhaf2/Uqcrc1/Idh2/Ndufb5/Tnf/Cs/Ogdh/Fh1/Dlat/Atp5b/Ndufs2/Mdh1/Pink1/Etfrf1/Oxa1l/Sdhb/Mdh2/Uqcrfs1/Ndufa4/Ndufaf1/Snca/Actn3/Nnt/Cdk1"
"GOBP_CHROMOSOME_ORGANIZATION",7.11644094445736e-07,0.000205028748575918,0.659444398037935,0.329699241071402,1.74324254811453,309,"Ncapg/Uhrf1/Tpx2/Ccnb1/Pds5b/Mad2l1/Knl1/Nuf2/Nusap1/Gen1/Ncaph/Esco2/Mre11a/Topbp1/Kif15/Cep55/Esco1/Fen1/Smc4/Top2a/Atrx/Bub1/Mcph1/Ncapd2/Rif1/Tnks2/Ccne2/Ttn/Fbxo5/Clasp2/Recql4/Kif18a/Prpf4b/Top1/Oip5/Nipbl/Smarca5/Abraxas1/Cdca8/Pum2/Ube2b/Hmgb2/Hus1/Dcp2/Pogz/Racgap1/Smc5/Apc/Smchd1/Abraxas2/Ccdc66/Kif11/Prc1/Smc6/Sugt1/Stag2/Pbrm1/Tubg2/Ten1/Dync1li1/Rrs1/Xrcc5/Mis18a/Dkc1/Ctc1/Map2k7/Cep192/Cep97/Hmgb1/Ppp2r5c/Pibf1/Rad21/Terb1/Slf2/Ncapg2/Zfp207/Xrn1/Cdk2/Pdcd6ip/Dclre1b/Pds5a/Yy1/Psmg2/Chmp2b/Cenpf/Lig4/Prickle1"
"GOBP_DNA_REPAIR",7.85169041669602e-07,0.000205028748575918,0.659444398037935,0.303825910546095,1.63755716145503,363,"Rad1/Fignl1/Uhrf1/Pds5b/Neil2/Tonsl/Rnaseh2b/Timeless/Ube2n/Gen1/Esco2/Mre11a/Topbp1/Fen1/Aste1/Tigar/Shprh/Dek/Atrx/Ppp4r3a/Parg/Cdc5l/Taf5l/Dtl/Vcpip1/Rfc4/Rif1/Mcm6/Mcm5/Rev1/Supt7l/Setx/Zranb3/Recql4/Eya1/Psme4/Nipbl/Ankle1/Smarca5/Rnf168/Abraxas1/Trex2/Ap5z1/Zbtb1/Ube2b/Hmgb2/Hus1/Pogz/Taok1/Rad54b/Smc5/Smchd1/Mrnip/Smc6/Atrip/Rrm2b/Hsf2bp/Ube2d3/Pbrm1/Cebpg/Ercc8/Jmy/Dhx9/Kat7/Xrcc5/Mgme1/Zswim7/Fanci/Nucks1/Dtx3l/Ascc3/Sumo1/Hmgb1/Fh1/Dclre1a/Inip/Mms22l/Parp4/Rad21/Spidr/Ung/Csnk2a1/Terb1/Slf2/Atxn7l3/Gtf2h2/Rev3l/Asf1a/Cdk2/Atxn7/Dclre1b/Gins4/Pds5a/Peli1/Yy1/Faap24/Ercc6/Bach1/Usp10/Ccdc117/Lig4/Huwe1/Fan1/Trip12/Chaf1b/Nudt1/Taf4/Pnkp/Eya4/Emsy/Klhl15/Smarcad1/Pot1a/Cdk1/Meaf6/Rhno1/Ercc6l/Smug1/Slc30a9/Ercc5/Usp3/Spire2/Rad9a/Kif22/Fbxo6/Rad52/Ube2v2"
"GOBP_POSITIVE_REGULATION_OF_CELL_CYCLE_PROCESS",8.15039973748938e-07,0.000205028748575918,0.659444398037935,0.408871786147004,1.98636364114946,153,"Ncapg/Ccnb1/Mad2l1/E2f8/Rock2/Knl1/Nusap1/Gen1/Ncaph/Fen1/Smc4/Atad5/Atrx/Epgn/Bub1/Dtl/Ncapd2/Ccne2/Ect2/Fbxo5/Tfdp1/Rrm2/Cdc73/Cspp1/Cdca8/Ube2b/Racgap1/Smc5/Lsm11/Ereg/Smc6/Trp63/Rdx/Rrm2b/Igf2/Dync1li1/Spast/Wnk1/Opn1mw/Med1/Tnf/Rad21/Slf2/Cdc25c/Pkn2/Ncapg2/Tbx2/Kif20b/Sin3a/Cdc42/Cdk1/Rhno1/Arf6/Svil/Ddr2/Plcg2/Cdc20/Ankrd17/Il1b/Rb1/Nudt16/Tgfa/Msx2/Btc/Ezh2/Ddx3x"
"GOBP_REGULATION_OF_CELL_CYCLE_PROCESS",8.72462759897521e-07,0.000205028748575918,0.659444398037935,0.295768347777831,1.61715275016028,430,"Ncapg/Rad1/Tpx2/Ccnb1/Mad2l1/E2f8/Rock2/Knl1/Cul9/Nuf2/Inhba/Nusap1/Ppp2ca/Rnaseh2b/Timeless/Gen1/Ncaph/Mre11a/Tiprl/Topbp1/Atf2/Ahctf1/Rbl2/2610528A11Rik/Fen1/Smc4/Atad5/Donson/Atrx/Epgn/Bub1/Cdc5l/Mcph1/Dtl/Ncapd2/Gtpbp4/Slfn9/Ccne2/Ect2/Fbxo5/Xpo1/Tfdp1/Wac/Rrm2/Mark3/Chordc1/Tcim/Cdc73/Prpf4b/Fhl1/H2-Q7/Smarca5/Cspp1/Abraxas1/Cdca8/Pum2/Ube2b/Mki67/Klhl9/Hus1/Cdkn1a/Taok1/Zfp655/Racgap1/Myo19/Smc5/Apc/Lsm11/Ereg/Sh3glb1/Ccdc66/Kif11/Mrnip/Poc5/Prc1/Appl1/Cdk6/Smc6/Trp63/Atrip/Rdx/Rrm2b/Ccnl1/Pbrm1/Igf2/Bcl6/Dync1li1/Mbtps2/Spast/Cep76/Ccnf/Wnk1/Opn1mw/Ctc1/Med1/Dtx3l/Tnf/Cep97/Inip/Rad21/Csnk2a1/Slf2/Cdc25c/Pkn2/Senp2/Ncapg2/Zfp207/Cdk2/Orc1/Pdcd6ip/Tbx2/Kif20b/Psmg2/Ercc6/Chmp2b/Cenpf/Sin3a/Birc6/Ythdf2/Cdc42/Prox1/Ppp2r5b/Chmp7/Wdr76/Prpf40a/Mdm1/Cdk1/Chmp1b/Spc25/Klhl21/Fbxo31/Rhno1/Bora/Atp2b4/Arf6/Svil/Tipin/Ddr2/Cdc27/Mlf1/Rad9a/Fbxo6/Plcg2/Clock/Cdc20/Zfp830/Ankrd17/Parp9/Foxo4/Il1b/Rb1/Nudt16/Rrp8/Tgfa/Msx2/Btc/Dpf2/Ezh2/Cdkn1b/Ddx3x"
"GOBP_CHROMOSOME_SEGREGATION",1.13015253203101e-06,0.000238204283631489,0.643551836150722,0.342944695145924,1.77413542800977,246,"Ccnb2/Ncapg/Uhrf1/Tpx2/Ccnb1/Mad2l1/Knl1/Nuf2/Nusap1/Gen1/Ncaph/Esco2/Mre11a/Kif15/Cep55/Haus6/Smc4/Top2a/Bub1/Cenpl/Ncapd2/Aspm/Ccne2/Ect2/Ttn/Fbxo5/Clasp2/Kif18a/Prpf4b/Top1/Oip5/Nipbl/Smarca5/Abraxas1/Cdca8/Pum2/Ube2b/Mki67/Racgap1/Smc5/Apc/Abraxas2/Ccdc66/Kif11/Prc1/Smc6/Stag2/Pbrm1/Tubg2/Dync1li1/Rrs1/Mis18a/Ttl/Stard9/Nup43/Cep192/Haus3/Cep97/Pibf1/Haus4/Rad21/Csnk2a1/Terb1/Map1s/Ncapg2/Zfp207/Pdcd6ip/Psmg2/Chmp2b/Cenpf/Prickle1/Cdc42/Dcaf13/Klhdc8b/Chmp7/Smarcad1/Cdk1/Chmp1b/Spc25/Cdc27/Srpk1/Setdb2/Cenpp/Diaph3/Kif22/Cdc20/Rb1/Akap8/Dpf2/Kpnb1/Ddx3x/Kif2c/Fmn2/Actr2/Ndel1/Actr3"
"GOBP_MITOTIC_NUCLEAR_DIVISION",1.1695791340335e-06,0.000238204283631489,0.643551836150722,0.383311820832768,1.90326354648993,179,"Ncapg/Uhrf1/Tpx2/Ccnb1/Mad2l1/Knl1/Cul9/Nuf2/Nusap1/Gen1/Ncaph/Kif15/Cep55/Smc4/Epgn/Bub1/Ncapd2/Ttn/Fbxo5/Clasp2/Kif18a/Prpf4b/Nipbl/Smarca5/Abraxas1/Cdca8/Mki67/Racgap1/Apc/Ereg/Abraxas2/Ccdc66/Kif11/Prc1/Stag2/Igf2/Tubg2/Dync1li1/Spast/Rrs1/Cep192/Tnf/Cep97/Pibf1/Rad21/Cdc25c/Ncapg2/Zfp207/Pdcd6ip/Kif20b/Psmg2/Chmp2b/Cenpf/Prickle1/Cdc42/Klhdc8b/Chmp7/Cdk1/Chmp1b/Spc25/Bora/Kif22/Cdc20/Il1b/Rb1/Akap8/Nfib/Tgfa/Btc/Kpnb1/Cdkn1b/Kif2c"
"GOBP_NUCLEAR_CHROMOSOME_SEGREGATION",1.48668956507969e-06,0.000283864788832404,0.643551836150722,0.37231819244914,1.85621418719497,186,"Ccnb2/Ncapg/Uhrf1/Tpx2/Ccnb1/Mad2l1/Knl1/Nuf2/Nusap1/Gen1/Ncaph/Mre11a/Kif15/Cep55/Smc4/Top2a/Bub1/Ncapd2/Aspm/Ccne2/Ect2/Ttn/Fbxo5/Clasp2/Kif18a/Prpf4b/Nipbl/Smarca5/Abraxas1/Cdca8/Ube2b/Racgap1/Apc/Abraxas2/Ccdc66/Kif11/Prc1/Stag2/Pbrm1/Tubg2/Dync1li1/Rrs1/Ttl/Cep192/Cep97/Pibf1/Rad21/Terb1/Map1s/Ncapg2/Zfp207/Pdcd6ip/Psmg2/Chmp2b/Cenpf/Prickle1/Cdc42/Dcaf13/Klhdc8b/Chmp7/Cdk1/Chmp1b/Spc25"
"GOBP_CHROMATIN_ORGANIZATION",1.757790645487e-06,0.000315885318938988,0.643551836150722,0.284465314212559,1.55408269403506,429,"Pcgf6/Lmnb2/Uhrf1/Klf2/Hells/Tonsl/Nfe2/Mre11a/Pcgf5/Topbp1/Atf2/Rbl2/Shprh/Ubn2/Dek/Prkaa2/Top2a/Atrx/Bub1/Kdm6a/Rif1/Slfn9/Wac/Rcor1/Fgf2/Top1/Ttf1/Bmi1/Prkaa1/Oip5/Eya1/Vrk1/Mier1/Pphln1/Psme4/Mtf2/Jak2/Nipbl/Smarca5/Usp15/Rnf168/Abraxas1/Zbtb1/Ube2b/Mki67/Lbr/Anp32e/Hmgb2/Set/Hdac4/Smc5/Pcgf3/Yeats2/Pik3ca/Rnf2/Eed/Iws1/Lsm11/Smchd1/Grwd1/Per1/Rlim/Smarca1/Smc6/Trp63/Gatad2b/Npm3/Myd88/Jmjd1c/Kdm3a/Noc2l/Pbrm1/Igf2/Bcl6/Phf20/Dhx9/Anp32b/Kat7/Mis18a/Lin54/Nucks1/Dtx3l/Tet2/Rtf1/Sf3b1/Spin1/Dnajc2/Hmgb1/Mms22l/Rybp/Rad21/Nfat5/Slf2/Atxn7l3/Gtf3c4/Uhrf2/Chtop/Asf1a/Ncapg2/Mecp2/Cdk2/Tdrd9/Cecr2/Rbbp5/Uty/Yy1/Asf1b/Ercc6/Atad2b/Wdr5/Mettl4/Smyd1/Dyrk1a/Ythdc1/Sin3a/Huwe1/Trip12/Chaf1b/Ogt/Dcaf13/Arid4b/Hdac2/Eya4/Brd3/Emsy/Smarcad1/Rbm15b/Cdk1/Meaf6/Rhno1/Ezh1/Znfx1/Srpk1/Setdb2/Usp3/Rnf20/Pwp1/Cenpp/Baz1a/Clock/Asxl1/Ncoa1/Rb1/Nsmce4a/Pwwp2a"
"GOBP_SISTER_CHROMATID_SEGREGATION",1.91026077186427e-06,0.000324213703224741,0.627256739718528,0.402040947721173,1.94551121883382,150,"Ncapg/Uhrf1/Tpx2/Ccnb1/Mad2l1/Knl1/Nuf2/Nusap1/Gen1/Ncaph/Kif15/Cep55/Smc4/Top2a/Bub1/Ncapd2/Ttn/Fbxo5/Clasp2/Kif18a/Prpf4b/Nipbl/Smarca5/Abraxas1/Cdca8/Racgap1/Apc/Abraxas2/Ccdc66/Kif11/Prc1/Stag2/Pbrm1/Tubg2/Dync1li1/Rrs1/Cep192/Cep97/Pibf1/Rad21/Ncapg2/Zfp207/Pdcd6ip/Psmg2/Chmp2b/Cenpf/Prickle1"
"GOBP_DNA_REPLICATION",2.30706223909349e-06,0.000367928289714818,0.627256739718528,0.386454088491396,1.90266100998719,169,"E2f8/Tonsl/Timeless/Gen1/Esco2/Mre11a/Topbp1/Esco1/Fen1/Atad5/Donson/Atrx/Tefm/Dtl/Rfc4/Gtpbp4/Slfn9/Ccne2/Mcm6/Fbxo5/Mcm5/Rev1/Rbms1/Zranb3/Recql4/Top1/Atf1/Ttf1/Smarca5/Set/Cdkn1a/Noc3l/Ereg/Grwd1/Rrm2b/Pole4/Bcl6/Orc6/Dhx9/Kat7/Mgme1/Nucks1/Ctc1/Dnajc2/Mms22l/Senp2/Rev3l/Asf1a/Cdk2/Orc1/Gins4/Pds5a/Yy1/Mettl4/Rbbp6/Sin3a/Cacybp/Polrmt"
"GOBP_DNA_RECOMBINATION",2.40869584101354e-06,0.000367928289714818,0.627256739718528,0.368438707313225,1.8252712272055,177,"Kpna2/Fignl1/Uhrf1/Tbx21/Tonsl/Timeless/Ube2n/Gen1/Mre11a/Topbp1/Fen1/Aste1/Top2a/Atad5/Tfrc/Rif1/Tnfsf4/Mcm6/Mcm5/Kpna1/Setx/Recql4/Nipbl/Ankle1/Rnf168/Ap5z1/Ube2b/Supv3l1/Hmgb2/Hus1/Pogz/Rad54b/Smc5/Smchd1/Mrnip/Smc6/Bcl11b/Hsf2bp/Bcl6/Xrcc5/Zswim7/Nucks1/Hmgb1/Inip/Mms22l/Rad21/Spidr/Ung/Csnk2a1/Terb1/Slf2/Rev3l/Gins4/Peli1/Ptprc/Yy1/Ercc6/Lig4"
"GOBP_GLYCOPROTEIN_METABOLIC_PROCESS",3.19948789174005e-06,0.000465449309965041,0.627256739718528,-0.403622007456164,-1.84104988247163,224,"B3galt5/Gcnt1/Gcnt4/Rpn1/Sulf2/Slc35c2/Edem2/Serp1/Cytl1/Stt3a/Engase/Tmem258/Hexb/Lmf1/Gmppb/Gfpt1/St3gal4/Ust/Ddost/Ost4/Mpdu1/Krtcap2/Pomk/Gnptg/Pxylp1/Gusb/Chpf2/Hexa/Jak3/Dpagt1/Dolk/Rpn2/Ctsl/Rnf5/Alg5/Itm2c/Cela1/Rnf185/Tcf7l2/Dpm3/Mgat4b/St6galnac5/Stt3b/Slc34a1/Ext2/Rft1/Gxylt2/Galnt12/Bace2/Dhdds/Pomt1/B3galt2/Itm2b/Plod1/Edem1/Tmem59/Sgsh/B4galt7/Hs3st6/Prkcsh/Tmem106a/Chst12/Cog3/Pgm3/Alg1/Chpf/Alg11/Syvn1/Mgat2/B4galt2/Slc2a10/Alg8/Ednra/Tmem165/Adamts12/Ext1/Mgat3/Chst4/Man2a1/Man2b1/Fbxo44/Hyal1/Chst14/B3gat3/Galnt4/Alg3/Aatf/Tnip1/St6gal1"
"GOBP_GLYCOSYLATION",4.39641482497248e-06,0.000610502149558678,0.610526878385931,-0.436990108509175,-1.87482725677885,139,"B3galt5/Gcnt1/Gcnt4/Rpn1/Slc35c2/Serp1/Stt3a/Tmem258/Nans/Lmf1/Gmppb/Gfpt1/St3gal4/Ddost/Ost4/Mpdu1/Krtcap2/Pomk/Dpagt1/Dolk/Rpn2/Alg5/Dpm3/Mgat4b/St6galnac5/Stt3b/Ext2/Rft1/Gxylt2/Galnt12/Dhdds/Pomt1/B3galt2/Plod1/Tmem59/B4galt7/Cog3/Pgm3/Alg1/Alg11/Mgat2/B4galt2/Alg8/Tmem165/Ext1/Gba/Mgat3/A3galt2/Chst4/Man2a1/B3gat3/Galnt4/Alg3/B4galnt1/St6gal1/Man1a/Cog6/Alg6/Fut1/B3gnt9/Dpy19l3/Slc35c1/Edem3/Galnt5"
"GOBP_OXIDATIVE_PHOSPHORYLATION",5.18372471857214e-06,0.000688533870227735,0.610526878385931,0.444511671032637,1.99234807163,93,"mt-Atp6/mt-Atp8/Ccnb1/mt-Co3/mt-Nd6/mt-Nd5/mt-Co2/Tefm/mt-Co1/mt-Nd2/mt-Nd4/mt-Cytb/mt-Nd1/Ghitm/1700066M21Rik/Atp5a1/Uqcrc2/Sdhaf2/Uqcrc1/Ndufb5/Tnf/Atp5b/Ndufs2/Pink1/Etfrf1/Sdhb/Uqcrfs1/Ndufa4/Ndufaf1/Snca/Actn3/Cdk1"
"GOBP_AMIDE_METABOLIC_PROCESS",6.55874931180176e-06,0.000834874131148099,0.610526878385931,-0.368863903144538,-1.71551974062465,267,"Fa2h/Folr1/Far2/Prcp/Hmgcs1/Acsl5/Tmed10/Enpep/Degs2/Aass/Ormdl3/Mthfd2/Asns/Fasn/Acsm3/Psen2/Elovl4/Aldob/Acsm2/Acot12/P4hb/Ldlr/Hmgcr/Hid1/Nnmt/Fpgs/Ugt8a/Cpa3/Slc1a1/Ace/Ctsz/Cers2/Hexb/Nans/Hsd17b12/Asah2/Gstm2/Gsto2/Smpd2/Efna1/Furin/Cma1/Mvd/Hexa/Ctsl/Apeh/Ggt5/Sptlc1/Mccc2/Aph1a/Anpep/St6galnac5/Ass1/Asah1/Ormdl2/Paqr4/Bace2/Neu1/B3galt2/Pm20d1/Gnpda1/Asl/Mccc1/Hacd1/Acot7/Pcsk1n/Prnp/Chrna7/Cers5/Casp3/Slc25a16/Chac1/Sorl1/Elovl7/Gsta3/Acaca/Gstm4/Mecr/Ifngr1/Amdhd2/Gba/Mgat3/Acly/Smpdl3a/Arg2/Hlcs/Ppt1/Abhd4/Pcsk4/Gm2a/P2rx1/Aph1c/Smpdl3b/Pnp2/B4galnt1/Far1"
"GOBP_RESPONSE_TO_ENDOPLASMIC_RETICULUM_STRESS",1.099083460652e-05,0.00130931237377062,0.593325476396405,-0.408069137139899,-1.80672760007472,174,"Calr/Hspa5/Bhlha15/Cdk5rap3/Selenon/Hyou1/Manf/Edem2/H13/Serp1/Hsp90b1/Pdia4/P4hb/Xbp1/Ddrgk1/Agr2/Rhbdd1/Uba5/Umod/Pdia3/Tmem258/Ppp1r15a/Srpx/Os9/Cftr/Tmbim6/Selenos/Rhbdd2/Derl1/Rnf5/Cth/Rnf185/App/Sgf29/Stt3b/Rcn3/Ubxn6/Scamp5/Sec61b/Bbc3/Creb3/Ubxn10/Derl2/Atp2a3/Edem1/Trib3/Eif2ak3/Chac1/Pik3r1/Tmbim4/Tmub1/Get4/Gorasp2/Syvn1/Bcap31/Rpap2/Tmem259/Grina/Rnft2/Creb3l1/Parp8/Bak1/Erlec1/Fbxo44/Mbtps1/Canx/Pml/Man1a/Fut1/Txndc12/Herpud1/Jagn1/Vcp/Edem3/Sec16a/Tmub2"
"GOBP_ENDOPLASMIC_RETICULUM_TO_GOLGI_VESICLE_MEDIATED_TRANSPORT",1.15500510251864e-05,0.00130931237377062,0.593325476396405,-0.518998382396882,-2.02054571661475,74,"Insig1/Tmed10/Hyou1/Tmed9/Rint1/Ergic1/P4hb/Lman1/Trappc3/Tmed3/Scfd1/Surf4/Stx18/Tbc1d20/Lmf1/Ykt6/Yipf6/Sec16b/Cope/Preb/Arcn1/Bet1/Arf4/Trappc11/Sec13/Cog3/Lman2l/Sorl1/Copa/Lman1l/Bcap31"
"GOBP_ORGANIC_ACID_BIOSYNTHETIC_PROCESS",1.15716641871708e-05,0.00130931237377062,0.593325476396405,-0.401736648075335,-1.77388995117016,171,"Fa2h/Nr1d1/Scd1/Insig1/Cbs/Cdo1/Fads3/Mthfd2/Asns/Thnsl2/Scd2/Fasn/Acsm3/Elovl4/Acsm2/Pycr1/Aldh18a1/Alox8/Xbp1/Pah/Nans/Hsd17b12/Phgdh/Asah2/Gstm2/Ces1d/Fads1/Bcat2/Sirt2/Cln3/Acox2/Pecr/Ptgis/Abat/Osbpl2/Ggt5/Cd74/Cth/Akr1c18/Rbp1/Ass1/Oat/Abcd2/Slc38a1/Dpyd/Trib3/Cbr1/Asl/Hacd1/Acot7/Hacd4/Aldh8a1/Fgfr4"
"GOBP_CHROMOSOME_SEPARATION",1.23944355088755e-05,0.00135232144570053,0.593325476396405,0.514939102318242,2.08887006181519,56,"Ncapg/Ccnb1/Mad2l1/Knl1/Nuf2/Gen1/Ncaph/Smc4/Bub1/Ncapd2/Fbxo5/Prpf4b/Cdca8/Apc/Dync1li1/Rad21/Csnk2a1/Ncapg2/Zfp207/Psmg2/Cenpf"
"GOBP_DNA_TEMPLATED_DNA_REPLICATION",1.33675510464064e-05,0.0014082023602335,0.593325476396405,0.441132250987584,1.98858643267136,97,"E2f8/Tonsl/Timeless/Gen1/Mre11a/Topbp1/Fen1/Atad5/Donson/Atrx/Tefm/Rfc4/Slfn9/Ccne2/Mcm6/Fbxo5/Mcm5/Zranb3/Noc3l/Rrm2b/Pole4/Bcl6/Orc6/Kat7/Mgme1/Nucks1/Mms22l/Senp2/Rev3l/Asf1a/Cdk2/Orc1/Gins4"
"GOBP_MITOTIC_CHROMOSOME_CONDENSATION",1.46234889508801e-05,0.00148915862483129,0.593325476396405,0.78531718196933,2.30809984558919,15,"Ncapg/Nusap1/Ncaph/Smc4/Ncapd2/Ttn/Smarca5"
"GOBP_MRNA_METABOLIC_PROCESS",1.530904626469e-05,0.00150868181737509,0.575610261071129,0.274059103449779,1.50472732809409,440,"Ccnb1/Ppargc1a/Fastkd1/Rock2/Celf1/Srsf10/Ythdf3/Eri1/Hipk3/Cnot6l/Atf2/Cpsf7/Mbnl2/Noct/Rbfox1/Epas1/Cdc5l/Cnot11/Cnot9/Dhx35/Luc7l2/Rock1/Creb1/Rbmxl1/Zfp326/Gdnf/Setx/Cstf2t/Lsm2/Ncbp1/Cdc73/Prpf4b/Mbnl1/Ptbp3/Tbrg4/Larp4b/Pus7/Celf3/Mettl16/Pum2/Zbtb1/Aar2/Supv3l1/Csde1/Dcp2/Angel2/Aff2/Ptbp2/Frg1/Iws1/Sf3a1/Lsm11/Elavl4/Ereg/Cnot7/Ppil1/Rbm39/Ddx46/Hnrnpll/Usp39/Clasrp/Myd88/Fxr1/Ivns1abp/Ago2/Exosc2/Cebpg/Cmtr2/Elavl1/Mfap1a/Tra2a/Sugp2/Rbm25/Dhx9/Son/Grsf1/Samd4/Rbm20/Dkc1/Tnrc6b/Med1/Mtpap/Rbm5/Fastkd5/Smn1/Prpf38b/Cpsf6/Sf3b1/Mbnl3/Rnpc3/Zc3h13/Srek1/Scaf11/Cwf19l1/Cpsf2/Tia1/Pde12/Tbp/Etf1/Crnkl1/Trmt10c/Xrn1/Rbm22/Cacng7/Stat3/Exosc8/Prpf18/Zc3h14/Tent5a/Thoc1/Rbbp6/Dyrk1a/Ythdc1/Cnot6/Ythdf2/Habp4/Luc7l/Zc3hav1/Taf4/Zcrb1/Smg5/Taf8/Prpf40a/Dxo/Ireb2/Rbm15b/Strap/Thoc7/Srsf7/Sf3b4/Snrnp27/Ybx3/Rnh1/Srpk1/Thoc2/Traf5"
"GOBP_CHROMOSOME_CONDENSATION",1.97844255246716e-05,0.00188879437430849,0.575610261071129,0.664208916351575,2.22897862405926,25,"Ncapg/Ccnb1/Nusap1/Ncaph/Smc4/Top2a/Mcph1/Ncapd2/Ttn/Smarca5/Smc5"
"GOBP_RESPONSE_TO_TOPOLOGICALLY_INCORRECT_PROTEIN",2.23989938261899e-05,0.00207360382239424,0.575610261071129,-0.466921514181065,-1.91679992132237,102,"Serpinh1/Hspa5/Bhlha15/Cdk5rap3/Manf/Edem2/Serp1/Xbp1/Ddrgk1/Agr2/Rhbdd1/Umod/Ppp1r15a/Os9/Tmbim6/Selenos/Tram1/Rhbdd2/Derl1/Hsp90ab1/Cth/Hspb3/Hsph1/Stt3b/Bbc3/Creb3/Derl2/Edem1/Hsp90aa1/Eif2ak3/Chac1/Pik3r1/Tmbim4/Gorasp2/Rpap2/Creb3l1/Parp8/Dnajc4/Bak1/Erlec1"
"GOBP_GLYCOPROTEIN_BIOSYNTHETIC_PROCESS",2.38685010518198e-05,0.00214465502097969,0.575610261071129,-0.400720378529628,-1.77872311281409,178,"B3galt5/Gcnt1/Gcnt4/Rpn1/Slc35c2/Serp1/Cytl1/Stt3a/Tmem258/Lmf1/Gmppb/Gfpt1/St3gal4/Ust/Ddost/Ost4/Mpdu1/Krtcap2/Pomk/Pxylp1/Chpf2/Jak3/Dpagt1/Dolk/Rpn2/Alg5/Itm2c/Tcf7l2/Dpm3/Mgat4b/St6galnac5/Stt3b/Ext2/Rft1/Gxylt2/Galnt12/Bace2/Dhdds/Pomt1/B3galt2/Itm2b/Plod1/Tmem59/B4galt7/Hs3st6/Tmem106a/Chst12/Cog3/Pgm3/Alg1/Chpf/Alg11/Mgat2/B4galt2/Slc2a10/Alg8/Tmem165/Ext1/Mgat3/Chst4/Man2a1/Chst14/B3gat3/Galnt4/Alg3/Aatf/Tnip1/St6gal1/Man1a/Alg6/Ndst2/Fut1/B3gnt9/Dpy19l3/Edem3/Golph3/Galnt5"
"GOBP_PROTEIN_N_LINKED_GLYCOSYLATION",2.9592288284387e-05,0.00258298402025149,0.575610261071129,-0.584574625361116,-2.04458765068615,43,"Rpn1/Stt3a/Tmem258/Gfpt1/Ddost/Ost4/Mpdu1/Krtcap2/Dpagt1/Dolk/Rpn2/Alg5/Mgat4b/Stt3b/Ext2/Rft1/Dhdds/B4galt7/Pgm3/Alg1/Alg11/Mgat2/Alg8/Tmem165/Mgat3/Alg3/St6gal1/Alg6"
"GOBP_PROTEIN_EXIT_FROM_ENDOPLASMIC_RETICULUM",3.34077076167934e-05,0.00283501518803621,0.557332238758646,-0.620249166133396,-2.07148387988948,34,"Insig1/Tmed9/Edem2/H13/Hsp90b1/Lman1/Rhbdd1/Surf4/Os9/Selenos/Sec16b/Derl1/Sec61b/Derl2/Edem1/Sec13/Sorl1/Syvn1/Bcap31/Erlec1/Mia2/Tmem30b/Herpud1/Vcp/Sec16a"
"GOBP_CHROMATIN_REMODELING",4.1845311298953e-05,0.0034550655680622,0.557332238758646,0.292563987221347,1.55891368514462,324,"Pcgf6/Lmnb2/Uhrf1/Klf2/Hells/Nfe2/Mre11a/Pcgf5/Atf2/Shprh/Dek/Prkaa2/Atrx/Bub1/Kdm6a/Rif1/Slfn9/Wac/Top1/Ttf1/Bmi1/Prkaa1/Oip5/Eya1/Vrk1/Mier1/Pphln1/Mtf2/Jak2/Nipbl/Smarca5/Usp15/Rnf168/Zbtb1/Lbr/Hmgb2/Set/Hdac4/Pcgf3/Yeats2/Pik3ca/Rnf2/Eed/Iws1/Smchd1/Grwd1/Per1/Rlim/Smarca1/Trp63/Gatad2b/Npm3/Myd88/Jmjd1c/Kdm3a/Noc2l/Pbrm1/Igf2/Bcl6/Anp32b/Kat7/Mis18a/Lin54/Dtx3l/Tet2/Sf3b1/Spin1/Hmgb1/Rybp/Nfat5/Gtf3c4/Uhrf2/Chtop/Asf1a/Mecp2/Cdk2/Tdrd9/Cecr2/Rbbp5/Uty/Yy1/Asf1b/Ercc6/Atad2b/Wdr5/Mettl4/Smyd1/Dyrk1a/Ythdc1/Sin3a/Huwe1/Trip12/Chaf1b/Dcaf13/Arid4b/Hdac2/Brd3/Smarcad1/Rbm15b/Cdk1/Meaf6/Ezh1/Znfx1/Setdb2/Usp3/Rnf20/Cenpp/Baz1a/Clock"
"GOBP_PROTEIN_N_LINKED_GLYCOSYLATION_VIA_ASPARAGINE",4.38004011877902e-05,0.00352132172707103,0.557332238758646,-0.657343022907812,-2.08837888114399,27,"Rpn1/Stt3a/Ddost/Ost4/Mpdu1/Krtcap2/Dpagt1/Dolk/Alg5/Stt3b/Rft1/Dhdds/Alg1/Alg11/Mgat2/Alg8/Alg3/St6gal1/Alg6"
"GOBP_ORGANIC_ACID_METABOLIC_PROCESS",4.97878742011271e-05,0.00390005014575496,0.557332238758646,-0.312696220529118,-1.52991361900167,487,"Fa2h/Folr1/Lipf/Nr1d1/Sardh/Fbp1/Scd1/Insig1/Cbs/Cdo1/Pcx/Acsl5/Fads3/Selenon/Aass/Mthfd2/Slc27a4/Lpo/Pnpla3/Asns/Thnsl2/Scd2/Fasn/Dbi/Acsm3/Fah/Elovl4/Galk1/Aldob/Acsm2/Adipoq/Acot12/Prkar2b/Pycr1/P4hb/Aldh18a1/Bdh2/Alox8/Xbp1/Fpgs/Slc27a3/Slc4a4/Nadsyn1/Pah/Ghr/Faah/Echdc1/Nans/Hsd17b12/Pex2/Phgdh/Clstn3/Acbd4/Asah2/Acaa1a/Gstm2/Ces1d/Tph2/Gsto2/Fads1/Bcat2/Sirt2/N6amt1/Atp6v1b1/Cln3/Acox2/Pecr/Pon3/Comt/Cryl1/C3/Ptgis/Jmjd8/Abat/Osbpl2/Ggt5/Cyp2a5/Gpt2/Cd74/Cth/Mccc2/Akr1c18/App/Ndufs6/Rbp1/Ass1/Asah1/Cyp2f2/Slc34a1/Akr1a1/Aldh3a2/Oat/Pfkfb3/Ephx1/Bphl/Cpt1b/Abcd2/Slc38a1/Pm20d1/Abhd14b/Dpyd/Kyat3/Cygb/Gnpda1/Trib3/Cbr1/Asl/Mccc1/Azin2/Scpep1/Hacd1/Acot7/Hacd4/Pdxdc1/Slc25a16/Aldh8a1/Hacl1/Fgfr4/Sult1c1/Tst/Lypla2"
"GOBP_INTERMEDIATE_FILAMENT_ORGANIZATION",5.85918026666711e-05,0.004474948928667,0.557332238758646,-0.580544765705742,-1.99140493616656,39,"Krt79/Krt25/Krt27/Krt75/Agfg2/Krt10/Pkp2/Krt7/Krt20"
"GOBP_POSITIVE_REGULATION_OF_CELL_CYCLE",6.1120282838026e-05,0.00455420644073584,0.538434096309916,0.334014579933211,1.67276138204696,189,"Ncapg/Ccnb1/Mad2l1/E2f8/Rock2/Knl1/Nusap1/Gen1/Ncaph/Fen1/Bcl2l11/Smc4/Atad5/Atrx/Epgn/Bub1/Dtl/Ncapd2/Ccne2/Ect2/Fbxo5/Tfdp1/Rrm2/Eif4e/Cdc73/Cspp1/Cdca8/Ube2b/Pafah1b1/Racgap1/Smc5/Lsm11/Ereg/Smc6/Trp63/Rdx/Rrm2b/Igf2/Dync1li1/Spast/Ttl/Wnk1/Opn1mw/Med1/Tnf/Rad21/Slf2/Cdc25c/Pkn2/Ncapg2/Tbx2/Kif20b/Sin3a/Cdc42/Dynlt3/Prox1/Cdk1/Rhno1/Arf6/Svil/Ddr2/Plcg2/Cdc20/Ankrd17/Il1b/Rb1/Nudt16/Tgfa/Msx2/Btc/Ezh2/Ddx3x"
"GOBP_NEGATIVE_REGULATION_OF_NUCLEAR_DIVISION",6.6494965793846e-05,0.00483043416295009,0.538434096309916,0.542326943923689,2.04555101935343,41,"Rad1/Ccnb1/Mad2l1/Knl1/Nuf2/Gen1/Bub1/Fbxo5/Prpf4b/Cdca8/Apc/Dync1li1/Rad21/Zfp207/Psmg2/Cenpf"
"GOBP_CELLULAR_RESPONSE_TO_UNFOLDED_PROTEIN",6.79897443557623e-05,0.00483043416295009,0.538434096309916,-0.495220693507613,-1.91346173973636,71,"Hspa5/Bhlha15/Cdk5rap3/Manf/Edem2/Serp1/Xbp1/Ddrgk1/Agr2/Rhbdd1/Umod/Ppp1r15a/Os9/Tmbim6/Selenos/Rhbdd2/Derl1/Cth/Bbc3/Creb3/Derl2/Eif2ak3/Pik3r1/Tmbim4/Rpap2/Creb3l1/Parp8/Bak1/Erlec1/Mbtps1"
"GOBP_REGULATION_OF_DNA_METABOLIC_PROCESS",7.13922617430063e-05,0.00495689453692919,0.538434096309916,0.293336401020648,1.53938746274404,289,"Kpna2/Fignl1/E2f8/Tbx21/Timeless/Ube2n/Esco2/Mre11a/Esco1/Tigar/Dek/Atad5/Atrx/Ppp4r3a/Parg/Taf5l/Tfrc/Rfc4/Rif1/Gtpbp4/Slfn9/Tnfsf4/Tnks2/Mcm6/Fbxo5/Mcm5/Tfdp1/Kpna1/Supt7l/Fgf2/Atf1/Ttf1/Eya1/Ankle1/Smarca5/Rnf168/Abraxas1/Ube2b/Dcp2/Cdkn1a/Smc5/Ereg/Smchd1/Mrnip/Smc6/Atrip/Pbrm1/Cebpg/Ercc8/Bcl6/Ten1/Dhx9/Kat7/Xrcc5/Dkc1/Nucks1/Ctc1/Map2k7/Tnf/Dnajc2/Hmgb1/Fh1/Spidr/Csnk2a1/Slf2/Atxn7l3/Senp2/Xrn1/Cdk2/Atxn7/Pds5a/Dffa/Peli1/Ankrd1/Ptprc/Yy1/Ercc6/Mettl4/Rbbp6/Ccdc117"
"GOBP_COLLAGEN_FIBRIL_ORGANIZATION",7.47772697479417e-05,0.00507654575733249,0.538434096309916,-0.550088577836446,-1.9617198878986,47,"Serpinh1/Selenon/Col5a3/Col3a1/Foxc1/Lox/Sfrp2/Dpt/P3h1/Col5a1/Col1a1/Pxdn/Adamts2/Plod1/Loxl2/Foxc2/Aebp1/Adamts19/Anxa2/Col1a2/Adamts12/Ext1/Col14a1/P3h4"
"GOBP_PROTEIN_PROCESSING",7.8689057827698e-05,0.00522597981877429,0.538434096309916,-0.416820992988382,-1.78799577329953,138,"Cpz/Cntn2/Dhcr24/Prcp/Enpep/Spcs2/H13/Psen2/Klk1b1/P4hb/Hid1/Rhbdd1/Hp/Cpa3/Gsn/Ace/Ctsz/Spcs1/Furin/Casp7/Cma1/Cln3/Ctsl/Cpd/Tmem98/Il1r2/Aph1a/Anpep/Bace2/Adamts2/Casp6/Aebp1/Anxa2/Pcsk1n/Prnp/Ctss/Casp3/Chac1/Klk1/Parp1/Cuzd1/Vsir/Klk1b11/Pcsk4/Mbtps1/Aph1c/Ptch1/Fgg/Nkd2/Adam8/Mep1a/Comp/Bmp1/Spcs3/Pcsk7/Sec11a/Klkb1/P2rx7/C1rb/Cln5"
"GOBP_RESPONSE_TO_REACTIVE_OXYGEN_SPECIES",9.31846409077145e-05,0.00605700165900144,0.538434096309916,0.377442167070036,1.75496394455866,116,"Mpo/Rhob/Klf2/Il18bp/Il18rap/Cyp1b1/Ucp3/Areg/Lcn2/mt-Nd5/Ucp2/Ect2/Txnip/Setx/Prkaa1/Bnip3/Cd36/Mapk8/Tnfaip3"
"GOBP_MITOTIC_SISTER_CHROMATID_COHESION",0.00011040682929898,0.00702693465642463,0.538434096309916,0.647455732750879,2.12981226579579,23,"Pds5b/Esco2/Esco1/Atrx/Bub1/Nipbl/Pogz/Smc5/Stag2/Rad21/Slf2/Pds5a"
"GOBP_NEGATIVE_REGULATION_OF_CELL_CYCLE_PROCESS",0.000118435871595646,0.0071576020136023,0.538434096309916,0.331926920691441,1.65007121571356,180,"Rad1/Ccnb1/Mad2l1/E2f8/Knl1/Nuf2/Inhba/Rnaseh2b/Timeless/Gen1/Mre11a/Tiprl/Topbp1/Atf2/Rbl2/2610528A11Rik/Donson/Atrx/Bub1/Cdc5l/Dtl/Gtpbp4/Slfn9/Fbxo5/Tfdp1/Wac/Cdc73/Prpf4b/Fhl1/H2-Q7/Smarca5/Abraxas1/Cdca8/Hus1/Cdkn1a/Taok1/Zfp655/Apc/Mrnip/Poc5/Atrip/Bcl6/Dync1li1/Mbtps2/Ccnf"
"GOBP_RESPONSE_TO_MECHANICAL_STIMULUS",0.000119450653751903,0.0071576020136023,0.538434096309916,0.362699215728862,1.73313261893899,139,"Mpo/Thbs1/Ccnb1/Kcnc1/Map1b/Tnfsf14/Nfkbia/Ttn/Txnip/Slc38a2/Bglap/Kcnj2/Clcn6/Large1/Rcan1/Fgf2/Bnip3/Itgb3/Kcnq3/Fosb/Mapk8/Itgam/Pik3ca/Kcnk4/Slc1a3/Cntnap2/Igfbp2/Myd88/Ercc8/Pkdrej/Ryr2/Stat1/Csrp3/Tnfrsf10b/Map3k2/Tnf/Pecam1/Tnfrsf1a/Shank3/Mkks/Casp2/Ankrd1/Bglap2/Foxp2/Angpt2"
"GOBP_RECOMBINATIONAL_REPAIR",0.000119488609719711,0.0071576020136023,0.538434096309916,0.389903610326879,1.79936966446652,112,"Fignl1/Uhrf1/Tonsl/Timeless/Ube2n/Gen1/Mre11a/Topbp1/Fen1/Aste1/Rif1/Mcm6/Mcm5/Recql4/Nipbl/Ankle1/Ap5z1/Hus1/Pogz/Rad54b/Smc5/Smchd1/Mrnip/Smc6/Xrcc5/Zswim7/Nucks1/Inip/Mms22l/Rad21/Spidr/Csnk2a1/Slf2/Rev3l/Gins4/Peli1/Yy1/Ercc6"
"GOBP_SMALL_MOLECULE_BIOSYNTHETIC_PROCESS",0.000124742056326176,0.00732859580916283,0.518848077743792,-0.333479466800069,-1.57695960677336,322,"Bglap3/Fa2h/Nr1d1/Fbp1/Scd1/Insig1/Cbs/Cdo1/Dhcr24/Slc25a10/Hmgcs1/Pcx/Fads3/Mthfd2/Asns/Thnsl2/Scd2/Fasn/Acsm3/Elovl4/Aldob/Acsm2/Adipoq/Pycr1/Aldh18a1/Rbp4/Hmgcr/Alox8/Xbp1/Nnmt/Dhcr7/C1qtnf3/Pah/Nans/Hsd17b12/Phgdh/Asah2/Cftr/Gstm2/C1qtnf12/Ces1d/Pts/Ebp/Fads1/Selenos/Bcat2/Sirt2/Cln3/Mvd/Acox2/Tm7sf2/Pecr/Ptgis/Abat/Osbpl2/Ggt5/Sptlc1/Cd74/Cth/Tcf7l2/Akr1c18/Sirt7/Ptafr/Rbp1/Ass1/Asah1/Oat/Dhdds/Abcd2/Slc38a1/Dpyd/Trib3/Cbr1/Slc19a3/Asl/Hacd1/Acot7/Hacd4/Srebf2/Aldh8a1/Fgfr4/Pltp/2210016F16Rik/Elovl7/Fdps"
"GOBP_NUCLEOBASE_CONTAINING_COMPOUND_CATABOLIC_PROCESS",0.000131302660007584,0.00756848351553147,0.518848077743792,0.284100270226721,1.5067690217076,318,"Gapdh/Slc4a1/Fastkd1/Rock2/Mlycd/Celf1/Neil2/Ppp2ca/Ythdf3/Rnaseh2b/Eri1/Cnot6l/Mtor/Fen1/Tigar/Noct/Prkaa2/Ucp2/Pde7a/Cnot11/Cnot9/Slfn9/Gda/Adal/Pklr/Rock1/Gdnf/Lsm2/Ncbp1/Ints8/Prkaa1/Pde4b/Tbrg4/Larp4b/Gck/Trex2/Mettl16/Pum2/Nudt19/Trdmt1/Supv3l1/Pfkfb1/Csde1/Dcp2/Slfn8/Angel2/Hdac4/Acat1/Lipa/Pop1/Elavl4/Cnot7/Ddit4/Enpp4/Dnase1l3/Myd88/Fxr1/Ago2/Exosc2/Sucla2/Elavl1/Wdr82/Dhx9/Grsf1/Samd4/Nudt10/Nudt4/Dkc1/Tnrc6b/Mtpap/Fastkd5/Foxk2/Ppara/Ogdh/Ung/Pde12/Etf1/Xrn1/Cacng7/Stat3/Dffa/Cecr2/Exosc8/Zc3h14/Tent5a"
"GOBP_REGULATION_OF_MITOTIC_NUCLEAR_DIVISION",0.00015493330851631,0.00876520847254311,0.518848077743792,0.436429730830075,1.86676475301758,73,"Ccnb1/Mad2l1/Knl1/Cul9/Nuf2/Nusap1/Gen1/Epgn/Bub1/Fbxo5/Prpf4b/Cdca8/Mki67/Apc/Ereg/Igf2/Dync1li1/Tnf/Rad21/Cdc25c/Zfp207/Kif20b/Psmg2/Cenpf/Cdc42/Spc25/Bora/Cdc20/Il1b/Rb1/Tgfa/Btc"
"GOBP_PROTEIN_FOLDING",0.000166356302770907,0.00924033645391132,0.518848077743792,-0.40921381670538,-1.74362803811606,132,"Calr/Hspa5/Fkbp2/Fkbp4/Hyou1/Hsp90b1/Pdia4/P4hb/Lman1/Aplf/Umod/Cdc123/Engase/Pdia3/Sil1/P3h1/Ppib/Mpdu1/Hspa13/Ahsa2/Fkbp9/Grn/Nudc/Hsp90ab1/Cd74/Telo2/Ahsa1/Fkbp11/Ppil3/Hsph1/Tbcd/Selenof/Unc45a/Hsp90aa1/Ppie/Ppia/Lman2l"
"GOBP_POSITIVE_REGULATION_OF_MRNA_METABOLIC_PROCESS",0.000184920620669634,0.0100553151171842,0.518848077743792,0.432610539694714,1.85606156708251,74,"Ccnb1/Rock2/Celf1/Ythdf3/Cnot6l/Noct/Cnot11/Cnot9/Rock1/Rbmxl1/Ncbp1/Cdc73/Celf3/Mettl16/Pum2/Csde1/Dcp2/Cnot7/Fxr1/Ago2/Elavl1/Tra2a/Dhx9/Samd4/Tnrc6b"
"GOBP_REGULATION_OF_MICROTUBULE_BASED_PROCESS",0.000187611444084943,0.0100553151171842,0.518848077743792,0.331801430244802,1.6438181891011,176,"Tpx2/Rock2/Ppp2ca/Gen1/Map1b/Haus6/Prkaa2/Mcph1/Xpo1/Clasp2/Fgf13/Rock1/Ccdc39/Phldb2/Chordc1/Kif18a/Prkaa1/Ckap2/Stmn4/Traf3ip1/Pafah1b1/Togaram1/Taok1/Ckap5/Apc/Memo1/Bicd1/Rac1/Camsap1/Ccnl1/Cfap20/Spast/Cep76/Ccnf/Hdgfl3/Borcs5/Haus3/Trim36/Cep97/Haus4/Map1s/Mkks/Mecp2/Pdcd6ip/Camsap2/Atxn7/Pde4dip/Chmp2b/Dyrk1a/Epha3/Irgc1/Cdh5/Snca/Chmp7/Mdm1/Chmp1b/Bora/Wdr47/Bbs2"
"GOBP_GOLGI_VESICLE_TRANSPORT",0.000212101363459882,0.0109575305372368,0.518848077743792,-0.375400420823716,-1.66633253724057,178,"Insig1/Tmed10/Hyou1/Tmed9/Rint1/Ergic1/P4hb/Lman1/Trappc3/Tmed3/Scfd1/Surf4/Stx18/Tbc1d20/Scyl1/Lmf1/Ykt6/Yipf6/Copz1/Sec16b/Cope/Kdelr1/Preb/Cln3/Arcn1/Ap4m1/Scamp2/Nbas/Bet1/Arf4/Kdelr2/Ap3d1/Exoc8/Rab34/Vps51/Trappc11/Ap3s1/Sec13/Snx1/Cog3/Lman2l/Sorl1/Copa/Tmem115/Arfrp1/Lman1l/Bcap31/Sort1/Tapbp/Golph3l/Llgl2/Csnk1d/Snx8/Snx2/Mia2/Atp9a/Dnm2/Arl3/Amn/Nkd2/Cog6/Rab31/Vcp/Yif1b/Commd1/Golph3/Exoc4/Sec16a"
"GOBP_CELLULAR_RESPONSE_TO_REACTIVE_OXYGEN_SPECIES",0.000215141691485403,0.0109575305372368,0.518848077743792,0.407453099225667,1.80396880915131,87,"Mpo/Rhob/Klf2/Il18bp/Il18rap/Cyp1b1/Lcn2/Ect2/Setx/Prkaa1/Bnip3/Cd36/Mapk8/Tnfaip3"
"GOBP_MITOCHONDRION_ORGANIZATION",0.000215205182400723,0.0109575305372368,0.518848077743792,0.294980421865631,1.52994549404272,256,"Irgm2/Mtfr2/Gdap1/Ppargc1a/mt-Nd6/Mcl1/Ndufaf6/Atpaf1/Atf2/mt-Nd5/Mtm1/Bcl2l11/Vps13a/Ucp2/Epas1/Pmaip1/Tefm/Tfrc/Timm21/Tnfsf10/mt-Nd2/Smad3/mt-Nd4/Tomm70a/Bnip3/Pum2/Dnm1l/Supv3l1/Lyrm7/Immt/Myo19/Lipa/mt-Nd1/Ghitm/Pank2/Rab38/Mcu/Ttc19/Rrm2b/Akt3/Tmem70/Mff/Mfn1/Zdhhc6/Cluh/Mgme1/Plscr3/Coa5/Inf2/Sdhaf2/Abcc9/Opa1/Sdhaf3/Nptx1/Mllt11/Ndufs2/Hspa9/Gclm/Stat3/Pink1/Oxa1l/Apoo/Tfam/Mettl4/Bok/Vps13c/Huwe1/Ggct/Polrmt/Uqcrfs1/Prdx3/Spg7/Ndufaf1/Rala/Snca/Rap1gds1/Adck1/Epm2a/Kdr/Slc30a9/Fundc1/Hk2/Cox16/Cox18/Camk2a/Naif1/Foxred1/Bax/Afg3l2/Endog/Mtx3/4930550C14Rik/Fmc1/Maip1/Spire1/Mfsd8"
"GOBP_EXTERNAL_ENCAPSULATING_STRUCTURE_ORGANIZATION",0.000220392970733621,0.0110377135342822,0.518848077743792,-0.353946690018805,-1.59641165789302,202,"Col15a1/Col4a4/Serpinh1/Col6a6/Selenon/Col5a3/Sulf2/Ccdc80/Col3a1/Foxc1/Crispld2/Mfap4/Col18a1/Gsn/Smoc1/Lox/Hsd17b12/Sfrp2/Dpt/Adamts10/P3h1/Nid2/Col8a2/Col5a1/Wt1/Adamtsl3/Furin/Cma1/Ctsl/Matn3/Klk7/Adamts15/App/Exoc8/Col1a1/Vit/Pxdn/Pomt1/Adamts2/Plod1/Lama1/Loxl2/Mmp2/Foxc2/Aebp1/Matn2/Col4a2/Adamts19/Anxa2/Ctss/Smoc2/Fgfr4/Myh11/Vwa1/Ctsk/Slc2a10/Adamts18/Col1a2/Adamts12/Ext1/Creb3l1"
"GOBP_NEGATIVE_REGULATION_OF_CHROMOSOME_SEGREGATION",0.000228684657766942,0.011268252088355,0.518848077743792,0.558763912472182,2.0220186598208,34,"Ccnb1/Mad2l1/Knl1/Nuf2/Gen1/Bub1/Fbxo5/Prpf4b/Cdca8/Apc/Dync1li1/Rad21/Zfp207/Psmg2/Cenpf"
"GOBP_CELLULAR_RESPONSE_TO_HYDROGEN_PEROXIDE",0.000272498749681963,0.0131374989007865,0.49849310876659,0.490398973095972,1.92621424373649,48,"Rhob/Klf2/Il18bp/Il18rap/Cyp1b1/Lcn2/Ect2/Setx/Prkaa1/Bnip3/Tnfaip3"
"GOBP_DOUBLE_STRAND_BREAK_REPAIR",0.000275220926235789,0.0131374989007865,0.49849310876659,0.332199567386712,1.65840463886183,187,"Fignl1/Uhrf1/Tonsl/Timeless/Ube2n/Gen1/Esco2/Mre11a/Topbp1/Fen1/Aste1/Dek/Ppp4r3a/Rif1/Mcm6/Mcm5/Setx/Recql4/Eya1/Nipbl/Ankle1/Rnf168/Abraxas1/Ap5z1/Hmgb2/Hus1/Pogz/Rad54b/Smc5/Smchd1/Mrnip/Smc6/Atrip/Hsf2bp/Pbrm1/Ercc8/Xrcc5/Zswim7/Nucks1/Dtx3l/Hmgb1/Fh1/Dclre1a/Inip/Mms22l/Rad21/Spidr/Csnk2a1/Terb1/Slf2/Rev3l/Dclre1b/Gins4/Peli1/Yy1/Ercc6/Lig4"
"GOBP_NEGATIVE_REGULATION_OF_CELL_CYCLE",0.000298807904840837,0.0136947324848475,0.49849310876659,0.299478354731559,1.53369762775993,229,"Rhob/Rad1/Ccnb1/Mad2l1/E2f8/Knl1/Nuf2/Inhba/Rnaseh2b/Timeless/Gen1/Mre11a/Tiprl/Topbp1/Atf2/Rbl2/Adcyap1/2610528A11Rik/Ipo5/Donson/Atrx/Bub1/Cdc5l/Dtl/Gtpbp4/Hpgd/Slfn9/Ptpn3/Fbxo5/Tfdp1/Wac/Cdc73/Prpf4b/Fhl1/H2-Q7/Smarca5/Abraxas1/Tsc22d2/Cdca8/Hus1/Cdkn1a/Angel2/Taok1/Zfp655/Apc"
"GOBP_CELLULAR_RESPONSE_TO_TOPOLOGICALLY_INCORRECT_PROTEIN",0.000298976708638341,0.0136947324848475,0.49849310876659,-0.473124111667448,-1.85158764022802,76,"Hspa5/Bhlha15/Cdk5rap3/Manf/Edem2/Serp1/Xbp1/Ddrgk1/Agr2/Rhbdd1/Umod/Ppp1r15a/Os9/Tmbim6/Selenos/Rhbdd2/Derl1/Cth/Bbc3/Creb3/Derl2/Eif2ak3/Pik3r1/Tmbim4/Rpap2/Creb3l1/Parp8/Bak1/Erlec1"
"GOBP_SIGNALING_RECEPTOR_LIGAND_PRECURSOR_PROCESSING",0.000300342741893545,0.0136947324848475,0.49849310876659,-0.619140189195995,-1.96700847278293,27,"Prcp/Enpep/P4hb/Hid1/Cpa3/Ace/Ctsz/Furin/Cma1/Ctsl/Anpep/Bace2/Pcsk1n"
"GOBP_REGULATION_OF_MITOTIC_SISTER_CHROMATID_SEGREGATION",0.000317621585546589,0.0140664277843706,0.49849310876659,0.529664481222566,1.96640542602265,38,"Ccnb1/Mad2l1/Knl1/Nuf2/Gen1/Bub1/Fbxo5/Prpf4b/Cdca8/Apc/Dync1li1/Rad21/Zfp207/Psmg2/Cenpf/Cdk1/Spc25"
"GOBP_RETROGRADE_VESICLE_MEDIATED_TRANSPORT_GOLGI_TO_ENDOPLASMIC_RETICULUM",0.000317703278926865,0.0140664277843706,0.49849310876659,-0.578158611967617,-1.94145741553884,35,"Tmed10/Rint1/Ergic1/Scfd1/Stx18/Scyl1/Copz1/Cope/Kdelr1/Arcn1/Nbas/Arf4/Kdelr2/Cog3/Copa/Tmem115/Tapbp/Golph3l"
"GOBP_T_CELL_HOMEOSTASIS",0.000338742064280172,0.0147836715196561,0.49849310876659,0.592618873254341,2.02871617713102,27,"Ccnb2/Tsc22d3/Ppp2ca/2610528A11Rik/Bcl2l11/Tnfsf14/Pmaip1/Ppp3cb/Gpam"
"GOBP_REGULATION_OF_DNA_TEMPLATED_DNA_REPLICATION",0.000349415282083119,0.0150346998135765,0.49849310876659,0.618300745150099,2.03390663540244,23,"E2f8/Timeless/Atrx/Slfn9/Mcm6/Fbxo5/Mcm5/Bcl6/Kat7/Senp2/Cdk2/Mettl4"
"GOBP_NEGATIVE_REGULATION_OF_ORGANELLE_ORGANIZATION",0.000380033420701206,0.0161250291700303,0.49849310876659,0.297285558383798,1.53099882475351,239,"S1pr1/Rad1/Tpx2/Ccnb1/Wdr44/Mad2l1/Knl1/Nuf2/Gen1/Map1b/Mtm1/Mtor/Smad4/Atrx/Bub1/Tfrc/Tnks2/Fbxo5/Clasp2/Fgf13/Ssh2/Phldb2/Prpf4b/Tjp1/Ckap2/Bnip3/Smarca5/Cdca8/Lmod2/Dcp2/Taok1/Apc/Pik3ca/Ghitm/Rdx/Schip1/Rhpn1/Ten1/Dync1li1/Flii/Ccnf/Hdgfl3/Coro1a/Pfn2/Capza2/Rab7/Opa1/Ctc1/Cep97/Fez2/Rad21/Shank3/Mkks/Zfp207/Xrn1/Camsap2/Atxn7/Pink1/Dmtn/Psmg2/Usp10/Cenpf/Bok/Dyrk1a/Huwe1/Map4/Tmod4/Yap1/Kif24/Cdh5/Snca/Pot1a/Mdm1/Adck1/Spc25/Wdr47/Ssh1/Svil"
"GOBP_PROTEIN_LOCALIZATION_TO_ENDOPLASMIC_RETICULUM",0.000410545713355863,0.0170844107224684,0.49849310876659,-0.505035288143283,-1.84554469469457,53,"Insig1/Hspa5/Spcs2/Sec61a1/Ddrgk1/Ppp1r15a/Srp72/Srprb/Os9/Spcs1/Tram1/Sec16b/Kdelr1/Srp54a/Srp68/Ssr3/Sec63/Kdelr2/Sec61b/Edem1/Ubl4a/Get4/Zfand2b/Bcap31/Sec62"
"GOBP_REGULATION_OF_DNA_REPLICATION",0.000413828606698089,0.0170844107224684,0.49849310876659,0.42242651471858,1.80686803100438,73,"E2f8/Timeless/Esco2/Esco1/Atad5/Atrx/Gtpbp4/Slfn9/Mcm6/Fbxo5/Mcm5/Atf1/Ttf1/Smarca5/Cdkn1a/Ereg/Bcl6/Dhx9/Kat7/Nucks1/Ctc1/Senp2/Cdk2/Pds5a/Yy1/Mettl4/Rbbp6/Cacybp/Cdk1/Meaf6/Tipin/Baz1a/Ankrd17/Cdkn1b/Endog/Dach1/Smc3/Kctd13/Atr/Tspyl2/Ptk6"
"GOBP_MICROTUBULE_CYTOSKELETON_ORGANIZATION_INVOLVED_IN_MITOSIS",0.000429877416885718,0.0173547644365115,0.49849310876659,0.357749720799883,1.65702388447953,114,"Uhrf1/Tpx2/Ccnb1/Mad2l1/Nuf2/Nusap1/Tacc2/Kif15/Mcph1/Clasp2/Cep126/Abraxas1/Cdca8/Pafah1b1/Racgap1/Ckap5/Abraxas2/Ccdc66/Kif11/Prc1/Stag2/Tubg2/Spast/Cep192/Cep97/Pibf1/Map1s/Zfp207/Pdcd6ip/Chmp2b/Prickle1/Map4/Chmp7/Cdk1/Chmp1b/Spc25/Bora"
"GOBP_REGULATION_OF_CHROMOSOME_SEGREGATION",0.000431738820679173,0.0173547644365115,0.49849310876659,0.397135165156776,1.72902207581153,81,"Ncapg/Ccnb1/Mad2l1/Knl1/Nuf2/Gen1/Ncaph/Smc4/Bub1/Ncapd2/Fbxo5/Prpf4b/Cdca8/Pum2/Smc5/Apc/Smc6/Pbrm1/Dync1li1/Rad21/Csnk2a1/Ncapg2/Zfp207/Psmg2/Cenpf"
"GOBP_MONOCARBOXYLIC_ACID_BIOSYNTHETIC_PROCESS",0.000448536961781302,0.0175556471855131,0.49849310876659,-0.396868046417415,-1.65633007438265,116,"Fa2h/Nr1d1/Scd1/Insig1/Fads3/Mthfd2/Thnsl2/Scd2/Fasn/Acsm3/Elovl4/Acsm2/Alox8/Xbp1/Hsd17b12/Asah2/Gstm2/Ces1d/Fads1/Sirt2/Acox2/Pecr/Ptgis/Osbpl2/Cd74/Akr1c18/Rbp1/Abcd2/Trib3/Cbr1/Hacd1/Acot7/Hacd4/Aldh8a1/Fgfr4/Elovl7/Cyp2e1/Acaca/Gstm4/Mecr"
"GOBP_SULFUR_COMPOUND_METABOLIC_PROCESS",0.000451927039605822,0.0175556471855131,0.49849310876659,-0.364961746342351,-1.62080293969858,179,"Far2/Cbs/Cdo1/Slc25a10/Hmgcs1/Acsl5/Sulf2/Aass/Lpo/Fasn/Acsm3/Elovl4/Cytl1/Acsm2/Acot12/Hmgcr/Slc1a1/Ghr/Hexb/Hsd17b12/Phgdh/Gstm2/Gsto2/Arsg/Mvd/Pxylp1/Gusb/Chpf2/Ggt5/Cth/Mccc2/Tcf7l2/Akr1a1/Ext2/Bphl/Abhd14b/Sgsh/Slc19a3/Mccc1/Hs3st6/Hacd1/Chst12/Acot7/Chac1/Sult1c1/Tst/Chpf/Elovl7/Gsta3/Acaca/Gstm4/Ext1/Acly/Chst4/Hlcs/Ppt1/Hyal1/B3gat3/Far1/Papss1"
"GOBP_CELL_CYCLE_CHECKPOINT_SIGNALING",0.000456619643350926,0.0175556471855131,0.49849310876659,0.365873552221963,1.68763975277222,111,"Rad1/Ccnb1/Mad2l1/Knl1/Nuf2/Rnaseh2b/Timeless/Gen1/Mre11a/Tiprl/Topbp1/Atf2/Donson/Bub1/Cdc5l/Dtl/Wac/Prpf4b/Abraxas1/Cdca8/Hus1/Cdkn1a/Taok1/Apc/Mrnip/Atrip/Dync1li1/Mbtps2/Dtx3l/Inip/Zfp207/Cdk2/Orc1/Psmg2/Ercc6/Cenpf/Prox1/Wdr76/Cdk1/Spc25/Fbxo31/Rhno1/Tipin/Rad9a/Fbxo6/Clock/Cdc20/Zfp830/Parp9/Foxo4"
"GOBP_ELECTRON_TRANSPORT_CHAIN",0.000459722348556808,0.0175556471855131,0.49849310876659,0.403577776353128,1.74626803057673,78,"Ccnb1/Ppargc1a/mt-Co3/mt-Nd6/Hccs/mt-Nd5/mt-Co2/mt-Co1/mt-Nd2/mt-Nd4/Pum2/mt-Cytb/mt-Nd1/Ghitm/Uqcrc2/Sdhaf2/Uqcrc1/Ndufb5/Ndufs2/Pink1/Etfrf1/Sdhb/Uqcrfs1/Ndufa4/Ndufaf1/Snca/Cdk1"
"GOBP_MITOTIC_SISTER_CHROMATID_SEPARATION",0.000484977012515989,0.0182914169535351,0.49849310876659,0.498892996323218,1.88172667541453,41,"Ccnb1/Mad2l1/Knl1/Nuf2/Gen1/Bub1/Fbxo5/Prpf4b/Cdca8/Apc/Dync1li1/Rad21/Zfp207/Psmg2/Cenpf"
"GOBP_RESPONSE_TO_IONIZING_RADIATION",0.00049430666394039,0.0184159372968035,0.477270815362862,0.402291033362533,1.77825156769181,86,"Rhob/Rad1/Fignl1/Vcam1/Topbp1/Lcn2/Tigar/Lzic/Ect2/Itgb6/Top1/Prkaa1/Eya1/Nipbl/Rnf168/Abraxas1/Thbd/Hus1/Cdkn1a/Rad54b/Ccl7/Mrnip/Ercc8/Xrcc5/Nucks1/Tnf/Inip/Spidr/Ptprc/Ercc6/Lig4/Alad/Yap1"
"GOBP_REGULATION_OF_PROTEIN_CONTAINING_COMPLEX_DISASSEMBLY",0.000536706553553735,0.0197546809771887,0.477270815362862,0.385050441164304,1.71084245959538,89,"Irgm2/Tpx2/Plek/Map1b/Ogfod1/Clasp2/Fgf13/Setx/Igf1r/Ckap2/Bnip3/Lmod2/Taok1/Apc/Pik3ca/Jmjd4/Fyco1/Irak3/Rdx/Spast/Flii/Eif5a2/Hdgfl3/Capza2/Wnk1/Actn2/Tnf/Map1s/Etf1/Camsap2/Atxn7/Dmtn/Clec16a"
"GOBP_CELL_CYCLE_PHASE_TRANSITION",0.00054849547922524,0.0197579689905023,0.477270815362862,0.273522844983098,1.44964967806084,313,"Ccnb2/Rad1/Ccnb1/Mad2l1/Cul2/Knl1/Nuf2/Inhba/Ppp2ca/Rnaseh2b/Timeless/Gen1/Mre11a/Brsk2/Tiprl/Topbp1/Atf2/Rbl2/2610528A11Rik/Atad5/Donson/Bub1/Cdc5l/Dtl/Gtpbp4/Slfn9/Ccne2/Fbxo5/Clasp2/Tfdp1/Wac/Rrm2/Mark3/Eif4e/Tcim/Cdc73/Prpf4b/Fhl1/Abraxas1/Cul5/Cdca8/Ccng2/Mastl/Hus1/Cdkn1a/Taok1/Zfp655/Smc5/Apc/Lsm11/Mrnip/Appl1/Cdk6/Trp63/Atrip/Rdx/Rrm2b/Pbrm1/Dync1li1/Mbtps2/Spast/Ccnf/Ccni/Ppp3ca/Ccng1/Ctc1/Dtx3l/Cul1/Inip/Rad21/Cdc25c/Senp2/Zfp207/Cdk2/Orc1/Tbx2/Ppp6c/Ptprc/Psmg2/Ercc6/Cenpf/Sin3a/Cks2/Prox1/Chmp7/Wdr76/Cdk1/Spc25/Fbxo31/Rhno1/Atp2b4/Tipin/Ddr2/Cdc27/Ube2l3/Mlf1/Rad9a/Fbxo6/Plcg2/Clock/Cdc20/Zfp830/Ankrd17/Parp9/Camk2a/Foxo4/Rb1/Akap8/Nfib/Dpf2/Ezh2/Cdkn1b/Ddx3x/Ppm1d"
"GOBP_MITOTIC_CELL_CYCLE_PHASE_TRANSITION",0.00054973072477666,0.0197579689905023,0.477270815362862,0.286125011870596,1.481725725586,250,"Ccnb2/Ccnb1/Mad2l1/Cul2/Knl1/Nuf2/Inhba/Ppp2ca/Rnaseh2b/Gen1/Mre11a/Brsk2/Topbp1/Rbl2/Atad5/Donson/Bub1/Dtl/Gtpbp4/Slfn9/Ccne2/Fbxo5/Clasp2/Tfdp1/Wac/Rrm2/Mark3/Eif4e/Cdc73/Prpf4b/Fhl1/Abraxas1/Cul5/Cdca8/Ccng2/Mastl/Hus1/Cdkn1a/Taok1/Zfp655/Smc5/Apc/Lsm11/Mrnip/Appl1/Cdk6/Rdx/Rrm2b/Pbrm1/Dync1li1/Mbtps2/Spast/Ccnf/Ccni/Ppp3ca/Ccng1/Ctc1/Cul1/Inip/Rad21/Cdc25c/Senp2/Zfp207/Cdk2/Orc1"
"GOBP_RESPONSE_TO_OXYGEN_LEVELS",0.000557818645105872,0.0198155344278888,0.477270815362862,0.297886387886315,1.5068355553901,212,"mt-Atp6/Thbs1/Ccnb1/Vcam1/Rock2/Stc1/Ucp3/Inhba/Atp1b1/Atf2/Lcn2/mt-Nd5/Mtor/Smad4/Tigar/mt-Co2/Angptl4/Ucp2/Epas1/Pmaip1/Ptgs2/Tfrc/Cpeb4/Vegfc/Pklr/mt-Co1/mt-Nd2/Creb1/Smad3/Npepps/mt-Nd4/Prkaa1/Bnip3/Eng/Vegfd/Alas2/mt-Cytb/mt-Nd1/Ddit4/Kcnma1/Adsl/Pdk1/Fzd4/Rtn4/Nr4a2/Slc8a3/Mdm4/Map2k1/Ryr2/Plod2/Srf/Abcc9/Ptpn1/Ppara/Tnf/Rad21/Kcnj11/Cybb/Ndufs2/Mecp2/Cpeb2/Stat3/Pink1/Ankrd1/Slc2a4/Angpt2/Tfam"
"GOBP_DNA_TEMPLATED_DNA_REPLICATION_MAINTENANCE_OF_FIDELITY",0.00061249366289828,0.0212657314169629,0.477270815362862,0.540732981420044,1.90523107892121,30,"Tonsl/Timeless/Gen1/Mre11a/Donson/Atrx/Slfn9/Zranb3"
"GOBP_HETEROCHROMATIN_FORMATION",0.000612564440161289,0.0212657314169629,0.477270815362862,0.421760330602771,1.79059849886949,70,"Lmnb2/Uhrf1/Hells/Pcgf5/Atrx/Rif1/Bmi1/Pphln1/Smarca5/Lbr/Pcgf3/Eed/Smchd1/Rlim/Smarca1/Bcl6/Mis18a/Spin1/Hmgb1/Mecp2/Cdk2/Tdrd9/Dyrk1a/Ythdc1/Sin3a/Trip12/Hdac2/Smarcad1/Rbm15b/Ezh1/Znfx1/Baz1a/Rb1/Rrp8/Ezh2/Ppm1d"
"GOBP_NUCLEAR_TRANSPORT",0.000645866037093001,0.0221698959923496,0.477270815362862,0.301076169399368,1.51479309869732,202,"Kpna2/Sarnp/Cse1l/Atf2/Ahctf1/Nemf/Ipo5/Nfkbia/Cwh43/Ect2/Txnip/Xpo1/Kpna1/Smad3/Eif4e/Ncbp1/Xpo7/Ranbp6/Prpf4b/Frat2/Jak2/Ankle1/Il33/Cd36/Ipo11/Washc4/Kcnq3/Cdkn1a/Stradb/Cblb/Agfg1/Nup54/Iws1/Appl1/Nmd3/Xpo4/Mavs/Elavl1/Ppp3r1/Peg12/Dhx9/Anp32b/Rangap1/Ipo7/Ppp3ca/Wnk1/Med1/Nup43/Cpsf6/Sumo1/Heatr3/Chtop/Rbm22/Hspa9/Stat3/Ppp1r12a/Thoc1/Ythdc1/Prickle1/Tnpo3/Uhmk1/Ppm1a/Nup188/Nedd4/Smg5/Snupn/Nup107/Rbm15b/Cdk1/Ipo8/Thoc7/Epm2a"
"GOBP_LEUKOCYTE_MIGRATION",0.000669705802757947,0.0227327914158392,0.477270815362862,0.291514672848805,1.47905856564333,214,"S1pr1/Cxcr2/Ppbp/Fpr2/Thbs1/Vcam1/Tnfsf11/Cd177/Spn/Fut9/Tbx21/Trem1/S100a8/Kitl/Ccl5/2610528A11Rik/Tnfsf14/Sele/Csf3r/Vegfc/Rock1/Itgal/Pde4b/Icam1/Il33/Itgb3/Ccr1/Hck/Selp/Dnm1l/Vegfd/Pafah1b1/Sos1/Ccl7/Rac1/Mcu/Myd88/Jam3/Rtn4/Tnfaip6/Coro1a/Il34/Wnk1/Vav1/Il6ra/Tnf/Hmgb1/Ednrb/Pecam1"
"GOBP_MITOTIC_SPINDLE_ORGANIZATION",0.000736684154496613,0.0247315394723863,0.477270815362862,0.372521333203312,1.6696798041871,93,"Uhrf1/Tpx2/Ccnb1/Nuf2/Tacc2/Kif15/Clasp2/Cep126/Abraxas1/Cdca8/Racgap1/Ckap5/Abraxas2/Ccdc66/Kif11/Prc1/Stag2/Tubg2/Spast/Cep192/Cep97/Pibf1/Map1s/Zfp207/Pdcd6ip/Chmp2b/Prickle1/Map4/Chmp7/Chmp1b/Spc25/Bora"
"GOBP_LYMPHOCYTE_HOMEOSTASIS",0.000761424998655718,0.0252842757705785,0.477270815362862,0.473035868468006,1.87052420185477,49,"Ccnb2/Tsc22d3/Ppp2ca/2610528A11Rik/Bcl2l11/Sash3/Tnfsf14/Pmaip1/Ppp3cb/Gpam/Dock11/Sos1/Tnfaip3"
"GOBP_SISTER_CHROMATID_COHESION",0.000857247493951279,0.0275970407855501,0.477270815362862,0.502448186969182,1.86536359559341,38,"Pds5b/Esco2/Mre11a/Esco1/Fen1/Atrx/Bub1/Nipbl/Pogz/Smc5/Stag2/Ppp2r5c/Rad21/Slf2/Pds5a"
"GOBP_ATP_SYNTHESIS_COUPLED_ELECTRON_TRANSPORT",0.000857504286352154,0.0275970407855501,0.477270815362862,0.42852723710339,1.79377765215452,65,"Ccnb1/mt-Co3/mt-Nd6/mt-Nd5/mt-Co2/mt-Co1/mt-Nd2/mt-Nd4/mt-Cytb/mt-Nd1/Ghitm/Uqcrc2/Sdhaf2/Uqcrc1/Ndufb5/Ndufs2/Pink1/Sdhb/Uqcrfs1/Ndufa4/Ndufaf1/Snca/Cdk1"
"GOBP_MRNA_PROCESSING",0.000858173117717597,0.0275970407855501,0.477270815362862,0.272796269911327,1.43293234935464,291,"Ccnb1/Ppargc1a/Celf1/Srsf10/Cnot6l/Cpsf7/Mbnl2/Rbfox1/Cdc5l/Dhx35/Luc7l2/Rbmxl1/Zfp326/Setx/Cstf2t/Lsm2/Ncbp1/Cdc73/Prpf4b/Mbnl1/Ptbp3/Tbrg4/Pus7/Celf3/Mettl16/Aar2/Angel2/Aff2/Ptbp2/Frg1/Iws1/Sf3a1/Lsm11/Elavl4/Ppil1/Rbm39/Ddx46/Hnrnpll/Usp39/Clasrp/Ivns1abp/Cmtr2/Mfap1a/Tra2a/Sugp2/Rbm25/Dhx9/Son/Grsf1/Rbm20/Mtpap/Rbm5/Fastkd5/Smn1/Prpf38b/Cpsf6/Sf3b1/Mbnl3/Rnpc3/Zc3h13/Srek1/Scaf11/Cwf19l1/Cpsf2/Tia1/Pde12/Crnkl1/Trmt10c/Rbm22/Prpf18/Zc3h14/Thoc1/Rbbp6/Dyrk1a/Ythdc1"
"GOBP_FATTY_ACID_METABOLIC_PROCESS",0.000901816491952055,0.0286984310720159,0.477270815362862,-0.341464597326825,-1.5431713789883,207,"Fa2h/Scd1/Insig1/Acsl5/Fads3/Slc27a4/Pnpla3/Thnsl2/Scd2/Fasn/Dbi/Acsm3/Elovl4/Acsm2/Adipoq/Acot12/Prkar2b/Bdh2/Alox8/Xbp1/Slc27a3/Faah/Echdc1/Hsd17b12/Pex2/Acbd4/Asah2/Acaa1a/Gstm2/Ces1d/Fads1/Sirt2/Atp6v1b1/Acox2/Pecr/Comt/Cryl1/C3/Ptgis/Ggt5/Cyp2a5/Cd74/Akr1c18/Ndufs6/Asah1/Cyp2f2/Aldh3a2/Ephx1/Cpt1b/Abcd2/Pm20d1/Cygb/Trib3/Cbr1/Hacd1/Acot7/Hacd4/Hacl1/Lypla2/Elovl7/Echdc3/Cyp2e1/Acaca/Gstm4/Mecr/Msmo1/Acly/Mfsd2a"
"GOBP_SPINDLE_ORGANIZATION",0.00093678365908137,0.0294506931500647,0.477270815362862,0.342478537217781,1.62612585246251,132,"Ccnb2/Uhrf1/Tpx2/Ccnb1/Nuf2/Tacc2/Kif15/Haus6/Atrx/Aspm/Fbxo5/Clasp2/Cep126/Abraxas1/Cdca8/Racgap1/Ckap5/Abraxas2/Ccdc66/Kif11/Prc1/Sugt1/Stag2/Tubg2/Spast/Stard9/Cep192/Haus3/Trim36/Cep97/Pibf1/Haus4/Map1s/Zfp207/Pdcd6ip/Pde4dip/Chmp2b/Prickle1/Map4/Dcaf13/Chmp7/Chmp1b/Spc25/Bora"
"GOBP_REGULATION_OF_MICROTUBULE_CYTOSKELETON_ORGANIZATION",0.000944735819543811,0.0294506931500647,0.477270815362862,0.348175493952925,1.623865586549,118,"Tpx2/Ppp2ca/Map1b/Haus6/Prkaa2/Clasp2/Fgf13/Rock1/Phldb2/Kif18a/Prkaa1/Ckap2/Stmn4/Traf3ip1/Pafah1b1/Togaram1/Taok1/Ckap5/Apc/Bicd1/Rac1/Camsap1/Spast/Hdgfl3/Haus3/Trim36/Cep97/Haus4/Map1s/Mecp2/Pdcd6ip/Camsap2/Atxn7/Pde4dip/Chmp2b/Dyrk1a/Epha3/Cdh5/Snca/Chmp7/Chmp1b/Bora/Wdr47"
"GOBP_ERAD_PATHWAY",0.000996842592458045,0.0305793502385394,0.45505986738723,-0.44525018243577,-1.70086025093649,67,"Calr/Hspa5/Edem2/H13/Hsp90b1/Xbp1/Rhbdd1/Umod/Os9/Selenos/Rhbdd2/Derl1/Rnf5/Rnf185/Stt3b/Rcn3/Ubxn6/Sec61b/Ubxn10/Derl2/Edem1/Tmub1/Get4/Syvn1/Bcap31/Tmem259/Rnft2/Erlec1/Fbxo44/Canx/Man1a/Herpud1/Vcp/Edem3/Tmub2"
"GOBP_RESPONSE_TO_OXYGEN_RADICAL",0.0010009607279391,0.0305793502385394,0.45505986738723,0.675393187477627,2.01017896175785,16,"Mpo/Ucp3/Ucp2/Cd36"
"GOBP_CHAPERONE_MEDIATED_PROTEIN_FOLDING",0.00110332513613141,0.0329063304734672,0.45505986738723,-0.526643581732769,-1.81473970388755,40,"Hspa5/Fkbp2/Fkbp4/Pdia4/Umod/P3h1/Ppib/Hspa13/Hsp90ab1/Cd74/Fkbp11/Hsph1/Unc45a"
"GOBP_REGULATION_OF_SYSTEMIC_ARTERIAL_BLOOD_PRESSURE_MEDIATED_BY_A_CHEMICAL_SIGNAL",0.00112394636003115,0.0329063304734672,0.45505986738723,-0.585438224894769,-1.85993732720599,27,"Prcp/Enpep/Oxtr/Cpa3/Ace/Ctsz/Sucnr1/Cma1/Comt/Anpep/Slc2a5"
"GOBP_REGULATION_OF_CHROMOSOME_ORGANIZATION",0.0011270098389884,0.0329063304734672,0.45505986738723,0.317982447865951,1.53891331222649,151,"Ncapg/Ccnb1/Mad2l1/Knl1/Nuf2/Gen1/Ncaph/Mre11a/Fen1/Smc4/Atrx/Bub1/Mcph1/Ncapd2/Tnks2/Fbxo5/Prpf4b/Smarca5/Cdca8/Dcp2/Smc5/Apc/Smc6/Pbrm1/Ten1/Dync1li1/Xrcc5/Dkc1/Ctc1/Map2k7/Rad21/Slf2/Ncapg2/Zfp207/Xrn1/Cdk2/Yy1/Psmg2/Cenpf/Lig4"
"GOBP_ATP_METABOLIC_PROCESS",0.00113000015162577,0.0329063304734672,0.45505986738723,0.335546713929774,1.60560315879012,141,"mt-Atp6/Gapdh/Slc4a1/mt-Atp8/Fignl1/mt-Nd6/Ppp2ca/Atp1b1/mt-Nd5/Mtor/Tigar/Prkaa2/Ucp2/Parg/Pklr/mt-Nd2/mt-Nd4/Prkaa1/Gck/Dnm1l/Pfkfb1/Hdac4/Lipa/mt-Nd1/Ddit4/Atp5a1/Map2k1/Abcc9/Foxk2/Ppara/Slc25a25/Ndufb5/Ogdh/Atp5b/Ndufs2/Stat3/Pink1/Sdhb/Bloc1s6/Ogt/Bpgm/Actn3/Atp1a2/Ak1"
"GOBP_TRICARBOXYLIC_ACID_CYCLE",0.00113098680841704,0.0329063304734672,0.45505986738723,0.630765719627933,1.96863588106469,19,"Sucla2/Idh3g/Sdhaf2/Idh2/Cs/Ogdh/Fh1/Dlat/Mdh1/Sdhb/Mdh2/Nnt/Mrps36"
"GOBP_NEGATIVE_REGULATION_OF_MITOTIC_CELL_CYCLE_PHASE_TRANSITION",0.00115424057633089,0.0332660845348194,0.45505986738723,0.349309782672479,1.60582823400293,109,"Ccnb1/Mad2l1/Knl1/Nuf2/Inhba/Gen1/Mre11a/Topbp1/Rbl2/Donson/Bub1/Dtl/Gtpbp4/Slfn9/Fbxo5/Tfdp1/Wac/Cdc73/Prpf4b/Fhl1/Abraxas1/Cdca8/Hus1/Cdkn1a/Taok1/Zfp655/Apc"
"GOBP_COTRANSLATIONAL_PROTEIN_TARGETING_TO_MEMBRANE",0.00116930181538746,0.0333852060374643,0.45505986738723,-0.682817022854195,-1.89874677393641,16,"Sec61a1/Sil1/Srp72/Srprb/Tram1/Srp54a/Srp68/Ssr3/Sec63/Sec61b/Zfand2b/Sec62"
"GOBP_HOMEOSTASIS_OF_NUMBER_OF_CELLS",0.00118720706527269,0.0335825702260007,0.45505986738723,0.3015764578356,1.51852923661797,199,"Slc4a1/Ccnb2/Klf2/Tsc22d3/Inhba/Ppp2ca/Kitl/Tcea1/Zfx/2610528A11Rik/Bcl2l11/Sash3/Tnfsf14/Vps13a/Epas1/Pmaip1/Mafb/Fech/Rcor1/Ppp3cb/Ptbp3/Pde4b/Gpam/Jak2/Hmgb2/Alas2/Dock11/Sos1/Ociad2/Racgap1/Lipa/Tnfaip3/Abcb10/Rac1/Acvr2a/Cdk6/Isg15/Akt3/Jam3/Cebpg/Bcl6/Kat7/Stat1/Coro1a/Srf/Med1/Hmgb1/Fh1/Heatr3/Klf1/Slc7a11/Ncapg2/Hspa9/Stat3/Dmtn/Pla2g10"
"GOBP_EPIGENETIC_REGULATION_OF_GENE_EXPRESSION",0.00124234124642016,0.0346842807455925,0.45505986738723,0.325899449442179,1.55728753145345,139,"Lmnb2/Uhrf1/Klf2/Hells/Pcgf5/Atf2/Atrx/Rif1/Bmi1/Pphln1/Mtf2/Smarca5/Rnf168/Lbr/Hdac4/Pcgf3/Pik3ca/Rnf2/Eed/Smchd1/Rlim/Smarca1/Noc2l/Igf2/Bcl6/Kat7/Mis18a/Tet2/Spin1/Hmgb1/Uhrf2/Mecp2/Cdk2/Tdrd9/Rbbp5/Atad2b/Wdr5/Mettl4/Dyrk1a/Ythdc1/Sin3a/Trip12/Dcaf13/Arid4b/Hdac2/Smarcad1/Rbm15b/Ezh1/Znfx1"
"GOBP_FATTY_ACID_DERIVATIVE_BIOSYNTHETIC_PROCESS",0.00124886117250906,0.0346842807455925,0.45505986738723,-0.538626896783625,-1.82027098802174,36,"Far2/Awat2/Acsl5/Fasn/Elovl4/Alox8/Hsd17b12/Ggt5/Abcd2/Hacd1/Elovl7/Acaca/Ppt1/Far1/Tmem135"
"GOBP_REGULATION_OF_SYSTEMIC_ARTERIAL_BLOOD_PRESSURE_BY_RENIN_ANGIOTENSIN",0.00130193636734875,0.0358325729932471,0.45505986738723,-0.641010401805597,-1.88487841150398,20,"Prcp/Enpep/Cpa3/Ace/Ctsz/Sucnr1/Cma1/Comt/Anpep"
"GOBP_CARBOHYDRATE_DERIVATIVE_BIOSYNTHETIC_PROCESS",0.00139590929184618,0.0380759186302686,0.45505986738723,-0.305622286393776,-1.45449617993643,341,"B3galt5/Fa2h/Gcnt1/Gcnt4/Slc25a10/Rpn1/Slc35c2/Serp1/Cytl1/Gk5/Ugt8a/Pigk/Trmt12/Stt3a/Tmem258/Nans/Lmf1/Gmppb/Gfpt1/Adcy7/St3gal4/Ust/Nme7/Ddost/Upp2/Pigz/Ak5/Ost4/Mpdu1/Krtcap2/Pomk/Pxylp1/Uqcc3/Cryl1/Chpf2/Hexa/Jak3/Dpagt1/Dolk/Rpn2/Alg5/Itm2c/Guk1/Tcf7l2/Ndufs6/Dpm3/Mgat4b/St6galnac5/Stt3b/Letmd1/Akr1a1/Ext2/Rft1/Gxylt2/Galnt12/Tkt/Bace2/Lcmt2/Dhdds/Pid1/Pomt1/B3galt2/Dguok/Itm2b/Plod1/Tmem59/Gnpda1/B4galt7/Hs3st6/Cmpk1/Tmem106a/Chst12/Cog3/Pgm3/Alg1/Pigl/Chpf/2210016F16Rik/Alg11/Parp1/Mgat2/B4galt2/Slc2a10/Alg8/Tmem165/Ak3/Ext1/Amdhd2/Mgat3/Gucy2e/A3galt2/Ctps2/Chst4/Man2a1/Chst14/B3gat3/Galnt4/Pnp2/Alg3/B4galnt1/Aatf/Papss1/Tnip1/St6gal1"
"GOBP_RNA_3_END_PROCESSING",0.00140978246932598,0.0381140304760254,0.45505986738723,0.467522379885688,1.81641204887706,46,"Ccnb1/Eri1/Cpsf7/Cstf2t/Ncbp1/Cdc73/Ints8/Supv3l1/Angel2/Lsm11/Exosc2/Dkc1/Mtpap/Cpsf6/Cpsf2/Trmt10c/Exosc8/Ythdc1"
"GOBP_MYELOID_CELL_HOMEOSTASIS",0.00142795836979843,0.0382667791204756,0.45505986738723,0.351805095559804,1.63685941644072,117,"Slc4a1/Klf2/Inhba/Kitl/Tcea1/Bcl2l11/Vps13a/Epas1/Mafb/Fech/Rcor1/Ptbp3/Pde4b/Jak2/Hmgb2/Alas2/Racgap1/Lipa/Abcb10/Rac1/Acvr2a/Cdk6/Isg15/Jam3/Cebpg/Bcl6/Kat7/Stat1/Srf/Med1/Hmgb1/Heatr3/Klf1/Slc7a11/Ncapg2/Hspa9/Stat3/Dmtn/Pla2g10"
"GOBP_PROTEIN_CONTAINING_COMPLEX_DISASSEMBLY",0.00148497043820235,0.0394485625105059,0.45505986738723,0.310958369113468,1.53026594379375,170,"Irgm2/Tpx2/Plek/Nfe2/Synj1/Map1b/Ogfod1/Clasp2/Fgf13/Mtrf1/Setx/Igf1r/Kif18a/Ckap2/Bnip3/Stmn4/Lmod2/Set/Taok1/Ckap5/Apc/Pik3ca/Jmjd4/Fyco1/Ddit4/Kif5b/Grwd1/Irak3/Rdx/Spast/Stx17/Flii/Eif5a2/Hdgfl3/Capza2/Wnk1/Actn2/Mtrf1l/Tnf/Map1s/Etf1/Camsap2/Atxn7/Abce1/Dmtn/Clec16a/Atad2b/Lamp2/Hemk1/Chmp2b"
"GOBP_POSITIVE_REGULATION_OF_LEUKOCYTE_MIGRATION",0.00150738957881091,0.0396989238212701,0.45505986738723,0.367934859360801,1.61698881586328,84,"Fpr2/Thbs1/Spn/Kitl/Ccl5/Tnfsf14/Sele/Vegfc/Icam1/Itgb3/Ccr1/Selp/Dnm1l/Vegfd/Ccl7/Rac1/Mcu/Jam3/Rtn4/Coro1a/Il34/Wnk1/Il6ra/Tnf/Hmgb1"
"GOBP_RESPONSE_TO_HYDROGEN_PEROXIDE",0.0015257404023867,0.0398387771734304,0.45505986738723,0.411321897858679,1.7384041564616,68,"Rhob/Klf2/Il18bp/Il18rap/Cyp1b1/Areg/Lcn2/mt-Nd5/Ect2/Txnip/Setx/Prkaa1/Bnip3"
"GOBP_ENDOTHELIUM_DEVELOPMENT",0.00164488054573091,0.0425856785356604,0.45505986738723,0.369481634945837,1.6445923861434,90,"Rhob/S1pr1/Apold1/Rock2/Stc1/Bmpr2/Lcn2/Smad4/Rock1/Tjp1/Icam1/Set/Lipa/Rbpj/Rdx/Fzd4/Myd88/Krit1/Rap2b/Nrg1/Id1/Tnf/Heg1/Ednrb/Pecam1/Tnfrsf1a/Rapgef6/Ppp1r12a/S1pr3/Prox1/Bloc1s6/Cdh5/Rap1b/Cldn5"
"GOBP_REGULATION_OF_SYSTEMIC_ARTERIAL_BLOOD_PRESSURE",0.0016671717210706,0.042800080738409,0.45505986738723,-0.469170048037068,-1.73698275713376,56,"Adora1/Prcp/Enpep/Kl/Manf/Klk1b1/Oxtr/Cpa3/Ace/Ctsz/Sucnr1/Arhgap42/Cma1/Comt/Anpep/Adm2/Slc2a5/Klk1/Adrb1/Klk1b11/Nos3/Bbs4/Cyba/Ndst2/Gas6/Kcnk6/P2rx2/Adra1a"
"GOBP_REGULATION_OF_SYSTEMIC_ARTERIAL_BLOOD_PRESSURE_BY_CIRCULATORY_RENIN_ANGIOTENSIN",0.00169292643491898,0.043099085488979,0.45505986738723,-0.697379079471336,-1.90756018039998,15,"Prcp/Enpep/Cpa3/Ace/Ctsz/Sucnr1/Cma1/Comt/Anpep"
"GOBP_MEIOTIC_CELL_CYCLE_PROCESS",0.00171691881131595,0.0433486526328119,0.45505986738723,0.356744287472775,1.61075368177299,98,"Ccnb2/Rad1/Fignl1/Knl1/Nuf2/Ncaph/Mre11a/Foxj3/Bcl2l11/Smc4/Top2a/Atrx/Ncapd2/Aspm/Ccne2/Fbxo5/Kif18a/Ankle1/Ube2b/Mastl/Hus1/Rad54b/Ereg"
"GOBP_PROTON_TRANSMEMBRANE_TRANSPORT",0.00175573512782342,0.0439653345532833,0.45505986738723,0.352917869711858,1.61483808100019,107,"mt-Atp6/mt-Atp8/mt-Co3/mt-Nd6/Ucp3/Atp1b1/mt-Nd5/mt-Co2/Ucp2/mt-Co1/mt-Nd2/Slc17a7/mt-Nd4/Slc25a22/mt-Cytb/mt-Nd1/Ghitm/Slc18a2/Slc25a12/Atp5a1/Slc4a11/Uqcrc1/Ndufb5/Slc47a1/Atp5b/Ndufs2/Atp1a3/Uqcrfs1/Ndufa4/Slc25a3/Nnt/Atp1a2"
"GOBP_MEMBRANELESS_ORGANELLE_ASSEMBLY",0.00179282547617444,0.0442663912856395,0.45505986738723,0.26627188664107,1.39637002173499,285,"Ccnb2/Uhrf1/Tpx2/Rpf2/Ythdf3/Eif2s1/Cnot6l/Kif15/Smad4/Haus6/Noct/Prkaa2/Ogfod1/Aspm/Ttn/Fbxo5/Clasp2/G3bp1/Prkaa1/Abraxas1/Six4/Cdca8/Hck/Pum2/Lmod2/Csde1/Neb/Pogz/Racgap1/Cnot7/Eif5/Bicd1/Abraxas2/Ccdc66/Kif11/Poc5/Prc1/Capn3/Adprhl1/Fxr1/Ago2/Sugt1/Stag2/Zfyve1/Flii/Rrs1/Cep76/Xrcc5/Srf/Csrp3/Wnk1/Actn2/Stard9/Cep192/Haus3/Tnf/Cep97/Pibf1/Haus4/Tia1/Mybpc1/Zfp207/Cdk2/Pdcd6ip/Ankrd1/Usp10/Chmp2b/Cenpf/Prickle1/Cnot6/Ythdf2/Tmod4/Wnk3/Acta1/Negr1/Pgm5/Prox1/Prkar1a/Dcaf13"
"GOBP_MITOCHONDRIAL_FISSION",0.00179673732223218,0.0442663912856395,0.45505986738723,0.549625716877041,1.88153741556107,27,"Irgm2/Mtfr2/Gdap1/Ucp2/Bnip3/Dnm1l/Myo19/Mcu/Mff/Inf2/Opa1"
"GOBP_CHROMOSOME_LOCALIZATION",0.00185145096041133,0.0452494614724528,0.45505986738723,0.37950406186471,1.6321447552614,76,"Ccnb1/Knl1/Nuf2/Cep55/Ect2/Kif18a/Abraxas1/Cdca8/Ube2b/Racgap1/Apc/Abraxas2/Ccdc66/Rrs1/Ttl/Pibf1/Terb1/Map1s/Zfp207/Pdcd6ip/Chmp2b/Cenpf/Cdc42/Chmp7/Cdk1/Chmp1b/Spc25/Kif22/Rb1/Kpnb1/Kif2c/Fmn2/Actr2/Ndel1/Actr3"
"GOBP_POSITIVE_REGULATION_OF_MYELOID_CELL_DIFFERENTIATION",0.00188034907621285,0.0455910033954782,0.45505986738723,0.406565970571429,1.68933869511288,62,"Tnfsf11/Inhba/Kitl/Creb1/Rcor1/Ccr1/Hmgb2/Abcb10/Acvr2a/Isg15/Klf10/Kat7/Stat1/Il34/Ppp3ca/Med1/Tnf/Hmgb1/Il23r/Stat3"
"GOBP_CYTOKINESIS",0.00190702477809619,0.0458737062762509,0.45505986738723,0.334859774192524,1.56274009434895,119,"Rhob/E2f8/Rock2/Nusap1/Ahctf1/Cep55/Exoc3/Ect2/Rock1/Ckap2/Cspp1/Cdca8/Klhl9/Racgap1/Myo19/Apc/Sh3glb1/Ccdc66/Exoc2/Prc1/Ttc19/Spast/Son/Exoc5/Mitd1/Exoc6/Wnk1/Opn1mw/Trim36/Pkn2/Pdcd6ip/Cecr2/Kif20b/Chmp2b/Birc6/Cdc42/Klhdc8b/Chmp7/Prpf40a/Chmp1b/Klhl21/Arf6/Svil"
"GOBP_MYELOID_LEUKOCYTE_MIGRATION",0.00192722960639973,0.0459975503714935,0.45505986738723,0.333154187772126,1.56308869179155,124,"Cxcr2/Ppbp/Fpr2/Thbs1/Tnfsf11/Cd177/Trem1/S100a8/Kitl/Ccl5/Csf3r/Vegfc/Pde4b/Ccr1/Dnm1l/Vegfd/Pafah1b1/Ccl7/Rac1/Mcu/Myd88/Jam3/Rtn4/Tnfaip6/Il34/Vav1/Il6ra/Hmgb1/Ednrb/Pecam1"
"GOBP_PROTON_MOTIVE_FORCE_DRIVEN_ATP_SYNTHESIS",0.00200861481870113,0.0472444606778701,0.431707695803346,0.458827714356899,1.78263164411588,46,"mt-Atp6/mt-Atp8/mt-Nd6/mt-Nd5/mt-Nd2/mt-Nd4/mt-Nd1/Atp5a1/Ndufb5/Atp5b/Ndufs2/Sdhb"
"GOBP_ERYTHROCYTE_HOMEOSTASIS",0.00201040258203702,0.0472444606778701,0.431707695803346,0.354209642594916,1.59930938199759,98,"Slc4a1/Klf2/Inhba/Tcea1/Vps13a/Epas1/Mafb/Fech/Rcor1/Ptbp3/Jak2/Hmgb2/Alas2/Racgap1/Abcb10/Rac1/Acvr2a/Cdk6/Isg15/Cebpg/Bcl6/Kat7/Stat1/Srf/Med1/Heatr3/Klf1/Ncapg2/Hspa9/Stat3/Dmtn/Pla2g10"
"GOBP_REGULATION_OF_SPINDLE_CHECKPOINT",0.00204508464759577,0.0475494012592333,0.431707695803346,0.643205278675449,1.94903515649281,17,"Ccnb1/Mad2l1/Knl1/Gen1/Prpf4b/Cdca8/Dync1li1"
"GOBP_IMPORT_INTO_NUCLEUS",0.00205450768125002,0.0475494012592333,0.431707695803346,0.355840150636266,1.62376492418792,104,"Kpna2/Cse1l/Atf2/Ipo5/Nfkbia/Cwh43/Ect2/Txnip/Kpna1/Smad3/Ranbp6/Jak2/Il33/Cd36/Ipo11/Kcnq3/Cdkn1a/Cblb/Nup54/Appl1/Mavs/Elavl1/Ppp3r1/Ipo7/Ppp3ca/Med1/Sumo1/Heatr3/Rbm22/Stat3/Prickle1/Tnpo3/Nup188/Snupn/Nup107/Cdk1/Ipo8/Epm2a"
"GOBP_PROTEIN_MODIFICATION_BY_SMALL_PROTEIN_CONJUGATION",0.00210548073874796,0.0483627342622183,0.431707695803346,0.235500946673868,1.30284308149156,480,"Uhrf1/Trim59/Mad2l1/Cul2/Rps27a/Spsb1/Cul9/Ube2n/Trim23/Spopl/Btbd1/Cdca3/Shprh/Asb1/Epas1/Asb15/Dtl/Vcpip1/Gtpbp4/Tnks2/Asb4/Klhl7/Ube2ql1/Fbxo5/Rnf122/Herc3/Neurl1b/Socs3/Npepps/Ltn1/Bmi1/Eya1/Kbtbd8/Rnf168/Asb14/Cul5/Ccar1/Ube2b/Klhl9/Rps2/Hace1/Kcmf1/Herc6/Rnf139/Bag2/Mid2/Hdac4/Smc5/Cblb/Plaa/Rnf2/Uba6/Tnfaip3/Rnf38/Cops7b/Rnf146/Herc4/Sae1/Kbtbd2/Med27/Ubr3/Rlim/Capn3/Ube2l6/Smc6/Fem1c/Isg15/Ivns1abp/Rmnd5a/Ube2d3/Rnf125/Ercc8/N4bp1/Rnf217/Cbfb/Sh3rf2/Neurl1a/Mdm4/Ccnf/Ifih1/Rangap1/Cops3/Rnf123/Rnf14/Wnk1/Fanci/Rnf114/Sh3rf1/Med1/Dtx3l/Mkrn3/Cul1/Sumo1/Smurf2/Ube3c/Kbtbd7/Slf2/Uhrf2/Senp2/Ttc3/Senp5/Aimp2/Pink1/Peli1/Dcaf6/Rbbp6/Prickle1/Huwe1/Spop/Birc6/Trim25/Anapc10/Det1/Rnf208/Trip12/Mylip/Rnf19a/Rnf26/Herc1/Ube2cbp/Ogt/Rnf115/Dcaf13/Nedd4/Irf2bpl/Socs4/Klhl15/Trim56/Klhl21/Fbxo31/Epm2a/Asb10/Asb3/Cdc27/Ube2l3/Dcun1d2/Rnf128/Fem1a/Spsb4/Rnf20/Fbxo6/Ube2v2/Klhl20/Cdc20/Rnf144b"
"GOBP_PURINE_CONTAINING_COMPOUND_CATABOLIC_PROCESS",0.00228003246736297,0.0519813372223424,0.431707695803346,0.373115706791333,1.64928754435898,86,"Gapdh/Slc4a1/Mlycd/Ppp2ca/Mtor/Tigar/Prkaa2/Ucp2/Pde7a/Gda/Adal/Pklr/Prkaa1/Pde4b/Gck/Nudt19/Pfkfb1/Hdac4/Acat1/Lipa/Ddit4/Enpp4/Sucla2/Nudt10/Nudt4/Foxk2/Ppara/Ogdh"
"GOBP_CELL_CYCLE_DNA_REPLICATION",0.0023070962968003,0.052027411254475,0.431707695803346,0.552689462895272,1.87367842467824,26,"E2f8/Fen1/Atad5/Donson/Atrx/Mcm6/Fbxo5"
"GOBP_GRANULOCYTE_CHEMOTAXIS",0.00231611388890625,0.052027411254475,0.431707695803346,0.419683081391092,1.72490616792309,59,"Cxcr2/Ppbp/Thbs1/Trem1/S100a8/Ccl5/Csf3r/Pde4b/Dnm1l/Ccl7/Rac1/Mcu/Jam3/Tnfaip6/Il34/Vav1"
"GOBP_MYELOID_CELL_DIFFERENTIATION",0.0023481449387004,0.052361918158611,0.431707695803346,0.271217048216022,1.40669437721086,256,"Slc4a1/Tob2/Klf2/Tnfsf11/Inhba/Kitl/Tcea1/Mtor/Vps13a/Nfkbia/Ucp2/Epas1/Csf3r/Mafb/Tfrc/Mitf/Itgb6/Bglap/Prkx/Fech/Creb1/Rcor1/Ccdc39/Cdc73/Large1/Purb/Ptbp3/Jak2/Il33/Ccr1/Lbr/Hmgb2/Alas2/Pafah1b1/Racgap1/Lipa/Rbpj/Abcb10/Rac1/Acvr2a/Cdk6/Isg15/Myd88/Klf10/Cebpg/Bcl6/Cbfb/Kat7/Tnfaip6/Stat1/Srf/Il34/Ppp3ca/Med1/Gabpa/Tet2/Tnf/Hmgb1/Heatr3/Il23r/Klf1/Gp5/Ncapg2/Hspa9/Stat3/Dmtn/Bglap2/Pla2g10"
"GOBP_REGULATION_OF_NUCLEAR_DIVISION",0.00246761141220914,0.0546271946688329,0.431707695803346,0.367516103496834,1.62247278520194,85,"Rad1/Ccnb1/Mad2l1/Knl1/Cul9/Nuf2/Nusap1/Gen1/Epgn/Bub1/Fbxo5/Prpf4b/Cdca8/Ube2b/Mki67/Apc/Ereg/Igf2/Dync1li1/Tnf/Rad21/Cdc25c/Zfp207/Kif20b/Psmg2/Cenpf/Cdc42/Spc25/Bora/Cdc20/Il1b/Rb1/Tgfa/Msx2/Btc"
"GOBP_ENDOTHELIAL_CELL_DIFFERENTIATION",0.0025753148009086,0.0566013432861566,0.431707695803346,0.372176896256433,1.60063258946344,76,"S1pr1/Apold1/Rock2/Stc1/Bmpr2/Smad4/Rock1/Tjp1/Icam1/Set/Lipa/Rbpj/Rdx/Fzd4/Myd88/Rap2b/Nrg1/Id1/Tnf/Heg1/Ednrb/Pecam1/Tnfrsf1a/Rapgef6/Ppp1r12a/S1pr3/Prox1/Cdh5/Rap1b/Cldn5"
"GOBP_NUCLEIC_ACID_CATABOLIC_PROCESS",0.00263854771174834,0.0575768804242227,0.431707695803346,0.275807287014743,1.39515010893383,212,"Fastkd1/Rock2/Celf1/Ppp2ca/Ythdf3/Rnaseh2b/Eri1/Cnot6l/Fen1/Noct/Cnot11/Cnot9/Slfn9/Rock1/Gdnf/Lsm2/Ncbp1/Ints8/Tbrg4/Larp4b/Trex2/Mettl16/Pum2/Trdmt1/Supv3l1/Csde1/Dcp2/Slfn8/Angel2/Pop1/Elavl4/Cnot7/Dnase1l3/Myd88/Fxr1/Ago2/Exosc2/Elavl1/Wdr82/Dhx9/Grsf1/Samd4/Dkc1/Tnrc6b/Mtpap/Fastkd5/Pde12/Etf1/Xrn1/Cacng7/Dffa/Cecr2/Exosc8/Zc3h14/Tent5a"
"GOBP_NUCLEOSIDE_TRIPHOSPHATE_METABOLIC_PROCESS",0.00270225927793503,0.0585489510219256,0.431707695803346,0.306280196137579,1.50528436588865,168,"mt-Atp6/Gapdh/Slc4a1/mt-Atp8/Fignl1/mt-Nd6/Ppp2ca/Atp1b1/mt-Nd5/Mtor/Tigar/Prkaa2/Ucp2/Parg/Pklr/mt-Nd2/mt-Nd4/Prkaa1/Gck/Dnm1l/Pfkfb1/Hdac4/Cmpk2/Lipa/mt-Nd1/Ddit4/Rrm2b/Atp5a1/Mfn1/Map2k1/Abcc9/Opa1/Rhoq/Foxk2/Ppara/Slc25a25/Ndufb5/Ogdh/Atp5b/Ndufs2/Stat3/Pink1"
"GOBP_POSITIVE_REGULATION_OF_CELL_DIVISION",0.00272878306449091,0.0587072694508431,0.431707695803346,0.417049198743233,1.69177594328496,56,"Ppbp/Ect2/Vegfc/Garem1/Fgf2/Cspp1/Cdca8/Vegfd/Racgap1/Ereg/Igf2/Spast/Wnk1/Opn1mw/Pkn2/Kif20b/Cdc42/Arf6/Svil/Il1b/Fgf6/Tgfa/Btc/Itgb1bp1"
"GOBP_POSITIVE_REGULATION_OF_CHROMOSOME_SEGREGATION",0.00279290953184972,0.0590487910519534,0.431707695803346,0.558540156422896,1.86278788172113,24,"Ncapg/Ccnb1/Ncaph/Smc4/Ncapd2/Cdca8/Smc5/Smc6"
"GOBP_INTERMEDIATE_FILAMENT_BASED_PROCESS",0.0028328611898017,0.0590487910519534,0.34452128726268,-0.472031703283495,-1.71695322612786,52,"Krt79/Krt25/Krt27/Krt75/Agfg2/Krt10/Pkp2/Krt7/Krt20"
"GOBP_LIPID_CATABOLIC_PROCESS",0.00283860502838605,0.0590487910519534,0.318279675040437,-0.354025203312916,-1.56587964038327,173,"Lipf/Adora1/Plch1/Slc27a4/Pnpla3/Adipoq/Ldlr/Bdh2/Sumf1/Liph/Faah/Hexb/Echdc1/Pla2g2d/Pex2/Plin1/Clstn3/Asah2/Acaa1a/Ces1d/Abhd15/Abhd16a/Sirt2/Smpd2/Enpp2/Pnpla6/Acox2/Hexa/M6pr/Ldah/Akr1c18/Asah1/Naga/Hcar1/Neu1/Cpt1b/Abcd2/Bscl2/Acot7/Hacl1/Lypla2/Sorl1/Gde1/Ddhd2/Pld1/Fuca1/Gba/Plcg1/Pafah2/Mfsd2a/Smpdl3a/Pafah1b3/Gdpd1/Ppt1/Abhd4/Gm2a/Snx17/Cyp2w1/Smpdl3b"
"GOBP_NEGATIVE_REGULATION_OF_GLIOGENESIS",0.00284376045500167,0.0590487910519534,0.354819512103747,-0.602081299238175,-1.81146664898232,22,"Nr1d1/Ldlr/Cers2/Sox10/Sirt2/Hes1/Tmem98/Id2"
"GOBP_RIBOSE_PHOSPHATE_METABOLIC_PROCESS",0.00285883761818232,0.0590487910519534,0.431707695803346,0.281277126045986,1.4259640101379,213,"mt-Atp6/Gapdh/Slc4a1/mt-Atp8/Fignl1/mt-Nd6/Ppp2ca/Rnaseh2b/Atp1b1/mt-Nd5/Adcy2/Mtor/Tigar/Prkaa2/Ucp2/Pde7a/Parg/Gda/Pklr/mt-Nd2/mt-Nd4/Prkaa1/Pde4b/Gck/Dnm1l/Pfkfb1/Sult1b1/Hdac4/Lipa/mt-Nd1/Ddit4/Adsl/Adcy4/Atp5a1/Mfn1/Map2k1/Nudt10/Nudt4/Abcc9/Opa1/Rhoq/Foxk2/Ppara/Slc25a25/Ndufb5/Ogdh"
"GOBP_NEGATIVE_REGULATION_OF_GENE_EXPRESSION_EPIGENETIC",0.0028606288300128,0.0590487910519534,0.431707695803346,0.350168194441579,1.56949068473529,93,"Lmnb2/Uhrf1/Hells/Pcgf5/Atrx/Rif1/Bmi1/Pphln1/Mtf2/Smarca5/Lbr/Hdac4/Pcgf3/Eed/Smchd1/Rlim/Smarca1/Bcl6/Mis18a/Spin1/Hmgb1/Uhrf2/Mecp2/Cdk2/Tdrd9/Mettl4/Dyrk1a/Ythdc1/Sin3a/Trip12/Hdac2/Smarcad1/Rbm15b/Ezh1/Znfx1/Baz1a/Rb1/Rrp8/Ezh2/Ppm1d/Crebzf"
"GOBP_HORMONE_METABOLIC_PROCESS",0.00302245250431779,0.0619704187965829,0.318279675040437,-0.386676446990013,-1.60602183038645,111,"Gcnt4/Awat2/Prcp/Enpep/Dhrs7/P4hb/Rbp4/Hid1/Cyp17a1/Gata3/Cpa3/Ace/Ctsz/Ghr/Hsd17b12/Dio1/Furin/Cma1/Ctsl/Gnb3/Tcf7l2/Akr1c18/Anpep/Rdh11/Rbp1/Ctsb/Dhrs3/Bace2/Scpep1/Pcsk1n/Aldh8a1"
"GOBP_MICROTUBULE_POLYMERIZATION_OR_DEPOLYMERIZATION",0.00311383686031791,0.0634184773884748,0.431707695803346,0.348690218571256,1.58514353529959,101,"Tpx2/Ppp2ca/Map1b/Haus6/Fbxo5/Clasp2/Fgf13/Kif18a/Ckap2/Stmn4/Togaram1/Taok1/Ckap5/Apc/Ccdc66/Rac1/Camsap1/Tubg2/Nedd1/Spast/Hdgfl3/Cep192/Haus3/Nin/Haus4/Map1s/Mecp2/Zfp207/Camsap2/Atxn7/Pde4dip/Dyrk1a/Ssna1/Map4/Ranbp9/Kif24/Cdh5/Snca"
"GOBP_MUSCLE_CELL_DEVELOPMENT",0.00332787478689206,0.0673288574434121,0.431707695803346,0.330987271654841,1.54370094782923,118,"Ccnb1/Kel/Mtor/Smad4/Xk/Myf6/Ttn/Sgcb/Ppp3cb/Large1/Rcan1/Myf5/Tomm70a/Homer1/Six4/Eng/Lmod2/Neb/Akap6/Naca/Capn3/Adprhl1/Bves/Flii/Srf/Csrp3/Ppp3ca/Actn2/Chrnb1/Ppara/Mybpc1/Ankrd1/Yy1/Prickle1/Alpk3/Tmod4/Acta1/Sypl2/Pgm5/Prox1/Prkar1a/Actn3/Cdk1/Myh3/Rgs2/Ank2/Myom1"
"GOBP_MONOCARBOXYLIC_ACID_METABOLIC_PROCESS",0.00338430684382051,0.0680201145254714,0.279865652661932,-0.300159599395664,-1.41732771444633,319,"Fa2h/Nr1d1/Fbp1/Scd1/Insig1/Pcx/Acsl5/Fads3/Mthfd2/Slc27a4/Pnpla3/Thnsl2/Scd2/Fasn/Dbi/Acsm3/Fah/Elovl4/Galk1/Aldob/Acsm2/Adipoq/Acot12/Prkar2b/Bdh2/Alox8/Xbp1/Slc27a3/Slc4a4/Faah/Echdc1/Hsd17b12/Pex2/Phgdh/Acbd4/Asah2/Acaa1a/Gstm2/Ces1d/Fads1/Sirt2/Atp6v1b1/Acox2/Pecr/Comt/Cryl1/C3/Ptgis/Jmjd8/Abat/Osbpl2/Ggt5/Cyp2a5/Cd74/Akr1c18/App/Ndufs6/Rbp1/Asah1/Cyp2f2/Akr1a1/Aldh3a2/Pfkfb3/Ephx1/Cpt1b/Abcd2/Slc38a1/Pm20d1/Cygb/Trib3/Cbr1/Mccc1/Scpep1/Hacd1/Acot7/Hacd4/Slc25a16/Aldh8a1/Hacl1/Fgfr4/Lypla2"
"GOBP_DOLICHOL_LINKED_OLIGOSACCHARIDE_BIOSYNTHETIC_PROCESS",0.00342700479780672,0.0682738615137598,0.326351610990907,-0.655647099745094,-1.8231938774432,16,"Mpdu1/Dpagt1/Dolk/Alg5/Rft1/Dhdds/Alg1/Alg11/Alg8/Alg3/Alg6"
"GOBP_AMINO_ACID_METABOLIC_PROCESS",0.00345065562456867,0.0682738615137598,0.291090917251384,-0.360612978780513,-1.56712301430157,154,"Sardh/Cbs/Cdo1/Aass/Asns/Thnsl2/Fah/Pycr1/P4hb/Ears2/Aldh18a1/Fpgs/Nadsyn1/Pah/Phgdh/Pts/Tph2/Bcat2/Dio1/Sars/Cln3/Abat/Ggt5/Gpt2/Cth/Mccc2/Aars/Ass1/Oat/Tars/Bphl/Slc38a1/Pm20d1/Dpyd/Kyat3/Asl/Mccc1/Azin2/Pepd/Aldh8a1/Art4/Rars/Lars/Yars/Arg2/Ddc/Mri1/Eprs/Afmid/Odc1/Vars/Nos3"
"GOBP_METAPHASE_CHROMOSOME_ALIGNMENT",0.0034639766070811,0.0682738615137598,0.431707695803346,0.396781271110373,1.66089180636966,65,"Ccnb1/Knl1/Nuf2/Cep55/Ect2/Kif18a/Abraxas1/Cdca8/Racgap1/Apc/Abraxas2/Ccdc66/Rrs1/Ttl/Pibf1/Map1s/Zfp207/Pdcd6ip/Chmp2b/Cenpf/Cdc42/Chmp7/Cdk1/Chmp1b/Spc25/Kif22/Rb1/Kpnb1/Kif2c"
"GOBP_MICROTUBULE_POLYMERIZATION",0.00362664935582258,0.0704778430861201,0.431707695803346,0.379075484973123,1.62637609148008,74,"Tpx2/Ppp2ca/Map1b/Haus6/Fbxo5/Clasp2/Fgf13/Togaram1/Ckap5/Ccdc66/Rac1/Camsap1/Tubg2/Nedd1/Hdgfl3/Cep192/Haus3/Nin/Haus4/Mecp2/Zfp207/Camsap2/Pde4dip/Dyrk1a/Ssna1/Map4/Ranbp9/Cdh5/Snca"
"GOBP_ESTABLISHMENT_OF_PROTEIN_LOCALIZATION_TO_ENDOPLASMIC_RETICULUM",0.00362824143962718,0.0704778430861201,0.431707695803346,-0.549650353696272,-1.78171288904269,30,"Hspa5/Spcs2/Sec61a1/Srp72/Srprb/Spcs1/Tram1/Srp54a/Srp68/Ssr3/Sec63/Sec61b/Edem1/Ubl4a/Get4/Zfand2b/Sec62"
"GOBP_ASSOCIATIVE_LEARNING",0.00364500792393027,0.0704778430861201,0.303779434551183,-0.483758502031583,-1.7008819586345,44,"Drd1/Hmgcr/Slc1a1/Ift20/Chrnb2/Cln3/Cdk5/Pln/Comt/Reln/App/Meis2/B4galt2/Grin1/Ddhd2/Ppt1/Rapgef3"
"GOBP_REGULATION_OF_HORMONE_LEVELS",0.00369144602851324,0.0709268403591694,0.269842314478839,-0.307704060993575,-1.43359498589064,275,"Nr1d1/Gcnt4/Adora1/Awat2/Nnat/Prcp/Slc2a2/Enpep/Serp1/Dhrs7/Adipoq/P4hb/Rbp4/Hid1/Ildr1/Foxd1/Ffar2/Cyp17a1/C1qtnf3/Gata3/Cpa3/Tfr2/Ace/Ctsz/Ghr/Hsd17b12/Cftr/C1qtnf12/Myrip/Bcat2/Dio1/Furin/Cma1/Snx4/Abat/Ctsl/H2-Eb1/Gnb3/Casr/Tcf7l2/Ffar4/Akr1c18/Anpep/Rdh11/Acvr1c/Slc8b1/Rbp1/Ctsb/Dhrs3/Fam3b/Bace2/Chrm3/Arntl/Vamp8/Snx19/Scpep1/Pcsk1n/Aldh8a1/C2cd2l/Mafa/Ctsk/Sytl4/Cpq/Sox11/Slc7a5/Snx6/Sox4/Eny2/Rab11fip5"
"GOBP_PROTEIN_LOCALIZATION_TO_CHROMOSOME",0.00383542947804793,0.0732327315964777,0.431707695803346,0.378503244730524,1.59632309328807,67,"Knl1/Tonsl/Esco2/Topbp1/Atrx/Vcpip1/Tnks2/Ints8/Vrk1/Pphln1/Nipbl/Smc5/Mrnip/Xrcc5/Mis18a/Spin1/Mms22l/Rad21/Spidr/Slf2/Chmp7/Brd3/Pot1a/Cdk1/Rhno1"
"GOBP_REGULATION_OF_CARBOHYDRATE_METABOLIC_PROCESS",0.00390044063639096,0.0740114667340024,0.431707695803346,0.343841511451338,1.54113382601403,93,"Pdk4/Slc4a1/Ppargc1a/Mlycd/Plek/Ppp2ca/Mtor/Tigar/Prkaa2/Pmaip1/Ppp4r3a/Prkaa1/Gck/Dyrk2/Pfkfb1/Phka1/Hdac4/Rorc/Ddit4/Ppp1r3f/Pdk1/Igf2/Khk/Foxk2/Sdhaf3/Ppara/Hmgb1/Stat3/Wdr5/Sik1/Adipor1/Ogt/Snca/Actn3/Pdk2/Ppp1r3d"
"GOBP_LEUKOCYTE_HOMEOSTASIS",0.00398920674488925,0.0752285592940535,0.407017918923954,0.386965126694205,1.63546309630717,68,"Ccnb2/Tsc22d3/Ppp2ca/Kitl/2610528A11Rik/Bcl2l11/Sash3/Tnfsf14/Pmaip1/Ppp3cb/Pde4b/Gpam/Dock11/Sos1/Lipa/Tnfaip3"
"GOBP_MICROTUBULE_CYTOSKELETON_ORGANIZATION",0.004087258837631,0.0766047591960902,0.407017918923954,0.240926609781164,1.31192611092542,410,"Gapdh/Ccnb2/Fignl1/Uhrf1/Tpx2/Ccnb1/Mad2l1/Rock2/Cul9/Nuf2/Nusap1/Ppp2ca/Gen1/Brsk2/Map1b/Tacc2/Kif15/Haus6/Prkaa2/Atrx/Mcph1/Aspm/Fbxo5/Xpo1/Clasp2/Fgf13/Rock1/Dnaaf5/Mark3/Ccdc39/Phldb2/Trdn/Chordc1/Cep126/Kif18a/Prkaa1/Ckap2/Abraxas1/Stmn4/Cdca8/Traf3ip1/Ube2b/Pafah1b1/Togaram1/Taok1/Racgap1/Ckap5/Apc/Tuba8/Bicd1/Abraxas2/Ccdc66/Kif11/Rac1/Poc5/Prc1/Camsap1/Ccnl1/Sugt1/Stag2/Tubg2/Dync1li1/Nedd1/Neurl1a/Spast/Ttll4/Cep76/Ccnf/Son/Ttl/Hdgfl3/Tuba1c/Rp1/Stard9/Cep192/Haus3/Trim36/Ttc26/Cep97/Pibf1/Nin/Haus4/Map1s/Mecp2/Zfp207/Cdk2/Pdcd6ip/Camsap2/Atxn7/Ccdc88b/Ppp1r12a/Pde4dip/Chmp2b/Dyrk1a/Epha3/Prickle1/Dnal1/Ssna1"
"GOBP_COPII_COATED_VESICLE_BUDDING",0.00420521446593776,0.0783349402039016,0.291090917251384,-0.608705117777629,-1.78988536260758,20,"Insig1/Tmed10/Trappc3/Surf4/Tbc1d20/Preb/Trappc11/Sec13"
"GOBP_NEGATIVE_REGULATION_OF_CHROMOSOME_ORGANIZATION",0.00432324212538512,0.0798984782445799,0.407017918923954,0.393744037814286,1.64817821260203,65,"Ccnb1/Mad2l1/Knl1/Nuf2/Gen1/Atrx/Bub1/Tnks2/Fbxo5/Prpf4b/Smarca5/Cdca8/Dcp2/Apc/Ten1/Dync1li1/Ctc1/Rad21/Zfp207/Xrn1/Psmg2/Cenpf"
"GOBP_REGULATION_OF_GENERATION_OF_PRECURSOR_METABOLITES_AND_ENERGY",0.00434145577368258,0.0798984782445799,0.407017918923954,0.36492070531116,1.59458220444776,82,"Slc4a1/Ccnb1/Ppp2ca/Mtor/Tigar/Prkaa2/Tefm/Prkaa1/Gck/Dyrk2/Pfkfb1/Phka1/Hdac4/Pik3ca/Rbpj/Ghitm/Ddit4/Ppp1r3f/Igf2/Khk/Oas1g/Ppara/Tnf/Hmgb1/Stat3/Pink1/Etfrf1/Ogt/Opn3/Snca/Actn3/Cdk1/Ppp1r3d"
"GOBP_RESPONSE_TO_FUNGUS",0.0045045045045045,0.0823787643455001,0.354819512103747,0.487350346004478,1.7635918703684,34,"Mpo/Gapdh/Camp/S100a8/2610528A11Rik"
"GOBP_ORGANIC_ANION_TRANSPORT",0.00453015790836138,0.0823787643455001,0.245188063659135,-0.3196621213845,-1.46702544909154,238,"Folr1/Adora1/Slc25a10/Slc2a2/Acsl5/Slc17a1/Selenon/Slc35c2/Slc27a4/Slc10a3/Sfxn5/Mgst1/Calhm2/Slc27a3/Slc33a1/Slc4a4/Umod/Slc1a1/Ace/Calhm5/Pla2g2d/Slc6a13/Cftr/Ces1d/Lrrc8d/Sfxn1/Slc16a13/Slc22a6/Praf2/Cln3/Slc22a29/Lrp2/Slc17a9/Abat/Slc2a9/Slco2b1/Slc13a3/Casr/Slc1a4/Sfxn2/Slc13a2/Rbp1/Slc44a4/Slc7a13/Slc25a5/Slc35a2/Slc2a5/Slc7a3/Slc6a12/Slc22a2/Cpt1b/Abcd2/Slc38a1/Slc35b3/Slc52a2/Slc25a16/Slc37a1/Slc2a10/Slc7a5/Lrrc8e/Kcnk2/Slc52a3/P2rx4/Mfsd2a/Slc5a8/Slc7a6/Llgl2/Gfap/Eprs/Cltrn/Plin2/Tmem135/Slc37a2/Slc46a1/Slc23a1/Slc17a5/Cr1l/Slc22a3/Slc2a1/Slc43a2"
"GOBP_FATTY_ACYL_COA_METABOLIC_PROCESS",0.00465812676759275,0.0829975096219153,0.274717458595242,-0.578724009148099,-1.76119832398482,23,"Far2/Acsl5/Fasn/Elovl4/Acsm2/Hsd17b12/Hacd1/Acot7/Elovl7/Acaca/Ppt1/Far1"
"GOBP_POSITIVE_REGULATION_OF_OSTEOCLAST_DIFFERENTIATION",0.00468891068224186,0.0829975096219153,0.407017918923954,0.614115226746806,1.86088672893344,17,"Tnfsf11/Creb1/Ccr1/Klf10/Ppp3ca/Tnf/Il23r/Ppargc1b/Slc9b2/Pou4f1/Traf6/Rptor/Tmem64"
"GOBP_REGULATION_OF_CELL_CYCLE_PHASE_TRANSITION",0.00471948082124043,0.0829975096219153,0.407017918923954,0.265757561133741,1.3783782008067,256,"Rad1/Ccnb1/Mad2l1/Knl1/Nuf2/Inhba/Ppp2ca/Rnaseh2b/Timeless/Gen1/Mre11a/Tiprl/Topbp1/Atf2/Rbl2/2610528A11Rik/Atad5/Donson/Bub1/Cdc5l/Dtl/Gtpbp4/Slfn9/Ccne2/Fbxo5/Tfdp1/Wac/Rrm2/Mark3/Tcim/Cdc73/Prpf4b/Fhl1/Abraxas1/Cdca8/Hus1/Cdkn1a/Taok1/Zfp655/Apc/Lsm11/Mrnip/Appl1/Cdk6/Trp63/Atrip/Rdx/Rrm2b"
"GOBP_COLLAGEN_METABOLIC_PROCESS",0.00472143531633617,0.0829975096219153,0.265216893779997,-0.459313951601865,-1.67069407737371,52,"Serpinh1/Pcolce/Mfap4/Mrc2/P3h1/Col5a1/Furin/Ctsl/Ctsb/Rcn3/Col1a1/Adamts2/Cygb/Mmp2/Pepd/Ctss/Ctsk/Col1a2/Creb3l1/Vsir/P3h4/BC004004"
"GOBP_FATTY_ACID_DERIVATIVE_METABOLIC_PROCESS",0.00474158368895211,0.0829975096219153,0.265216893779997,-0.460516043055411,-1.66217321319477,50,"Far2/Awat2/Acsl5/Fasn/Elovl4/Acsm2/Alox8/Hsd17b12/Abhd16a/Pecr/Ggt5/Aldh3a2/Abcd2/Hacd1/Acot7/Lypla2/Elovl7/Acaca/Ppt1/Far1/Tmem135"
"GOBP_TRANSFORMING_GROWTH_FACTOR_BETA_PRODUCTION",0.00475184059346395,0.0829975096219153,0.407017918923954,0.623572461805745,1.8559444588638,16,"Thbs1/Atf2/Smad4/Ptgs2/Itgb6/Creb1/Smad3"
"GOBP_ENDOCRINE_PROCESS",0.00475435816164818,0.0829975096219153,0.265216893779997,-0.470848683300453,-1.65549138115254,44,"Prcp/Enpep/Oxtr/Foxd1/C1qtnf3/Gata3/Cpa3/Ace/Ctsz/Sucnr1/Cma1/Comt/Anpep"
"GOBP_LIPID_BIOSYNTHETIC_PROCESS",0.00482043865991805,0.0836729551480094,0.229089382980959,-0.283312610076026,-1.3681157733149,407,"Bglap3/Fa2h/Far2/Nr1d1/Scd1/Awat2/Insig1/Dhcr24/Hmgcs1/Acsl5/Fads3/Degs2/Ormdl3/Pnpla3/Thnsl2/Scd2/Fasn/Acsm3/Elovl4/Acsm2/Ldlr/Hmgcr/Alox8/Xbp1/Ugt8a/Pigk/Liph/Dhcr7/Cyp17a1/Cers2/Hexb/Hsd17b12/Pi4k2b/Lcat/Asah2/Cftr/Gstm2/Ces1d/Ebp/St3gal4/Fads1/Pigz/Cerkl/Sirt2/Smpd2/Cln3/Mvd/Tm7sf2/Pecr/C3/Ptgis/Dolk/Ggt5/Sptlc1/Cd74/Akr1c18/Dpm3/Mtmr7/Prlr/Rbp1/Slc44a4/St6galnac5/Asah1/Ormdl2/Paqr4/Cdipt/Dhdds/B3galt2/Abcd2/Trib3/Sh3yl1/Cbr1/Hacd1/Acot7/Hacd4/Srebf2/Pip5k1b/Cers5/Aldh8a1/Pik3r1/Fgfr4/Pigl/Sdr42e1/Elovl7/Fdps/Htr2b/Pcyt2/Cyp2e1/Sqle/Acaca/Gstm4/Mecr/Pld1/Csnk1g2/Msmo1/Gba/A3galt2/Acly/Mfsd2a"
"GOBP_DOUBLE_STRAND_BREAK_REPAIR_VIA_NONHOMOLOGOUS_END_JOINING",0.00489795918367347,0.0845382220684884,0.34452128726268,0.429263513857011,1.7050773698836,50,"Mre11a/Topbp1/Aste1/Dek/Rif1/Rnf168/Hmgb2/Smc5/Smchd1/Mrnip/Ercc8/Xrcc5/Hmgb1/Fh1/Dclre1a/Dclre1b/Ercc6/Lig4/Pnkp/Pot1a/Rhno1"
"GOBP_REGULATION_OF_CELL_DIVISION",0.00496835784264667,0.0852715348836268,0.407017918923954,0.334511738772185,1.5281973164593,105,"Ppbp/E2f8/Ahctf1/2610528A11Rik/Dr1/Aspm/Ect2/Vegfc/Txnip/Garem1/Fgf2/Cspp1/Cdca8/Klhl9/Vegfd/Prdm15/Racgap1/Myo19/Yeats2/Ereg/Sh3glb1/Ccdc66/Prc1/Trp63/Igf2/Spast/Wnk1/Opn1mw"
"GOBP_ANTIVIRAL_INNATE_IMMUNE_RESPONSE",0.0050344462109168,0.0854457398575046,0.335068558717014,0.481018138183867,1.74067728679322,34,"Ube2n/Dhx58/Ifit1bl1/Smarca5/Mavs/Ifih1/Tbk1/Oas1g/Tnf/Pde12/Nmbr/Trim25/Zbp1/Oas2/Traf6/Dhx15/Serinc3"
"GOBP_DISRUPTION_OF_ANATOMICAL_STRUCTURE_IN_ANOTHER_ORGANISM",0.0050344462109168,0.0854457398575046,0.335068558717014,0.483577458519285,1.74993878947649,34,"Gapdh/Ppbp/Camp/Trem1/Nts/Gbp5/Gbp2/Apol9a"
"GOBP_RENAL_FILTRATION",0.00508819538670285,0.0856656810725424,0.265216893779997,-0.622312853172356,-1.77918998190487,18,"Adora1/Sulf2/Rhpn2/Umod/Tbc1d8b/Comt"
"GOBP_POSITIVE_REGULATION_OF_MRNA_CATABOLIC_PROCESS",0.00510348738304508,0.0856656810725424,0.34452128726268,0.404553683771112,1.65773153506286,58,"Rock2/Celf1/Ythdf3/Cnot6l/Noct/Cnot11/Cnot9/Rock1/Mettl16/Pum2/Csde1/Dcp2/Cnot7/Fxr1/Ago2/Elavl1/Dhx9/Samd4/Tnrc6b"
"GOBP_ALPHA_AMINO_ACID_METABOLIC_PROCESS",0.00518358531317495,0.086534716566937,0.241698386096655,-0.38277879291244,-1.5797122102748,105,"Sardh/Cbs/Cdo1/Aass/Asns/Thnsl2/Fah/Pycr1/P4hb/Aldh18a1/Fpgs/Nadsyn1/Pah/Phgdh/Bcat2/Cln3/Gpt2/Cth/Mccc2/Ass1/Oat/Bphl/Kyat3/Asl/Mccc1/Azin2/Aldh8a1/Art4"
"GOBP_LEUKOCYTE_CHEMOTAXIS",0.00534110085702762,0.088679690859888,0.407017918923954,0.327815980629045,1.52524418072616,117,"S1pr1/Cxcr2/Ppbp/Fpr2/Thbs1/Tnfsf11/Trem1/S100a8/Ccl5/2610528A11Rik/Tnfsf14/Csf3r/Vegfc/Pde4b/Ccr1/Dnm1l/Vegfd/Ccl7/Rac1/Mcu/Jam3/Tnfaip6/Coro1a/Il34/Wnk1/Vav1/Il6ra/Hmgb1/Ednrb/Scg2/Lyst/Pikfyve/Flt1"
"GOBP_NEGATIVE_REGULATION_OF_CELLULAR_COMPONENT_ORGANIZATION",0.00548703398700829,0.0906102098935694,0.407017918923954,0.23463925755927,1.28226702055242,428,"Tbx6/S1pr1/Irgm2/Rad1/Thbs1/Tpx2/Ccnb1/Wdr44/Mad2l1/Rock2/Knl1/Nuf2/Neu3/Gen1/Map1b/Mtm1/Mtor/Smad4/Angptl4/Atrx/Bub1/Tfrc/Reck/Tnks2/Fbxo5/Clasp2/Fgf13/Ssh2/Rock1/Phldb2/Prpf4b/Tjp1/Ckap2/Bnip3/Smarca5/Cdca8/Traf3ip1/Lmod2/Dcp2/Pafah1b1/Svip/Taok1/Apc/Pik3ca/Ghitm/Rac1/Picalm/Appl1/Robo2/Irak3/Rdx/Schip1/Rhpn1/Jam3/Csnk1a1/Arhgef15/Rtn4/Ten1/Dync1li1/Flii/Ccnf/Xrcc5/Hdgfl3/Coro1a/Glce/Pfn2/Rtn4rl1/Ppp3ca/Capza2/Ptpn1/Rab7/Opa1/Ctc1/Trak2/Tnf/Cep97/Hmgb1/Fez2/Rad21/Tnfrsf1a/Crmp1/Shank3/Mkks/Zfp207/Xrn1/Camsap2/Atxn7/Pink1/Lmo4/Dmtn/Clec16a/Psmg2/Usp10/Lamp2/Cenpf/Dip2b/Bok/Dyrk1a/Epha3/Huwe1/Kremen1/Cdc42/Map4/Tmod4/Yap1/Mylip/Cd300lf/Kif24/Ogt/Cdh5/Fstl4/Snca/Hdac2/Pot1a/Mdm1/Adck1/Spc25/Sema4f/Wdr47/Ssh1/Arf6/Svil/Wasl"
"GOBP_CERAMIDE_BIOSYNTHETIC_PROCESS",0.00553097345132743,0.0906598135167698,0.245188063659135,-0.468558230473391,-1.65725705266409,45,"Fa2h/Degs2/Ormdl3/Ugt8a/Cers2/Asah2/Smpd2/Sptlc1/St6galnac5/Asah1/Ormdl2/Paqr4/B3galt2/Cers5/Mecr/Gba/P2rx1/B4galnt1"
"GOBP_GLUCAN_METABOLIC_PROCESS",0.00554938956714761,0.0906598135167698,0.326351610990907,0.410849554197974,1.65934248010653,54,"Rb1cc1/Phka2/Ppp1cb/Atg2b/Mgam/Ugp2/Gck/Dyrk2/Phka1/Ppp1r1a/Phkb/Ppp1r2/Ppp1r3f/Gyg/Igf2/Agl/Khk/Npc1/Gbe1/Hmgb1"
"GOBP_POSITIVE_REGULATION_OF_MUSCLE_ORGAN_DEVELOPMENT",0.00573613766730402,0.0929701765063907,0.297232921999731,0.617149754871851,1.81384450338023,15,"Mtm1/Myf6/Creb1/Myf5/Prkaa1/Naca/Igf2"
"GOBP_ATP_BIOSYNTHETIC_PROCESS",0.00576867608883761,0.0929701765063907,0.326351610990907,0.385927632714624,1.60810204646117,63,"mt-Atp6/mt-Atp8/mt-Nd6/mt-Nd5/mt-Nd2/mt-Nd4/Lipa/mt-Nd1/Atp5a1/Map2k1/Ppara/Ndufb5/Atp5b/Ndufs2/Stat3/Pink1/Sdhb"
"GOBP_GRANULOCYTE_MIGRATION",0.00578210590383445,0.0929701765063907,0.335068558717014,0.359316025647648,1.55126614827399,77,"Cxcr2/Ppbp/Thbs1/Cd177/Trem1/S100a8/Ccl5/Csf3r/Pde4b/Dnm1l/Ccl7/Rac1/Mcu/Myd88/Jam3/Rtn4/Tnfaip6/Il34/Vav1"
"GOBP_REGULATION_OF_BLOOD_PRESSURE",0.00608872136851261,0.0973876637738536,0.223479119117479,-0.382667159804795,-1.56857631940536,101,"Adora1/Prcp/Enpep/Kl/Manf/Acsm3/Klk1b1/Adipoq/Oxtr/Umod/Cpa3/Ace/Ctsz/Sucnr1/Stk39/Arhgap42/Cma1/Agtrap/Acta2/Comt/Abat/Id2/Gnb3/Anpep/Adm2/Ext2/Slc2a5/Scpep1/Klk1/Adrb1/Ednra/Col1a2/Ext1/P2rx4/Klk1b11/P2rx1/Nos3/Bbs4/Scnn1g/Cyba/Ndst2/Gas6/Lrp5/Kcnk6/P2rx2/Adra1a"
"GOBP_PYRUVATE_METABOLIC_PROCESS",0.00618192522814248,0.0983634456873712,0.318279675040437,0.370092208509677,1.56829645538153,69,"Pdk4/Gapdh/Slc4a1/Ppp2ca/Mtor/Tigar/Prkaa2/Ucp2/Pklr/Prkaa1/Gck/Pfkfb1/Hdac4/Lipa/Ddit4/Vdac1/Pdk1/Foxk2/Ppara/Ogdh/Dlat/Stat3/Pdhx/Ldhb/Ogt/Bpgm/Actn3/Pdk2"
"GOBP_MITOTIC_SPINDLE_ASSEMBLY",0.00631095811818703,0.0998962541505771,0.310776919977249,0.390910122155906,1.61211854951339,60,"Uhrf1/Tpx2/Kif15/Clasp2/Abraxas1/Cdca8/Racgap1/Abraxas2/Ccdc66/Kif11/Prc1/Stag2/Cep192/Cep97/Pibf1/Zfp207/Pdcd6ip/Chmp2b/Prickle1/Chmp7/Chmp1b"
"GOBP_NUCLEOTIDE_METABOLIC_PROCESS",0.00644827785257816,0.10154375690529,0.407017918923954,0.258135338856044,1.34820033603796,279,"mt-Atp6/Gapdh/Slc4a1/mt-Atp8/Fignl1/mt-Nd6/Neil2/Ppp2ca/Rnaseh2b/Atp1b1/mt-Nd5/Adcy2/Mtor/Tigar/Noct/Prkaa2/Ucp2/Pde7a/Parg/Gda/Adal/Pklr/mt-Nd2/Rrm2/mt-Nd4/Prkaa1/Pde4b/Gpd2/Gck/Slc25a22/Slc4a7/Dnm1l/Pfkfb1/Sult1b1/Hdac4/Cmpk2/Lipa/mt-Nd1/Ddit4/Adsl/Rrm2b/Slc25a12/Adcy4/Nampt/Atp5a1/Mfn1/Map2k1/Nudt10/Nudt4/Abcc9/Opa1/Rhoq/Foxk2/Ppara/Slc25a25/Idh2/Ndufb5/Ogdh/Ung/Atp5b/Ndufs2/Mdh1/Stat3/Pink1/Sdhb/Fmo2/Mdh2/Ldhb/Haao/Bloc1s6/Ogt/Bpgm/Actn3/Nnt/Atp1a2/Ak1/Rfk/Pde1a/Gucy1a1/Nudt3/Smug1/Myh3/Hk2/Naprt"
"GOBP_ENDOPLASMIC_RETICULUM_TO_CYTOSOL_TRANSPORT",0.00652610441767068,0.102242302543507,0.232056818075608,-0.577621714684183,-1.7218185411874,21,"Edem2/H13/Hsp90b1/Rhbdd1/Os9/Selenos/Derl1/Sec61b/Derl2/Edem1/Syvn1/Bcap31/Erlec1/Herpud1/Vcp"
"GOBP_MICROTUBULE_DEPOLYMERIZATION",0.00674399784192069,0.105116905138101,0.291090917251384,0.456101580697589,1.68130102068779,37,"Tpx2/Map1b/Clasp2/Fgf13/Kif18a/Ckap2/Stmn4/Taok1/Ckap5/Apc/Spast/Hdgfl3/Map1s/Camsap2/Atxn7/Kif24/Wdr47/Ttbk2/Diaph3"
"GOBP_REGULATION_OF_MITOTIC_CELL_CYCLE_PHASE_TRANSITION",0.00688809493660654,0.106542237148024,0.407017918923954,0.280068152893176,1.40794653070604,195,"Ccnb1/Mad2l1/Knl1/Nuf2/Inhba/Ppp2ca/Rnaseh2b/Gen1/Mre11a/Topbp1/Rbl2/Atad5/Donson/Bub1/Dtl/Gtpbp4/Slfn9/Ccne2/Fbxo5/Tfdp1/Wac/Rrm2/Mark3/Cdc73/Prpf4b/Fhl1/Abraxas1/Cdca8/Hus1/Cdkn1a/Taok1/Zfp655/Apc/Lsm11/Mrnip/Appl1/Cdk6/Rdx/Rrm2b/Pbrm1/Dync1li1/Mbtps2"
"GOBP_DEVELOPMENTAL_GROWTH",0.00690897655854476,0.106542237148024,0.407017918923954,0.237299738106477,1.28541222952407,383,"S1pr1/Slitrk1/Bmpr1b/Ccnb1/Klf2/Stc1/Areg/Atf2/Bmpr2/Map1b/Zfx/Tmem38b/Mtm1/Mtor/Smad4/Bcl2l11/Sash3/Vps13a/Atrx/Myf6/Aspm/Garem1/Clasp2/Fgf13/Kpna1/Creb1/Smad3/Ostn/Ppp3cb/Large1/Fgf2/Sh3gl2/Gpam/Tomm70a/Gpd2/Nipbl/Six4/Pum2/Cdkn1a/Pafah1b1/Akap6/Sos1/Npy1r/Plaa/Pik3ca/Rab21/Rbpj/Arid5b/Gpr21/Ereg/Ppp2r3a/Naca/Arx/Gpat4/Capn3/Lin7a/Crabp2/L1cam/Adprhl1/Mbd5/Igf2/Rtn4/Ttl/Tnfaip6/Coa5/Srf/Hopx/Nrg1/Ppp3ca/Eppk1/Ctc1/Med1/Xirp1/Ppara/Slc25a25/Rtf1/Atrn/Nin/Heg1/Vps13b/Sall4/Tnfrsf12a/Mkks/Ncapg2/Cacng7/Ptgfrn/Stat3/Gins4/Tbx2/Nrcam/Tal2/Dusp10/Yy1/Ercc6/Rbbp6/Dip2b/Prickle1/Sin3a/Ssna1/Apba2/Yap1/Hlx/Prox1/Prkar1a/Bloc1s6/Dcaf13/Fstl4/Actn3/Taf8/Cdk1/Lpar3/Rdh10/Sema4f/Bbs2/Apba1/Ddr2/Rgs2"
"GOBP_MEIOTIC_CELL_CYCLE",0.00694203401596668,0.106542237148024,0.326351610990907,0.309221945681887,1.460437994051,128,"Ccnb2/Rad1/Fignl1/Knl1/Nuf2/Ppp2ca/Ncaph/Mre11a/Foxj3/Bcl2l11/Smc4/Top2a/Atrx/Ncapd2/Aspm/Ccne2/Fbxo5/Kif18a/Ankle1/Ube2b/Mastl/Hus1/Rad54b/Ereg/Hsf2bp/Stag2/Tubg2"
"GOBP_STRESS_GRANULE_ASSEMBLY",0.00697494187548437,0.106542237148024,0.279865652661932,0.519730141652918,1.76194267929179,26,"Ythdf3/Eif2s1/Prkaa2/Ogfod1/G3bp1/Prkaa1/Pum2/Csde1/Bicd1"
"GOBP_VISUAL_BEHAVIOR",0.00747724317295189,0.112809718991175,0.213387923018053,-0.525178757532218,-1.67893514034826,28,"Drd1/Hmgcr/Ift20/Chrnb2/Cdk5/Pln/Comt/App/Meis2/Gnat1/B4galt2/Grin1/Ddhd2"
"GOBP_FATTY_ACID_BIOSYNTHETIC_PROCESS",0.0075,0.112809718991175,0.202498775969141,-0.393018222709002,-1.57847925961991,90,"Fa2h/Scd1/Insig1/Fads3/Thnsl2/Scd2/Fasn/Acsm3/Elovl4/Acsm2/Alox8/Xbp1/Hsd17b12/Asah2/Gstm2/Fads1/Sirt2/Pecr/Ptgis/Cd74/Akr1c18/Abcd2/Trib3/Cbr1/Hacd1/Acot7/Hacd4/Elovl7/Cyp2e1/Acaca/Gstm4/Mecr/Acly"
"GOBP_RENAL_SYSTEM_PROCESS",0.00752332229912729,0.112809718991175,0.204544131818546,-0.412943581645175,-1.59555477892322,71,"Adora1/Sulf2/Adipoq/Rhpn2/Slc12a3/Slc6a18/Umod/Gsn/Sucnr1/Maged2/Stk39/Chrnb2/Slc22a6/Atp6v1b1/Cln3/Tbc1d8b/Pon3/Comt/Akr1c18"
"GOBP_POSITIVE_CHEMOTAXIS",0.00753295668549906,0.112809718991175,0.274717458595242,0.441983682347017,1.667075888617,41,"S1pr1/Fpr2/Ccl5/Vegfc/Smad3/Gdnf/Fgf2/Hmgb2/Vegfd/Coro1a/Hmgb1/S100a4/Scg2/Angpt2"
"GOBP_POSITIVE_REGULATION_OF_T_CELL_PROLIFERATION",0.0076163610719323,0.113502356462211,0.279865652661932,0.390771450003385,1.59585709066188,57,"Vcam1/Spn/Kitl/Ccl5/Sash3/Tfrc/Tnfsf4/H2-Q7/Bmi1/Gpam/Jak2/Cd55/Igfbp2/Igf2/Coro1a/Ppp3ca/Hmgb1/Il23r/Ccdc88b/Ptprc/Il6st/Cd274"
"GOBP_TRANSITION_METAL_ION_TRANSPORT",0.00771167768334907,0.114364928750638,0.206652311234449,-0.442780654854509,-1.6105563853682,52,"Fkbp4/Trpm3/Pgrmc2/Slc22a17/Slc1a1/Tfr2/Slc39a11/Slc39a7/Sfxn1/Slc39a2/Flvcr2/Ftl1/Slc30a6/Mcoln1/Ap3d1/Steap3/Trf"
"GOBP_PROTEIN_LOCALIZATION_TO_NUCLEUS",0.00800961153384061,0.117764971185167,0.326351610990907,0.27686597077623,1.38927996399257,193,"Kpna2/Lmnb2/Cse1l/Rpf2/Atf2/Mtor/Ipo5/Nfkbia/Tfrc/Cwh43/Heatr1/Ect2/Txnip/Xpo1/Kpna1/Supt7l/Smad3/Ppp3cb/Mark3/Gbp2/Ranbp6/Jak2/Il33/Cd36/Six4/Ipo11/Kcnq3/Cdkn1a/Osbpl8/Cblb/Cnep1r1/Nup54/Ywhaz/Appl1/Nmd3/Bysl/Mavs/Elavl1/Ppp3r1/Rrs1/Kat7/Rangap1/Ipo7/Ppp3ca/Dkc1/Med1/Dtx3l/Sumo1/Heatr3/Rbm22/Stat3/Prickle1/Sin3a/Pikfyve/Tnpo3/Yap1/Nup188/Taf8/Rap1gds1/Snupn/Nup107/Cdk1/Ipo8/Epm2a"
"GOBP_DNA_REPLICATION_INITIATION",0.00801804059133049,0.117764971185167,0.256635016972443,0.533092792512885,1.75361420228267,23,"Topbp1/Ccne2/Mcm6/Mcm5/Noc3l/Orc6/Kat7/Cdk2/Orc1"
"GOBP_RELEASE_OF_CYTOCHROME_C_FROM_MITOCHONDRIA",0.00808977035490605,0.118249992508316,0.260820567718869,0.499609432216526,1.76033541560818,30,"Mcl1/Bcl2l11/Pmaip1/Tnfsf10/Smad3/Bnip3/Ghitm/Plscr3/Opa1/Mllt11/Pink1/Bok/Ggct"
"GOBP_POSITIVE_REGULATION_OF_DEVELOPMENTAL_GROWTH",0.00816070307595731,0.11871879950976,0.285313392143872,0.332085400820296,1.48844170143783,93,"Ccnb1/Bmpr2/Map1b/Mtm1/Sash3/Creb1/Fgf2/Gpam/Nipbl/Pum2/Pafah1b1/Akap6/Plaa/Rbpj/Gpr21/Naca/Arx/Capn3/Crabp2/L1cam/Igf2/Srf/Hopx/Nrg1/Tnfrsf12a/Mkks/Cacng7/Tbx2/Yap1/Hlx/Prox1/Actn3/Cdk1/Lpar3/Bbs2/Ybx3"
"GOBP_VACUOLAR_ACIDIFICATION",0.00824222035323801,0.118893450318423,0.206652311234449,-0.578744739491683,-1.70178746267865,20,"Ccdc115/Atp6v1b1/Cln3/Grn/Tmem199/Tmem9/Dmxl2/Ppt1/Cln5/Slc11a1/Atp6v0c"
"GOBP_NEGATIVE_REGULATION_OF_MITOTIC_CELL_CYCLE",0.00825054385188399,0.118893450318423,0.380730400722792,0.306311446026676,1.46571134479038,141,"Ccnb1/Mad2l1/Knl1/Nuf2/Inhba/Gen1/Mre11a/Topbp1/Atf2/Rbl2/Donson/Bub1/Dtl/Gtpbp4/Slfn9/Ptpn3/Fbxo5/Tfdp1/Wac/Cdc73/Prpf4b/Fhl1/Abraxas1/Cdca8/Hus1/Cdkn1a/Angel2/Taok1/Zfp655/Apc"
"GOBP_SERINE_FAMILY_AMINO_ACID_METABOLIC_PROCESS",0.00862652232746955,0.123727820236711,0.202498775969141,-0.589459991862722,-1.70440564407603,19,"Cbs/Cdo1/Thnsl2/Phgdh/Cth"
"GOBP_VITAMIN_TRANSPORT",0.0088310854206808,0.125782534009645,0.194887297433682,-0.490352366591758,-1.63765963474431,34,"Folr1/Slc2a2/Selenon/Rbp4/Lrp2/Slc2a9/Slc44a4/Slc2a5/Slc22a2/Slc52a2/Slc19a3/Slc2a10/Slc52a3/Slc46a1/Amn/Slc23a1/Slc2a1"
"GOBP_AMIDE_BIOSYNTHETIC_PROCESS",0.00885212596139893,0.125782534009645,0.184915881971771,-0.377181243303989,-1.54431609795442,100,"Fa2h/Acsl5/Degs2/Ormdl3/Asns/Fasn/Elovl4/Ugt8a/Slc1a1/Cers2/Nans/Hsd17b12/Asah2/Smpd2/Ggt5/Sptlc1/St6galnac5/Ass1/Asah1/Ormdl2/Paqr4/B3galt2/Pm20d1/Asl/Hacd1/Acot7/Cers5/Chac1/Elovl7/Acaca/Mecr/Gba/Acly/Arg2/Ppt1/P2rx1/B4galnt1"
"GOBP_REGULATION_OF_MRNA_METABOLIC_PROCESS",0.0089043747580333,0.125939189286073,0.303779434551183,0.278403395683461,1.38399569585149,180,"Ccnb1/Fastkd1/Rock2/Celf1/Srsf10/Ythdf3/Cnot6l/Noct/Rbfox1/Cnot11/Cnot9/Rock1/Rbmxl1/Gdnf/Ncbp1/Cdc73/Tbrg4/Larp4b/Celf3/Mettl16/Pum2/Csde1/Dcp2/Angel2/Iws1/Elavl4/Cnot7/Rbm39/Myd88/Fxr1/Ago2/Elavl1/Tra2a/Rbm25/Dhx9/Son/Samd4/Rbm20/Tnrc6b/Rbm5/Fastkd5/Tia1/Pde12/Cacng7/Zc3h14/Tent5a/Dyrk1a/Ythdc1/Cnot6/Ythdf2"
"GOBP_REGULATION_OF_DOUBLE_STRAND_BREAK_REPAIR_VIA_NONHOMOLOGOUS_END_JOINING",0.00901120311738919,0.126862790431447,0.238352921646911,0.572713186735838,1.76037892480128,18,"Mre11a/Dek/Rif1/Smchd1/Mrnip/Fh1/Ercc6/Pnkp/Pot1a"
"GOBP_RHYTHMIC_PROCESS",0.0090843023255814,0.127222467959432,0.291090917251384,0.291081661854007,1.41495792860684,155,"Bmpr1b/Ppargc1a/Rock2/Nfya/Inhba/Timeless/Nfil3/Ppp1cb/Mapk10/Mtor/Noct/Prkaa2/Top2a/Dtl/Creb1/Setx/Kcna2/Top1/Prkaa1/Gnrh1/Dnm1l/Mapk8/Rorc/Gpr157/Ereg/Cldn4/Per1/Robo2/Tyro3/Fzd4/Fxr1/Nampt/Klf10/Dhx9/Tnfaip6/Id1/Ppara/Tnf/Csnk2a1/Gabrb3/Casp2/Dyrk1a/Sin3a/Huwe1/Sik1/Prox1/Bloc1s6/Ogt/Sp1/Opn3/Scn9a/Hdac2/Cdk1/Spsb4/Mmp19/Nr1d2/Clock/Zfp830/Ncoa1/Plekha1/Ezh2/Slit2/Ncoa2"
"GOBP_POSITIVE_REGULATION_OF_STRIATED_MUSCLE_CELL_DIFFERENTIATION",0.00912003943800838,0.127222467959432,0.238352921646911,0.553344736814699,1.74662698350705,20,"Mtor/Myf6/Myf5/Akap6/Hopx/Nrg1/Smyd1/Tbx1/Prox1/Actn3"
"GOBP_ISOPRENOID_METABOLIC_PROCESS",0.009227929867733,0.128142389754202,0.186472629239996,-0.428602150825565,-1.60159183497774,59,"Awat2/Hmgcs1/Dhrs7/Rbp4/Ldlr/Hmgcr/Npc2/Mvd/Pecr/Lrp2/Dolk/Akr1c18/Rdh11/Dpm3/Rbp1/Aldh3a2/Dhrs3/Dhdds/Scpep1/Aldh8a1/Fdps/Cyp2e1"
"GOBP_INTRACELLULAR_PROTEIN_TRANSMEMBRANE_TRANSPORT",0.00931625353518549,0.128783504751094,0.193113963346815,-0.555403692998285,-1.69022891357741,23,"Hspa5/Sec61a1/Pex2/Tram1/Srp54a/Sec63/Sec61b/Pex12/Zfand2b/Sec62"
"GOBP_VESICLE_CARGO_LOADING",0.00949796472184532,0.130233397004452,0.193113963346815,-0.600416442170283,-1.71658822959337,18,"Insig1/Tmed10/Ap3m2/Surf4/Tbc1d20/Ap3m1/Ap3d1/Ap3s1/Sec13"
"GOBP_CELL_CHEMOTAXIS",0.00950639853747715,0.130233397004452,0.285313392143872,0.289407845323526,1.4145992925067,160,"S1pr1/Cxcr2/Ppbp/Fpr2/Thbs1/Vcam1/Tnfsf11/Trem1/S100a8/Ccl5/2610528A11Rik/Tnfsf14/Csf3r/Vegfc/Fgf2/Pde4b/Ccr1/Eng/Dnm1l/Hmgb2/Vegfd/Ccl7/Rac1/Mcu/Jam3/Ackr3/Ccr9/Tnfaip6/Coro1a/Il34/Wnk1/Vav1/Il6ra/Hmgb1/Ednrb"
"GOBP_REGULATION_OF_CYTOSKELETON_ORGANIZATION",0.00964467005076142,0.131537799129804,0.335068558717014,0.244232428771661,1.30383438754463,331,"S1pr1/Tpx2/Rock2/Plek/Ppp2ca/S100a8/Map1b/Mtor/Smad4/Haus6/Prkaa2/Abi2/Synpo/Myo3b/Ect2/Clasp2/Fgf13/Ssh2/Rock1/Smad3/Phldb2/Kif18a/Prkaa1/Tjp1/Ckap2/Itgb3/Stmn4/Hck/Traf3ip1/Lmod2/Washc4/Neb/Pafah1b1/Togaram1/Taok1/Ckap5/Apc/Pik3ca/Bicd1/Rac1/Rdx/Schip1/Alox15/Camsap1/Rhpn1/Jam3/Ap1ar/Arhgef15/Spast/Flii/Rhobtb1/Ccnf/Ppm1f/Hdgfl3/Coro1a/Pfn2/Capza2/Actn2/Nckap1/Rhoq/Haus3/Trim36/Cep97/Haus4/Map1s/Naa20/Shank3/Mkks/Mecp2/Pdcd6ip/Camsap2/Atxn7/Stau2/Dmtn/Pde4dip/Chmp2b/Dyrk1a/Epha3/Cdc42/Tmod4/Nexn/Prox1/Cdh5/Rala/Snca/Chmp7/Arhgap40/Mdm1/Cdc42ep3/Chmp1b/Fchsd2/Bora/Wdr47/Ssh1/Arf6/Svil/Crk/Ttbk2/Rnh1"
"GOBP_MEIOTIC_CHROMOSOME_SEGREGATION",0.00990894483128013,0.134233727122018,0.238352921646911,0.44067048086755,1.65481178156678,40,"Ccnb2/Knl1/Nuf2/Ncaph/Mre11a/Smc4/Aspm/Ccne2/Fbxo5/Ube2b"
"GOBP_REGULATION_OF_DEFENSE_RESPONSE_TO_VIRUS",0.00993022007514761,0.134233727122018,0.238352921646911,0.423043870994097,1.61685886323569,43,"Irgm2/Spn/Tomm70a/Traf3ip1/Tnfaip3/Ppm1b/Mavs/Dhx9/Stat1/Dtx3l/Il23r/Fgl2/Ercc6/Sin3a/Rnf26/Parp9/Il1b/Traf3/Il15/Ifnlr1/Mul1"
"GOBP_EPITHELIAL_STRUCTURE_MAINTENANCE",0.00997970230040595,0.134294523461556,0.18806904097585,-0.580173229029763,-1.67755325170641,19,"Serpina3c/Rbp4/Ildr1/Tff2/Nr1i2/Ldb2/Muc13"
"GOBP_BONE_MORPHOGENESIS",0.0100665943936813,0.134294523461556,0.179054499269993,-0.428236635764236,-1.58815239531948,57,"Insig1/Cbs/Serpinh1/Col3a1/Foxc1/Thbs3/Ltbp3/Tmem119/Ghr/Nab2/Msx1/Osr2/Shox2/Ext2/Dhrs3/Col1a1"
"GOBP_XENOBIOTIC_METABOLIC_PROCESS",0.0100665943936813,0.134294523461556,0.179054499269993,-0.427910825314965,-1.5869440992462,57,"Tpmt/Lpo/Acsm2/Nr1i2/Acaa1a/Gstm2/Gsto2/N6amt1/Cyp2a5/Slco2b1/Guk1/Cyp2f2/Ephx1/Bphl/Aldh2/Cbr1/Sult1c1/Gsta3/Cyp2e1/Grin1/Gstm4"
"GOBP_REGULATION_OF_ERYTHROCYTE_DIFFERENTIATION",0.0103503184713376,0.137479230130158,0.232056818075608,0.468746182879914,1.68574312496995,33,"Inhba/Mafb/Hmgb2/Abcb10/Acvr2a/Cdk6/Isg15/Kat7/Stat1/Med1/Hspa9/Stat3"
"GOBP_METANEPHRIC_EPITHELIUM_DEVELOPMENT",0.0105156037991859,0.139069998296593,0.183397180948084,-0.595832335470236,-1.70348228669804,18,"Pou3f3/Adipoq/Umod/Wt1/Slc22a6/Hes1"
"GOBP_DETECTION_OF_STIMULUS_INVOLVED_IN_SENSORY_PERCEPTION",0.0105895369053264,0.139444117438673,0.17632375173773,-0.438628299000509,-1.58317222633677,50,"Adora1/Azgp1/Lpo/Rbp4/Tulp1/Gnat3/Pip/Comt/Ffar4/Gnat1/Lxn/Pigr/Ephb1/Rgs9bp/Kcnk2/Ano1/Grik2/Whrn/Tas1r3/Fyn/Cep250/Cngb1/Trpv1/Sema5b/Gnat2/Adgrv1"
"GOBP_NEUTROPHIL_CHEMOTAXIS",0.0107613666935701,0.141098606218269,0.229089382980959,0.433670761844929,1.635721180544,41,"Cxcr2/Ppbp/Trem1/S100a8/Csf3r/Pde4b/Dnm1l/Rac1/Mcu/Jam3/Tnfaip6/Vav1/Pikfyve/Mospd2/Jaml/Il1b/Itgb2/Slit2/Perp/Vav3/Rac2"
"GOBP_CHONDROITIN_SULFATE_PROTEOGLYCAN_METABOLIC_PROCESS",0.0111940298507463,0.146144278606965,0.177673526439218,-0.592514913912261,-1.69399779160587,18,"Cytl1/Hexb/Pxylp1/Gusb/Chpf2/Chst12/Chpf/Hyal1/B3gat3"
"GOBP_VESICLE_COATING",0.0119428090832632,0.155256518082422,0.171214318379654,-0.564436470819946,-1.65971428157365,20,"Tmed10/Tmed9/Ap3m2/Trappc3/Preb/Ap3d1/Trappc11/Ap3s1"
"GOBP_CARBOHYDRATE_DERIVATIVE_TRANSPORT",0.012202852614897,0.157964892959789,0.164313492356652,-0.450088209680511,-1.58249811098866,44,"Adora1/Slc35c2/Calhm2/Npc2/Calhm5/Lrrc8d/Cln3/Slc17a9/Guk1/Slc25a5/Slc35a2/Rft1/Slc35b3/Slc15a3/Pltp/Slc37a1/Lrrc8e/Mfsd2a/Slc37a2/Cr1l/Slc35c1/Gltp/Slc35d2/Slc28a3"
"GOBP_MRNA_3_END_PROCESSING",0.0123998966675278,0.15983833046117,0.208826601974224,0.502842411021418,1.70469140411773,26,"Ccnb1/Cpsf7/Cstf2t/Ncbp1/Cdc73/Angel2/Lsm11/Cpsf6/Cpsf2/Ythdc1"
"GOBP_NON_PROTEINOGENIC_AMINO_ACID_METABOLIC_PROCESS",0.0124899919935949,0.159914154103853,0.16324176812788,-0.475580281776319,-1.59699924143031,35,"Sardh/Cbs/P4hb/Aldh18a1/Phgdh/Abat/Cth/Ass1/Bphl/Slc38a1/Dpyd/Kyat3/Asl/Azin2/Aldh8a1/Arg2/Afmid/Aldh1a7/Mpst/Cad"
"GOBP_PROTEIN_LIPID_COMPLEX_ORGANIZATION",0.0125376128385155,0.159914154103853,0.204544131818546,0.516670704220957,1.72314902625266,24,"Mpo/Angptl4/Pcsk5/Fech/Pcdhga3/Abca5"
"GOBP_PROTEIN_LOCALIZATION_TO_EXTRACELLULAR_REGION",0.0125628140703518,0.159914154103853,0.147704896905467,-0.313254644271471,-1.41432156927565,206,"Nr1d1/Nnat/Slc2a2/Tmed10/Serp1/Pdia4/Rbp4/Ap1s1/Hmgcr/Ltbp2/Sncg/Ffar2/C1qtnf3/Sucnr1/Unc13b/Lmf1/Myh10/Clstn3/P3h1/Cftr/C1qtnf12/Myrip/Rab27a/Krt20/Comt/Abat/H2-Eb1/Tvp23a/M6pr/Kcnn4/Ang/Casr/Tcf7l2/Acvr1c/Slc8b1/Rcn3/Rhbdf1/Fam3b/Chrm3/Steap3/Arntl/Snx19/Ppia/Bloc1s3/Ap1m2/C2cd2l/Mafa/Tango6/Apbb1/Sytl4/Sox4/Eny2/Rab11fip5/Ano1/Golph3l/Rapgef3/Cltrn/Mia2/Canx/Dnajc1/Gsdmd/Uqcc2/Fgg/Arfip1/Bsg/Rph3al/Inhbb/Adam8/Fbn1/Jagn1/Kcnb1/Syt7/Lrp5/Comp/Golph3"
"GOBP_TYPE_II_INTERFERON_MEDIATED_SIGNALING_PATHWAY",0.012906309751434,0.163604880873987,0.196710025346243,0.58225484198644,1.71128601504983,15,"Irgm2/Jak2/Hck/Nlrc5/Stat1/Med1"
"GOBP_RESPONSE_TO_LEUKEMIA_INHIBITORY_FACTOR",0.0130851991858098,0.165187121953095,0.215782858966574,0.358968818226464,1.51015211453091,66,"Tnfsf11/Hells/Tfrc/Rif1/Vegfc/Creb1/Socs3/Mtf2/Icam1/Smarca5/Rfx2/Eed/Nfyb/Arid5b/Fzd4/Kdm3a/Spry4/Rnf125/Xrcc5"
"GOBP_POSITIVE_REGULATION_OF_CYTOKINESIS",0.0132501948558067,0.166581667837405,0.202498775969141,0.492709825808768,1.68669686262364,27,"Ect2/Cspp1/Cdca8/Racgap1/Spast/Wnk1/Opn1mw/Pkn2/Kif20b/Cdc42/Arf6/Svil"
"GOBP_CARDIAC_CELL_DEVELOPMENT",0.0136202669572324,0.170532440796495,0.204544131818546,0.405590426574776,1.57579480562993,46,"Ccnb1/Inhba/Mtor/Smad4/Ttn/Sgcb/Large1/Tomm70a/Neb/Akap6/Adprhl1/Bves/Srf/Csrp3/Actn2/Ppara/Yy1/Prickle1/Alpk3/Prox1/Cdk1/Rgs2"
"GOBP_FATTY_ACYL_COA_BIOSYNTHETIC_PROCESS",0.0137504297009282,0.171459439740145,0.161159145661682,-0.614531496297315,-1.68094490707554,15,"Acsl5/Fasn/Elovl4/Hsd17b12/Hacd1/Elovl7/Acaca/Ppt1"
"GOBP_POLYSACCHARIDE_METABOLIC_PROCESS",0.0138448226132103,0.171670087313459,0.208826601974224,0.359382450090639,1.49749228731785,63,"Fut9/Rb1cc1/Phka2/Ppp1cb/Atg2b/Mgam/Ugp2/Gck/Dyrk2/Phka1/Ppp1r1a/Phkb/Ppp1r2/Ppp1r3f/Gyg/Igf2/Agl/Khk/Npc1/Gbe1/Hmgb1"
"GOBP_REGULATION_OF_RNA_SPLICING",0.0138797091870456,0.171670087313459,0.223479119117479,0.304801759193726,1.41395434098463,115,"Celf1/Srsf10/Mbnl2/Rbfox1/Taf5l/Slc38a2/Supt7l/Rbmxl1/Zfp326/Setx/Ncbp1/Mbnl1/Ptbp3/Clk4/Celf3/Mettl16/Aff2/Ptbp2/Rbm39/Hnrnpll/Ccnl1/Tra2a/Rbm25/Son/Grsf1/Rbm20/Rbm5/Mbnl3/Clk3/Tia1/Atxn7l3/Rbm22/Atxn7/Mettl4/Dyrk1a/Ythdc1/Habp4"
"GOBP_NUCLEUS_ORGANIZATION",0.013953488372093,0.17188672168042,0.215782858966574,0.330150303474474,1.46171633233775,87,"Lmnb2/Ahctf1/Cep55/Vrk1/Psme4/Uspl1/Smarca5/Celf3/Hmgb2/Pafah1b1/Parp11/Aff2/Agfg1/Nup54/Polr1b/Fxr1/Kdm3a/Rtn4/Spast/Sumo1/Pdcd6ip/Atxn7/Chmp2b/Habp4/Chmp7/Nup107/Cdk1/Chmp1b/Srpk1/Tmem201/Nolc1"
"GOBP_AMINO_ACID_CATABOLIC_PROCESS",0.0141392169049099,0.173022049820877,0.150964206987421,-0.422359675001507,-1.55729762402819,55,"Sardh/Cbs/Cdo1/Aass/Thnsl2/Fah/Pah/Bcat2/Abat/Gpt2/Mccc2/Oat/Kyat3/Mccc1/Aldh8a1"
"GOBP_POSITIVE_REGULATION_OF_PROTEIN_CONTAINING_COMPLEX_DISASSEMBLY",0.0142155595761179,0.173022049820877,0.194887297433682,0.481082788792188,1.68173949926312,29,"Irgm2/Plek/Setx/Igf1r/Bnip3/Jmjd4/Fyco1/Spast/Eif5a2/Wnk1/Actn2/Tnf"
"GOBP_REGULATION_OF_MICROTUBULE_DEPOLYMERIZATION",0.0142155595761179,0.173022049820877,0.194887297433682,0.481394799067642,1.68283020551292,29,"Tpx2/Map1b/Clasp2/Fgf13/Ckap2/Taok1/Apc/Spast/Hdgfl3/Map1s/Camsap2/Atxn7/Wdr47/Ttbk2/Diaph3"
"GOBP_POSITIVE_REGULATION_OF_ERYTHROCYTE_DIFFERENTIATION",0.0142962780379591,0.173314005579226,0.189706833450518,0.532978217764927,1.68234027512122,20,"Inhba/Hmgb2/Abcb10/Acvr2a/Isg15/Kat7/Stat1/Med1/Stat3"
"GOBP_T_CELL_MIGRATION",0.0145278450363196,0.175341020588324,0.196710025346243,0.42059461012021,1.58640049716397,41,"S1pr1/Spn/Ccl5/2610528A11Rik/Tnfsf14/Itgal/Icam1/Itgb3"
"GOBP_RESPONSE_TO_KETONE",0.01457827143353,0.175341020588324,0.223479119117479,0.29549003427218,1.39558294274003,128,"Sgk1/Thbs1/Klf2/Rock2/Ucp3/Inhba/Adcy2/Prkaa2/Ucp2/Tnfsf4/Txnip/Bglap/Fech/Creb1/Eif4e/Fgf2/Bmi1/Prkaa1/Jak2/Gnrh1/Fosb/Itgam/Pik3ca/Lipa/Ddit4/Cldn4"
"GOBP_PROTEIN_DEPOLYMERIZATION",0.0147374884863371,0.176560891473568,0.208826601974224,0.338098394899335,1.46514699169224,79,"Tpx2/Plek/Synj1/Map1b/Clasp2/Fgf13/Kif18a/Ckap2/Stmn4/Lmod2/Taok1/Ckap5/Apc/Pik3ca/Rdx/Spast/Flii/Hdgfl3/Capza2/Actn2/Map1s/Camsap2/Atxn7/Dmtn/Tmod4/Kif24/Wdr47/Svil/Ttbk2/Diaph3"
"GOBP_MONOSACCHARIDE_BIOSYNTHETIC_PROCESS",0.0150055283525509,0.179067669655395,0.147704896905467,-0.438242414116648,-1.55508587023276,46,"Fbp1/Slc25a10/Pcx/Aldob/Adipoq/Rbp4/Nnmt/C1qtnf3/C1qtnf12/Selenos/Tcf7l2/Sirt7"
"GOBP_DNA_INTEGRITY_CHECKPOINT_SIGNALING",0.0150829562594268,0.179067669655395,0.204544131818546,0.343444425189363,1.4690336204742,73,"Rad1/Rnaseh2b/Timeless/Mre11a/Tiprl/Topbp1/Atf2/Donson/Cdc5l/Dtl/Wac/Abraxas1/Hus1/Cdkn1a/Taok1/Mrnip/Atrip/Mbtps2/Dtx3l/Cdk2/Orc1/Ercc6/Wdr76/Cdk1/Fbxo31/Rhno1/Tipin/Rad9a/Fbxo6/Clock/Zfp830/Parp9/Foxo4"
"GOBP_STEROL_BIOSYNTHETIC_PROCESS",0.0151225724291627,0.179067669655395,0.147704896905467,-0.448247907544286,-1.56026294890317,42,"Insig1/Dhcr24/Hmgcs1/Hmgcr/Dhcr7/Cftr/Ces1d/Ebp/Mvd/Tm7sf2/Srebf2/Fdps/Sqle/Msmo1/Acly/Mbtps1"
"GOBP_REGULATION_OF_FATTY_ACID_OXIDATION",0.0153999006458023,0.181647476729444,0.183397180948084,0.522998775154188,1.67467156490593,21,"Pdk4/Ppargc1a/Mlycd/Plin5/Acadvl/Ppara/Fmo2"
"GOBP_SMOOTH_MUSCLE_CELL_PROLIFERATION",0.0158247108947048,0.185940353012782,0.200513180400413,0.338251534243187,1.46032494300086,77,"S1pr1/Thbs1/Ppargc1a/Bmpr2/Ccl5/Hpgd/Rgs5/Fgf2/Jak2/Itgb3/Apln/Cdkn1a/Pik3ca/Tnfaip3/Ereg/Myd88/Xrcc5/Stat1/Ndrg2/Calcrl/Il6ra/Tnf"
"GOBP_REGULATION_OF_CELL_CYCLE_CHECKPOINT",0.0159185803757829,0.186326678344892,0.184915881971771,0.465267138213784,1.63933298353228,30,"Ccnb1/Mad2l1/Knl1/Rnaseh2b/Gen1/Prpf4b/Cdca8"
"GOBP_REGULATION_OF_CYTOKINESIS",0.0160265266648245,0.186874194507782,0.189706833450518,0.384956708489566,1.54796607182331,53,"E2f8/Ahctf1/Ect2/Cspp1/Cdca8/Klhl9/Racgap1/Myo19/Sh3glb1/Ccdc66/Prc1/Spast/Wnk1/Opn1mw/Pkn2/Kif20b/Birc6/Cdc42/Prpf40a/Klhl21/Arf6/Svil"
"GOBP_ATTACHMENT_OF_SPINDLE_MICROTUBULES_TO_KINETOCHORE",0.016163222045575,0.187386004869965,0.184915881971771,0.445026488032358,1.61043303411393,34,"Ccnb1/Knl1/Nuf2/Ect2/Abraxas1/Cdca8/Racgap1/Apc/Abraxas2"
"GOBP_PHENOL_CONTAINING_COMPOUND_METABOLIC_PROCESS",0.0161930950198595,0.187386004869965,0.139715216553372,-0.405356942046562,-1.5258699760803,61,"Gcnt4/Cited1/Drd1/Kl/Fah/Gata3/Slc1a1/Pah/Slc24a5/Tph2/Chrnb2/Dio1/Comt/Abat/Pmel/Ctsb/Aldh2/Pnmt/Ctsk/Cpq/Cyp2e1/Ednra"
"GOBP_NEGATIVE_REGULATION_OF_MICROTUBULE_DEPOLYMERIZATION",0.0162988966900702,0.187594667248884,0.179054499269993,0.494646372290381,1.64969565293384,24,"Tpx2/Map1b/Clasp2/Fgf13/Ckap2/Taok1/Apc/Hdgfl3/Camsap2/Atxn7/Wdr47/Ttbk2/Diaph3"
"GOBP_PURINE_NUCLEOTIDE_CATABOLIC_PROCESS",0.0163339382940109,0.187594667248884,0.196710025346243,0.340551788367397,1.46241065207259,75,"Gapdh/Slc4a1/Ppp2ca/Mtor/Tigar/Prkaa2/Ucp2/Pde7a/Gda/Pklr/Prkaa1/Pde4b/Gck/Pfkfb1/Hdac4/Lipa/Ddit4/Nudt10/Nudt4/Foxk2/Ppara/Ogdh"
"GOBP_POST_TRANSCRIPTIONAL_REGULATION_OF_GENE_EXPRESSION",0.0164342629482072,0.188039974931734,0.252643909566276,0.236736019378059,1.25844856147049,321,"Gapdh/Thbs1/Sarnp/Fastkd1/Rock2/Celf1/Ythdf3/Eif2s1/Cnot6l/Ccl5/Mtor/Noct/Helz2/Ogfod1/Cnot11/Cnot9/Cpeb4/Rock1/Gdnf/Eif4e/Ncbp1/Purb/Zcchc4/Tbrg4/Larp4b/Pus7/Kbtbd8/Rps6ka3/Bzw1/Mettl16/Pum2/Trdmt1/Csde1/Dcp2/Eif4g2/Rnf139/Angel2/Eif4e3/Jmjd4/Metap1/Selenot/Elavl4/Cnot7/Larp4/Eif5/Ptcd3/Per1/Stau1/Gtdc1/Myd88/Fxr1/Ago2/Rbms3/Elavl1/Neurl1a/Pum3/Dhx9/Eif5a2/Samd4/Dkc1/Tnrc6b/Fastkd5/Tnf/Tia1/Csnk2a1/Pde12/Etf1/Trmt10c/Xrn1/Cacng7/Cpeb2/Stat3/Pink1/Abce1/Zc3h14/Tent5a/Krt13/Ythdc1/Cnot6/Ythdf2/Habp4/Uhmk1"
"GOBP_REACTIVE_OXYGEN_SPECIES_METABOLIC_PROCESS",0.016767748840528,0.191139823536616,0.211070537868325,0.284132020765519,1.35958199295617,141,"Mpo/Pdk4/Fpr2/Thbs1/Cd177/Cyp1b1/Lcn2/Tigar/Ucp2/Pmaip1/mt-Nd2/Plin5/Bnip3/Cd36/Duox1/Cdkn1a/Gls2/Itgam/Lipa/Ddit4/Vdac1/Rac1/Slc18a2/Hba-a1/Pla2r1/Elavl1"
"GOBP_HISTONE_MRNA_METABOLIC_PROCESS",0.0170427268362938,0.192227291731045,0.171214318379654,0.560333534797785,1.66772585821386,16,"Eri1/Ncbp1/Dcp2/Lsm11/Mtpap/Cpsf2/Xrn1"
"GOBP_REGULATION_OF_CALCINEURIN_MEDIATED_SIGNALING",0.0170511534603811,0.192227291731045,0.175004015942342,0.492058368889469,1.64106439998339,24,"Mtor/Ppp3cb/Rcan1/Ppp3cc/Dyrk2/Akap6/Ppp3r1/Ppp3ca/Tnf/Nfat5/Actn3/Efhb/Atp2b4/Plcg2"
"GOBP_DEFENSE_RESPONSE_TO_VIRUS",0.0170519136036377,0.192227291731045,0.215782858966574,0.27633551198903,1.36050521910335,169,"Irgm2/Spn/Rb1cc1/Ube2n/Ifit1/Pmaip1/Gbp5/Rtp4/Slfn9/Dhx58/G3bp1/Ncbp1/Gbp2/Ifitm1/Ifit1bl1/Gpam/Tomm70a/Bnip3/Smarca5/Il33/Traf3ip1/Slfn8/Mid2/Tnfaip3/Cnot7/Ddit4/Ddx60/Ppm1b/Isg15/Mavs/Myd88/Nlrc5/Dhx9/Ifih1/Stat1/Abcc9/Tbk1/Oas1g/Dtx3l/Tnf/Il23r/Pde12/Nmbr/Fgl2/Ptprc/Lyst/Pla2g10/Ercc6/Sin3a/Trim25/Rnf26/Zc3hav1/Cd207/Trim56/Zbp1/Znfx1/Gpr146/Irf2/Ripk3/Azi2/Parp9/Il1b/Oas2/Atg16l1/Polr3f/Traf3"
"GOBP_PROTEIN_TARGETING_TO_MEMBRANE",0.0176224611708483,0.197649969078541,0.132308522605383,-0.385022109271889,-1.50305227361666,75,"Adora1/Hspa5/Sec61a1/Slc1a1/Sil1/Srp72/Srprb/Tram1/Srp54a/Cdk5/Zdhhc7/Srp68/Ssr3/Atg3/Zdhhc14/Sec63/Sec61b/Zdhhc24/Zdhhc1/Prnp/Golga7b/Vps37d/Ubl4a/Get4/Zfand2b/Sec62/Cib1/Myo1c/Zdhhc15/Fyn/Vps37b/Cdk5r1/Kcnb1/Yif1b/Sdcbp/Hras"
"GOBP_POSITIVE_REGULATION_OF_DNA_REPLICATION",0.0176623376623377,0.197649969078541,0.175004015942342,0.472189077754952,1.63203494360154,28,"E2f8/Atad5/Atrx/Atf1/Smarca5/Cdkn1a/Ereg/Dhx9/Kat7/Ctc1/Cdk2/Cacybp/Cdk1/Baz1a/Cdkn1b/Endog"
"GOBP_GLOMERULUS_DEVELOPMENT",0.0178457616316125,0.198905001479728,0.135862926377654,-0.442528873909094,-1.54777342603206,43,"Col4a4/Enpep/Sulf2/Foxc1/Adipoq/Wt1/Acta2/Comt/Hes1/Foxc2/Ret/Ednra/Ext1"
"GOBP_GLIAL_CELL_DEVELOPMENT",0.0179047055341817,0.198905001479728,0.13063133623686,-0.375027485427052,-1.48523913572297,82,"Fa2h/Nr1d1/Drd1/Cntn2/Ldlr/Arhgef10/Phgdh/Mapk3/Sox10/Sirt2/Grn/Cdk5/Cspg5/Id2/App/Ndrg1/C1qa/Itgb4/Cers5/Sox11/Sox4/Ifngr1/Ano1/Ncmap/Gfap/Cd9/Mxra8"
"GOBP_RESPONSE_TO_MOLECULE_OF_BACTERIAL_ORIGIN",0.0181388012618297,0.199921049076232,0.213387923018053,0.26696438979704,1.33697074458102,189,"Mpo/Irgm2/Ppbp/Camp/Vcam1/Il18bp/S100a8/Plscr4/Lcn2/Hadhb/Noct/Sele/Nfkbia/Gbp5/Hpgd/Tnfsf4/Gbp2/Cdc73/Pde4b/Jak2/Cd36/Rps6ka3/Gnrh1/Hck/Selp/Thbd/Hmgb2/Mapk8/Plaa/Cmpk2/Tnfaip3/Cd55/Rac1/Irak3/Myd88"
"GOBP_REGULATORY_NCRNA_MEDIATED_GENE_SILENCING",0.018176400476758,0.199921049076232,0.184915881971771,0.342800196489969,1.45865406972426,71,"Celf1/Eri1/Cnot6l/Helz2/Cnot11/Cnot9/Smad3/Ncbp1/Pum2/Cnot7/Stau1/Fxr1/Ago2/Elavl1/Dhx9/Tnrc6b/Spin1/Exd1/Stat3/Tdrd9/Cnot6/Gpat2/Helz/Znfx1/Limd1/Tnrc6c/Ddx6/Ezh2/Dicer1/Ddx5/Ncbp3/Eloc"
"GOBP_NEPHRON_DEVELOPMENT",0.0181924882629108,0.199921049076232,0.129015392724128,-0.365522904102537,-1.47605183049527,93,"Pou3f3/Col4a4/Cited1/Enpep/Sulf2/Foxc1/Sec61a1/Maged1/Adipoq/Foxd1/Gata3/Umod/Wt1/Slc22a6/Acta2/Comt/Hes1"
"GOBP_POSITIVE_REGULATION_OF_MRNA_PROCESSING",0.0183441950277577,0.200794694072658,0.165406383146814,0.549158736639381,1.66405612592212,17,"Ccnb1/Rbmxl1/Ncbp1/Cdc73/Celf3/Tra2a"
"GOBP_ACETYL_COA_BIOSYNTHETIC_PROCESS",0.0184034416826004,0.200794694072658,0.164313492356652,0.566058935309094,1.6636851595491,15,"Pdk4/Mlycd/Acat1/Pdk1/Dlat/Pdhx/Pdk2"
"GOBP_MITOTIC_CELL_CYCLE_CHECKPOINT_SIGNALING",0.0187461585740627,0.203806101223351,0.184915881971771,0.328509539855375,1.43980144037303,83,"Ccnb1/Mad2l1/Knl1/Nuf2/Gen1/Mre11a/Topbp1/Atf2/Donson/Bub1/Dtl/Wac/Prpf4b/Abraxas1/Cdca8/Hus1/Cdkn1a/Taok1/Apc"
"GOBP_NUCLEOSIDE_PHOSPHATE_CATABOLIC_PROCESS",0.0189914865749836,0.205741104562323,0.189706833450518,0.307046277362163,1.40110938687407,104,"Gapdh/Slc4a1/Mlycd/Neil2/Ppp2ca/Mtor/Tigar/Prkaa2/Ucp2/Pde7a/Gda/Pklr/Prkaa1/Pde4b/Gck/Nudt19/Pfkfb1/Hdac4/Acat1/Lipa/Ddit4/Sucla2/Nudt10/Nudt4/Foxk2/Ppara/Ogdh/Ung"
"GOBP_AMINO_ACID_BIOSYNTHETIC_PROCESS",0.0191021967526266,0.20620922642853,0.131183404131763,-0.441666845284231,-1.53735556342302,42,"Cbs/Asns/Pycr1/Aldh18a1/Pah/Phgdh/Bcat2/Cln3/Abat/Cth/Ass1/Oat/Slc38a1/Dpyd/Asl"
"GOBP_REGULATION_OF_ENDOTHELIAL_CELL_DIFFERENTIATION",0.0195439739413681,0.210235353489012,0.16324176812788,0.495016319558952,1.62836125442325,23,"Apold1/Rock2/Rock1/Tnf/Tnfrsf1a/Ppp1r12a/S1pr3/Cdh5/Cldn5/Il1b/Notch4/Vezf1"
"GOBP_SPHINGOLIPID_METABOLIC_PROCESS",0.0196531791907514,0.210395141190989,0.123095330850962,-0.356908064845214,-1.46517418845973,102,"Fa2h/Fads3/Degs2/Ormdl3/Elovl4/Ugt8a/Sumf1/Cers2/Hexb/Asah2/Cerkl/Smpd2/Enpp2/Hexa/M6pr/Sptlc1/St6galnac5/Asah1/Ormdl2/Paqr4/Neu1/B3galt2/Hacd1/Hacd4/Cers5/Elovl7/Mecr/Csnk1g2/Gba/A3galt2/Smpdl3a/Ppt1/Gm2a/P2rx1/Smpdl3b/B4galnt1"
"GOBP_CELLULAR_RESPONSE_TO_CORTICOSTEROID_STIMULUS",0.0196965664093692,0.210395141190989,0.167658528065765,0.434704242676364,1.58245769779422,35,"Sgk1/Stc1/Bcl2l11/Fech/Eif4e/Bmi1/Jak2/Ddit4/Atp5a1"
"GOBP_ERYTHROCYTE_DEVELOPMENT",0.019901783406565,0.211442331543791,0.164313492356652,0.460867032722726,1.61107050780982,29,"Slc4a1/Klf2/Ptbp3/Alas2/Abcb10/Rac1/Bcl6/Srf/Med1/Heatr3/Dmtn/Pla2g10/Bpgm"
"GOBP_SULFUR_COMPOUND_TRANSPORT",0.0199330250358794,0.211442331543791,0.128489714653408,-0.458943636783211,-1.55098416392166,36,"Slc25a10/Mgst1/Slc33a1/Slc1a1/Slc6a13/Lrrc8d/Slc13a3/Slc1a4/Slc44a4/Slc7a13/Slc22a2/Slc35b3/Slc19a3/Slc25a16/Slc7a5"
"GOBP_ORGANIC_ACID_CATABOLIC_PROCESS",0.0200593304139003,0.212045863025832,0.120420653167431,-0.337418671401098,-1.42314941396694,124,"Sardh/Cbs/Cdo1/Aass/Slc27a4/Thnsl2/Fah/Adipoq/Bdh2/Pah/Faah/Echdc1/Pex2/Acaa1a/Bcat2/Acox2/Pon3/Cryl1/Abat/Gpt2/Mccc2/Akr1a1/Oat/Cpt1b/Abcd2/Kyat3/Gnpda1/Mccc1/Acot7/Aldh8a1/Hacl1/Tst"
"GOBP_REGULATION_OF_HOMOTYPIC_CELL_CELL_ADHESION",0.0205233453052848,0.216202827267741,0.161159145661682,0.482177080462633,1.61810896978929,25,"Tnfsf11/Ccl5/Jak2/Mfsd2b/Rdx/Map2k1/Il6ra/Il6st/Ubash3b/Alox12/Mmrn1/Prkcq/Jak1/Ctsg/Zfp703"
"GOBP_REGULATION_OF_MITOTIC_CELL_CYCLE",0.0206929740134745,0.217240672203315,0.220823464091113,0.23976218934231,1.26109874542349,297,"Ccnb1/Mad2l1/Knl1/Cul9/Thap1/Nuf2/Inhba/Nusap1/Ppp2ca/Rnaseh2b/Gen1/Mre11a/Topbp1/Atf2/Rbl2/Atad5/Donson/Epgn/Bub1/Dtl/Gtpbp4/Slfn9/Ptpn3/Ccne2/Fbxo5/Tfdp1/Wac/Rrm2/Mark3/Eif4e/Cdc73/Prpf4b/Fhl1/Abraxas1/Cdca8/Mki67/Mastl/Hus1/Cdkn1a/Pafah1b1/Angel2/Taok1/Zfp655/Apc/Lsm11/Ereg/Mrnip/Appl1/Cdk6/Rdx/Rrm2b/Pbrm1/Igf2/Bcl6/Dync1li1/Mbtps2"
"GOBP_POSITIVE_REGULATION_OF_ACTIVATED_T_CELL_PROLIFERATION",0.0208833413346135,0.217968529153838,0.154446348855961,0.550631440830215,1.63884942661785,16,"Gpam/Igfbp2/Igf2/Ppp3ca/Hmgb1/Il23r"
"GOBP_REGULATION_OF_MUSCLE_HYPERTROPHY",0.0209050013231014,0.217968529153838,0.162190534576841,0.448530894569505,1.59863715350884,32,"Rock2/Smad4/Rock1/Smad3/Tomm70a/Akap6/Ppp3ca/Ppara/Tnfrsf1a/Yy1/Il6st/Trpc3/Atp2b4/Rgs2"
"GOBP_FEMALE_GAMETE_GENERATION",0.0209981740718198,0.218195312208876,0.173713219262156,0.331047122597698,1.42922151563846,77,"Ccnb2/Tob2/Bmpr1b/Ccnb1/Inhba/Ncaph/Zfx/Top2a/Diaph2/Hpgd/Aspm/Fbxo5/Mastl/Sos1/Ereg/Hsf2bp/Tnfaip6/Lgr5"
"GOBP_RESPONSE_TO_VIRUS",0.0210843373493976,0.218347968143761,0.206652311234449,0.254374064382282,1.30132610460703,226,"Irgm2/Fgr/Spn/Tbx21/Rb1cc1/Ube2n/Ifit1/Atf2/Lcn2/Ifi44/Ccl5/Mtor/Pmaip1/Gbp5/Rtp4/Slfn9/Tnfsf4/Itgb6/Dhx58/G3bp1/Smad3/Ncbp1/Gbp2/Ifitm1/Ifit1bl1/Gpam/Tomm70a/Bnip3/Jak2/Smarca5/Il33/Traf3ip1/Slfn8/Mid2/Tnfaip3/Cnot7/Ddit4/Ddx60/Cdk6/Irak3/Ppm1b/Isg15/Mavs/Myd88/Ivns1abp/Nlrc5/Dhx9/Ifih1/Stat1/Abcc9/Tbk1/Oas1g/Dtx3l/Tnf/Il23r/Pde12/Nmbr/Fgl2/Ptprc/Lyst/Pla2g10/Ercc6/Ikbkg/Sin3a"
"GOBP_IRE1_MEDIATED_UNFOLDED_PROTEIN_RESPONSE",0.0213346987540536,0.219236258572075,0.128489714653408,-0.571091111659365,-1.6106306111545,17,"Hspa5/Xbp1/Ddrgk1/Agr2/Tmbim6/Bbc3"
"GOBP_RIBONUCLEOPROTEIN_COMPLEX_BIOGENESIS",0.0213675213675214,0.219236258572075,0.215782858966574,0.239864685541926,1.26308692879518,295,"Zfp593/Nop58/Rps27a/Celf1/Srsf10/Ddx31/Rpf2/Eri1/Dnttip2/Wdr43/Fdxacb1/Gtpbp4/Heatr1/Esf1/Xpo1/Luc7l2/Setx/Lsm2/Ncbp1/Prpf4b/Nufip1/Zcchc4/Utp20/Wdr3/Celf3/Mettl16/Aar2/Utp6/Eif3j1/Ptbp2/Frg1/Sf3a1/Nol10/Eif5/Wdr36/Ddx46/Eif3m/Grwd1/Wdr12/Usp39/Nmd3/Bysl/Npm3/Mrm1/Ddx18/Ago2/Exosc2/Noc2l/Ddx51/Dhx9/Rrs1/Ddx10/Xrcc5/Nop16/Dkc1/Rbm5/Smn1/Pno1/Sf3b1/Scaf11/Heatr3"
"GOBP_REGULATION_OF_SISTER_CHROMATID_SEGREGATION",0.0214492753623188,0.219236258572075,0.167658528065765,0.351614586393161,1.46917059822401,64,"Ccnb1/Mad2l1/Knl1/Nuf2/Gen1/Bub1/Fbxo5/Prpf4b/Cdca8/Apc/Pbrm1/Dync1li1/Rad21/Zfp207/Psmg2/Cenpf/Cdk1/Spc25/Cdc27/Cdc20/Rb1/Dpf2"
"GOBP_L_AMINO_ACID_CATABOLIC_PROCESS",0.0214571657325861,0.219236258572075,0.124026527381656,-0.459157099101625,-1.54185017138183,35,"Cbs/Cdo1/Aass/Fah/Pah/Gpt2/Mccc2/Oat/Kyat3/Mccc1/Aldh8a1/Arg2/Afmid/Nos3"
"GOBP_RESPONSE_TO_DSRNA",0.0215484840892007,0.21943539630836,0.155354732375283,0.489087195114877,1.60885733882308,23,"Nfkbia/Pmaip1/Ifit1bl1/Irak3/Mavs/Dhx9/Ifih1/Gria1/Oas1g/Pde12/Peli1/Colec12"
"GOBP_FOLIC_ACID_CONTAINING_COMPOUND_METABOLIC_PROCESS",0.0218200270635995,0.221462400927895,0.126448470699906,-0.548032571018276,-1.58461951629548,19,"Folr1/Folh1/Mthfd2/Fpgs"
"GOBP_SARCOMERE_ORGANIZATION",0.0219925808161102,0.221912168829378,0.158177999589196,0.43640274162757,1.57922597911481,34,"Ttn/Six4/Lmod2/Capn3/Flii/Srf/Csrp3/Actn2/Mybpc1/Ankrd1/Prox1/Prkar1a/Myh3/Myom1/Flnc/Casq1/Plec/Fhod3/Mylk3/Myom2/Tpm1"
"GOBP_MYOTUBE_CELL_DEVELOPMENT",0.0220779220779221,0.221912168829378,0.15627914647544,0.456631138543107,1.57826178017963,28,"Kel/Xk/Myf6/Ppp3cb/Large1/Rcan1/Myf5/Homer1/Naca"
"GOBP_SPLICEOSOMAL_COMPLEX_ASSEMBLY",0.0221069868995633,0.221912168829378,0.160146983509279,0.389671041818136,1.53056990797336,48,"Celf1/Srsf10/Luc7l2/Setx/Ncbp1/Celf3/Ptbp2/Sf3a1/Ddx46/Usp39/Rbm5/Smn1/Sf3b1/Scaf11/Crnkl1/Ythdc1/Luc7l/Sf3b4/Srpk1"
"GOBP_REPLACEMENT_OSSIFICATION",0.0221583220568336,0.221912168829378,0.12546307449004,-0.547250378210487,-1.58235782957415,19,"Cbs/Foxc1/Tmem119/Nab2/Col1a1/Runx2/Ext1/Alpl"
"GOBP_CERAMIDE_METABOLIC_PROCESS",0.0222426752569412,0.221912168829378,0.119145934080369,-0.394336182703431,-1.48551572562701,62,"Fa2h/Degs2/Ormdl3/Ugt8a/Cers2/Hexb/Asah2/Smpd2/Hexa/Sptlc1/St6galnac5/Asah1/Ormdl2/Paqr4/Neu1/B3galt2/Cers5/Mecr/Gba/Gm2a/P2rx1/B4galnt1"
"GOBP_POSITIVE_REGULATION_OF_SMAD_PROTEIN_SIGNAL_TRANSDUCTION",0.0223001753946379,0.221912168829378,0.152675855527469,0.4872951102701,1.60296225736703,23,"Inhba/Bmpr2/Smad4/Smad3/Jak2/Eng/Acvr2a/Glce"
"GOBP_POSITIVE_REGULATION_OF_PROTEIN_SECRETION",0.022525192649674,0.223154879299777,0.116319528645477,-0.366914258794828,-1.45524675871527,83,"Nnat/Slc2a2/Tmed10/Serp1/Rbp4/Ffar2/C1qtnf3/Unc13b/Myh10/Cftr/C1qtnf12/Myrip/Abat/H2-Eb1/Kcnn4/Ang/Casr/Tcf7l2/Chrm3/Ppia/C2cd2l/Apbb1/Sytl4/Sox4/Ano1/Golph3l"
"GOBP_CIRCADIAN_RHYTHM",0.0225711481844946,0.223154879299777,0.173713219262156,0.301622767375076,1.37794597396636,105,"Ppargc1a/Rock2/Timeless/Nfil3/Ppp1cb/Mapk10/Mtor/Noct/Prkaa2/Top2a/Creb1/Setx/Kcna2/Top1/Prkaa1/Mapk8/Rorc/Gpr157/Cldn4/Per1/Fxr1/Nampt/Klf10/Id1/Ppara/Tnf/Gabrb3/Dyrk1a/Sin3a/Huwe1/Sik1/Prox1/Bloc1s6/Ogt/Opn3/Scn9a/Hdac2/Cdk1"
"GOBP_REGULATION_OF_EPITHELIAL_CELL_APOPTOTIC_PROCESS",0.0227331438904676,0.224031466404447,0.1535535368591,0.468754693263195,1.58913026970507,26,"Eif2s1/Prkaa2/Prkaa1/Jak2/Cast/Pla2r1/Npc1/Ppara/Tia1/Bok/Yap1/Rb1/Btc/Bax/Cdkn1b"
"GOBP_SPINDLE_ASSEMBLY",0.0229704216488357,0.225225225225225,0.168819300017839,0.313717863137931,1.41019291859991,94,"Ccnb2/Uhrf1/Tpx2/Kif15/Haus6/Aspm/Fbxo5/Clasp2/Abraxas1/Cdca8/Racgap1/Abraxas2/Ccdc66/Kif11/Prc1/Stag2/Stard9/Cep192/Haus3/Cep97/Pibf1/Haus4/Zfp207/Pdcd6ip/Chmp2b/Prickle1/Dcaf13/Chmp7/Chmp1b"
"GOBP_MODIFICATION_DEPENDENT_MACROMOLECULE_CATABOLIC_PROCESS",0.0230017251293847,0.225225225225225,0.229089382980959,0.22419854730982,1.21926129704653,397,"Uhrf1/Cul2/Pbk/Rps27a/Spsb1/Cul9/Tbx21/Klhl28/Ube2n/Spopl/Mtm1/Mtor/Asb1/Nemf/Dtl/Klhl7/Xpo1/Rnf122/Nccrp1/Wac/Herc3/Ltn1/Il33/Kbtbd8/Rnf168/Cul5/Ccar1/Ube2b/Hace1/Kcmf1/Herc6/Rnf139/Bag2/Apc/Plaa/Uba6/Tnfaip3/Usp14/Rnf146/Herc4/Kbtbd2/Trib2/Tmem168/Ubr3/Rlim/Ube2l6/Fem1c/Isg15/Ivns1abp/Rmnd5a/Psmb8/Ube2d3/Csnk1a1/Rnf125/Ercc8/N4bp1/Rnf217/Zranb1/Sh3rf2/Ccnf/Cops3/Wdr26/Rnf123/Klhl23/Rnf14/Rnf114/Sh3rf1/Dtx3l/Ascc3/Cul1/Sumo1/Smurf2/Ppp2r5c/Ube3c/Kbtbd7/Rybp/Vps36/Csnk2a1/Klf1/Ttc3/Klhl4/Cdk2/Pink1/Peli1/Rbbp6/Chmp2b/Ikbkg/Kctd5/Prickle1/Huwe1/Spop/Trim25/Anapc10/Det1/Psmc2/Trip12/Mylip/Rnf19a/Rnf26/Ube2cbp/Ogt/Rnf115/Dcaf13/Stam/Nedd4/Chmp7/Socs4/Klhl15/Chmp1b/Rnf145/Klhl21/Fbxo31/Epm2a/Cdc27/Ube2l3/Rnf128/Fem1a/Spsb4/Rnf20/Fbxo6/Clock/Klhl20/Cdc20/Rnf144b/Psmb9/Psmd1"
"GOBP_NEUROBLAST_PROLIFERATION",0.0231182795698925,0.225310090512907,0.155354732375283,0.39864014083916,1.51461965817583,42,"Sox5/Rab10/Aspm/Vegfc/Fgf13/Fgf2/Pafah1b1/Racgap1/Numb/Fzd3"
"GOBP_REGULATION_OF_MICROTUBULE_POLYMERIZATION_OR_DEPOLYMERIZATION",0.0231578947368421,0.225310090512907,0.164313492356652,0.333616178649068,1.43133860720184,74,"Tpx2/Ppp2ca/Map1b/Haus6/Clasp2/Fgf13/Ckap2/Stmn4/Togaram1/Taok1/Ckap5/Apc/Rac1/Camsap1/Spast/Hdgfl3/Haus3/Haus4/Map1s/Mecp2/Camsap2/Atxn7/Pde4dip/Dyrk1a/Cdh5/Snca/Wdr47/Ttbk2/Diaph3"
"GOBP_HOMOLOGOUS_RECOMBINATION",0.0233199598796389,0.225450877950307,0.149308206900753,0.479455124023051,1.59903130435445,24,"Uhrf1/Mre11a/Topbp1/Top2a/Ankle1/Ube2b/Rad54b/Hsf2bp/Nucks1/Rad21/Terb1"
"GOBP_INOSITOL_PHOSPHATE_METABOLIC_PROCESS",0.0233199598796389,0.225450877950307,0.149308206900753,0.479171266381838,1.59808461042725,24,"Plek/Synj1/Ip6k3/Itpka/Nudt10/Nudt4/Ppip5k1/Inpp5a/Snca/Nudt3/Inpp4a/Plcg2"
"GOBP_REGULATION_OF_ACTOMYOSIN_STRUCTURE_ORGANIZATION",0.023619722468261,0.227628555648383,0.161159145661682,0.337540002660564,1.43303809822184,70,"S1pr1/Rock2/Mtor/Smad4/Synpo/Ect2/Clasp2/Rock1/Smad3/Phldb2/Tjp1/Rac1/Rhpn1/Arhgef15/Ppm1f/Pfn2"
"GOBP_COMPLEMENT_ACTIVATION_CLASSICAL_PATHWAY",0.0237194912341011,0.227871212956537,0.122184433304052,-0.585107966981687,-1.60046191792154,15,"C2/C7/C4b/C3/Serping1/C1s1/C1qa/Susd4/Cr1l/C1rb/Hc"
"GOBP_ALCOHOL_METABOLIC_PROCESS",0.0238127090301003,0.228049611557857,0.10732131625112,-0.306039624773616,-1.36919526190846,190,"Awat2/Insig1/Dhcr24/Hmgcs1/Degs2/Dhrs7/Galk1/Gk5/Rbp4/Ldlr/Hmgcr/Npc2/Dhcr7/Lmf1/Lcat/Asah2/Cftr/Ces1d/Pts/Ebp/Miox/Mvd/Tm7sf2/Pecr/Lrp2/Dolk/Hdlbp/Sptlc1/Gnb3/Akr1c18/Rdh11/Dpm3/Ptafr/Asah1/Slc34a1/Akr1a1/Aldh3a2/Dhrs3/Dhdds/Aldh2"
"GOBP_POSITIVE_REGULATION_OF_CHROMOSOME_SEPARATION",0.0243229689067202,0.23167675396149,0.146151534304949,0.474648203161391,1.58299973737305,24,"Ncapg/Ncaph/Smc4/Ncapd2/Cdca8"
"GOBP_PROTEIN_POLYMERIZATION",0.0243431221020093,0.23167675396149,0.181914998907505,0.266939251369184,1.32247650789797,176,"Tpx2/Ppp2ca/Map1b/Mtor/Haus6/Diaph2/Fbxo5/Clasp2/Fgf13/Ssh2/Jak2/Hck/Lmod2/Togaram1/Ckap5/Ccdc66/Rac1/Rdx/Alox15/Camsap1/Tubg2/Nedd1/Flii/Hdgfl3/Coro1a/Inf2/Pfn2/Capza2/Nckap1/Cep192/Haus3/Nin/Haus4/Mkks/Mecp2/Zfp207/Camsap2/Pink1/Ttbk1/Dmtn/Pde4dip/Dyrk1a/Ssna1/Map4/Tmod4/Ranbp9/Msrb1/Cdh5/Snca/Arhgap40/Cdc42ep3/Fchsd2/Ssh1/Arf6/Svil/Wasl"
"GOBP_ISOPRENOID_BIOSYNTHETIC_PROCESS",0.0245775729646697,0.233181631698963,0.119566417816168,-0.560233480649777,-1.58000917000153,17,"Hmgcs1/Hmgcr/Mvd/Akr1c18/Rbp1/Dhdds/Aldh8a1/Fdps"
"GOBP_HEMATOPOIETIC_PROGENITOR_CELL_DIFFERENTIATION",0.0246609124537608,0.233247949059564,0.161159145661682,0.323371075594309,1.41302413119075,82,"Plek/Inhba/Kitl/Esco2/Atf2/Top2a/Tmem190/Pus7/Ankle1/Zbtb1/Herc6/Sos1/Lipa/Cdk6/Jam3/Bves/Slc8a3/Rrs1/Xrcc5/Srf/Med1/Hmgb1/Hspa9/Ptprc/4930430F08Rik/Lig4/Sin3a/Ythdf2/Kdr/Mlf1/Ptprz1/Wdr38/Braf/Sp7/Dpf2"
"GOBP_NEUTROPHIL_MIGRATION",0.0249503827615537,0.235257467088107,0.1535535368591,0.356201001129374,1.4595977149159,58,"Cxcr2/Ppbp/Cd177/Trem1/S100a8/Csf3r/Pde4b/Dnm1l/Rac1/Mcu/Myd88/Jam3/Rtn4/Tnfaip6/Vav1"
"GOBP_PROTEINOGENIC_AMINO_ACID_METABOLIC_PROCESS",0.0251033668044891,0.235971647962197,0.109869472131707,-0.365539645215369,-1.44590331672899,81,"Cbs/Cdo1/Aass/Asns/Fah/Pycr1/Aldh18a1/Fpgs/Nadsyn1/Pah/Phgdh/Bcat2/Cln3/Gpt2/Mccc2/Ass1/Oat/Asl/Mccc1/Azin2"
"GOBP_CHONDROCYTE_PROLIFERATION",0.0252040326452232,0.2361911648195,0.140389202001749,0.540664410058582,1.60918446117283,16,"Bmpr1b/Stc1/Bmpr2"
"GOBP_T_HELPER_1_TYPE_IMMUNE_RESPONSE",0.0253295425174464,0.236641444620179,0.145392780236481,0.449712716701962,1.57207793880423,29,"Il18bp/Spn/Tbx21/Mtor/Tnfsf4/Il33/Il4ra"
"GOBP_POSITIVE_REGULATION_OF_CARTILAGE_DEVELOPMENT",0.0254440710513682,0.236986698359542,0.139715216553372,0.540454489064319,1.60855967138501,16,"Bmpr1b/Sox5/Bmpr2/Tapt1/Smad3"
"GOBP_CELLULAR_RESPONSE_TO_KETONE",0.0255562236921227,0.237307791426853,0.15627914647544,0.332891627013204,1.41900569960271,72,"Sgk1/Klf2/Rock2/Adcy2/Prkaa2/Tnfsf4/Fech/Creb1/Eif4e/Bmi1/Prkaa1/Jak2"
"GOBP_DE_NOVO_PROTEIN_FOLDING",0.0257104194857916,0.238016156148768,0.116319528645477,-0.542512681200487,-1.56865892271832,19,"Hspa5/Hspa13/Cd74/Telo2/Hsph1/Selenof"
"GOBP_POSITIVE_REGULATION_OF_DNA_BINDING",0.0262976968030251,0.24215282181357,0.115931642749028,-0.579270396116787,-1.58449424974803,15,"Gtf2b/Foxc1/Gata3/Sirt2/Hes1"
"GOBP_NUCLEOSIDE_TRIPHOSPHATE_BIOSYNTHETIC_PROCESS",0.0263157894736842,0.24215282181357,0.154446348855961,0.329436868810233,1.41468053491405,75,"mt-Atp6/mt-Atp8/mt-Nd6/mt-Nd5/mt-Nd2/mt-Nd4/Cmpk2/Lipa/mt-Nd1/Atp5a1/Map2k1/Ppara/Ndufb5/Atp5b/Ndufs2/Stat3/Pink1/Sdhb"
"GOBP_ANTIBACTERIAL_HUMORAL_RESPONSE",0.026742301458671,0.24392565841195,0.111555069436528,-0.475020267927644,-1.53979657837331,30,"Dmbt1/Wfdc12/Klk1b1/Wfdc3/Rnase2b/Klk7/Ang/App/Trf/Klk1/Ltf/Klk1b11"
"GOBP_PYRIMIDINE_RIBONUCLEOTIDE_METABOLIC_PROCESS",0.0267963816350913,0.24392565841195,0.114417265153214,-0.557064593127818,-1.57107205446607,17,"Nme7/Upp2/Ak5/Dpyd/Cmpk1/Ak3/Ctps2/Cad/Umps"
"GOBP_CELLULAR_EXTRAVASATION",0.0268147345612134,0.24392565841195,0.144645572264101,0.388009992377286,1.48964014362919,44,"Vcam1/Cd177/Spn/Fut9/Sele/Rock1/Itgal/Icam1/Selp"
"GOBP_POSITIVE_REGULATION_OF_CHROMOSOME_ORGANIZATION",0.0268278301886792,0.24392565841195,0.150964206987421,0.33613794620132,1.42064793015617,68,"Ncapg/Ncaph/Mre11a/Fen1/Smc4/Atrx/Bub1/Ncapd2/Tnks2/Smc5/Dkc1/Map2k7/Rad21/Slf2/Ncapg2/Cdk2/Yy1/Lig4/Pnkp/Pot1a/Cdk1"
"GOBP_BONE_DEVELOPMENT",0.0271499644633973,0.24477989840232,0.103526179501938,-0.332986643740817,-1.39924630367956,121,"Bglap3/Lrrc17/Insig1/Cbs/Serpinh1/Sulf2/Col3a1/Foxc1/Thbs3/Ltbp3/Fam20c/Tmem119/Ghr/Lox/Nab2/P3h1/Ppib/Ebp/Msx1/Ogn/Osr2/Shox2/Ext2/Map2k6/Dhrs3/Col1a1"
"GOBP_RESPIRATORY_BURST",0.0271934325295023,0.24477989840232,0.139715216553372,0.469559132853009,1.57576516077234,25,"Mpo/Hck/Lipa/Cd55/Rac1"
"GOBP_CARBOHYDRATE_CATABOLIC_PROCESS",0.0272348606215956,0.24477989840232,0.15627914647544,0.306481029637331,1.38380757370805,98,"Gapdh/Slc4a1/Fut9/Ppp2ca/Rb1cc1/Neu3/Mtor/Tigar/Atg2b/Prkaa2/Ucp2/Pklr/Ctbs/Mgam/Prkaa1/Gpd2/Gck/Pfkfb1/Phka1/Hdac4/Lipa/Ddit4"
"GOBP_REGULATION_OF_DEVELOPMENTAL_GROWTH",0.0272585669781931,0.24477989840232,0.172450317477257,0.262032847708046,1.30508768937951,183,"Ccnb1/Bmpr2/Map1b/Mtm1/Bcl2l11/Sash3/Clasp2/Fgf13/Creb1/Ostn/Fgf2/Gpam/Tomm70a/Nipbl/Six4/Pum2/Cdkn1a/Pafah1b1/Akap6/Npy1r/Plaa/Pik3ca/Rab21/Rbpj/Gpr21/Naca/Arx/Gpat4/Capn3/Lin7a/Crabp2/L1cam/Mbd5/Igf2/Rtn4/Ttl/Srf/Hopx/Nrg1/Eppk1/Ppara/Atrn/Tnfrsf12a/Mkks/Cacng7/Stat3/Tbx2/Nrcam/Dusp10/Yy1/Dip2b/Sin3a/Yap1/Hlx/Prox1/Fstl4/Actn3/Cdk1/Lpar3/Sema4f/Bbs2/Rgs2/Ybx3"
"GOBP_REGULATION_OF_MITOCHONDRIAL_FISSION",0.0273224043715847,0.24477989840232,0.137111915255226,0.494045794790856,1.58196248940292,21,"Irgm2/Bnip3/Dnm1l/Myo19/Mcu/Mff/Inf2/Pink1/Rala/Kdr/4930550C14Rik/Spire1/Mul1/Lrrk2"
"GOBP_POSITIVE_REGULATION_OF_DNA_METABOLIC_PROCESS",0.0276934749620637,0.247378847979838,0.168819300017839,0.268448765810052,1.31754125525436,167,"E2f8/Tbx21/Timeless/Ube2n/Mre11a/Tigar/Atad5/Atrx/Tfrc/Rfc4/Rif1/Tnfsf4/Tnks2/Fgf2/Atf1/Eya1/Smarca5/Rnf168/Abraxas1/Ube2b/Cdkn1a/Ereg/Smchd1/Mrnip/Pbrm1/Cebpg/Ercc8/Dhx9/Kat7/Dkc1/Ctc1/Map2k7/Tnf/Hmgb1/Fh1/Spidr/Slf2/Cdk2/Peli1/Ptprc/Yy1/Ercc6/Ccdc117/Cacybp/Pnkp/Eya4/Pot1a/Cdk1/Nox4/Meaf6/Spire2/Baz1a/Ube2v2/Dpf2/Bax/Cdkn1b/Endog/Prkcq/Fmn2/Actr2/Spire1/Cct8"
"GOBP_POSITIVE_REGULATION_OF_SMOOTH_MUSCLE_CELL_PROLIFERATION",0.0280348394120849,0.248711627228251,0.141766537975907,0.386101617792425,1.48983354625068,45,"S1pr1/Thbs1/Ccl5/Hpgd/Fgf2/Jak2/Itgb3/Pik3ca/Ereg/Myd88/Stat1/Calcrl/Il6ra/Tnf"
"GOBP_REGULATION_OF_TRANSLATION",0.0280535174794994,0.248711627228251,0.179054499269993,0.247089357144887,1.26903362790594,234,"Gapdh/Thbs1/Sarnp/Celf1/Ythdf3/Eif2s1/Cnot6l/Ccl5/Mtor/Ogfod1/Cnot11/Cnot9/Cpeb4/Eif4e/Ncbp1/Purb/Zcchc4/Larp4b/Pus7/Kbtbd8/Rps6ka3/Bzw1/Pum2/Csde1/Eif4g2/Rnf139/Eif4e3/Jmjd4/Metap1/Selenot/Cnot7/Larp4/Eif5/Ptcd3/Gtdc1/Fxr1/Ago2/Rbms3/Elavl1/Neurl1a/Pum3/Dhx9/Eif5a2/Samd4/Tnrc6b/Tnf/Tia1/Csnk2a1/Etf1/Trmt10c/Xrn1/Cpeb2/Pink1/Abce1/Krt13/Cnot6/Ythdf2/Habp4/Uhmk1"
"GOBP_MITOCHONDRIAL_ELECTRON_TRANSPORT_NADH_TO_UBIQUINONE",0.0280869104398516,0.248711627228251,0.139715216553372,0.424701712270255,1.53688305185789,34,"mt-Nd6/mt-Nd5/mt-Nd2/mt-Nd4/mt-Nd1/Ndufb5/Ndufs2/Pink1/Ndufa4/Ndufaf1/Snca/Ndufs8/Ndufa9/Ndufs7/Ndufab1/Ndufa10/Ndufc1/Ndufa5/Ndufs3"
"GOBP_REGULATION_OF_RESPONSE_TO_ENDOPLASMIC_RETICULUM_STRESS",0.0284142988084326,0.250623935020442,0.104938859783548,-0.388879910736487,-1.46384610338173,61,"Hspa5/Hyou1/Manf/Xbp1/Ddrgk1/Agr2/Ppp1r15a/Tmbim6/Selenos/Rnf185/App/Bbc3/Creb3/Eif2ak3/Pik3r1/Syvn1/Bcap31/Tmem259/Grina/Rnft2/Creb3l1/Bak1"
"GOBP_CELL_CYCLE_G2_M_PHASE_TRANSITION",0.0285271317829457,0.250623935020442,0.150129441088022,0.312341139025779,1.38286755871559,87,"Ccnb2/Ccnb1/Rnaseh2b/Mre11a/Brsk2/Topbp1/Atad5/Donson/Dtl/Gtpbp4/Fbxo5/Mark3/Fhl1/Abraxas1/Mastl/Hus1/Cdkn1a/Taok1/Mrnip/Cdk6/Rrm2b/Mbtps2/Ctc1/Inip/Rad21/Cdc25c/Cdk2/Orc1"
"GOBP_INFLAMMASOME_MEDIATED_SIGNALING_PATHWAY",0.0285489785227868,0.250623935020442,0.137749272114041,0.436712306704494,1.54719018528135,31,"Irgm2/Ppp2ca/Gbp5/Gbp2/Cd36/Mapk8/Mavs/Myd88/Csnk1a1"
"GOBP_ER_NUCLEUS_SIGNALING_PATHWAY",0.0288739172281039,0.251729815930923,0.106710889259626,-0.456007334758221,-1.51338465661363,33,"Insig1/Hspa5/Manf/Xbp1/Ddrgk1/Agr2/Ppp1r15a/Selenos"
"GOBP_REGULATION_OF_DNA_RECOMBINATION",0.0289592760180995,0.251729815930923,0.146922135732098,0.328160208055807,1.40365760274021,73,"Kpna2/Fignl1/Tbx21/Timeless/Mre11a/Atad5/Tfrc/Rif1/Tnfsf4/Kpna1/Ankle1/Ube2b/Smchd1/Mrnip"
"GOBP_REGULATION_OF_CENTROSOME_CYCLE",0.0292146877512731,0.251729815930923,0.137749272114041,0.413989229167082,1.51974084058689,36,"Rock2/Gen1/Mcph1/Xpo1/Chordc1/Ccnl1/Cep76/Ccnf/Pdcd6ip/Chmp2b/Mdm1/Chmp1b"
"GOBP_REGULATION_OF_INFLAMMASOME_MEDIATED_SIGNALING_PATHWAY",0.0292275574112735,0.251729815930923,0.135862926377654,0.438914664688539,1.54648206951019,30,"Irgm2/Ppp2ca/Gbp5/Gbp2/Cd36/Mapk8/Mavs/Myd88/Csnk1a1"
"GOBP_SKIN_DEVELOPMENT",0.0292484766418416,0.251729815930923,0.0972120409994456,-0.304977321505532,-1.34664389854721,171,"Krt79/Krt25/Fa2h/Krt27/Krt75/Dhcr24/Flg2/Col5a3/Slc27a4/Col3a1/Foxc1/Cldn1/Alox8/Krt10/Trpc4ap/Ldb2/Fuz/Slc39a7/Col5a1/Krt7/Sox18/Slc39a2/Akr1c18/Asah1/Col1a1/Adamts2/Wdr48/Ovol2/Tfap2c/Itgb4/Casp3/Ascl4/Sufu/Ivl/Slc2a10/Col1a2/Ext1/Kdf1/Gba/Tmem79"
"GOBP_MITOCHONDRION_LOCALIZATION",0.0292786797977109,0.251729815930923,0.137111915255226,0.42054570940059,1.53091626393616,35,"Map1b/Armc1/Mtm1/Plin5/Dnm1l/Myo19/Kif5b/Mfn1/Cluh/Spast/Opa1/Kif1b/Trak2/Map1s"
"GOBP_VASCULAR_ENDOTHELIAL_CELL_PROLIFERATION",0.0292846855496879,0.251729815930923,0.130086070372915,0.535967947978395,1.59520633784655,16,"Fgf2/Apln/Akt3/Igf2/Hmgb1/Stat3/Flt1/Sp1"
"GOBP_RESPONSE_TO_OXIDATIVE_STRESS",0.0293594306049822,0.251729815930923,0.177673526439218,0.244927110395199,1.26837845455518,250,"Mpo/Rhob/Klf2/Ppargc1a/Il18bp/Il18rap/Cyp1b1/Ucp3/Eif2s1/Areg/Atf2/Lcn2/mt-Nd5/Prkaa2/Ucp2/Epas1/Ptgs2/Ect2/Txnip/mt-Co1/Pnpla8/Usp25/Setx/Rcan1/Prkaa1/Bnip3/Jak2/Cd36/Duox1/Mapk8/Kcmf1/Stk26/Tnfaip3/mt-Nd1/Hba-a1/Rrm2b/Stau1/Gpx2/Pla2r1/Ercc8/Slc4a11/Nr4a2/Map2k1/Stat1"
"GOBP_RESPONSE_TO_INTERLEUKIN_4",0.0294165447749065,0.251729815930923,0.10640946434982,-0.48591188606193,-1.54374213399219,27,"Cited1/Hspa5/Shpk/Fasn/Xbp1/Gata3/Jak3/Hsp90ab1"
"GOBP_MYOBLAST_DIFFERENTIATION",0.0295652173913043,0.252295360699539,0.142470368773132,0.341125883726936,1.42534507400784,64,"Tnfsf14/Epas1/Myf6/Myf5/Mbnl1/Rbpj/Capn3/Pbrm1/Srf/Csrp3/Nrg1/Plekhm3/Xirp1/Mbnl3/Tnf/Tbx2/Smyd1/Prickle1/Eid2b/Flot2/Grem1"
"GOBP_MEMBRANE_LIPID_CATABOLIC_PROCESS",0.0298217179902755,0.253775343900534,0.105519930289441,-0.468721494414206,-1.51937886031203,30,"Sumf1/Hexb/Asah2/Smpd2/Enpp2/Hexa/M6pr/Asah1/Naga/Neu1/Fuca1/Gba/Smpdl3a/Ppt1/Gm2a/Smpdl3b"
"GOBP_POSITIVE_REGULATION_OF_INSULIN_SECRETION",0.03003003003003,0.254838171504838,0.103804265291514,-0.406989218462121,-1.46897504916113,50,"Nnat/Slc2a2/Serp1/Rbp4/Ffar2/Cftr/C1qtnf12/Myrip/Abat/H2-Eb1/Casr/Tcf7l2/Chrm3/C2cd2l/Sox4/Ano1"
"GOBP_ALPHA_AMINO_ACID_BIOSYNTHETIC_PROCESS",0.0302105094006106,0.255659574013478,0.104367053045525,-0.460818927735464,-1.51785540717916,32,"Cbs/Asns/Pycr1/Aldh18a1/Pah/Phgdh/Cln3/Cth/Ass1/Oat/Asl"
"GOBP_SECRETORY_GRANULE_LOCALIZATION",0.0305003427004798,0.256736691763651,0.10732131625112,-0.561434880802886,-1.56121278910688,16,"Ppfia2/Unc13c/Stxbp2/Unc13b/Cadps2"
"GOBP_REGULATION_OF_GLIAL_CELL_DIFFERENTIATION",0.03054045410937,0.256736691763651,0.103526179501938,-0.438278528710076,-1.4942004094327,38,"Nr1d1/Cntn2/Ldlr/Hes1/Tmem98/Id2/Egr2/Dusp15/Rnf112/Tnfrsf21"
"GOBP_POSITIVE_REGULATION_OF_CHEMOTAXIS",0.0306501547987616,0.256736691763651,0.144645572264101,0.316254108904664,1.37688722590558,81,"S1pr1/Fpr2/Thbs1/Bmpr2/Ccl5/Tnfsf14/Vegfc/Smad3/Fgf2/Ccr1/Dnm1l/Vegfd/Ccl7/Rac1/Mcu/Ppm1f/Il34/Wnk1/Il6ra/Hmgb1"
"GOBP_STEROID_BIOSYNTHETIC_PROCESS",0.0306739418964754,0.256736691763651,0.0991087684263433,-0.354203151292478,-1.41778334605931,88,"Bglap3/Nr1d1/Insig1/Dhcr24/Hmgcs1/Hmgcr/Dhcr7/Cyp17a1/Hsd17b12/Cftr/Ces1d/Ebp/Mvd/Tm7sf2/Akr1c18/Prlr/Asah1/Srebf2/Fgfr4/Sdr42e1/Fdps/Sqle/Msmo1/Acly"
"GOBP_NADH_DEHYDROGENASE_COMPLEX_ASSEMBLY",0.0307933194154489,0.257031668891247,0.132308522605383,0.436523207357015,1.53805595350008,30,"mt-Nd6/Ndufaf6/mt-Nd5/Timm21/mt-Nd2/mt-Nd4/mt-Nd1/Tmem70"
"GOBP_POSITIVE_REGULATION_OF_MITOCHONDRIAL_FISSION",0.0310707456978968,0.258640676041075,0.125952931638622,0.540512795597628,1.58860334232008,15,"Irgm2/Bnip3/Dnm1l/Mcu/Mff/Pink1/Rala/Kdr/Spire1/Mul1"
"GOBP_EPIDERMIS_MORPHOGENESIS",0.0314614343707713,0.260762753199059,0.104938859783548,-0.533702715054625,-1.54318517347255,19,"Krt25/Krt27/Flg2"
"GOBP_MODIFIED_AMINO_ACID_METABOLIC_PROCESS",0.0315361139369278,0.260762753199059,0.0969823177419894,-0.345320818372232,-1.40964820916074,98,"Folr1/Sardh/Gcnt4/Folh1/Mthfd2/P4hb/Fpgs/Gata3/Slc1a1/Gstm2/Aldh7a1/Abhd16a/Gsto2/Dio1/Ggt5/Ctsb/Ass1/Cpt1b/Slc25a16/Chac1/Gsta3/Ctsk/Cpq/Gstm4/Osbpl10"
"GOBP_CALCINEURIN_MEDIATED_SIGNALING",0.0315817409766454,0.260762753199059,0.131742417142485,0.423410007975301,1.52270148762083,33,"Mtor/Ppp3cb/Rcan1/Nfatc1/Ppp3cc/Dyrk2/Akap6/Ppp3r1/Ppp3ca/Tnf/Nfat5/Actn3/Efhb/Atp2b4/Nfam1/Plcg2"
"GOBP_PTERIDINE_CONTAINING_COMPOUND_METABOLIC_PROCESS",0.0317592284669105,0.26152140961297,0.103526179501938,-0.500814600823169,-1.54058922104622,24,"Folr1/Folh1/Mthfd2/Fpgs/Pts"
"GOBP_HINDBRAIN_MORPHOGENESIS",0.0321177651388424,0.263762829298827,0.103250260704189,-0.510913508043485,-1.53717244084211,22,"Cbs/Hspa5/Cdk5/Comt/Hes1/Faim2/Ophn1/Gba/Whrn/Dab1"
"GOBP_PROTEIN_AUTOUBIQUITINATION",0.0322318526543879,0.263990106861005,0.131742417142485,0.384821237017715,1.47739793831193,44,"Uhrf1/Asb4/Rnf122/Ltn1/Ube2b/Rnf146/Ube2d3/Ercc8/Sh3rf2/Sh3rf1/Dtx3l/Uhrf2/Rnf208/Ube2cbp/Rnf115/Rag1/Sh3rf3/Ube4b/Traf6/Mdm2"
"GOBP_REGULATION_OF_GLYCOLYTIC_PROCESS",0.0323590814196242,0.264323512665647,0.129015392724128,0.433831615389771,1.52857233618068,30,"Slc4a1/Ppp2ca/Mtor/Tigar/Prkaa2/Prkaa1/Gck/Pfkfb1/Hdac4/Ddit4"
"GOBP_POSITIVE_REGULATION_OF_PROTEIN_TRANSPORT",0.0327050997782705,0.266437546193644,0.0928974976713944,-0.310861819676592,-1.34691897239446,150,"Nnat/Slc2a2/Tmed10/Edem2/Serp1/Rbp4/Xbp1/Ffar2/C1qtnf3/Unc13b/Myh10/Cep131/Cftr/C1qtnf12/Myrip/Sec16b/Cln3/Abat/H2-Eb1/Camk1/Kcnn4/Chp2/Ang/Casr/Tcf7l2/App/Chrm3/Edem1/Hsp90aa1/Ppia/Pik3r1/C2cd2l/Sorl1/Apbb1/Sytl4/Bcap31/Sox4/Ano1/Golph3l/Prr5l/Vps28/Rapgef3/B3gat3/Tmem30b/Fgg/Gas6/Bsg/Rph3al/Adam8"
"GOBP_PEPTIDYL_SERINE_MODIFICATION",0.0328820116054159,0.266466773575062,0.131742417142485,0.360372413927826,1.44910910156658,53,"Irgm2/Hipk3/Cnot9/Prkx/Rock1/Top1/Mapk8/Galnt2/Pfn2/Tbk1/Cdk2/Ttbk1/Dmtn/Ercc6/Pikfyve/Uhmk1/Cdk1/Ttbk2"
"GOBP_DETECTION_OF_CHEMICAL_STIMULUS",0.0329011345218801,0.266466773575062,0.100350475629529,-0.46465180600353,-1.506186807861,30,"Azgp1/Lpo/Kcnmb4/Pip/C4b/Casr/Ffar4/Gnat1/Pigr/Tlr9/Tas1r3/Calm2/Cngb1/P2rx2/Trpv1/Gnat2/Extl3/Cst10/Slc11a2"
"GOBP_NEGATIVE_REGULATION_OF_DNA_METABOLIC_PROCESS",0.0329703569267998,0.266466773575062,0.137749272114041,0.32343334736809,1.38889998109866,75,"Timeless/Mre11a/Rif1/Gtpbp4/Slfn9/Tnks2/Fbxo5/Ttf1/Ankle1/Dcp2/Cdkn1a/Smchd1/Bcl6/Ten1/Xrcc5/Ctc1/Dnajc2/Csnk2a1/Xrn1/Pds5a/Dffa/Ankrd1/Ercc6"
"GOBP_GLYCOSAMINOGLYCAN_BIOSYNTHETIC_PROCESS",0.0331104224433208,0.266546905122949,0.100350475629529,-0.487151497516334,-1.53246797083368,26,"Cytl1/Pxylp1/Chpf2/Hexa/Ext2/B4galt7/Chst12/Chpf/Ext1/B3gat3"
"GOBP_SPERMATID_DIFFERENTIATION",0.0331547705226582,0.266546905122949,0.0943434935405217,-0.344040153371136,-1.40785458358879,99,"Spag16/Six5/Ift81/Agfg2/Rhbdd1/Cfap206/Tmem119/Osbp2/Tbc1d20/Cep131/Cftr/Cabyr/Hook1/H3f3a/Pln/Ttc12/Rsph1/Selenof/Poc1b/Iqcg/Sufu/H3f3b/Drc1/Cib1/Pcsk4/Ccdc146/Ccdc62/Fndc3a/Tdrd5/Bbs4/Pygo2/Ptch1/Nup210l/Yif1b/Ttll5/Cfap54"
"GOBP_THYMUS_DEVELOPMENT",0.0335254059717129,0.26878683474318,0.126949802769892,0.429662021645979,1.52221234133579,31,"Ccnb2/Bcl2l11/Mafb/Six4/Zbtb1/Bcl11b/Map2k1/Coa5/Srf/Ctc1/Lmo4/Crkl/Tbx1/Ripk3/Asxl1/Braf/Rag1"
"GOBP_REGULATION_OF_SYNAPTIC_VESICLE_ENDOCYTOSIS",0.0336093521675597,0.26878683474318,0.122184433304052,0.511741025454221,1.57296555593598,18,"Rock1/Ppp3cb/Slc17a7/Ppp3cc/Vamp4/Rac1"
"GOBP_COLLAGEN_CATABOLIC_PROCESS",0.0337545726637845,0.269243392918699,0.100350475629529,-0.49811596367597,-1.53228776319404,24,"Mrc2/Furin/Ctsl/Ctsb/Adamts2/Mmp2/Pepd/Ctss/Ctsk/Vsir"
"GOBP_MUSCLE_ORGAN_DEVELOPMENT",0.0340248962655602,0.270022627100667,0.159153456855406,0.24877916018399,1.25508353809533,208,"S1pr1/Kel/Btbd1/Mtm1/Smad4/Xk/Myf6/Ttn/Creb1/Sgcb/Smad3/Ppp3cb/Large1/Rcan1/Myf5/Fhl1/Prkaa1/Homer1/Six4/Eng/Hivep3/Neb/Popdc3/Frg1/Rbpj/Arid5b/Naca/Capn3/Fxr1/Bves/Igf2/Ccnt2/Neurl1a/Ryr2/Maff/Csrp3/Nrg1/Ppp3ca/Abcc9/Med1/Heg1/Vps13b/Ankrd1/Foxp2/Sap30/Sgcg/Cenpf/Smyd1/Eid2b/Sox6/Hlx/Acta1/Luc7l/Negr1/Tbx1/Prox1/Barx2/Actn3/Bmp2/Svil/Myh3/Myom1/Ybx3/Heyl/Nr1d2/Pou4f1/Ryr1/Foxo4/Gpcpd1/Rb1/Skil"
"GOBP_MUSCLE_TISSUE_DEVELOPMENT",0.0340290381125227,0.270022627100667,0.166521148019972,0.241847612407417,1.25436685766307,256,"S1pr1/Ccnb1/Kel/Zfand5/Bmpr2/Mtm1/Mtor/Smad4/Xk/Myf6/Ttn/Creb1/Sgcb/Smad3/Ppp3cb/Large1/Rcan1/Myf5/Fgf2/Prkaa1/Eya1/Tomm70a/Homer1/Six4/Tiparp/Eng/Hivep3/Neb/Akap6/Popdc3/Rbpj/Naca/Adprhl1/Adamts9/Bves/Igf2/Ccnt2/Neurl1a/Ryr2/Maff/Srf/Hopx/Csrp3/Gjb6/Nrg1/Ppp3ca/Abcc9/Actn2/Med1/Ppara/Heg1/Kcnj11/Tbx2/Ankrd1/Yy1/Foxp2/Sap30/Sgcg/Cenpf/Smyd1/Prickle1/Cacybp/Sox6/Sik1/Cdc42/Alpk3/Yap1/Hlx/Acta1/Luc7l/Grem1/Pgm5/Tbx1/Prox1/Barx2/Prkar1a/Actn3/Cdk1/Nox4/Bmp2/Svil/Rgs2/Myom1/Ybx3/Heyl/Nr1d2/Pou4f1/Ryr1/Gpcpd1/Rb1/Skil"
"GOBP_MITOCHONDRIAL_RNA_METABOLIC_PROCESS",0.0341515474919957,0.270292688051935,0.126949802769892,0.403807971999682,1.4991569481468,38,"Fastkd1/Yars2/Tefm/Prkaa1/Tbrg4/Supv3l1/Angel2/Grsf1/Pde12/Trmt10c/Tfam/Mettl4/Polrmt"
"GOBP_SPERM_AXONEME_ASSEMBLY",0.0342700479780672,0.270383170718235,0.101117648743061,-0.554071858618424,-1.54073802917671,16,"Spag16/Cfap206/Cep131/Ttc12"
"GOBP_POSITIVE_REGULATION_OF_LEUKOCYTE_DEGRANULATION",0.0343399902581588,0.270383170718235,0.120854561651304,0.509355179152979,1.56563205350615,18,"Adora2b/Fgr/Cd177/Il4ra/Itgam"
"GOBP_T_HELPER_1_CELL_DIFFERENTIATION",0.0348948374760994,0.273613812892864,0.118729771541953,0.534491777175454,1.57090716552734,15,"Spn/Tbx21/Mtor/Tnfsf4/Il4ra"
"GOBP_REACTIVE_OXYGEN_SPECIES_BIOSYNTHETIC_PROCESS",0.0349519743863394,0.273613812892864,0.12546307449004,0.402242313577018,1.49334436428141,38,"Mpo/Lcn2/Cd36/Duox1/Lipa/Slc18a2/Abcc9/Ppara/Cybb/Stat3/Pikfyve/Snca/Nox4/Plcg2/Maob"
"GOBP_GLYCOPROTEIN_CATABOLIC_PROCESS",0.0351023124272168,0.273613812892864,0.0983849253696529,-0.50011537700772,-1.52197308192138,23,"Edem2/Hexb/Gusb/Hexa/Ctsl/Cela1/Stt3b/Edem1/Sgsh/Adamts12/Fbxo44/Hyal1/Man1a/Edem3"
"GOBP_VIRAL_PROTEIN_PROCESSING",0.0351085481682497,0.273613812892864,0.0993535227577061,-0.534927539780504,-1.52935571709765,18,"Edem2/Spcs1/St3gal4/Furin/Mgat4b/Mgat2/Man2a1/Canx/St6gal1/Spcs3"
"GOBP_TYPE_I_INTERFERON_PRODUCTION",0.0352395672333849,0.273936076076312,0.134646973904378,0.315175840344467,1.36582085702111,80,"Gapdh/Kpna2/Irgm2/Dhx58/G3bp1/Xaf1/Tomm70a/Traf3ip1/Hmgb2/Ppm1b/Isg15/Mavs/Myd88/Rnf125/Dhx9/Ifih1/Stat1/Tbk1/Oas1g/Hmgb1/Nmbr/Yy1/Rnf26/Zc3hav1/Trim56/Plcg2/Clec12a/Oas2/Polr3f/Traf3/Ddx3x/Traf6"
"GOBP_VERY_LONG_CHAIN_FATTY_ACID_METABOLIC_PROCESS",0.0355209742895805,0.274305591254134,0.0986244904449457,-0.529350892023356,-1.53060200949381,19,"Slc27a4/Elovl4/Pex2/Acaa1a/Acox2/Abcd2/Hacd1/Hacd4/Elovl7"
"GOBP_PROTEIN_CONTAINING_COMPLEX_REMODELING",0.0355577204091573,0.274305591254134,0.118729771541953,0.507792889088222,1.56082995959925,18,"Mpo/Angptl4/Pcsk5"
"GOBP_ENDOCHONDRAL_BONE_MORPHOGENESIS",0.0355605166640089,0.274305591254134,0.095636421370719,-0.437147538149714,-1.47732500164898,36,"Cbs/Serpinh1/Col3a1/Foxc1/Thbs3/Tmem119/Ghr/Nab2/Shox2/Ext2/Col1a1"
"GOBP_MUSCLE_HYPERTROPHY",0.0356462585034014,0.274305591254134,0.12546307449004,0.362400874302978,1.43949231568251,50,"Rock2/Smad4/Ttn/Rock1/Smad3/Tomm70a/Akap6/Hdac4/Ryr2/Csrp3/Ppp3ca/Ppara/Tnfrsf1a/Yy1/Il6st/Trpc3/Hdac2/Rap1gds1/Camta2/Atp2b4/Rgs2/Inpp5f/Ezh2"
"GOBP_PROTEIN_DEPHOSPHORYLATION",0.0358554488989272,0.275222101472921,0.12745704201113,0.352098541778966,1.42830113195855,56,"Ppp2ca/Ppp1cb/Mtm1/Pdp1/Ssh2/Ppp3cb/Ptprb/Ppp3cc/Ppp2r3a/Ppm1b/Ppp3ca/Sdhaf2/Ptpn1/Sbf1/Ptpn21/Ppp6c/Ppp1r12a/Ptprc/Ppm1a/Dusp26/Epm2a/Ssh1/Ptprz1/Ppm1d/Cttnbp2nl/Dusp18"
"GOBP_CELLULAR_RESPONSE_TO_AMYLOID_BETA",0.0361663652802893,0.276912897070887,0.121293105191013,0.446058095913206,1.5121862937054,26,"Fpr2/Vcam1/Lcn2/Cacna2d1/Igf1r/Icam1/Cd36"
"GOBP_ACTIVIN_RECEPTOR_SIGNALING_PATHWAY",0.0363636363636364,0.277455526162554,0.121293105191013,0.435608760162791,1.50560178499843,28,"Inhba/Bmpr2/Smad4/Smad3/Magi2/Acvr2a/Lemd3"
"GOBP_REGULATION_OF_CELL_MATRIX_ADHESION",0.036500754147813,0.277455526162554,0.13063133623686,0.322578961077948,1.37978462984183,73,"Thbs1/Rock2/Clasp2/Rock1/Smad3/Phldb2/Myf5/Itgb3/Cd36/Acer2/Rac1/Cdk6/Bcl6/Ppm1f"
"GOBP_TAXIS",0.0365316901408451,0.277455526162554,0.158177999589196,0.242452406910823,1.25266584753525,244,"S1pr1/Cxcr2/Ppbp/Fpr2/Thbs1/Vcam1/Tnfsf11/Spn/Trem1/S100a8/Bmpr2/Ccl5/2610528A11Rik/Tnfsf14/Csf3r/Vegfc/Creb1/Smad3/Gdnf/Fgf2/Pde4b/Itgb3/Ccr1/Eng/Dnm1l/Hmgb2/Vegfd/Usp14/Ccl7/Rac1/Mcu/Robo2/L1cam/Jam3/Ackr3/Ccr9/Ppm1f/Map2k1/Tnfaip6/Coro1a/Il34/Nrg1/Sema6a/Wnk1/Vav1"
"GOBP_VESICLE_BUDDING_FROM_MEMBRANE",0.0367623856106027,0.277455526162554,0.0935092741782427,-0.404398415663952,-1.44795495458218,48,"Insig1/Tmed10/Tmed9/Ap3m2/Trappc3/Surf4/Tbc1d20/Preb/Ap3d1/Trappc11/Ap3s1/Sec13/Anxa2"
"GOBP_REGULATION_OF_CYTOPLASMIC_PATTERN_RECOGNITION_RECEPTOR_SIGNALING_PATHWAY",0.0367851622874807,0.277455526162554,0.131742417142485,0.314413133612962,1.36251565202652,80,"Irgm2/Ppp2ca/Gbp5/Dhx58/Gbp2/Usp15/Cd36/Pum2/Mapk8/Slc19a1/Tnfaip3/Ddx60/Mavs/Myd88/Csnk1a1/Rnf125/Rtn4/Hmgb1/Peli1/Ppp6c/Lamp2/Flot2/Zc3hav1/Ogt/Plcg2/Ankrd17/Zdhhc18/Btk/Wdfy1/Ddx3x"
"GOBP_RNA_SPLICING",0.0369143398012305,0.277455526162554,0.16324176812788,0.23461096059472,1.2266376262066,282,"Ppargc1a/Celf1/Srsf10/Mbnl2/Rbfox1/Cdc5l/Taf5l/Dhx35/Slc38a2/Luc7l2/Supt7l/AI597479/Rbmxl1/Zfp326/Setx/Lsm2/Ncbp1/Prpf4b/Mbnl1/Ptbp3/Clk4/Pus7/Celf3/Mettl16/Aar2/Aff2/Ptbp2/Frg1/Iws1/Sf3a1/Elavl4/Ppil1/Rbm39/Ddx46/Hnrnpll/Usp39/Clasrp/Ccnl1/Ivns1abp/Mfap1a/Tra2a/Sugp2/Rbm25/Dhx9/Son/Grsf1/Rbm20/Rbm5/Smn1/Prpf38b/Sf3b1/Mbnl3/Rnpc3/Clk3/Zc3h13/Srek1/Scaf11/Cwf19l1/Tia1/Atxn7l3/Crnkl1/Rbm22/Atxn7/Ppig/Prpf18/Zc3h14/Thoc1/Mettl4/Dyrk1a/Ythdc1"
"GOBP_DE_NOVO_POST_TRANSLATIONAL_PROTEIN_FOLDING",0.0369542798212444,0.277455526162554,0.0974433570168394,-0.566395472738961,-1.54927711765416,15,"Hspa5/Hspa13/Cd74/Hsph1/Selenof"
"GOBP_POSITIVE_REGULATION_OF_PEPTIDE_SECRETION",0.0369637967751749,0.277455526162554,0.0915140765993025,-0.374616730826349,-1.42504022239944,65,"Adora1/Nnat/Slc2a2/Serp1/Rbp4/Ildr1/Ffar2/Tfr2/Cftr/C1qtnf12/Myrip/Abat/H2-Eb1/Casr/Tcf7l2/Ffar4"
"GOBP_NEGATIVE_REGULATION_OF_MAP_KINASE_ACTIVITY",0.037126160192506,0.277991223990456,0.0972120409994456,-0.565815026566813,-1.54768940727189,15,"Cdk5rap3/Adipoq/Mapk8ip1/Pdcd4"
"GOBP_ORGANIC_ACID_TRANSPORT",0.0375889381124983,0.278922543599425,0.0850801033973234,-0.296483122137972,-1.32170459175124,184,"Folr1/Adora1/Slc25a10/Acsl5/Selenon/Slc27a4/Slc10a3/Sfxn5/Slc27a3/Umod/Slc1a1/Ace/Pla2g2d/Slc6a13/Ces1d/Lrrc8d/Sfxn1/Slc16a13/Slc22a6/Praf2/Cln3/Lrp2/Abat/Slco2b1/Slc13a3/Casr/Slc1a4/Sfxn2/Slc13a2/Rbp1/Slc7a13/Slc7a3/Slc6a12/Slc22a2/Cpt1b/Abcd2/Slc38a1"
"GOBP_POSITIVE_REGULATION_OF_PROTEIN_CONTAINING_COMPLEX_ASSEMBLY",0.037593984962406,0.278922543599425,0.137111915255226,0.282206035611336,1.32200691360271,123,"Plek/Ppp2ca/Map1b/Mtor/Bcl2l11/Tfrc/Gbp5/Creb1/Gbp2/Cd36/Hck/Lmod2/Mapk8/Togaram1/Ckap5/Sh3glb1/Rac1/Isg15/Alox15/Mavs/Myd88/Pfn2/Nrg1/Nckap1/Sumo1/Tnf/Spidr/Slf2/Mecp2/Pink1/Ttbk1/Pde4dip/Fnip2/Ppp2r5b/Cdh5/Rap1b/Snca/Cdc42ep3/Fchsd2/Arf6/Plcg2/Btk/Bax/Cdkn1b/Ddx3x/Psmc6"
"GOBP_TISSUE_MIGRATION",0.0376112546655182,0.278922543599425,0.12546307449004,0.337940386896256,1.40418975897778,62,"Kitl/Bmpr2/Mtor/Smad4/Clasp2/Rock1/Krt16/Rtn4/Ppm1f/Coro1a/Pfn2/Eppk1/Pkn2/Mcc/Dusp10/Adipor1/Acta1/Prox1/Fat2/Arf6/Capn7/Plcg2/Snai2/Gdf6/Macf1/Ppard/Coro1c/Ptprg/Ptpn23/Hdac6/Ltb4r2/Iqsec1/Clasp1"
"GOBP_NUCLEOSIDE_DIPHOSPHATE_CATABOLIC_PROCESS",0.0376157407407407,0.278922543599425,0.125952931638622,0.338790569110867,1.40115033800729,61,"Gapdh/Slc4a1/Ppp2ca/Mtor/Tigar/Prkaa2/Ucp2/Pklr/Prkaa1/Gck/Pfkfb1/Hdac4/Lipa/Ddit4"
"GOBP_STEROID_METABOLIC_PROCESS",0.0380860717723085,0.28128896669612,0.0855536111942314,-0.303877781233207,-1.32872736035317,161,"Bglap3/Nr1d1/Insig1/Dhcr24/Hmgcs1/Ldlr/Hmgcr/Npc2/Dhcr7/Cyp17a1/Nr1i2/Lmf1/Hsd17b12/Lcat/Cftr/Acaa1a/Ces1d/Ebp/Mvd/Slc22a29/Acox2/Tm7sf2/Lrp2/Osbpl2/Hdlbp/Cyp2a5/Gnb3/Akr1c18/Prlr/Asah1"
"GOBP_MEMBRANE_LIPID_METABOLIC_PROCESS",0.0381498043599776,0.28128896669612,0.0861969619137114,-0.320215957604086,-1.36441512758757,132,"Fa2h/Fads3/Degs2/Ormdl3/Elovl4/Ugt8a/Pigk/Sumf1/Cers2/Hexb/Asah2/St3gal4/Pigz/Cerkl/Smpd2/Enpp2/Hexa/M6pr/Sptlc1/Dpm3/St6galnac5/Asah1/Naga/Ormdl2/Paqr4/Neu1/B3galt2/Hacd1/Hacd4/Cers5/Pigl/Elovl7/Mecr/Csnk1g2/Fuca1/Gba/A3galt2/Smpdl3a/Ppt1/Gm2a/P2rx1/Smpdl3b/B4galnt1"
"GOBP_NEGATIVE_REGULATION_OF_ENDOPLASMIC_RETICULUM_STRESS_INDUCED_INTRINSIC_APOPTOTIC_SIGNALING_PATHWAY",0.0382111034955449,0.28128896669612,0.095636421370719,-0.549054046297627,-1.52678472303841,16,"Hyou1/Xbp1/Tmbim6/Selenos/Creb3/Syvn1/Grina/Creb3l1/Txndc12/Herpud1"
"GOBP_NEGATIVE_REGULATION_OF_NERVOUS_SYSTEM_DEVELOPMENT",0.0385876042908224,0.283377719010727,0.0885639937858774,-0.358692946004644,-1.40375729978859,76,"Nr1d1/Epha7/Ldlr/Ntn1/Efnb3/Cers2/Clstn3/Sox10/Sirt2/Cdk5/Hes1/Tmem98/Id2/Thy1/Ephb2/Sorl1/Rnf6/Draxin/Sox11/Dab1/Dpysl5"
"GOBP_BODY_FLUID_SECRETION",0.0391970918286708,0.287163346610526,0.0905617673660515,-0.399748988195462,-1.44284237259517,50,"Csn3/Adora1/Cdo1/Socs2/Oxtr/Xbp1/Agr2/Stk39/Kcnn4/Prlr/Chrm3/Slc22a2/Vamp8/Nkx2-3/Copa"
"GOBP_CONNECTIVE_TISSUE_DEVELOPMENT",0.0394610202117421,0.288302574895691,0.0840040435343081,-0.303208620184171,-1.32580140574495,161,"Cbs/Serpinh1/Sulf2/Col3a1/Thbs3/Ltbp3/Cytl1/Xbp1/Pgrmc2/Ddrgk1/Foxd1/Gata3/Ghr/Lox/Sfrp2/Mapk3/Abhd15/Col5a1/Wt1/Msx1/Ogn/Acta2/Fto/Matn3/Id2/Osr2/Casr/Ubb/Shox2/Crip1/Ext2/Col1a1/Ifrd2/Gdf5/Loxl2/Snx19/Foxc2/Eif2ak3/Sorl1/Runx2/Parp1/Ctsk/Adamts12/Ext1/Nfatc2"
"GOBP_AMIDE_TRANSPORT",0.0395693135935397,0.288302574895691,0.0829663391489805,-0.297089095140672,-1.31872315061877,178,"Pou3f3/Folr1/Nr1d1/Adora1/Nnat/Slc2a2/Serp1/Mgst1/Cd209b/Rbp4/Ildr1/Slc33a1/Ffar2/Umod/Tfr2/Cftr/C1qtnf12/Myrip/Cln3/Lrp2/Mfsd1/Abat/H2-Eb1/Slc13a3/Cd74/Casr/Tcf7l2/Ffar4/Acvr1c/Slc8b1/Fam3b/Chrm3/Arntl/Abcd2/Snx19/Slc15a3/Slc25a16/C2cd2l/Pltp/Mafa/Sytl4/Sox4/Eny2/Rab11fip5"
"GOBP_HEART_TRABECULA_MORPHOGENESIS",0.0396844959329554,0.288302574895691,0.112959561756547,0.483330903875844,1.52562903829535,20,"S1pr1/Eng/Sos1/Rbpj/Naca/Srf/Nrg1/Med1/Heg1"
"GOBP_REGULATION_OF_GRANULOCYTE_CHEMOTAXIS",0.0397505845674201,0.288302574895691,0.115931642749028,0.436260379975063,1.49345309479688,27,"Thbs1/Ccl5/Dnm1l/Rac1/Mcu/Jam3/Tnfaip6/Il34"
"GOBP_ZYMOGEN_ACTIVATION",0.0398244473342003,0.288302574895691,0.0911296779883595,-0.4670324407379,-1.49304815777773,28,"Dhcr24/Klk1b1/Hp/Ctsz/Furin/Ctsl/Anxa2/Klk1/Cuzd1/Vsir/Klk1b11/Fgg/Klkb1/C1rb/Prss12/Runx1/Mmp14"
"GOBP_CEREBELLAR_CORTEX_DEVELOPMENT",0.0399608546729734,0.288530032767676,0.0911296779883595,-0.477114867643926,-1.50089501274365,26,"Hspa5/Myh10/Arcn1/Cdk5/Comt/Faim2/Ophn1/Aars/B4galt2/Gba/Whrn"
"GOBP_REGULATION_OF_UBIQUITIN_PROTEIN_TRANSFERASE_ACTIVITY",0.0400864138262122,0.288530032767676,0.110871775183071,0.519217124440211,1.54535070753685,16,"Mad2l1/Fbxo5/Bmi1/Rps2/Dtx3l/Fem1a/Cdc20"
"GOBP_SKELETAL_MUSCLE_ORGAN_DEVELOPMENT",0.0402242004615892,0.288530032767676,0.130086070372915,0.282326631746277,1.30767948883999,114,"Kel/Mtm1/Xk/Myf6/Ppp3cb/Large1/Rcan1/Myf5/Prkaa1/Homer1/Six4/Hivep3/Popdc3/Naca/Fxr1/Bves/Igf2/Ccnt2/Neurl1a/Maff/Csrp3/Ppp3ca/Abcc9/Ankrd1/Foxp2/Sap30/Smyd1/Hlx/Acta1/Negr1/Tbx1/Barx2/Actn3/Svil/Myom1/Ybx3/Heyl/Nr1d2/Ryr1/Gpcpd1/Rb1/Skil"
"GOBP_ZINC_ION_TRANSPORT",0.0402799112476532,0.288530032767676,0.0928974976713944,-0.537894838125201,-1.51700818692341,17,"Trpm3/Slc1a1/Slc39a11/Slc39a7/Slc39a2/Slc30a6/Ap3d1"
"GOBP_DNA_TEMPLATED_TRANSCRIPTION_INITIATION",0.0403280929596719,0.288530032767676,0.132308522605383,0.280950180044248,1.31612380150491,123,"Ppargc1a/Ppp2ca/Atf2/Bdp1/Dr1/Nfkbia/Mitf/Creb1/Setx/Ttf1/Ints8/Med14/Smarca5/Med13/Med27/Noc2l/Kat7/Srf/Taf1c/Med1/Tet2/Hmgb1/Gtf3c4/Gtf2h2/Tbp/Rbbp5/Ercc6/Atad2b/Tfam/Wdr5"
"GOBP_MYELOID_LEUKOCYTE_ACTIVATION",0.0409459936463113,0.291387364526447,0.133462622481397,0.271160674029015,1.29349173042854,138,"Adora2b/Irgm2/Fgr/Cxcr2/Fpr2/Camp/Thbs1/Il18rap/Cd177/Ccl5/2610528A11Rik/Grp/Cd93/Itgb6/Jak2/Il33/Cst7/Il4ra/Itgam/Rbpj/Slc18a2/Dnase1l3/Myd88"
"GOBP_ALDEHYDE_METABOLIC_PROCESS",0.0409822994737681,0.291387364526447,0.0889177270391536,-0.433049473359367,-1.46347573327889,36,"Slc25a10/Shpk/Aldob/Rbp4/Pdxp/Aldh7a1/Akr1c18/Rdh11/Taldo1/Akr1a1/Aldh3a2/Tkt/Aldh2/Aldh8a1"
"GOBP_AMINOGLYCAN_BIOSYNTHETIC_PROCESS",0.0410891896298712,0.291387364526447,0.0898202850323628,-0.459269748773504,-1.47721492935414,29,"Cytl1/Pxylp1/Chpf2/Hexa/Ext2/B4galt7/Chst12/Chpf/Ext1/B3gat3/B3gnt9/Galnt5"
"GOBP_ENDOPLASMIC_RETICULUM_TUBULAR_NETWORK_ORGANIZATION",0.0411089866156788,0.291387364526447,0.109215847765851,0.527718816810654,1.55100098095491,15,"Rab10/Rtn1/Atl2/Rtn4/Dmtn/Rtn2/Reep2"
"GOBP_REGULATION_OF_MUSCLE_SYSTEM_PROCESS",0.0413020651032552,0.292078261320473,0.132308522605383,0.274415516568232,1.30233944108896,131,"Adora2b/Rock2/Stc1/Atp1b1/Tmem38b/Smad4/Fgf13/Rock1/Kcnj2/Smad3/Trdn/Pde4b/Tomm70a/Jph4/Dsc2/Akap6/Hdac4/Npnt/Slc8a3/Map2k1/Ryr2/Srf/Ppp3ca/Camk2b/Ppara/Sumo1/Tnfrsf1a/Ehd3/Ppp1r12b/Yy1/Il6st/Cacng1/Tmem38a/Trpc3/Actn3/Atp1a2/Ctnna3/Gucy1a1/Atp2b4/Rgs2/Ank2/Hrc"
"GOBP_NUCLEAR_TRANSCRIBED_MRNA_CATABOLIC_PROCESS_DEADENYLATION_DEPENDENT_DECAY",0.04154538237629,0.293120423001307,0.114417265153214,0.41461040550619,1.47773900638376,32,"Cnot6l/Noct/Cnot11/Cnot9/Csde1/Dcp2/Cnot7/Ago2/Dhx9/Samd4/Tnrc6b/Pde12/Cnot6"
"GOBP_MITOTIC_CYTOKINESIS",0.0419306184012066,0.29341514094326,0.121736367223309,0.319722469491119,1.36756640217562,73,"Rhob/Rock2/Nusap1/Cep55/Exoc3/Ect2/Rock1/Ckap2/Cdca8/Racgap1/Apc/Exoc2/Ttc19/Spast/Son/Exoc5/Mitd1/Exoc6/Wnk1/Trim36/Pdcd6ip/Kif20b/Chmp2b/Klhdc8b/Chmp7/Chmp1b/Arf6"
"GOBP_RNA_LOCALIZATION",0.041969596827495,0.29341514094326,0.12745704201113,0.282144695259374,1.30884978388271,115,"Sarnp/Nop58/Ahctf1/Rbfox1/Arc/Xpo1/Eif4e/Ncbp1/Pum2/Dcp2/Parp11/Ckap5/Agfg1/Nup54/Iws1/Bicd1/Stau1/Fxr1/Dhx9/Wnk1/Dkc1/Nup43/Cpsf6/Senp2/Chtop/Stau2/Yy1/Thoc1/Ythdc1/Nup188/Smg5/Snupn/Nup107/Rbm15b/Thoc7/Srsf7"
"GOBP_REGULATION_OF_PROTEIN_SECRETION",0.0420307948397836,0.29341514094326,0.0816849181752493,-0.309845981777735,-1.33571935830112,143,"Nr1d1/Nnat/Slc2a2/Tmed10/Serp1/Rbp4/Hmgcr/Ffar2/C1qtnf3/Unc13b/Myh10/P3h1/Cftr/C1qtnf12/Myrip/Krt20/Abat/H2-Eb1/Kcnn4/Ang/Casr/Tcf7l2/Acvr1c/Slc8b1/Rhbdf1/Chrm3/Arntl/Ppia/C2cd2l/Apbb1/Sytl4/Sox4/Eny2/Rab11fip5/Ano1/Golph3l/Rapgef3/Dnajc1/Uqcc2/Fgg/Arfip1/Bsg/Rph3al/Inhbb/Adam8/Jagn1/Kcnb1/Syt7/Lrp5/Golph3"
"GOBP_MICROTUBULE_NUCLEATION",0.0420548309821666,0.29341514094326,0.114047666631429,0.40382765029258,1.47005736556248,35,"Tpx2/Haus6/Clasp2/Ckap5/Ccdc66/Tubg2/Nedd1/Cep192/Haus3/Nin/Haus4/Mecp2/Pde4dip/Ssna1/Ranbp9"
"GOBP_DEFENSE_RESPONSE_TO_BACTERIUM",0.0420677361853832,0.29341514094326,0.132308522605383,0.26854760372827,1.28927418954984,144,"Mpo/Irgm2/Fgr/Ppbp/Fpr2/Camp/Spn/Trem1/S100a8/Lcn2/2610528A11Rik/Gbp5/Gbp2/H2-Q7/Il33/Cd36/Hck/Selp/Hmgb2/Rbpj/Lyg1/Isg15/Mavs/Myd88/Tfeb/Vgf/Krt6a/Gbp9/Tbk1/Oas1g/Il6ra/Tnf/Il23r/Gbp4/Tnfrsf1a/Gsdmc2/Colec12/Lyst"
"GOBP_CARDIAC_MUSCLE_CELL_DIFFERENTIATION",0.0421634195987206,0.29341514094326,0.119145934080369,0.327869293904542,1.37931898911435,66,"Ccnb1/Mtor/Smad4/Ttn/Sgcb/Large1/Tomm70a/Neb/Akap6/Adprhl1/Bves/Srf/Csrp3/Nrg1/Actn2/Ppara/Yy1/Prickle1/Cacybp/Sox6/Sik1/Alpk3/Grem1/Prox1/Cdk1/Nox4/Bmp2/Rgs2"
"GOBP_REGULATION_OF_LYSOSOMAL_LUMEN_PH",0.0424987199180748,0.294535427807487,0.0903747338112327,-0.534965546491627,-1.50874679626662,17,"Ccdc115/Cln3/Grn/Tmem199/Tmem9/Tmem165/Ppt1/Cln5/Atp6v0c"
"GOBP_MATURE_B_CELL_DIFFERENTIATION",0.0425808548675443,0.294535427807487,0.0880409553363699,-0.468267400696427,-1.48768560137248,27,"Itfg2/Xbp1/Ddrgk1/Lgals1/Slamf8/Mfng/Cd19/Nkx2-3/Cmtm7"
"GOBP_PROTEIN_POLYUBIQUITINATION",0.0426136363636364,0.294535427807487,0.131183404131763,0.267171217878024,1.28797016701294,147,"Ube2n/Shprh/Dtl/Tnks2/Ube2ql1/Npepps/Rnf168/Cul5/Ube2b/Hace1/Kcmf1/Plaa/Tnfaip3/Rnf146/Kbtbd2/Ube2l6/Rmnd5a/Ube2d3/Rnf125/Ercc8/Cbfb/Rnf123/Rnf14/Rnf114/Dtx3l/Mkrn3/Cul1/Ube3c/Kbtbd7/Ttc3/Peli1/Huwe1/Spop/Trim25/Anapc10/Trip12/Rnf26/Ube2cbp/Rnf115/Nedd4/Trim56/Cdc27/Ube2l3/Spsb4/Rnf20/Ube2v2/Klhl20/Ddx3x/Ube4b/Traf6/Rnf25/Wsb1/Rnf111/Ube2q2/Mdm2/Fbxl17/Ube2g2/Aktip/Wdr77/Mul1"
"GOBP_REGULATION_OF_CELL_CYCLE_G2_M_PHASE_TRANSITION",0.0431235431235431,0.297386962172515,0.117910116623497,0.325452102670868,1.37258191174172,67,"Ccnb1/Rnaseh2b/Mre11a/Topbp1/Atad5/Donson/Dtl/Gtpbp4/Fbxo5/Mark3/Fhl1/Abraxas1/Hus1/Cdkn1a/Taok1/Mrnip/Cdk6/Rrm2b/Mbtps2/Ctc1/Inip/Rad21/Cdc25c/Cdk2/Orc1/Cenpf/Sin3a"
"GOBP_STRIATED_MUSCLE_CELL_DIFFERENTIATION",0.0433086227077643,0.297522344056415,0.136483198012004,0.256414567965137,1.27029577471947,177,"Ccnb1/Kel/Mtor/Smad4/Tnfsf14/Xk/Myf6/Ttn/Sgcb/Ppp3cb/Large1/Rcan1/Myf5/Tomm70a/Homer1/Six4/Lmod2/Neb/Il4ra/Akap6/Hdac4/Popdc3/Naca/Capn3/Adprhl1/Bves/Igf2/Flii/Srf/Hopx/Csrp3/Nrg1/Ppp3ca/Actn2/Ppara/Mybpc1/Ptgfrn/Ankrd1/Yy1/Smyd1/Prickle1/Adgrb3/Cacybp/Sox6/Sik1/Alpk3/Tmod4/Acta1/Grem1/Pgm5/Tbx1/Prox1/Barx2/Prkar1a/Actn3/Cdk1/Nox4/Bmp2/Myh3/Rgs2/Bnip2/Myom1"
"GOBP_ORGANIC_HYDROXY_COMPOUND_TRANSPORT",0.0434285714285714,0.297522344056415,0.0815460312657354,-0.322400992324224,-1.35041134260333,119,"Drd1/Slc10a3/Adipoq/Rbp4/Ldlr/Sncg/Npc2/Lcat/Cftr/Mapk3/Ces1d/Chrnb2/Furin/Slc22a29/Comt/Slc18a3/Abat/Osbpl2/Slco2b1/Flvcr2/Stard5/Slc22a2/Gnat1/Vps51/Slc19a3/Anxa2/Srebf2/Pltp/Naxe"
"GOBP_PURINE_CONTAINING_COMPOUND_METABOLIC_PROCESS",0.0434353405725568,0.297522344056415,0.1535535368591,0.226091981508553,1.19826981262302,313,"mt-Atp6/Pdk4/Gapdh/Slc4a1/mt-Atp8/Fignl1/Pank1/Acot4/Mlycd/mt-Nd6/Ppp2ca/Atp1b1/mt-Nd5/Adcy2/Mtor/Tigar/Noct/Prkaa2/Ucp2/Pde7a/Parg/Gda/Adal/Pklr/mt-Nd2/mt-Nd4/Prkaa1/Pde4b/Gpam/Gpd2/Gck/Slc25a22/Slc4a7/Nudt19/Dnm1l/Pfkfb1/Sult1b1/Hdac4/Acat1/Lipa/mt-Nd1/Ddit4/Pank2/Enpp4/Adsl/Pdk1/Gpat4/Slc25a12/Adcy4/Nampt/Sucla2/Atp5a1/Mfn1/Map2k1/Nudt10/Nudt4/Abcc9/Opa1/Rhoq/Foxk2/Ppara/Slc25a25/Idh2/Ndufb5/Ogdh/Dlat/Atp5b/Ndufs2/Mdh1/Stat3/Pink1/Pdhx/Acot6/Sdhb/Fmo2/Mdh2/Ldhb/Haao/Nudt1/Bloc1s6/Ogt/Bpgm/Snca/Actn3/Nnt/Atp1a2/Ak1/Pdk2"
"GOBP_AMINOGLYCAN_METABOLIC_PROCESS",0.0436225699383594,0.297762521343199,0.0857131468775338,-0.39551415706745,-1.427557296278,50,"Chia1/Foxc1/Cytl1/Hexb/Pxylp1/Gusb/Chpf2/Hexa/Ext2/Itih5/Sgsh/B4galt7/Chst12/Chpf/Ext1/Hyal1/B3gat3/Chil1"
"GOBP_ANTIGEN_PROCESSING_AND_PRESENTATION_OF_PEPTIDE_ANTIGEN",0.0436653386454183,0.297762521343199,0.086034814321778,-0.420920074850694,-1.44385474524136,39,"Calr/Azgp1/Cd209b/Pdia3/Ace/H2-M3/H2-DMa/Ctsl/H2-Eb1/Cd74/Ctsd/Ctss/Mfsd6/Tapbp/Unc93b1/Dnm2"
"GOBP_SYNAPTIC_TRANSMISSION_GLUTAMATERGIC",0.0442325726789622,0.300958818561758,0.0846140864395758,-0.388759081119882,-1.42600001351643,54,"Adora1/Drd1/Gria4/Unc13c/Unc13b/Clstn3/Rnf167/Grin3a/Cln3/Cdk5/Grik4/Reln/Slc1a4/Ophn1/Grin3b/Grin1/Ext1/Grik2/P2rx1/Clcn3"
"GOBP_STRIATED_MUSCLE_CONTRACTION",0.0443786982248521,0.301282051282051,0.123558344666082,0.280975913838136,1.30643219305132,116,"Stc1/Atp1b1/Tmem38b/Mtor/Dtna/Ttn/Fgf13/Kcnj2/Cacna2d1/Trdn/Large1/Pde4b/Jph4/Homer1/Dsc2/Pik3ca/Smpx/Scn4b/Slc8a3/Ryr2/Scn7a/Csrp3/Abcc9/Chrnb1/Sumo1/Tnf/Ehd3/Tmem38a/Kcnj3/Scn9a/Actn3/Atp1a2/Ctnna3/Stac2/Map2k3/Myh3/Rgs2/Ank2/Hrc"
"GOBP_PYRIDINE_CONTAINING_COMPOUND_CATABOLIC_PROCESS",0.0457175925925926,0.309683470887739,0.114047666631429,0.332153901034153,1.37370279204008,61,"Gapdh/Slc4a1/Ppp2ca/Mtor/Tigar/Prkaa2/Ucp2/Pklr/Prkaa1/Gck/Pfkfb1/Hdac4/Lipa/Ddit4"
"GOBP_ACTOMYOSIN_STRUCTURE_ORGANIZATION",0.0459130434782609,0.310319353597538,0.124978791119589,0.270524322876265,1.29108535545012,136,"S1pr1/Rock2/Mtor/Smad4/Synpo/Ect2/Ttn/Clasp2/Rock1/Smad3/Phldb2/Tjp1/Six4/Epb41l4a/Lmod2/Neb/Racgap1/Rac1/Capn3/Adprhl1/Rhpn1/Arhgef15/Flii/Ppm1f/Srf/Csrp3/Pfn2/Actn2/Mybpc1/Mkks/Pdcd6ip/Ankrd1/Cdc42/Tmod4/Acta1/Pgm5/Prox1/Prkar1a"
"GOBP_MRNA_CATABOLIC_PROCESS",0.0461200585651537,0.311030417034315,0.12797030576243,0.261432759034719,1.27406986899097,158,"Fastkd1/Rock2/Celf1/Ythdf3/Eri1/Cnot6l/Noct/Cnot11/Cnot9/Rock1/Gdnf/Lsm2/Ncbp1/Tbrg4/Larp4b/Mettl16/Pum2/Supv3l1/Csde1/Dcp2/Angel2/Elavl4/Cnot7/Myd88/Fxr1/Ago2/Exosc2/Elavl1/Dhx9/Samd4/Tnrc6b/Mtpap/Fastkd5/Pde12/Etf1/Xrn1/Cacng7/Exosc8/Zc3h14/Tent5a/Cnot6/Ythdf2/Zc3hav1/Smg5/Dxo/Ireb2"
"GOBP_ANTIGEN_PROCESSING_AND_PRESENTATION",0.0463261236385949,0.311731955321382,0.0818244882946139,-0.371443208295126,-1.39927491136349,62,"Calr/Azgp1/Cd209b/Pdia3/Cd1d1/Ace/Rab27a/Wdfy4/H2-M3/H2-DMa/Ctsl/H2-Eb1/Cd74/Ap3d1/Ctsd/Rab34/Cd68/Ctss/Mfsd6/Ext1/Gba/Tapbp/Unc93b1/Rab4a/Dnm2"
"GOBP_PROTEIN_DNA_COMPLEX_ORGANIZATION",0.0465701699181875,0.312685426593545,0.117910116623497,0.295101003067768,1.32650828561499,94,"Nfe2/Bdp1/Dr1/Shprh/Atrx/Creb1/Oip5/Med14/Smarca5/Hmgb2/Set/Pogz/Grwd1/Med27/Sugt1/Anp32b/Mis18a/Taf1c/Lin54/Med1/Hmgb1/Tbp/Asf1a/Asf1b/Atad2b/Cenpf/Chaf1b/Taf4/Taf8/Cenpp/Baz1a/Rad52/Rb1"
"GOBP_ESTABLISHMENT_OF_MITOCHONDRION_LOCALIZATION",0.0469448584202683,0.314509961565613,0.104084546739236,0.463981424805252,1.48569468166884,21,"Map1b/Dnm1l/Myo19/Kif5b/Spast/Opa1/Kif1b/Trak2/Map1s"
"GOBP_REGULATION_OF_SYNAPTIC_VESICLE_RECYCLING",0.0471932439145554,0.315482188531656,0.103804265291514,0.463648084050501,1.48462730577825,21,"Rock1/Ppp3cb/Slc17a7/Ppp3cc/Vamp4/Plaa/Rac1"
"GOBP_CELL_KILLING",0.0473582474226804,0.315893986629451,0.11831785640414,0.288764796896143,1.3127229461657,101,"Gapdh/Ppbp/Camp/Il18rap/Trem1/Nts/Gbp5/Ppp3cb/Gbp2/Apol9a/H2-Q7/Icam1/Mapk8/Itgam/Cd55/Kif5b/Ulbp1/Dnase1l3/Myd88/Cebpg/Krt6a/Coro1a/Vav1/Serpinb3a/Il23r"
"GOBP_REGULATION_OF_PROTEIN_MATURATION",0.0478392600861107,0.316234960624905,0.0821057009024537,-0.425927703858668,-1.43940795930973,36,"Cntn2/Rhbdd1/Gsn/Tfr2/Ctsz/Furin/Cln3/Tmem98/Il1r2/Anxa2/Prnp/Chac1"
"GOBP_PROTEIN_SUMOYLATION",0.0479378682378147,0.316234960624905,0.107014828121207,0.381726718452526,1.43346536348534,40,"Eya1/Hdac4/Smc5/Sae1/Capn3/Smc6/Ifih1/Rangap1/Sumo1/Slf2/Uhrf2/Senp2/Senp5"
"GOBP_DNA_TEMPLATED_TRANSCRIPTION_ELONGATION",0.0479876160990712,0.316234960624905,0.115167141009445,0.306041959209357,1.33242621158642,81,"Ccnt1/Tcea1/Wdr43/Tefm/Zfp326/Ncbp1/Cdc73/Ints8/Med14/Usp15/Rnf168/Iws1/Med27/Pbrm1/Ccnt2/Wdr82/Kat7/Map2k1/Med1/Rtf1"
"GOBP_REGULATION_OF_MUSCLE_ORGAN_DEVELOPMENT",0.048108243547983,0.316234960624905,0.103250260704189,0.451220484406859,1.48429440602052,23,"Mtm1/Myf6/Creb1/Smad3/Myf5/Prkaa1/Naca/Igf2/Cenpf/Luc7l/Actn3/Ybx3"
"GOBP_UNSATURATED_FATTY_ACID_METABOLIC_PROCESS",0.0481487124790492,0.316234960624905,0.0799307015710976,-0.365676766386333,-1.39235132822144,66,"Scd1/Fads3/Scd2/Elovl4/Alox8/Faah/Acaa1a/Gstm2/Fads1/Atp6v1b1/Comt/Ptgis/Cyp2a5/Cd74/Akr1c18/Cyp2f2/Ephx1/Abcd2/Cbr1"
"GOBP_PERIPHERAL_NERVOUS_SYSTEM_DEVELOPMENT",0.0481647824066904,0.316234960624905,0.0805924900764779,-0.380402313678485,-1.41075469775119,57,"Fa2h/Cldn1/Ugt8a/Arhgef10/Nab2/Mapk3/Sox10/Sirt2/Cdk5/Egr2/Ndrg1/Pmp22/Aldh3a2/Hoxd9/Itgb4/Scn8a"
"GOBP_INTRACELLULAR_PH_REDUCTION",0.0482082596818255,0.316234960624905,0.0821057009024537,-0.441267716143944,-1.45345720119199,32,"Slamf8/Ccdc115/Atp6v1b1/Cln3/Grn/Gpr89/Rab20/Tmem199/Tmem9/Dmxl2"
"GOBP_POSITIVE_REGULATION_OF_LEUKOCYTE_PROLIFERATION",0.0482374768089054,0.316234960624905,0.114790404232843,0.30199088690287,1.33489370512448,86,"Vcam1/Spn/Kitl/Ccl5/Sash3/Atad5/Tfrc/Tnfsf4/H2-Q7/Bmi1/Gpam/Jak2/Cdkn1a/Cd55/Igfbp2/Myd88/Igf2/Bcl6/Coro1a/Il34/Ppp3ca/Hmgb1/Il23r/Nmbr/Ccdc88b/Peli1/Ptprc/Il6st"
"GOBP_POSITIVE_REGULATION_OF_T_CELL_CYTOKINE_PRODUCTION",0.0487571701720841,0.318337901269571,0.100098503124201,0.518480035654953,1.52384758376904,15,"Tbx21/Sash3/Tnfsf4/H2-Q7/Cd55"
"GOBP_NEGATIVE_REGULATION_OF_PROTEIN_CONTAINING_COMPLEX_DISASSEMBLY",0.0487666572157641,0.318337901269571,0.109215847765851,0.333773415699801,1.36769664686642,58,"Tpx2/Map1b/Clasp2/Fgf13/Ckap2/Lmod2/Taok1/Apc/Pik3ca/Irak3/Rdx/Flii/Hdgfl3/Capza2/Tnf/Camsap2/Atxn7/Dmtn/Clec16a/Tmod4/Wdr47/Svil/Ttbk2/Diaph3"
"GOBP_CELLULAR_RESPONSE_TO_EXTERNAL_STIMULUS",0.0488997555012225,0.318526125919477,0.106710889259626,0.357421207722054,1.41334952350549,49,"Tnfsf14/Slc38a2/Kcnj2/Fgf2/Bnip3/Itgb3/Mapk8/Kcnk4/Myd88/Tnfrsf10b/Map3k2/Pecam1/Tnfrsf1a/Casp2/Ankrd1/Habp4/Casp8/Atp1a2/Gab1/Tnfrsf8"
"GOBP_T_HELPER_CELL_LINEAGE_COMMITMENT",0.0494810523775042,0.321626840453777,0.0998483683168439,0.500449206706416,1.51645692323664,17,"Spn/Tbx21/Mtor/Socs3/Opa1/Il6ra/Il23r/Stat3/Il6st"
"GOBP_NUCLEOSOME_ORGANIZATION",0.0500261917234154,0.323468227598968,0.103526179501938,0.412460296489657,1.4612698400067,31,"Nfe2/Shprh/Atrx/Smarca5/Hmgb2/Set/Grwd1/Anp32b/Lin54/Asf1a/Asf1b/Atad2b/Chaf1b"
"GOBP_FC_RECEPTOR_SIGNALING_PATHWAY",0.0500399254724514,0.323468227598968,0.104367053045525,0.394758977471496,1.4370445957166,35,"Fgr/Mapk10/Hck/Mapk8/Sos1/Appl1/Vav1/Map2k7/Yes1/Clec4d/Plcg2/Btk/Prkcq/Traf6/Vav3/Clec4e/Map3k7"
"GOBP_SMALL_MOLECULE_CATABOLIC_PROCESS",0.0501873661670236,0.323468227598968,0.0731409447045026,-0.288803707483144,-1.29117187228004,188,"Sardh/Cbs/Cdo1/Aass/Slc27a4/Thnsl2/Fah/Galk1/Aldob/Adipoq/Gk5/Bdh2/Pah/Faah/Gale/Echdc1/Pdxp/Pex2/Acaa1a/Miox/Bcat2/Upp2/Acox2/Pon3/Cryl1/Abat/Gpt2/Mccc2/Akr1c18/Akr1a1/Oat/Aldh2/Cpt1b/Abcd2/Dpyd/Kyat3/Gnpda1/Mccc1/Acot7/Aldh8a1/Hacl1/Tst"
"GOBP_SUPEROXIDE_METABOLIC_PROCESS",0.0501878690284487,0.323468227598968,0.104651813957764,0.371418799849881,1.41954964883068,43,"Mpo/Fpr2/Cd177/Cd36/Duox1/Itgam/Rac1/Elavl1"
"GOBP_POSITIVE_REGULATION_OF_GLUCOSE_METABOLIC_PROCESS",0.0504012036108325,0.323635348048846,0.100860025098152,0.44051227091768,1.4691529527084,24,"Ppargc1a/Pmaip1/Ppp4r3a/Gck/Dyrk2/Phka1/Igf2/Ppara/Hmgb1/Wdr5/Actn3"
"GOBP_GLUCOSE_METABOLIC_PROCESS",0.0504256712508186,0.323635348048846,0.115547533922279,0.285259796272907,1.30169361338431,104,"Pdk4/Gapdh/Ppargc1a/Mlycd/Pgm2l1/Tigar/Pmaip1/Ppp4r3a/Prkaa1/Gpd2/Gck/Dyrk2/Pfkfb1/Phka1/Npy1r/Rorc/Pik3ca/Lipa/Kbtbd2/Pdk1/Fbp2/Igf2/Oas1g/Foxk2/Sdhaf3/Ppara/Tnf/Hmgb1/Kcnj11/Dlat"
"GOBP_CELLULAR_RESPONSE_TO_GLUCOCORTICOID_STIMULUS",0.0505500261917234,0.323753312401918,0.102976480753546,0.411149719808662,1.45662671146014,31,"Stc1/Bcl2l11/Fech/Eif4e/Bmi1/Jak2/Ddit4/Atp5a1"
"GOBP_RENAL_SYSTEM_DEVELOPMENT",0.050757374435291,0.324401211087477,0.0724404674044223,-0.286081691910707,-1.28699854992243,199,"Pou3f3/Gcnt1/Col4a4/Gcnt4/Cited1/Enpep/Sulf2/Foxc1/Sec61a1/Maged1/Epha7/Adipoq/Rbp4/Foxd1/Gata3/Umod/Ift20/Ace/Wt1/Slc22a6/Acta2/Lrp2/Comt/Hes1/Cc2d2a/Id2/Osr2/Aph1a/Ndufs6/Serpinf1/Ass1/Slc34a1/Epcam/Foxc2/Dchs1/Lzts2/Bicc1/Ret/Nle1/Sox11/Ednra/Sox4/Ext1/Greb1l/Arg2/Ddc/Calb1/Snx17/Rpgrip1l/Odc1/Pygo2/Cd24a/Arl3/Ptch1/Bmper/Mpst/Sfrp1/Fbn1/Fgf1/Tbx18/Col4a1"
"GOBP_POSITIVE_REGULATION_OF_ORGAN_GROWTH",0.0509443339960239,0.324916368179234,0.0998483683168439,0.455229375975804,1.47833074851762,22,"Ccnb1/Sash3/Fgf2/Akap6/Rbpj/Arx/Igf2/Nrg1/Tbx2/Yap1/Hlx/Prox1/Cdk1/Ybx3"
"GOBP_REGULATION_OF_PROTEIN_EXIT_FROM_ENDOPLASMIC_RETICULUM",0.0512032770097286,0.325887523468169,0.0821057009024537,-0.524673620711456,-1.47972079608758,17,"Insig1/Edem2/Os9/Sec16b/Derl2/Edem1/Sorl1/Bcap31/Erlec1/Tmem30b"
"GOBP_POSITIVE_REGULATION_OF_GROWTH",0.0514914772727273,0.32644777196464,0.119145934080369,0.263070295926276,1.26820057815883,147,"Ccnb1/S100a8/Bmpr2/Map1b/Mtm1/Mtor/Sash3/Creb1/Ncbp1/Fgf2/Gpam/Nipbl/Rps6ka3/Pum2/Supv3l1/Eif4g2/Pafah1b1/Akap6/Plaa/Rbpj/Gpr21/Naca/Arx/Try5/Capn3/Crabp2/L1cam/Exosc2/Igf2/Ppm1f/Srf/Hopx/Nrg1/Lgi1/Csnk2a1/Tnfrsf12a/Mkks/Cacng7/Tbx2/Cdc42/Yap1/Hlx/Prox1/Actn3/Cdk1/Lpar3/Bbs2/Crk/Ybx3"
"GOBP_SIGNAL_TRANSDUCTION_IN_RESPONSE_TO_DNA_DAMAGE",0.051505016722408,0.32644777196464,0.115547533922279,0.274023932465029,1.28043073618104,120,"Rad1/Rnaseh2b/Mre11a/Tiprl/Topbp1/Atf2/Atad5/Pmaip1/Donson/Atrx/Cdc5l/Dtl/Wac/Abraxas1/Acer2/Hus1/Cdkn1a/Taok1/Mrnip/Atrip/Pla2r1/Rps6ka6/Mbtps2/Mdm4/Cops3/Dtx3l/Ppp2r5c/Cdk2/Casp2/Ankrd1/Ercc6/Usp10/Dyrk1a/Wdr76/Cdk1/Fbxo31/Rhno1/Tipin/Rad9a/Fbxo6/Clock/Zfp830/Parp9/Foxo4"
"GOBP_CELLULAR_RESPONSE_TO_IONIZING_RADIATION",0.0517981749865808,0.327626137855081,0.102976480753546,0.370756392797041,1.41701795226707,43,"Rhob/Rad1/Fignl1/Lcn2/Ect2/Itgb6/Nipbl/Hus1/Cdkn1a/Xrcc5/Nucks1/Tnf/Spidr/Lig4/Yap1/Rhno1/Rad9a/Clock"
"GOBP_REGULATION_OF_LEUKOCYTE_MIGRATION",0.0523194977328218,0.329915883465132,0.117106883409404,0.269563660490724,1.2765830916673,130,"Fpr2/Thbs1/Spn/Fut9/Kitl/Ccl5/2610528A11Rik/Tnfsf14/Sele/Vegfc/Icam1/Il33/Itgb3/Ccr1/Selp/Dnm1l/Vegfd/Ccl7/Rac1/Mcu/Myd88/Jam3/Rtn4/Tnfaip6/Coro1a/Il34/Wnk1/Il6ra/Tnf/Hmgb1"
"GOBP_COMPLEMENT_ACTIVATION",0.052376171352075,0.329915883465132,0.0803258897498862,-0.496753976257584,-1.48076186366457,21,"C2/C7/C4b/C3/Serping1/C1s1/C1qa/Cfp/Susd4/Cr1l/A2m/C1rb/Hc"
"GOBP_ORGANOPHOSPHATE_ESTER_TRANSPORT",0.05259302666276,0.330274262878577,0.0748173840772458,-0.333852159057442,-1.34638506959922,92,"Slc35c2/Pctp/Dbi/Ldlr/Calhm2/Slc33a1/Npc2/Slc25a53/Calhm5/Lrrc8d/Clptm1l/Slc17a9/Osbpl2/Kcnn4/Slc44a4/Slc25a5/Slc35a2/Abcd2/Slc35b3/Slc25a16/Pitpna/C2cd2l/Pltp/Slc37a1/Lrrc8e/Osbpl10/Esyt1/Mfsd2a/Tmem41b/Slc37a2/Tmem30b/Atp9a/Cr1l"
"GOBP_O_GLYCAN_PROCESSING",0.0526492851135408,0.330274262878577,0.0803258897498862,-0.50403300669069,-1.48209908968817,20,"Gcnt1/Gcnt4/St3gal4/Gxylt2/Galnt12/Chst4/Galnt4/St6gal1/Galnt5"
"GOBP_GLIAL_CELL_MIGRATION",0.0529421144952958,0.330727056212015,0.0779134661483548,-0.421354932925902,-1.42395443793252,36,"Col3a1/Ntn1/Cers2/Hexb/Cdk5/Reln/Cx3cr1/Rras/Matn2/P2rx4/Dab1/Cd9/Cdk5r1/P2ry12"
"GOBP_NEGATIVE_REGULATION_OF_DNA_REPLICATION",0.0530592734225621,0.330727056212015,0.0958569623789466,0.512233586438377,1.50548885075863,15,"Timeless/Gtpbp4/Slfn9/Fbxo5/Ttf1/Bcl6/Pds5a"
"GOBP_MITOCHONDRIAL_RNA_PROCESSING",0.0531016171856143,0.330727056212015,0.0963025229566543,0.495162509490681,1.50043721836665,17,"Fastkd1/Tbrg4/Supv3l1/Angel2/Mtpap/Fastkd5/Trmt10c"
"GOBP_CHROMOSOME_ORGANIZATION_INVOLVED_IN_MEIOTIC_CELL_CYCLE",0.0531544957774466,0.330727056212015,0.097676284397018,0.458261680018794,1.4673797363813,21,"Ncaph/Mre11a/Smc4/Atrx/Ncapd2/Ccne2/Ube2b"
"GOBP_PROTEIN_TRANSMEMBRANE_TRANSPORT",0.0533522190745987,0.331282579822965,0.0770757391871296,-0.383750085954488,-1.39584045631505,52,"Hspa5/Tmed10/Azgp1/Sec61a1/Ift20/Pex2/Tram1/Srp54a/Ap4m1/Sec63/Sec61b/Hsp90aa1/Pex12/Bloc1s3/Zfand2b/Ednra/Sec62/Tomm40"
"GOBP_GRANULOCYTE_ACTIVATION",0.0535001330849082,0.331527193862869,0.100860025098152,0.39188049905817,1.42656604530021,35,"Cxcr2/Camp/Il18rap/Cd177/Ccl5/Itgam/Dnase1l3/Myd88"
"GOBP_MULTICELLULAR_ORGANISMAL_LEVEL_WATER_HOMEOSTASIS",0.0539341184502475,0.333318050791046,0.0799307015710976,-0.521757982104401,-1.47149791063951,17,"Umod/Cftr/Atp6v1b1/Ext2/Ext1/Scnn1g"
"GOBP_POSITIVE_REGULATION_OF_PROTEOLYSIS",0.0540237928621414,0.333318050791046,0.072048676645702,-0.309524126133655,-1.31719563088473,131,"Cntn2/Cdk5rap3/Trim67/Xbp1/Ddrgk1/Rhbdd1/Tbc1d10a/Gsn/Sirt2/Furin/Nop53/Grn/Rnf185/App/Gabarap/Rcn3/Psmc1/Trf/Trib3/Anxa2/Fgfr4/Snx33/Cfl1/Bcap31/Tmem259/Rnft2/Gba/Bak1/Vsir/Csnk1d/Prss22/Rchy1/Usp5/Nub1/Nkd2/Cr1l/Adam8/Herpud1/Vcp"
"GOBP_LUNG_EPITHELIUM_DEVELOPMENT",0.0541749502982107,0.333318050791046,0.0967541689411413,0.451474586880281,1.46613729074216,22,"Klf2/Tmem38b/Creb1/Rbpj/Ppp3r1/Map2k1/Aimp2/Foxp2/Cdc42/Yap1"
"GOBP_REGULATION_OF_PROTEIN_DEPOLYMERIZATION",0.0542255552350736,0.333318050791046,0.104367053045525,0.323803484220064,1.34924012038957,63,"Tpx2/Plek/Map1b/Clasp2/Fgf13/Ckap2/Lmod2/Taok1/Apc/Pik3ca/Rdx/Spast/Flii/Hdgfl3/Capza2/Actn2/Map1s/Camsap2/Atxn7/Dmtn/Tmod4/Wdr47/Svil/Ttbk2/Diaph3"
"GOBP_REGULATION_OF_RELEASE_OF_CYTOCHROME_C_FROM_MITOCHONDRIA",0.0546639919759278,0.33533834435032,0.0967541689411413,0.436843286794009,1.45691651977657,24,"Bcl2l11/Pmaip1/Tnfsf10/Bnip3/Ghitm/Plscr3/Opa1/Mllt11/Pink1"
"GOBP_REGULATION_OF_PEPTIDYL_SERINE_PHOSPHORYLATION",0.0549713193116635,0.336547856707679,0.0941329115999785,0.50991681856677,1.49867971466751,15,"Irgm2/Cnot9/Pfn2/Dmtn/Ercc6/Braf/Pdcd10"
"GOBP_CELLULAR_COMPONENT_DISASSEMBLY",0.0551659654043946,0.337064048620851,0.132308522605383,0.228081262120463,1.19724342713938,288,"Irgm2/Tpx2/Plek/Nfe2/Synj1/Map1b/Nemf/Prkaa2/Top2a/Ogfod1/Reck/Clasp2/Fgf13/Mtrf1/Setx/Igf1r/Ltn1/Kif18a/Prkaa1/Vrk1/Ckap2/Bnip3/Stmn4/Eng/Lmod2/Set/Pafah1b1/Taok1/Itgam/Ckap5/Apc/Pik3ca/Jmjd4/Fyco1/Ddit4/Kif5b/Rac1/Grwd1/Try5/Irak3/Rdx/Dnase1l3/Spast/Stx17/Flii/Eif5a2/Hdgfl3/Rnf14/Capza2/Wnk1/Actn2/Mtrf1l/Ascc3/Tnf/Map1s/Etf1/Camsap2/Atxn7/Stat3/Dffa/Cecr2/Abce1/Dmtn/Mrrf/Clec16a/Atad2b/Usp10/Lamp2/Hemk1/Chmp2b/Bok/Prickle1/Adgrb3/Map4/Tmod4/Blcap"
"GOBP_MONONUCLEAR_CELL_MIGRATION",0.0555362721277334,0.338649324052347,0.113318868985054,0.268944711827106,1.27021086613133,128,"S1pr1/Cxcr2/Fpr2/Thbs1/Tnfsf11/Spn/Tbx21/Ccl5/2610528A11Rik/Tnfsf14/Itgal/Icam1/Itgb3/Ccr1/Ccl7/Jam3/Rtn4/Coro1a/Il34/Wnk1/Il6ra/Tnf/Hmgb1/Ednrb/Pecam1"
"GOBP_REGULATION_OF_KIDNEY_DEVELOPMENT",0.0557042489126798,0.338833942390706,0.0777921919210674,-0.487330949336034,-1.46622019793029,22,"Cited1/Maged1/Adipoq/Foxd1/Gata3/Wt1"
"GOBP_HIPPO_SIGNALING",0.0557883708748036,0.338833942390706,0.0979108420486795,0.40422310782583,1.43208701813672,31,"Ppp2ca/Strn3/Mark3/Prpf4b/Mob1b/Schip1/Tead3/Mob4/Slmap/Sike1/Yap1/Map2k3/Amotl1/Limd1"
"GOBP_ANOIKIS",0.0559145129224652,0.338926263845498,0.0951997347571879,0.449756618753129,1.46055828982224,22,"Pdk4/Mcl1/Mtor/Tfdp1/Pik3ca/Ikbkg/Sik1/Ptrh2/Snai2/Mybbp1a/Itga5/Map3k7"
"GOBP_REGULATION_OF_MYELOID_CELL_DIFFERENTIATION",0.0560492139439508,0.339069997225286,0.111901382188671,0.271709509595554,1.27283546363136,123,"Tob2/Tnfsf11/Inhba/Kitl/Mtor/Nfkbia/Csf3r/Mafb/Mitf/Bglap/Creb1/Rcor1/Cdc73/Purb/Ccr1/Hmgb2/Abcb10/Acvr2a/Cdk6/Isg15/Klf10/Kat7/Tnfaip6/Stat1/Il34/Ppp3ca/Med1/Gabpa/Tnf/Hmgb1/Il23r/Hspa9/Stat3/Bglap2/Tmem178/Ppargc1b"
"GOBP_REGULATION_OF_ATTACHMENT_OF_SPINDLE_MICROTUBULES_TO_KINETOCHORE",0.0564090254440711,0.339146947122407,0.0931001287011121,0.503115250636778,1.49742655229711,16,"Ccnb1/Ect2/Cdca8/Racgap1/Apc"
"GOBP_MONOSACCHARIDE_TRANSMEMBRANE_TRANSPORT",0.0564723694171083,0.339146947122407,0.0733446513857948,-0.355865613256444,-1.36813318537997,69,"Drd1/Slc2a2/Selenon/Slc27a4/Adipoq/Slc5a10/C1qtnf12/Selenos/Zdhhc7/C3/Slc2a9/Ffar4/Slc2a5/Pid1/Trib3/Pea15a/Rnasel/Pik3r1/Slc2a10/Ednra/Slc5a9/Sort1"
"GOBP_MRNA_TRANSCRIPTION",0.0567940552016985,0.339146947122407,0.097676284397018,0.397008909305526,1.42775571056769,33,"Hipk3/Atf2/Epas1/Creb1/Ncbp1/Zbtb1/Ereg/Med1/Tbp/Stat3/Taf4/Taf8/Ncoa1/Ncoa2/Ddx5/Ncbp3/Rara/Rxrb/Taf4b/Nfkbiz"
"GOBP_REGULATION_OF_PROTEIN_TRANSPORT",0.0569376763272634,0.339146947122407,0.0669695786521622,-0.270712294263113,-1.25273616465586,256,"Nr1d1/Insig1/Nnat/Slc2a2/Tmed10/Edem2/Serp1/Adipoq/Rbp4/Hmgcr/Xbp1/Ffar2/Scfd1/C1qtnf3/Umod/Unc13b/Cabp1/Myh10/Cep131/Os9/P3h1/Cftr/C1qtnf12/Myrip/Sec16b/Cln3/Krt20/Cdk5/Abat/H2-Eb1/Camk1/Kcnn4/Chp2/Ang/Casr/Tcf7l2/App/Sirt7/Acvr1c/Slc8b1/Rhbdf1/Derl2/Chrm3/Arntl/Edem1/Hsp90aa1/Ppia/Pik3r1/C2cd2l/Sorl1/Sufu/Apbb1/Sytl4/Bcap31/Sox4/Eny2/Rab11fip5/Wwp2/Ano1/Erlec1/Golph3l/Prr5l/Vps28/Rapgef3/B3gat3/Dnajc1/Tmem30b/Uqcc2/Fgg/Arfip1/Ei24/Gas6/Bsg/Rph3al/Inhbb/Adam8/Jagn1/Kcnb1/Syt7/Commd1/Lrp5/Golph3"
"GOBP_POSITIVE_REGULATION_OF_ORGANELLE_ORGANIZATION",0.0569498069498069,0.339146947122407,0.132308522605383,0.2256149255485,1.18778460742267,299,"Irgm2/Ncapg/Rock2/Plek/Nusap1/Synj1/Ncaph/Mre11a/Cnot6l/Map1b/Mtor/Fen1/Bcl2l11/Smc4/Tapt1/Abi2/Pmaip1/Atrx/Epgn/Bub1/Synpo/Ncapd2/Tnks2/Tnfsf10/Smad3/Ppp3cb/Bnip3/Hck/Ube2b/Dnm1l/Lmod2/Togaram1/Ckap5/Smc5/Fyco1/Ereg/Sh3glb1/Rac1/Mcu/Alox15/Mff/Igf2/Arhgef15/Zdhhc6/Spast/Ppm1f/Rp1/Pfn2/Dkc1/Actn2/Nckap1/Map2k7/Tnf/Rad21/Slf2/Mllt11/Ncapg2/Mecp2/Cdk2/Pdcd6ip/Pink1/Pde4dip/Yy1/Lig4/Bok/Cnot6/Cdc42/Prox1/Rala/Snca/Pnkp/Pot1a/Cdk1/Cdc42ep3/Adck1/Fchsd2/Kdr/Arf6/Smcr8/Ttbk2/Cdc20/Il1b/Rb1/Braf/Tgfa/Msx2/Btc/Bax/Cdkn1b/Endog/Prkcq/Synpo2/Itgb1bp1/Spire1/Cct8/Dstn/Pip4k2a/Dlg1"
"GOBP_POSITIVE_REGULATION_OF_LEUKOCYTE_CHEMOTAXIS",0.0570497147514262,0.339146947122407,0.0986244904449457,0.350627040178552,1.38648336880408,49,"Fpr2/Thbs1/Ccl5/Tnfsf14/Vegfc/Ccr1/Dnm1l/Vegfd/Ccl7/Rac1/Mcu/Il34/Wnk1/Il6ra/Hmgb1"
"GOBP_MITOCHONDRIAL_MEMBRANE_ORGANIZATION",0.0571095571095571,0.339146947122407,0.10216770010847,0.318087519966497,1.34152206322765,67,"Atf2/Bcl2l11/Pmaip1/Tomm70a/Bnip3/Immt/Ghitm/Plscr3/Opa1/Hspa9/Stat3/Pink1/Oxa1l/Apoo/Bok/Spg7/Snca/Adck1/Hk2/Cox18/Camk2a/Naif1/Bax/Afg3l2/Mtx3/Maip1/Mul1/Vdac2/Alkbh7/Nol3/Tomm5/Lrrk2/Chchd3/Tomm22"
"GOBP_WATER_SOLUBLE_VITAMIN_METABOLIC_PROCESS",0.0571158094035973,0.339146947122407,0.0744947003424623,-0.388589792573865,-1.39135192835412,48,"Folr1/Selenon/Mthfd2/Nnmt/Fpgs/Pdxp/Clstn3/Gsto2/Slc52a2/Slc19a3/Mccc1/Slc25a16/Mmab/Slc52a3/Hlcs/Alpl/Slc46a1/Amn/Slc23a1/Slc2a1"
"GOBP_MRNA_SPLICE_SITE_RECOGNITION",0.0571285392132298,0.339146947122407,0.0945554515592395,0.443261648632667,1.45811373420639,23,"Celf1/Srsf10/Luc7l2/Setx/Celf3/Ptbp2/Sf3a1"
"GOBP_NEUTRAL_LIPID_METABOLIC_PROCESS",0.0572298325722983,0.339146947122407,0.0730396943187741,-0.357715771957461,-1.36647790760485,67,"Lipf/Awat2/Insig1/Pnpla3/Gk5/Ldlr/Faah/Lmf1/Abhd16a/Apobec1/C3/Gnb3"
"GOBP_POSITIVE_REGULATION_OF_EXTRINSIC_APOPTOTIC_SIGNALING_PATHWAY",0.0573111944295661,0.339146947122407,0.097676284397018,0.37514822859684,1.4087617289313,40,"Bmpr1b/Thbs1/Tnfsf11/Inhba/Tnfsf14/Pmaip1/Tnfsf10"
"GOBP_CELLULAR_DEFENSE_RESPONSE",0.0576078532678894,0.339146947122407,0.095636421370719,0.423629299566033,1.4361501927328,26,"Cxcr2/Spn/Ifi204/H2-Q7/Il33"
"GOBP_CARBOHYDRATE_BIOSYNTHETIC_PROCESS",0.0578428530008698,0.339146947122407,0.0708158139319178,-0.325070717896966,-1.33248494719377,101,"B3galt5/Nr1d1/Fbp1/Slc25a10/Pcx/Aldob/Adipoq/Rbp4/Nnmt/C1qtnf3/Nans/C1qtnf12/St3gal4/Selenos/Mpdu1/Tcf7l2/Sirt7/St6galnac5/Ext2/B3galt2"
"GOBP_REGULATION_OF_NUCLEOCYTOPLASMIC_TRANSPORT",0.0580547112462006,0.339146947122407,0.103526179501938,0.306069007457207,1.31632036509646,76,"Ipo5/Nfkbia/Cwh43/Ect2/Xpo1/Smad3/Prpf4b/Frat2/Jak2/Cd36/Iws1/Xpo4/Mavs/Peg12/Dhx9/Anp32b/Rangap1/Wnk1/Cpsf6/Sumo1/Rbm22/Ppp1r12a/Uhmk1/Ppm1a/Nedd4/Cdk1/Epm2a"
"GOBP_GLYCOSAMINOGLYCAN_METABOLIC_PROCESS",0.0581580624601657,0.339146947122407,0.0741759589930858,-0.399169376092375,-1.39612077138381,43,"Foxc1/Cytl1/Hexb/Pxylp1/Gusb/Chpf2/Hexa/Ext2/Itih5/Sgsh/B4galt7/Chst12/Chpf/Ext1/Hyal1/B3gat3"
"GOBP_REGULATION_OF_CARBOHYDRATE_CATABOLIC_PROCESS",0.0581613508442777,0.339146947122407,0.0969823177419894,0.386623474018949,1.41928205373441,36,"Slc4a1/Ppp2ca/Mtor/Tigar/Prkaa2/Prkaa1/Gck/Pfkfb1/Phka1/Hdac4/Ddit4"
"GOBP_ESTABLISHMENT_OF_MITOTIC_SPINDLE_LOCALIZATION",0.0581969342686412,0.339146947122407,0.0954173509538673,0.417969480277833,1.43083773476577,27,"Mad2l1/Nusap1/Mcph1/Clasp2/Pafah1b1/Ccdc66"
"GOBP_AMINE_BIOSYNTHETIC_PROCESS",0.0582134493141519,0.339146947122407,0.0760356521608407,-0.484428363651954,-1.45748726241281,22,"Kl/Gata3/Pah/Paox/Sat2/Aldh2/Azin2/Pnmt/Ddc/Odc1"
"GOBP_POSITIVE_REGULATION_OF_TYPE_I_INTERFERON_PRODUCTION",0.058215451577802,0.339146947122407,0.097676284397018,0.346382100139761,1.38318831242616,51,"Gapdh/Kpna2/Dhx58/G3bp1/Tomm70a/Hmgb2/Isg15/Mavs/Myd88/Dhx9/Ifih1/Stat1/Tbk1/Oas1g/Hmgb1/Nmbr/Zc3hav1/Trim56/Plcg2/Clec12a/Oas2/Polr3f/Traf3/Ddx3x/Traf6"
"GOBP_CYTOKINE_PRODUCTION",0.0582822085889571,0.339146947122407,0.147704896905467,0.210893673926305,1.15580300732596,437,"Ermap/Gapdh/Kpna2/Adora2b/Irgm2/Fgr/Camp/Thbs1/Klf2/Btnl9/Cyp1b1/Rock2/Spn/Tbx21/Inhba/Atf2/Adcyap1/Zbtb6/Smad4/Sash3/Asb1/Nfkbia/Ptgs2/Gbp5/Tnfsf4/Pcsk5/Trim16/Zfp131/Itgb6/Dhx58/Creb1/G3bp1/Smad3/Zbtb26/Btnl10/Xaf1/Il17rb/H2-Q7/Pde4b/Gpam/Tomm70a/Jph4/Jak2/Il33/Cd36/Zbtb1/Traf3ip1/Hmgb2/Il4ra/Tnfaip3/Ereg/Cd55/Zbtb33/Rac1/Trib2/Per1/Appl1/Irak3/Ppm1b/Isg15/Mavs/Myd88/Fxr1/Pla2r1/Cebpg/Rnf125/N4bp1/Bcl6/Rtn4/Dhx9/Ifih1/Stat1/Ndrg2/Tbk1/Opa1/Oas1g/Il6ra/Ppara/Panx1/Tnf/Hmgb1/Pibf1/Heg1/Rad21/Il23r/Tia1/Nfkbil1/Cybb/Nmbr/Stat3/Arfgef2/Ccdc88b/Peli1/Ptprc/Nrd1/Yy1/Pla2g10/Zbtb37"
"GOBP_GLIAL_CELL_DIFFERENTIATION",0.0584827586206897,0.339666972597352,0.0686043435198679,-0.296925636609531,-1.29130649528077,155,"Fa2h/Nr1d1/Drd1/Cntn2/Ldlr/Metrn/Arhgef10/Cdkn2c/Nab2/Phgdh/Mapk3/Sox10/Arsg/Sirt2/Grn/Cdk5/Hes1/Tmem98/Cspg5/Reln/Id2/Egr2/App/Ndrg1/Dusp15/Pfkfb3/Rnf112/C1qa/Itgb4/Cers5/Tnfrsf21/Sox11/Sox4/Ifngr1/Gba/Ano1/Sox2/Ncmap/Dab1/Gfap/Cd9/Vtn/Mxra8"
"GOBP_DIGESTION",0.0586687306501548,0.34010051638752,0.0727383231489883,-0.37418285235992,-1.38531682762698,56,"Chia1/Amy1/Serpina3c/Rbp4/Ldlr/Tff2/Nr1i2/Stk39/Asah2/Muc13/Vil1/Comt/Kcnn4/Tymp/Slc2a5/Chrm3/Nkx2-3/Copa/Tlr9"
"GOBP_APICAL_JUNCTION_ASSEMBLY",0.0592105263157895,0.342057820210133,0.0972120409994456,0.3433575825573,1.37536285221205,52,"Rock2/Abi2/Ect2/Rock1/Tjp1/Apc/Cldn4/Rac1/Strn/Srf/Dsg3/Pof1b/Tnf/Pecam1/Pkn2/Cldn17/Pdcd6ip"
"GOBP_REGULATION_OF_ACTIN_FILAMENT_BUNDLE_ASSEMBLY",0.0592303066746843,0.342057820210133,0.101902204113224,0.310606010250785,1.32400956681088,72,"S1pr1/Rock2/Plek/Mtor/Synpo/Clasp2/Rock1/Smad3/Phldb2/Tjp1/Rac1/Rdx/Rhpn1/Arhgef15/Ppm1f/Pfn2"
"GOBP_MITOCHONDRION_DISTRIBUTION",0.0597695631301008,0.344520783702751,0.0903747338112327,0.498875141883897,1.48480667758023,16,"Armc1/Mtm1/Dnm1l/Myo19/Kif5b/Cluh/Opa1/Trak2"
"GOBP_POST_EMBRYONIC_DEVELOPMENT",0.06,0.345197740112994,0.0986244904449457,0.326641169873423,1.34250198207833,59,"Gabrg2/Zfx/Mtor/Bcl2l11/Atrx/Large1/Jak2/Tiparp/Arid5b/Slc18a2/Bcl11b/Ago2/Nr4a2/Heg1/Csrnp1/Mecp2/Tal2/Foxp2/Scn9a/Ireb2/Kdr/Acvr2b/Plekha1/Bax"
"GOBP_REGULATION_OF_HORMONE_METABOLIC_PROCESS",0.0604866346812886,0.347008355974403,0.0754749124038461,-0.525677261388248,-1.46177961413507,16,"Gata3/Gnb3/Tcf7l2/Akr1c18"
"GOBP_AMINO_SUGAR_METABOLIC_PROCESS",0.0605556479787057,0.347008355974403,0.074281773080044,-0.477857452566843,-1.45423678862614,23,"Chia1/Hexb/Nans/Gfpt1/Gnpda1/Pgm3/Amdhd2/Mgat3/Chst4/Chil1/St6gal1/Aldh1a7"
"GOBP_SPERM_FLAGELLUM_ASSEMBLY",0.0606554704060003,0.347008355974403,0.0734471130740274,-0.444107606683653,-1.42844676485837,29,"Spag16/Ift81/Cfap206/Cep131/Ttc12/Poc1b/Iqcg/Drc1/Ccdc146/Bbs4/Yif1b/Ttll5/Cfap54"
"GOBP_POSITIVE_REGULATION_OF_INFLAMMASOME_MEDIATED_SIGNALING_PATHWAY",0.061128912989894,0.349063232119862,0.0905617673660515,0.463433613688414,1.46282344599842,20,"Ppp2ca/Gbp5/Gbp2/Cd36/Mapk8/Mavs/Myd88"
"GOBP_T_CELL_DIFFERENTIATION_INVOLVED_IN_IMMUNE_RESPONSE",0.0614922109866084,0.350482657768822,0.0951997347571879,0.352009129002145,1.3740490815539,47,"Spn/Tbx21/Mtor/Tnfsf4/Socs3/Il4ra/Rorc/Bcl6/Tbk1/Opa1/Il6ra/Hmgb1/Il23r/Stat3/Fgl2/Il6st/Clec4d/Hlx"
"GOBP_TELENCEPHALON_DEVELOPMENT",0.0617732558139535,0.350855986093298,0.109869472131707,0.256493002304179,1.24682126977995,155,"Inhba/Ccdc141/Kcnc1/Phlpp2/Tacc2/Mcph1/Slitrk5/Aspm/Slc38a2/Fgf13/Ccdc39/Kcna2/Large1/Bnip3/Pafah1b1/Arx/Rac1/Cdk6/Cntnap2/Robo2/Bcl11b/Numb/Fxr1/Rtn4/Slc8a3/Gria1/Srf/Rtn4rl1/Aldh1a3/Ogdh/Nin/Vps13b/Shank3/Mkks/Slc7a11/Foxp2/Crkl/Herc1/Prox1/Bloc1s6/Atp1a2/Bmp2/Wdr47/Ezh1/Atp2b4/Zdhhc16/Bbs2/Crk/Ncoa1/Atg16l1/Nfib/Pomgnt1/Ezh2/Bax/Eif2b5/Slit2/Ywhae/Tsc1/Syne2/Ndel1"
"GOBP_POSITIVE_REGULATION_OF_ISOTYPE_SWITCHING",0.0619299087854057,0.350855986093298,0.0887403498066145,0.495494748087184,1.47474558040217,16,"Tbx21/Atad5/Tfrc/Rif1/Tnfsf4"
"GOBP_POSITIVE_REGULATION_OF_DNA_TEMPLATED_TRANSCRIPTION_INITIATION",0.0619967793880837,0.350855986093298,0.093923690818302,0.36334851790317,1.38870531378882,43,"Nfkbia/Mitf/Creb1/Setx/Med14/Med13/Med27/Srf/Med1/Tbp/Ercc6/Taf4/Taf8"
"GOBP_HEART_PROCESS",0.0624334870521462,0.350855986093298,0.107942085094929,0.260001857410938,1.25231980213822,146,"Stc1/Atp1b1/Tmem38b/Mtor/Epas1/Ttn/Fgf13/Kcnj2/Cacna2d1/Trdn/Pde4b/Jph4/Dnm1l/Apln/Dsc2/Gnao1/Pik3ca/Rac1/Bves/Scn4b/Tmem161b/Slc8a3/Ryr2/Hopx/Scn7a/Csrp3/Abcc9/Ptpn1/Sumo1/Tnf/Ednrb/Ehd3/Tbx2/Sgcg/Cdc42/Atp1a3/Yap1/Tmem38a/Kcnj3/Scn9a/Atp1a2/Ctnna3/Rap1gds1/Map2k3/Nox4/Atp2b4/Rgs2/Ank2/Hrc"
"GOBP_REGULATION_OF_MRNA_CATABOLIC_PROCESS",0.0624586913417052,0.350855986093298,0.104084546739236,0.272258966610265,1.26299057042483,115,"Fastkd1/Rock2/Celf1/Ythdf3/Cnot6l/Noct/Cnot11/Cnot9/Rock1/Gdnf/Tbrg4/Larp4b/Mettl16/Pum2/Csde1/Dcp2/Angel2/Elavl4/Cnot7/Myd88/Fxr1/Ago2/Elavl1/Dhx9/Samd4/Tnrc6b/Fastkd5/Pde12/Cacng7/Zc3h14/Tent5a/Cnot6/Ythdf2"
"GOBP_NEGATIVE_REGULATION_OF_CELL_CYCLE_G1_S_PHASE_TRANSITION",0.0625335480407944,0.350855986093298,0.0935092741782427,0.362202849850755,1.38432661060486,43,"Inhba/Rbl2/2610528A11Rik/Slfn9/Tfdp1/Wac/Cdc73/Fhl1/Cdkn1a/Zfp655/Apc"
"GOBP_POSITIVE_REGULATION_OF_FIBROBLAST_PROLIFERATION",0.0625499068405643,0.350855986093298,0.0931001287011121,0.384963202267977,1.4013849486397,35,"Ccnb1/Rnaseh2b/Bmi1/Itgb3/Cdkn1a/Ereg/Cdk6/Dhx9/Ctc1"
"GOBP_REGULATION_OF_CIRCADIAN_RHYTHM",0.0625714285714286,0.350855986093298,0.0965275765869161,0.325081134986432,1.33609020634072,59,"Ppargc1a/Rock2/Timeless/Ppp1cb/Mapk10/Mtor/Noct/Prkaa2/Top2a/Kcna2/Prkaa1/Mapk8/Rorc/Per1/Fxr1/Klf10"
"GOBP_NEUROMUSCULAR_SYNAPTIC_TRANSMISSION",0.0625913297613249,0.350855986093298,0.0889177270391536,0.477615176924283,1.46807112372383,18,"Chrna2/Dtna/Large1/Chrnb1/Kif1b/Etv5"
"GOBP_RENAL_ABSORPTION",0.0628972900635664,0.351925313450907,0.0730396943187741,-0.48070376507915,-1.4462811576824,22,"Adipoq/Slc12a3/Slc6a18/Umod/Gsn/Maged2/Stk39/Comt/Akr1c18"
"GOBP_POSITIVE_REGULATION_OF_POTASSIUM_ION_TRANSMEMBRANE_TRANSPORT",0.0631301008161306,0.352582190115684,0.0878685871563087,0.493509268237025,1.46883617844523,16,"Kcnc1/Atp1b1/Kcnj2/Fhl1/Akap6/Amigo1"
"GOBP_MUSCLE_SYSTEM_PROCESS",0.0635497049477985,0.354036610330068,0.121293105191013,0.229479088036821,1.19085173232694,257,"Ltb4r1/Adora2b/Rock2/Stc1/Atp1b1/Tmem38b/Mtor/Smad4/Dtna/Ttn/Fgf13/Rock1/Kcnj2/Cacna2d1/Smad3/Gdnf/Trdn/Large1/Pde4b/Tomm70a/Jph4/Homer1/Lmod2/Dsc2/Akap6/Gnao1/Hdac4/Pik3ca/Npnt/Kcnma1/Smpx/Sspn/Scn4b/Slc8a3/Map2k1/Ryr2/Srf/Scn7a/Csrp3/Ppp3ca/Abcc9/Chrnb1/Camk2b/Ppara/Pik3c2a/Sumo1/Tnf/Ednrb/Tnfrsf1a/Ehd3/Mkks/Ppp1r12b/Tbx2/Yy1/Ckmt2/Il6st/Slmap/Tmod4/Acta1/Myl1/Cacng1/Tmem38a/Trpc3/Kcnj3/Scn9a/Actn3/Hdac2/Atp1a2/Ctnna3/Stac2/Rap1gds1/Map2k3/Gucy1a1/Camta2/Atp2b4/Bbs2/Myh3/Rgs2/Ank2/Hrc"
"GOBP_PROTEIN_O_LINKED_GLYCOSYLATION",0.0636222910216718,0.354036610330068,0.0697294585228188,-0.371704436782293,-1.3761411244009,56,"B3galt5/Gcnt1/Gcnt4/Slc35c2/St3gal4/Pomk/Dpm3/Gxylt2/Galnt12/Pomt1/B3galt2/Plod1/Pgm3"
"GOBP_STRIATUM_DEVELOPMENT",0.0638502160345655,0.354658927246541,0.0873572860780536,0.49219821341756,1.4649340739161,16,"Inhba/Slitrk5/Cntnap2/Bcl11b/Aldh1a3/Ogdh/Shank3/Mkks/Slc7a11/Foxp2"
"GOBP_POSITIVE_REGULATION_OF_CARBOHYDRATE_METABOLIC_PROCESS",0.0643949557284679,0.357035553086152,0.0920996025791478,0.37204507207177,1.38594359179682,39,"Ppargc1a/Mtor/Prkaa2/Pmaip1/Ppp4r3a/Prkaa1/Gck/Dyrk2/Phka1/Igf2/Ppara/Hmgb1/Wdr5/Snca/Actn3"
"GOBP_CYTOSKELETON_DEPENDENT_CYTOKINESIS",0.0646551724137931,0.357172461232782,0.0986244904449457,0.292666710778759,1.29203528459045,85,"Rhob/Rock2/Nusap1/Cep55/Exoc3/Ect2/Rock1/Ckap2/Cdca8/Racgap1/Apc/Exoc2/Ttc19/Spast/Son/Exoc5/Mitd1/Exoc6/Wnk1/Trim36/Pdcd6ip/Cecr2/Kif20b/Chmp2b/Klhdc8b/Chmp7/Chmp1b/Arf6/Spire2/Fmn2/Actr2/Iqgap1/Spire1/Actr3"
"GOBP_REGULATION_OF_RECEPTOR_MEDIATED_ENDOCYTOSIS",0.0647630261995879,0.357172461232782,0.0963025229566543,0.311592377986876,1.32039856739632,69,"Neu3/Sele/Arc/Ahi1/Sh3gl2/Mkln1/Itgb3/Apln/Bmp2k/Cblb/Magi2/Rab21/Ush1g/Bicd1/Rac1/Picalm/Numb/Atad1/Ppp3r1"
"GOBP_C4_DICARBOXYLATE_TRANSPORT",0.064770390678547,0.357172461232782,0.0728383861629769,-0.52261797127997,-1.45327247821256,16,"Slc25a10/Slc1a1/Lrrc8d/Abat/Slc13a3/Slc1a4/Slc13a2/Slc7a13"
"GOBP_CALCIUM_MEDIATED_SIGNALING",0.0650434782608696,0.358032119075597,0.104651813957764,0.263563350561694,1.25786390859653,136,"Irgm2/Cxcr2/Fpr2/Tnfsf11/Plek/Atp1b1/Tmem38b/Mtor/Sele/Ppp3cb/Trdn/Rcan1/Prkaa1/Nfatc1/Jph4/Ppp3cc/Dyrk2/Ccr1/Akap6/Mcu/Ppp3r1/Ackr3/Ccr9/Ryr2/Gria1/Nudt4/Ppp3ca/Inpp5a/Tnf/Nfat5/Ednrb/Kcnj11"
"GOBP_REGULATION_OF_ENDOPLASMIC_RETICULUM_UNFOLDED_PROTEIN_RESPONSE",0.0651812437645494,0.35814514334658,0.071472137805893,-0.465213341622748,-1.43107381137228,24,"Hspa5/Xbp1/Ddrgk1/Agr2/Ppp1r15a/Tmbim6"
"GOBP_REGULATION_OF_RAS_PROTEIN_SIGNAL_TRANSDUCTION",0.0653801364165696,0.358593028281185,0.0713773181547492,-0.473941601569374,-1.44231989887438,23,"Fbp1/Trim67/Rasgef1a/Stk19/Stambp/Lztr1/Ephb2"
"GOBP_SYNAPTIC_VESICLE_RECYCLING",0.0659001682557487,0.360797516167227,0.0931001287011121,0.333724538098247,1.35008295827806,55,"Synj1/Rock1/Ppp3cb/Slc17a7/Ap3b2/Sh3gl2/Ppp3cc/Ston2/Vamp4/Plaa/Btbd8/Fcho2/Rac1"
"GOBP_TRANSLATIONAL_INITIATION",0.0670562903721932,0.366470424127102,0.0967541689411413,0.293520349704579,1.28995421506166,84,"Ythdf3/Eif2s1/Ccl5/Mtor/Eif1ad/Eif4e/Ncbp1/Bzw1/Csde1/Eif4g2/Eif3j1/Eif4e3/Eif5/Eif3m/Ago2"
"GOBP_INFLAMMATORY_RESPONSE",0.0673575129533679,0.367459289415248,0.141072897117004,0.207259708554519,1.14263455826688,466,"Ltb4r1/Adora2b/Irgm2/Fgr/Cxcr2/Ppbp/Fpr2/Camp/Bmpr1b/Thbs1/Vcam1/Tnfsf11/Pbk/Il18rap/Celf1/Spn/Spata2/Ppp2ca/S100a8/Lcn2/Ccl5/Mtor/Plp1/Vps13a/Sele/Nfkbia/Ptgs2/Mcph1/Tfrc/Gbp5/Tnfsf4/Txnip/Itgb6/Smad3/Socs3/Ccdc39/Gbp2/Large1/Il17rb/Itgal/Jak2/Il33/Apol8/Ccr1/Cd36/Hck/Selp/Hmgb2/Cst7/Il4ra/Mapk8/Krt16/Itgam/Serpina3n/Hdac4/Plaa/Lipa/Tnfaip3/Rbpj/Ccl7/Rac1/Per1/Pnma1/Appl1/Slc18a2/Tyro3/Hba-a1/Dnase1l3/Alox15/Mavs/Myd88/Fxr1/Nampt/Jam3/Csnk1a1"
"GOBP_NEGATIVE_REGULATION_OF_CATABOLIC_PROCESS",0.0679449770737807,0.369766663445667,0.112250868978221,0.237491468183752,1.19933761766865,210,"Slc4a1/Mad2l1/Pbk/Mcl1/Ppp2ca/Mtm1/Pptc7/Mtor/Smad4/Tigar/Noct/Grin2c/Ptpn3/Plin5/Wac/Rock1/Smad3/Usp25/Gdnf/Eif4e/Prkaa1/Larp4b/Mettl16/Trdmt1/Pfkfb1/Csde1/Eif4g2/Svip/Angel2/Hdac4/Pik3ca/Usp14/Ric1/Elavl4/Ddit4/Irak3/Myd88/Fxr1/Elavl1/N4bp1/Dhx9/Mdm4/Npc1/Wnk1/Dkc1/Foxk2/Ppara/Tnf/Rybp/Fez2/Csnk2a1/Stat3/Dffa/Pink1/Clec16a/Zc3h14/Tent5a"
"GOBP_REGULATION_OF_CENTROSOME_DUPLICATION",0.0680984808800419,0.369766663445667,0.0883886491452962,0.393369549834141,1.39363488811354,31,"Rock2/Gen1/Xpo1/Chordc1/Cep76/Ccnf/Pdcd6ip/Chmp2b/Mdm1/Chmp1b"
"GOBP_REGULATION_OF_BIOMINERAL_TISSUE_DEVELOPMENT",0.0681435782389232,0.369766663445667,0.0915140765993025,0.332228583153599,1.34403107102809,55,"S1pr1/Bmpr1b/Rock2/Dmp1/Bmpr2/Slc20a2/Fbxo5/Bglap/Rock1/Ank/Smad3/Ccr1/Bmp2k/Acvr2a/Isg15"
"GOBP_PROTEIN_LOCALIZATION_TO_MITOCHONDRION",0.068421052631579,0.370614035087719,0.0960789906091538,0.296056203300361,1.28895085627885,81,"Gdap1/Timm21/Npepps/Prkaa1/Tomm70a/Dnm1l/Mapk8/Tomm40l/Sh3glb1/Sae1/Grpel2/Isg15/Mavs/Ube2d3/Mff/Hspa4/Pmpca/Dnlz/Pink1/Oxa1l/Huwe1/Rala/Hk2/Ube2l3/Cox18/Ablim3/Bax/4930550C14Rik/Maip1"
"GOBP_METANEPHRIC_TUBULE_DEVELOPMENT",0.0685802681333792,0.370679881522861,0.0708158139319178,-0.526685905208071,-1.44065844520954,15,"Pou3f3/Umod/Slc22a6/Hes1"
"GOBP_MRNA_TRANSPORT",0.0687782805429864,0.370679881522861,0.0945554515592395,0.305770350526608,1.30788824078336,73,"Sarnp/Ahctf1/Arc/Xpo1/Eif4e/Ncbp1/Parp11/Agfg1/Nup54/Iws1/Fxr1/Dhx9/Wnk1/Nup43/Senp2/Chtop/Thoc1/Ythdc1/Nup188/Smg5/Nup107/Rbm15b/Thoc7/Srsf7/Thoc2"
"GOBP_RESPONSE_TO_METAL_ION",0.0688796680497925,0.370679881522861,0.111211882754101,0.23819792429002,1.20170151456328,208,"Thbs1/Ccnb1/Vcam1/Ppp2ca/S100a8/Eif2s1/Kcnc1/Carf/Lcn2/Tigar/Prkaa2/Ucp2/Tfrc/Ect2/Ttn/Txnip/Pklr/mt-Co1/Bglap/Fech/Creb1/Mt1/Cpne3/Atf1/Prkaa1/Bnip3/Homer1/Gnrh1/Kcnq3/Fosb/mt-Cytb/Cpox/Kcnma1/Itpka/Capn3/Slc25a12/Cpne8/Alox15/Slc41a1/Ryr2/Gria1/Khk/Ppp3ca/Npc1/Abcc9/Slc30a2/Adamts13/Sumo1/Rasgrp2/Nptx1/Cybb/Gabrb3/Bglap2/Impa2/Lig4/Alad/Cacybp/Slc30a4/Slc30a1/Haao/Trpc3/Nedd4/Snca/Casp8/Atp1a2"
"GOBP_REGULATION_OF_MUSCLE_ADAPTATION",0.0689185508035958,0.370679881522861,0.0896376494762061,0.349656446512298,1.35848081233623,46,"Rock2/Smad4/Rock1/Smad3/Tomm70a/Akap6/Hdac4/Ppp3ca/Camk2b/Ppara/Tnfrsf1a/Yy1/Il6st/Trpc3/Actn3/Atp2b4/Rgs2"
"GOBP_CELL_CYCLE_G1_S_PHASE_TRANSITION",0.0691013247404225,0.371009748825994,0.102976480753546,0.258850324323235,1.23999500822642,143,"Ccnb2/Ccnb1/Cul2/Inhba/Ppp2ca/Rbl2/2610528A11Rik/Slfn9/Ccne2/Tfdp1/Wac/Rrm2/Eif4e/Tcim/Cdc73/Fhl1/Cul5/Ccng2/Cdkn1a/Zfp655/Apc/Lsm11/Appl1/Cdk6/Trp63/Rdx/Pbrm1/Ccnf/Ccni/Ppp3ca/Ccng1/Cul1"
"GOBP_REGULATION_OF_MITOCHONDRION_ORGANIZATION",0.0700238379022646,0.375106237253928,0.0931001287011121,0.308104543248178,1.31102009424501,71,"Irgm2/Bcl2l11/Pmaip1/Tfrc/Tnfsf10/Bnip3/Dnm1l/Myo19/Ghitm/Mcu/Mff/Zdhhc6/Plscr3/Inf2/Opa1/Mllt11/Pink1/Bok/Huwe1/Rala/Rap1gds1/Adck1/Kdr/Slc30a9/Bax/Endog/4930550C14Rik/Spire1"
"GOBP_RESPONSE_TO_AMYLOID_BETA",0.0701983298538622,0.375106237253928,0.0868545009090863,0.394037582390207,1.38836112097557,30,"Fpr2/Vcam1/Lcn2/Cacna2d1/Igf1r/Icam1/Cd36"
"GOBP_DETECTION_OF_STIMULUS",0.0703113789639834,0.375106237253928,0.0635916868333331,-0.311697745480072,-1.29944342843413,114,"Adora1/Azgp1/Cadm1/Lpo/Elovl4/Rbp4/Kcnmb4/Cd1d1/Tulp1/Gnat3/Srpx/Pip/C4b/Comt/H2-Eb1/Casr/Ffar4/Gnat1/Lxn/Rrh/Pigr/Ephb1/Rgs9bp/Tlr9/Kcnk2/Gucy2e/Ano1/Grik2/Whrn/Tas1r3/Fyn/Slc24a2/Unc119/Calm2/Gngt2/Cep250/Cngb1/P2rx2/Trpv1/Sema5b/Gnat2/Adgrv1/Pglyrp4/Extl3/Pkd2l2/Cst10/Guca1a/H2-D1/Nod1"
"GOBP_CELLULAR_RESPONSE_TO_OXIDATIVE_STRESS",0.0703554415536827,0.375106237253928,0.103250260704189,0.253045466207031,1.23765423502609,161,"Mpo/Rhob/Klf2/Ppargc1a/Il18bp/Il18rap/Cyp1b1/Eif2s1/Atf2/Lcn2/Prkaa2/Ect2/Pnpla8/Setx/Prkaa1/Bnip3/Cd36/Mapk8/Stk26/Tnfaip3"
"GOBP_NEGATIVE_REGULATION_OF_MACROAUTOPHAGY",0.0712136409227683,0.378803345714973,0.0844603778325338,0.425013902916165,1.41746432877029,24,"Mtm1/Pptc7/Mtor/Tigar/Pik3ca/Npc1/Fez2/Pink1/Clec16a/Vps13c"
"GOBP_CARDIAC_MUSCLE_CONTRACTION",0.0712968653964352,0.378803345714973,0.0937158165018434,0.292902528705211,1.28374196653262,83,"Stc1/Atp1b1/Tmem38b/Mtor/Ttn/Fgf13/Kcnj2/Cacna2d1/Trdn/Pde4b/Jph4/Dsc2/Pik3ca/Scn4b/Ryr2/Scn7a/Csrp3/Abcc9/Sumo1/Ehd3/Tmem38a/Kcnj3/Scn9a/Atp1a2/Ctnna3/Map2k3/Rgs2/Ank2/Hrc"
"GOBP_UNSATURATED_FATTY_ACID_BIOSYNTHETIC_PROCESS",0.0714399617285919,0.378904658126473,0.0666556482309615,-0.410000234548697,-1.38558162707368,36,"Scd1/Fads3/Scd2/Elovl4/Alox8/Fads1/Ptgis/Cd74/Akr1c18/Abcd2/Cbr1/Elovl7"
"GOBP_NEGATIVE_REGULATION_OF_TYPE_I_INTERFERON_PRODUCTION",0.0718160681994317,0.380239321229227,0.0853949304825912,0.414269829814628,1.40442055481321,26,"Irgm2/Dhx58/Xaf1/Traf3ip1/Ppm1b/Rnf125"
"GOBP_MATING_BEHAVIOR",0.0725379757637822,0.382604670963399,0.0685199122966855,-0.506305439835217,-1.4279175832788,17,"Drd1/Dmrta1/Hexb/Abat/App"
"GOBP_REGULATION_OF_LEUKOCYTE_DEGRANULATION",0.0725469728601253,0.382604670963399,0.0853949304825912,0.39200567479635,1.3812018508176,30,"Adora2b/Fgr/Cd177/Il4ra/Itgam"
"GOBP_MYELOID_LEUKOCYTE_MEDIATED_IMMUNITY",0.0726385300028711,0.382604670963399,0.0896376494762061,0.315653348789556,1.31158398624135,62,"Adora2b/Fgr/Cd177/Trem1/2610528A11Rik/Grp/Il4ra/Itgam/Slc18a2/Dnase1l3/Mavs/Myd88"
"GOBP_STRIATED_MUSCLE_CELL_APOPTOTIC_PROCESS",0.0729140566274117,0.383394910493533,0.0834065212039972,0.431550596249435,1.41959010741694,23,"Smad4/Tigar/Bnip3/Jak2/Eng/Naca/Nrg1/Ptpn1/Hspb6"
"GOBP_HUMORAL_IMMUNE_RESPONSE_MEDIATED_BY_CIRCULATING_IMMUNOGLOBULIN",0.0730717185385656,0.383563745936973,0.0679370144586811,-0.493888424693609,-1.42806336343798,19,"C2/C7/C4b/C3/Serping1/C1s1/C1qa/Ptpn6/Susd4/Cr1l/C1rb/Hc"
"GOBP_DNA_TEMPLATED_TRANSCRIPTION_TERMINATION",0.0732117138742199,0.383639426905217,0.0814078219628671,0.483221505556229,1.43821661566621,16,"Setx/Ttf1/Wdr82/Dhx9/Wnk1/Smn1"
"GOBP_MEMBRANE_LIPID_BIOSYNTHETIC_PROCESS",0.073381084636749,0.383868516378884,0.0627866166785788,-0.322020406552414,-1.30629746204695,95,"Fa2h/Degs2/Ormdl3/Elovl4/Ugt8a/Pigk/Cers2/Asah2/St3gal4/Pigz/Cerkl/Smpd2/Sptlc1/Dpm3/St6galnac5/Asah1/Ormdl2/Paqr4/B3galt2/Hacd1/Hacd4/Cers5/Pigl/Elovl7/Mecr/Csnk1g2/Gba/A3galt2"
"GOBP_REGULATION_OF_PLASMA_LIPOPROTEIN_PARTICLE_LEVELS",0.0739153722549545,0.386002499553651,0.0857131468775338,0.362813461988585,1.3624420456477,40,"Mpo/Angptl4/Pcsk5/Fech/Itgb3/Cd36/Lipa/Abca5"
"GOBP_SECONDARY_ALCOHOL_METABOLIC_PROCESS",0.0741725768321513,0.386684679560106,0.0627866166785788,-0.327930663023956,-1.30844269229683,86,"Insig1/Dhcr24/Hmgcs1/Ldlr/Hmgcr/Npc2/Dhcr7/Lmf1/Lcat/Cftr/Ces1d/Ebp/Mvd/Tm7sf2/Hdlbp/Gnb3/Srebf2/Sult1c1/Fdps/Sqle/Msmo1/Gba/Acly/Snx17/Mbtps1"
"GOBP_CELLULAR_RESPONSE_TO_DSRNA",0.0744119059049448,0.387271503474627,0.0807267478771111,0.482212252751403,1.43521276725173,16,"Ifit1bl1/Mavs/Dhx9/Ifih1/Gria1/Oas1g/Pde12/Colec12"
"GOBP_FC_EPSILON_RECEPTOR_SIGNALING_PATHWAY",0.0745836350470673,0.387505110661209,0.080861650980769,0.474909639569215,1.43906714444857,17,"Mapk10/Mapk8/Sos1/Vav1/Map2k7/Plcg2/Btk/Prkcq/Traf6/Vav3/Map3k7"
"GOBP_EXOCRINE_SYSTEM_DEVELOPMENT",0.075004076308495,0.388594970347085,0.0657381960282851,-0.435227294630001,-1.39988374807355,29,"Foxc1/Xbp1/Sox10/Srp54a/Cela1/Lama1/Tfcp2l1/Ascl3"
"GOBP_WOUND_HEALING_SPREADING_OF_EPIDERMAL_CELLS",0.0750478011472275,0.388594970347085,0.080193537050732,0.490659008030557,1.44207971845508,15,"Mtor/Clasp2/Phldb2/Itgb3"
"GOBP_REGULATION_OF_CHEMOTAXIS",0.0758325090669304,0.390956308387501,0.0941329115999785,0.267561578304531,1.23929076681978,114,"S1pr1/Fpr2/Thbs1/Bmpr2/Ccl5/Tnfsf14/Vegfc/Smad3/Fgf2/Ccr1/Dnm1l/Vegfd/Usp14/Ccl7/Rac1/Mcu/Robo2/Jam3/Ppm1f/Tnfaip6/Il34/Wnk1/Il6ra/Hmgb1"
"GOBP_REGULATION_OF_GROWTH",0.0759162303664921,0.390956308387501,0.119145934080369,0.214774087070096,1.15303215455323,348,"Sgk1/Ccnb2/Ccnb1/Inhba/Ppp2ca/S100a8/Bmpr2/Map1b/Mtm1/Mtor/Smad4/Bcl2l11/Sash3/Tfrc/Clasp2/Fgf13/Creb1/Smad3/Ostn/Mt1/Ncbp1/Cdc73/Fgf2/Il17rb/Fhl1/Gpam/Tomm70a/Nipbl/Rps6ka3/Six4/Pum2/Supv3l1/Eif4g2/Cdkn1a/Pafah1b1/Akap6/Npy1r/Plaa/Pik3ca/Pappa2/Rab21/Rbpj/Gpr21/Naca/Arx/Try5/Gpat4/Capn3/Sertad2/Lin7a/Crabp2/L1cam/Exosc2/Mbd5/Ephx2/Igf2/Bcl6/Rtn4/Kat7/Ppm1f/Ttl/Srf/Hopx/Chpt1/Nrg1/Eppk1/Rerg/Ppara/Atrn/Lgi1/Rasgrp2/Csnk2a1/Tnfrsf12a/Mkks/Cacng7/Stat3/Tbx2/Nrcam/Dusp10/Yy1/Dip2b/Crkl/Sin3a/Gpc3/Adipor1/Cdc42/Yap1/Hlx/Prox1/Fstl4/Actn3/Cdk1/Lpar3/Meaf6/Sema4f/Epm2a/Bbs2/Crk/Rgs2/Osgin1/Ybx3"
"GOBP_CARTILAGE_DEVELOPMENT_INVOLVED_IN_ENDOCHONDRAL_BONE_MORPHOGENESIS",0.0759515275644308,0.390956308387501,0.0668907051006929,-0.503635269689832,-1.42038698494634,17,"Cbs/Serpinh1/Thbs3/Ghr/Shox2/Col1a1"
"GOBP_PHENOL_CONTAINING_COMPOUND_BIOSYNTHETIC_PROCESS",0.0760157273918742,0.390956308387501,0.0654401996471083,-0.452178018612529,-1.41033040235025,25,"Cited1/Kl/Gata3/Pah/Slc24a5/Tph2/Pmel/Aldh2/Pnmt/Ddc"
"GOBP_GLYCOLYTIC_PROCESS_THROUGH_FRUCTOSE_6_PHOSPHATE",0.0762299074525085,0.391398936583888,0.0803258897498862,0.465210631388946,1.42994261361112,18,"Slc4a1/Ppp2ca/Gck/Pfkfb1"
"GOBP_SPHINGOLIPID_BIOSYNTHETIC_PROCESS",0.0768655600418723,0.39285444894094,0.0620094437915393,-0.339915138319943,-1.32090943257966,73,"Fa2h/Degs2/Ormdl3/Elovl4/Ugt8a/Cers2/Asah2/Cerkl/Smpd2/Sptlc1/St6galnac5/Asah1/Ormdl2/Paqr4/B3galt2/Hacd1/Hacd4/Cers5/Elovl7/Mecr/Csnk1g2/Gba/A3galt2/P2rx1/B4galnt1"
"GOBP_PROTEIN_CATABOLIC_PROCESS_IN_THE_VACUOLE",0.0769621109607578,0.39285444894094,0.0661161203199431,-0.490772405470411,-1.41905348859595,19,"Ldlr/Ccdc115/Cln3/Grn/Lrp2/Slc17a9/Tmem199/Dpp7/Laptm4b/Gba/Mgat3"
"GOBP_SYNAPTIC_MEMBRANE_ADHESION",0.0769995032290114,0.39285444894094,0.0807267478771111,0.440562406091268,1.41070566337382,21,"Slitrk1/Slitrk5/Lrrc4b/Slitrk3/Lrrc4/Gpc4/Efna5"
"GOBP_REGULATION_OF_VIRAL_GENOME_REPLICATION",0.0770277626565052,0.39285444894094,0.0846140864395758,0.348952906049128,1.34648942541636,45,"Ccl5/Top2a/Ifitm1/Ifit1bl1/Cnot7/Stau1/Isg15/Mavs/N4bp1/Ifih1/Ppid/Oas1g/Tnf/Pkn2/Pde12/Hacd3/Zc3hav1/Prox1/Znfx1/Srpk1/Oas2/Ddx3x/Slpi/Ddx5"
"GOBP_ANTERIOR_POSTERIOR_AXIS_SPECIFICATION",0.0774242044600351,0.394218241042345,0.080861650980769,0.428277311626523,1.40882260411645,23,"Tbx6/Smad4/Pgap1/Rnf2/Srf/Nckap1/Prickle1/Gpc3"
"GOBP_VESICLE_TARGETING_TO_FROM_OR_WITHIN_GOLGI",0.0780336885527673,0.396660430164233,0.0661924422634488,-0.518437170586364,-1.41809545448291,15,"Tmed10/Tmed9/Trappc3/Preb/Trappc11"
"GOBP_D_GLUCOSE_IMPORT",0.0784469096671949,0.398098519988838,0.0632527426055139,-0.38704002576409,-1.36082238209137,44,"Drd1/Slc2a2/Slc27a4/Adipoq/C1qtnf12/Selenos/Zdhhc7/Slc2a9/Slc2a5/Pid1/Pea15a/Rnasel/Pik3r1"
"GOBP_NEUROTRANSMITTER_TRANSPORT",0.0787221905305191,0.398225305452846,0.0597150479010505,-0.307407385763417,-1.28927390864712,120,"Bglap3/Drd1/Ppfia2/Ica1/Kcnmb4/Sncg/Slc6a18/Unc13c/Slc1a1/Gabrq/Stxbp2/Unc13b/Slc6a13/Cdk5/Slc18a3/Osbpl2/Syn2/Cspg5/Cadps2/App/Slc6a12/Slc22a2/Slc38a1"
"GOBP_REGULATION_OF_T_HELPER_1_TYPE_IMMUNE_RESPONSE",0.0787325972155545,0.398225305452846,0.0784040413719235,0.478294410975001,1.42355205870382,16,"Tbx21/Tnfsf4/Il33/Il4ra/Il23r/Hlx/Il1b"
"GOBP_STEROL_TRANSPORT",0.0791322945310113,0.399263163467201,0.0617563057695609,-0.353473531090861,-1.33056719272536,61,"Adipoq/Ldlr/Npc2/Lcat/Cftr/Mapk3/Ces1d/Furin/Slc22a29/Comt/Osbpl2/Stard5/Vps51/Anxa2/Srebf2/Pltp/Naxe/Stard3nl/Gramd1c/Ptch1/Lamtor1/Syt7/Commd1"
"GOBP_PLATELET_DERIVED_GROWTH_FACTOR_RECEPTOR_SIGNALING_PATHWAY",0.0793186052701624,0.399263163467201,0.0823897152356557,0.374050520386863,1.36165941630988,35,"Zfand5/Txnip/Clasp2/Jak2/Itgb3/Tiparp/Cblb/Arid5b/Ptpn1/Pik3c2a/Csrnp1"
"GOBP_LYMPHOCYTE_MIGRATION",0.0795291415446454,0.399263163467201,0.0855536111942314,0.312797978376325,1.29971952124155,62,"S1pr1/Spn/Tbx21/Ccl5/2610528A11Rik/Tnfsf14/Itgal/Icam1/Itgb3"
"GOBP_NEGATIVE_REGULATION_OF_CELL_SUBSTRATE_ADHESION",0.0795791745346641,0.399263163467201,0.0828210936072908,0.371290686333333,1.36866749935252,37,"Thbs1/Clasp2/Phldb2/Acer2/Fzd4/Spry4/Bcl6/Ap1ar/Ptpn1/Dmtn/Angpt2"
"GOBP_CARTILAGE_DEVELOPMENT",0.0795912492803685,0.399263163467201,0.0596578256057473,-0.313431183822676,-1.29145120240427,104,"Cbs/Serpinh1/Sulf2/Col3a1/Thbs3/Ltbp3/Cytl1/Ddrgk1/Gata3/Ghr/Sfrp2/Mapk3/Msx1/Ogn/Matn3/Osr2/Shox2/Ext2/Col1a1/Gdf5/Loxl2/Snx19/Eif2ak3/Runx2/Ctsk/Adamts12/Ext1/Nfatc2"
"GOBP_PALLIUM_DEVELOPMENT",0.0800392028748775,0.400852073414345,0.0911296779883595,0.269489993741295,1.2416381452819,110,"Ccdc141/Phlpp2/Tacc2/Mcph1/Aspm/Slc38a2/Fgf13/Ccdc39/Kcna2/Large1/Bnip3/Pafah1b1/Arx/Rac1/Cdk6/Cntnap2/Fxr1/Rtn4/Gria1/Srf/Ogdh/Vps13b/Mkks/Foxp2/Crkl/Prox1/Bloc1s6/Wdr47/Ezh1/Atp2b4/Bbs2/Crk/Ncoa1/Atg16l1/Pomgnt1/Ezh2/Bax/Eif2b5/Slit2/Ywhae/Tsc1/Syne2/Ndel1"
"GOBP_POSITIVE_REGULATION_OF_VIRAL_GENOME_REPLICATION",0.080440097799511,0.402200488997555,0.0782805675040982,0.455178240426511,1.42062288501044,19,"Ccl5/Top2a/Ifit1bl1/Cnot7/Stau1/Ppid/Pkn2/Pde12/Hacd3/Srpk1/Ddx3x"
"GOBP_GLYCOSYL_COMPOUND_METABOLIC_PROCESS",0.0807483210745123,0.402293825402109,0.0625897727442784,-0.399140748880523,-1.36076999289434,38,"Trmt12/Upp2/Akr1c18/Slc34a1/Tymp/Akr1a1/Naga/Lcmt2/Dguok/Dpyd/2210016F16Rik/Fuca1/Gba/Pnp2"
"GOBP_POSITIVE_REGULATION_OF_TRANSCRIPTION_BY_RNA_POLYMERASE_III",0.0807839388145316,0.402293825402109,0.0771938352436617,0.485863228456275,1.42798460077649,15,"Inhba/Mtor/Dek/Ice2/Smarca5"
"GOBP_EPHRIN_RECEPTOR_SIGNALING_PATHWAY",0.0808538163001294,0.402293825402109,0.062918812636024,-0.423435273026698,-1.38170137166564,31,"Epha7/Anks1b/Efnb3/Efna1/Sipa1l1/Arhgef28/Mmp2/Ephb2/Ephb1/Fyn/Cdk5r1/Epha1/Efna3/Chn1/Nck2/Ntrk3"
"GOBP_ACYL_COA_METABOLIC_PROCESS",0.0812753985620506,0.403462510980792,0.0616308146670763,-0.365153926678116,-1.33941438198327,54,"Far2/Hmgcs1/Acsl5/Aass/Fasn/Acsm3/Elovl4/Acsm2/Acot12/Hsd17b12/Mvd"
"GOBP_PROTEASOME_MEDIATED_UBIQUITIN_DEPENDENT_PROTEIN_CATABOLIC_PROCESS",0.0813528336380256,0.403462510980792,0.10732131625112,0.224533520425535,1.16521206389643,258,"Cul2/Pbk/Spsb1/Tbx21/Klhl28/Ube2n/Spopl/Mtm1/Asb1/Nemf/Dtl/Klhl7/Xpo1/Rnf122/Nccrp1/Wac/Ltn1/Il33/Kbtbd8/Cul5/Ube2b/Kcmf1/Rnf139/Bag2/Apc/Plaa/Usp14/Kbtbd2/Trib2/Ubr3/Fem1c/Ivns1abp/Rmnd5a/Psmb8/Ube2d3/Csnk1a1/Ercc8/N4bp1/Sh3rf2/Ccnf/Wdr26/Klhl23/Sh3rf1/Ascc3/Cul1/Sumo1/Smurf2/Ppp2r5c/Kbtbd7/Rybp/Csnk2a1/Klhl4/Cdk2/Peli1/Kctd5/Prickle1/Huwe1/Spop/Anapc10/Det1/Psmc2/Trip12/Ube2cbp/Ogt/Dcaf13/Socs4/Klhl15/Rnf145/Klhl21/Fbxo31/Epm2a/Cdc27/Fem1a/Spsb4/Fbxo6/Clock/Klhl20/Cdc20/Psmb9/Psmd1"
"GOBP_MULTICELLULAR_ORGANISM_GROWTH",0.081765087605451,0.404849825988092,0.0898202850323628,0.274503965866486,1.24914020923128,102,"Slitrk1/Klf2/Zfx/Mtor/Vps13a/Atrx/Garem1/Creb1/Large1/Gpam/Gpd2/Nipbl/Sos1/Npy1r/Pik3ca/Arid5b/Gpr21/Gpat4/Mbd5/Igf2/Coa5/Ctc1/Slc25a25/Atrn/Heg1/Vps13b/Mkks/Stat3/Tal2/Ercc6/Rbbp6/Prickle1/Apba2"
"GOBP_MOTILE_CILIUM_ASSEMBLY",0.0821633694958519,0.40616358221655,0.061945887634562,-0.394663711260627,-1.35995563479912,40,"Spag16/Ift81/Cfap206/Cep131/Ttc12/Cc2d2a/Rsph9/Poc1b/Iqcg/Drc1/Ccdc146/Bbs4/Dnaaf3/Yif1b/Ttll5/Cfap54"
"GOBP_CELLULAR_RESPONSE_TO_DEXAMETHASONE_STIMULUS",0.0827902486121168,0.408475046302257,0.0766084781008854,0.467980317619207,1.41806997210099,17,"Fech/Eif4e/Bmi1/Jak2/Ddit4/Atp5a1"
"GOBP_NUCLEOSIDE_DIPHOSPHATE_METABOLIC_PROCESS",0.0828983727356463,0.408475046302257,0.0866887573078026,0.292779893784921,1.2687595891565,79,"Gapdh/Slc4a1/Ppp2ca/Mtor/Tigar/Prkaa2/Ucp2/Pklr/Rrm2/Prkaa1/Gck/Pfkfb1/Hdac4/Cmpk2/Lipa/Ddit4/Rrm2b"
"GOBP_POSITIVE_REGULATION_OF_TUMOR_NECROSIS_FACTOR_SUPERFAMILY_CYTOKINE_PRODUCTION",0.0834767641996558,0.410119022662844,0.0834065212039972,0.313846002642557,1.29430509437897,60,"Thbs1/Spn/Sash3/Jak2/Il33/Cd36/Mavs/Myd88/Dhx9/Ifih1/Oas1g/Hmgb1/Cybb/Stat3/Arfgef2/Ptprc/Nrd1/Lpl/Hdac2/Tnfrsf8/Plcg2/Oas2/Btk"
"GOBP_FEMALE_MEIOTIC_NUCLEAR_DIVISION",0.0835005015045135,0.410119022662844,0.0777921919210674,0.415674837263453,1.38631760077873,24,"Ccnb2/Ncaph/Top2a/Fbxo5/Mastl/Ereg/Hsf2bp"
"GOBP_OVULATION_CYCLE_PROCESS",0.0842445328031809,0.413109225864715,0.0770757391871296,0.426806839531926,1.38603022532361,22,"Bmpr1b/Inhba/Ereg/Robo2/Fzd4/Tnfaip6/Casp2/Mmp19/Zfp830/Plekha1/Slit2/Notch4"
"GOBP_RNA_SURVEILLANCE",0.0847917180182401,0.415034719834995,0.0764929249833112,0.443165938121222,1.39884873605105,20,"Ppp2ca/Ints8/Supv3l1/Exosc2/Wdr82/Xrn1/Exosc8/Dxo"
"GOBP_REGULATION_OF_VIRAL_ENTRY_INTO_HOST_CELL",0.0849089034032313,0.415034719834995,0.0633201262592919,-0.513226363352394,-1.40384219011083,15,"P4hb/Lgals1/Furin/H2-Eb1/Cd74"
"GOBP_SKELETAL_MUSCLE_TISSUE_REGENERATION",0.0851916812828865,0.415751735334214,0.0769581592091491,0.42233766760822,1.38928408426908,23,"Myf6/Kpna1/Large1/Naca/Capn3/Hopx/Ppp3ca/Xirp1/Ptgfrn"
"GOBP_ALCOHOL_BIOSYNTHETIC_PROCESS",0.0856550088915234,0.417057166182762,0.0582749924019855,-0.326093905853719,-1.29334602882192,83,"Insig1/Dhcr24/Hmgcs1/Hmgcr/Dhcr7/Asah2/Cftr/Ces1d/Pts/Ebp/Mvd/Tm7sf2/Sptlc1/Ptafr/Asah1/Dhdds/Srebf2/Fdps/Msmo1/Gba/Adcyap1r1/Acly"
"GOBP_IMMUNE_SYSTEM_DEVELOPMENT",0.0857891290111329,0.417057166182762,0.0880409553363699,0.266614518271337,1.22979443845658,111,"Ccnb2/Tbx21/Bcl2l11/Atad5/Mafb/Tfrc/Rif1/Tnfsf4/Smad3/H2-Q7/Rnf168/Six4/Zbtb1/Hmgb2/Cblb/Rorc/Lipa/Tnfaip3/Irak3/Bcl11b/Bcl6/Map2k1/Coa5/Srf/Ctc1/Hmgb1/Ung/Lmo4/Ptprc/Yy1/Lig4/Crkl"
"GOBP_DICARBOXYLIC_ACID_TRANSPORT",0.0858687258687259,0.417057166182762,0.0594870687313202,-0.355445881418905,-1.32297983009676,58,"Folr1/Adora1/Slc25a10/Slc1a1/Lrrc8d/Slc22a6/Praf2/Lrp2/Abat/Slc13a3/Slc1a4/Slc13a2/Slc7a13"
"GOBP_RESPONSE_TO_OSMOTIC_STRESS",0.0860366713681241,0.417209573062888,0.0814078219628671,0.31832517959104,1.29999644288798,57,"Tsc22d3/Atf2/Mtor/Vps13a/Ptgs2/Usp15/Tsc22d2/Cab39/Pappa2/Rac1/Kcnma1/Capn3/Slc4a11/Scn7a/Wnk1/Map2k7/Tnf/Nfat5"
"GOBP_POSITIVE_REGULATION_OF_BLOOD_PRESSURE",0.0863297150610583,0.417967162458848,0.0623299809682921,-0.493390097513902,-1.41060033420952,18,"Adora1/Manf/Oxtr/Ace/Id2"
"GOBP_CARDIAC_MUSCLE_TISSUE_DEVELOPMENT",0.0866526904262753,0.418867039956125,0.0905617673660515,0.255656760292032,1.21788019752302,134,"S1pr1/Ccnb1/Bmpr2/Mtor/Smad4/Ttn/Creb1/Sgcb/Large1/Fgf2/Tomm70a/Eng/Neb/Akap6/Rbpj/Adprhl1/Adamts9/Bves/Ryr2/Srf/Hopx/Csrp3/Gjb6/Nrg1/Actn2/Med1/Ppara/Heg1/Kcnj11/Tbx2/Ankrd1/Yy1/Sgcg/Prickle1/Cacybp/Sox6/Sik1/Cdc42/Alpk3/Yap1/Grem1/Prox1/Prkar1a/Cdk1/Nox4/Bmp2"
"GOBP_PROTEIN_LOCALIZATION_TO_CHROMATIN",0.0874217118997912,0.420404383693965,0.0775512583160702,0.383419863564755,1.35095040517205,30,"Tonsl/Esco2/Vcpip1/Ints8/Vrk1/Pphln1/Nipbl/Mrnip/Spin1/Mms22l/Rad21"
"GOBP_RESPONSE_TO_MUSCLE_ACTIVITY",0.0874467551991982,0.420404383693965,0.0759225511621017,0.42065102339354,1.38373585084593,23,"Ppargc1a/Prkaa2/Slc38a2/Adsl/Capn3/Atp5a1/Perm1/Ryr2"
"GOBP_PROTEOGLYCAN_METABOLIC_PROCESS",0.0874600030473869,0.420404383693965,0.0584902753594963,-0.343073875049168,-1.30628852995852,66,"Sulf2/Cytl1/Hexb/St3gal4/Ust/Pxylp1/Gusb/Chpf2/Hexa/Tcf7l2/Ext2/Sgsh/B4galt7/Hs3st6/Chst12/Chpf/Slc2a10/Ednra/Adamts12/Ext1/Hyal1/Chst14/B3gat3"
"GOBP_POSITIVE_REGULATION_OF_MONONUCLEAR_CELL_MIGRATION",0.0875211744776962,0.420404383693965,0.0807267478771111,0.318457309498558,1.2918341931754,56,"Fpr2/Thbs1/Spn/Ccl5/Tnfsf14/Itgb3/Ccr1/Ccl7/Jam3/Rtn4/Coro1a/Il34/Wnk1/Tnf/Hmgb1"
"GOBP_PROTEIN_TARGETING_TO_MITOCHONDRION",0.0876736111111111,0.42047548185941,0.0816849181752493,0.310491443722263,1.28411246057282,61,"Gdap1/Timm21/Npepps/Prkaa1/Tomm70a/Tomm40l/Sh3glb1/Sae1/Grpel2/Ube2d3/Mff/Hspa4/Pmpca/Dnlz/Pink1/Huwe1"
"GOBP_RESPONSE_TO_DEXAMETHASONE",0.0880140421263791,0.421347930390669,0.0756977855210356,0.412602729167853,1.37607180973575,24,"Ucp2/Fech/Eif4e/Bmi1/Jak2/Pik3ca/Ddit4/Atp5a1"
"GOBP_ENERGY_RESERVE_METABOLIC_PROCESS",0.0882857142857143,0.421347930390669,0.080861650980769,0.312305850972462,1.28358352410892,59,"Rb1cc1/Phka2/Ppp1cb/Mtor/Atg2b/Ugp2/Gck/Dyrk2/Phka1/Ppp1r1a/Phkb/Ppp1r2/Ppp1r3f/Gyg/Igf2/Agl/Khk/Gbe1/Hmgb1"
"GOBP_NUCLEAR_TRANSCRIBED_MRNA_POLY_A_TAIL_SHORTENING",0.0883417813178856,0.421347930390669,0.0740705739921771,0.463768724509357,1.40530803853471,17,"Cnot6l/Cnot11/Cnot9/Cnot7/Ago2/Samd4/Tnrc6b"
"GOBP_REGULATION_OF_POSTSYNAPTIC_NEUROTRANSMITTER_RECEPTOR_INTERNALIZATION",0.0884072089624939,0.421347930390669,0.0743880192035108,0.456285471702614,1.40250887648721,18,"Arc/Itgb3/Cblb/Numb/Atad1/Ppp3r1/Nrg1/Usp32"
"GOBP_TERPENOID_METABOLIC_PROCESS",0.0887517797816801,0.422331288524973,0.0592054667890258,-0.370937489221908,-1.33224327364811,49,"Awat2/Hmgcs1/Dhrs7/Rbp4/Ldlr/Pecr/Lrp2/Akr1c18/Rdh11/Rbp1/Aldh3a2/Dhrs3/Scpep1/Aldh8a1/Fdps/Cyp2e1"
"GOBP_RESPONSE_TO_RADIATION",0.0892226148409894,0.422540318941954,0.100604308574775,0.225533909016141,1.16563465170426,245,"Rhob/Rad1/Fignl1/Vcam1/Pbk/Eif2s1/Kcnc1/Ppp1cb/Topbp1/Lcn2/Mapk10/Fen1/Tigar/Lzic/Dtl/Ect2/Itgb6/Rev1/Fech/Creb1/Zranb3/Large1/Top1/Prkaa1/Eya1/Nipbl/Rnf168/Abraxas1/Zbtb1/Ube2b/Best1/Thbd/Hus1/Cdkn1a/Nmt2/Mapk8/Rad54b/Ccl7/Ccdc66/Mrnip/Slc1a3/Per1/Noc2l/Ercc8/N4bp1/Xrcc5/Ppid/Cops3/Rp1/Opn1mw/Nucks1/Map2k7"
"GOBP_AXON_ENSHEATHMENT_IN_CENTRAL_NERVOUS_SYSTEM",0.089273474982865,0.422540318941954,0.0615683355795463,-0.503477786950981,-1.4000483170818,16,"Fa2h/Cntn2/Sox10"
"GOBP_POSITIVE_REGULATION_OF_CELL_CYCLE_G2_M_PHASE_TRANSITION",0.0893072652667149,0.422540318941954,0.0736532668184816,0.463074902807737,1.40320562592457,17,"Ccnb1/Atad5/Dtl/Fbxo5/Rrm2b/Cdc25c/Sin3a/Cdk1"
"GOBP_NEURAL_NUCLEUS_DEVELOPMENT",0.0893489512394443,0.422540318941954,0.0784040413719235,0.339490330089501,1.31898354513552,46,"Rad1/Kcnc1/Atf2/Plp1/Large1/Fgf2/Arx/Ndrg2/Aldh1a3/Ttbk1/Foxp2/Cdc42/Gnb4/Sypl2/Maob/Nfib/Ccdc14/Ldha/Kcnc2/Ywhae"
"GOBP_MAGNESIUM_ION_TRANSPORT",0.0896271510516252,0.42320084461007,0.0731409447045026,0.477829233193848,1.40437215009997,15,"Mrs2/Zdhhc13/Kcnj2/Nipal4/Mmgt1/Slc41a1"
"GOBP_SUBPALLIUM_DEVELOPMENT",0.0898684851436922,0.423685527953672,0.0737569644215925,0.45480159649658,1.39794781049426,18,"Inhba/Slitrk5/Cntnap2/Bcl11b/Aldh1a3/Ogdh/Shank3/Mkks/Slc7a11/Foxp2"
"GOBP_MITOTIC_RECOMBINATION",0.0904123199205166,0.425092764378479,0.074281773080044,0.43102410929146,1.38016349924818,21,"Gen1/Mre11a/Ankle1/Rad54b/Smc5/Smc6"
"GOBP_POSITIVE_REGULATION_OF_CYTOKINE_PRODUCTION",0.0904452690166976,0.425092764378479,0.102435227350191,0.221801853166824,1.15639354598629,272,"Gapdh/Kpna2/Adora2b/Fgr/Camp/Thbs1/Cyp1b1/Rock2/Spn/Tbx21/Atf2/Adcyap1/Sash3/Ptgs2/Gbp5/Tnfsf4/Trim16/Dhx58/Creb1/G3bp1/Smad3/Il17rb/H2-Q7/Pde4b/Tomm70a/Jak2/Il33/Cd36/Hmgb2/Il4ra/Ereg/Cd55/Appl1/Irak3/Isg15/Mavs/Myd88/Pla2r1/Cebpg/Rtn4/Dhx9/Ifih1/Stat1/Tbk1/Opa1/Oas1g/Il6ra/Panx1/Tnf/Hmgb1/Pibf1/Heg1/Rad21/Il23r/Cybb/Nmbr/Stat3/Arfgef2/Ccdc88b/Peli1/Ptprc/Nrd1"
"GOBP_DIOL_METABOLIC_PROCESS",0.0906671102977874,0.425116672261833,0.0601199218047462,-0.453979860800071,-1.38157145258395,23,"Degs2/Asah2/Pts/Lrp2/Sptlc1/Asah1/Gba/Nos3/Sptssa/Spr/Sptlc3/Abca2/Qdpr"
"GOBP_RESPONSE_TO_ACTIVITY",0.0907286645874681,0.425116672261833,0.0794123736887832,0.313575937052091,1.2849338427536,58,"Ppargc1a/Ucp3/Prkaa2/Hadh/Slc38a2/Bglap/Creb1/Prkaa1/Itgb3/Cab39/Pik3ca/Adsl/Capn3/Atp5a1/Perm1/Ryr2/Abcc9/Uqcrc1/Slc25a25/Tnf/Gclm/Bglap2/Angpt2/Alad/Bloc1s6"
"GOBP_MITOTIC_METAPHASE_CHROMOSOME_ALIGNMENT",0.0914716168953457,0.426495554108064,0.0769581592091491,0.351085998191178,1.32422762602357,41,"Ccnb1/Nuf2/Cep55/Kif18a/Cdca8/Ccdc66/Rrs1/Pibf1/Pdcd6ip/Chmp2b/Chmp7/Cdk1/Chmp1b/Kif22/Kpnb1/Kif2c"
"GOBP_RESPONSE_TO_PROTOZOAN",0.091479604151581,0.426495554108064,0.0727383231489883,0.462195622234397,1.40054123742112,17,"Spn/Gbp2/Il4ra/Myd88/Gbp9/Gbp4/Ccdc88b/Lyst/Bpgm"
"GOBP_REGULATION_OF_GLIOGENESIS",0.091640866873065,0.426495554108064,0.0575384272415454,-0.357054040292272,-1.32190175810971,56,"Nr1d1/Ldlr/Ntn1/Cers2/Sox10/Sirt2/Lrp2/Hes1/Tmem98/Id2/Egr2/Rnf112/Sox11/Slc7a5/Dab1/Gfap"
"GOBP_LIGAND_GATED_ION_CHANNEL_SIGNALING_PATHWAY",0.0916626036079961,0.426495554108064,0.0590382721694151,-0.432909369714173,-1.37535313170461,27,"Gria4/Ffar2/Grin3a/Cln3/Grik4/App/Chrm3/Chrna7/Grin3b/Grin1/Grik2/Dlg4/Cdk5r1/Grin2a/Ptk2b"
"GOBP_CARDIAC_ATRIUM_DEVELOPMENT",0.0917209751387883,0.426495554108064,0.0726386507219513,0.461966904491414,1.39984817886459,17,"Bmpr2/Eng/Sos1/Mdm4/Heg1/Nphp3/Prox1/Bmp2/Ank2"
"GOBP_POSITIVE_REGULATION_OF_CELL_DIFFERENTIATION",0.0919842312746386,0.427069645203679,0.121293105191013,0.203205675408753,1.12203386270893,476,"Slitrk1/Bmpr1b/Tnfsf11/Inhba/Sox5/Kitl/Nr6a1/Bmpr2/Map1b/Mtor/Smad4/Sash3/Noct/Tnfsf14/Ahi1/Myf6/Ptgs2/Tnfsf4/Aspm/Ect2/Asb4/Trim16/Vegfc/Fbxo5/Creb1/Smad3/Rcor1/Gdnf/Socs3/Myf5/Ifitm1/Fgf2/H2-Q7/Jak2/Ccr1/Cd36/Rps6ka3/Zbtb1/Eng/Hmgb2/Il4ra/Pafah1b1/Akap6/Rab21/Abcb10/Npnt/Itpka/Acvr2a/Amigo1/Robo2/Trp63/Numb/Isg15/Fzd4/Crabp2/L1cam/Fxr1/Klf10/Pbrm1/Adamts9/Wif1/Bcl6/Cbfb/Neurl1a/Kat7/Xrcc5/Map2k1/Stat1/Srf/Hopx/Csrp3/Ipo7/Il34/Nrg1/Ppp3ca/Fzd3/Opa1/Med1/Vstm2a/Il6ra/Camk2b/Tnf/Etv5/Hmgb1/Rassf10/Nin/Il23r/Tnfrsf12a/Asxl2/Shank3/Mecp2/Stat3/Nrcam/Ttbk1/Stau2/Ptprc/Dusp10/Nrd1/Pla2g10/Tent5a/Rfx3/Smyd1/Lig4/Il6st/Sin3a/Ppargc1b/Sox6/Yap1/Hlx/Slc30a1/Tbx1/Prox1/Bloc1s6/Lpl/Cdh5/Cldn5/Actn3/Casp8/Napepld/Hdac2/Lpar3/Bmp2/Kdr/Slc9b2/Ddr2/Bnip2/Bloc1s5/Heyl/Pwp1/Ptprz1/Pou4f1/Ncoa1/Acvr2b/Tgif2/Il1b/Rb1/Skil/Braf/Efna5/Btk/Sp7/Msx2/Btc/Ezh2/Slit2/Rag1/Snai2/Traf6/Adra2c/Gdf6/Dicer1/Macf1/Serpinb3d/Notch4/Pla2g3/Mme/Mdm2/Il15/Tiam1/Ppard/Fndc5/Caprin2/Spi1/Klf5/Ada/Rara/Prkci/Robo1/Vezf1/Lama2"
"GOBP_LEUKOCYTE_TETHERING_OR_ROLLING",0.0924205378973105,0.427847671657668,0.0728383861629769,0.445515994085632,1.39046676801416,19,"Vcam1/Spn/Fut9/Sele/Rock1/Selp"
"GOBP_TETRAPYRROLE_BIOSYNTHETIC_PROCESS",0.0926477893691008,0.427847671657668,0.0733446513857948,0.429814263887829,1.37628950605423,21,"Fech/Alas2/Cpox/Abcb10/Sucla2/Alad/Ireb2"
"GOBP_SCHWANN_CELL_DIFFERENTIATION",0.0928066795118818,0.427847671657668,0.0582749924019855,-0.404609676392508,-1.35129955517606,34,"Fa2h/Arhgef10/Nab2/Mapk3/Sirt2/Cdk5/Egr2/Ndrg1"
"GOBP_REGULATION_OF_RECEPTOR_INTERNALIZATION",0.092814371257485,0.427847671657668,0.0768410915258218,0.340702766006662,1.31465496829389,45,"Sele/Arc/Ahi1/Sh3gl2/Mkln1/Itgb3/Apln/Cblb/Magi2/Numb/Atad1/Ppp3r1/Nrg1/Usp32"
"GOBP_SENSORY_PERCEPTION_OF_PAIN",0.0928742994395516,0.427847671657668,0.0581681707411765,-0.401429496231766,-1.34800080141128,35,"Adora1/Nipsnap1/Mapk3/Chrnb2/Pomk/Cdk5/Comt/Lxn/Ephb1/P2rx4/Ano1/Fyn/Grin2a/Trpv1/P2rx7/Penk/Nlgn2/Grm1"
"GOBP_SECRETION_BY_TISSUE",0.0929961736815838,0.427847671657668,0.0593176626465992,-0.451833217541263,-1.37503869353154,23,"Adora1/Agr2/Stk39/Kcnn4/Chrm3/Vamp8/Nkx2-3/Copa/Ano1"
"GOBP_REGULATION_OF_NEUTROPHIL_CHEMOTAXIS",0.0934105720492397,0.427847671657668,0.0719516678892624,0.460454036635031,1.39526389957309,17,"Dnm1l/Rac1/Mcu/Jam3/Tnfaip6/Mospd2/Slit2/Perp/Rac2"
"GOBP_POSITIVE_REGULATION_OF_INTERLEUKIN_10_PRODUCTION",0.0934187823514912,0.427847671657668,0.0727383231489883,0.435008408607037,1.37309957784951,20,"Sash3/Tnfsf4/Isg15/Hmgb1/Pibf1/Rad21/Stat3/Cd274/Plcg2"
"GOBP_ESTABLISHMENT_OF_RNA_LOCALIZATION",0.0937597019559143,0.427847671657668,0.0818244882946139,0.278952894773743,1.23626029865128,88,"Sarnp/Ahctf1/Rbfox1/Arc/Xpo1/Eif4e/Ncbp1/Parp11/Ckap5/Agfg1/Nup54/Iws1/Fxr1/Dhx9/Wnk1/Nup43/Cpsf6/Senp2/Chtop/Thoc1/Ythdc1/Nup188/Smg5/Snupn/Nup107/Rbm15b/Thoc7/Srsf7/Thoc2/Kpnb1/Sidt2/Ncbp3/Zc3h11a/Nup93/Atr/Peg10/Nup37"
"GOBP_POSITIVE_REGULATION_OF_RNA_SPLICING",0.0937662337662338,0.427847671657668,0.0746018195047473,0.39166457311861,1.35371676223328,28,"Slc38a2/Rbmxl1/Setx/Ncbp1/Celf3/Hnrnpll/Tra2a/Rbm20/Rbm22/Dyrk1a/Habp4"
"GOBP_REGULATION_OF_GLUCONEOGENESIS",0.0939379164635137,0.427847671657668,0.0582749924019855,-0.431855847773581,-1.3720060923433,27,"Fbp1/Adipoq/Nnmt/C1qtnf3/C1qtnf12/Selenos/Tcf7l2/Sirt7"
"GOBP_POSITIVE_REGULATION_OF_TRANSLATION",0.0940701645451723,0.427847671657668,0.0816849181752493,0.278744038746961,1.23533469286305,88,"Thbs1/Ythdf3/Ccl5/Mtor/Zcchc4/Larp4b/Csde1/Jmjd4/Larp4/Fxr1/Ago2/Rbms3/Elavl1/Dhx9/Eif5a2/Samd4/Tnf/Trmt10c/Pink1/Ythdf2/Habp4/Uhmk1/Ogt/Otud6b/Ybx3/Eif2b5/Ddx3x/Erbb2/Cpeb3/Cdk5rap1/Cnbp/Mettl14/Rps6kb2/Eif6/Pkm/Akt2/Hnrnpd/Rcc1l/Fastkd3/Paip1/Hnrnpu/Trub2"
"GOBP_PROTEINOGENIC_AMINO_ACID_BIOSYNTHETIC_PROCESS",0.0941118903930843,0.427847671657668,0.0583286073011755,-0.435840317961799,-1.3710546535927,26,"Asns/Pycr1/Aldh18a1/Pah/Phgdh/Cln3/Ass1/Oat/Asl"
"GOBP_LONG_TERM_MEMORY",0.0941381023348236,0.427847671657668,0.0727383231489883,0.429162975180202,1.37420404289251,21,"Sgk1/Lcn2/Arc/Slc17a7/Gria1/Srf/Chst10/Mecp2/Slc2a4"
"GOBP_CARBOHYDRATE_TRANSPORT",0.0942525312686123,0.427847671657668,0.0555209399162646,-0.328956378960682,-1.28871194192103,77,"Drd1/Slc2a2/Selenon/Slc27a4/Adipoq/Slc5a10/C1qtnf12/Selenos/Zdhhc7/C3/Slc2a9/Ffar4/Slc2a5/Pid1/Trib3/Pea15a/Rnasel/Pik3r1/Slc2a10/Ednra/Slc5a9/Sort1/Mfsd2a"
"GOBP_REGULATION_OF_GLUCOSE_METABOLIC_PROCESS",0.0945793337097685,0.428694160954514,0.0775512583160702,0.31628559640052,1.28302455636025,56,"Pdk4/Ppargc1a/Mlycd/Tigar/Pmaip1/Ppp4r3a/Gck/Dyrk2/Phka1/Rorc/Pdk1/Igf2/Foxk2/Sdhaf3/Ppara/Hmgb1/Wdr5/Sik1/Adipor1/Ogt/Actn3/Pdk2"
"GOBP_LACTATION",0.0953473132372215,0.43115751894346,0.0580618893746958,-0.439119277770251,-1.36960056041148,25,"Csn3/Cdo1/Socs2/Oxtr/Xbp1"
"GOBP_T_CELL_ACTIVATION_INVOLVED_IN_IMMUNE_RESPONSE",0.0954715892702625,0.43115751894346,0.0780352840716953,0.304198057861521,1.2675472754716,63,"Spn/Tbx21/Mtor/Tnfsf4/Socs3/Itgal/Icam1/Il4ra/Rorc/Bcl6/Tbk1/Opa1/Il6ra/Hmgb1/Il23r/Stat3/Fgl2/Il6st/Clec4d/Hlx"
"GOBP_CARDIOCYTE_DIFFERENTIATION",0.0955746773202213,0.43115751894346,0.0805924900764779,0.281882599857005,1.23544349265744,83,"Ccnb1/Vcam1/Inhba/Mtor/Smad4/Ttn/Sgcb/Large1/Tomm70a/Eng/Neb/Akap6/Rbpj/Adprhl1/Bves/Srf/Csrp3/Nrg1/Actn2/Ppara/Tbx2/Yy1/Prickle1/Cacybp/Sox6/Sik1/Cdc42/Alpk3/Grem1/Prox1/Cdk1/Nox4/Bmp2/Rgs2"
"GOBP_NEGATIVE_REGULATION_OF_TRANSCRIPTION_BY_RNA_POLYMERASE_II",0.0956873315363881,0.43115751894346,0.120420653167431,0.201659908629506,1.1162173346822,488,"Pcgf6/Tbx6/Uhrf1/Klf2/Sarnp/Tnfsf11/E2f8/Thap1/Tbx21/Nr6a1/Phf6/Nfil3/Atf2/Zbtb6/Smad4/Dr1/Tbx15/Mier3/Strn3/Nfkbia/Mafb/Mcph1/Rif1/Tnfsf4/Mitf/Fzd6/Txnip/Zfp131/Xpo1/E2f6/Zmym5/Smad3/Zbtb26/Cdc73/Purb/Bmi1/Mier1/Nipbl/Il33/Cd36/Zbtb1/Eng/Hmgb2/Fosb/Mxd1/Hdac4/Yeats2/Rorc/Rnf2/Eed/Rbpj/Arid5b/Zbtb33/Ywhaz/Naca/Arx/Per1/Rlim/Cdk6/Trp63/Gatad2b/Noc2l/Ube2d3/Klf10/Igf2/Bcl6/Cbfb/Nr4a2/Mdm4/Stat1/Ppid/Maff/Hopx/Med1/Gabpa/Foxk2/Id1/Ppara/Rtf1/Smurf2/Tnf/Etv5/Hmgb1/Rybp/Ednrb/Sall4/Brms1l/Mecp2/Cdk2/Stat3/Tbx2/Lmo4/Ankrd1/Ptprc/Yy1/Pla2g10/Foxp2/Dnajb4/Zbtb37/Sap30/Bach1/Zhx1/Wdr5/Fnip2/Sin3a/Mxd3/Zfp366/Sik1/Yap1/Ppm1a/Prox1/Barx2/Ogt/Ikzf5/Arid4b/Nedd4/Irf2bpl/Zgpat/Snca/Hdac2/Ctbp1"
"GOBP_POSITIVE_REGULATION_OF_TYPE_I_INTERFERON_MEDIATED_SIGNALING_PATHWAY",0.0960811275352355,0.432294321973703,0.0593176626465992,-0.505308625213128,-1.38218458316807,15,"Trim41/Usp29/Rbm47/Irf7/Rnf185"
"GOBP_RESPONSE_TO_CALCIUM_ION",0.0964749536178108,0.433188520850176,0.0804588724057859,0.279605198812412,1.23594199693455,86,"Thbs1/Carf/Prkaa2/Ect2/Ttn/Txnip/Cpne3/Prkaa1/Homer1/Kcnq3/Fosb/mt-Cytb/Kcnma1/Itpka/Capn3/Slc25a12/Cpne8/Alox15/Ryr2/Ppp3ca/Abcc9"
"GOBP_REGULATION_OF_MYELOID_LEUKOCYTE_MEDIATED_IMMUNITY",0.0966196433324461,0.433188520850176,0.0743880192035108,0.364215639829897,1.3258574136691,35,"Adora2b/Fgr/Cd177/Il4ra/Itgam/Dnase1l3/Mavs"
"GOBP_MITOCHONDRIAL_RESPIRATORY_CHAIN_COMPLEX_ASSEMBLY",0.0968115942028985,0.433188520850176,0.0776714573195423,0.303031936416889,1.26617503520963,64,"mt-Nd6/Ndufaf6/Atpaf1/mt-Nd5/Timm21/mt-Nd2/mt-Nd4/Lyrm7/mt-Nd1/Ttc19/Tmem70/Coa5/Sdhaf2/Sdhaf3/Ndufs2/Oxa1l/Tfam/Uqcrfs1/Ndufaf1"
"GOBP_CELL_MIGRATION_INVOLVED_IN_SPROUTING_ANGIOGENESIS",0.0968516542155816,0.433188520850176,0.0743880192035108,0.356168057968875,1.3222914252233,38,"Thbs1/Ptgs2/Fgf2/Akt3/Srf/Pik3c2a/Jcad/Grem1/Cdh5/Kdr/Rhoj/Slit2/Mmrn1/Itgb1bp1/Pdcd10"
"GOBP_POSITIVE_REGULATION_OF_SIGNAL_TRANSDUCTION_BY_P53_CLASS_MEDIATOR",0.0969888537680918,0.433188520850176,0.058008949856548,-0.449531482530903,-1.36803395244871,23,"Cdk5rap3/Ppp1r15a/Msx1/Ubb/Rpl11/Rps15/Rpl37/Pml/Hic1/Dvl2/Hexim1"
"GOBP_EXTRINSIC_APOPTOTIC_SIGNALING_PATHWAY",0.0973011363636364,0.433948863636364,0.086034814321778,0.249169567073022,1.20118840444893,147,"Bmpr1b/Thbs1/Tnfsf11/Mcl1/Inhba/Rb1cc1/Kitl/Lcn2/Smad4/Bcl2l11/Tnfsf14/Pmaip1/Tnfsf10/Smad3/Gdnf/Eya1/Icam1/Jak2/Il33/Hmgb2/Stradb/Tnfaip3/Tnfrsf10b/Nrg1/Sh3rf1/Tnfsf12/Il6ra/Tnf/Tnfrsf12a/Tnfrsf1a/Mllt11/Gclm/Scg2/Casp2/Deptor/Ptprc/Bok/Birc6/Yap1"
"GOBP_NEGATIVE_REGULATION_OF_CELL_MATRIX_ADHESION",0.0979125248508946,0.436039013731025,0.0712828552644706,0.418588755946421,1.35934247998139,22,"Thbs1/Clasp2/Phldb2/Acer2/Bcl6"
"GOBP_RESPONSE_TO_PROSTAGLANDIN_E",0.0984793627805938,0.437924968405697,0.0699966062484901,0.458322687947202,1.38880550493448,17,"Prkaa2/Tnfsf4/Prkaa1/Gnrh1"
"GOBP_ANTIGEN_PROCESSING_AND_PRESENTATION_OF_EXOGENOUS_ANTIGEN",0.0990050562714076,0.439622742600509,0.0567771390242865,-0.433143607020155,-1.362571413439,26,"Cd1d1/H2-M3/H2-DMa/Ctsl/H2-Eb1/Cd74/Ap3d1/Ctsd/Ctss/Mfsd6/Unc93b1/Dnm2/Fcgr1"
"GOBP_PLATELET_DENSE_GRANULE_ORGANIZATION",0.0991749742179443,0.439738093230508,0.0583286073011755,-0.502763443432919,-1.37522267742882,15,"Hps1/Ap1s1/Ap3m1/Ap3d1/Ap3s1/Bloc1s3"
"GOBP_SEXUAL_REPRODUCTION",0.0993243243243243,0.439762044653349,0.11831785640414,0.201120938672588,1.11276774370384,489,"Ccnb2/Rad1/Fignl1/Tob2/Arrdc5/Bmpr1b/Ccnb1/Knl1/Celf1/Nuf2/Spata2/Inhba/Ppp2ca/Nr6a1/Ncaph/Mre11a/Foxj3/Zfp41/Zfx/Mtor/Smad4/Bcl2l11/Smc4/Top2a/Atrx/Diaph2/Ncapd2/Hpgd/Aspm/Ccne2/Dnali1/Hadh/Fbxo5/Ssh2/Setx/Kif18a/Tmem95/Ankrd49/Clgn/Psme4/Ankle1/Celf3/Ube2b/Rfx2/Mastl/Nectin3/Hmgb2/Hus1/Ccdc159/Pafah1b1/Parp11/Glipr1/Sos1/Racgap1/Rad54b/Agfg1/Pik3ca/Rnf2/Eed/Tuba8/Ereg/Herc4/Pank2/Acvr2a/Trp63/Tyro3/Stau1/Fxr1/Hsf2bp/Kdm3a/Slc19a2/Jam3/Stag2/Igf2/Tubg2/Bcl6/Pkdrej/Vgf/Neurl1a/Eif5a2/Ccni/Tnfaip6/Lgr5/Usp42/Ddx3y/Rnf114/Herpud2/Panx1/Spin1/Trim36/Ttc26/Etv5/Slc2a3/Rad21/Vps13b/Terb1/Cdc25c/Exd1/Tbp/Mkks/Tsga10/Sbf1/Ggnbp2/Mecp2/Cdk2/Stat3/Tdrd9/Cecr2/Rnf17/Stau2/Yy1/Pla2g10/Asf1b/Zc3h14/Angpt2/Glrb/Cep128/Crkl/Ythdc1"
"GOBP_POSITIVE_REGULATION_OF_HORMONE_SECRETION",0.0995239512049985,0.440008206846991,0.0539014313173232,-0.325199433814223,-1.27685870436718,78,"Nnat/Slc2a2/Serp1/Rbp4/Ildr1/Ffar2/C1qtnf3/Tfr2/Cftr/C1qtnf12/Myrip/Snx4/Abat/H2-Eb1/Casr/Tcf7l2/Ffar4/Chrm3/Vamp8"
"GOBP_REGULATION_OF_CARTILAGE_DEVELOPMENT",0.0998111680604262,0.440132045838973,0.0736532668184816,0.358924639360899,1.32308325172762,37,"Bmpr1b/Sox5/Bmpr2/Wnt9a/Tapt1/Smad3"
"GOBP_BICARBONATE_TRANSPORT",0.10009741841208,0.440132045838973,0.0697294585228188,0.448936651474518,1.37992041763676,18,"Slc4a1/Slc4a8/Slc4a7/Best1/Slc4a11/Slc39a6"
"GOBP_ESTABLISHMENT_OF_PROTEIN_LOCALIZATION_TO_MEMBRANE",0.100137931034483,0.440132045838973,0.0515824416487845,-0.284735105849398,-1.23829082532641,155,"Adora1/Hspa5/Sec61a1/Umod/Slc1a1/Sil1/Srp72/Srprb/Tram1/Cln3/Clstn1/Srp54a/Cdk5/Zdhhc7/Srp68/Ssr3/Atg3/Zdhhc14/Sec63/Sec61b/Rab34/Zdhhc24/Zdhhc1/Prnp/Emc8/Grin3b/Sorl1/Golga7b/Vps37d/Ubl4a/Get4/Gorasp2/Arfrp1/Zfand2b/Sec62/Cib1/Myo1c/Rab5if/Wdr83os/Golph3l/Tomm40/Zdhhc15/Timm13/Fyn/Cd24a/Amn/Vps37b/Cdk5r1/Emc9/Rab31/Kcnb1/Yif1b/Ncln/Commd1/Golph3/Sdcbp"
"GOBP_SECONDARY_METABOLIC_PROCESS",0.100276287989599,0.440132045838973,0.0562847952048854,-0.42797514908396,-1.35967711203157,27,"Cited1/Bdh2/Slc24a5/Lcat/N6amt1/Cyp2a5/Pmel/Akr1c18/Akr1a1"
"GOBP_APOPTOTIC_MITOCHONDRIAL_CHANGES",0.100368585199887,0.440132045838973,0.0753641771859303,0.309798559384768,1.26945535786973,58,"Mcl1/Atf2/Bcl2l11/Pmaip1/Tnfsf10/Smad3/Bnip3/Dnm1l/Ghitm/Plscr3/Opa1/Nptx1/Mllt11/Gclm/Pink1/Bok/Ggct"
"GOBP_LEUKOCYTE_DEGRANULATION",0.100436681222707,0.440132045838973,0.07386107958716,0.329100742788736,1.2926587802211,48,"Adora2b/Fgr/Cd177/2610528A11Rik/Grp/Hck/Il4ra/Itgam/Slc18a2"
"GOBP_POSITIVE_REGULATION_OF_SMALL_MOLECULE_METABOLIC_PROCESS",0.10058443555829,0.440132045838973,0.0785280756545386,0.280499216047974,1.23272933691565,84,"Ppargc1a/Mlycd/Pptc7/Mtor/Tigar/Prkaa2/Pmaip1/Ppp4r3a/Ptgs2/Plin5/Prkaa1/Gck/Dyrk2/Phka1/Plaa/Igf2/Mbtps2/Map2k1/Ppara/Tnf/Hmgb1/Stat3/Ldlrap1/Pink1/Wdr5/Snca/Actn3/Clybl/Rdh10"
"GOBP_ANATOMICAL_STRUCTURE_MATURATION",0.100704517198508,0.440132045838973,0.0514677969037334,-0.285954753072251,-1.24147325903416,152,"Cntn2/Bhlha15/Tmigd1/Thbs3/Hid1/Xbp1/Fam20c/Gata3/Trpc4ap/Cftr/Cabyr/Sox10/Ebp/H3f3a/Sirt2/Maea/Sox18/Arcn1/C3/Hes1/Cx3cr1/Id2/Ang/App/Tfcp2l1/Map3k13/Snx19/Mmp2/C1qa/Lsm14b/Dchs1/Wee2/H3f3b/Runx2/Ret/Sptbn4/Bap1/Ednra/Adamts12/Ext1/Gba/Tmem79/Ltf"
"GOBP_TYPE_B_PANCREATIC_CELL_PROLIFERATION",0.101267991775188,0.441842085505076,0.0575901868329747,-0.496645298888161,-1.38104884250366,16,"Bglap3/Nr1d1"
"GOBP_NUCLEOBASE_CONTAINING_SMALL_MOLECULE_METABOLIC_PROCESS",0.101385041551247,0.441842085505076,0.105814018510618,0.208883157529194,1.1294753444998,375,"mt-Atp6/Pdk4/Gapdh/Slc4a1/mt-Atp8/Fignl1/Pank1/Acot4/Mlycd/mt-Nd6/Neil2/Ppp2ca/Rnaseh2b/Atp1b1/mt-Nd5/Adcy2/Mtor/Tigar/Noct/Prkaa2/Ucp2/Pde7a/Parg/Gda/Adal/Pklr/mt-Nd2/Rrm2/mt-Nd4/Prkaa1/Pde4b/Gpam/Gpd2/Ugp2/Gck/Slc25a22/Slc4a7/Nudt19/Dnm1l/Pfkfb1/Sult1b1/Hdac4/Acat1/Cmpk2/Lipa/mt-Nd1/Ddit4/Pank2/Enpp4/Adsl/Pdk1/Gpat4/Rrm2b/Slc25a12/Adcy4/Nampt/Sucla2/Atp5a1/Mfn1/Map2k1/Nudt10/Nudt4/Abcc9/Opa1/Rhoq/Foxk2/Ppara/Slc25a25/Idh2/Ugdh/Ndufb5/Ogdh/Ung/Dlat/Atp5b/Crmp1/Gnpda2/Ndufs2/Mdh1/Stat3/Pink1/Pdhx/Acot6/Sdhb/Fmo2/Mdh2/Ldhb/Uggt2/Haao/Nudt1/Bloc1s6/Ogt/Bpgm/Snca/Actn3/Nnt/Atp1a2/Ak1/Rfk/Pdk2"
"GOBP_MAINTENANCE_OF_PROTEIN_LOCALIZATION_IN_ORGANELLE",0.101572739187418,0.442029513130431,0.0561393712402482,-0.435032788227391,-1.35685491554606,25,"Insig1/Hspa5/Os9/Kdelr1/Cdk5/Kdelr2"
"GOBP_REGULATION_OF_AUTOPHAGY_OF_MITOCHONDRION",0.101910828025478,0.442869956782126,0.0722438159950612,0.36592613248596,1.31597330200143,33,"Irgm2/Pptc7/Tigar/Bnip3/Dnm1l/Vdac1/Pink1/Vps13c/Huwe1"
"GOBP_METANEPHROS_DEVELOPMENT",0.102772990756697,0.445601843888679,0.0544711998459118,-0.356316556795508,-1.30208353052593,53,"Pou3f3/Cited1/Adipoq/Foxd1/Umod/Wt1/Slc22a6/Hes1/Id2/Osr2/Aph1a"
"GOBP_REGULATION_OF_B_CELL_DIFFERENTIATION",0.102919588974066,0.445601843888679,0.0556148644793071,-0.430837457719284,-1.35531679150401,26,"Xbp1/Card11/Ddrgk1/Slamf8/Id2/Zfp36l2/Tlr9/Ptpn6/Zfp36l1/Cr1l/Sfrp1/Ikzf3/Cd27"
"GOBP_MEMBRANE_DEPOLARIZATION",0.103241623535821,0.445601843888679,0.0727383231489883,0.332930607068961,1.29349779205838,46,"Chrna2/Ptpn3/Kcnj2/Cacna2d1/Creb1/Fhl1/Kcnq3/Scn4b/Chrnb1/Mllt11/Gclm/Bok/Slmap/Atp1a2/Kdr/Ank2"
"GOBP_PHOSPHOLIPASE_C_ACTIVATING_G_PROTEIN_COUPLED_RECEPTOR_SIGNALING_PATHWAY",0.103343465045593,0.445601843888679,0.0769581592091491,0.288567942773565,1.24105299959174,76,"Ltb4r1/S1pr1/Cxcr2/Fpr2/Plek/Sele/Grp/Homer1/Prkd3/Dgkh/Gpr157/Bicd1"
"GOBP_SULFUR_COMPOUND_BIOSYNTHETIC_PROCESS",0.103357664233577,0.445601843888679,0.0522851537507428,-0.30884864684893,-1.25511843393994,96,"Cbs/Cdo1/Acsl5/Fasn/Elovl4/Cytl1/Slc1a1/Hsd17b12/Gstm2/Pxylp1/Chpf2/Ggt5/Cth/Tcf7l2/Akr1a1/Ext2/Slc19a3/Hs3st6/Hacd1/Chst12/Acot7/Chac1/Chpf/Elovl7/Acaca/Ext1/Acly/Ppt1/B3gat3/Papss1/Mpst/Ndst2/Ppcdc"
"GOBP_MICROTUBULE_ORGANIZING_CENTER_ORGANIZATION",0.103414634146341,0.445601843888679,0.079670326613859,0.26716553509973,1.21865903856771,103,"Rock2/Gen1/Kif15/Haus6/Mcph1/Xpo1/Clasp2/Chordc1/Pafah1b1/Ckap5/Kif11/Poc5/Ccnl1/Cep76/Ccnf/Cep192/Haus3/Nin/Haus4/Cdk2/Pdcd6ip/Ppp1r12a/Pde4dip/Chmp2b/Mdm1/Cdk1/Chmp1b/Bnip2/Pard6g"
"GOBP_INTRACILIARY_TRANSPORT",0.103651730186573,0.445901732047833,0.0547397849350589,-0.393072900843507,-1.32837628765949,36,"Ift81/Ift20/Cep131/Fuz/Dync2li1/Nme7/Lca5l/Ift43/Tub/Ift122/Arl3/Rpgr/Ttc21b/Ift88/Ift172/Hspb11"
"GOBP_REGULATION_OF_FATTY_ACID_METABOLIC_PROCESS",0.103776147785928,0.445901732047833,0.0724404674044223,0.325745070448493,1.2880926765282,49,"Pdk4/Ppargc1a/Mlycd/Angptl4/Ptgs2/Plin5/Plaa/Acadvl/Pank2/Pdk1"
"GOBP_HEART_VALVE_DEVELOPMENT",0.104032258064516,0.446374365712215,0.0719516678892624,0.342346109022979,1.30073239873608,42,"Rock2/Bmpr2/Mtor/Smad4/Rock1/Nfatc1/Apc/Rbpj/Robo2/Adamts9/Mdm4"
"GOBP_METAL_ION_TRANSPORT",0.104890148830617,0.449424129982516,0.0462285382195579,-0.238083067464874,-1.16156557605835,468,"Panx3/Adora1/Drd1/Bhlha15/Kcns1/Slc17a1/Selenon/Fkbp4/Plch1/Trpm3/Fxyd3/Sec61a1/Psen2/Pgrmc2/Calhm2/Slc12a3/Kcnmb4/Slc6a18/Slc12a1/Slc22a17/Slc34a2/Slc4a4/Umod/Slc1a1/Pkp2/Slc5a10/Tfr2/Trpc4ap/Maged2/Slc39a11/Slc24a5/Stk39/Slc6a13/Tmbim6/Slc39a7/Rem1/Sfxn1/Grin3a/Chrnb2/Atp6v1b1/Slc24a3/Slc39a2/Lrp2/Cdk5/Pon3/Pln/Slc9a9/Hes1/Trim27/Kcnn4/Slc13a3/Flvcr2/Faim2/Prss8/Casr/Kcnu1/Ftl1/Mylk/App/Slc30a6/Nalcn/Slc13a2/Gnb5/Slc8b1/Mcoln1/Slc34a1/Cacna1e/Nedd4l/Ap3d1/Creb3/Kcnj15/Atp2a3/Steap3/Slc6a12/Slc38a1/Thy1/Trf/Cd19/Tmco3/Cacna1d/Prnp/Chrna7/Tesc/Nkain4/Grin3b/Tmbim4/Itpr2/Scn8a/Gpr35/Ryr3/Htr2b/Tlr9/Kcnc3/Tspan13/Nipal3/Sptbn4/Kcnd1/Aplnr/Ednra/Grina/Tmem165/Slc5a9/Cnnm2/Grin1/Wwp2/Kcnk2/Adcyap1r1/P2rx4/Plcg1/Ptpn6/Bak1/Ltf"
"GOBP_REGULATION_OF_LEUKOCYTE_MEDIATED_IMMUNITY",0.105171208944794,0.449613784907903,0.0819647472921866,0.251096664632694,1.19615712555741,134,"Adora2b/Fgr/Il18rap/Cd177/Spn/Tbx21/Sash3/Atad5/Tfrc/Ywhag/Rif1/Tnfsf4/Ppp3cb/H2-Q7/Prkaa1/Icam1/Zbtb1/Il4ra/Itgam/Cd55/Ulbp1/Dnase1l3/Mavs"
"GOBP_NEGATIVE_REGULATION_OF_CYTOSKELETON_ORGANIZATION",0.105228758169935,0.449613784907903,0.0791568051442498,0.26356816443469,1.211661456474,109,"S1pr1/Tpx2/Map1b/Smad4/Clasp2/Fgf13/Ssh2/Phldb2/Tjp1/Ckap2/Lmod2/Taok1/Apc/Pik3ca/Rdx/Schip1/Rhpn1/Flii/Ccnf/Hdgfl3/Coro1a/Pfn2/Capza2/Shank3/Mkks/Camsap2/Atxn7/Dmtn/Dyrk1a/Tmod4/Cdh5/Snca/Mdm1/Wdr47/Ssh1/Svil/Ttbk2/Diaph3"
"GOBP_CELLULAR_RESPONSE_TO_ANGIOTENSIN",0.105487346529692,0.450053596756952,0.0688594151123592,0.409668210790497,1.34760777627393,23,"Rock2/Inhba/Rock1/Rac1/Ppp3ca/Actn2/Ptpn1/Rap1gds1/Car2/Ddr2/Camk2a/Map3k7/Slc26a6"
"GOBP_NEGATIVE_REGULATION_OF_MICROTUBULE_POLYMERIZATION_OR_DEPOLYMERIZATION",0.105626326963907,0.450053596756952,0.070908526474039,0.364024816861701,1.30913563620478,33,"Tpx2/Map1b/Clasp2/Fgf13/Ckap2/Taok1/Apc/Hdgfl3/Camsap2/Atxn7/Dyrk1a/Cdh5/Snca/Wdr47/Ttbk2/Diaph3"
"GOBP_NEGATIVE_REGULATION_OF_POST_TRANSLATIONAL_PROTEIN_MODIFICATION",0.1061388410786,0.451607464477888,0.0736532668184816,0.304770787670004,1.2568787869777,60,"Mad2l1/Spopl/Gtpbp4/Fbxo5/Ube2b/Bag2/Plaa/Tnfaip3/Capn3/Isg15/Ivns1abp/N4bp1/Sh3rf2/Wnk1/Dtx3l/Senp2"
"GOBP_RESPONSE_TO_STARVATION",0.106420716566158,0.452177036313788,0.0821057009024537,0.247605365988076,1.19261110682167,146,"Pdk4/Ppargc1a/Ulk3/Eif2s1/Atf2/Bmpr2/Mtor/Prkaa2/Ucp2/Pmaip1/Ywhag/Cpeb4/Slc38a2/Bglap/Prkaa1/Dsc2/Cdkn1a/Mapk8/Stk26/Acat1/Sh3glb1/Ywhaz/Adsl/Mcu/Ripor1/Klf10/Jmy/Tfeb/Zfyve1"
"GOBP_MEMBRANE_REPOLARIZATION_DURING_ACTION_POTENTIAL",0.106577052328373,0.452212353976636,0.0669695786521622,0.459414063187174,1.36735830576488,16,"Atp1b1/Kcnj2/Cacna2d1"
"GOBP_PRESYNAPTIC_ENDOCYTOSIS",0.107683679192372,0.456274119185434,0.0722438159950612,0.312923854416446,1.26593377128881,55,"Synj1/Rock1/Ppp3cb/Slc17a7/Ap3b2/Sh3gl2/Ppp3cc/Ston2/Vamp4/Btbd8/Fcho2/Rac1"
"GOBP_RESPONSE_TO_MUSCLE_STRETCH",0.108030592734226,0.457110056513932,0.0663458340758821,0.464719168259113,1.36584079035607,15,"Nfkbia/Ttn/Pik3ca/Ryr2/Csrp3/Ankrd1/Ddr2"
"GOBP_POSITIVE_REGULATION_OF_CD4_POSITIVE_ALPHA_BETA_T_CELL_DIFFERENTIATION",0.108257321171387,0.457435845336914,0.06642290670214,0.458571927512601,1.3648518496037,16,"Sash3/Tnfsf4/Il4ra/Opa1/Il23r/Hlx"
"GOBP_AUTOPHAGY_OF_MITOCHONDRION",0.108650723354001,0.458464032937116,0.07386107958716,0.292776714171685,1.24299396330262,70,"Irgm2/Ulk3/Rb1cc1/Eif2s1/Pptc7/Tigar/Atg2b/Abi2/Bnip3/Dnm1l"
"GOBP_POSITIVE_REGULATION_OF_TRANSCRIPTION_BY_RNA_POLYMERASE_I",0.108947498151343,0.45883805276892,0.0671281164691295,0.42569477250465,1.34370118106591,20,"Mtor/Wdr43/Dek/Heatr1/Smarca5"
"GOBP_CELL_FATE_COMMITMENT",0.109039746746395,0.45883805276892,0.0807267478771111,0.24979633669838,1.19363417523094,139,"Tbx6/Spn/Mcl1/Tbx21/Sox5/Wnt9a/Mtor/Smad4/Tbx15/Epas1/Myf6/Rab10/Mitf/Fgf13/Socs3/Cdc73/Myf5/Fgf2/Eya1/Mga/Apc/Rbpj/Arx/Bcl11b/Gatad2b/Opa1/Il6ra/Wnt10a/Rtf1/Il23r/Tead3/Stat3/Tbx2/Lmo4/Il6st/Sox6/Cdc42/Tbx1/Prox1/Hdac2/Jag2/Bmp2/Kdr/Zdhhc16"
"GOBP_RETINA_VASCULATURE_DEVELOPMENT_IN_CAMERA_TYPE_EYE",0.109942638623327,0.462001046759648,0.0657381960282851,0.462810401277581,1.36023079623332,15,"Cyp1b1/Bmpr2/Large1/Fzd4/Arhgef15"
"GOBP_PERIPHERAL_NERVOUS_SYSTEM_AXON_ENSHEATHMENT",0.110257723160949,0.462127018749937,0.0549208699749138,-0.48240562599635,-1.36051367699505,17,"Fa2h/Arhgef10/Sirt2/Ndrg1/Itgb4/Ncmap/Akt1/Myoc/Ntrk3/Ntrk2/Sh3tc2"
"GOBP_ORGAN_OR_TISSUE_SPECIFIC_IMMUNE_RESPONSE",0.110349554489376,0.462127018749937,0.0550120303971731,-0.490422259000477,-1.36374409391753,16,"Bpifb1/Ffar2/Umod/Rnase2b/Pigr/Gp2/Ltf"
"GOBP_REGULATION_OF_CARDIAC_MUSCLE_CONTRACTION_BY_CALCIUM_ION_SIGNALING",0.110426423465615,0.462127018749937,0.0666556482309615,0.425286911211087,1.34241377107812,20,"Atp1b1/Tmem38b/Trdn/Jph4/Ryr2/Tmem38a/Atp1a2/Ank2/Hrc"
"GOBP_REGULATION_OF_SMALL_MOLECULE_METABOLIC_PROCESS",0.110809763657497,0.462735739276081,0.0841553633643137,0.235429664587198,1.17229630249049,182,"Pdk4/Slc4a1/Ppargc1a/Mlycd/Plek/Ppp2ca/Pptc7/Mtor/Tigar/Angptl4/Prkaa2/Pmaip1/Ppp4r3a/Ptgs2/Bglap/Plin5/Creb1/Prkaa1/Gck/Dyrk2/Dnm1l/Pfkfb1/Phka1/Hdac4/Rorc/Plaa/Acadvl/Ddit4/Pank2/Pdk1/Ephx2/Igf2/Mbtps2/Map2k1/Foxk2/Sdhaf3/Ppara/Tnf/Hmgb1/Fh1/Pibf1/Slc7a11/Stat3/Ldlrap1/Pink1/Bglap2/Fmo2/Wdr5/Sik1/Adipor1/Prox1/Ogt/Snca/Actn3/Clybl/Pdk2/Rdh10/Bmp2/Atp2b4/Gpr146/Fabp5/Pgp/Ttc39b"
"GOBP_NEGATIVE_REGULATION_OF_PROTEIN_UBIQUITINATION",0.110990206746464,0.462735739276081,0.0699966062484901,0.318278669162612,1.27096444967175,51,"Mad2l1/Spopl/Gtpbp4/Fbxo5/Bag2/Plaa/Tnfaip3/Isg15/Ivns1abp/N4bp1/Sh3rf2/Wnk1/Dtx3l/Senp2"
"GOBP_REGULATION_OF_LEUKOCYTE_CHEMOTAXIS",0.111078801977319,0.462735739276081,0.0724404674044223,0.295467345908226,1.24300667507184,66,"Fpr2/Thbs1/Ccl5/Tnfsf14/Vegfc/Ccr1/Dnm1l/Vegfd/Ccl7/Rac1/Mcu/Jam3/Tnfaip6/Il34/Wnk1/Il6ra/Hmgb1"
"GOBP_VASCULAR_PROCESS_IN_CIRCULATORY_SYSTEM",0.111310344827586,0.462735739276081,0.0487095049209452,-0.281755754465981,-1.22533385792858,155,"Adora1/Drd1/Cbs/Slc27a4/Manf/Foxc1/Tjp3/Oxtr/Kng2/Kcnmb4/Slc4a4/Slc1a1/Ace/Faah/Slc6a13/Arhgap42/Slc24a3/Acta2/Lrp2/Slco2b1/Slc13a3/Flvcr2/Casr/Slc1a4/Ext2/Atp2a3/Slc7a3/Slc22a2/Slc38a1/Mmp2/Foxc2/Vstm4/Scpep1/Htr7/Htr2b/Slc2a10/Adrb1/Ednra/Slc7a5/Ext1"
"GOBP_MEIOSIS_I_CELL_CYCLE_PROCESS",0.111329220415031,0.462735739276081,0.071001584690387,0.31221967979663,1.26308503214819,55,"Ccnb2/Knl1/Mre11a/Foxj3/Bcl2l11/Top2a/Ccne2/Fbxo5/Ankle1/Ube2b/Rad54b"
"GOBP_BILE_ACID_BIOSYNTHETIC_PROCESS",0.111601085481683,0.463014107957733,0.0543824704977098,-0.477220801222301,-1.36437238016708,18,"Nr1d1/Ces1d/Acox2/Osbpl2/Fgfr4"
"GOBP_RESPONSE_TO_BACTERIUM",0.111699311805188,0.463014107957733,0.0983849253696529,0.209104052061306,1.12492865355734,355,"Mpo/Irgm2/Fgr/Ppbp/Fpr2/Camp/Vcam1/Il18bp/Spn/Trem1/S100a8/Plscr4/Lcn2/Hadhb/Ifi44/2610528A11Rik/Noct/Sele/Nfkbia/Gbp5/Hpgd/Tnfsf4/Dhx58/Trdn/Gbp2/Cdc73/H2-Q7/Pde4b/Bnip3/Jak2/Il33/Cd36/Rps6ka3/Gnrh1/Hck/Selp/Thbd/Hmgb2/Vegfd/Mapk8/Herc6/Ociad2/Itgam/Plaa/Cmpk2/Tnfaip3/Rbpj/Adh7/Cd55/Hmcn1/Rac1/Lyg1/Irak3/Isg15/Mavs/Myd88/Adamts9/Tfeb/Vgf/Nlrc5/Krt6a/Plscr3/Gbp9/Scn7a/Gjb6/Tbk1/Rab7/Oas1g/Map2k7/Adamts13/Adh5/Il6ra/Cep192/Erap1/Tnf/Hmgb1/Il23r/Ednrb/Gbp4/Nfkbil1/Tnfrsf1a"
"GOBP_SIGNAL_RELEASE",0.112006137322593,0.463368937790504,0.0465749092505758,-0.255864035089852,-1.18721982290229,263,"Bglap3/Nr1d1/Adora1/Nnat/Slc2a2/Ppfia2/Serp1/Adipoq/Rbp4/Ildr1/Kcnmb4/Sncg/Foxd1/Ffar2/Unc13c/C1qtnf3/Gata3/Tfr2/Stxbp2/Sucnr1/Unc13b/Cftr/C1qtnf12/Myrip/Chrnb2/Cdk5/Comt/Slc18a3/Snx4/Abat/Osbpl2/H2-Eb1/Syn2/Cspg5/Casr/Tcf7l2/Cadps2/Ffar4/Acvr1c/Slc8b1/Slc44a4/Fam3b/Chrm3/Arntl/Vamp8/Gnat1/Snx19/Vps18/C2cd2l/Mafa/Mctp2/Sytl4/Sox11/Snx6/Sox4/Eny2/Rab11fip5/Snap29/P2rx4/Ano1"
"GOBP_PEPTIDE_METABOLIC_PROCESS",0.112088263511353,0.463368937790504,0.0525655298882517,-0.384919281678105,-1.31228547739885,38,"Cpz/Enpep/Bdh2/Slc1a1/Ace/Furin/Cma1/Cpd/Ggt5/Anpep/Aebp1/Chac1/Cpq/Tapbp/Trhde/Dnpep"
"GOBP_ALPHA_BETA_T_CELL_DIFFERENTIATION",0.112762237762238,0.464952902550574,0.0719516678892624,0.29390929678101,1.23955132304774,67,"Spn/Tbx21/Atf2/Mtor/Sash3/Tnfsf4/Socs3/Il4ra/Rorc/Bcl11b/Bcl6/Cbfb/Tbk1/Opa1/Sh3rf1/Il6ra/Hmgb1/Il23r/Stat3"
"GOBP_REGULATION_OF_NUCLEOTIDE_METABOLIC_PROCESS",0.112775810405884,0.464952902550574,0.0694651820488471,0.328457563915096,1.27611918125944,46,"Slc4a1/Ppp2ca/Mtor/Tigar/Prkaa2/Prkaa1/Gck/Dnm1l/Pfkfb1/Hdac4/Ddit4"
"GOBP_POSITIVE_REGULATION_OF_MITOTIC_NUCLEAR_DIVISION",0.113254823352543,0.465464770340386,0.0663458340758821,0.403660851860332,1.32784650753028,23,"Nusap1/Epgn/Ereg/Igf2/Tnf/Cdc20/Il1b/Rb1/Tgfa/Btc"
"GOBP_RECEPTOR_INTERNALIZATION",0.113300492610837,0.465464770340386,0.07386107958716,0.276539744886065,1.22083959270153,85,"Cxcr2/Sele/Arc/Ahi1/Tfrc/Sh3gl2/Mkln1/Itgb3/Cd36/Apln/Cblb/Magi2/Picalm/Numb/Atad1/Ppp3r1/Ackr3/Gria1/Calcrl/Nrg1/Usp32/Gtf2h2/Ldlrap1/Grem1/Nedd4/Rala/Snca"
"GOBP_CATECHOL_CONTAINING_COMPOUND_METABOLIC_PROCESS",0.113357050452781,0.465464770340386,0.0525655298882517,-0.407033575274122,-1.32818138944879,31,"Drd1/Kl/Gata3/Slc1a1/Pah/Chrnb2/Comt/Abat/Aldh2/Pnmt/Ednra/Ddc"
"GOBP_REGULATION_OF_POSITIVE_CHEMOTAXIS",0.114223088163663,0.468369563871573,0.0650729978323898,0.440972383435385,1.35544022417821,18,"S1pr1/Vegfc/Smad3/Vegfd/Scg2/Angpt2/Kdr"
"GOBP_REGULATION_OF_STRIATED_MUSCLE_CELL_DIFFERENTIATION",0.114371094811193,0.468369563871573,0.0688594151123592,0.321611948127132,1.27174908432583,49,"Mtor/Smad4/Myf6/Myf5/Tomm70a/Akap6/Hdac4/Naca/Hopx/Nrg1/Ppara/Yy1/Smyd1/Sox6/Sik1/Tbx1/Prox1/Actn3/Bmp2/Rgs2"
"GOBP_BIOMINERAL_TISSUE_DEVELOPMENT",0.115372323426015,0.471711449945041,0.0746018195047473,0.26839057610752,1.20988174659505,97,"S1pr1/Fgr/Bmpr1b/Rock2/Dmp1/Bmpr2/Tmem38b/Slc20a2/Fbxo5/Itgb6/Bglap/Rock1/Ank/Smad3/Ccr1/Bmp2k/Acvr2a/Isg15/Alox15/Phex/Klf10"
"GOBP_SINGLE_FERTILIZATION",0.115495962212403,0.471711449945041,0.0503939969883735,-0.331858118482835,-1.26358340076351,66,"Folr1/Unc13b/Hexb/H3f3a/Ly6k/Ccno/Mfge8/Wdr48/Gnpda1/Poc1b/Hoxd9/Igsf8/Wee2/H3f3b/Drc1/Pcsk4/Ccdc146/Cd9"
"GOBP_SIGNAL_TRANSDUCTION_IN_ABSENCE_OF_LIGAND",0.115673644659152,0.471806387761961,0.0680194272735311,0.334539719682575,1.27859909564959,43,"Mcl1/Inhba/Kitl/Lcn2/Bcl2l11/Gdnf/Eya1/Stradb/Nrg1/Tnf/Casp2/Bok/Eya4/Unc5b/Il1b/Bax/Snai2"
"GOBP_VESICLE_ORGANIZATION",0.116584351442683,0.473997843575998,0.0459731894695299,-0.261419523897432,-1.19285591954647,225,"Insig1/Tmed10/Tmed9/Ap3m2/Hps1/Agfg2/Ap1s1/Hid1/Trappc3/Surf4/Tbc1d20/Pi4k2b/Srpx/Mvb12a/Hook1/Rab27a/Atp6v1b1/Preb/Rab5c/Cln3/Pln/Stxbp6/Stx7/Rab20/Atp6v1g1/Bet1/Pmel/Ap3m1/Ap3d1/Exoc8/Tmem9/Bace2/Rab34/Vamp8/Trappc11/Ap3s1/Plekhf1/Poc1b/Sec13/Snx19/Vps18/Anxa2/Bloc1s3/Snx33/Vps37d/Stam2/Laptm4b/Snap29/Sort1/Golph3l/Zdhhc15/Csnk1d/Vps28/Cltrn/Clcn3/Dlg4/Dnm2/Cplx2/Vps37b/Nkd2/Lamtor1"
"GOBP_REGULATION_OF_BODY_FLUID_LEVELS",0.11661195009849,0.473997843575998,0.0462285382195579,-0.26358673899056,-1.19600129963437,213,"Angpt4/Csn3/Adora1/Tec/Cdo1/Col3a1/Myl9/Procr/Socs2/Oxtr/Lman1/Kng2/Xbp1/Agr2/Umod/Pdia3/Mertk/Stk39/Cftr/St3gal4/Rab27a/Atp6v1b1/Kcnn4/Prlr/Anxa5/Ext2/Serping1/Chrm3/Slc22a2/Vamp8/Csrp1/Entpd2/Nkx2-3/Anxa2/Ppia/Ephb2/Bloc1s3/Copa/Cd40/Aplnr/Adamts18/Ak3/Ext1/Ano1/Ptpn6/Pafah2/Actn1/Serpind1/Cd9/P2rx1/Itpk1/Nos3/Vtn/Scnn1g/Angptl7/Fgg/P2ry12/Vav2/F13a1/Cyba"
"GOBP_REGULATION_OF_MYOBLAST_DIFFERENTIATION",0.117029862792575,0.473997843575998,0.067691459732905,0.339774766617527,1.28156387579898,41,"Tnfsf14/Myf6/Myf5/Capn3/Pbrm1/Csrp3/Mbnl3/Tnf/Smyd1/Prickle1/Eid2b/Flot2"
"GOBP_VITAMIN_METABOLIC_PROCESS",0.117157974300831,0.473997843575998,0.049792010581661,-0.32694185586558,-1.25970717739595,70,"Folr1/Selenon/Mthfd2/Nnmt/Fpgs/Pdxp/Clstn3/Gsto2/Lrp2/Akr1c18/Rbp1/Slc52a2/Cbr1/Slc19a3/Mccc1/Slc25a16/Pltp/Mmab/Slc52a3/Hlcs/Cyp2w1/Alpl/Slc46a1/Amn/Slc23a1/Slc2a1"
"GOBP_MODIFIED_AMINO_ACID_TRANSPORT",0.117197659297789,0.473997843575998,0.0517750634568288,-0.416636518349654,-1.3319382807799,28,"Folr1/Mgst1/Slc6a13/Lrp2/Slc13a3/Slc1a4/Slc7a13/Slc6a12"
"GOBP_LYTIC_VACUOLE_ORGANIZATION",0.117213361420403,0.473997843575998,0.0496531608165045,-0.325300057518573,-1.25691277072261,71,"Hps1/Clvs1/Hexb/Ccdc115/Srpx/Hook1/Arsg/Cln3/Grn/Hexa/Rab20/Tmem199/Mcoln1/Tmem9/Rab34/Vps18/Acp2/Tmem63a/Tmem165/Laptm4b/Gba/Ppt1/Mbtps1"
"GOBP_GLIOGENESIS",0.117297011372653,0.473997843575998,0.0462571422572702,-0.265061571558036,-1.19673340745669,206,"Fa2h/Nr1d1/Drd1/Cntn2/Col3a1/Ldlr/Ntn1/Metrn/Arhgef10/Cdkn2c/Cers2/Hexb/Nab2/Phgdh/Mapk3/Sox10/Arsg/Sirt2/Grn/Lrp2/Cdk5/Hes1/Tmem98/Cspg5/Reln/Cx3cr1/Id2/Egr2/App/Rras/Ndrg1/Dusp15/Pfkfb3/Rnf112/C1qa/Matn2/Itgb4/Cers5/Tnfrsf21/Sox11/Slc7a5/Sox4/Ifngr1/Gba/P2rx4/Ano1/Sox2/Ncmap/Dab1/Gfap/Cd9"
"GOBP_PROTEIN_LOCALIZATION_TO_CHROMOSOME_CENTROMERIC_REGION",0.118068833652008,0.47605116213942,0.0633201262592919,0.45767158470261,1.34512746981245,15,"Knl1/Smc5/Mis18a/Cdk1/Rb1/Cenpa/Ctcf/Aurkb/Jarid2/Bub3"
"GOBP_NEGATIVE_REGULATION_OF_BLOOD_PRESSURE",0.11811678589253,0.47605116213942,0.0522057901504851,-0.438871581051481,-1.33559327205074,23,"Adora1/Prcp/Kl/Adipoq/Arhgap42/Abat/Adm2/Scpep1/Adrb1/Nos3/Bbs4/Kcnk6/Adra1a"
"GOBP_T_CELL_MEDIATED_CYTOTOXICITY",0.118369987063389,0.476109023663859,0.0513538397141682,-0.404996881778488,-1.32153550429032,31,"Azgp1/Cadm1/Cd1d1/Rab27a/H2-M3/Stx7/H2-Eb1"
"GOBP_POSITIVE_REGULATION_OF_LEUKOCYTE_MEDIATED_IMMUNITY",0.11854103343465,0.476109023663859,0.0716628565191792,0.28366076577288,1.21994855300043,76,"Il18rap/Cd177/Tbx21/Sash3/Atad5/Tfrc/Ywhag/Rif1/Tnfsf4/H2-Q7/Prkaa1/Zbtb1/Itgam/Cd55/Ulbp1/Mavs"
"GOBP_POSITIVE_REGULATION_OF_MYELOID_LEUKOCYTE_DIFFERENTIATION",0.118734923612972,0.476109023663859,0.0670487152800428,0.349962278173517,1.28470000988956,36,"Tnfsf11/Kitl/Creb1/Ccr1/Klf10/Il34/Ppp3ca/Tnf/Il23r/Ppargc1b/Casp8/Slc9b2/Pou4f1/Rb1/Traf6/Pla2g3"
"GOBP_NEGATIVE_REGULATION_OF_MUSCLE_HYPERTROPHY",0.11875452570601,0.476109023663859,0.0634554993001747,0.445976527008543,1.35139427322519,17,"Smad4/Smad3/Tomm70a/Ppara/Tnfrsf1a/Yy1/Atp2b4/Rgs2"
"GOBP_NEGATIVE_REGULATION_OF_RESPONSE_TO_ENDOPLASMIC_RETICULUM_STRESS",0.119395789811988,0.478052605341576,0.0509417670628642,-0.399943750224257,-1.31734342343222,32,"Hspa5/Hyou1/Xbp1/Ddrgk1/Ppp1r15a/Tmbim6/Selenos/Creb3/Syvn1/Grina/Creb3l1"
"GOBP_LIPID_HOMEOSTASIS",0.119705882352941,0.47866684631968,0.0484810181268706,-0.308808170149269,-1.24026638872344,90,"Nr1d1/Adora1/Insig1/Ormdl3/Pnpla3/Acsm3/Acsm2/Ldlr/Xbp1/Npc2/C1qtnf3/Surf4/Lcat/Ces1d"
"GOBP_REGULATION_OF_CARDIAC_MUSCLE_CONTRACTION",0.120087336244541,0.479398702646699,0.0672877185291006,0.322048716930561,1.26495947129014,48,"Stc1/Atp1b1/Tmem38b/Fgf13/Kcnj2/Trdn/Pde4b/Jph4/Dsc2/Ryr2/Sumo1/Ehd3/Tmem38a/Atp1a2/Ctnna3/Rgs2/Ank2/Hrc"
"GOBP_MUSCLE_CELL_CELLULAR_HOMEOSTASIS",0.120202751629254,0.479398702646699,0.0630517909580997,0.444766310681881,1.347727086021,17,"Mtm1/Ank/Large1/Capn3/Srf/Csrp3/Lamp2"
"GOBP_PURINE_CONTAINING_COMPOUND_TRANSMEMBRANE_TRANSPORT",0.120940460081191,0.481712002018302,0.0520088039998597,-0.464458446082599,-1.34296747509596,19,"Slc33a1/Slc25a53/Lrrc8d/Slc17a9/Slc25a5/Slc22a2/Slc35b3/Slc25a16/Lrrc8e"
"GOBP_POSITIVE_REGULATION_OF_COLD_INDUCED_THERMOGENESIS",0.121144139091419,0.481894980370163,0.0679370144586811,0.308647291553671,1.24863293187814,55,"Gadd45g/Ppargc1a/Esrrg/Lcn2/Adcyap1/Ucp2/Epas1/Hadh/Igf1r/Jak2/Cd36/Il4ra/Apc"
"GOBP_REGULATION_OF_MRNA_PROCESSING",0.121341463414634,0.482052237622506,0.070908526474039,0.281423155923243,1.21770892513854,78,"Ccnb1/Celf1/Srsf10/Rbfox1/Rbmxl1/Ncbp1/Cdc73/Celf3/Mettl16/Iws1/Rbm39/Tra2a/Rbm25/Dhx9/Son/Rbm20/Rbm5"
"GOBP_IMPORT_INTO_THE_MITOCHONDRION",0.121815286624204,0.483306104723302,0.0658132939529589,0.357068631039975,1.28411923531817,33,"Ucp2/Timm21/Slc25a37/Tomm70a/Tomm40l/Vdac1/Grpel2/Mcu/Hspa4/Slc30a2/Dnlz/Hspa9"
"GOBP_SPROUTING_ANGIOGENESIS",0.122170542635659,0.483886361889875,0.0712828552644706,0.272275738048907,1.20548092495142,87,"Thbs1/Klf2/E2f8/Ptgs2/Reck/Vegfc/Fgf2/Tjp1/Eng/Vegfd/Akt3/Adamts9/Rtn4/Srf/Sema6a/Pik3c2a/Hmgb1"
"GOBP_STEROL_HOMEOSTASIS",0.122278321236983,0.483886361889875,0.049792010581661,-0.359322062340724,-1.28655835508832,48,"Nr1d1/Insig1/Acsm3/Ldlr/Xbp1/Npc2/Lcat/Ces1d"
"GOBP_DIGESTIVE_SYSTEM_PROCESS",0.122497241053129,0.484125577512691,0.0497224553511444,-0.360618613737029,-1.2860341679821,47,"Serpina3c/Rbp4/Ldlr/Tff2/Nr1i2/Stk39/Muc13/Vil1/Comt/Kcnn4/Tymp/Slc2a5/Chrm3/Nkx2-3/Copa/Tlr9"
"GOBP_CELLULAR_RESPONSE_TO_CHEMICAL_STRESS",0.122770634591456,0.484579184337077,0.0826765785309944,0.227508107079129,1.14855356411243,209,"Mpo/Rhob/Klf2/Ppargc1a/Il18bp/Il18rap/Cyp1b1/Eif2s1/Atf2/Lcn2/Mtor/Vps13a/Prkaa2/Ptgs2/Ect2/Pnpla8/Setx/Prkaa1/Bnip3/Usp15/Cd36/Cab39/Mapk8/Stk26/Pik3ca/Tnfaip3"
"GOBP_REGULATION_OF_DOUBLE_STRAND_BREAK_REPAIR",0.122996300863132,0.484843482757249,0.0708158139319178,0.275692024827618,1.20468252499798,82,"Fignl1/Timeless/Ube2n/Mre11a/Dek/Ppp4r3a/Rif1/Smchd1/Mrnip/Atrip/Pbrm1/Fh1/Spidr/Csnk2a1/Slf2/Peli1/Ercc6/Pnkp/Klhl15/Pot1a/Meaf6/Spire2/Ube2v2/Dpf2/Fmn2/Actr2/Spire1"
"GOBP_REGULATION_OF_POSTSYNAPTIC_MEMBRANE_NEUROTRANSMITTER_RECEPTOR_LEVELS",0.123525943396226,0.486265287839838,0.069030962075628,0.290331434233491,1.22705203552369,68,"Arc/Tfrc/Itgb3/Vamp4/Cblb/Rdx/Numb/Atad1/Ppp3r1/Map2k1/Nrg1/Lgi1/Usp32/Nptx1/Cacng7/Snx27/Flot2/Cplx1/Ogt/Rala/Gpc4/C1ql3/Cacng4/Kif2c/Traf6/Zdhhc5/Erbb2/Dlg1/Mdm2/Prkci/Rap2a/Eps15/Rabep1/Adam10/Eps8"
"GOBP_HEART_VALVE_MORPHOGENESIS",0.123768964599414,0.486265287839838,0.0653662929462658,0.351701233574626,1.28030110993935,35,"Rock2/Bmpr2/Mtor/Smad4/Rock1/Nfatc1/Robo2/Adamts9/Mdm4"
"GOBP_FIBROBLAST_PROLIFERATION",0.123834498834499,0.486265287839838,0.0685199122966855,0.290365420615472,1.22460515959589,67,"Ccnb1/E2f8/Rnaseh2b/Creb1/Cdc73/Bmi1/Itgb3/Vegfd/Cdkn1a/Ereg/Cdk6/Dhx9/Abcc9/Ctc1"
"GOBP_ANIMAL_ORGAN_MATURATION",0.125169147496617,0.490013933056149,0.0510532623450575,-0.462489634879721,-1.33727471736409,19,"Thbs3/Gata3/Ebp/Dchs1/Ret/Adamts12/Ext1/Ltf"
"GOBP_ENDOTHELIAL_CELL_DEVELOPMENT",0.125170811697185,0.490013933056149,0.0658886340177412,0.322271313986655,1.25796908804554,47,"Rock2/Stc1/Rock1/Tjp1/Icam1/Rdx/Myd88/Rap2b/Id1/Tnf/Heg1/Ednrb/Pecam1/Tnfrsf1a/Rapgef6/Ppp1r12a/S1pr3/Cdh5/Rap1b/Cldn5"
"GOBP_BILE_ACID_METABOLIC_PROCESS",0.125270337714191,0.490013933056149,0.0505748153386382,-0.435139885550838,-1.3242368123956,23,"Nr1d1/Acaa1a/Ces1d/Acox2/Osbpl2"
"GOBP_REGULATION_OF_DNA_TEMPLATED_TRANSCRIPTION_ELONGATION",0.12575713873666,0.49018554152306,0.0676101640365674,0.295627065809155,1.23183324856282,63,"Ccnt1/Wdr43/Zfp326/Ncbp1/Cdc73/Ints8/Med14/Rnf168/Med27/Ccnt2/Wdr82/Kat7/Map2k1/Med1"
"GOBP_REGULATION_OF_GLYCOGEN_METABOLIC_PROCESS",0.125931445603577,0.49018554152306,0.0624594990102385,0.410800292123134,1.31540569644899,21,"Gck/Dyrk2/Phka1/Ppp1r3f/Igf2/Khk/Hmgb1"
"GOBP_CELLULAR_RESPONSE_TO_TYPE_II_INTERFERON",0.125932300631096,0.49018554152306,0.067367922428938,0.297918403866489,1.22861946491894,60,"Gapdh/Irgm2/Ccl5/Gbp5/Gbp2/Jak2/Hck/Vamp4/Kif5b/Nlrc5/Stat1/Gbp9/Med1/Adamts13/Tnf/Gbp4/Pde12"
"GOBP_ERBB2_SIGNALING_PATHWAY",0.125956022944551,0.49018554152306,0.0611971384770468,0.45369493259167,1.33343982266305,15,"Areg/Cpne3/Cul5/Ereg/Map2k1/Nrg1"
"GOBP_IRON_ION_TRANSPORT",0.126455368693402,0.49150273709713,0.0495497041835319,-0.400729468074745,-1.3076106101128,31,"Pgrmc2/Slc22a17/Tfr2/Sfxn1/Flvcr2/Ftl1/Mcoln1/Steap3/Trf/Ltf/Slc41a2/Slc46a1/Dnm2"
"GOBP_ESTABLISHMENT_OF_ORGANELLE_LOCALIZATION",0.127045235803657,0.492817447834749,0.0876971923285634,0.213855281631475,1.12483385352558,297,"Adora2b/Fgr/Lmnb2/Ccnb1/Apold1/Mad2l1/Knl1/Nuf2/Nusap1/Synj1/Map1b/Tacc2/Cep55/2610528A11Rik/Exoc3/Mcph1/Grp/Ect2/Xpo1/Clasp2/Cep83/Ap3b2/Kif18a/Abraxas1/Cdca8/Ube2b/Dnm1l/Il4ra/Pafah1b1/Racgap1/Myo19/Apc/Btbd8/Fyco1/Bicd1/Ywhaz/Kif5b/Abraxas2/Ccdc66/Exoc2/Slc18a2/Nmd3/Lin7a/Ripor1/Ap1ar/Spast/Rrs1/Map2k1/Exoc5/Ttl/Exoc6/Rab7/Opa1/Borcs5/Kif1b/Trak2/Pibf1/Terb1/Map1s/Mkks/Zfp207/Pdcd6ip/Pink1/Ppp6c/Slc2a4/Chmp2b/Cenpf/Ikbkg"
"GOBP_BRAIN_MORPHOGENESIS",0.127220355256841,0.492817447834749,0.0610138668284157,0.44789081963831,1.33306156990403,16,"Fzd6/Pafah1b1/Sos1/Akt3/Fzd3/Shank3/Mkks"
"GOBP_RESPIRATORY_SYSTEM_PROCESS",0.127425614489004,0.492817447834749,0.0493445172546303,-0.400384203920755,-1.30648398702411,31,"Spag16/Adora1/Selenon"
"GOBP_POSITIVE_REGULATION_OF_EXTRACELLULAR_MATRIX_ORGANIZATION",0.127443881245474,0.492817447834749,0.0611358774653469,0.440709430695626,1.33543396284395,17,"Smad4/Clasp2/Smad3/Stat3/Bmp2/Ddr2/Rb1"
"GOBP_MYOFIBRIL_ASSEMBLY",0.127630500136649,0.492817447834749,0.0652191815441775,0.321316873364218,1.25424347938199,47,"Smad4/Ttn/Six4/Lmod2/Neb/Capn3/Adprhl1/Flii/Srf/Csrp3/Actn2/Mybpc1/Ankrd1/Tmod4/Acta1/Pgm5/Prox1/Prkar1a/Myh3/Myom1"
"GOBP_RESPONSE_TO_AMINO_ACID_STARVATION",0.127761511844557,0.492817447834749,0.0642851373333349,0.350185772736833,1.27478436445348,35,"Eif2s1/Atf2/Mtor/Ucp2/Slc38a2/Cdkn1a/Mapk8/Sh3glb1/Tfeb/Gpr155"
"GOBP_REGULATION_OF_ESTABLISHMENT_OF_PROTEIN_LOCALIZATION",0.127931769722815,0.492851899751826,0.0428185933122846,-0.247315670799541,-1.16650569544111,314,"Nr1d1/Insig1/Nnat/Slc2a2/Tmed10/Edem2/Serp1/Adipoq/Lman1/Rbp4/Hmgcr/Xbp1/Ffar2/Scfd1/C1qtnf3/Umod/Slc1a1/Unc13b/Cabp1/Myh10/Terf1/Cep131/Os9/P3h1/Cftr/C1qtnf12/Myrip/Sec16b/Cln3/Krt20/Cdk5/Abat/H2-Eb1/Camk1/Kcnn4/Chp2/Ang/Casr/Tcf7l2/App/Sirt7/Acvr1c/Slc8b1/Rhbdf1/Bbc3/Ctsd/Derl2/Chrm3/Arntl/Edem1/Hsp90aa1/Prnp/Srebf2/Ppia/Pik3r1/C2cd2l/Sorl1/Sufu/Apbb1/Sytl4/Bcap31/Bap1/Sox4/Eny2/Rab11fip5/Wwp2/Cib1/Myo1c/Ano1/Erlec1/Golph3l/Prr5l/Vps28/Rapgef3/B3gat3/Dnajc1/Fyn/Tmem30b/Uqcc2/Fgg/Cdk5r1/Arfip1/Ei24/Gas6/Bsg/Rph3al/Inhbb/Adam8/Jagn1/Fzd5/Kcnb1/Syt7/Commd1/Lrp5/Golph3"
"GOBP_POSITIVE_REGULATION_OF_CELL_ACTIVATION",0.128386827844935,0.493546668924186,0.0809972046193163,0.226181365247908,1.14222132623132,210,"Irgm2/Thbs1/Vcam1/Tnfsf11/Spn/Plek/Tbx21/Kitl/Ccl5/Mtor/Sash3/Tnfsf14/Atad5/Tfrc/Ywhag/Rif1/Tnfsf4/H2-Q7/Bmi1/Prkaa1/Gpam/Jak2/Il33/Selp/Zbtb1/Il4ra/Cdkn1a/Cd55/Capn3/Igfbp2/Myd88/Pbrm1/Igf2/Bcl6/Cbfb/Coro1a/Ppp3ca/Vav1/Opa1/Tnf/Hmgb1/Il23r/Gp5/Ccdc88b/Ttbk1/Peli1/Ptprc/Dusp10/Il6st/Flot2/Yes1/Clec4d/Hlx/Cd274/Bloc1s6"
"GOBP_POSITIVE_REGULATION_OF_PATTERN_RECOGNITION_RECEPTOR_SIGNALING_PATHWAY",0.128435221536736,0.493546668924186,0.0658886340177412,0.30624558666727,1.23891683231764,55,"Ppp2ca/Gbp5/Dhx58/Gbp2/Usp15/Cd36/Pum2/Mapk8/Slc19a1/Ddx60/Mavs/Myd88/Rtn4"
"GOBP_MICROTUBULE_ORGANIZING_CENTER_LOCALIZATION",0.128789776998246,0.49428739790156,0.0620094437915393,0.396337745151286,1.30375707298872,23,"Mad2l1/Ccdc141/Aspm/Cep83/Pafah1b1/Kif5b"
"GOBP_SENSORY_PERCEPTION",0.129132231404959,0.494428087693419,0.0432929962094138,-0.254633022214576,-1.17417277213913,249,"Adora1/Azgp1/Coch/Lpo/Nxnl2/Nipsnap1/Sfrp5/Hps1/Rbp4/Rpl38/Col18a1/Tulp1/Cabp1/Hexb/Gnat3/Aldh7a1/Mapk3/Pip/Chrnb2/Atp6v1b1/Pomk/Triobp/Lrp2/Cdk5/Comt/Hexa/Eml2/Ffar4/Rpgrip1/Rdh11/Fzd2/Fam161a/Oat/Dhrs3/Col1a1/Gnat1/Lxn/Rrh/Cacna1d/Chrna7/Casp3/Pigr/Pitpna/Ephb1/Rgs9bp/Tprn/Sptbn4/Kcnk2/Slc52a3/Gucy2e/P2rx4/Ano1/Grik2/Whrn/Tub/Pcdh15/Ppt1/Timm13/Pax3/Tas1r3/Thrb/Eps8l2/Fyn/Bbs4/Scnn1g/Slitrk6/Unc119/Bbs9/Cep250/Grin2a/Cngb1/P2rx2/Trpv1/Rpgr/Sema5b/P2rx7/Cln5/Slc9a3r1/Gnat2/Adgrv1"
"GOBP_RESPONSE_TO_FATTY_ACID",0.129150119142176,0.494428087693419,0.0485134835352845,-0.378940076257771,-1.28843045770808,37,"Scd1/Cldn1/Scd2/Adipoq/Ldlr/Ildr1/Ffar2/Hes1/Akr1c18/Ass1/Pid1"
"GOBP_SKIN_EPIDERMIS_DEVELOPMENT",0.129698966601767,0.495392342983705,0.0468688605343353,-0.318490603933405,-1.23993609110631,74,"Krt25/Fa2h/Krt27/Flg2/Cldn1/Trpc4ap/Ldb2/Fuz/Slc39a7/Sox18"
"GOBP_TRIGLYCERIDE_METABOLIC_PROCESS",0.129726309128302,0.495392342983705,0.0482874384163219,-0.355084822310364,-1.27530751094968,49,"Lipf/Insig1/Pnpla3/Gk5/Ldlr/Lmf1/Apobec1/C3/Gnb3"
"GOBP_POSITIVE_T_CELL_SELECTION",0.130007753941587,0.495847301237888,0.0627208096593469,0.368362427522115,1.28769862244228,29,"Spn/Tbx21/Mtor/Socs3/Bcl11b/Srf/Opa1/Il6ra/Il23r/Stat3/Ptprc/Il6st"
"GOBP_MEMORY",0.130409184574625,0.496469497231358,0.0670487152800428,0.287942709835904,1.22018113541774,69,"Sgk1/Lcn2/Fen1/Arc/Fgf13/Creb1/Ppp3cb/Slc17a7/Large1/Rcan1/Kcnk4/Atad1/Slc8a3/Gria1/Srf/Chst10/Vps13b/Shank3/Mecp2/Gabrb3/Slc2a4"
"GOBP_CYTOPLASMIC_PATTERN_RECOGNITION_RECEPTOR_SIGNALING_PATHWAY",0.130506245890861,0.496469497231358,0.071001584690387,0.253832239737551,1.1802243298993,116,"Irgm2/Ppp2ca/Ipo5/Nfkbia/Gbp5/Dhx58/Gbp2/Usp15/Cd36/Pum2/Washc4/Mapk8/Slc19a1/Tnfaip3/Ddx60/Mavs/Myd88/Csnk1a1/Rnf125/Rtn4/Ifih1/Tbk1/Oas1g/Tnf/Hmgb1/Peli1/Ppp6c/Colec12/Lamp2/Trim25/Flot2/Zc3hav1/Ogt"
"GOBP_HEART_DEVELOPMENT",0.130672498633133,0.496469497231358,0.0922972084621158,0.206049741374406,1.11077893883405,366,"S1pr1/Ccnb1/Vcam1/Rock2/Inhba/Rb1cc1/Atf2/Bmpr2/Mtor/Smad4/Ahi1/Kdm6a/Pcsk5/Ttn/Rock1/Creb1/Sgcb/Smad3/Ppp3cb/Ccdc39/Large1/Fgf2/Nfatc1/Eya1/Tomm70a/Nipbl/Traf3ip1/Eng/Apln/Neb/Cdkn1a/Akap6/Sos1/Npy1r/Popdc3/Apc/Rbpj/Naca/Rac1/Robo2/Adprhl1/Adamts9/Bves/Ppp3r1/Rtn4/Mdm4/Map2k1/Ryr2/Srf/Hopx/Csrp3/Rbm20/Gjb6/Calcrl/Nrg1/Abcc9/Wnk1/Actn2/Nckap1/Med1/Id1/Ppara/Heg1/Sall4/Kcnj11/Tnfrsf1a/Senp2/Mkks/Tbx2/Lmo4/Ankrd1/Uty/Yy1/Sgcg/Epor/Smyd1/Crkl/Prickle1/Gpc3/Cacybp/Sox6/Sik1/Cdc42/Alpk3/Yap1/Sypl2/Grem1/Nphp3/Tbx1/Prox1/Prkar1a/Gys1/Nedd4/Cldn5/Casp8/Map2k3/Cdk1/Nox4/Bmp2/Kdr/Ift74/Zdhhc16/Dync2h1/Rgs2/Ank2"
"GOBP_CGMP_MEDIATED_SIGNALING",0.130820931349016,0.496469497231358,0.0601199218047462,0.446073776237276,1.3276534869013,16,"Adora2b/Thbs1/Cd36/Ednrb/Gucy1a1/Kdr/Atp2b4/Npr1/Kcnc2"
"GOBP_GLUCOSE_CATABOLIC_PROCESS",0.131305817040792,0.497691403299775,0.0601783862400583,0.438405497252088,1.32845260334871,17,"Tigar/Gck/Foxk2/Actn3/Hk2/Ldha/Pgam1/Pkm/Gpi1/Pfkm"
"GOBP_POSITIVE_REGULATION_OF_REACTIVE_OXYGEN_SPECIES_METABOLIC_PROCESS",0.132009659243359,0.499257813307427,0.0634554993001747,0.341022275264267,1.27037736162061,39,"Fpr2/Thbs1/Cd177/Lcn2/Cd36/Cdkn1a/Itgam"
"GOBP_CLATHRIN_DEPENDENT_ENDOCYTOSIS",0.132045929018789,0.499257813307427,0.0625245409501155,0.362026158579168,1.27557133078164,30,"Neu3/Ston2/Bmp2k/Magi2/Ush1g/Fcho2/Picalm"
"GOBP_ESTABLISHMENT_OF_ENDOTHELIAL_BARRIER",0.132286398722385,0.499548761553629,0.0631185759587299,0.347954700802889,1.26666257356765,35,"Rock2/Rock1/Tjp1/Icam1/Rdx/Myd88/Rap2b/Tnf/Ednrb/Pecam1/Tnfrsf1a/Rapgef6/Ppp1r12a/S1pr3/Cdh5/Rap1b/Cldn5"
"GOBP_VACUOLE_ORGANIZATION",0.133084060379449,0.501940499332366,0.0442587547733942,-0.277795078351814,-1.20570803767498,153,"Hps1/Clvs1/Hid1/Arfip2/Scfd1/Ift20/Hexb/Ccdc115/Srpx/Hook1/Atg7/Arsg/Nsfl1c/Cln3/Grn/Ap4m1/Snx4/Hexa/Rnf5/Rab20/Atg3/Tmem199/Gabarap/Mcoln1/Tmem9/Ctsd/Snx7/Rab34/Vps18/Acp2/Anxa2/Ephb2/Tmem63a/Rab19/Tmem165/Ext1/Laptm4b/Gba/Man2a1/Ppt1/Tmem41b/Mbtps1/B4galnt1"
"GOBP_REGULATION_OF_POLYSACCHARIDE_METABOLIC_PROCESS",0.133650952858576,0.503457041902526,0.0608321173593861,0.385938239912121,1.28714304268707,24,"Gck/Dyrk2/Phka1/Ppp1r3f/Igf2/Khk/Hmgb1"
"GOBP_REGULATION_OF_HEMATOPOIETIC_PROGENITOR_CELL_DIFFERENTIATION",0.134171369933299,0.504494475923047,0.0614439060918817,0.383679461140147,1.28756675244523,25,"Kitl/Pus7/Ankle1/Zbtb1/Sos1/Cdk6/Hmgb1/Hspa9/Ythdf2/Kdr/Dpf2/Spi1/Rara/Mettl14"
"GOBP_CELLULAR_RESPONSE_TO_LIPID",0.134273772204807,0.504494475923047,0.0889177270391536,0.207396975109308,1.11263278402648,346,"Sgk1/Pdk4/Irgm2/Ppbp/Camp/Gdap1/Ccnb1/Rock2/Stc1/Inhba/Esrrg/Plscr4/Wnt9a/Lcn2/Hadhb/Adcy2/Bcl2l11/Strn3/Prkaa2/Nfkbia/Gbp5/Cnot9/Tnfsf4/Xpo1/Bglap/Fech/Creb1/Eif4e/Gbp2/Cdc73/Kif18a/Bmi1/Prkaa1/Pde4b/Jak2/Cd36/Hck/Hmgb2/Mapk8/Rorc/Plaa/Cmpk2/Tnfaip3/Ddit4/Cd55/Kcnk4/Per1/Trp63/Irak3/Fzd4/Myd88/Phex/Ddx18/Kdm3a"
"GOBP_FOCAL_ADHESION_ASSEMBLY",0.134421768707483,0.504494475923047,0.0633201262592919,0.312624534932111,1.24177574514448,50,"Thbs1/Rock2/Clasp2/Rock1/Smad3/Phldb2/Rac1/Ppm1f/Actn2/Dmtn/Epha3/Grem1/Actn3/Kdr/Efna5/Tsc1/Itgb1bp1/Macf1/Sorbs1/Coro1c"
"GOBP_BASE_EXCISION_REPAIR",0.134691717385552,0.504815536934097,0.0623299809682921,0.355830249974349,1.26823695945694,32,"Neil2/Fen1/Parg/Hmgb1/Ung/Ercc6/Lig4/Huwe1/Pnkp/Smug1/Ercc5"
"GOBP_DEVELOPMENT_OF_PRIMARY_FEMALE_SEXUAL_CHARACTERISTICS",0.134837799717913,0.504815536934097,0.0644263908163349,0.300719022577069,1.22809530858093,57,"Bmpr1b/Inhba/Kitl/Zfx/Smad4/Dach2/Gnrh1/Tiparp/Arid5b/Ereg/Rac1/Robo2/Fzd4/Vgf/Tnfaip6"
"GOBP_IMMUNE_RESPONSE_REGULATING_CELL_SURFACE_RECEPTOR_SIGNALING_PATHWAY_INVOLVED_IN_PHAGOCYTOSIS",0.135141622659626,0.505333729773753,0.0590938580196366,0.444159461952623,1.32195589567214,16,"Fgr/Hck/Appl1/Vav1/Yes1"
"GOBP_SOMATIC_DIVERSIFICATION_OF_IMMUNE_RECEPTORS",0.135802469135802,0.506881425349009,0.0625245409501155,0.327813389925523,1.25289129882186,43,"Tbx21/Atad5/Tfrc/Rif1/Tnfsf4/Rnf168/Hmgb2/Bcl11b/Bcl6/Hmgb1/Ung/Ptprc/Yy1/Lig4"
"GOBP_NUCLEAR_EXPORT",0.135887360838245,0.506881425349009,0.0693777189790397,0.259230529067306,1.18291721613066,104,"Sarnp/Cse1l/Nemf/Xpo1/Eif4e/Ncbp1/Xpo7/Prpf4b/Frat2/Ankle1/Washc4/Stradb/Agfg1/Iws1/Nmd3/Xpo4/Peg12/Dhx9/Anp32b/Rangap1/Wnk1/Cpsf6/Chtop/Rbm22/Hspa9/Thoc1/Ythdc1/Uhmk1/Ppm1a/Nup188/Smg5/Nup107/Rbm15b/Thoc7"
"GOBP_POSITIVE_REGULATION_OF_ESTABLISHMENT_OF_PROTEIN_LOCALIZATION_TO_MITOCHONDRION",0.136158475426279,0.507273344423514,0.0602370091541037,0.384879227322656,1.28361112865089,24,"Npepps/Prkaa1/Tomm70a/Mapk8/Sh3glb1/Sae1/Ube2d3/Pink1/Huwe1/Ube2l3/Ablim3"
"GOBP_LEUKOCYTE_ADHESION_TO_VASCULAR_ENDOTHELIAL_CELL",0.136918680176669,0.508529532773077,0.0611971384770468,0.375853341467565,1.28666127333536,27,"Vcam1/Spn/Fut9/Sele/Rock1/Selp"
"GOBP_CELL_SURFACE_PATTERN_RECOGNITION_RECEPTOR_SIGNALING_PATHWAY",0.137109498264437,0.508529532773077,0.0467801592195373,-0.353489003585267,-1.26567299550682,48,"Nr1d1/Bpifb1/Tnip2/Ffar2/Irak1/Letmd1/Tlr5/Ptpn22/Pik3r1/Scimp/Ltf/Pik3ap1/Irak4/Cyba/Ticam2"
"GOBP_DEVELOPMENTAL_GROWTH_INVOLVED_IN_MORPHOGENESIS",0.137122557726465,0.508529532773077,0.072048676645702,0.243098744780611,1.16445651092031,142,"S1pr1/Slitrk1/Areg/Bmpr2/Map1b/Clasp2/Fgf13/Ostn/Ppp3cb/Sh3gl2/Six4/Pum2/Pafah1b1/Plaa/Rab21/Ppp2r3a/Crabp2/L1cam/Adprhl1/Rtn4/Ttl/Srf/Med1/Nin/Tnfrsf12a/Cacng7/Tbx2/Nrcam/Dip2b/Prickle1/Sin3a/Ssna1/Yap1/Fstl4/Lpar3/Rdh10/Sema4f/Slc9a6/Atg16l1/Efna5/Slit2/Sema3f/Iqgap1/Ndel1/Cyfip2/Macf1"
"GOBP_SUPEROXIDE_ANION_GENERATION",0.13716148445336,0.508529532773077,0.060003465477807,0.384222073923097,1.28141945563498,24,"Fpr2/Cd177/Duox1/Itgam/Rac1/Elavl1"
"GOBP_T_CELL_CYTOKINE_PRODUCTION",0.138033029332019,0.510707845306225,0.0592614910050427,0.41277033398663,1.30290532351028,20,"Tbx21/Sash3/Tnfsf4/H2-Q7/Cd55"
"GOBP_NUCLEOPHAGY",0.138145315487572,0.510707845306225,0.0582749924019855,0.446771210450001,1.31309053912132,15,"Ulk3/Rb1cc1/Atg2b"
"GOBP_POSITIVE_REGULATION_OF_CELL_POPULATION_PROLIFERATION",0.138290932811481,0.510707845306225,0.0981470491928706,0.198456873469884,1.09496143150673,472,"S1pr1/Cxcr2/Camp/Thbs1/Ccnb1/Vcam1/St8sia1/Spn/Rnaseh2b/Kitl/Areg/Cnot6l/Atf2/Ccl5/Smad4/Sash3/Atad5/Csf3r/Epgn/Tfrc/Hpgd/Tnfsf4/Aspm/Vegfc/Fbxo5/Garem1/Nccrp1/Gdnf/Igf1r/Fgf2/H2-Q7/Bmi1/Prkaa1/Gpam/Eya1/Tbrg4/Tjp1/Jak2/Tsc22d1/Itgb3/Acer2/Ccar1/Hck/Hmgb2/Apln/Vegfd/Cdkn1a/Hdac4/Pik3ca/Tnfaip3/Rbpj/Ereg/Cnot7/Cd55/Naca/Prc1/Cdk6/Igfbp2/Trp63/Cdca7l/Akt3/Myd88/Nampt/Nras/Igf2/Bcl6/Rtn4/Krt6a/Dhx9/Kat7/Stat1/Coro1a/Glce/Il34/Calcrl/Nrg1/Ppp3ca/Fzd3/Acer3/Ctc1/Med1/Tnfsf12/Vstm2a/Il6ra/Tnf/Etv5/Hmgb1/Rassf10/Il23r/Ednrb/Csnk2a1/Mecp2/Cdk2/Nmbr/Stat3/Ccdc88b/Tbx2/Ldlrap1/Jcad/Scg2/Peli1/Ptprc/Kif20b/Foxp2/Epor/Ccdc117/S1pr3/Lig4/Il6st/Crkl/Flt1/Cnot6/Birc6/Cdc42/Yap1/Hlx/Cd274/Grem1/Prdx3/Tbx1/Prox1"
"GOBP_CORTICAL_CYTOSKELETON_ORGANIZATION",0.138541099618944,0.510707845306225,0.0623299809682921,0.32285342455233,1.24578048952534,45,"Rock2/Plek/Ect2/Rock1/Pafah1b1/Racgap1/Rac1/Rhobtb1/Nckap1/Rhoq/Pdcd6ip/Fmnl2/Arf6/Rhobtb2/Iqgap1/Dlg1/Rac2/Plec/Fmnl1/Ppfibp1/Ezr/Fhod3"
"GOBP_AXONEME_ASSEMBLY",0.138800255264837,0.510707845306225,0.0467506909493571,-0.370131242188344,-1.27542019716332,40,"Spag16/Cfap206/Cep131/Hydin/Ttc12/Cc2d2a/Rsph9/Rsph1"
"GOBP_REGULATION_OF_TRANSFERASE_ACTIVITY",0.139011651265568,0.510707845306225,0.0762633077782967,0.227284223144696,1.14344728372445,197,"Irgm2/Fgr/Tpx2/Mad2l1/Hipk3/Ccnt1/Rbl2/Adcyap1/Tigar/Ywhag/Rfc4/Ccne2/Ect2/Fbxo5/Pik3r5/Tcim/Fgf2/Bmi1/Jak2/Gskip/Cab39/Rps2/Cdkn1a/Stradb/Apc/Ereg/Mrnip/Trib2/Ppp1r3f/Ccnt2/Nlrc5/Pum3/Xrcc5/Map2k1/Tnfrsf10b/Rap2b/Nrg1/Ptpn1/Ccng1/Dtx3l/Tnf/Pibf1/Heg1"
"GOBP_OLIGOSACCHARIDE_BIOSYNTHETIC_PROCESS",0.139051220350636,0.510707845306225,0.0486439291756181,-0.481366771677566,-1.31669577257164,15,"B3galt5/St3gal4/Mpdu1/St6galnac5/B3galt2/Mgat2"
"GOBP_POSITIVE_REGULATION_OF_ESTABLISHMENT_OF_PROTEIN_LOCALIZATION",0.139677462348394,0.510707845306225,0.0421765391127642,-0.263642656731674,-1.1836415335828,195,"Nnat/Slc2a2/Tmed10/Edem2/Serp1/Rbp4/Xbp1/Ffar2/C1qtnf3/Unc13b/Myh10/Cep131/Cftr/C1qtnf12/Myrip/Sec16b/Cln3/Cdk5/Abat/H2-Eb1/Camk1/Kcnn4/Chp2/Ang/Casr/Tcf7l2/App/Bbc3/Chrm3/Edem1/Hsp90aa1/Prnp/Srebf2/Ppia/Pik3r1/C2cd2l/Sorl1/Apbb1/Sytl4/Bcap31/Bap1/Sox4/Cib1/Myo1c/Ano1/Golph3l/Prr5l/Vps28/Rapgef3/B3gat3/Fyn/Tmem30b/Fgg/Cdk5r1/Gas6/Bsg/Rph3al/Adam8/Fzd5/Kcnb1/Commd1"
"GOBP_FOREBRAIN_CELL_MIGRATION",0.139750559641829,0.510707845306225,0.0466333082853392,-0.3736761826483,-1.27395495907966,38,"Pou3f3/Drd1/Cntn2/Col3a1/Cdk5/Dixdc1/Reln"
"GOBP_MUSCLE_CONTRACTION",0.139754098360656,0.510707845306225,0.0768410915258218,0.225064209410358,1.13513551891026,206,"Ltb4r1/Adora2b/Rock2/Stc1/Atp1b1/Tmem38b/Mtor/Dtna/Ttn/Fgf13/Rock1/Kcnj2/Cacna2d1/Gdnf/Trdn/Large1/Pde4b/Jph4/Homer1/Lmod2/Dsc2/Gnao1/Pik3ca/Npnt/Kcnma1/Smpx/Sspn/Scn4b/Slc8a3/Map2k1/Ryr2/Srf/Scn7a/Csrp3/Abcc9/Chrnb1/Pik3c2a/Sumo1/Tnf/Ednrb/Ehd3/Mkks/Ppp1r12b/Tbx2/Ckmt2/Slmap/Tmod4/Acta1/Myl1/Cacng1/Tmem38a/Kcnj3/Scn9a/Actn3/Atp1a2/Ctnna3/Stac2/Rap1gds1/Map2k3/Gucy1a1/Atp2b4/Bbs2/Myh3/Rgs2/Ank2/Hrc"
"GOBP_FC_RECEPTOR_MEDIATED_STIMULATORY_SIGNALING_PATHWAY",0.139758442198669,0.510707845306225,0.058872381059619,0.412045739923403,1.30061814978526,20,"Fgr/Hck/Appl1/Vav1/Ptprc/Yes1"
"GOBP_REGULATION_OF_HUMORAL_IMMUNE_RESPONSE",0.13984037246425,0.510707845306225,0.047625827196698,-0.420413926950051,-1.29326334170847,24,"Klk1b1/C3/Klk7/Serping1/Klk1/Ptpn6/Klk1b11/Susd4/Cr1l/A2m/Klk5/Cd37"
"GOBP_FOREBRAIN_DEVELOPMENT",0.140066500415628,0.510707845306225,0.0773124512019339,0.224165547536131,1.13406422619861,211,"Inhba/Ccdc141/Kcnc1/Phlpp2/Tacc2/Atrx/Mcph1/Slitrk5/Aspm/Slc38a2/Fgf13/Creb1/Ccdc39/Kcna2/Large1/Fgf2/Bnip3/Pafah1b1/Pgap1/Itgam/Rbpj/Elavl4/Arx/Rac1/Cdk6/Cntnap2/Robo2/Tyro3/Bcl11b/Numb/Fxr1/Rtn4/Nr4a2/Slc8a3/Gria1/Srf/Rtn4rl1/Aldh1a3/Ogdh/Nin/Vps13b/Shank3/Mkks/Slc7a11/Tal2/Foxp2/Crkl/Sin3a/Herc1/Prox1/Bloc1s6/Atp1a2/Bmp2/Wdr47/Ezh1/Atp2b4/Zdhhc16/Bbs2/Crk/Dync2h1/Ttbk2/Pou4f1/Ncoa1/Atg16l1/Nfib/Pomgnt1/Ezh2/Bax/Eif2b5/Slit2/Kcnc2/Ywhae/Tsc1/Syne2/Ndel1"
"GOBP_RELAXATION_OF_MUSCLE",0.140089418777943,0.510707845306225,0.0590382721694151,0.403364660454388,1.29159638462203,21,"Adora2b/Atp1b1/Kcnj2/Pde4b/Pik3ca/Actn3/Atp1a2/Gucy1a1/Rgs2/Hrc"
"GOBP_STEM_CELL_PROLIFERATION",0.14085792515972,0.512534589659357,0.0451750626902471,-0.324599324845881,-1.23477425327141,65,"Cited1/Ltbp3/Ace/Cdkn2c/Sfrp2/Pim1/Sox18/Osr2/Ang/Ndufs6/Babam1/Shox2/Epcam/Ovol2/Etv6/Runx2/Sox11/Kdf1/Gba/Dsg2/Zfp36l1/Rnf43/Ptch1"
"GOBP_INNATE_IMMUNE_RESPONSE_ACTIVATING_CELL_SURFACE_RECEPTOR_SIGNALING_PATHWAY",0.140926041019267,0.512534589659357,0.0456937949406542,-0.339641655458752,-1.25230502430193,55,"Nr1d1/Bpifb1/Tnip2/Ffar2/Irak1/Letmd1/Tlr5/Ptpn22/Pik3r1/Scimp/Ltf/Pik3ap1/Irak4/Fyn/Cyba/Ticam2"
"GOBP_ADULT_LOCOMOTORY_BEHAVIOR",0.141209919444006,0.512956366113481,0.0460578909158033,-0.355583461471608,-1.26177384664499,46,"Drd1/Cntn2/Sncg/Efnb3/Arcn1/Hexa/Id2/App/Gigyf2/Hoxd9/Sptbn4/Dab1/Ppt1/Clcn3/Slitrk6"
"GOBP_PURINE_CONTAINING_COMPOUND_BIOSYNTHETIC_PROCESS",0.141675656238763,0.514036971270096,0.0712828552644706,0.240258125541062,1.15349490153223,145,"mt-Atp6/Pdk4/mt-Atp8/Pank1/Mlycd/mt-Nd6/mt-Nd5/Adcy2/Adal/mt-Nd2/mt-Nd4/Slc4a7/Acat1/Lipa/mt-Nd1/Pank2/Adsl/Pdk1/Adcy4/Nampt/Atp5a1/Map2k1/Ppara/Idh2/Ndufb5/Dlat/Atp5b/Ndufs2/Stat3/Pink1/Pdhx/Sdhb"
"GOBP_SENSORY_PERCEPTION_OF_TASTE",0.141853462696554,0.514071564101984,0.0474106087961033,-0.43283168473791,-1.30224965053331,22,"Azgp1/Lpo/Gnat3/Pip/Ffar4/Gnat1/Pigr/Tas1r3/Scnn1g/P2rx2/Trpv1/Gnat2/Cst10"
"GOBP_POSITIVE_REGULATION_OF_CATABOLIC_PROCESS",0.142501245640259,0.515807233922976,0.0841553633643137,0.20780987954458,1.10637767598731,323,"Irgm2/Rock2/Celf1/Ythdf3/Rb1cc1/Trim23/Cnot6l/Scoc/Mtor/Noct/Prkaa2/Cnot11/Dtl/Cnot9/Plin5/Wac/Rock1/Prkaa1/Bnip3/Il33/Tmtc3/Mettl16/Pum2/Tiparp/Supv3l1/Csde1/Dcp2/Phka1/Rnf139/Svip/Bag2/Mid2/Cblb/Apc/Tnfaip3/Fyco1/Cnot7/Sh3glb1/Vdac1/Ppp2r3a/Trib2/Ubr3/Rdx/Fxr1/Ago2/Csnk1a1/Elavl1/Tfeb/Sh3rf2/Dhx9/Map2k1/Grsf1/Samd4/Tbk1/Ptpn1/Tnrc6b/Rab7/Sh3rf1/Tnfsf12/Dtx3l/Ppara/Pik3c2a/Sumo1/Tnf/Usp13/Hmgb1/Csnk2a1/Pde12/Pink1/Deptor/Gga3/Nrd1/Ikbkg/Prickle1/Huwe1/Cnot6/Gpc3/Ythdf2/Det1/Psmc2/Mylip/Zc3hav1/Nedd4/Snca/Actn3/Nnt/Socs4/Dxo"
"GOBP_DEVELOPMENTAL_MATURATION",0.143498942917548,0.518803870548057,0.0413437079847925,-0.261181167807561,-1.17862397999657,203,"Cntn2/Bhlha15/Tmigd1/Thbs3/Lnx1/Hid1/Xbp1/Fam20c/Gata3/Trpc4ap/Sez6l/Cftr/Cabyr/Sox10/Ebp/H3f3a/Sirt2/Maea/Atp6v1b1/Sox18/Arcn1/Clstn1/C3/Hes1/Reln/Cx3cr1/Id2/Ang/Atp6v1g1/App/Ap3d1/Tfcp2l1/Map3k13/Snx19/Mmp2/C1qa/Lsm14b/Bloc1s3/Dchs1/Wee2/H3f3b/Runx2/Ret/Sptbn4/Bap1/Ednra/Adamts12/Ext1/Gba/Tmem79/Ltf/Dab1/Zdhhc15/Pcsk4/Fgf22/Tdrd5/Clcn3/Dlg4"
"GOBP_LIPID_OXIDATION",0.144505336025382,0.521824824536102,0.0628526173488668,0.290244421046599,1.20940458234591,63,"Pdk4/Ppargc1a/Mlycd/Hadhb/Cyp4f18/Hadh/Plin5/Prkaa1/Acat1/Adh7/Acadvl/Alox15/Eci2/Abcc9/Adh5/Ppara"
"GOBP_MUSCLE_CELL_PROLIFERATION",0.144884488448845,0.522456645615345,0.067367922428938,0.253309492732364,1.16900024742499,112,"S1pr1/Thbs1/Ccnb1/Ppargc1a/Bmpr2/Ccl5/Hpgd/Kpna1/Rgs5/Fgf2/Jak2/Itgb3/Apln/Cdkn1a/Pik3ca/Tnfaip3/Rbpj/Ereg/Myd88/Sugt1/Xrcc5/Stat1/Ndrg2/Calcrl/Nrg1/Il6ra/Tnf/Stat3/Tbx2/Ldlrap1"
"GOBP_SECRETORY_GRANULE_ORGANIZATION",0.145022335673261,0.522456645615345,0.0456384520219657,-0.367833107276432,-1.26750114751723,40,"Hps1/Agfg2/Ap1s1/Hid1/Tbc1d20/Pln/Ap3m1/Ap3d1/Ap3s1/Poc1b/Snx19/Bloc1s3"
"GOBP_MEMBRANE_RAFT_ORGANIZATION",0.145332211942809,0.522956310347799,0.0469282432542117,-0.444003790426291,-1.30558436624912,20,"Fa2h/Gsn/Cln3/Anxa2/Naxe/Ppt1"
"GOBP_CALCIUM_ION_TRANSMEMBRANE_TRANSPORT",0.146011777301927,0.524377248378307,0.0412372486904686,-0.263256461271954,-1.17935927123199,192,"Panx3/Drd1/Bhlha15/Selenon/Plch1/Trpm3/Sec61a1/Psen2/Trpc4ap/Slc24a5/Tmbim6/Rem1/Grin3a/Slc24a3/Pln/Kcnn4/Faim2/App/Nalcn/Gnb5/Slc8b1/Mcoln1/Cacna1e/Atp2a3/Thy1/Cd19/Cacna1d/Prnp/Chrna7/Grin3b/Tmbim4/Itpr2/Gpr35/Ryr3/Htr2b/Tlr9/Tspan13/Aplnr/Ednra/Grina/Tmem165/Grin1/Adcyap1r1/P2rx4/Plcg1/Ptpn6/Bak1/Atp2b3/Cacna1g/P2rx1/Trpm6/Pml/Fyn/Slc24a2"
"GOBP_POSITIVE_REGULATION_OF_IMMUNOGLOBULIN_PRODUCTION",0.146070388991797,0.524377248378307,0.0597150479010505,0.351479010452463,1.25272843318211,32,"Tbx21/Sash3/Atad5/Tfrc/Rif1/Tnfsf4/Il33/Il4ra"
"GOBP_VITAMIN_TRANSMEMBRANE_TRANSPORT",0.147301478171193,0.52817607489788,0.0471376665555693,-0.477427731117144,-1.30592120656697,15,"Selenon/Rbp4/Lrp2/Slc44a4/Slc22a2/Slc19a3/Slc46a1/Slc23a1"
"GOBP_REGULATION_OF_HIPPO_SIGNALING",0.147832623402656,0.528872082965359,0.057642075315137,0.388629356717344,1.27840025026607,23,"Ppp2ca/Strn3/Mark3/Prpf4b/Schip1/Mob4/Slmap/Sike1/Map2k3/Limd1"
"GOBP_CYTOPLASMIC_TRANSLATIONAL_INITIATION",0.147841819591626,0.528872082965359,0.0585987461758163,0.360425237861952,1.25995228506415,29,"Mtor/Ncbp1/Eif3j1/Eif5/Eif3m"
"GOBP_TISSUE_HOMEOSTASIS",0.148127600554785,0.529274642917975,0.0417328831423849,-0.275191312927656,-1.19163814146583,149,"Bglap3/Col3a1/Foxc1/Cldn1/Nxnl2/Tjp3/Ltbp3/Cytl1/Serpina3c/Rbp4/Ildr1/Tff2/Slc1a1/Tmem119/Tulp1/Nr1i2/Ldb2/Stk39/Muc13/Gpr137/Gigyf2/Poc1b/Iqcb1/Vstm4/Ascl3/Stk11/Tlr9/Ctsk/Bap1/Acaca/Ext1/P2rx4/Whrn/Tub/Mfsd2a/Pcdh15/Acp5/Col14a1/Alpl/Nos3/Clcn3/Bbs4/Aldh1a7/Slc2a1/Bsg/Adam8/Prrc1/Comp/Cngb1"
"GOBP_RHYTHMIC_BEHAVIOR",0.148819421350183,0.531125388113094,0.0460296113102909,-0.416438031329989,-1.28103282381581,24,"Nr1d1/Adora1/Chrnb2/Pln/Id2/Egr2/Parp1/Adrb1"
"GOBP_RESPONSE_TO_TOXIC_SUBSTANCE",0.149138234259585,0.531642130295253,0.0686043435198679,0.241928199992049,1.15603683896814,139,"Mpo/Ccnb1/Cyp1b1/Esd/Kcnc1/Lcn2/Map1b/Ccl5/Ptgs2/Fech/Mt1/Cd36/Duox1/mt-Cytb/Slc19a1/Cpox/Selenot/Slc18a2/Hba-a1/Gpx2/Ephx2/Gria1/Srf/Ptgs1/Adamts13/Adh5/Tnf/Slc47a1/Gjc2/Slc7a11/Pink1/Ercc6/Akr1b8/Alad/Slc30a4/Slc30a1/Prdx3/Srxn1/Scn9a/Nnt/Cdk1"
"GOBP_REGULATION_OF_CELL_SIZE",0.149374788779993,0.531723039243477,0.0671281164691295,0.247019436704369,1.15679411786927,122,"Kel/Plek/Rb1cc1/Bmpr2/Map1b/Mtor/Xk/Clasp2/Fgf13/Creb1/Clcn6/Pum2/Pafah1b1/Rab21/Rac1/Kcnma1/Rdx/Crabp2/Akt3/L1cam/Rtn4/Ttl/Srf/Wnk1/Vav1/Tnfrsf12a/Shank3/Nrcam/Deptor/Dip2b/Sin3a"
"GOBP_POSITIVE_REGULATION_OF_TRANSLATIONAL_INITIATION",0.149650012068549,0.531723039243477,0.0561393712402482,0.429210165153121,1.30058898635007,17,"Ythdf3/Ccl5/Mtor/Tnf/Ythdf2/Habp4/Uhmk1/Eif2b5/Ddx3x"
"GOBP_OLIGODENDROCYTE_DEVELOPMENT",0.149683081423696,0.531723039243477,0.0453100651044091,-0.405107271790708,-1.28702586248371,27,"Fa2h/Cntn2/Sox10/Id2/Cers5/Sox11/Cd9"
"GOBP_CEREBRAL_CORTEX_DEVELOPMENT",0.150676691729323,0.534631002593592,0.0628526173488668,0.278060407242394,1.19298349867786,74,"Ccdc141/Tacc2/Mcph1/Aspm/Slc38a2/Fgf13/Ccdc39/Kcna2/Bnip3/Pafah1b1/Arx/Rac1/Cntnap2/Rtn4/Gria1/Mkks/Foxp2/Crkl/Wdr47/Bbs2/Crk/Ncoa1/Bax/Slit2/Ywhae/Tsc1/Syne2/Ndel1"
"GOBP_NEGATIVE_REGULATION_OF_ENDOTHELIAL_CELL_PROLIFERATION",0.151454363089268,0.536766913268809,0.0569271714142935,0.379326285250951,1.26509150552241,24,"Thbs1/Cnmd/Eng/Krit1/Atp5a1/Stat1/Tnf/Scg2/Flt1"
"GOBP_CD4_POSITIVE_ALPHA_BETA_T_CELL_DIFFERENTIATION",0.151775804661487,0.537282831101789,0.060003465477807,0.300295142990598,1.21283443596936,54,"Spn/Tbx21/Mtor/Sash3/Tnfsf4/Socs3/Il4ra/Rorc/Bcl6/Cbfb/Tbk1/Opa1/Sh3rf1/Il6ra/Hmgb1/Il23r/Stat3/Il6st/Hlx"
"GOBP_REGULATION_OF_SPROUTING_ANGIOGENESIS",0.15213987473904,0.537948283944174,0.058008949856548,0.354492761856392,1.24902798672967,30,"Thbs1/Klf2/Fgf2/Tjp1/Adamts9/Sema6a/Hmgb1/Jcad"
"GOBP_OVARIAN_FOLLICLE_DEVELOPMENT",0.152888182299947,0.539517442260499,0.0583286073011755,0.343413061374357,1.24272094640633,34,"Bmpr1b/Inhba/Kitl/Zfx/Smad4/Gnrh1/Ereg/Rac1/Vgf/Tnfaip6"
"GOBP_POSITIVE_REGULATION_OF_ACTIN_FILAMENT_BUNDLE_ASSEMBLY",0.153349475383374,0.539517442260499,0.0587077763275074,0.32651140092218,1.23153705798704,41,"Rock2/Plek/Mtor/Synpo/Smad3/Rac1/Arhgef15/Ppm1f/Pfn2"
"GOBP_REGULATION_OF_PROTEIN_STABILITY",0.153565376091774,0.539517442260499,0.039490383274477,-0.254695998143232,-1.16027818317267,222,"Nr1d1/Csn3/Calr/Tnip2/Xbp1/Trim39/Ddrgk1/Usp29/Gsn/Glmp/Ctsa/Pex2/P3h1/Ppib/Ddost/Pim1/Efna1/Msx1/Nop53/Grn/Derl1/Fbxo4/Mfsd1/Otud3/Serf2/Hsp90ab1/Rnf5/Cd74/Telo2/Ahsa1/Rpl11/Nedd4l/Paqr4/Tmc8/Polr2e/Usp48/Trf/Hsp90aa1/Prnp/Cog3/Tesc/Casp3/Pik3r1/Ubl4a/Get4/Syvn1/Sox4/Zbed3/Sox7/Kdf1/Tbrg1/Ruvbl1"
"GOBP_RESPONSE_TO_AUDITORY_STIMULUS",0.153753318851074,0.539517442260499,0.0553343907639583,0.427138413915402,1.29431118339712,17,"Kcnc1/Kcnq3/Slc1a3/Cntnap2/Ercc8/Shank3/Foxp2/Atp1a2"
"GOBP_POSITIVE_REGULATION_OF_MUSCLE_HYPERTROPHY",0.154158699808795,0.539517442260499,0.0549663983626419,0.43808898357477,1.28757289227723,15,"Rock2/Rock1/Akap6/Ppp3ca/Il6st/Trpc3"
"GOBP_REGULATION_OF_DNA_TEMPLATED_TRANSCRIPTION_INITIATION",0.154557823129252,0.539517442260499,0.0588173707216382,0.30683245105154,1.2187690119132,50,"Nfkbia/Mitf/Creb1/Setx/Med14/Med13/Med27/Srf/Med1/Hmgb1/Tbp/Ercc6/Taf4/Taf8/Pwwp2a/Psmc6/Ppm1d"
"GOBP_NUTRIENT_STORAGE",0.154863078375826,0.539517442260499,0.0436825028426649,-0.339368586666467,-1.23440859092783,52,"Mest/Npc2/Ffar2/Hexb/Clstn3/Ces1d/Fto/C3/Hexa/Ldah/Acvr1c/Bscl2/Srebf2/Sqle/Gba/Gm2a/Ikbke/Plin2/B4galnt1"
"GOBP_MYELOID_CELL_ACTIVATION_INVOLVED_IN_IMMUNE_RESPONSE",0.154866008462623,0.539517442260499,0.0598876344343645,0.294695519458113,1.20349614668482,57,"Adora2b/Fgr/Cd177/2610528A11Rik/Grp/Il33/Il4ra/Itgam/Slc18a2/Dnase1l3/Myd88"
"GOBP_CELLULAR_RESPONSE_TO_ABIOTIC_STIMULUS",0.154889071487264,0.539517442260499,0.0729388423496436,0.22371884963682,1.12470757045304,203,"Rhob/Rad1/Fignl1/Pbk/Eif2s1/Lcn2/Mtor/Tnfsf14/Vps13a/Ptgs2/Ect2/Slc38a2/Itgb6/Kcnj2/Fgf2/Bnip3/Nipbl/Usp15/Itgb3/Zbtb1/Cab39/Hus1/Cdkn1a/Nmt2/Mapk8/Pik3ca/Kcnk4/Capn3/Myd88/Noc2l/Slc4a11/N4bp1/Xrcc5/Ppid/Rp1/Scn7a/Tnfrsf10b/Map3k2/Wnk1/Opn1mw/Nucks1/Tnf/Spidr/Nfat5/Pecam1/Tnfrsf1a/Casp2/Ankrd1/Yy1/Slc2a4/Lig4/Habp4/Yap1/Wnk3/Opn3/Nedd4/Casp8/Atp1a2/Gab1/Rhno1/Tnfrsf8/Ybx3/Rad9a/Adssl1/Clock/Gpr4/Asic2/Il1b"
"GOBP_MYOTUBE_DIFFERENTIATION",0.155172413793103,0.539517442260499,0.0620731825163625,0.276046132744725,1.18540797252786,75,"Kel/Mtor/Tnfsf14/Xk/Myf6/Ppp3cb/Large1/Rcan1/Myf5/Homer1/Six4/Il4ra/Hdac4/Naca"
"GOBP_SKELETAL_SYSTEM_DEVELOPMENT",0.155273189326557,0.539517442260499,0.0386758134638,-0.2461970485462,-1.14931849205053,283,"Bglap3/Lrrc17/Insig1/Cbs/Serpinh1/Sulf2/Col3a1/Foxc1/Serp1/Thbs3/Ltbp3/Cytl1/Rbp4/Fam20c/Ddrgk1/Rpl38/Gata3/Tmem119/Col18a1/Ghr/Lox/Hexb/Nab2/Sfrp2/P3h1/Fuz/Ppib/Mapk3/Ebp/Ncan/Msx1/Ogn/Hexa/Matn3/Osr2/Gdf10/Shox2/Ext2/Map2k6/Dhrs3/Col1a1/Wdr48/Rpl13/Cdh11/Gdf5/Loxl2/Snx19/Mmp2/Foxc2/Hoxd9/Acp2/Anxa2/Eif2ak3/Dchs1/Ahsg/Runx2/Nle1/Ctsk/Slc2a10/Sox11/Ednra/Col1a2/Adamts12/Ext1"
"GOBP_POSITIVE_REGULATION_OF_LOCOMOTION",0.15541601255887,0.539517442260499,0.082532787767263,0.205516273915058,1.10126818502485,344,"Rhob/S1pr1/Fgr/Fpr2/Thbs1/Rock2/Spn/Kitl/Bmpr2/Lcn2/Ccl5/Mtor/Tnfsf14/Sele/Ptgs2/Vegfc/Fbxo5/Clasp2/Smad3/Igf1r/Cpne3/Fgf2/Tjp1/Icam1/Jak2/Nipbl/Itgb3/Ccr1/Ccar1/Selp/Duox1/Dnm1l/Vegfd/Apc/Plaa/Cldn4/Ccl7/Rac1/Mcu/Rdx/Numb/Fzd4/Ripor1/Akt3/Ago2/Jam3/Atp5a1/Bves/Bcl6/Cfap20/Rtn4/Ackr3/Sh3rf2/Ppm1f/Map2k1/Tnfaip6/Gria1/Coro1a/Il34/Ppp3ca/Sema6a/Wnk1/Il6ra/Pik3c2a/Smurf2/Tnf/Hmgb1/Pecam1/Atp5b/Stat3/Pink1/Jcad/Scg2/Dmtn/Ptprc/Kif20b/Crkl/Flt1/Irgc1/Cdc42/Grem1/Prox1/Sp1/Cdh5/Casp8/Map2k3/Gab1/Sema4f/Bmp2/Ssh1/Kdr/Arf6/Fermt3/Crk/Ddr2/Capn7"
"GOBP_ESTABLISHMENT_OF_MITOCHONDRION_LOCALIZATION_MICROTUBULE_MEDIATED",0.155544887181949,0.539517442260499,0.0548301225441775,0.434992977441634,1.29467360343274,16,"Map1b/Kif5b/Spast/Opa1/Kif1b/Trak2/Map1s"
"GOBP_MYELOID_CELL_DEVELOPMENT",0.155660377358491,0.539517442260499,0.0592054667890258,0.299336665884453,1.20896333093302,54,"Slc4a1/Klf2/Tnfsf11/Ptbp3/Alas2/Pafah1b1/Abcb10/Rac1/Bcl6/Srf/Med1/Heatr3/Gp5/Dmtn/Pla2g10"
"GOBP_DEFENSE_RESPONSE_TO_GRAM_POSITIVE_BACTERIUM",0.155844155844156,0.539517442260499,0.0590382721694151,0.301521389678675,1.2124607023552,53,"Fgr/Camp/2610528A11Rik/Gbp2/H2-Q7/Cd36/Hck/Hmgb2/Lyg1/Myd88/Krt6a/Gbp9/Tbk1/Il6ra/Tnf/Gbp4"
"GOBP_REGULATION_OF_STEM_CELL_DIFFERENTIATION",0.155975877192982,0.539517442260499,0.0587625026852205,0.301780318597204,1.20881978675407,52,"Sox5/Nr6a1/Gdnf/Fgf2/Pus7/Cdk6/Gatad2b/Kdm3a/Slc4a11/Hspa9/Stat3/Prickle1/Ythdf2/Sox6/Yap1/Hdac2/Pwp1/Sp7/Cdk13/Ezh2"
"GOBP_EMBRYONIC_APPENDAGE_MORPHOGENESIS",0.156020017662644,0.539517442260499,0.0610138668284157,0.280068709709778,1.18681440625259,69,"Smad4/Bcl2l11/Pbx2/Reck/Fzd6/Mbnl1/Nipbl/Traf3ip1/Trp63/Crabp2/Med1/Sall4/Tbx2/Tmem107/Prickle1/Gpc3/Grem1/Hdac2/Rdh10/Myh3/Dync2h1/Ttbk2/Msx2/Bax/Fras1"
"GOBP_CARBOHYDRATE_DERIVATIVE_CATABOLIC_PROCESS",0.156083717630365,0.539517442260499,0.0672877185291006,0.237768139790341,1.14522931775212,146,"Gapdh/Slc4a1/Neil2/Ppp2ca/Neu3/Hmmr/Mtor/Tigar/Prkaa2/Ucp2/Pde7a/Gda/Adal/Pklr/Ctbs/Nccrp1/Fgf2/Prkaa1/Pde4b/Gck/Pfkfb1/Hdac4/Lipa/Ddit4/Idua/Enpp4/Lyg1"
"GOBP_NEUROPEPTIDE_SIGNALING_PATHWAY",0.156103896103896,0.539517442260499,0.0570783025835191,0.363254889114139,1.25552390005946,28,"Ltb4r1/Nts/Adcyap1/Grp/Npy1r/Tyro3"
"GOBP_RESPONSE_TO_COCAINE",0.156127129750983,0.539517442260499,0.044463890880197,-0.407491254331921,-1.27095365325267,25,"Drd1/Slc1a1/Chrnb2/Cdk5/Comt/Abat"
"GOBP_POSITIVE_REGULATION_OF_VIRAL_LIFE_CYCLE",0.156292286874154,0.539517442260499,0.0452289365362808,-0.446536367201713,-1.29114632892855,19,"Cd209b/P4hb/Lgals1/Furin/H2-Eb1/Cd74"
"GOBP_REGULATION_OF_CELL_MIGRATION_INVOLVED_IN_SPROUTING_ANGIOGENESIS",0.156664068589244,0.539536915683705,0.0569774257112045,0.367977390589608,1.25969947768977,27,"Thbs1/Ptgs2/Fgf2/Akt3/Pik3c2a/Jcad/Grem1/Kdr/Rhoj/Mmrn1/Itgb1bp1/Pdcd10"
"GOBP_POSITIVE_REGULATION_OF_SECRETION",0.156907717215327,0.539536915683705,0.0397781136793806,-0.264202854714334,-1.17333054187015,179,"Bglap3/Adora1/Nnat/Slc2a2/Tmed10/Serp1/Rbp4/Xbp1/Ildr1/Rhbdd1/Ffar2/C1qtnf3/Tfr2/Unc13b/Myh10/Cftr/C1qtnf12/Myrip/Chrnb2/Rab27a/H2-M3/Cdk5/Slc18a3/Snx4/Abat/H2-Eb1/Kcnn4/Ang/Casr/Tcf7l2/Cadps2/Ffar4/Scamp5/Chrm3/Rab15/Vamp8"
"GOBP_POSITIVE_REGULATION_OF_PHAGOCYTOSIS",0.15698787492023,0.539536915683705,0.0436825028426649,-0.363850317085692,-1.25377701274736,40,"Calr/C2/Mertk/Tulp1/Il2rb/C4b/Rab27a/C3/Ahsg/Tub/Cfp/Cyba/Gas6/Rab31/Fcgr1"
"GOBP_MESODERM_DEVELOPMENT",0.157197527229909,0.539536915683705,0.0607718687747803,0.279761587041823,1.18551294845249,69,"Tbx6/Inhba/Ppp2ca/Bmpr2/Smad4/Smad3/Eya1/Pus7/Jak2/Itgb3/Hck/Acvr2a/Trp63/Ahdc1/Rps6ka6/Srf/Nckap1"
"GOBP_POSITIVE_REGULATION_OF_LYMPHOCYTE_MIGRATION",0.157260133401744,0.539536915683705,0.0564803168541392,0.374106148077079,1.25544024879,25,"Spn/Ccl5/Tnfsf14/Itgb3/Ccl7/Coro1a/Wnk1"
"GOBP_RESPONSE_TO_PROGESTERONE",0.157504780114723,0.539536915683705,0.054338253937587,0.435142490364426,1.27891295119868,15,"Thbs1/Txnip/Fosb/Cldn4"
"GOBP_REGULATION_OF_CELL_SUBSTRATE_JUNCTION_ORGANIZATION",0.157541599570585,0.539536915683705,0.0577985195763119,0.320032971683761,1.22315481271153,43,"Thbs1/Rock2/Clasp2/Rock1/Smad3/Phldb2/Rac1/Ppm1f/Dmtn/Epha3/Grem1/Kdr/Arf6/Efna5/Tsc1/Itgb1bp1/Macf1"
"GOBP_REGULATION_OF_ACTIN_FILAMENT_BASED_PROCESS",0.157710790738314,0.539536915683705,0.0746018195047473,0.217485201970022,1.1187220713426,236,"S1pr1/Rock2/Stc1/Plek/Mtor/Smad4/Abi2/Synpo/Myo3b/Ect2/Clasp2/Fgf13/Ssh2/Rock1/Kcnj2/Smad3/Phldb2/Pde4b/Tjp1/Itgb3/Hck/Lmod2/Washc4/Neb/Dsc2/Taok1/Pik3ca/Rac1/Rdx/Alox15/Rhpn1/Jam3/Ap1ar/Arhgef15/Flii/Rhobtb1/Ppm1f/Ryr2/Coro1a/Csrp3/Pfn2/Capza2/Actn2/Nckap1/Rhoq/Sumo1/Naa20/Shank3/Mkks/Stau2/Dmtn/Epha3/Cdc42/Tmod4/Prox1/Rala/Arhgap40/Atp1a2/Ctnna3/Cdc42ep3/Fchsd2/Ssh1/Arf6/Svil/Crk/Ank2/Rnh1"
"GOBP_INTRA_GOLGI_VESICLE_MEDIATED_TRANSPORT",0.158670322138451,0.542212342430613,0.0451750626902471,-0.463097017119504,-1.28775929399024,16,"Trappc3/Copz1/Cope/Cog3/Copa/Cog6/Rab33b/Copg2"
"GOBP_EPITHELIAL_CELL_APOPTOTIC_PROCESS",0.159084718060474,0.542564930341109,0.0579561436845735,0.31360657896842,1.21842032200605,46,"Eif2s1/Atf2/Prkaa2/Prkaa1/Jak2/Cast/Pla2r1/Exoc5/Ryr2/Npc1/Ppara/Tia1/Bok/Yap1/Jag2/Arf6/Rb1/Btc/Bax/Cdkn1b"
"GOBP_EXTRACELLULAR_TRANSPORT",0.159128699700698,0.542564930341109,0.0443610124692024,-0.412787718958888,-1.26980385428671,24,"Spag16/Cabyr/Nme7/Wwp2/Drc1/Ccdc103/Dnaaf3/Cfap45/Ccdc88c/Cfap54/Slc9a3r1/Arrdc1"
"GOBP_REGULATION_OF_ENDOPLASMIC_RETICULUM_STRESS_INDUCED_INTRINSIC_APOPTOTIC_SIGNALING_PATHWAY",0.159843418691894,0.544394252066594,0.0437813130319179,-0.403473457261875,-1.26923586089279,26,"Hyou1/Xbp1/Tmbim6/Selenos/App/Bbc3/Creb3/Eif2ak3/Syvn1/Grina/Creb3l1"
"GOBP_RESPONSE_TO_NICOTINE",0.160165331955567,0.544883172744162,0.0561393712402482,0.369828039172139,1.25375796782505,26,"Chrna2/Vcam1/Creb1/mt-Nd4/Fosb/Chrnb1/Ppara/Tnf"
"GOBP_POSITIVE_REGULATION_OF_ERBB_SIGNALING_PATHWAY",0.16051170649288,0.545454130518072,0.0540750048245249,0.422947850114299,1.28161297266307,17,"Neu3/Cnot9/Sos1/Rbpj/Rtn4"
"GOBP_NEGATIVE_REGULATION_OF_PROTEIN_SERINE_THREONINE_KINASE_ACTIVITY",0.161622879946791,0.547204544900397,0.043980694668116,-0.412078339965735,-1.26762168621755,24,"Cdk5rap3/Adipoq/Mapk8ip1/Pdcd4"
"GOBP_RETROGRADE_TRANSPORT_ENDOSOME_TO_GOLGI",0.161787850173119,0.547204544900397,0.0426325766329192,-0.337690035271275,-1.22830308103697,52,"Tmed9/Lman1/Ap1s1/Tbc1d10a/Surf4/Ykt6/Rab9b/Trim27/Vps51/Snx1/Sorl1/Arfrp1/Snx6/Snx8/Snx2/Atp9a/Arfip1"
"GOBP_REGULATION_OF_SUPEROXIDE_METABOLIC_PROCESS",0.161942321912743,0.547204544900397,0.0544267856756359,0.400997978894421,1.26574600546591,20,"Fpr2/Cd177/Cd36/Itgam/Elavl1"
"GOBP_ANTIGEN_PROCESSING_AND_PRESENTATION_OF_EXOGENOUS_PEPTIDE_ANTIGEN_VIA_MHC_CLASS_II",0.162255070470952,0.547204544900397,0.0446976706420201,-0.470336829090928,-1.28652526718981,15,"H2-DMa/Ctsl/H2-Eb1/Cd74/Ctsd/Ctss/Unc93b1/Dnm2"
"GOBP_IMMUNOGLOBULIN_PRODUCTION_INVOLVED_IN_IMMUNOGLOBULIN_MEDIATED_IMMUNE_RESPONSE",0.162388685175485,0.547204544900397,0.0561393712402482,0.34730541669323,1.23043826279532,31,"Tbx21/Atad5/Tfrc/Rif1/Tnfsf4/Rnf168/Bcl6/Ung/Ptprc/Lig4"
"GOBP_CELLULAR_RESPONSE_TO_XENOBIOTIC_STIMULUS",0.16240796881767,0.547204544900397,0.0405314912401909,-0.289301161815196,-1.18980139325363,103,"Fbp1/Tpmt/Lpo/Acsm2/Adipoq/Nr1i2/Acaa1a/Gstm2/Sox10/Gsto2/N6amt1/Pon3/Cyp2a5/Slco2b1/Guk1/Cyp2f2/Ephx1/Bphl/Aldh2/Cbr1/Prnp/Sult1c1/Tlr3/Sufu/Gsta3/Cyp2e1/Grin1/Gstm4"
"GOBP_RESPONSE_TO_ESTROGEN",0.162668784749801,0.547204544900397,0.0427253227144247,-0.367353372660106,-1.24903461980385,37,"Bglap3/Cited1/Cited4/Slc34a2/Gata3"
"GOBP_REGULATION_OF_MACROPHAGE_ACTIVATION",0.16267787839586,0.547204544900397,0.0431492457223638,-0.385582494761355,-1.25818488878803,31,"Nr1d1/Shpk/Tnip2/Ldlr/Calhm2/Grn/Cd74"
"GOBP_AMINE_METABOLIC_PROCESS",0.162719163334359,0.547204544900397,0.041953199874439,-0.326439458421898,-1.21983235552135,59,"Drd1/Kl/Gata3/Slc1a1/Nadsyn1/Pah/Aldh7a1/Chrnb2/Paox/Sat2/Comt/Abat/Aldh2/Azin2/Pnmt/Ednra/Gde1/Ddc/Gdpd1/Afmid/Odc1"
"GOBP_REGULATION_OF_DNA_REPAIR",0.162880111849004,0.547204544900397,0.0652926206630866,0.240575967777855,1.14710178150626,135,"Fignl1/Timeless/Ube2n/Mre11a/Tigar/Dek/Ppp4r3a/Parg/Taf5l/Rif1/Supt7l/Eya1/Rnf168/Abraxas1/Smchd1/Mrnip/Atrip/Pbrm1/Cebpg/Ercc8/Dhx9/Kat7/Hmgb1/Fh1/Spidr/Csnk2a1/Slf2/Atxn7l3/Atxn7/Peli1/Yy1/Ercc6/Ccdc117/Taf4/Pnkp/Eya4/Klhl15/Pot1a/Meaf6"
"GOBP_VENTRAL_SPINAL_CORD_DEVELOPMENT",0.162997098480969,0.547204544900397,0.0444123736809969,-0.456041791114951,-1.28616056832203,17,"Scyl1/Tctn1/Reln/Gigyf2/Sufu/Dab1/Ptch1/Dll4/Ift172/Isl2/Gli3"
"GOBP_REGULATION_OF_ISOTYPE_SWITCHING",0.163325183374083,0.547704100118358,0.0539446818693931,0.407780020655807,1.27269183353504,19,"Tbx21/Atad5/Tfrc/Rif1/Tnfsf4"
"GOBP_POSITIVE_REGULATION_OF_B_CELL_MEDIATED_IMMUNITY",0.164182811723795,0.549042944819678,0.054250115182477,0.393139892865925,1.25885610232764,21,"Tbx21/Atad5/Tfrc/Rif1/Tnfsf4"
"GOBP_RNA_EXPORT_FROM_NUCLEUS",0.164252528013118,0.549042944819678,0.0570783025835191,0.309262542428777,1.20719003392862,47,"Sarnp/Xpo1/Eif4e/Ncbp1/Agfg1/Iws1/Dhx9/Wnk1/Cpsf6/Chtop/Thoc1/Ythdc1/Nup188/Smg5/Nup107/Rbm15b/Thoc7/Thoc2"
"GOBP_RESPONSE_TO_ACID_CHEMICAL",0.164332538736591,0.549042944819678,0.040984587350474,-0.306950164166309,-1.20126012629806,76,"Cdo1/Pnpla3/Col3a1/Xbp1/Lamtor2/Umod/Col18a1/Nsmf/Tmbim6/Hnrnpab/Gdf10/Klhl22/Ass1/Col1a1/Mmp2/Casp3/Cfl1/Lars/Stambpl1/Col1a2/Slc7a5/Grin1/Fyn/Col4a6/Lamtor1/Cyba/Sipa1/Fut1/Kcnb1/Col4a1"
"GOBP_T_HELPER_17_TYPE_IMMUNE_RESPONSE",0.164443304258594,0.549042944819678,0.0551495524088585,0.371011619038684,1.24505550551374,25,"Tbx21/Socs3/Jak2/Rorc/Opa1/Il6ra/Il23r/Stat3/Il6st"
"GOBP_REGULATION_OF_CALCIUM_MEDIATED_SIGNALING",0.16496269687759,0.549733225510622,0.0572815437800962,0.298468980320288,1.20018652705212,53,"Plek/Mtor/Ppp3cb/Rcan1/Ppp3cc/Dyrk2/Akap6/Ppp3r1/Ppp3ca/Inpp5a/Tnf/Nfat5/Ptprc/Negr1/Actn3/Efhb/Pdk2/Atp2b4/Plcg2"
"GOBP_CELLULAR_RESPONSE_TO_FLUID_SHEAR_STRESS",0.165009940357853,0.549733225510622,0.0541186374330882,0.388801793281016,1.26261106250899,22,"Klf2/Ppp2ca/Mtor/Ptgs2"
"GOBP_BONE_MINERALIZATION",0.165389150943396,0.550396357442348,0.0592054667890258,0.278974920552642,1.1790550514378,68,"S1pr1/Fgr/Bmpr1b/Bmpr2/Tmem38b/Slc20a2/Bglap/Ank/Smad3/Ccr1/Bmp2k/Acvr2a/Isg15/Alox15/Phex/Klf10/Bglap2/Tent5a/Prickle1/Gpc3/Rflnb/Grem1/Herc1/Actn3/Phospho1/Bmp2/Ddr2"
"GOBP_ORGANIC_ACID_TRANSMEMBRANE_TRANSPORT",0.166276003515968,0.552745582961135,0.0403297267408196,-0.295498691542205,-1.19171020939864,92,"Slc25a10/Acsl5/Selenon/Slc1a1/Slc6a13/Lrrc8d/Sfxn1/Praf2/Cln3/Lrp2/Slc13a3/Slc1a4/Sfxn2/Slc13a2/Slc7a13/Slc7a3/Slc22a2/Cpt1b/Abcd2/Slc38a1/Slc7a5/Lrrc8e/Slc5a8/Slc7a6/Gfap/Cltrn/Slc46a1/Slc23a1/Slc17a5/Slc2a1/Slc43a2"
"GOBP_INTERFERON_BETA_PRODUCTION",0.166890260262946,0.554184505547065,0.0560429946064997,0.32709586227751,1.21849863970062,39,"Tomm70a/Traf3ip1/Hmgb2/Ppm1b/Isg15/Mavs/Dhx9/Ifih1/Tbk1/Oas1g/Hmgb1/Yy1/Zc3hav1/Trim56/Oas2/Polr3f/Traf3/Ddx3x"
"GOBP_NEGATIVE_REGULATION_OF_MIRNA_METABOLIC_PROCESS",0.167306769083053,0.554964364330866,0.0527275912884147,0.428901170514272,1.27654250239186,16,"Smad3/Srf/Ppara/Tnf/Yy1/Nfib/Ppard/Rara"
"GOBP_PHOSPHATIDYLINOSITOL_3_PHOSPHATE_BIOSYNTHETIC_PROCESS",0.168266922707633,0.557030541940778,0.0525655298882517,0.428489449705841,1.27531709395931,16,"Synj1/Pik3ca/Pik3c2a/Pikfyve/Inpp4a/Synj2"
"GOBP_NUCLEOTIDE_BINDING_OLIGOMERIZATION_DOMAIN_CONTAINING_2_SIGNALING_PATHWAY",0.168746999519923,0.557030541940778,0.052485005744846,0.428402487158035,1.27505826652767,16,"Irgm2/Nfkbia/Tnfaip3"
"GOBP_ANTIGEN_PROCESSING_AND_PRESENTATION_OF_PEPTIDE_ANTIGEN_VIA_MHC_CLASS_I",0.168785547005688,0.557030541940778,0.0430778341543233,-0.420918100285379,-1.266405552846,22,"Calr/Azgp1/Pdia3/Ace/H2-M3"
"GOBP_REGULATION_OF_TOLL_LIKE_RECEPTOR_4_SIGNALING_PATHWAY",0.168785547005688,0.557030541940778,0.0430778341543233,-0.420703325715318,-1.26575936607487,22,"Nr1d1/Bpifb1"
"GOBP_POSITIVE_REGULATION_OF_OSSIFICATION",0.16884133611691,0.557030541940778,0.0548754448345273,0.349005563667122,1.2296942658626,30,"Tob2/Bmpr1b/Bmpr2/Slc20a2/Smad3/Nipbl/Acvr2a/Isg15"
"GOBP_PROTEIN_INSERTION_INTO_ER_MEMBRANE",0.169344042838019,0.557862884955009,0.0430067286602703,-0.426213926493916,-1.27049074245893,21,"Sec61a1/Tram1/Emc8/Ubl4a/Get4/Rab5if/Wdr83os/Emc9/Ncln/Emc7/Ccdc47"
"GOBP_ENSHEATHMENT_OF_NEURONS",0.169618430525558,0.557862884955009,0.039490383274477,-0.286410641515452,-1.18200484439611,105,"Fa2h/Cntn2/Ormdl3/Cldn11/Ugt8a/Arhgef10/Hexb/Nab2/Mapk3/Sox10/Sirt2/Mpz/Hexa/Tmem98/Egr2/Ndrg1/Pmp22/Tymp/Abcd2/Itgb4/Eif2ak3/Tnfrsf21/Scn8a"
"GOBP_CELL_SURFACE_TOLL_LIKE_RECEPTOR_SIGNALING_PATHWAY",0.169641446848839,0.557862884955009,0.0416021147235871,-0.346247943236209,-1.22864712948679,46,"Nr1d1/Bpifb1/Tnip2/Irak1/Letmd1/Tlr5/Ptpn22/Pik3r1/Scimp/Ltf/Pik3ap1/Irak4/Cyba/Ticam2"
"GOBP_AXIS_SPECIFICATION",0.16989247311828,0.558087640189617,0.0555678476762568,0.318512109166976,1.21017592682918,42,"Tbx6/Stc1/Smad4/Ahi1/Pgap1/Rnf2/Srf/Nckap1/Prickle1/Gpc3/Setdb2/Mdfi/Caprin2/C2cd3/Wdr77/Mesp2"
"GOBP_RESPONSE_TO_INTERFERON_BETA",0.170511534603811,0.559077187015891,0.0534318440975073,0.373452489333415,1.24550180238457,24,"Irgm2/Ifi204/Xaf1/Ifitm1/Stat1/Oas1g"
"GOBP_REGULATION_OF_SUPRAMOLECULAR_FIBER_ORGANIZATION",0.170559717937417,0.559077187015891,0.0719516678892624,0.214420985742322,1.11060822074065,248,"S1pr1/Tpx2/Rock2/Plek/Ppp2ca/Map1b/Mtor/Smad4/Haus6/Abi2/Synpo/Clasp2/Fgf13/Ssh2/Rock1/Smad3/Phldb2/Tjp1/Ckap2/Hck/Lmod2/Washc4/Togaram1/Taok1/Ckap5/Apc/Pik3ca/Rac1/Rdx/Alox15/Camsap1/Rhpn1/Ap1ar/Arhgef15/Spast/Flii/Ppm1f/Hdgfl3/Coro1a/Pfn2/Capza2/Actn2/Nckap1/Haus3/Haus4/Map1s/Shank3/Mkks/Mecp2/Camsap2/Atxn7/Dmtn/Pde4dip/Dyrk1a/Cdc42/Tmod4/Prox1/Cdh5/Snca/Arhgap40/Cdc42ep3/Fchsd2/Wdr47/Ssh1/Arf6/Svil"
"GOBP_REGULATION_OF_CD4_POSITIVE_ALPHA_BETA_T_CELL_DIFFERENTIATION",0.170929018789144,0.559219755702993,0.0545157133850823,0.348169984402425,1.22675016657754,30,"Tbx21/Sash3/Tnfsf4/Il4ra/Bcl6/Cbfb/Opa1/Sh3rf1/Hmgb1/Il23r"
"GOBP_NEGATIVE_REGULATION_OF_T_CELL_MEDIATED_IMMUNITY",0.170969313200195,0.559219755702993,0.0525252258532999,0.412921801355818,1.26921966096276,18,"Spn/Tbx21/Ppp3cb/H2-Q7"
"GOBP_PINOCYTOSIS",0.171530977982591,0.560379350516965,0.0431731179875694,-0.452370699165229,-1.27580710116089,17,"Cln3/Kcnn4/Rab34/Snx33/Ahsg/Ppt1/Axl/Prom2/Cav1"
"GOBP_CELL_VOLUME_HOMEOSTASIS",0.171690694626474,0.560379350516965,0.0421765391127642,-0.40134864012941,-1.25179501394886,25,"Slc12a3/Slc12a1/Stk39/Cln3/Kcnn4/Gnb3/Lrrc8e/Sctr/Clcn3"
"GOBP_REGULATION_OF_TUBE_SIZE",0.172011230973844,0.560639103227464,0.0397587663467915,-0.302229214120396,-1.19385364565936,80,"Adora1/Drd1/Cbs/Manf/Foxc1/Oxtr/Kng2/Kcnmb4/Ace/Faah/Arhgap42/Acta2/Casr/Ext2/Mmp2/Foxc2/Vstm4/Scpep1/Htr7/Htr2b/Adrb1/Ednra/Ext1"
"GOBP_NEUROTRANSMITTER_RECEPTOR_INTERNALIZATION",0.172137308945127,0.560639103227464,0.0531387686615832,0.377962701240746,1.2433121778004,23,"Arc/Itgb3/Cblb/Numb/Atad1/Ppp3r1/Nrg1/Usp32"
"GOBP_GAMETE_GENERATION",0.172320947765213,0.560639505242518,0.0794123736887832,0.202899816901371,1.09096350911117,358,"Ccnb2/Fignl1/Tob2/Arrdc5/Bmpr1b/Ccnb1/Knl1/Celf1/Spata2/Inhba/Nr6a1/Ncaph/Foxj3/Zfp41/Zfx/Mtor/Smad4/Bcl2l11/Top2a/Atrx/Diaph2/Hpgd/Aspm/Dnali1/Hadh/Fbxo5/Ssh2/Setx/Kif18a/Ankrd49/Psme4/Celf3/Ube2b/Rfx2/Mastl/Hmgb2/Ccdc159/Pafah1b1/Parp11/Sos1/Racgap1/Agfg1/Pik3ca/Rnf2/Eed/Tuba8/Ereg/Herc4/Pank2/Acvr2a/Trp63/Tyro3/Stau1/Fxr1/Hsf2bp/Kdm3a/Slc19a2/Jam3/Igf2/Bcl6/Neurl1a/Eif5a2/Ccni/Tnfaip6/Lgr5/Usp42/Ddx3y/Rnf114/Herpud2/Panx1/Spin1/Ttc26/Etv5/Slc2a3/Vps13b/Tbp/Mkks/Tsga10/Sbf1/Ggnbp2/Mecp2/Tdrd9/Rnf17/Stau2/Yy1/Asf1b/Zc3h14/Angpt2/Cep128/Crkl/Ythdc1"
"GOBP_EMBRYONIC_CRANIAL_SKELETON_MORPHOGENESIS",0.172909184197024,0.561573843910713,0.0536865909405767,0.368456240810017,1.23648006590752,25,"Tbx15/Smad3/Nipbl/Six4"
"GOBP_REGULATION_OF_TISSUE_REMODELING",0.173004820567756,0.561573843910713,0.0549208699749138,0.322294353414518,1.21028413819054,40,"Pdk4/S1pr1/Tnfsf11/Rock2/Bglap/Rock1/Itgb3/Tnfaip3"
"GOBP_INTRACELLULAR_STEROL_TRANSPORT",0.173360107095047,0.561573843910713,0.0424486378330306,-0.424376757348913,-1.26501436957206,21,"Ldlr/Npc2/Ces1d/Osbpl2/Vps51/Anxa2/Gramd1c/Syt7/Stard4/Scp2/Abca2"
"GOBP_POSITIVE_REGULATION_OF_PHOSPHATIDYLINOSITOL_3_KINASE_PROTEIN_KINASE_B_SIGNAL_TRANSDUCTION",0.17346600331675,0.561573843910713,0.0614439060918817,0.245131586738945,1.1432761776604,118,"Fgr/Fpr2/Thbs1/Tnfsf11/Ccl5/Nts/Mtor/Pik3r5/Igf1r/Fgf2/Jak2/Selp/Eng/Osbpl8/Pik3ca/Rac1/Btbd10/Tyro3/Igf2/Rtn4"
"GOBP_RESPONSE_TO_FOOD",0.173527236874538,0.561573843910713,0.0524448692657274,0.39481218669899,1.24622061587767,20,"Mpo"
"GOBP_INTERLEUKIN_10_PRODUCTION",0.173855517332628,0.56174402651858,0.0544267856756359,0.342587884922788,1.22103901383477,32,"Thbs1/Sash3/Tnfsf4/Trib2/Isg15/Hmgb1/Pibf1/Rad21/Il23r/Stat3"
"GOBP_GLUTAMATE_RECEPTOR_SIGNALING_PATHWAY",0.173947577442415,0.56174402651858,0.0411525856398984,-0.363804086272546,-1.23696672577158,37,"Gria4/Slc1a1/Grin3a/Cln3/Grik4/App/Prnp/Ephb2/Grin3b/Grin1/Grik2/Dlg4/Fyn/Cdk5r1/Kcnb1/Grin2a/Ptk2b"
"GOBP_MEMBRANE_DEPOLARIZATION_DURING_ACTION_POTENTIAL",0.174235181644359,0.56207864828249,0.0514677969037334,0.4274125622108,1.25619417413963,15,"Ptpn3/Kcnj2/Cacna2d1/Scn4b/Slmap/Atp1a2/Ank2"
"GOBP_REGULATION_OF_STEM_CELL_POPULATION_MAINTENANCE",0.174702058504875,0.56299028347299,0.0549663983626419,0.313782555983154,1.20466766564243,44,"Wdr43/Taf5l/Trp63/Kdm3a/Elavl1/Zc3h13/Brms1l/Sap30/Sin3a/Yap1/Ogt/Arid4b/Hdac2/Sap130/Dpf2/Ing1/Zfp706"
"GOBP_REGULATION_OF_OSTEOBLAST_DIFFERENTIATION",0.175289105295192,0.564286845813288,0.0583823590311228,0.269543065766726,1.16369157950094,77,"Bmpr1b/Areg/Bmpr2/Noct/Vegfc/Fbxo5/Smad3/Ostn/Ifitm1/Fgf2/Npnt/Acvr2a/Cdk6/Trp63/Tnfaip6/Ipo7/Ppp3ca/Id1/Il6ra/Tnf/Tent5a/Il6st/Yap1/Grem1/Bmp2/Ddr2/Limd1/Acvr2b/Crim1/Msx2"
"GOBP_LONG_CHAIN_FATTY_ACID_METABOLIC_PROCESS",0.175484466318056,0.564321099580696,0.0402098897493978,-0.323309650567448,-1.20813695293161,59,"Acsl5/Slc27a4/Pnpla3/Alox8/Slc27a3/Faah/Asah2/Acaa1a/Gstm2/Fads1/Cyp2a5/Cyp2f2/Ephx1/Abcd2/Acot7/Hacl1/Cyp2e1/Gstm4"
"GOBP_DIGESTIVE_SYSTEM_DEVELOPMENT",0.17582746742549,0.564322676812639,0.0395665955216664,-0.305863451614083,-1.19077651875077,74,"Tmigd1/Col3a1/Sfrp5/Xbp1/Agr2/Sfrp2/Yipf6/Sox10/Srp54a/Hes1/Id2/Cela1/Ass1/Shox2/Nkx2-3/Ovol2/Dchs1/Tlr9/Ret/Sox11/Ext1"
"GOBP_SEGMENTATION",0.176006528835691,0.564322676812639,0.0548754448345273,0.298641472137202,1.19254832654242,51,"Tbx6/Smad4/Mafb/Myf6/Smad3/Myf5/Bmi1/Mtf2/Rbpj/Ppp2r3a"
"GOBP_NEGATIVE_REGULATION_OF_CELL_JUNCTION_ASSEMBLY",0.176039119804401,0.564322676812639,0.0518138223104503,0.402407156806739,1.2559229885769,19,"Thbs1/Rock2/Clasp2/Rock1/Phldb2/Robo2/Tnf/Dmtn"
"GOBP_INTRACELLULAR_PROTEIN_TRANSPORT",0.176336609925677,0.564683798032436,0.034746068639257,-0.231562425771118,-1.12083904887489,418,"Drd1/Insig1/Calr/Hspa5/Desi1/Tmed10/Tmed9/Edem2/H13/Hsp90b1/Sec61a1/Adipoq/Ap3m2/Lman1/Ap1s1/Xbp1/Rhbdd1/Tmed3/Arfip2/Scfd1/Umod/Sil1/Surf4/Stxbp2/Stx18/Ctsa/Cabp1/Pex2/Cep131/Os9/Mvb12a/Selenos/Myrip/Tram1/Copz1/Sec16b/Rab5c/Arcn1/Srp54a/Gnptg/Vps45/Derl1/Fam53a/Ap4m1/Cdk5/Stx7/Camk1/M6pr/Chp2/Rab20/Cd74/Egr2/Sirt7/Eif2d/Arf4/Ap3m1/Sec63/Slu7/Ap3d1/Sec61b/Derl2/Edem1/Ap3s1/Sec13/Hsp90aa1/Snx1/Vps18/Pex12/Cog3/Pik3r1/Ap1m2/Sorl1/Mlph/Copa/Sufu/Snx33/Vps37d/Cfl1/Rab19/Arfrp1/Zfand2b/Syvn1/Sytl4/Bcap31/Scfd2/Snx6/Stam2/Sec62/Sprn/Sort1/Erlec1/Tomm40/Prr5l/Gfap/Vps28/Rapgef3/Snx8/Snx17/Timm13/Unc93b1/Mbtps1/Snx2/B3gat3/Mia2"
"GOBP_INNER_MITOCHONDRIAL_MEMBRANE_ORGANIZATION",0.177048332902559,0.566369274363683,0.0532220567988579,0.350989524022394,1.22696749941516,29,"Tomm70a/Immt/Ghitm/Opa1/Hspa9/Pink1/Oxa1l/Apoo/Adck1/Cox18/Afg3l2/Mtx3/Maip1"
"GOBP_MODIFIED_AMINO_ACID_BIOSYNTHETIC_PROCESS",0.178774581504957,0.571280910005353,0.0410473806466076,-0.391570928118334,-1.24402089663157,27,"Folr1/Fpgs/Slc1a1/Aldh7a1/Ggt5"
"GOBP_POSITIVE_REGULATION_OF_CELLULAR_COMPONENT_BIOGENESIS",0.178957718780728,0.571280910005353,0.074281773080044,0.206395831789559,1.09069163830774,307,"Slitrk1/Rock2/Plek/Ppp2ca/Lrrn1/Cnot6l/Map1b/Mtor/Smad4/Bcl2l11/Tapt1/Abi2/Slitrk5/Synpo/Tfrc/Gbp5/Myo3b/Rock1/Creb1/Smad3/Gbp2/Cd36/Hck/Lmod2/Dock11/Mapk8/Togaram1/Ckap5/Apc/Pik3ca/Sh3glb1/Rac1/Cntnap2/Amigo1/Isg15/Alox15/Mavs/Myd88/Arhgef15/Lrrc4b/Neurl1a/Ppm1f/Srf/Rp1/Hopx/Pfn2/Nrg1/Dsg3/Nckap1/Rab7/Rhoq/Sumo1/Tnf/Spidr/Slitrk3/Slf2/Mecp2/Cdk2/Pdcd6ip/Pink1/Ttbk1/Stau2/Pde4dip/Fnip2/Adgrb3/Cnot6/Cdc42/Stam/Ppp2r5b/Cdh5/Rap1b/Rala/Cldn5/Snca/Cdc42ep3/Fchsd2/Kdr/Arf6/Wasl/Ttbk2/Plcg2/Asic2/Braf/Efna5/Btk/Bax/Cdkn1b/Ddx3x/Psmc6/Synpo2/Actr2/Tsc1/Ndel1/Itgb1bp1/Actr3/Zdhhc5/Pip4k2a/Dlg1/Lrrtm3"
"GOBP_PROTEIN_TARGETING",0.179564533053515,0.57261967482097,0.0362323902738512,-0.252286067737888,-1.14462827994562,212,"Adora1/Hspa5/Spcs2/Sec61a1/Lman1/Ltbp2/Slc1a1/Sil1/Srp72/Srprb/Os9/Spcs1/Tram1/Srp54a/Gnptg/Ap4m1/Cdk5/Zdhhc7/Srp68/M6pr/Ssr3/Atg3/Zdhhc14/Kif13b/Ap3m1/Sec63/Gabarap/Rpl11/Ap3d1/Sec61b/Zdhhc24/Vps51/Edem1/Zdhhc1/Hsp90aa1/Prnp/Srebf2/Pex12/Hacl1/Ap1m2/Sorl1/Golga7b/Vps37d/Ubl4a/Get4/Zfand2b/Bcap31/Bap1/Sec62/Cib1/Myo1c/Sort1/Golph3l/Tomm40/Zdhhc15/Timm13/Katnb1/Pml/Fyn/Vps37b/Cdk5r1/Man1a/Herpud1/Fzd5/Kcnb1/Yif1b/Golph3/Sdcbp/Spcs3/Hras/Syngr1"
"GOBP_LEARNING",0.179973337283365,0.573324864859939,0.0388025714978873,-0.297863946841738,-1.1838613116749,84,"Drd1/Cntn2/Prkar2b/Hmgcr/Slc1a1/Ift20/Chrnb2/Cln3/Cdk5/Pln/Comt/Reln/App/Arf4/Meis2/Ephb2/Nrxn3/B4galt2/Grin1/Ddhd2/Ppt1/Rapgef3/Dlg4/Fyn/Slc24a2"
"GOBP_REGULATION_OF_CELL_DEVELOPMENT",0.180432020330368,0.574141118821306,0.0844603778325338,0.195859117756051,1.07929647126529,462,"Tbx6/Slitrk1/Tob2/Tnfsf11/Rock2/Tbx21/Inhba/Kitl/Bmpr2/Map1b/Mtor/Smad4/Sash3/Nfkbia/Csf3r/Mafb/Myf6/Reck/Tnfsf4/Aspm/Mitf/Vegfc/Bglap/Fgf13/Rock1/Creb1/Rcor1/Tcim/Cdc73/Purb/Myf5/Fgf2/H2-Q7/Tsc22d1/Ccr1/Zbtb1/Hmgb2/Il4ra/Pafah1b1/Sos1/Rab21/Abcb10/Naca/Rac1/Itpka/Acvr2a/Cdk6/Amigo1/Robo2/Numb/Isg15/Fzd4/Crabp2/L1cam/Fxr1/Klf10/Pbrm1/Bcl6/Rtn4/Cbfb/Neurl1a/Kat7/Xrcc5/Tcf7/Map2k1/Tnfaip6/Stat1/Srf/Il34/Ppp3ca/Fzd3/Opa1/Sh3rf1/Med1/Gabpa/Camk2b/Idh2/Trak2/Tnf/Etv5/Hmgb1/Rassf10/Nin/Il23r/Ednrb/Tnfrsf12a/Tnfrsf1a/Shank3/Mecp2/Hspa9/Stat3/Ttbk1/Stau2/Ppp1r12a/Fgl2/Bglap2/Ptprc/Dusp10/Nrd1/Rfx3/Dip2b/S1pr3/Lig4/Tmem178/Il6st/Ppargc1b/Rflnb/Ythdf2/Yap1/Hlx/Slc30a1/Prox1/Ubash3b/Cdh5/Fstl4/Cldn5/Actn3/Casp8/Hdac2"
"GOBP_RESPONSE_TO_COLD",0.180605438686506,0.574141118821306,0.0524448692657274,0.365797595932106,1.22755807998421,25,"Ucp3/Nfkbia/Ucp2/Prkaa1/Lipa/Acadvl/Vgf"
"GOBP_REGULATION_OF_MAST_CELL_DEGRANULATION",0.181685338528982,0.575790172516939,0.0508309275119538,0.408590512169243,1.25590634746159,18,"Adora2b/Fgr/Il4ra"
"GOBP_DOPAMINE_TRANSPORT",0.181987788331072,0.575790172516939,0.0416238362763518,-0.439686695030887,-1.25706251925855,18,"Drd1/Sncg/Chrnb2/Comt/Abat/Slc22a2/Gnat1"
"GOBP_LIPID_MODIFICATION",0.182115951523092,0.575790172516939,0.0594870687313202,0.246719661967678,1.14203536498311,113,"Pdk4/Ppargc1a/Mlycd/Synj1/Hadhb/Cyp4f18/Mtm1/Hadh/Plin5/Prkaa1/Acat1/Dgkh/Adh7/Acadvl/B3galt1/Alox15/Mtmr1/Ephx2/Cyp3a13/Eci2/Abcc9/Inpp5a/Adh5/Ppara"
"GOBP_T_HELPER_17_CELL_DIFFERENTIATION",0.182151589242054,0.575790172516939,0.0508678015760926,0.399178087787155,1.24584498189934,19,"Tbx21/Socs3/Rorc/Opa1/Il6ra/Il23r/Stat3/Il6st"
"GOBP_POSITIVE_REGULATION_OF_CELL_CYCLE_PHASE_TRANSITION",0.182193396226415,0.575790172516939,0.0562362053989718,0.27593078213437,1.16618935450623,68,"Ccnb1/Atad5/Dtl/Ccne2/Fbxo5/Tfdp1/Rrm2/Cdc73/Lsm11/Trp63/Rdx/Rrm2b"
"GOBP_REGULATION_OF_AMIDE_METABOLIC_PROCESS",0.182312925170068,0.575790172516939,0.0538582753911296,0.299174906150788,1.18835248197842,50,"Pdk4/Rock2/Mtor/Tigar/Rtn1/Rock1/Prkaa1/Picalm/Pdk1/Rtn4/Tnf/Tnfrsf1a/Slc7a11/Gga3/Dyrk1a/Sp1/Nsmaf/Snca/Pdk2"
"GOBP_PURINE_NUCLEOTIDE_BIOSYNTHETIC_PROCESS",0.182443498198493,0.575790172516939,0.0594304508449092,0.250127999442626,1.14322203970614,106,"mt-Atp6/mt-Atp8/mt-Nd6/mt-Nd5/Adcy2/mt-Nd2/mt-Nd4/Slc4a7/Lipa/mt-Nd1/Adsl/Adcy4/Nampt/Atp5a1/Map2k1/Ppara/Idh2/Ndufb5/Atp5b/Ndufs2/Stat3/Pink1/Sdhb"
"GOBP_PROTEIN_RNA_COMPLEX_ORGANIZATION",0.182742897229042,0.576016089072658,0.0615683355795463,0.237494707797098,1.13196213041571,137,"Celf1/Srsf10/Rpf2/Luc7l2/Setx/Lsm2/Ncbp1/Prpf4b/Nufip1/Celf3/Aar2/Eif3j1/Ptbp2/Sf3a1/Eif5/Kif5b/Ddx46/Eif3m/Usp39/Ago2/Dhx9/Rrs1/Xrcc5/Dkc1/Rbm5/Smn1/Sf3b1/Scaf11"
"GOBP_RAS_PROTEIN_SIGNAL_TRANSDUCTION",0.182892178854494,0.576016089072658,0.0386577899933456,-0.304771571049679,-1.18434161235479,73,"Fbp1/Dhcr24/Trim67/Dok1/Rasgef1a/Ntn1/Ksr2/Mras/Rfxank/Stk19/Rgl3/Rras/Stambp/Lztr1/Ephb2/Ksr1/Pld1/Shtn1/Rapgef3"
"GOBP_FC_GAMMA_RECEPTOR_SIGNALING_PATHWAY",0.183556880278192,0.577514180483909,0.051090574302609,0.384719327402799,1.23189297696015,21,"Fgr/Hck/Appl1/Vav1/Yes1/Clec4d/Vav3/Clec4e/Lck/Myo1g/Prkce/Pak1"
"GOBP_CELLULAR_RESPONSE_TO_ALKALOID",0.184370771312585,0.579464839352027,0.0412584842934089,-0.433974158709376,-1.254823085024,19,"Selenon/Slc1a1/Casp7/Comt/Slc34a1/Casp6/Casp3/Ryr3"
"GOBP_REGULATION_OF_EXTRINSIC_APOPTOTIC_SIGNALING_PATHWAY",0.18455623197693,0.579464839352027,0.0583823590311228,0.253797506936372,1.14593360868817,98,"Bmpr1b/Thbs1/Tnfsf11/Mcl1/Inhba/Rb1cc1/Tnfsf14/Pmaip1/Tnfsf10/Gdnf/Eya1/Icam1/Hmgb2/Stradb/Tnfaip3/Nrg1/Sh3rf1/Tnfsf12/Tnf/Tnfrsf12a/Gclm/Scg2/Deptor/Ptprc/Birc6/Yap1"
"GOBP_NEGATIVE_REGULATION_OF_EXTRINSIC_APOPTOTIC_SIGNALING_PATHWAY",0.184923771880294,0.580022713649176,0.0545157133850823,0.289632552440484,1.17490546939692,56,"Thbs1/Mcl1/Rb1cc1/Gdnf/Eya1/Icam1/Hmgb2/Stradb/Tnfaip3/Nrg1/Sh3rf1/Tnf/Gclm/Scg2/Birc6/Yap1/Eya4/Unc5b"
"GOBP_REGULATION_OF_DEFENSE_RESPONSE_TO_VIRUS_BY_HOST",0.185319203928664,0.580615276037979,0.0519305727398162,0.347510693969402,1.21480642018381,29,"Tomm70a/Tnfaip3/Mavs/Dhx9/Stat1/Dtx3l/Il23r/Ercc6/Sin3a/Parp9/Il1b/Il15/Ifnlr1/Mul1"
"GOBP_ORGANELLE_LOCALIZATION",0.185492801771872,0.580615276037979,0.0775512583160702,0.20072312507338,1.08411929849205,374,"Adora2b/Fgr/Lmnb2/Ccnb1/Apold1/Mad2l1/Knl1/Plek/Nuf2/Nusap1/Synj1/Brsk2/Map1b/Armc1/Tacc2/Cep55/Mtm1/2610528A11Rik/Exoc3/Mcph1/Grp/Aspm/Ect2/Xpo1/Clasp2/Cep83/Plin5/Ap3b2/Kif18a/Abraxas1/Cdca8/Ube2b/Dnm1l/Il4ra/Pafah1b1/Cep290/Racgap1/Myo19/Gnao1/Apc/Btbd8/Fyco1/Bicd1/Ywhaz/Kif5b/Abraxas2/Ccdc66/Exoc2/Slc18a2/Nmd3/Lin7a/Ripor1/Bves/Ap1ar/Mfn1/Tfeb/Cluh/Spast/Stx17/Rrs1/Map2k1/Exoc5/Ttl/Exoc6/Stx12/Rab7/Opa1/Borcs5"
"GOBP_NEGATIVE_REGULATION_OF_ENDOTHELIAL_CELL_MIGRATION",0.18627713749665,0.582473546624631,0.0528091333836556,0.326523204955232,1.19865594321903,36,"Thbs1/Stc1/Fgf2/Krit1/Adamts9/Tnf/Hmgb1/Mecp2/Angpt2/Atp2b4/Slit2/Mmrn1/Itgb1bp1/Pdcd10"
"GOBP_RETINA_HOMEOSTASIS",0.186565964968665,0.582780187095368,0.0398168800491465,-0.373380639619881,-1.22984927196478,32,"Nxnl2/Tulp1/Poc1b/Iqcb1/Vstm4/Whrn/Tub/Pcdh15/Clcn3/Bbs4/Slc2a1/Bsg/Cngb1/Gnat2/Adgrv1/Arap1"
"GOBP_ARTERY_DEVELOPMENT",0.187758224942617,0.584744951670016,0.0385859064414778,-0.315277946372509,-1.1906311469198,63,"Folr1/Col3a1/Foxc1/Ldlr/Lox/Myh10/Lrp2/Comt/Hes1/Egr2/Mylk/Foxc2/Sufu/Slc2a10/Aplnr/Ednra/Sox4"
"GOBP_RESPONSE_TO_ALKALOID",0.187796395826747,0.584744951670016,0.0393014653454297,-0.332341710168393,-1.20345990968549,51,"Drd1/Selenon/Slc1a1/Chrnb2/Casp7/Cdk5/Comt/Abat/Hes1/Slc34a1/Casp6/Hsp90aa1/Casp3/Ryr3"
"GOBP_PHOSPHATIDYLGLYCEROL_METABOLIC_PROCESS",0.188027999034516,0.584744951670016,0.0496531608165045,0.410193556635215,1.24296502120634,17,"Pnpla8/Gpam/Lclat1/Mecp2/Serac1/Pla2g10/Lpcat4"
"GOBP_POSITIVE_REGULATION_OF_NEUROGENESIS",0.188181498417165,0.584744951670016,0.060711786175293,0.235725745697189,1.12639884861766,139,"Slitrk1/Bmpr2/Map1b/Mtor/Aspm/Vegfc/Fgf2/Pafah1b1/Rab21/Itpka/Amigo1/Robo2/Numb/Fzd4/Crabp2/L1cam/Fxr1/Neurl1a/Xrcc5/Map2k1/Srf/Il34/Fzd3/Camk2b/Tnf/Etv5/Rassf10/Nin/Tnfrsf12a/Shank3/Mecp2/Ttbk1/Stau2/Nrd1/Lig4/Il6st"
"GOBP_STRIATED_MUSCLE_ADAPTATION",0.188423953896267,0.584744951670016,0.0506111894965511,0.371616182946121,1.22243524085282,23,"Smad4/Smad3/Hdac4/Ppp3ca/Camk2b/Trpc3/Actn3/Camta2/Atp2b4/Inpp5f/Ezh2"
"GOBP_CELLULAR_RESPONSE_TO_CAMP",0.188642925890279,0.584744951670016,0.0395284429316276,-0.369143183012552,-1.22510228823603,33,"Fbp1/Eef2k/Adipoq/Cftr/Wt1/App/Ass1"
"GOBP_SENSORY_PERCEPTION_OF_LIGHT_STIMULUS",0.18871510013156,0.584744951670016,0.0374794960289456,-0.288147558776166,-1.16888997425405,95,"Nxnl2/Sfrp5/Hps1/Rbp4/Col18a1/Tulp1/Cabp1/Gnat3/Chrnb2/Eml2/Rpgrip1/Rdh11/Fam161a/Oat/Dhrs3/Col1a1/Gnat1/Rrh/Pitpna/Rgs9bp/Gucy2e/Whrn/Pcdh15/Ppt1/Bbs4/Slitrk6/Unc119/Bbs9/Cep250/Cngb1/Rpgr/Sema5b/Cln5/Gnat2/Adgrv1/Dll4"
"GOBP_CD4_POSITIVE_ALPHA_BETA_T_CELL_ACTIVATION",0.188739789964994,0.584744951670016,0.0548754448345273,0.277783237898068,1.16277641452335,65,"Spn/Tbx21/Mtor/Sash3/Tnfsf4/Socs3/Il4ra/Cblb/Rorc/Cd55/Bcl6/Cbfb/Tbk1/Opa1/Sh3rf1/Il6ra/Hmgb1/Il23r/Stat3/Il6st/Hlx/Cd274"
"GOBP_STRESS_FIBER_ASSEMBLY",0.189024390243902,0.584744951670016,0.0561393712402482,0.266155796195903,1.15164755168016,78,"S1pr1/Rock2/Mtor/Synpo/Clasp2/Rock1/Smad3/Phldb2/Tjp1/Rac1/Rhpn1/Arhgef15/Ppm1f/Srf/Pfn2"
"GOBP_OSTEOCLAST_DIFFERENTIATION",0.189428571428571,0.584744951670016,0.0541623664533898,0.284632309072142,1.16984469300351,59,"Tob2/Tnfsf11/Mtor/Mafb/Tfrc/Mitf/Bglap/Creb1/Ccr1/Pafah1b1/Klf10/Tnfaip6/Ppp3ca/Tnf/Il23r/Bglap2/Tmem178/Ppargc1b/Gpc3/Ubash3b/Ireb2/Bmp2/Slc9b2/Ostm1/Pou4f1"
"GOBP_RIBOSOME_BIOGENESIS",0.18954790543343,0.584744951670016,0.0659642175442741,0.218139430592226,1.10125667035248,209,"Zfp593/Nop58/Rps27a/Ddx31/Rpf2/Eri1/Dnttip2/Wdr43/Fdxacb1/Gtpbp4/Heatr1/Esf1/Xpo1/Zcchc4/Utp20/Wdr3/Mettl16/Utp6/Frg1/Nol10/Eif5/Wdr36/Grwd1/Wdr12/Nmd3/Bysl/Npm3/Mrm1/Ddx18/Exosc2/Noc2l/Ddx51/Rrs1/Ddx10/Xrcc5/Nop16/Dkc1"
"GOBP_REGULATION_OF_FIBROBLAST_PROLIFERATION",0.189568143578239,0.584744951670016,0.0536013074154146,0.288581182721846,1.16745546819153,55,"Ccnb1/Rnaseh2b/Creb1/Cdc73/Bmi1/Itgb3/Cdkn1a/Ereg/Cdk6/Dhx9/Ctc1"
"GOBP_REGULATION_OF_PHOSPHOLIPID_METABOLIC_PROCESS",0.189856065798492,0.584744951670016,0.0408804760052525,-0.448972727533822,-1.24848310668481,16,"Ldlr/Xbp1/Gnb3/Htr2b/Spata18/Mfsd2a"
"GOBP_REGULATION_OF_OSTEOCLAST_DIFFERENTIATION",0.190016103059581,0.584744951670016,0.0522851537507428,0.31113605288074,1.18915110054724,43,"Tob2/Tnfsf11/Mtor/Mafb/Mitf/Bglap/Creb1/Ccr1/Klf10/Tnfaip6/Ppp3ca/Tnf/Il23r/Bglap2/Tmem178/Ppargc1b"
"GOBP_CELLULAR_RESPONSE_TO_OXYGEN_LEVELS",0.190399484536082,0.584744951670016,0.0575901868329747,0.250329535636425,1.13799649079499,101,"Ccnb1/Rock2/Stc1/Inhba/Atf2/Lcn2/Mtor/Tigar/Epas1/Pmaip1/Ptgs2/Cpeb4/Npepps/Prkaa1/Bnip3/Pdk1/Rtn4/Slc8a3/Mdm4/Map2k1/Ptpn1/Cybb/Ndufs2/Cpeb2/Stat3/Pink1/Ankrd1/Slc2a4"
"GOBP_MUSCLE_ADAPTATION",0.19047619047619,0.584744951670016,0.0541186374330882,0.283429767676587,1.1688681363269,60,"Rock2/Smad4/Rock1/Smad3/Tomm70a/Akap6/Hdac4/Ppp3ca/Camk2b/Ppara/Tnfrsf1a/Yy1/Il6st/Trpc3/Actn3/Camta2/Atp2b4/Rgs2/Il1b/Inpp5f/Ezh2"
"GOBP_CHONDROCYTE_DIFFERENTIATION",0.190498014054384,0.584744951670016,0.0382314525118419,-0.31681728351838,-1.19258345097859,61,"Serpinh1/Sulf2/Col3a1/Ltbp3/Cytl1/Sfrp2/Osr2/Shox2/Ext2/Gdf5/Loxl2/Snx19/Eif2ak3/Runx2/Adamts12/Ext1"
"GOBP_REGULATION_OF_T_CELL_MEDIATED_IMMUNITY",0.190689848569826,0.584744951670016,0.0534318440975073,0.288253827912298,1.16613115397659,55,"Spn/Tbx21/Sash3/Ywhag/Tnfsf4/Ppp3cb/H2-Q7/Prkaa1/Zbtb1/Cd55/Ulbp1"
"GOBP_CALCIUM_ION_TRANSPORT",0.190846622585246,0.584744951670016,0.0347322242247581,-0.246501552237197,-1.13017311587632,236,"Panx3/Drd1/Bhlha15/Selenon/Plch1/Trpm3/Sec61a1/Psen2/Calhm2/Trpc4ap/Slc24a5/Tmbim6/Rem1/Grin3a/Chrnb2/Slc24a3/Cdk5/Pln/Hes1/Trim27/Kcnn4/Faim2/Casr/Mylk/App/Nalcn/Gnb5/Slc8b1/Mcoln1/Cacna1e/Creb3/Atp2a3/Thy1/Cd19/Cacna1d/Prnp/Chrna7/Grin3b/Tmbim4/Itpr2/Gpr35/Ryr3/Htr2b/Tlr9/Tspan13/Aplnr/Ednra/Grina/Tmem165/Grin1/Adcyap1r1/P2rx4/Plcg1/Ptpn6/Bak1/Atp2b3/Cacna1g/P2rx1/Nos3/Trpm6/Saraf/Pml/Fyn/Slc24a2"
"GOBP_CEREBRAL_CORTEX_RADIALLY_ORIENTED_CELL_MIGRATION",0.191186107470511,0.584744951670016,0.0397008671466232,-0.395329328984493,-1.23302095338101,25,"Pou3f3/Col3a1/Cdk5/Dixdc1/Reln"
"GOBP_REGULATION_OF_STRIATED_MUSCLE_CONTRACTION",0.191214470284238,0.584744951670016,0.0540314682667677,0.281177106285648,1.16833035770454,62,"Stc1/Atp1b1/Tmem38b/Fgf13/Kcnj2/Trdn/Pde4b/Jph4/Dsc2/Slc8a3/Ryr2/Sumo1/Ehd3/Tmem38a/Actn3/Atp1a2/Ctnna3/Rgs2/Ank2/Hrc"
"GOBP_HORMONE_TRANSPORT",0.192135593220339,0.586465793324803,0.035514052832793,-0.260272425773793,-1.14710710774915,168,"Nr1d1/Adora1/Nnat/Slc2a2/Serp1/Adipoq/Rbp4/Ildr1/Foxd1/Ffar2/C1qtnf3/Gata3/Tfr2/Cftr/C1qtnf12/Myrip/Snx4/Abat/H2-Eb1/Casr/Tcf7l2/Ffar4/Acvr1c/Slc8b1/Fam3b/Chrm3/Arntl/Vamp8/Snx19/C2cd2l/Mafa/Sytl4/Sox11/Slc7a5/Snx6/Sox4/Eny2/Rab11fip5"
"GOBP_REGULATION_OF_MITOCHONDRIAL_MEMBRANE_POTENTIAL",0.192161132280893,0.586465793324803,0.0523648460142054,0.306331797801807,1.18202920582884,45,"Ucp2/Pmaip1/Rnf122/Smad3/Bnip3/Kcnq3/Lipa/Pank2/Slc4a11/Mfn1/Mllt11/Gclm/Pink1/Bok/Prdx3/Nnt/Kdr"
"GOBP_GLYCEROLIPID_CATABOLIC_PROCESS",0.192678227360308,0.5867096817323,0.0390777501597469,-0.36610048278692,-1.22268805815655,34,"Pnpla3/Ldlr/Faah/Abhd16a/Enpp2/Pnpla6/Lypla2/Sorl1/Gde1/Ddhd2/Gdpd1"
"GOBP_REGULATION_OF_EXTRINSIC_APOPTOTIC_SIGNALING_PATHWAY_VIA_DEATH_DOMAIN_RECEPTORS",0.192727272727273,0.5867096817323,0.0509788589717893,0.351252721400622,1.21404060866154,28,"Bmpr1b/Thbs1/Pmaip1/Icam1/Hmgb2/Tnfaip3"
"GOBP_CELLULAR_RESPONSE_TO_ALCOHOL",0.192817191639682,0.5867096817323,0.0545157133850823,0.272760268885415,1.15584428157645,69,"Sgk1/Klf2/Inhba/Adcy2/Prkaa2/Tnfsf4/Creb1/Prkaa1"
"GOBP_REGULATION_OF_RELEASE_OF_SEQUESTERED_CALCIUM_ION_INTO_CYTOSOL_BY_SARCOPLASMIC_RETICULUM",0.193588469184891,0.588251077195031,0.0496531608165045,0.376386888913951,1.22229438736825,22,"Tmem38b/Trdn/Jph4/Akap6/Ryr2/Tmem38a/Atp1a2/Ank2/Hrc"
"GOBP_POSITIVE_REGULATION_OF_AXONOGENESIS",0.194240695463189,0.588251077195031,0.0520088039998597,0.29780783717042,1.17762056550469,49,"Slitrk1/Bmpr2/Map1b/Pafah1b1/Amigo1/Robo2/Crabp2/L1cam/Map2k1/Srf/Nin/Tnfrsf12a/Nrd1/Lpar3/Skil/Braf/Efna5/Slit2/Macf1/Tiam1/Robo1"
"GOBP_CELLULAR_RESPONSE_TO_HEAT",0.194429566148902,0.588251077195031,0.0515824416487845,0.316658089286509,1.18911876250054,40,"Thbs1/St8sia1/Eif2s1/Mtor/Chordc1/Tcim"
"GOBP_T_CELL_LINEAGE_COMMITMENT",0.194582504970179,0.588251077195031,0.0495153471939912,0.375946414630696,1.22086397291956,22,"Spn/Tbx21/Mtor/Socs3/Opa1/Il6ra/Il23r/Stat3/Il6st"
"GOBP_POSITIVE_REGULATION_OF_MITOTIC_CELL_CYCLE_PHASE_TRANSITION",0.195061043285239,0.588251077195031,0.052485005744846,0.288997370341546,1.16720490103229,54,"Ccnb1/Dtl/Ccne2/Fbxo5/Tfdp1/Rrm2/Lsm11/Rdx/Rrm2b"
"GOBP_REGULATION_OF_T_CELL_MIGRATION",0.195140863272163,0.588251077195031,0.0505022782052486,0.344686242723291,1.20493287796823,29,"Spn/Ccl5/2610528A11Rik/Tnfsf14/Itgb3/Coro1a/Wnk1/Crkl/Crk/Ripk3/Tnfrsf14/Dock8"
"GOBP_DOPAMINE_METABOLIC_PROCESS",0.195383071261291,0.588251077195031,0.0396816148434396,-0.409769163543053,-1.23286203122211,22,"Drd1/Slc1a1/Chrnb2/Comt/Abat/Aldh2"
"GOBP_SULFUR_COMPOUND_CATABOLIC_PROCESS",0.195543731293648,0.588251077195031,0.0395284429316276,-0.398602877408284,-1.22616891640912,24,"Cbs/Cdo1/Hexb/Gusb/Ggt5/Sgsh/Acot7/Chac1/Tst"
"GOBP_POSITIVE_REGULATION_OF_DNA_REPAIR",0.195759065765212,0.588251077195031,0.0553343907639583,0.26154557529033,1.1463097728973,83,"Timeless/Ube2n/Mre11a/Tigar/Rif1/Eya1/Rnf168/Abraxas1/Smchd1/Mrnip/Pbrm1/Cebpg/Ercc8/Dhx9/Hmgb1/Fh1/Spidr/Slf2/Peli1/Yy1/Ercc6/Ccdc117/Pnkp/Eya4/Meaf6/Spire2/Ube2v2/Dpf2/Fmn2/Actr2/Spire1"
"GOBP_ORGAN_GROWTH",0.195885784464231,0.588251077195031,0.0552880218325674,0.264380409798346,1.14569062711386,79,"S1pr1/Ccnb1/Stc1/Atf2/Tmem38b/Bcl2l11/Sash3/Ostn/Fgf2/Tomm70a/Akap6/Rbpj/Arx/Adprhl1/Igf2/Nrg1/Ppara/Heg1/Tbx2/Yy1/Yap1/Hlx/Prox1/Prkar1a/Cdk1/Ddr2/Rgs2/Ybx3"
"GOBP_GLUCOSAMINE_CONTAINING_COMPOUND_METABOLIC_PROCESS",0.195943623238226,0.588251077195031,0.0402297996453422,-0.456195816818059,-1.24784496731227,15,"Chia1/Hexb/Gnpda1/Pgm3/Amdhd2/Mgat3/Chst4/Chil1"
"GOBP_PHOSPHATIDYLCHOLINE_METABOLIC_PROCESS",0.19604692270609,0.588251077195031,0.0387119238036831,-0.369783556172152,-1.21800112026658,32,"Dbi/Ldlr/Pla2g2d/Lcat/Enpp2/Pnpla6/Slc44a4/Tmem86b/Mfsd2a/Abhd4"
"GOBP_CELLULAR_RESPONSE_TO_INTERFERON_BETA",0.196054554310765,0.588251077195031,0.0487753178893387,0.403126564766453,1.23911152227359,18,"Irgm2/Ifi204/Stat1/Oas1g"
"GOBP_POSITIVE_REGULATION_OF_REGULATED_SECRETORY_PATHWAY",0.196176008381351,0.588251077195031,0.0507207371426146,0.337399285686924,1.19534268973321,31,"Adora2b/Fgr/Cd177/Slc4a8/Il4ra/Itgam/Syt10/Ppp3ca"
"GOBP_T_CELL_PROLIFERATION",0.196351575456053,0.588251077195031,0.0575384272415454,0.241339652492062,1.12559086770346,118,"Vcam1/Spn/Kitl/Ccl5/Sash3/Tnfsf14/Tfrc/Tnfsf4/Ppp3cb/H2-Q7/Bmi1/Gpam/Jak2/Gnrh1/Sos1/Cblb/Lipa/Cd55/Igfbp2/Igf2/Bcl6/Coro1a/Ppp3ca/Sh3rf1/Hmgb1/Il23r/Ccdc88b/Peli1/Ptprc"
"GOBP_MRNA_EXPORT_FROM_NUCLEUS",0.196404614971827,0.588251077195031,0.0513538397141682,0.317930284322192,1.18435499693834,39,"Sarnp/Xpo1/Eif4e/Ncbp1/Agfg1/Iws1/Wnk1/Chtop/Thoc1/Ythdc1/Smg5/Nup107/Rbm15b/Thoc7/Thoc2/Ncbp3/Zc3h11a/Nup93"
"GOBP_REGULATION_OF_SPINDLE_ORGANIZATION",0.19720858102869,0.590080524037852,0.0502149116750946,0.34347129677059,1.2006857449472,29,"Tpx2/Cep97/Pdcd6ip/Chmp2b/Chmp7/Chmp1b/Bora/Cltc/Mapk15/Tpr/Hnrnpu/Nup62/Rcc1/Dync1h1"
"GOBP_NEPHRON_EPITHELIUM_DEVELOPMENT",0.197581254724112,0.59061715575554,0.0372150648906272,-0.304310979951995,-1.17251039818999,70,"Pou3f3/Cited1/Foxc1/Maged1/Adipoq/Foxd1/Gata3/Umod/Wt1/Slc22a6/Hes1/Foxc2/Dchs1/Lzts2/Ednra/Ext1/Greb1l/Calb1"
"GOBP_RESPONSE_TO_PH",0.198100407055631,0.591306716096355,0.0396816148434396,-0.433157098972569,-1.23839442999505,18,"Serpinf1/Mcoln1/Ctss/Rab11fip5/Gba/Hyal1/Scnn1g/Trpv1"
"GOBP_REGULATION_OF_NEUTROPHIL_MIGRATION",0.19856336582863,0.591306716096355,0.0498268864819582,0.360557663102222,1.20997370557762,25,"Dnm1l/Rac1/Mcu/Myd88/Jam3/Rtn4/Tnfaip6/Mospd2/Slit2/Perp/Cd99l2/Rac2"
"GOBP_PROSTATE_GLAND_DEVELOPMENT",0.198634590377113,0.591306716096355,0.0386758134638,-0.382138750585484,-1.22165294701088,28,"Fkbp4/Alox8/Serpinf1/Prlr/Crip1/Mmp2/Stk11/Ptch1/Sfrp1"
"GOBP_NEGATIVE_REGULATION_OF_PHOSPHATIDYLINOSITOL_3_KINASE_PROTEIN_KINASE_B_SIGNAL_TRANSDUCTION",0.198729150119142,0.591306716096355,0.0381615360374572,-0.355998172426341,-1.21042591422951,37,"Sfrp5/Epha7/Lox/Nop53/H2-M3/Otud3/Sirt7/Stambp/Usp49/Cib1/Lemd2"
"GOBP_CELL_DIFFERENTIATION_INVOLVED_IN_KIDNEY_DEVELOPMENT",0.198779704560051,0.591306716096355,0.0383899432789291,-0.364183365750978,-1.21628534574248,34,"Pou3f3/Adipoq/Gata3/Wt1/Acta2/Hes1/Foxc2/Ednra/Ext1/Cd24a/Ptch1"
"GOBP_PROTEIN_TARGETING_TO_LYSOSOME",0.199424898511502,0.592648895868326,0.0394713881731683,-0.426941689439935,-1.23448891395202,19,"Gnptg/Ap4m1/M6pr/Ap3m1/Sorl1/Sort1"
"GOBP_MITOCHONDRIAL_CALCIUM_ION_HOMEOSTASIS",0.200047801147228,0.593493548919906,0.0477499829963807,0.416887193012118,1.22525940844238,15,"Bnip3/Immt/Mcu/Slc8a3/Rap1gds1/Afg3l2/Maip1/Micu3"
"GOBP_REGULATION_OF_HORMONE_SECRETION",0.200112029127573,0.593493548919906,0.0353398441869359,-0.269936148018395,-1.15303160426665,135,"Nr1d1/Adora1/Nnat/Slc2a2/Serp1/Adipoq/Rbp4/Ildr1/Ffar2/C1qtnf3/Tfr2/Cftr/C1qtnf12/Myrip/Snx4/Abat/H2-Eb1/Casr/Tcf7l2/Ffar4/Acvr1c/Slc8b1/Chrm3/Arntl/Vamp8/C2cd2l/Sytl4/Sox11/Snx6/Sox4/Eny2/Rab11fip5"
"GOBP_CELLULAR_RESPONSE_TO_CALCIUM_ION",0.200489662676823,0.593493548919906,0.0511654200013341,0.291665966975426,1.16469343101189,51,"Carf/Prkaa2/Ect2/Cpne3/Prkaa1/Kcnq3/Fosb/Itpka/Capn3/Cpne8/Alox15"
"GOBP_COCHLEA_MORPHOGENESIS",0.200525812619503,0.593493548919906,0.0476877974326015,0.416580981391303,1.22435943196033,15,"Myo3b/Eya1/Nectin3/Rac1/Tbx2/Tbx1"
"GOBP_CELL_MATURATION",0.200862068965517,0.593493548919906,0.0357942052673273,-0.276453495932747,-1.15377955876051,116,"Cntn2/Bhlha15/Tmigd1/Xbp1/Fam20c/Gata3/Cftr/Cabyr/Sox10/H3f3a/Sirt2/Maea/Sox18/C3/Hes1/Id2/Ang/App/Tfcp2l1/Map3k13/C1qa/Lsm14b/Wee2/H3f3b/Runx2/Ret/Sptbn4/Bap1/Ednra/Gba/Tmem79"
"GOBP_COLLAGEN_BIOSYNTHETIC_PROCESS",0.201009251471825,0.593493548919906,0.0391705735779892,-0.419889270921733,-1.2346760984739,20,"Serpinh1/Pcolce/Col5a1/Rcn3/Col1a1/Cygb/Creb3l1/P3h4"
"GOBP_LIVER_REGENERATION",0.201100034376074,0.593493548919906,0.0396431810797813,-0.453714796669005,-1.24105856464775,15,"Sulf2/Cldn1/Srsf5/Rps15/Slc7a5/Vtn/Ptch1"
"GOBP_CELLULAR_SENESCENCE",0.201263278782659,0.593493548919906,0.0525655298882517,0.278619384713596,1.15770266543379,62,"Ulk3/Mapk10/Fbxo5/H2-Q7/Rsl1d1/Cdkn1a/Mapk8/Smc5/Cdk6/Smc6/Trp63/Akt3/Pla2r1/Bcl6/Map2k1/Srf/Opa1/Map2k7/Cdk2/Tbx2"
"GOBP_CELLULAR_RESPONSE_TO_VITAMIN",0.201862321250416,0.594423953367804,0.0388207651295308,-0.396121612685151,-1.21853613237939,24,"Bglap3/Folr1/Pim1/Casr/Col1a1"
"GOBP_CELLULAR_RESPONSE_TO_MOLECULE_OF_BACTERIAL_ORIGIN",0.201982228298018,0.594423953367804,0.0575901868329747,0.238972507550667,1.1194774996877,123,"Irgm2/Ppbp/Camp/Plscr4/Lcn2/Hadhb/Nfkbia/Gbp5/Tnfsf4/Gbp2/Cdc73/Pde4b/Jak2/Cd36/Hck/Hmgb2/Mapk8/Plaa/Cmpk2/Tnfaip3/Cd55/Irak3/Myd88/Plscr3/Map2k7/Adamts13/Tnf/Hmgb1/Ednrb/Nfkbil1"
"GOBP_PIGMENT_GRANULE_ORGANIZATION",0.2021625163827,0.594423953367804,0.0384609134616318,-0.391826534955437,-1.22209583825156,25,"Hps1/Ap1s1/Pmel/Ap3m1/Ap3d1/Bace2/Ap3s1/Bloc1s3"
"GOBP_CD4_POSITIVE_OR_CD8_POSITIVE_ALPHA_BETA_T_CELL_LINEAGE_COMMITMENT",0.202434177844014,0.594650397416791,0.0484486107620495,0.376626586955813,1.20597956577723,21,"Spn/Tbx21/Mtor/Socs3/Opa1/Il6ra/Il23r/Stat3/Il6st"
"GOBP_IONOTROPIC_GLUTAMATE_RECEPTOR_SIGNALING_PATHWAY",0.20264390896921,0.594694660807817,0.0388754749993405,-0.411792014704632,-1.22750081585665,21,"Gria4/Grin3a/Cln3/Grik4/App/Grin3b/Grin1/Grik2/Dlg4/Cdk5r1/Grin2a/Ptk2b"
"GOBP_POSITIVE_REGULATION_OF_T_CELL_MEDIATED_CYTOTOXICITY",0.203146143437077,0.595226666127495,0.039059251943962,-0.425993061496146,-1.23174598509537,19,"Azgp1/Cd1d1/H2-M3/Stx7/H2-Eb1"
"GOBP_B_CELL_DIFFERENTIATION",0.20321486506415,0.595226666127495,0.0360950011612582,-0.290893470253561,-1.16437111329466,88,"Itfg2/Xbp1/Card11/Ddrgk1/Lgals1/Slamf8/Slc39a7/Mfng/Jak3/Id2/Slc25a5/Zfp36l2/Cd19/Nkx2-3/Tpd52/Cmtm7/Pik3r1/Tlr9/Syvn1/Ptpn6/Bak1/Zfp36l1/Cr1l/Taok3/Sfrp1/Ikzf3/Pou2af1/Cd27/Dclre1c/Ptk2b"
"GOBP_NEGATIVE_REGULATION_OF_HYDROLASE_ACTIVITY",0.203949077682515,0.596734885766498,0.0494468248226716,0.3510611801335,1.20179010058944,27,"Gapdh/Reck/Plin5/Rdx/Serpinb3a/Dffa/Abce1/Epm2a/Camk2a/Serpinb3d/Rrp1b/Uri1/Lrrk2"
"GOBP_INTRINSIC_APOPTOTIC_SIGNALING_PATHWAY_IN_RESPONSE_TO_ENDOPLASMIC_RETICULUM_STRESS",0.204120443740095,0.596734885766498,0.0375295975721658,-0.340650168281333,-1.19771688353231,44,"Hyou1/Xbp1/Ppp1r15a/Tmbim6/Selenos/App/Bbc3/Creb3/Atp2a3/Trib3/Eif2ak3/Chac1/Syvn1/Grina/Creb3l1/Bak1/Pml/Txndc12/Herpud1"
"GOBP_REGULATION_OF_HEART_CONTRACTION",0.204575596816976,0.597464772849593,0.0562847952048854,0.24087222253587,1.12071704075082,117,"Stc1/Atp1b1/Tmem38b/Epas1/Fgf13/Kcnj2/Cacna2d1/Trdn/Pde4b/Jph4/Apln/Dsc2/Gnao1/Bves/Scn4b/Tmem161b/Slc8a3/Ryr2/Hopx/Csrp3/Abcc9/Ptpn1/Sumo1/Tnf/Ednrb/Ehd3/Tbx2/Atp1a3/Tmem38a/Kcnj3/Atp1a2/Ctnna3/Atp2b4/Rgs2/Ank2/Hrc"
"GOBP_B_CELL_ACTIVATION",0.204761249483969,0.597464772849593,0.0345125065272769,-0.260567567902889,-1.13825334998118,160,"Tnip2/Itfg2/Xbp1/Card11/Ddrgk1/Aplf/Lgals1/Pms2/Slamf8/Slc39a7/Mfng/Chrnb2/C3/Jak3/Bst2/Id2/Lat2/Cd74/Themis2/Prlr/Slc25a5/Zfp36l2/Exosc3/Cd19/Nkx2-3/Tpd52/Cmtm7/Ephb2/Tnfrsf21/Casp3/Pik3r1/Cd40/Tlr9/Syvn1/Txlna/Nfatc2/Skap2/Kmt5c/Pkn1/Ptpn6/Bak1"
"GOBP_SPERM_EGG_RECOGNITION",0.205495818399044,0.599035997336908,0.0390038894080939,-0.437884811558551,-1.23495300006786,17,"Folr1/Ly6k/Pcsk4/Cd9"
"GOBP_MITOCHONDRIAL_TRANSPORT",0.207008436080467,0.602870135582295,0.0552880218325674,0.248472163848502,1.13068155411943,102,"Ucp3/Atf2/Mrs2/Bcl2l11/Ucp2/Pmaip1/Timm21/Slc25a37/Tomm70a/Bnip3/Tomm40l/Slc25a20/Ghitm/Abcb10/Vdac1/Grpel2/Mcu/Slc8a3/Hspa4/Slc30a2/Slc25a21/Dnlz/Nptx1/Hspa9/Stat3/Pink1/Slc25a32/Bok"
"GOBP_REGULATION_OF_MEMBRANE_POTENTIAL",0.20726306465899,0.603036821460205,0.0651459743455219,0.210109092739661,1.08811123879324,249,"Chrna2/Gabrg2/Kcnc1/Atp1b1/Kcnq5/Slc4a8/Mtor/Ucp2/Pmaip1/Grin2c/Ptpn3/Rnf122/Fgf13/Kcnj2/Cacna2d1/Creb1/Smad3/Slc17a7/Trdn/Kcna2/Fhl1/Kcnc4/Bnip3/Cd36/Kcnq3/Dsc2/Akap6/Popdc3/Lipa/Kcnk4/Kif5b/Pank2/Kcnma1/Bves/Slc4a11/Scn4b/Tmem161b/Mfn1/Slc8a3/Ryr2/Gria1/Scn7a/Ppp3ca/Abcc9/Actn2/Chrnb1/Sumo1/Tnf/Rgs7bp/Kcnj11/Shank3/Ehd3/Mllt11/Mecp2/Gclm/Nrcam/Pink1/Gabrb3/Prkar1b/Glrb/Bok/Slmap/Htr3a/Atp1a3/Prdx3/Gria2/Nedd4/Kcnj3/Snca/Scn9a/Nnt/Atp1a2/Ctnna3"
"GOBP_CARBOHYDRATE_METABOLIC_PROCESS",0.207687460617517,0.603696662403916,0.032484202040503,-0.236639914651875,-1.11239421889155,304,"B3galt5/Nr1d1/Chia1/Amy1/Fbp1/Gcnt4/Slc25a10/Slc2a2/Pcx/Selenon/Kl/Edem2/Serp1/Shpk/Galk1/Aldob/Adipoq/Gk5/Rbp4/Nnmt/Slc4a4/C1qtnf3/Gale/Hexb/Nans/Gmppb/Clstn3/C1qtnf12/St3gal4/Gsto2/Selenos/Mpdu1/Pomk/Gnptg/Gusb/Comt/Jmjd8/Hexa/Atg3/Gnb3/Tcf7l2/App/Sirt7/St6galnac5/Slc35a2/Taldo1/Naga/Ext2/Slc2a5/Pfkfb3/Neu1/Aldh2/B3galt2"
"GOBP_GLOMERULAR_EPITHELIUM_DEVELOPMENT",0.207937584803256,0.603849164994248,0.0386038458652974,-0.429983534982877,-1.22932122312071,18,"Foxc1/Adipoq/Wt1/Foxc2/Ednra/Ext1/Cd24a"
"GOBP_GENITALIA_DEVELOPMENT",0.208165997322624,0.603927044345821,0.0382841005834183,-0.409131754431658,-1.21957091061599,21,"Dhcr24/Rbp4/Mertk/Wt1/Lrp2"
"GOBP_WALKING_BEHAVIOR",0.208451172849775,0.603927044345821,0.0381266974919746,-0.40011918171276,-1.21766026825812,23,"Drd1/Cntn2/Efnb3/Hexa"
"GOBP_POSITIVE_REGULATION_OF_FATTY_ACID_METABOLIC_PROCESS",0.208557457212714,0.603927044345821,0.047258457118424,0.389283494842518,1.2149637052332,19,"Ppargc1a/Mlycd/Ptgs2/Plin5/Plaa"
"GOBP_RESPONSE_TO_CORTICOSTEROID",0.20894132257063,0.604465663308026,0.0537293718609854,0.255892450786541,1.13406128259958,88,"Sgk1/Stc1/Ucp3/Inhba/Areg/Bcl2l11/Ucp2/Bglap/Fech/Eif4e/Bmi1/Jak2/Fosb/Pik3ca/Ddit4/Igfbp2/Atp5a1/Map2k1/Agl/Sh3rf1/Tnf/Hmgb1/Cybb/Tbx2/Bglap2/Ptprc"
"GOBP_SECONDARY_PALATE_DEVELOPMENT",0.20955352856457,0.605663225889084,0.0466625806686436,0.40950906467219,1.21882559924465,16,"Smad4/Itgb6/Tshz1/Gabrb3/Tbx1/Jag2"
"GOBP_REGULATION_OF_PH",0.210004646120489,0.605876215008981,0.0364331237004735,-0.317252995064835,-1.17656001835371,57,"Slc4a4/Slamf8/Ccdc115/Cftr/Mapk3/Atp6v1b1/Cln3/Grn/Gpr89/Slc9a9/Rab20/Tmem199/Tmem9/Dmxl2"
"GOBP_REGULATION_OF_STEROID_BIOSYNTHETIC_PROCESS",0.210023866348449,0.605876215008981,0.0370035891842464,-0.344494048541673,-1.19303038984154,41,"Bglap3/Nr1d1/Insig1/Ces1d/Akr1c18/Asah1/Srebf2/Fgfr4"
"GOBP_RIG_I_SIGNALING_PATHWAY",0.210268948655257,0.606010979379065,0.0470476102932455,0.388522517200265,1.2125886746242,19,"Dhx58/Usp15/Pum2/Ddx60/Rnf125/Trim25/Zc3hav1/Ankrd17"
"GOBP_MONOCYTE_CHEMOTAXIS",0.210798243347972,0.606899893876099,0.0484162612636226,0.352402836307207,1.19468460231772,26,"Fpr2/Tnfsf11/Ccl5/Ccr1/Ccl7/Il6ra/Hmgb1/Flt1/Grem1"
"GOBP_NEGATIVE_REGULATION_OF_SIGNAL_TRANSDUCTION_IN_ABSENCE_OF_LIGAND",0.210974693059384,0.606899893876099,0.047594922428523,0.362786995310814,1.19339153767517,23,"Mcl1/Gdnf/Eya1/Stradb/Nrg1/Tnf/Eya4/Unc5b/Il1b/Snai2/Col2a1"
"GOBP_NEGATIVE_REGULATION_OF_CARBOHYDRATE_METABOLIC_PROCESS",0.211431595660228,0.607642074075254,0.0489741949025186,0.331386897303209,1.18111686982764,32,"Slc4a1/Plek/Ppp2ca/Tigar/Gck/Pfkfb1/Hdac4/Ddit4"
"GOBP_REGULATION_OF_BIOLOGICAL_PROCESS_INVOLVED_IN_SYMBIOTIC_INTERACTION",0.211839042234786,0.608240859048186,0.037765625523013,-0.392573809584122,-1.20762249845806,24,"P4hb/Lgals1/Furin/H2-Eb1/Bst2/Cd74/Ltf/Trim62/Bsg/Exoc7/Trim12c/Trim15"
"GOBP_REGULATION_OF_MUSCLE_CELL_DIFFERENTIATION",0.21347277760689,0.611781826775522,0.0528500333504708,0.257489453578842,1.13160673974479,84,"Bmpr2/Mtor/Smad4/Myf6/Rcan1/Myf5/Nfatc1/Tomm70a/Eng/Akap6/Hdac4/Ereg/Naca/Igf2/Ccnt2/Srf/Hopx/Nrg1/Ppara/Mecp2/Yy1/Smyd1/Sox6/Sik1/Tbx1/Prox1/Actn3/Bmp2/Rgs2"
"GOBP_HETEROPHILIC_CELL_CELL_ADHESION_VIA_PLASMA_MEMBRANE_CELL_ADHESION_MOLECULES",0.213506493506494,0.611781826775522,0.0482233696391913,0.344474773091533,1.19061387346692,28,"Vcam1/Sele/Itgal/Icam1/Selp/Nectin3/Hmcn1/Amigo1"
"GOBP_APPENDAGE_MORPHOGENESIS",0.213693583051888,0.611781826775522,0.0527683194655535,0.26070940002449,1.12978233234588,79,"Smad4/Bcl2l11/Pbx2/Atrx/Reck/Pcsk5/Fzd6/Large1/Mbnl1/Nipbl/Traf3ip1/Trp63/Crabp2/Med1/Sall4/Tbx2/Tmem107/Prickle1/Gpc3/Grem1/Hdac2/Rdh10/Myh3/Dync2h1/Ttbk2"
"GOBP_REGULATION_OF_STEROID_METABOLIC_PROCESS",0.213931888544892,0.611781826775522,0.0360343478517525,-0.317418355465157,-1.1751607174147,56,"Bglap3/Nr1d1/Insig1/Ldlr/Lmf1/Ces1d/Gnb3/Akr1c18/Asah1/Srebf2/Fgfr4"
"GOBP_REGULATION_OF_RIG_I_SIGNALING_PATHWAY",0.214114258281325,0.611781826775522,0.0461145881357585,0.406449266141437,1.20971869270816,16,"Dhx58/Usp15/Pum2/Ddx60/Rnf125"
"GOBP_ESTABLISHMENT_OF_SKIN_BARRIER",0.214273831309266,0.611781826775522,0.0375295975721658,-0.397728522711207,-1.21038490977947,23,"Fa2h/Flg2/Cldn1"
"GOBP_INTEGRIN_ACTIVATION",0.215074411905905,0.613494237509374,0.0460013775372782,0.4058058709434,1.20780374965696,16,"Plek/Selp/Krit1/Jam3/Rap1b/Fermt3/Itgb1bp1"
"GOBP_TYPE_2_IMMUNE_RESPONSE",0.215781782756941,0.614937823061992,0.0462857931634898,0.394166633311027,1.21157090531714,18,"Tbx21/Tnfsf4/Il33/Il4ra/Bcl6/Stard7"
"GOBP_FOAM_CELL_DIFFERENTIATION",0.216136919315403,0.615375851359327,0.046343236109192,0.386245594494045,1.20548234084861,19,"Nfkbia/Itgb3/Cd36/Abca5/Ppara/Tnf/Pla2g10/Lpl/Il1b/Pla2g3"
"GOBP_NEURON_FATE_COMMITMENT",0.216481529320589,0.615783121112104,0.0477188632185394,0.350227030698685,1.18730838058983,26,"Smad4/Eya1/Rbpj/Arx/Bcl11b/Lmo4/Cdc42/Prox1/Jag2/Zdhhc16/Pou4f1/Nfib"
"GOBP_RESPONSE_TO_ISCHEMIA",0.216796350952509,0.616104978753408,0.0486766874868098,0.311753619999349,1.16134566559777,39,"Rock2/Mlycd/Tigar/Cpeb4/Rcan1/Sos1/Itgam/Abraxas2/Bves/Panx1/Kcnj11/Stat3/Pink1"
"GOBP_CELLULAR_RESPONSE_TO_GLUCOSE_STARVATION",0.217516843118383,0.617086676294293,0.0364331237004735,-0.360377030147189,-1.19600942013337,33,"Hspa5/Bhlha15/Asns/Itfg2/Xbp1"
"GOBP_CELL_FATE_SPECIFICATION",0.217545777534846,0.617086676294293,0.0490744516137842,0.296815462696485,1.15860351424754,47,"Tbx6/Tbx21/Smad4/Tbx15/Fgf2/Eya1/Mga/Apc/Rbpj/Gatad2b"
"GOBP_HOMEOSTASIS_OF_NUMBER_OF_CELLS_WITHIN_A_TISSUE",0.218387971407444,0.61890097648399,0.0462857931634898,0.377714854087483,1.19225306093686,20,"Sash3/Lipa/Rac1/Akt3/Coro1a/Fh1"
"GOBP_RESPONSE_TO_ZINC_ION",0.218701298701299,0.619144218828226,0.047594922428523,0.342811700635437,1.18486576854463,28,"Vcam1/S100a8/Bglap/Creb1/Mt1/Khk/Slc30a2/Gabrb3/Bglap2/Alad/Slc30a4/Slc30a1/Haao"
"GOBP_CENTRAL_NERVOUS_SYSTEM_NEURON_DEVELOPMENT",0.219019269935767,0.619144218828226,0.0357942052673273,-0.321465203380747,-1.17472662714201,53,"Drd1/Cntn2/Chrnb2/Tctn1/Cdk5/Ubb/Arhgef28/Lhx8/Cdh11/Ephb2/Ephb1/Draxin/Sptbn4"
"GOBP_CELL_RECOGNITION",0.219081800508449,0.619144218828226,0.0348294155746012,-0.297155871171067,-1.15474702043672,73,"Folr1/Cntn2/Cadm1/Cd209b/Efnb3/Tulp1/C4b/Ly6k/App/Ephb2/Tnfrsf21/Casp3/Ephb1/Ext1/Tub/Pcsk4/Ntm/Cd9/Cfp/Cdk5r1/Bsg/Fcgr1"
"GOBP_NEGATIVE_REGULATION_OF_CD4_POSITIVE_ALPHA_BETA_T_CELL_ACTIVATION",0.219324391455539,0.619183520744442,0.0463720284138497,0.37178641149624,1.19048105106482,21,"Tbx21/Tnfsf4/Il4ra/Cblb/Bcl6/Cbfb/Hmgb1/Hlx/Cd274"
"GOBP_NEURAL_TUBE_FORMATION",0.21950106480073,0.619183520744442,0.0351392025914253,-0.305026386131598,-1.1603188895804,65,"Folr1/Sema4c/Sfrp2/Fuz/Tctn1/Lrp2/Cc2d2a/Ovol2/Casp3/Sufu/Cfl1/Wdr83/Spint2/Bbs4/Ift122/Dvl2/Ptch1/Sfrp1"
"GOBP_REGULATION_OF_MICROTUBULE_POLYMERIZATION",0.220863895680522,0.622453137734311,0.0485134835352845,0.291695627009135,1.15345107266996,49,"Ppp2ca/Map1b/Haus6/Clasp2/Togaram1/Ckap5/Rac1/Camsap1/Haus3/Haus4/Mecp2/Camsap2/Pde4dip/Dyrk1a/Cdh5/Snca"
"GOBP_MONOCYTE_DIFFERENTIATION",0.221075778078484,0.622476038737115,0.0372150648906272,-0.418564945016542,-1.21026781214476,19,"Fasn/Irf7/H2-Eb1/Cd74"
"GOBP_PEPTIDE_TRANSPORT",0.221439425334991,0.622925823571268,0.0330257424359417,-0.260382294995595,-1.13045036982232,152,"Nr1d1/Adora1/Nnat/Slc2a2/Serp1/Mgst1/Cd209b/Rbp4/Ildr1/Ffar2/Tfr2/Cftr/C1qtnf12/Myrip/Mfsd1/Abat/H2-Eb1/Slc13a3/Cd74/Casr/Tcf7l2/Ffar4/Acvr1c/Slc8b1/Fam3b/Chrm3/Arntl/Snx19/Slc15a3/C2cd2l/Mafa/Sytl4/Sox4/Eny2/Rab11fip5"
"GOBP_SOMITE_DEVELOPMENT",0.222101841820152,0.624214468040997,0.0482874384163219,0.301859247537896,1.1588919401357,44,"Tbx6/Smad4/Myf6/Smad3/Myf5/Six4/Rbpj/Ppp2r3a"
"GOBP_AMYLOID_BETA_METABOLIC_PROCESS",0.222752585521082,0.625467967616641,0.0357644617683714,-0.340564484868139,-1.17942176902156,41,"Tmed10/Psen2/Ldlr/Ace/Efna1/Apeh/Aph1a/Bace2/Prnp/Chrna7/Casp3/Sorl1/Ifngr1/Mgat3/Aph1c"
"GOBP_NEGATIVE_REGULATION_OF_VIRAL_GENOME_REPLICATION",0.223313517704833,0.626467214497948,0.0469282432542117,0.337290705861518,1.17908001698785,29,"Ccl5/Ifitm1/Ifit1bl1/Isg15/Mavs/N4bp1/Ifih1/Oas1g/Tnf/Zc3hav1/Prox1/Znfx1/Srpk1/Oas2/Slpi"
"GOBP_FEMALE_SEX_DIFFERENTIATION",0.223902297179413,0.627189194217072,0.0499670502581102,0.268992198536903,1.13162792083113,66,"Bmpr1b/Inhba/Kitl/Zfx/Smad4/Dach2/Gnrh1/Tiparp/Arid5b/Ereg/Rac1/Robo2/Trp63/Tyro3/Fzd4/Vgf/Tnfaip6"
"GOBP_AMYLOID_PRECURSOR_PROTEIN_METABOLIC_PROCESS",0.224345918846937,0.627189194217072,0.0352966157276666,-0.319980651690007,-1.16930164682643,53,"Dhcr24/Tmed10/Psen2/Efna1/Cln3/Itm2c/Aph1a/App/Bace2/Itm2b/Prnp/Chrna7/Casp3/Sorl1"
"GOBP_CARDIAC_MUSCLE_TISSUE_MORPHOGENESIS",0.224724986904138,0.627189194217072,0.0471075969382511,0.328721894112787,1.16460031112094,31,"S1pr1/Smad4/Ttn/Eng/Rbpj/Ryr2/Nrg1/Med1/Heg1/Ankrd1/Prox1/Bmp2/Pou4f1"
"GOBP_POSITIVE_REGULATION_OF_APOPTOTIC_SIGNALING_PATHWAY",0.225108225108225,0.627189194217072,0.0515059350751614,0.254017771893137,1.12283760668234,86,"Bmpr1b/Thbs1/Tnfsf11/Mcl1/Inhba/S100a8/Bcl2l11/Tnfsf14/Pmaip1/Tnfsf10"
"GOBP_PROTEIN_REFOLDING",0.225123741252774,0.627189194217072,0.0370197510244561,-0.429725200167802,-1.21194070025658,17,"Hspa5/Hspa13/Hsp90aa1"
"GOBP_ACTIN_POLYMERIZATION_OR_DEPOLYMERIZATION",0.225384363755316,0.627189194217072,0.0530558347956872,0.243875642375235,1.11413161043487,105,"Plek/Mtor/Abi2/Diaph2/Ssh2/Jak2/Hck/Lmod2/Pik3ca/Rac1/Rdx/Alox15/Enah/Flii/Coro1a/Inf2/Wipf1/Pfn2/Capza2/Actn2/Nckap1/Mkks/Dmtn/Tmod4/Msrb1/Arhgap40/Cdc42ep3/Fchsd2/Ssh1/Arf6/Svil/Wasl"
"GOBP_PYRIMIDINE_NUCLEOTIDE_METABOLIC_PROCESS",0.225453961112004,0.627189194217072,0.0357199594025263,-0.360172728985399,-1.18634476863935,32,"Enpp3/Nme7/Upp2/Ak5/Tymp/Dpyd/Cmpk1/Ak3/Ogg1/Ctps2"
"GOBP_NEGATIVE_REGULATION_OF_NEURON_DIFFERENTIATION",0.225614655310943,0.627189194217072,0.0357051552759562,-0.359920494664676,-1.18551395374755,32,"Calr/Cntn2/Meis1/Hes1/Dixdc1/Id2"
"GOBP_EXCRETION",0.225981055480379,0.627189194217072,0.0367473484524694,-0.416938475587072,-1.20556492524188,19,"Umod/Chrnb2/Slc22a6/Atp6v1b1/Cln3/Comt"
"GOBP_NEGATIVE_REGULATION_OF_CD4_POSITIVE_ALPHA_BETA_T_CELL_DIFFERENTIATION",0.226099426386233,0.627189194217072,0.0446454413139534,0.408015158530466,1.19918390431829,15,"Tbx21/Tnfsf4/Il4ra/Bcl6/Cbfb/Hmgb1/Hlx"
"GOBP_REGULATION_OF_POTASSIUM_ION_TRANSMEMBRANE_TRANSPORT",0.226298875200857,0.627189194217072,0.0475025276276735,0.308700823072149,1.15923752821713,40,"Kel/Kcnc1/Atp1b1/Grp/Kcnj2/Fhl1/Cab39/Akap6/Amigo1/Abcc9/Sumo1"
"GOBP_REGULATION_OF_MAP_KINASE_ACTIVITY",0.226307448494453,0.627189194217072,0.0353542822631721,-0.334422168087627,-1.17581940137259,44,"Diras2/Cdk5rap3/Adipoq/Mapk8ip1/Pdcd4"
"GOBP_NEGATIVE_REGULATION_OF_ADAPTIVE_IMMUNE_RESPONSE",0.226480836236934,0.627189194217072,0.0475025276276735,0.314929089160124,1.15609432556591,36,"Spn/Tbx21/Tnfsf4/Ppp3cb/H2-Q7/Il33/Il4ra/Alox15/Bcl6"
"GOBP_CELLULAR_RESPONSE_TO_PEPTIDE_HORMONE_STIMULUS",0.226482213438735,0.627189194217072,0.0585444411550859,0.216313648483238,1.08636699283662,192,"Pdk4/Rock2/Leprotl1/Inhba/Map1b/Mtor/Ucp2/Rab10/Ywhag/Pklr/Bglap/Rock1/Creb1/Sgcb/Socs3/Igf1r/Top1/Prkaa1/Gck/Jak2/Itgb3/Osbpl8/Sos1/Apc/Pik3ca/Dennd4c/Gpr21/Kbtbd2/Rac1/Appl1/Nampt/Mbd5/Zfp106/Igf2/Nr4a2/Stat1/Rangap1/Gria1/Csrp3/Ppp3ca/Actn2/Ptpn1/Nucks1/Rhoq/Pik3c2a"
"GOBP_PHOSPHATIDYLINOSITOL_DEPHOSPHORYLATION",0.226650366748166,0.627189194217072,0.0451481889855519,0.382455712600598,1.19365402290381,19,"Synj1/Mtm1/Mtmr1/Inpp5a"
"GOBP_LENS_MORPHOGENESIS_IN_CAMERA_TYPE_EYE",0.227913372292884,0.629407756065865,0.0369069830787364,-0.442161817860513,-1.20945738389999,15,"Bcar3/Meis1/Tbc1d20"
"GOBP_MUSCLE_CELL_DIFFERENTIATION",0.228031634446397,0.629407756065865,0.0616934711125078,0.210033149638075,1.08212986642704,238,"Ccnb1/Kel/Bmpr2/Mtor/Smad4/Tnfsf14/Xk/Myf6/Ttn/Sgcb/Ppp3cb/Large1/Rcan1/Myf5/Nfatc1/Tomm70a/Homer1/Six4/Eng/Lmod2/Neb/Il4ra/Akap6/Hdac4/Popdc3/Ereg/Naca/Npnt/Capn3/Adprhl1/Bves/Igf2/Ccnt2/Flii/Srf/Hopx/Csrp3/Nrg1/Ppp3ca/Actn2/Chrnb1/Ppara/Ednrb/Mybpc1/Asf1a/Mecp2/Ptgfrn/Tbx2/Ankrd1/Yy1/Smyd1/Prickle1/Adgrb3/Cacybp/Sox6/Sik1/Alpk3/Tmod4/Acta1/Sypl2/Grem1/Pgm5/Tbx1/Prox1/Barx2/Prkar1a/Actn3/Cdk1/Nox4/Bmp2/Myh3/Rgs2/Bnip2/Ank2/Myom1"
"GOBP_CELLULAR_RESPONSE_TO_STARVATION",0.228070175438596,0.629407756065865,0.0541623664533898,0.234135119996739,1.10203701940335,126,"Pdk4/Eif2s1/Atf2/Bmpr2/Mtor/Prkaa2/Ucp2/Pmaip1/Ywhag/Cpeb4/Slc38a2/Bglap/Prkaa1/Dsc2/Cdkn1a/Mapk8/Stk26/Sh3glb1/Ywhaz/Mcu/Ripor1/Klf10/Jmy/Tfeb/Zfyve1"
"GOBP_INTERFERON_MEDIATED_SIGNALING_PATHWAY",0.228571428571429,0.629882578969901,0.0489408978432111,0.277322454836285,1.13980104050206,59,"Irgm2/Ythdf3/Ifitm1/Jak2/Hck/Hdac4/Cnot7/Isg15/Mavs/Myd88/Nlrc5/Ifih1/Stat1/Tbk1/Ptpn1/Oas1g/Med1"
"GOBP_PHOSPHOLIPID_CATABOLIC_PROCESS",0.228654592496766,0.629882578969901,0.0355579321076506,-0.362494298514257,-1.18284635547248,31,"Ldlr/Abhd16a/Smpd2/Enpp2/Pnpla6/Gde1/Pld1/Plcg1/Smpdl3a/Gdpd1/Smpdl3b"
"GOBP_ASTROCYTE_ACTIVATION",0.229266620973269,0.630999573939944,0.0367156255567355,-0.433831291342086,-1.20637848398274,16,"Nr1d1/Ldlr/Grn/App/C1qa/Ifngr1"
"GOBP_ASTROCYTE_DIFFERENTIATION",0.229505607329016,0.631088776228752,0.0349975673582034,-0.329600406296239,-1.16957400320871,46,"Nr1d1/Drd1/Cntn2/Ldlr/Mapk3/Grn/Hes1/Id2/App"
"GOBP_AMINO_ACID_TRANSPORT",0.229790966233007,0.631305217483666,0.0334113872043914,-0.28058886575126,-1.13822762704277,95,"Adora1/Sfxn5/Slc6a18/Slc1a1/Slc6a13/Slc7a4/Lrrc8d/Sfxn1/Praf2/Cln3/Abat/Slc1a4/Sfxn2/Slc7a13/Slc7a3/Slc6a12/Slc22a2/Slc38a1/Slc7a5/Lrrc8e/Kcnk2/Slc7a6/Llgl2/Gfap/Cltrn/Slc17a5/Slc43a2/Lrp5/Slc7a1/P2rx7/Slc11a1/Slc6a19/Slc9a3r1/Gnat2/Ttyh3"
"GOBP_SYNAPTIC_TRANSMISSION_GABAERGIC",0.230106841014192,0.631605030816134,0.0351392025914253,-0.348906644609551,-1.17911795066913,36,"Adora1/Gabra3/Gabra4/Clstn3/Cln3/Gabbr2/Nalcn/Slc38a1"
"GOBP_NEGATIVE_REGULATION_OF_INTRACELLULAR_TRANSPORT",0.230732331307963,0.632732707482081,0.0351392025914253,-0.344635585859813,-1.17494834851346,38,"Insig1/Arhgap8/Adipoq/Cabp1/Os9/Cdk5/Pln"
"GOBP_TRANSFORMING_GROWTH_FACTOR_BETA_RECEPTOR_SIGNALING_PATHWAY",0.230931904694769,0.632732707482081,0.0326027375455394,-0.267885841968847,-1.13189830698644,125,"Folr1/Cited1/Hspa5/Selenon/Col3a1/Htra3/Ltbp3/Ltbp2/Xbp1/Lox/Furin/Hsp90ab1/Gdf10/Lpxn/Cdkn2b/Pmepa1/Gdf5/Htra1/Ovol2/Brms1/Stk11/Parp1/Slc2a10/Sox11/Col1a2/Snx6"
"GOBP_MITOCHONDRIAL_TRANSMEMBRANE_TRANSPORT",0.231696813092162,0.633135494567518,0.0487095049209452,0.272900862206221,1.13394140145735,62,"Ucp3/Mrs2/Ucp2/Timm21/Slc25a37/Tomm70a/Tomm40l/Slc25a20/Ghitm/Abcb10/Vdac1/Grpel2/Mcu/Slc8a3/Hspa4/Slc30a2/Slc25a21/Dnlz"
"GOBP_PHOTORECEPTOR_CELL_DEVELOPMENT",0.231756866569153,0.633135494567518,0.0353832014498495,-0.374415002651646,-1.18951651888276,27,"Ift20/Tulp1/Rpgrip1/Thy1/Gnat1/Mfsd2a/Rpgrip1l/Thrb/Bbs4/Arl3/Cngb1/Rpgr/Gnat2"
"GOBP_MICROTUBULE_BUNDLE_FORMATION",0.231890730509515,0.633135494567518,0.0342024449747538,-0.308511307772561,-1.15720336099103,60,"Spag16/Cfap206/Cep131/Hydin/Ttc12/Capn6/Cc2d2a/Ttll13/Rsph9/Rsph1/Iqcg/Drc1/Nckap5/Ccdc146/Ccdc103/Dnaaf3/Cdk5rap2/Ttll5/Ccdc88c"
"GOBP_TIGHT_JUNCTION_ASSEMBLY",0.231907894736842,0.633135494567518,0.0474718353392469,0.282852600810683,1.13300238459611,52,"Rock2/Ect2/Rock1/Tjp1/Apc/Cldn4/Rac1/Strn/Srf/Dsg3/Pof1b/Tnf/Pecam1/Cldn17/Pdcd6ip"
"GOBP_PHAGOSOME_MATURATION",0.232429718875502,0.633993563539874,0.0359288022544139,-0.400484656618367,-1.19379498674768,21,"Slamf8/Srpx/Cln3/Slc9a9/Rab20/Mcoln1/Rab34"
"GOBP_GOLGI_ORGANIZATION",0.232750962392656,0.634303470213706,0.0334113872043914,-0.287268875539797,-1.14339140205313,85,"Bhlha15/Tmed10/Tmed9/Lman1/Tmed3/Surf4/Stx18/Tbc1d20/Pi4k2b/Mapk3/Hook1/Sec16b/Nsfl1c"
"GOBP_RECEPTOR_CATABOLIC_PROCESS",0.232968881412952,0.634331490834731,0.0359890212673894,-0.407825934655624,-1.19920409671753,20,"Gprasp1/Mvb12a/Furin/Cdk5/Nedd4l/Anxa2"
"GOBP_MONOCARBOXYLIC_ACID_CATABOLIC_PROCESS",0.233312826822516,0.634702302709516,0.0341226534304147,-0.309408127553309,-1.15619002333661,59,"Slc27a4/Fah/Adipoq/Bdh2/Faah/Echdc1/Pex2/Acaa1a/Acox2/Cryl1/Akr1a1/Cpt1b/Abcd2/Acot7/Hacl1"
"GOBP_MITOCHONDRIAL_FUSION",0.23430638078016,0.636838072316183,0.0456937949406542,0.344483828349876,1.16783828924205,26,"Gdap1/Mcl1/Tfrc/Bnip3/Mfn1/Zdhhc6/Opa1/Huwe1/Adck1/Fundc1/Bax/Afg3l2"
"GOBP_ENDOCARDIAL_CUSHION_DEVELOPMENT",0.234718179412543,0.636921132842298,0.0462571422572702,0.325604609169714,1.16050785324837,32,"Bmpr2/Smad4/Eng/Apc/Rbpj/Robo2/Mdm4/Tbx2/Nedd4/Bmp2/Heyl/Msx2/Snai2/Mdm2/Robo1"
"GOBP_REGULATION_OF_PEPTIDE_TRANSPORT",0.234753910173626,0.636921132842298,0.0326265664694886,-0.270489734257555,-1.1276504650315,114,"Nr1d1/Adora1/Nnat/Slc2a2/Serp1/Rbp4/Ildr1/Ffar2/Tfr2/Cftr/C1qtnf12/Myrip/Abat/H2-Eb1/Cd74/Casr/Tcf7l2/Ffar4/Acvr1c/Slc8b1/Chrm3/Arntl"
"GOBP_PEROXISOME_PROLIFERATOR_ACTIVATED_RECEPTOR_SIGNALING_PATHWAY",0.23520782396088,0.63758642608739,0.0442332865829381,0.379804251049182,1.18537874385019,19,"Plin5/Alox15/Fam120b/Med1/Ppara/Asxl2/Huwe1/Bmp2/Fabp5/Asxl1/Ncoa1/Ncoa2"
"GOBP_CARDIAC_MUSCLE_CELL_MEMBRANE_REPOLARIZATION",0.235696821515892,0.638345558272209,0.0441824649861948,0.379495542236335,1.18441525578028,19,"Atp1b1/Kcnj2/Cacna2d1/Scn4b/Kcnj3/Ank2/Ywhae/Dlg1"
"GOBP_ANTIGEN_PROCESSING_AND_PRESENTATION_OF_EXOGENOUS_PEPTIDE_ANTIGEN",0.236614566012637,0.640263506792388,0.0354266881911522,-0.384476042999518,-1.18271241817229,24,"H2-M3/H2-DMa/Ctsl/H2-Eb1/Cd74/Ctsd/Ctss/Mfsd6/Unc93b1/Dnm2/Fcgr1"
"GOBP_REGULATION_OF_NEUROINFLAMMATORY_RESPONSE",0.237071172555044,0.640275634778115,0.0359288022544139,-0.424724036298044,-1.19783607236869,17,"Nr1d1/Ldlr/Calhm2/Grn"
"GOBP_MITOPHAGY",0.237268518518519,0.640275634778115,0.0482874384163219,0.273305761458765,1.13032207789106,61,"Irgm2/Ulk3/Eif2s1/Pptc7/Tigar/Abi2/Bnip3/Dnm1l/Vdac1"
"GOBP_REGULATION_OF_EPITHELIAL_CELL_DIFFERENTIATION",0.237334970832054,0.640275634778115,0.0498618281870214,0.257500824764021,1.11587799425551,79,"Apold1/Rock2/Ahi1/Trim16/Prkx/Rock1/Gdnf/Fgf2/Abca12/Trp63/Stat1/Maff/Ipo7/Med1/Tnf/Tnfrsf1a/Ppp1r12a/Rfx3/S1pr3/Yap1/Cdh5/Cldn5/Bmp2/Il1b/Msx2/Ezh2/Cdkn1b"
"GOBP_POSITIVE_REGULATION_OF_AUTOPHAGY_OF_MITOCHONDRION",0.237457379444715,0.640275634778115,0.0439056492517661,0.384467780133532,1.18175902543759,18,"Irgm2/Bnip3/Vdac1/Pink1/Huwe1/Hk2"
"GOBP_CELLULAR_RESPONSE_TO_NITROGEN_COMPOUND",0.238461538461538,0.641605914888874,0.0677730323030541,0.196571970059897,1.06238434691091,373,"Chrna2/Pdk4/Fpr2/Camp/Vcam1/Klf2/Rock2/Gabrg2/Leprotl1/Stc1/Inhba/Timeless/Lcn2/Map1b/Tmem38b/Mtor/Ucp2/Atrx/Rab10/Ywhag/Pklr/Bglap/Rock1/Cacna2d1/Creb1/Sgcb/Socs3/Igf1r/Large1/Top1/Ifit1bl1/Prkaa1/Gck/Icam1/Jak2/Itgb3/Cd36/Osbpl8/Akap6/Sos1/Gnao1/Apc/Pik3ca/Dennd4c/Gpr21/Kbtbd2/Rac1/Slc1a3/Appl1/Amigo1/Mavs/Nampt/Mbd5/Zfp106/Atp5a1/Igf2/Nr4a2/Slc8a3/Dhx9/Ifih1/Ryr2/Stat1/Rangap1/Gria1/Csrp3/Ppp3ca/Abcc9/Actn2/Ptpn1/Oas1g/Nucks1/Rhoq/Chrnb1/Pik3c2a/Tnf/Spidr/Pde12/Cybb/Xrn1/Cdk2/Gclm/Cpeb2/Stat3/Gabrb3/Colec12/Dmtn/Bglap2/Slc2a4/P2ry2/Crkl/Sin3a/Gnb1/Adipor1/Htr3a/Atp1a3/Prkar1a/Ogt/Sp1/Tmem38a/Rap1b/Hdac2/Rap1gds1/Car2/Pdk2"
"GOBP_REGULATION_OF_FAT_CELL_DIFFERENTIATION",0.238547071905115,0.641605914888874,0.0329523110569487,-0.288300998756634,-1.13534693594541,79,"Nr1d1/Insig1/Adipoq/Xbp1/Sfrp2/Pim1/Sirt2/Fto/Hes1/Id2/Gnb3/Ffar4/Zfp36l2/Arntl/Trib3"
"GOBP_REGULATION_OF_VASCULAR_ENDOTHELIAL_GROWTH_FACTOR_RECEPTOR_SIGNALING_PATHWAY",0.238716148445336,0.641605914888874,0.0444897082298492,0.349979424371009,1.16721675795937,24,"Vegfc/Itgb3/Fzd4/Ptpn1/Nedd4/Il1b/Mmrn1/Itga5/Robo1/Fgf9/Nrp1"
"GOBP_PHOSPHOLIPID_DEPHOSPHORYLATION",0.238966900702106,0.641605914888874,0.044463890880197,0.349760394295638,1.16648627051735,24,"Synj1/Mtm1/Mtmr1/Ephx2/Inpp5a"
"GOBP_MAMMARY_GLAND_DEVELOPMENT",0.239279332936272,0.641605914888874,0.0329767453836388,-0.290071970988095,-1.13637927986071,77,"Csn3/Elf5/Cdo1/Socs2/Fasn/Oxtr/Xbp1/Ntn1/Gata3"
"GOBP_PROTEIN_LOCALIZATION_TO_CELL_CELL_JUNCTION",0.239512855209743,0.641605914888874,0.0355286646087992,-0.412366482772753,-1.19234514702966,19,"Tjp3/Ildr1/Zdhhc7/Cgnl1/Arhgef18"
"GOBP_PERK_MEDIATED_UNFOLDED_PROTEIN_RESPONSE",0.23971898560658,0.641605914888874,0.0357793259745138,-0.429937324718204,-1.19555031725953,16,"Hspa5/Ddrgk1/Agr2/Ppp1r15a"
"GOBP_NEGATIVE_REGULATION_OF_NUCLEOTIDE_METABOLIC_PROCESS",0.239922761284094,0.641605914888874,0.0434379986196493,0.390127985977099,1.18216249992061,17,"Slc4a1/Ppp2ca/Tigar/Pfkfb1/Hdac4/Ddit4"
"GOBP_MEMBRANE_FISSION",0.240445859872611,0.641605914888874,0.0457215328459934,0.319879260105253,1.15037579661965,33,"Tmcc1/Exoc3/Dnm1l/Sh3glb1/Exoc2/Spast/Exoc5/Exoc6/Vps36/Chmp2b/Stam/Chmp7/Chmp1b"
"GOBP_PROTEIN_LOCALIZATION_TO_LYSOSOME",0.240459249676585,0.641605914888874,0.0345261408907225,-0.359070234287828,-1.17167337452427,31,"Glmp/Gnptg/Ap4m1/Mfsd1/M6pr/Ap3m1/Ap3d1/Sorl1/Kptn/Sort1"
"GOBP_REGULATION_OF_NEUROTRANSMITTER_TRANSPORT",0.24048496009822,0.641605914888874,0.0334745904199672,-0.306602000665036,-1.15004168961521,60,"Bglap3/Drd1/Ppfia2/Kcnmb4/Sncg/Cdk5/Slc18a3/Cspg5/App"
"GOBP_POSITIVE_REGULATION_OF_BINDING",0.240729001584786,0.641605914888874,0.0340961551503935,-0.330363156615487,-1.1615480255645,44,"Gtf2b/Foxc1/Gpsm1/Gata3/Sirt2/Hes1/Rpl11"
"GOBP_PLASMA_MEMBRANE_PHOSPHOLIPID_SCRAMBLING",0.240867023867511,0.641605914888874,0.0435598039078413,0.383010152449442,1.1772786378462,18,"Slc4a1/Plscr4/Ano4/Plscr3"
"GOBP_REGULATION_OF_B_CELL_ACTIVATION",0.240992321323095,0.641605914888874,0.0326743471295092,-0.28770270724826,-1.1380169130412,81,"Tnip2/Xbp1/Card11/Ddrgk1/Aplf/Pms2/Slamf8/Chrnb2/Id2/Cd74/Themis2/Prlr/Zfp36l2/Exosc3/Cd19/Ephb2/Tnfrsf21/Casp3/Cd40/Tlr9/Nfatc2/Kmt5c/Pkn1/Ptpn6/Mlh1/Zfp36l1/Cr1l/Sfrp1/Ikzf3/Cd320/Cd27"
"GOBP_POSITIVE_REGULATION_OF_NEUROBLAST_PROLIFERATION",0.241370987207338,0.641605914888874,0.0432929962094138,0.389718364076355,1.18092126712621,17,"Aspm/Vegfc/Fgf2/Fzd3"
"GOBP_INORGANIC_ANION_TRANSPORT",0.241459854014599,0.641605914888874,0.0324135636295584,-0.278143317871378,-1.13033619897432,96,"Slc25a10/Slc17a1/Gabra3/Fxyd3/Gabra4/Slc12a3/Slc12a1/Enpp3/Slc34a2/Slc4a4/Slc1a1/Gabrq/Cftr/Slc22a6/Tmc4/Casr/Slc1a4/Slc34a1"
"GOBP_ALPHA_BETA_T_CELL_ACTIVATION",0.241661422278162,0.641605914888874,0.0500375312463182,0.246781424485772,1.10930698612729,94,"Spn/Tbx21/Atf2/Mtor/Sash3/Tnfsf4/Socs3/H2-Q7/Jak2/Il4ra/Cblb/Rorc/Cd55/Bcl11b/Bcl6/Cbfb/Tbk1/Opa1/Sh3rf1/Il6ra/Hmgb1/Il23r/Stat3/Ptprc/Il6st/Hlx/Cd274"
"GOBP_INSULIN_RECEPTOR_SIGNALING_PATHWAY",0.241731066460587,0.641605914888874,0.0495497041835319,0.256988336722736,1.11366413721133,80,"Pdk4/Mtor/Socs3/Igf1r/Prkaa1/Osbpl8/Sos1/Apc/Pik3ca/Gpr21/Appl1/Nampt/Zfp106/Igf2/Csrp3/Ptpn1/Nucks1/Rhoq/Pik3c2a"
"GOBP_NEGATIVE_REGULATION_OF_ALPHA_BETA_T_CELL_DIFFERENTIATION",0.242577842143374,0.643294537975702,0.0431731179875694,0.389135778625317,1.17915592165505,17,"Tbx21/Tnfsf4/Il4ra/Bcl6/Cbfb/Hmgb1/Hlx"
"GOBP_SODIUM_ION_TRANSPORT",0.243803388881109,0.644529207928186,0.0314279956614924,-0.26260539556677,-1.12171831287596,135,"Slc17a1/Fxyd3/Slc12a3/Slc6a18/Slc12a1/Slc34a2/Slc4a4/Umod/Pkp2/Slc5a10/Maged2/Slc24a5/Stk39/Slc6a13/Atp6v1b1/Slc24a3/Pon3/Slc9a9/Slc13a3/Prss8/Nalcn/Slc13a2/Slc8b1/Mcoln1/Slc34a1/Nedd4l/Slc6a12/Slc38a1/Tesc/Nkain4/Scn8a/Sptbn4/Ednra/Slc5a9/Grin1/P2rx4/Slc5a8/Nos3/Slc24a2/Scnn1g/Slc23a1/Actn4/Commd1/Grin2a/Cngb1/Gpd1l/P2rx7/Fxyd1/Slc6a19/Slc9a3r1/Nkain2/Slc28a3"
"GOBP_KIDNEY_EPITHELIUM_DEVELOPMENT",0.243913235945108,0.644529207928186,0.0324253117366674,-0.283438073684101,-1.13281125743495,87,"Pou3f3/Cited1/Foxc1/Maged1/Epha7/Adipoq/Foxd1/Gata3/Umod/Wt1/Slc22a6/Hes1/Epcam/Foxc2/Dchs1/Lzts2/Ret/Ednra/Ext1/Greb1l/Arg2/Calb1/Cd24a/Ptch1/Bmper/Sfrp1"
"GOBP_LIPID_EXPORT_FROM_CELL",0.244049110498622,0.644529207928186,0.0439306272279452,0.352895728195429,1.16085411316723,23,"Tnfsf11/Inhba/Ptgs2"
"GOBP_CHONDROCYTE_DEVELOPMENT",0.244402985074627,0.644529207928186,0.0351676964978177,-0.41430865477368,-1.18450680269922,18,"Serpinh1/Sulf2/Sfrp2/Shox2/Eif2ak3/Runx2/Ext1"
"GOBP_DEPHOSPHORYLATION",0.24450721908349,0.644529207928186,0.0496531608165045,0.24694006859701,1.10681136523255,93,"Ppp2ca/Synj1/Ppp1cb/Mtm1/Pdp1/Ssh2/Ppp3cb/Ptprb/Ppp3cc/Ppp2r3a/Ppm1b/Mtmr1/Ephx2/Ppp3ca/Sdhaf2/Ptpn1/Inpp5a/Sbf1/Ptpn21/Ppp6c/Ppp1r12a/Ptprc/Dusp10/Ppm1a/Smg5/Dusp26/Bmp2/Epm2a/Ssh1/Ptprz1/Inpp5f/Synj2/Ppm1d/Iqgap1/Cttnbp2nl/Dusp18"
"GOBP_CELLULAR_RESPONSE_TO_BIOTIC_STIMULUS",0.244521739130435,0.644529207928186,0.052485005744846,0.228399644342242,1.09004407760836,136,"Irgm2/Ppbp/Camp/Plscr4/Lcn2/Hadhb/Tigar/Nfkbia/Gbp5/Tnfsf4/Txnip/Gbp2/Cdc73/Pde4b/Jak2/Cd36/Hck/Hmgb2/Mapk8/Plaa/Cmpk2/Tnfaip3/Cd55/Irak3/Myd88"
"GOBP_POSITIVE_REGULATION_OF_LEUKOCYTE_CELL_CELL_ADHESION",0.244793569601754,0.644529207928186,0.0538582753911296,0.223028073378286,1.08532451968252,156,"Vcam1/Tnfsf11/Spn/Kitl/Ccl5/Mtor/Sash3/Tnfsf14/Sele/Tfrc/Ywhag/Tnfsf4/H2-Q7/Bmi1/Prkaa1/Gpam/Jak2/Selp/Zbtb1/Il4ra/Cd55/Igfbp2/Pbrm1/Igf2/Bcl6/Cbfb/Coro1a/Ppp3ca/Vav1/Opa1/Tnf/Hmgb1/Nfat5/Il23r/Ccdc88b/Ptprc/Dusp10/Il6st/Flot2/Yes1/Hlx/Cd274"
"GOBP_AMINE_TRANSPORT",0.244894703254627,0.644529207928186,0.0338859260319688,-0.336241265807042,-1.15864010558676,40,"Adora1/Drd1/Sncg/Chrnb2/Slc18a3/Abat/Flvcr2/Slc22a2"
"GOBP_LOCOMOTORY_BEHAVIOR",0.244942196531792,0.644529207928186,0.031940289716243,-0.274450396502282,-1.12667007718661,102,"Drd1/Cntn2/Meis1/Sncg/Slc1a1/Efnb3/Hexb/Chrnb2/Arcn1/Grn/Pln/Abat/Hexa/Reln/Id2/Gnb3/App/Gigyf2/Asl/Hoxd9/Tmbim4/Sptbn4/B4galt2/Ddhd2/Selenop/Calb1/Dab1/Ppt1/Clcn3/Dlg4"
"GOBP_POSITIVE_REGULATION_OF_HYDROLASE_ACTIVITY",0.245717660956881,0.645511109510274,0.0322966273283658,-0.286676727653196,-1.13395861917673,81,"Odam/Bcar3/Tbc1d20/Arhgap42/Rgs6/Grn/Rgs10/Chp2/Rhoc/Gnb5/Rcn3/Sipa1l1/Thy1/Rsu1/Asap3/Tbc1d30/Lars/Vsir/Rapgef3/Prss22/Evi5l/Cr1l/Ccdc125/Vcp"
"GOBP_RNA_5_END_PROCESSING",0.245737944471505,0.645511109510274,0.0430778341543233,0.381142922925333,1.17153923533524,18,"Ncbp1/Utp20/Pop1/Cmtr2/Trmt10c/Abt1/Nop9/Ncbp3/Snrpd3"
"GOBP_ACYLGLYCEROL_HOMEOSTASIS",0.246132691646614,0.645992588471139,0.0352966157276666,-0.435492481269142,-1.19121456405367,15,"Adora1/Acsm2/Xbp1/C1qtnf3/Ldah"
"GOBP_VIRAL_GENOME_REPLICATION",0.246542393265183,0.646512456158914,0.0482874384163219,0.26106115115071,1.11281639839205,72,"Ccl5/Dek/Top2a/Ifitm1/Ifit1bl1/Smc5/Stom/Cnot7/Smc6/Stau1/Isg15/Mavs/N4bp1/Zfyve1/Ifih1/Ppid/Oas1g/Nucks1/Tnf/Pkn2/Pde12/Hacd3/Zc3hav1/Prox1/Ctbp1/Znfx1/Srpk1/Oas2/Atg16l1/Ddx3x/Slpi/Ddx5/Grk2"
"GOBP_POSITIVE_REGULATION_OF_T_CELL_MIGRATION",0.247143566815698,0.647533101734097,0.043413743815434,0.363148408174589,1.1628216774151,21,"Spn/Ccl5/Tnfsf14/Itgb3/Coro1a/Wnk1"
"GOBP_POSITIVE_REGULATION_OF_MIRNA_TRANSCRIPTION",0.248011928429423,0.6492514493161,0.0433411903189086,0.35700860909284,1.15936455808929,22,"Smad4/Smad3/Fgf2/Apln/Srf/Tnf/Stat3"
"GOBP_REGULATION_OF_INSULIN_SECRETION",0.249086390878527,0.651505928196831,0.0318385404491794,-0.277273749724782,-1.12477963566191,95,"Nr1d1/Nnat/Slc2a2/Serp1/Rbp4/Ffar2/Cftr/C1qtnf12/Myrip/Abat/H2-Eb1/Casr/Tcf7l2/Acvr1c/Slc8b1/Chrm3/Arntl/C2cd2l/Sytl4/Sox4/Eny2/Ano1/Rapgef3/Uqcc2/Rph3al/Inhbb/Jagn1/Kcnb1/Syt7/Lrp5"
"GOBP_NEGATIVE_REGULATION_OF_OSTEOBLAST_DIFFERENTIATION",0.249536914527653,0.651700627039238,0.0447238454595963,0.321717528943071,1.14665366629221,32,"Areg/Noct/Vegfc/Smad3/Ostn/Cdk6/Tnfaip6/Ipo7/Id1/Tnf"
"GOBP_B_CELL_HOMEOSTASIS",0.24974924774323,0.651700627039238,0.0433895242224597,0.346488468085677,1.15557406586435,24,"Bcl2l11/Sash3/Dock11/Sos1/Tnfaip3"
"GOBP_EPIDERMIS_DEVELOPMENT",0.249800796812749,0.651700627039238,0.0299781633235894,-0.245296577604686,-1.10270325842379,196,"Krt79/Krt25/Fa2h/Cst6/Krt27/Krt75/Flg2/Foxc1/Cldn1/Alox8/Krt10/Nab2/Trpc4ap/Ldb2/Fuz/Slc39a7/Krt7/Sox18/Slc39a2/Triobp/H2-Eb1/Hes1/Klk7/Akr1c18/Slc44a4/Asah1/Aldh3a2"
"GOBP_DIGESTIVE_TRACT_MORPHOGENESIS",0.250040776382319,0.651770112498281,0.0339120353192238,-0.371767422504454,-1.16949587652323,26,"Sfrp5/Agr2/Sfrp2/Sox10/Id2/Shox2/Nkx2-3/Ovol2/Sox11"
"GOBP_MEMBRANE_REPOLARIZATION",0.250384812724474,0.652110488383008,0.0438807083118067,0.342836392926906,1.15050396429663,25,"Atp1b1/Kcnj2/Cacna2d1/Akap6/Scn4b/Kcnj3/Atp1a2/Ank2/Ywhae/Dlg1"
"GOBP_GLUCAN_BIOSYNTHETIC_PROCESS",0.251064896016036,0.653230616302187,0.0432449411992719,0.350489279512138,1.15293807557049,23,"Ugp2/Gck/Dyrk2/Ppp1r3f/Gyg/Igf2/Agl/Gbe1/Gys1/Ppp1r3d/Epm2a"
"GOBP_POSTREPLICATION_REPAIR",0.25124254473161,0.653230616302187,0.0430303966229415,0.35600740126969,1.15611319429616,22,"Ube2n/Dtl/Rev1/Zbtb1/Ube2b"
"GOBP_POSITIVE_REGULATION_OF_MUSCLE_CELL_DIFFERENTIATION",0.25172231054584,0.653652385102857,0.0445414609420851,0.315367822493314,1.14123265220762,34,"Mtor/Myf6/Myf5/Eng/Akap6/Hopx/Nrg1/Smyd1/Tbx1/Prox1/Actn3"
"GOBP_LEUKOCYTE_CELL_CELL_ADHESION",0.251832686502803,0.653652385102857,0.0579561436845735,0.208506298646139,1.06912013005197,231,"Vcam1/Tnfsf11/Cd177/Spn/Fut9/Tbx21/S100a8/Kitl/Ccl5/Mtor/Sash3/Tnfsf14/Sele/Tfrc/Ywhag/Tnfsf4/Rock1/Itgal/H2-Q7/Bmi1/Prkaa1/Gpam/Icam1/Jak2/Gnrh1/Selp/Zbtb1/Il4ra/Cblb/Cd55/Igfbp2/Pbrm1/Igf2/Bcl6/Cbfb/Coro1a/Ppp3ca/Wnk1/Vav1/Opa1/Ppara/Tnf/Hmgb1/Nfat5/Il23r/Pecam1/Ccdc88b/Peli1/Fgl2/Ptprc/Dusp10"
"GOBP_REGULATION_OF_DNA_BINDING_TRANSCRIPTION_FACTOR_ACTIVITY",0.252138214163531,0.653889850823078,0.0511654200013341,0.232796211322626,1.0922303809046,124,"Sgk1/Il18rap/Cyp1b1/S100a8/Ube2n/Atf2/Nfkbia/Tfdp1/Tceal7/Hck/Mid2/Rnf2/Arid5b/Myd88/Cebpg/Nlrc5/Dhx9/Srf/Ror1/Id1/Sumo1/Tnf/Nfkbil1/Ikbkg/Trim25/Sik1/Prdx3/Ddr2/Traf5/Heyl/Ripk3/Clock/Pou4f1/Camk2a/Rb1/Btk/Traf3/Prkcq/Crebzf/Traf6/Rnf25"
"GOBP_NEGATIVE_REGULATION_OF_PROTEIN_CATABOLIC_PROCESS",0.252575802178393,0.654052362510937,0.0471075969382511,0.262439045698997,1.11210724154622,69,"Mad2l1/Pbk/Mtm1/Smad4/Grin2c/Ptpn3/Wac/Rock1/Smad3/Usp25/Svip/Usp14/Ric1/Irak3/N4bp1/Mdm4"
"GOBP_ANDROGEN_METABOLIC_PROCESS",0.252629063097514,0.654052362510937,0.0419753966117665,0.397685623250549,1.16882470763702,15,"Inhba/Tiparp/Dhrs9/Med1/Chst10"
"GOBP_REGULATION_OF_VASOCONSTRICTION",0.252967597048444,0.654374266708718,0.0333484662497276,-0.350659385990553,-1.1637587687861,33,"Oxtr/Kcnmb4/Ace/Faah/Arhgap42/Casr/Mmp2"
"GOBP_REGULATION_OF_SECRETION",0.253293562018394,0.654579895992032,0.0285202432688668,-0.228940378051222,-1.08606411507397,333,"Bglap3/Nr1d1/Adora1/Nnat/Slc2a2/Tmed10/Ppfia2/Serp1/Adipoq/Rbp4/Hmgcr/Xbp1/Ildr1/Kcnmb4/Rhbdd1/Sncg/Ffar2/Tff2/C1qtnf3/Tfr2/Stxbp2/Unc13b/Myh10/Stk39/P3h1/Cftr/C1qtnf12/Ces1d/Myrip/Chrnb2/Rab27a/H2-M3/Krt20/Cdk5/Stxbp6/Slc18a3/Snx4/Abat/H2-Eb1/Kcnn4/Cspg5/Ang/Cd74/Casr/Tcf7l2/Cadps2/Ffar4/Acvr1c/Slc8b1/Scamp5/Rhbdf1/Chrm3/Rab15/Arntl/Vamp8"
"GOBP_HEART_FORMATION",0.253626898788189,0.654579895992032,0.0345397882178118,-0.418089668163206,-1.17912536897044,17,"Folr1/Pim1/Lrp2/Hes1"
"GOBP_POSTSYNAPTIC_SIGNAL_TRANSDUCTION",0.253812354613595,0.654579895992032,0.043731835171746,0.32828824007904,1.14760975313749,29,"Chrna2/Kpna1/Large1/Jak2/Chrnb1/Stat3/Crkl/Gnb1"
"GOBP_ESTROGEN_METABOLIC_PROCESS",0.25406309751434,0.654579895992032,0.0418426681191335,0.397276902258433,1.16762344924047,15,"Cyp1b1/Tiparp/Dhrs11/Cyp3a13/Chst10/Akr1b8"
"GOBP_GLUTATHIONE_METABOLIC_PROCESS",0.254118414614255,0.654579895992032,0.0335890746859153,-0.370405243302793,-1.16521077012876,26,"Slc1a1/Gstm2/Gsto2/Ggt5/Chac1/Gsta3/Gstm4"
"GOBP_LIPOPROTEIN_METABOLIC_PROCESS",0.254441104126811,0.654858949542887,0.0450411129911139,0.287728697940036,1.123133806961,47,"Irgm2/Zdhhc23/Apold1/Apol9a/Apol8/Itgb3/Nmt2/Svip/Lipa/Ppm1b/Zdhhc6/Hhatl/Ppara"
"GOBP_INTRACELLULAR_LIPID_TRANSPORT",0.255021693716857,0.654974051214606,0.0332234622685563,-0.351628770141925,-1.15820249116604,32,"Ldlr/Npc2/Ces1d/Osbpl2/Cpt1b/Abcd2/Vps51/Anxa2/Tmem41b/Gramd1c/Syt7"
"GOBP_SOMITOGENESIS",0.25516693163752,0.654974051214606,0.0442078566868354,0.314760598342067,1.1390352687741,34,"Tbx6/Smad4/Myf6/Smad3/Myf5/Rbpj/Ppp2r3a"
"GOBP_MITOTIC_G2_DNA_DAMAGE_CHECKPOINT_SIGNALING",0.255516549648947,0.654974051214606,0.0428419935174205,0.344723002405958,1.14968605936033,24,"Mre11a/Topbp1/Donson/Dtl/Abraxas1/Cdkn1a/Taok1/Mrnip/Mbtps2"
"GOBP_SODIUM_ION_TRANSMEMBRANE_TRANSPORT",0.255550718328254,0.654974051214606,0.0312111137126829,-0.273381264690183,-1.11932153423633,100,"Slc17a1/Fxyd3/Slc12a3/Slc6a18/Slc12a1/Slc34a2/Slc4a4/Slc5a10/Slc24a5/Stk39/Slc6a13/Slc24a3/Slc9a9/Slc13a3/Nalcn/Slc13a2/Slc8b1/Mcoln1/Slc34a1/Nedd4l/Slc6a12/Slc38a1"
"GOBP_REGULATION_OF_MEMBRANE_PERMEABILITY",0.255582458972289,0.654974051214606,0.0445414609420851,0.299571407306722,1.12992467818754,41,"Apold1/Atf2/Mtor/Bcl2l11/Pmaip1/Bnip3/Jam3/Heg1/Pdcd6ip/Stat3/Bok/Spg7/Hk2/Camk2a/Naif1/Bax/Mul1/Vdac2/Alkbh7/Nol3/Lrrk2"
"GOBP_REGULATION_OF_TRANSCRIPTION_BY_RNA_POLYMERASE_I",0.255772190867111,0.654974051214606,0.0433653397528181,0.340808390130304,1.14369831208108,25,"Mtor/Wdr43/Dek/Heatr1/Smarca5"
"GOBP_NEGATIVE_REGULATION_OF_RESPONSE_TO_BIOTIC_STIMULUS",0.256200846944949,0.655311301610327,0.047441195780349,0.258379980458775,1.10954529857755,75,"Irgm2/Ythdf3/Dhx58/H2-Q7/Usp15/Traf3ip1/Tnfaip3/Cnot7/Ywhaz/Tyro3/Irak3/Ppm1b/Isg15/Nlrc5/Oas1g/Serpinb3a/Nfkbil1/Fgl2/Dusp10/Ythdf2/Cd274/Rnf26"
"GOBP_HEPARAN_SULFATE_PROTEOGLYCAN_METABOLIC_PROCESS",0.25678932990519,0.655311301610327,0.0330872308718024,-0.351007894616676,-1.15615743785667,32,"Sulf2/Pxylp1/Gusb/Tcf7l2/Ext2/Sgsh/Hs3st6/Ext1/B3gat3/Ndst2/Slc35d2/Extl3/Tm9sf2"
"GOBP_REGULATION_OF_PROTEIN_IMPORT_INTO_NUCLEUS",0.25682913765399,0.655311301610327,0.0443098064347317,0.30203143643212,1.13419255682259,40,"Ipo5/Nfkbia/Cwh43/Ect2/Smad3/Jak2/Cd36"
"GOBP_MESODERMAL_CELL_DIFFERENTIATION",0.256941061860692,0.655311301610327,0.0420198810407943,0.37643321417273,1.15706275352541,18,"Tbx6/Inhba/Eya1/Itgb3"
"GOBP_CAMERA_TYPE_EYE_PHOTORECEPTOR_CELL_DIFFERENTIATION",0.257025359835504,0.655311301610327,0.0343498975004544,-0.424566503076478,-1.18061537872653,16,"Rpgrip1/Thy1/Gnat1/Rpgrip1l/Thrb/Bbs4/Gnat2/Sox8/Ntrk2"
"GOBP_EXTRACELLULAR_MATRIX_ASSEMBLY",0.257190916736754,0.655311301610327,0.0339643982663016,-0.399031091388575,-1.17334303399541,20,"Col3a1/Mfap4/Lox/Pxdn/Myh11/Col1a2"
"GOBP_INORGANIC_ION_HOMEOSTASIS",0.257712327028056,0.656092632558927,0.0285907503359651,-0.232860584511772,-1.08861572145754,287,"Adora1/Drd1/Calr/Selenon/Kl/Plch1/Hsp90b1/Psen2/Slc12a3/Slc12a1/Enpp3/Slc22a17/Slc34a2/Umod/Slc1a1/Tfr2/Hexb/Ccdc115/Slc24a5/Car12/Stk39/Tmbim6/Slc39a7/Atp6v1b1/Cln3/Rgn/Slc24a3/Pln/Comt/Osbpl2/Atp6v1g1/Casr/Ftl1/App/Tmem199/Slc8b1/Mcoln1/Letmd1/Slc34a1/Ext2/Tmc8/Atp2a3/Thy1/Trf/Cd19/Prnp/Chrna7/Cib3/Fgfr4/Itpr2/Cd40/Ryr3/Htr2b/Aplnr/Ednra/Grina/Tmem165/Cnnm2/Grin1/Ext1/Mecr/Plcg1/Grik2/Ptpn6/Bak1/Calb1/Atp2b3/Tmem203/P2rx1/Alpl/Pml/Ccl9/Slc24a2/Slc46a1/Scnn1g"
"GOBP_NEGATIVE_REGULATION_OF_SMALL_GTPASE_MEDIATED_SIGNAL_TRANSDUCTION",0.258394627438439,0.657141492672643,0.0328671257118909,-0.337559771977453,-1.15082514076425,38,"Fbp1/Trim67/Arhgap42/Kctd10/Cgnl1/Arhgap12/Stambp/Lztr1/Ephb2/Rasip1"
"GOBP_CELLULAR_PIGMENTATION",0.258554525103934,0.657141492672643,0.0328549986729529,-0.337368255491693,-1.15017221347557,38,"Hps1/Ap1s1/Rab27a/Pmel/Ap3m1/Ap3d1/Bace2/Ap3s1/Bloc1s3/Mlph"
"GOBP_TISSUE_REGENERATION",0.2590799031477,0.657890962915317,0.0442078566868354,0.298611379695424,1.12630364205629,41,"Ccnb1/Myf6/Kpna1/Large1/Cdkn1a/Naca/Capn3/Hopx/Ppp3ca/Eppk1/Xirp1/Ptgfrn/Dusp10/Yap1"
"GOBP_MAINTENANCE_OF_PROTEIN_LOCATION",0.259567654123299,0.657890962915317,0.03280659560828,-0.34420933757855,-1.15585542981935,35,"Insig1/Hspa5/Pkp2/Os9/Kdelr1/Cdk5/Kdelr2"
"GOBP_PANCREAS_DEVELOPMENT",0.259567654123299,0.657890962915317,0.03280659560828,-0.344197612179067,-1.15581605591173,35,"Bhlha15/Xbp1/Srp54a/Hes1/Cela1/Tcf7l2/Meis2/Arntl/Eif2ak3/Sox4/Bak1"
"GOBP_CELL_ADHESION_MEDIATED_BY_INTEGRIN",0.259710802381627,0.657890962915317,0.0454461345170903,0.27229678573053,1.11578509035934,58,"Vcam1/Cyp1b1/Ccl5/Itgb6/Itgal/Icam1/Itgb3/Acer2/Itgam/Npnt/Jam3"
"GOBP_CENTROSOME_DUPLICATION",0.260016579165515,0.658119842046934,0.0447763159319511,0.275505930127788,1.10784881265552,53,"Rock2/Gen1/Xpo1/Chordc1/Ckap5/Poc5/Cep76/Ccnf/Cep192/Cdk2/Pdcd6ip/Chmp2b/Mdm1/Chmp1b"
"GOBP_REGULATION_OF_LONG_TERM_SYNAPTIC_POTENTIATION",0.261426256077796,0.658959094733224,0.03290357014243,-0.355647970407577,-1.15284665710814,30,"Adora1/Slc18a3/Reln/App/Prnp/Chrna7/Ephb2/Shisa7"
"GOBP_DEVELOPMENTAL_CELL_GROWTH",0.261597488664109,0.658959094733224,0.0506841501632225,0.228547711788516,1.08234227112563,130,"Slitrk1/Bmpr2/Map1b/Clasp2/Fgf13/Ostn/Ppp3cb/Sh3gl2/Tomm70a/Pum2/Pafah1b1/Akap6/Plaa/Rab21/Crabp2/L1cam/Rtn4/Ttl/Srf/Ppara/Nin/Tnfrsf12a/Cacng7/Nrcam/Yy1/Dip2b/Prickle1/Sin3a/Ssna1/Dcaf13/Fstl4/Lpar3/Sema4f/Rgs2/Slc9a6/Atg16l1/Efna5/Slit2/Sema3f/Iqgap1/Ndel1/Cyfip2/Macf1"
"GOBP_REPRODUCTIVE_BEHAVIOR",0.261625961860154,0.658959094733224,0.0335126487672167,-0.386703799099385,-1.16346585750073,22,"Drd1/Dmrta1/Hexb/Abat/App"
"GOBP_REGULATION_OF_EPITHELIAL_CELL_MIGRATION",0.261649705409748,0.658959094733224,0.0438558043137023,0.300654935433653,1.12902350155682,40,"Bmpr2/Mtor/Clasp2/Rtn4/Ppm1f/Pfn2/Eppk1/Mcc/Dusp10/Adipor1/Arf6/Capn7/Plcg2/Macf1/Coro1c/Ptprg/Ptpn23/Hdac6/Iqsec1/Clasp1"
"GOBP_REGULATION_OF_BONE_REMODELING",0.261689485920951,0.658959094733224,0.0429830944553198,0.335766238062863,1.13828469371955,26,"Pdk4/S1pr1/Tnfsf11/Bglap/Itgb3/Tnfaip3"
"GOBP_ESTABLISHMENT_OF_PROTEIN_LOCALIZATION_TO_ORGANELLE",0.261735419630156,0.658959094733224,0.0597150479010505,0.20285307217267,1.05984336330675,281,"Kpna2/Irgm2/Gdap1/Cse1l/Sec61a2/Atf2/Ipo5/Vps13a/Nfkbia/Rab10/Timm21/Cwh43/Ect2/Txnip/Kpna1/Smad3/Neurl1b/Npepps/Ranbp6/Sgtb/Prkaa1/Tomm70a/Jak2/Nipbl/Il33/Cd36/Ipo11/Kcnq3/Cdkn1a/Mapk8/Tomm40l/Cblb/Nup54/Tnfaip3/Sh3glb1/Sae1/Grpel2/Appl1/Ankrd10/Mavs/Ube2d3/Mff/Elavl1/Ppp3r1/Ryr2/Hspa4/Pmpca/Ipo7/Ppp3ca/Rab7/Med1/Sumo1/Dnlz/Heatr3/Spidr/Vps36/Rbm22/Stat3/Pink1/Oxa1l/Gga3/Lamp2/Vps13c/Prickle1/Huwe1/Tnpo3/Nup188/Stam/Nedd4/Rala/Snupn/Pot1a/Nup107/Cdk1/Ipo8/Epm2a"
"GOBP_CENTRAL_NERVOUS_SYSTEM_NEURON_AXONOGENESIS",0.262019630677092,0.658959094733224,0.0333736009028974,-0.381176729516327,-1.16001376572295,23,"Chrnb2/Tctn1/Arhgef28/Cdh11/Ephb2/Ephb1/Draxin/Sptbn4"
"GOBP_ANTERIOR_POSTERIOR_PATTERN_SPECIFICATION",0.262095482217238,0.658959094733224,0.0483517351609411,0.242270160124511,1.09388591803049,98,"Tbx6/Bmpr2/Smad4/Arc/Myf6/Pcsk5/Smad3/Myf5/Bmi1/Pgap1/Rnf2/Rbpj/Ppp2r3a/Acvr2a/Tshz1/Grsf1/Srf/Nckap1/Yy1/Crkl/Prickle1/Gpc3/Tbx1/Bmp2/Heyl/Acvr2b/Hipk1/Hoxc13/Palb2/Msx2"
"GOBP_THYROID_HORMONE_METABOLIC_PROCESS",0.262289446545205,0.658959094733224,0.0340037974197033,-0.429881648343345,-1.17586709840236,15,"Gcnt4/Gata3/Dio1/Ctsb/Ctsk/Cpq"
"GOBP_REGULATION_OF_ORGAN_GROWTH",0.26273022751896,0.659503563524747,0.0440309113940373,0.291781652890822,1.12020224184848,44,"Ccnb1/Bcl2l11/Sash3/Fgf2/Tomm70a/Akap6/Rbpj/Arx/Igf2/Nrg1/Ppara/Tbx2/Yy1/Yap1/Hlx/Prox1/Cdk1/Rgs2/Ybx3"
"GOBP_LIMBIC_SYSTEM_DEVELOPMENT",0.263111888111888,0.659503563524747,0.0458050138104871,0.262060491712589,1.10523019441238,67,"Phlpp2/Fgf13/Large1/Pafah1b1/Cdk6/Cntnap2/Fxr1/Srf/Aldh1a3/Ogdh/Vps13b/Mkks/Crkl/Prox1/Bloc1s6/Atp1a2/Ezh1/Atp2b4/Bbs2/Crk/Ncoa1/Atg16l1/Pomgnt1/Ezh2/Bax/Eif2b5/Ywhae/Tsc1/Kdm6b/Plxna1/Rara"
"GOBP_REGULATION_OF_EXTENT_OF_CELL_GROWTH",0.263403263403263,0.659503563524747,0.0457771421582791,0.261978992537264,1.10488647472842,67,"Bmpr2/Map1b/Clasp2/Fgf13/Pum2/Pafah1b1/Rab21/Crabp2/L1cam/Rtn4/Ttl/Srf/Tnfrsf12a/Nrcam/Dip2b/Sin3a/Fstl4/Lpar3/Sema4f"
"GOBP_RESPONSE_TO_MONOAMINE",0.26353322528363,0.659503563524747,0.0327463270264009,-0.354974516229636,-1.15066362933249,30,"Drd1/Slc1a1/Comt/App/Gnb5/Htr7/Htr2b/Ptger1/Slc9a3r1/Cav2/Palm/Rgs9"
"GOBP_SENSORY_PERCEPTION_OF_CHEMICAL_STIMULUS",0.263720485003191,0.659503563524747,0.0324253117366674,-0.33122720810254,-1.14136236802466,40,"Azgp1/Lpo/Nxnl2/Gnat3/Pip/Ffar4/Fzd2/Gnat1/Pigr/Tas1r3/Bbs4/Scnn1g/Cngb1/P2rx2/Trpv1/Gnat2"
"GOBP_HYDROGEN_PEROXIDE_CATABOLIC_PROCESS",0.263802208353337,0.659503563524747,0.0410683665294573,0.387775665278829,1.15414028254612,16,"Mpo"
"GOBP_PROTEOGLYCAN_BIOSYNTHETIC_PROCESS",0.264228283146776,0.659503563524747,0.0321575963221479,-0.318441284264705,-1.13562183553605,47,"Cytl1/St3gal4/Ust/Pxylp1/Chpf2/Tcf7l2/Ext2/B4galt7/Hs3st6/Chst12/Chpf/Slc2a10/Ext1/Chst14/B3gat3"
"GOBP_EMBRYONIC_SKELETAL_SYSTEM_MORPHOGENESIS",0.264233178970308,0.659503563524747,0.0440309113940373,0.287870824958264,1.1184320953838,46,"Tbx15/Smad3/Myf5/Bmi1/Eya1/Nipbl/Six4"
"GOBP_LYMPHOCYTE_CHEMOTAXIS",0.264910536779324,0.659912704699265,0.041776708077579,0.352414605716485,1.14444580106597,22,"Ccl5/2610528A11Rik/Tnfsf14/Ccl7/Wnk1"
"GOBP_CELL_SUBSTRATE_JUNCTION_ORGANIZATION",0.264927536231884,0.659912704699265,0.0455008642931611,0.265288320070891,1.10846880357968,64,"Thbs1/Rock2/Clasp2/Rock1/Smad3/Phldb2/Itgb3/Rac1/Ppm1f/Actn2/Dmtn/Epha3/Prickle1/Grem1/Actn3/Kdr/Arf6/Efna5/Tsc1/Itgb1bp1/Macf1/Itga5/Sorbs1/Coro1c/Plec"
"GOBP_ACUTE_PHASE_RESPONSE",0.265045135406219,0.659912704699265,0.0419753966117665,0.342411263971851,1.14197617800043,24,"Tnfsf11/Lcn2/Ptgs2/Tfrc/Apol8/Serpina3n/Il6ra/Tnf/Ednrb/Stat3"
"GOBP_NEGATIVE_REGULATION_OF_TYPE_II_INTERFERON_PRODUCTION",0.265264238070806,0.659920396829243,0.0424944299209872,0.33804653105628,1.13442995586496,25,"Irgm2/Inhba/Tnfsf4/Il33"
"GOBP_RESPONSE_TO_XENOBIOTIC_STIMULUS",0.265898199715063,0.660475628930818,0.028389060662869,-0.236738206716818,-1.0876687214743,241,"Bglap3/Fbp1/Tpmt/Drd1/Calr/Bcar3/Lpo/Acsm2/Adipoq/Rbp4/Gata3/Umod/Slc1a1/Col18a1/Pms2/Lox/Nr1i2/Sfrp2/Terf1/Acaa1a/Gstm2/Sox10/Gsto2/C130074G19Rik/N6amt1/Pon3/Comt/Abat/Srp68/Cyp2a5/Slco2b1/Guk1/Ass1/Cyp2f2/Slc34a1/Col1a1/Ephx1/Bphl/Aldh2/Mmp2/Cbr1/Hsp90aa1/Prnp/Casp3/Bloc1s3/Sult1c1/Tlr3/Sufu/Htr2b/Gsta3/Scgb1a1/Trp53i13/Cyp2e1/Grin1/Ppox/Gstm4/Adcyap1r1/Nfatc2"
"GOBP_POSITIVE_REGULATION_OF_ADAPTIVE_IMMUNE_RESPONSE",0.265919811320755,0.660475628930818,0.0458329302910375,0.261267790215317,1.10421792475511,68,"Tbx21/Sash3/Atad5/Tfrc/Ywhag/Rif1/Tnfsf4/H2-Q7/Prkaa1/Jak2/Zbtb1/Cd55/Ulbp1"
"GOBP_RNA_SPLICING_VIA_TRANSESTERIFICATION_REACTIONS",0.266356949283779,0.660892575892202,0.0530972576051429,0.216140498937624,1.0744751136907,180,"Celf1/Srsf10/Rbfox1/Cdc5l/Dhx35/Luc7l2/Rbmxl1/Setx/Lsm2/Ncbp1/Prpf4b/Celf3/Mettl16/Aar2/Ptbp2/Frg1/Sf3a1/Ppil1/Rbm39/Ddx46/Usp39/Mfap1a/Tra2a/Rbm25/Dhx9/Son/Rbm20/Rbm5/Smn1/Sf3b1/Rnpc3/Scaf11/Cwf19l1/Tia1/Crnkl1/Rbm22/Prpf18/Zc3h14/Dyrk1a/Ythdc1/Luc7l/Zcrb1/Prpf40a/Rbm15b/Strap/Srsf7/Sf3b4/Snrnp27/Srpk1"
"GOBP_INTERLEUKIN_1_BETA_PRODUCTION",0.26668482702261,0.660892575892202,0.0438061067672831,0.287483244128604,1.11692627123677,46,"Gbp5/Trim16/Smad3/Jak2/Cd36/Tnfaip3/Myd88/Panx1/Tnf/Hmgb1/Rad21/Stat3/S1pr3/Lpl/Casp8"
"GOBP_PHOSPHOLIPID_METABOLIC_PROCESS",0.26673667629299,0.660892575892202,0.0285730878518726,-0.239364476362488,-1.08684381671931,215,"Hmgcs1/Ormdl3/Plch1/Pnpla3/Dbi/Ldlr/Alox8/Xbp1/Pigk/Liph/Hexb/Pi4k2b/Pla2g2d/Lcat/Abhd16a/Fads1/Pigz/Smpd2/Cln3/Mvd/Enpp2/Pnpla6/Dolk/Sptlc1/Gnb3/Dpm3/Mtmr7/Slc44a4/Cdipt/Dhdds/Plppr3/Sh3yl1/Pip5k1b/Pik3r1/Pigl/Fdps/Htr2b/Pcyt2/Tmem86b/Spata18/Gde1/Osbpl10/Pld1/Plcg1/Mfsd2a/Smpdl3a/Gdpd1/Abhd4/Cyp2w1/Smpdl3b"
"GOBP_NEGATIVE_REGULATION_OF_INTRACELLULAR_PROTEIN_TRANSPORT",0.267511782870145,0.661280095480143,0.0325078283353193,-0.362875652074843,-1.15285600039104,27,"Insig1/Adipoq/Cabp1/Os9/Cdk5/Derl2/Sufu/Erlec1"
"GOBP_AMEBOIDAL_TYPE_CELL_MIGRATION",0.267529665587918,0.661280095480143,0.0509047480122043,0.221273682005861,1.0749824555556,153,"Thbs1/Zfand5/Ythdf3/Kitl/Bmpr2/Mtor/Smad4/Clasp2/Rock1/Smad3/Gdnf/Fgf2/Itgb3/Eng/Pafah1b1/Krt16/Arid5b/Rac1/Appl1/Ago2/Rtn4/Ppm1f/Coro1a/Pfn2/Sema6a/Eppk1/Nckap1/Smurf2/Ednrb/Pkn2/Mcc/Dmtn/Dusp10/Gpc3/Adipor1/Cdc42/Tbx1/Prox1/Fat2/Sema4f/Arf6/Amotl1/Ddr2/Capn7/Tmem201/Plcg2/Acvr2b/Braf/Sema3f/Snai2/Iqgap1/Itgb1bp1/Gdf6/Macf1"
"GOBP_TRANSCRIPTION_INITIATION_AT_RNA_POLYMERASE_II_PROMOTER",0.267542454341557,0.661280095480143,0.0478123851715253,0.241563933988914,1.09069720166411,98,"Ppargc1a/Ppp2ca/Atf2/Dr1/Nfkbia/Creb1/Ints8/Med14/Med13/Med27/Noc2l/Kat7/Srf/Med1/Tet2/Hmgb1/Gtf2h2/Tbp/Rbbp5/Ercc6/Atad2b/Wdr5"
"GOBP_METENCEPHALON_DEVELOPMENT",0.268446080687222,0.662380639488332,0.031329971144254,-0.298787929233785,-1.12557301858888,62,"Cbs/Hspa5/Foxc1/Sema4c/Myh10/Arcn1/Cdk5/Comt/Abat/Faim2/Gdf10/Ophn1/Aars"
"GOBP_ANTIMICROBIAL_HUMORAL_IMMUNE_RESPONSE_MEDIATED_BY_ANTIMICROBIAL_PEPTIDE",0.268580627850818,0.662380639488332,0.0432689513601533,0.300067534333619,1.11781261877789,39,"Gapdh/Ppbp/Camp/Ccl5/Nts"
"GOBP_POSTSYNAPTIC_SPECIALIZATION_ASSEMBLY",0.268638170974155,0.662380639488332,0.0414508753284105,0.351180959157386,1.14043960608524,22,"Lrrc4b/Caskin1/Slitrk3/Nptx1/Shank3/Crkl/Prickle1/Crk/C1ql3"
"GOBP_CELLULAR_RESPONSE_TO_VIRUS",0.268950633935797,0.66248630817837,0.0433653397528181,0.304640026020155,1.12297700417232,37,"Irgm2/Atf2/Ifi44/Ccl5/Smad3/Tomm70a/Jak2"
"GOBP_POLYSACCHARIDE_BIOSYNTHETIC_PROCESS",0.26925091671032,0.66248630817837,0.0426325766329192,0.319021636397438,1.13023410870008,31,"Fut9/Ugp2/Gck/Dyrk2/Ppp1r3f/Gyg/Igf2/Agl/Gbe1/Gys1/Ppp1r3d/Epm2a"
"GOBP_CHOLESTEROL_EFFLUX",0.269331585845347,0.66248630817837,0.0325314949110203,-0.369279317897833,-1.15177170838275,25,"Adipoq/Npc2/Mapk3/Ces1d/Comt/Srebf2/Pltp/Naxe"
"GOBP_CEREBELLAR_CORTEX_MORPHOGENESIS",0.269876627827279,0.663292918754897,0.0333736009028974,-0.418666653211823,-1.16420934237671,16,"Cdk5/Comt/Faim2/Ophn1/Gba/Whrn/Coq8b/Ttc21b"
"GOBP_POSITIVE_REGULATION_OF_CELL_CELL_ADHESION",0.27061556329849,0.664520408207001,0.0526463909337269,0.215734641313355,1.07245751902833,180,"Vcam1/Tnfsf11/Spn/Kitl/Ccl5/Mtor/Sash3/Tnfsf14/Sele/Tfrc/Ywhag/Tnfsf4/H2-Q7/Bmi1/Prkaa1/Gpam/Tjp1/Jak2/Selp/Zbtb1/Il4ra/Cd55/Mfsd2b/Igfbp2/Pbrm1/Igf2/Bcl6/Cbfb/Coro1a/Ppp3ca/Vav1/Opa1/Il6ra/Tnf/Hmgb1/Nfat5/Il23r/Ccdc88b/Ptprc/Dusp10/Il6st/Flot2/Yes1/Hlx/Cd274"
"GOBP_POSITIVE_REGULATION_OF_T_CELL_MEDIATED_IMMUNITY",0.270811099252935,0.664520408207001,0.0429359269874217,0.300170163568599,1.11439648928125,38,"Tbx21/Sash3/Ywhag/Tnfsf4/H2-Q7/Prkaa1/Zbtb1/Cd55/Ulbp1"
"GOBP_MIRNA_TRANSCRIPTION",0.271330153683095,0.66525972672701,0.0427253227144247,0.30973239212756,1.12083952176142,34,"Smad4/Smad3/Fgf2/Apln/Srf/Ppara/Tnf/Stat3/Yy1/Bmp2/Nfib/Ddx5/Ppard/Spi1/Rara"
"GOBP_VACUOLAR_LOCALIZATION",0.27162199502625,0.665441214759579,0.0437071508618789,0.273500977425503,1.09978661062006,53,"Adora2b/Fgr/Apold1/2610528A11Rik/Grp/Il4ra/Kif5b/Slc18a2/Tfeb/Borcs5"
"GOBP_RESPONSE_TO_FLUID_SHEAR_STRESS",0.272207792207792,0.665618285409539,0.0421765391127642,0.325922302090532,1.12649066013943,28,"Klf2/Ppp2ca/Mtor/Ptgs2"
"GOBP_NEGATIVE_REGULATION_OF_SUPRAMOLECULAR_FIBER_ORGANIZATION",0.272220400131191,0.665618285409539,0.0479693468044241,0.236737742270853,1.08477962757111,108,"S1pr1/Tpx2/Map1b/Smad4/Clasp2/Fgf13/Ssh2/Phldb2/Tjp1/Ckap2/Lmod2/Taok1/Apc/Pik3ca/Rdx/Rhpn1/Flii/Hdgfl3/Coro1a/Pfn2/Capza2/Shank3/Mkks/Camsap2/Atxn7/Dmtn/Dyrk1a/Tmod4/Cdh5/Snca/Wdr47/Ssh1/Svil/Ttbk2/Diaph3"
"GOBP_PATTERN_SPECIFICATION_PROCESS",0.272530329289428,0.665618285409539,0.0557092269421475,0.208356230313247,1.06481047970914,225,"Tbx6/Gpr161/Bmpr1b/Stc1/Grem2/Bmpr2/Smad4/Pbx2/Arc/Ahi1/Mafb/Myf6/Pcsk5/Smad3/Gdnf/Ccdc39/Myf5/Fgf2/Bmi1/Eya1/Mtf2/Traf3ip1/Eng/Pgap1/Itgam/Apc/Rnf2/Eed/Rbpj/Ppp2r3a/Acvr2a/Tshz1/Robo2/Trp63"
"GOBP_REGULATION_OF_PLATELET_ACTIVATION",0.272964509394572,0.665618285409539,0.042221575978431,0.320605044332901,1.12962721992255,30,"Plek/Jak2/Selp/Thbd/Mfsd2b/Il6ra/Gp5/Il6st/Ubash3b/Alox12/Mmrn1/Prkcq"
"GOBP_SPHINGOID_METABOLIC_PROCESS",0.273817683344757,0.665618285409539,0.0330872308718024,-0.417435444812325,-1.16078565360161,16,"Degs2/Asah2/Sptlc1/Asah1"
"GOBP_NUCLEOSIDE_MONOPHOSPHATE_METABOLIC_PROCESS",0.27409061901723,0.665618285409539,0.0316817477874826,-0.328974069107588,-1.1335983679792,40,"Card11/Upp2/Ak5/Guk1/Ak6/Tymp/Dguok/Dpyd/Cmpk1"
"GOBP_POSITIVE_REGULATION_OF_NUCLEOTIDE_METABOLIC_PROCESS",0.274353876739563,0.665618285409539,0.040963710830083,0.349775083664507,1.13587410772464,22,"Mtor/Tigar/Prkaa2/Prkaa1/Map2k1/Ppara/Stat3/Pink1"
"GOBP_SEMI_LUNAR_VALVE_DEVELOPMENT",0.274489532178858,0.665618285409539,0.0418647144480324,0.32228506647308,1.12662422962827,29,"Rock2/Bmpr2/Rock1/Nfatc1/Rbpj/Robo2/Tnfrsf1a/Bmp2/Heyl/Rb1/Slit2/Snai2"
"GOBP_LENS_FIBER_CELL_DIFFERENTIATION",0.274587133349766,0.665618285409539,0.0407564308684108,0.360595336371305,1.13821547894082,20,"Abi2/Smad3/Fgf2"
"GOBP_ORGANOPHOSPHATE_CATABOLIC_PROCESS",0.274709813577207,0.665618285409539,0.0495841253138098,0.224650529928165,1.07347671126892,139,"Gapdh/Slc4a1/Mlycd/Neil2/Ppp2ca/Mtor/Tigar/Prkaa2/Ucp2/Pde7a/Gda/Pklr/Pnpla8/Prkaa1/Pde4b/Gck/Nudt19/Pfkfb1/Hdac4/Acat1/Lipa/Ddit4"
"GOBP_RIBOSOME_DISASSEMBLY",0.275150333170811,0.665618285409539,0.0319630032939332,-0.360615931704854,-1.14567686844088,27,"Cdk5rap3/Ddrgk1/Saysd1/Eif2d/Zfp598/Gigyf2/Gtpbp2/Ttc37"
"GOBP_FOREBRAIN_NEURON_DEVELOPMENT",0.275372124492557,0.665618285409539,0.0327222923721584,-0.399566248594892,-1.15533365909254,19,"Drd1/Cntn2/Ubb/Lhx8"
"GOBP_NEUROTRANSMITTER_SECRETION",0.275490630072303,0.665618285409539,0.030116310246396,-0.277923616241951,-1.11077173611053,87,"Bglap3/Ppfia2/Kcnmb4/Sncg/Unc13c/Stxbp2/Unc13b/Cdk5/Slc18a3/Osbpl2/Syn2/Cspg5/Cadps2"
"GOBP_SPINDLE_LOCALIZATION",0.275537634408602,0.665618285409539,0.0427020872196148,0.29399110563377,1.11700920781436,42,"Mad2l1/Nusap1/Mcph1/Aspm/Clasp2/Pafah1b1/Ccdc66"
"GOBP_ANGIOTENSIN_ACTIVATED_SIGNALING_PATHWAY",0.275812619502868,0.665618285409539,0.0399533206453487,0.389144134022299,1.14372069817248,15,"Rock2/Rock1/Rac1/Ppp3ca/Actn2/Rap1gds1/Car2/Camk2a"
"GOBP_POSITIVE_REGULATION_OF_ALPHA_BETA_T_CELL_ACTIVATION",0.275834658187599,0.665618285409539,0.0423347135736638,0.30917710571843,1.11883008726548,34,"Sash3/Tnfsf4/H2-Q7/Jak2/Il4ra/Cd55/Cbfb/Opa1/Il23r/Ptprc/Hlx"
"GOBP_ESTABLISHMENT_OR_MAINTENANCE_OF_CELL_POLARITY",0.275923295454545,0.665618285409539,0.0497224553511444,0.222452787676179,1.07239303833465,147,"Mad2l1/Rock2/Spn/Brsk2/Map1b/Myo9a/Mcph1/Rab10/Clasp2/Fgf13/Rock1/Phldb2/Pafah1b1/Ckap5/Ccdc66/Rac1/Krit1/Jam3/Cap2/Rhobtb1/Nckap1/Rhoq/Pdcd6ip/Snx27/Kif20b/Crkl/Prickle1/Cdc42/Map4/Flot2/Nphp3/Cdh5/Rap1b/Arf6/Crk/Amotl1/Pard6g/Diaph3/Slc9a6/Parvb/Rhoj/Rab11fip2/Dock8/Rhobtb2/Kif2c/Actr2/Ndel1/Actr3"
"GOBP_RESPONSE_TO_IRON_ION",0.276312546216416,0.665618285409539,0.0406129202301208,0.360074782672386,1.13657235653194,20,"Ccnb1/Lcn2/Tfrc/Cpox"
"GOBP_REGULATION_OF_MONOATOMIC_ION_TRANSMEMBRANE_TRANSPORT",0.276447876447876,0.665618285409539,0.0519696484213363,0.215445801934244,1.06975605441773,179,"Kel/Kcnc1/Atp1b1/Lcn2/Tmem38b/Ucp2/Grp/Grin2c/Ptpn3/Fgf13/Kcnj2/Cacna2d1/Ppp3cb/Trdn/Fhl1/Pde4b/Jph4/Ppp3cc/Itgb3/Cab39/Akap6/Stom/Vdac1/Ubr3/Capn3/Amigo1/Fxyd6/Ppp3r1/Fxyd4/Ryr2/Gria1/Coro1a/Ppp3ca/Abcc9/Wnk1/Actn2/Sumo1/Kcnj11/Slmap/Wnk3/Slc30a1/Spg7/Cacng1/Ubash3b/Tmem38a/Trpc3/Nedd4/Kcnj3/Snca/Atp1a2/Stac2/Fxyd7/Atp2b4/Tcaf1/Ank2/Hrc"
"GOBP_ENDOMEMBRANE_SYSTEM_ORGANIZATION",0.276582667486171,0.665618285409539,0.0267793201296367,-0.225427471504748,-1.07498744978026,351,"Fa2h/Folr1/Bhlha15/Tmed10/Tmed9/Serp1/Sec61a1/Hps1/Lman1/Agfg2/Ap1s1/Hid1/Tmed3/Umod/Gsn/Surf4/Stx18/Tbc1d20/Pi4k2b/Myh10/Mvb12a/Mapk3/Hook1/Col5a1/Clptm1l/Tram1/Sec16b/Nsfl1c/Rab27a/Sirt2/Casp7/Rab5c/Cln3/Nek6/Pln/Osbpl2/Bet1/Ap3m1/Ndrg1/Ap3d1/Exoc8/Tmem9/Abcd2/Tlcd2/Vps51/Rnf112/Trappc11/Ap3s1/Plekhf1/Poc1b/Snx19/Vps18/Anxa2/Eif2ak3/Cog3/Emc8/Bloc1s3/Cul7/Snx33/Vps37d/Ubl4a/Get4/Gorasp2/Sytl4/Tmeff2/Zbed3/Stam2/Laptm4b/Golgb1/Snap29/Esyt1/Rab5if/Wdr83os/Shtn1/Golph3l/Lemd2/Csnk1d/Vps28/Tmem41b/Cd9/Clcn3/Dnm2/Cplx2/Rab2b/Vps37b/Dmkn/Cog6/Emc9/Cr1l/Lamtor1"
"GOBP_ACTION_POTENTIAL",0.276589049716803,0.665618285409539,0.0464876729628047,0.242297852184029,1.08915288381796,94,"Kcnc1/Atp1b1/Mtor/Ptpn3/Fgf13/Kcnj2/Cacna2d1/Kcna2/Kcnc4/Cd36/Kcnq3/Dsc2/Akap6/Kcnk4/Scn4b/Tmem161b/Ryr2/Gria1/Scn7a/Abcc9/Sumo1/Tnf/Kcnj11/Nrcam/Slmap/Kcnj3/Scn9a/Atp1a2/Ctnna3"
"GOBP_HUMORAL_IMMUNE_RESPONSE",0.276746883154538,0.665618285409539,0.0297060926117293,-0.269673534606995,-1.10540847187058,101,"Dmbt1/Wfdc12/Klk1b1/C2/Kng2/Gata3/Wfdc3/Rnase2b/C7/C4b/C3/H2-Eb1/Klk7/Ang/App/Serping1/Trf/C1s1/C1qa/Tnfrsf21/Klk1/Cxcl14/Ptpn6/Ltf/Klk1b11/Ccl9/Cfp/Susd4/Cr1l/A2m/Ebi3/Pou2af1/Prss2/C1rb/Slc11a1/Klk5/Pglyrp4/Defb1/Cd37"
"GOBP_KERATINIZATION",0.276775556639038,0.665618285409539,0.0318498087852129,-0.360284040534393,-1.14462245014316,27,"Krt79/Krt75"
"GOBP_DETECTION_OF_LIGHT_STIMULUS",0.277328589909444,0.665618285409539,0.031715195601615,-0.348543806549103,-1.13732484342205,31,"Elovl4/Rbp4/Tulp1/Gnat3/Gnat1/Rrh/Rgs9bp/Gucy2e/Slc24a2/Unc119/Gngt2/Cep250/Cngb1/Sema5b/Gnat2/Guca1a"
"GOBP_LYMPH_VESSEL_MORPHOGENESIS",0.277335264301231,0.665618285409539,0.0400515076935877,0.377042850802623,1.14251203477667,17,"Bmpr2/Vegfc/Ppp3cb/Fgf2"
"GOBP_PHOTORECEPTOR_CELL_MAINTENANCE",0.277359108781127,0.665618285409539,0.0319630032939332,-0.366715951044731,-1.14377663994399,25,"Nxnl2/Tulp1/Iqcb1/Tub/Pcdh15/Clcn3/Bbs4/Slc2a1/Bsg/Cngb1/Adgrv1/Arap1"
"GOBP_POSITIVE_REGULATION_OF_CD4_POSITIVE_ALPHA_BETA_T_CELL_ACTIVATION",0.277791471530688,0.66613261030318,0.0404909326266485,0.359854210073944,1.1358761213884,20,"Sash3/Tnfsf4/Il4ra/Cd55/Opa1/Il23r/Hlx"
"GOBP_RESPONSE_TO_PROSTAGLANDIN",0.278578528827038,0.666946581318083,0.0406129202301208,0.348818720568831,1.13276837455869,22,"Prkaa2/Tnfsf4/Prkaa1/Gnrh1"
"GOBP_VIRION_ASSEMBLY",0.278849351513136,0.666946581318083,0.0321460733293198,-0.370593643216598,-1.1400078416031,24,"Pcx/Tbc1d20/Mvb12a/Spcs1"
"GOBP_METANEPHRIC_NEPHRON_DEVELOPMENT",0.279357644697223,0.666946581318083,0.032226936967927,-0.381020728354226,-1.14636734749604,22,"Adipoq/Foxd1/Wt1/Hes1"
"GOBP_REGULATION_OF_MYELOID_CELL_APOPTOTIC_PROCESS",0.279569892473118,0.666946581318083,0.0326027375455394,-0.409258707906121,-1.15421968470121,17,"Adipoq/Irf7/Selenos/Maea"
"GOBP_REGULATION_OF_BICELLULAR_TIGHT_JUNCTION_ASSEMBLY",0.279590842669264,0.666946581318083,0.0400712187355577,0.368786718086584,1.13355931258781,18,"Rock2/Rock1/Tjp1/Rac1/Dsg3/Tnf"
"GOBP_DIOL_BIOSYNTHETIC_PROCESS",0.279911247653183,0.666946581318083,0.0325789493934004,-0.409107492516754,-1.15379321661229,17,"Asah2/Pts/Sptlc1/Asah1/Gba/Sptssa/Spr/Sptlc3/Abca2/Qdpr/Agk"
"GOBP_REGULATION_OF_TRANSCRIPTION_BY_RNA_POLYMERASE_III",0.279951100244499,0.666946581318083,0.0401305000852471,0.363078999269948,1.13317880693564,19,"Inhba/Mtor/Dek/Ice2/Smarca5"
"GOBP_REGULATION_OF_MITOCHONDRIAL_MEMBRANE_PERMEABILITY",0.280010438413361,0.666946581318083,0.0416238362763518,0.318449620580973,1.12203275007971,30,"Atf2/Bcl2l11/Pmaip1/Bnip3/Stat3/Bok/Spg7/Hk2/Camk2a/Naif1/Bax/Mul1/Vdac2/Alkbh7/Nol3/Lrrk2"
"GOBP_CILIUM_OR_FLAGELLUM_DEPENDENT_CELL_MOTILITY",0.280167264038232,0.666946581318083,0.0300273375549225,-0.283795949221235,-1.10788481089265,75,"Spag16/Ift81/Cfap206/Cep131/Nme7/Dnah14/Ttc12/Dnah10/Rsph9/Poc1b/Dnah6/Iqcg/Pltp/Drc1/Dnah3/Ccdc146/Bbs4/Cfap45/Yif1b/Ttll5/Cfap54"
"GOBP_CONSTITUTIVE_HETEROCHROMATIN_FORMATION",0.28053235908142,0.666946581318083,0.0415804222861655,0.318197061519199,1.12114287764676,30,"Hells/Atrx/Rif1/Bmi1/Pphln1/Smarca5"
"GOBP_REGULATION_OF_P38MAPK_CASCADE",0.28053235908142,0.666946581318083,0.0415804222861655,0.318190815097004,1.12112086885849,30,"Gadd45g/Dsc2/Per1/Dsg3/Dusp10/Bmp2/Map3k3/Il1b/Gdf6/Dlg1/Phlpp1/Spi1"
"GOBP_REGULATION_OF_PLATELET_AGGREGATION",0.280808572820263,0.667084129055913,0.0399729091433235,0.367919065555273,1.1308923629426,18,"Jak2/Mfsd2b/Il6ra/Il6st/Ubash3b/Alox12/Mmrn1/Prkcq"
"GOBP_POSITIVE_REGULATION_OF_PROTEIN_POLYMERIZATION",0.281556039173014,0.668340092986448,0.0424715179160691,0.274934266847356,1.09787966651648,51,"Map1b/Mtor/Hck/Lmod2/Togaram1/Ckap5/Rac1/Alox15/Pfn2/Nckap1/Mecp2/Pink1/Ttbk1/Pde4dip/Cdc42ep3/Fchsd2/Arf6"
"GOBP_TRANSLATIONAL_ELONGATION",0.282075620946053,0.668380326146571,0.0309764734970582,-0.312033191996152,-1.12068511075496,49,"Cdk5rap3/Eef2k/Ddrgk1/Saysd1/Sars/Aars/Zfp598/Gigyf2/Gtpbp2/Alkbh1/Ttc37/Abtb1"
"GOBP_SOMATIC_DIVERSIFICATION_OF_IMMUNOGLOBULINS",0.282229965156794,0.668380326146571,0.0420644872196636,0.303029485096045,1.11241127052755,36,"Tbx21/Atad5/Tfrc/Rif1/Tnfsf4/Rnf168/Bcl6/Ung/Ptprc/Yy1/Lig4"
"GOBP_TRANSCRIPTION_BY_RNA_POLYMERASE_III",0.282229965156794,0.668380326146571,0.0420644872196636,0.302982415591064,1.11223847992329,36,"Inhba/Bdp1/Mtor/Dek/Ice2/Smarca5/Ivns1abp/Sf3b1/Gtf3c4/Tbp/Gtf3c3/Ercc6"
"GOBP_SEX_DIFFERENTIATION",0.282448118185016,0.668380326146571,0.0488413695513331,0.223654333320442,1.06871645604683,139,"Bmpr1b/Spata2/Inhba/Kitl/Zfx/Smad4/Dach2/Bcl2l11/Asb1/Atrx/Cnot9/Aspm/Kif18a/Nipbl/Six4/Gnrh1/Tiparp/Csde1/Hmgb2/Rnf38/Arid5b/Ereg/Rac1/Acvr2a/Robo2/Trp63/Tyro3/Fzd4/Cdkl2/Vgf/Tnfaip6"
"GOBP_REGULATION_OF_STEM_CELL_PROLIFERATION",0.283349251830627,0.669993780450903,0.0310082318686816,-0.32331165697168,-1.12538439294681,42,"Cited1/Ltbp3/Ace/Cdkn2c/Pim1/Sox18/Osr2/Shox2/Epcam/Ovol2/Runx2/Sox11/Kdf1"
"GOBP_ENDOCARDIAL_CUSHION_MORPHOGENESIS",0.284422629811418,0.671469281957224,0.0410264221970887,0.328749836454887,1.11449831602587,26,"Smad4/Eng/Apc/Rbpj/Robo2/Mdm4/Tbx2/Bmp2/Heyl/Msx2/Snai2/Mdm2/Robo1"
"GOBP_POSITIVE_REGULATION_OF_DOUBLE_STRAND_BREAK_REPAIR",0.284626234132581,0.671469281957224,0.0430778341543233,0.268874434797775,1.09804637279928,57,"Timeless/Ube2n/Mre11a/Rif1/Smchd1/Mrnip/Pbrm1/Fh1/Spidr/Slf2/Peli1/Ercc6/Pnkp/Meaf6/Spire2/Ube2v2/Dpf2/Fmn2/Actr2/Spire1"
"GOBP_NEGATIVE_REGULATION_OF_AUTOPHAGY",0.284632641615255,0.671469281957224,0.0429359269874217,0.269947179101113,1.09207158759287,55,"Mcl1/Mtm1/Pptc7/Mtor/Tigar/Eif4e/Eif4g2/Pik3ca/Npc1/Wnk1/Foxk2/Fez2/Stat3/Pink1/Clec16a/Vps13c/Herc1/Snca"
"GOBP_EMBRYONIC_SKELETAL_SYSTEM_DEVELOPMENT",0.285546070061819,0.673104354968254,0.0440309113940373,0.25769349154299,1.0919975618757,69,"Wnt9a/Tbx15/Tapt1/Pcsk5/Smad3/Myf5/Bmi1/Eya1/Nipbl/Six4"
"GOBP_REGULATION_OF_VASCULAR_PERMEABILITY",0.2860337972167,0.673251813959526,0.0400121594010984,0.346713030718502,1.1259302700407,22,"Sh3gl2/Tjp1/Yes1/Cdh5/Cldn5/Gpr4/Npr1/Slit2/Plec"
"GOBP_NEGATIVE_REGULATION_OF_PROTEIN_LOCALIZATION",0.286428571428571,0.673251813959526,0.028813567878678,-0.261280554795936,-1.09440179527516,119,"Insig1/Maged1/Adipoq/Lman1/Mrap/Hmgcr/Ffar2/Cabp1/Terf1/Os9/Nsfl1c/Fbxo4/Cdk5/Tmem98/App/Acvr1c/Nedd4l/Rhbdf1/Derl2/Pid1/Tmem59/Sufu/Snx33/Lzts2/Astn2/Sytl4/Eny2/Rab11fip5/Wwp2"
"GOBP_CELL_DIFFERENTIATION_IN_SPINAL_CORD",0.28645920941968,0.673251813959526,0.0318498087852129,-0.38873316462737,-1.14306218397992,20,"Scyl1/Tctn1/Gigyf2/Sufu/Draxin/Ptch1/Sox13/Dll4/Ift172/Isl2/Gli3"
"GOBP_VASOCONSTRICTION",0.286504424778761,0.673251813959526,0.0306629252686305,-0.316284097022038,-1.11867429989586,45,"Manf/Oxtr/Kcnmb4/Ace/Faah/Arhgap42/Acta2/Casr/Mmp2/Htr7/Htr2b/Ednra"
"GOBP_POSITIVE_REGULATION_OF_MACROPHAGE_MIGRATION",0.286845895343255,0.673251813959526,0.0391705735779892,0.379119500532183,1.12837685971949,16,"Thbs1/Ccl5/Rtn4/Il34"
"GOBP_MAINTENANCE_OF_CELL_NUMBER",0.28693088765149,0.673251813959526,0.0465749092505758,0.231758319054946,1.07278112485604,113,"Wdr43/Taf5l/Mcph1/Rif1/Aspm/Eif4e/Cdc73/Med14/Mtf2/Nipbl/Smc5/Rbpj/Med27/Trp63/Kdm3a/Klf10/Elavl1/Rtf1/Zc3h13/Sall4/Brms1l/Stat3/Sap30/Lig4/Sin3a/Yap1/Tbx1/Prox1/Ogt/Arid4b/Hdac2/Wdr47/Ddx6/Braf/Nfib/Sap130/Dpf2/Ezh2"
"GOBP_POSITIVE_REGULATION_OF_NERVOUS_SYSTEM_PROCESS",0.287300252312868,0.673351048490092,0.0317935593641976,-0.388544609410258,-1.1425077410924,20,"Unc13b/Sox10/Abat/Egr2/Gba/Ncmap"
"GOBP_LENS_DEVELOPMENT_IN_CAMERA_TYPE_EYE",0.287454516690397,0.673351048490092,0.0306216638324597,-0.310823823686147,-1.11634159508674,49,"Bcar3/Six5/Meis1/Gata3/Tbc1d20"
"GOBP_POSITIVE_REGULATION_OF_OSTEOBLAST_DIFFERENTIATION",0.287634408602151,0.673351048490092,0.0416891763033315,0.291532714684678,1.10766863500817,42,"Bmpr1b/Bmpr2/Fbxo5/Ifitm1/Fgf2/Npnt/Acvr2a/Trp63/Ppp3ca/Il6ra/Tent5a/Il6st/Yap1/Bmp2/Ddr2/Acvr2b/Msx2"
"GOBP_NEGATIVE_REGULATION_OF_ESTABLISHMENT_OF_PROTEIN_LOCALIZATION",0.287871990429191,0.673391218040719,0.0295530884280843,-0.283860107011115,-1.10307971200486,73,"Insig1/Adipoq/Lman1/Hmgcr/Ffar2/Cabp1/Terf1/Os9/Cdk5/Acvr1c/Rhbdf1/Derl2/Sufu/Sytl4/Eny2/Rab11fip5/Wwp2/Erlec1/Ei24/Inhbb/Jagn1/Kcnb1"
"GOBP_CELL_CELL_RECOGNITION",0.288113484428502,0.673440470488961,0.0311467176047931,-0.352165086394736,-1.13271889692032,29,"Folr1/Cd209b/Ly6k/Ephb1/Pcsk4/Cd9"
"GOBP_POSITIVE_REGULATION_OF_DNA_TEMPLATED_TRANSCRIPTION_ELONGATION",0.288942695722357,0.674718806835077,0.0416021147235871,0.292406347674059,1.10289947650886,41,"Ccnt1/Ncbp1/Cdc73/Med14/Med27/Ccnt2/Wdr82/Kat7/Map2k1/Med1"
"GOBP_REGULATION_OF_GLYCOPROTEIN_METABOLIC_PROCESS",0.289158629863651,0.674718806835077,0.0314498749144593,-0.368009639039554,-1.13205901388173,24,"Pxylp1/Jak3/Itm2c/Tcf7l2/Bace2/Itm2b/Slc2a10/Aatf/Tm9sf2/Abca2/Cst3/Acot8/Itm2a"
"GOBP_REGULATION_OF_CHONDROCYTE_DIFFERENTIATION",0.289405010438413,0.674718806835077,0.0408597348088626,0.315437314442731,1.11141912104098,30,"Bmpr1b/Sox5/Wnt9a/Smad3"
"GOBP_REGULATION_OF_SMAD_PROTEIN_SIGNAL_TRANSDUCTION",0.289734655588314,0.674718806835077,0.0414508753284105,0.301252791554663,1.10588908698795,36,"Inhba/Bmpr2/Smad4/Smad3/Jak2/Eng/Acvr2a"
"GOBP_REGULATION_OF_TRANSLATIONAL_INITIATION",0.289764672526226,0.674718806835077,0.0427718921296353,0.266717852091602,1.0929244056189,58,"Ythdf3/Eif2s1/Ccl5/Mtor/Ncbp1/Bzw1/Csde1/Eif4g2/Eif5/Ago2"
"GOBP_FEEDING_BEHAVIOR",0.290853853533738,0.676708117375796,0.0306010804122317,-0.330342804766949,-1.1262207062451,38,"Drd1/Cntn2/Gpr83/Gnb3/Adm2/Derl2/Gigyf2"
"GOBP_REGULATION_OF_CHOLESTEROL_EFFLUX",0.291337258200168,0.676708117375796,0.0315267296529834,-0.387337447480149,-1.1389581053067,20,"Adipoq/Mapk3/Ces1d/Srebf2/Pltp/Naxe/Ptch1/Lamtor1"
"GOBP_POSITIVE_REGULATION_OF_EPIDERMIS_DEVELOPMENT",0.291509109659677,0.676708117375796,0.0319289469770344,-0.419551219458323,-1.1476099920916,15,"Foxc1/Alox8/Krt10/Ovol2/Kdf1/Tmem79/Ptch1"
"GOBP_OLIGOSACCHARIDE_METABOLIC_PROCESS",0.291720569210867,0.676708117375796,0.0307562278304789,-0.344860290108188,-1.12530525024412,31,"B3galt5/Amy1/Hexb/St3gal4/Mpdu1/St6galnac5/Naga/Neu1/B3galt2"
"GOBP_MODULATION_BY_SYMBIONT_OF_ENTRY_INTO_HOST",0.291779431664411,0.676708117375796,0.0316040191438453,-0.394490780562691,-1.14065809759587,19,"P4hb/Lgals1/Furin/H2-Eb1/Cd74"
"GOBP_EPITHELIAL_CELL_MORPHOGENESIS",0.291948051948052,0.676708117375796,0.0405518094310786,0.320751436276851,1.10861851083702,28,"Stc1/Rock1/Rac1/Bcl11b/Pof1b/Id1/Heg1/Pecam1"
"GOBP_CYCLIC_NUCLEOTIDE_METABOLIC_PROCESS",0.292420537897311,0.677289418708327,0.0391519644289041,0.358379752979379,1.11851233953942,19,"Adcy2/Pde7a/Pde4b/Adcy4/Pde1a/Gucy1a1/Npr1/Epha2/Ampd2/Pde4a/Pde8a/Cacnb4"
"GOBP_DORSAL_VENTRAL_PATTERN_FORMATION",0.292689506339358,0.677398819596014,0.0413650845498529,0.299462513933803,1.10389143919337,37,"Gpr161/Bmpr1b/Grem2"
"GOBP_PRIMARY_ALCOHOL_METABOLIC_PROCESS",0.293078984707552,0.677786751159402,0.0301958974504643,-0.312177538182832,-1.11328413256123,47,"Awat2/Dhrs7/Rbp4/Pecr/Akr1c18/Rdh11/Akr1a1/Aldh3a2/Dhrs3/Aldh2"
"GOBP_MULTICELLULAR_ORGANISMAL_LEVEL_IRON_ION_HOMEOSTASIS",0.294694072657744,0.680750514094491,0.0384787074328044,0.383351905727376,1.12669695090185,15,"Epas1/Tfrc/Fech/Picalm"
"GOBP_MALE_GAMETE_GENERATION",0.294933808553971,0.680750514094491,0.0262749079581434,-0.229750566903298,-1.07040920959759,275,"Spag16/Calr/Six5/Ift81/Cadm1/Cldn11/Tdrp/Rbp4/Agfg2/Rhbdd1/Tcfl5/Cfap206/Tmem119/Ift20/Mertk/Ace/Osbp2/Tbc1d20/Cep131/Cftr/Cabyr/Hook1/H3f3a/Morc1/Pln/Ttc12/Pcdh11x/Trim27/Ccno/Mea1/Meiob/Spata24/Ubb/Rsph1/Selenof/Adamts2/Arntl/Wdr48/Poc1b/Azin2/Scaper/Iqcg/Pgm3/Tesk2/Sufu/H3f3b/Stk11/Atat1/Gorasp2/Bcap31/Piwil2/Drc1/Ruvbl1/Cib1/Adcyap1r1/Tex15/Pafah1b3/Mlh1/Pcsk4/Ccdc146/Tmem203/Ccdc62/4930447C04Rik/Fndc3a/Kifc5b/Spata5/Spag4/Tdrd5/B4galnt1/Btg1/Creb3l4/Bbs4/Pygo2/Ptch1/Dnaaf3/Zscan21/Dedd/Inhbb/Nup210l/Dnd1/Ggn/Yif1b/Ttll5"
"GOBP_KERATINOCYTE_PROLIFERATION",0.295095148753685,0.680750514094491,0.0410264221970887,0.300384026624115,1.1026998795091,36,"Areg/2610528A11Rik/Cdkn1a/Ereg/Trp63/Bcl11b/Eppk1/Med1"
"GOBP_POSITIVE_REGULATION_OF_DNA_RECOMBINATION",0.295503791982665,0.680750514094491,0.0412372486904686,0.285331488348653,1.09543890012071,44,"Tbx21/Timeless/Atad5/Tfrc/Rif1/Tnfsf4/Ube2b/Mrnip"
"GOBP_REGULATION_OF_CD4_POSITIVE_ALPHA_BETA_T_CELL_ACTIVATION",0.295668549905838,0.680750514094491,0.0410683665294573,0.29123496706126,1.0984812582488,41,"Tbx21/Sash3/Tnfsf4/Il4ra/Cblb/Cd55/Bcl6/Cbfb/Opa1/Sh3rf1/Hmgb1/Il23r/Hlx/Cd274"
"GOBP_REGULATION_OF_PROTEOLYSIS",0.295697522816167,0.680750514094491,0.0266418288849326,-0.234891289059514,-1.07235619854803,228,"Cntn2/Desi1/Cdk5rap3/Trim67/Kng2/Xbp1/Trim39/Ddrgk1/Rhbdd1/Psme2/Tbc1d10a/Gsn/Ctsz/Sirt2/Efna1/Furin/Nop53/Cln3/Grn/Cdk5/Hsp90ab1/Tmem98/Tspan15/Rnf185/Il1r2/App/Ophn1/Gabarap/Ubb/Rcn3/Rpl11/Rhbdf1/Psmc1/Trf/Trib3/Anxa2/Nedd8/Prnp/Chac1/Fgfr4/Sufu/Snx33/Cfl1/Bcap31/Tmem259/Rnft2/Gba/Bak1/Vsir/Csnk1d/Prss22/Vtn/Rchy1/Usp5/Dnajc1/Pml"
"GOBP_POSITIVE_REGULATION_BY_HOST_OF_VIRAL_PROCESS",0.296607265250171,0.681530276854604,0.0315377442893679,-0.408981660807813,-1.13727775240866,16,"Pcx/Tbc1d20/Ppib"
"GOBP_CARDIAC_CHAMBER_MORPHOGENESIS",0.297483523067705,0.681530276854604,0.0289854798089291,-0.283135178764007,-1.09717467109804,72,"Foxc1/Rbp4/Gata3/Pkp2/Sfrp2/Lrp2/Hes1/Id2/Shox2/Fzd2/Dhrs3/Foxc2/Ovol2/Adamts19/Sox11/Aplnr/Ednra/Sox4"
"GOBP_MITOCHONDRIAL_CALCIUM_ION_TRANSMEMBRANE_TRANSPORT",0.297489823609227,0.681530276854604,0.0312866300545677,-0.396611491749317,-1.13391068372052,18,"Bhlha15/Selenon/Psen2"
"GOBP_RESPONSE_TO_THYROID_HORMONE",0.297524922653833,0.681530276854604,0.0315377442893679,-0.417349430253719,-1.14158737751085,15,"C2/Ctsl/Hes1/Ctsb/Slc34a1/Ctss/Gba/Thrb/Inhbb"
"GOBP_REGULATION_OF_ACTION_POTENTIAL",0.297558357928629,0.681530276854604,0.0408597348088626,0.294294028718114,1.09630513565104,39,"Fgf13/Kcnj2/Cacna2d1/Cd36/Kcnq3/Dsc2/Tmem161b/Ryr2/Sumo1/Tnf"
"GOBP_CORPUS_CALLOSUM_DEVELOPMENT",0.297613248904043,0.681530276854604,0.0386758134638,0.363691823195642,1.11789886369679,18,"Kcnc1/Kcna2/Pafah1b1/Rtn4rl1/Nin/Herc1/Wdr47/Atg16l1"
"GOBP_CORTICAL_ACTIN_CYTOSKELETON_ORGANIZATION",0.297799895233106,0.681530276854604,0.0402896801592287,0.312324156162558,1.10650618638958,31,"Rock2/Plek/Ect2/Rock1/Racgap1/Nckap1/Rhoq/Pdcd6ip/Fmnl2/Arf6/Iqgap1/Dlg1/Plec/Fmnl1/Ezr/Fhod3"
"GOBP_ACTIN_FILAMENT_BASED_PROCESS",0.298,0.681530276854604,0.0667337413459785,0.187264032999186,1.03556152034101,485,"Rhob/S1pr1/Rock2/Stc1/Plek/Brsk2/Mtor/Smad4/Sele/Abi2/Diaph2/Synpo/Myo3b/Ect2/Ttn/Clasp2/Fgf13/Ssh2/Rock1/Kcnj2/Cacna2d1/Smad3/Phldb2/Sh3gl2/Mkln1/Pde4b/Tjp1/Jak2/Itgb3/Six4/Epb41l4a/Hck/Lmod2/Washc4/Neb/Dsc2/Pafah1b1/Taok1/Epdr1/Racgap1/Myo19/Fgd6/Pik3ca/Hmcn1/Rac1/Itpka/Capn3/Rdx/Alox15/Adprhl1/Rhpn1/Jam3/Scn4b/Jmy/Bcl6/Ap1ar/Cap2/Arhgef15/Enah/Flii/Rhobtb1/Ppm1f/Ryr2/Coro1a/Inf2/Srf/Scn7a/Csrp3/Wipf1/Pfn2/Abcc9/Fgd5/Capza2/Actn2/Dsg3/Nckap1/Ptpn1/Rhoq/Acap2/Pof1b/Xirp1/Sumo1/Mybpc1/Naa20/Shank3/Mkks/Pdcd6ip/Stau2/Dmtn/Ankrd1/Coro6/Epha3/Rflnb/Cdc42/Tmod4/Acta1/Arhgap26/Pgm5/Myl1/Prox1/Prkar1a/Bloc1s6/Msrb1/Rala/Kcnj3/Scn9a/Actn3/Arhgap40/Atp1a2/Ctnna3/Rap1gds1/Cdc42ep3/Fmnl2/Fchsd2/Ssh1/Arf6/Svil/Wasl/Myh3/Crk/Amotl1/Ank2/Myom1/Rnh1/Fgd4/Spire2/Diaph3/Pls3/Fgd3/Braf/Efna5/Parvb/Rhoj/Samd14/Flnc/Slit2/Rhobtb2/Synpo2/Fmn2/Actr2/Tsc1/Syne2/Iqgap1/Itgb1bp1/Spire1/Actr3/Cyfip2/Myo5a/Pdcd10/Dstn"
"GOBP_RESPONSE_TO_INCREASED_OXYGEN_LEVELS",0.298044009779951,0.681530276854604,0.0387300107593134,0.357062197909651,1.11440021659927,19,"mt-Atp6/Lcn2/Bnip3/mt-Cytb"
"GOBP_REGULATION_OF_PROTEIN_EXPORT_FROM_NUCLEUS",0.298799582463466,0.682746989099392,0.0401305000852471,0.313312790943241,1.10393352586145,30,"Xpo1/Prpf4b/Frat2/Xpo4/Peg12/Anp32b/Rangap1/Rbm22/Uhmk1/Ppm1a"
"GOBP_ARACHIDONATE_METABOLIC_PROCESS",0.299480519480519,0.68328079687303,0.0399729091433235,0.318749086363721,1.101697755611,28,"Cyp1b1/Cyp4f18/Ptgs2/Pnpla8/Alox15/Abhd6/Cyp2u1/Ptgs1"
"GOBP_NEGATIVE_REGULATION_OF_ALPHA_BETA_T_CELL_ACTIVATION",0.299480519480519,0.68328079687303,0.0399729091433235,0.318759355782392,1.10173324997313,28,"Tbx21/Tnfsf4/Il4ra/Cblb/Bcl6/Cbfb/Hmgb1/Hlx/Cd274"
"GOBP_REGULATION_OF_PROTEIN_POLYMERIZATION",0.299726589200273,0.683331888064802,0.046545782323203,0.227647816146382,1.06642647156759,123,"Ppp2ca/Map1b/Mtor/Haus6/Clasp2/Ssh2/Hck/Lmod2/Togaram1/Ckap5/Rac1/Rdx/Alox15/Camsap1/Flii/Coro1a/Pfn2/Capza2/Nckap1/Haus3/Haus4/Mkks/Mecp2/Camsap2/Pink1/Ttbk1/Dmtn/Pde4dip/Dyrk1a/Tmod4/Cdh5/Snca/Arhgap40/Cdc42ep3/Fchsd2/Ssh1/Arf6/Svil"
"GOBP_VASCULAR_TRANSPORT",0.300369117194709,0.683852093201119,0.0292895121847855,-0.294920356465869,-1.10205241381697,59,"Slc27a4/Slc4a4/Slc1a1/Slc6a13/Slc24a3/Lrp2/Slco2b1/Slc13a3/Flvcr2/Slc1a4/Atp2a3/Slc7a3/Slc22a2/Slc38a1"
"GOBP_PROTEIN_MODIFICATION_BY_SMALL_PROTEIN_REMOVAL",0.30055487053021,0.683852093201119,0.0439056492517661,0.246511219677897,1.07717210444366,82,"Spata2/Vcpip1/Usp25/Senp8/Uspl1/Usp15/Usp31/Usp24/Tnfaip3/Cops7b/Usp14/Abraxas2/Usp39/Zranb1/Cops3/Usp42/Usp34/Usp13/Usp32/Senp2/Senp5"
"GOBP_HYDROGEN_PEROXIDE_METABOLIC_PROCESS",0.30062630480167,0.683852093201119,0.0399925220443327,0.312934162531622,1.10259945776876,30,"Mpo/Duox1/Rac1/Hba-a1/Cybb/Stat3/Pink1/Prdx3/Snca/Nnt"
"GOBP_RETINOL_METABOLIC_PROCESS",0.302445516552986,0.687203507148093,0.0306113681898464,-0.369560098870613,-1.12466152510362,23,"Awat2/Dhrs7/Rbp4/Akr1c18/Rdh11/Dhrs3"
"GOBP_RESPONSE_TO_INSULIN",0.302549498237049,0.687203507148093,0.0269260763455709,-0.244632122109085,-1.07692851030784,166,"Bglap3/Gcnt1/Fbp1/Cited1/Insig1/Bcar3/Slc27a4/Pnpla3/Eef2k/Adipoq/Rbp4/Xbp1/Ghr/C1qtnf12/Mapk3/Selenos/Srsf5/Zdhhc7/Pln/Acvr1c/Col1a1/Ctsd/Pid1/Ap3s1/Trib3/Shc1/Foxc2/Pik3r1/Sorl1/Cul7/Echdc3/Ahsg/Parp1"
"GOBP_RESPONSE_TO_CADMIUM_ION",0.303432723628163,0.688667085616457,0.0388754749993405,0.337631124330806,1.11064104237511,23,"Mt1/mt-Cytb/Npc1/Sumo1/Cybb/Alad/Slc30a1/Haao/Cdk1"
"GOBP_EMBRYONIC_AXIS_SPECIFICATION",0.303644701906831,0.688667085616457,0.0380399476968455,0.368674913460506,1.11715558232233,17,"Tbx6/Smad4"
"GOBP_PROTEIN_DESTABILIZATION",0.30393876574709,0.688822647891216,0.0297349782893663,-0.330452999498163,-1.11675449459203,36,"Nr1d1/Xbp1/Gsn/Pex2/Derl1/Fbxo4/Serf2/Rnf5"
"GOBP_HOMOTYPIC_CELL_CELL_ADHESION",0.304909560723514,0.68889512410271,0.0418647144480324,0.26101784595744,1.08456580040667,62,"Tnfsf11/Plek/Ccl5/Jak2/Itgb3/Dsc2/Metap1/Mfsd2b/Tyro3/Rdx/Map2k1/Rap2b/Il6ra/Slc7a11/Il6st/Ubash3b/Ctnna3/Bloc1s4/Fermt3/Alox12"
"GOBP_REGULATION_OF_SYNAPSE_MATURATION",0.305163175840234,0.68889512410271,0.0381266974919746,0.361265035282768,1.11043951686188,18,"Rock1/Ywhaz/Ago2/Arhgef15/Neurl1a/Camk2b/Snx27/Adgrb3"
"GOBP_AMYLOID_PRECURSOR_PROTEIN_CATABOLIC_PROCESS",0.30554675118859,0.68889512410271,0.0295245956668338,-0.314015139102546,-1.10406883309465,44,"Dhcr24/Tmed10/Psen2/Efna1/Cln3/Aph1a/App/Prnp/Chrna7/Casp3/Sorl1"
"GOBP_POSITIVE_REGULATION_OF_CELL_DEVELOPMENT",0.305758683729433,0.68889512410271,0.0539014313173232,0.201951816558978,1.04802477836873,258,"Slitrk1/Tnfsf11/Kitl/Bmpr2/Map1b/Mtor/Sash3/Myf6/Tnfsf4/Aspm/Vegfc/Creb1/Myf5/Fgf2/H2-Q7/Ccr1/Zbtb1/Il4ra/Pafah1b1/Rab21/Itpka/Amigo1/Robo2/Numb/Fzd4/Crabp2/L1cam/Fxr1/Klf10/Pbrm1/Bcl6/Cbfb/Neurl1a/Xrcc5/Map2k1/Srf/Il34/Ppp3ca/Fzd3/Opa1/Camk2b/Tnf/Etv5/Hmgb1/Rassf10/Nin/Il23r/Tnfrsf12a/Shank3/Mecp2/Ttbk1/Stau2/Ptprc/Dusp10/Nrd1/Rfx3/Lig4/Il6st/Ppargc1b/Hlx/Slc30a1/Cdh5/Cldn5/Actn3/Casp8/Hdac2/Lpar3/Bmp2/Slc9b2/Ptprz1/Pou4f1/Il1b/Rb1/Skil/Braf/Efna5/Btk/Slit2/Rag1/Traf6/Dicer1/Macf1/Pla2g3/Mme/Il15/Tiam1/Caprin2/Spi1/Ada/Rara/Prkci/Robo1"
"GOBP_PHOTOTRANSDUCTION",0.305890227576975,0.68889512410271,0.0305088425715827,-0.377193716387442,-1.12436758865683,21,"Rbp4/Gnat3/Gnat1/Rrh/Gucy2e/Slc24a2/Unc119/Gngt2/Cngb1/Gnat2/Guca1a"
"GOBP_MALE_MEIOTIC_NUCLEAR_DIVISION",0.305927342256214,0.68889512410271,0.0376640196158781,0.379655309122507,1.11583240565975,15,"Fignl1/Foxj3/Kif18a/Hsf2bp"
"GOBP_MITOTIC_DNA_INTEGRITY_CHECKPOINT_SIGNALING",0.306205770277627,0.68889512410271,0.0405314912401909,0.281928806480089,1.08786644290691,45,"Mre11a/Topbp1/Atf2/Donson/Dtl/Wac/Abraxas1/Hus1/Cdkn1a/Taok1/Mrnip"
"GOBP_ORGANIC_CATION_TRANSPORT",0.306335327504218,0.68889512410271,0.0288856775521526,-0.291644336260222,-1.09866217407303,62,"Slc1a1/Sfxn1/Cln3/Comt/Slc18a3/Flvcr2/Slc1a4/Sfxn2/Slc44a4/Slc7a3/Slc6a12/Slc22a2/Slc38a1/Slc19a3/Slc7a5/Slc7a6/Llgl2/Sec14l1/Cltrn/Slc22a3/Slc43a2/Kcnb1/Slc7a1"
"GOBP_RETINA_LAYER_FORMATION",0.306883365200765,0.68889512410271,0.0375966592079237,0.379440432660271,1.11520086933189,15,"Ahi1/Large1/Fjx1"
"GOBP_GLIAL_CELL_ACTIVATION",0.306925919974289,0.68889512410271,0.0296964779948796,-0.336722387402017,-1.10910352347728,32,"Nr1d1/Ldlr/Calhm2/Grn/Cx3cr1/App/C1qa/Tlr3/Tlr9/Ifngr1"
"GOBP_RENAL_TUBULE_DEVELOPMENT",0.306936771025169,0.68889512410271,0.0288585899410337,-0.292663051017622,-1.09775770852832,60,"Pou3f3/Cited1/Maged1/Foxd1/Gata3/Umod/Wt1/Slc22a6/Hes1"
"GOBP_PYRIDINE_CONTAINING_COMPOUND_METABOLIC_PROCESS",0.306943543153796,0.68889512410271,0.0446454413139534,0.234342386235143,1.06638349085237,102,"Gapdh/Slc4a1/Ppp2ca/Mtor/Tigar/Noct/Prkaa2/Ucp2/Pklr/Prkaa1/Gpd2/Gck/Slc25a22/Pfkfb1/Hdac4/Lipa/Ddit4/Slc25a12/Nampt/Foxk2/Ppara/Idh2/Ogdh/Mdh1/Stat3/Fmo2/Mdh2/Ldhb/Haao/Ogt/Bpgm/Actn3/Nnt"
"GOBP_PURINE_NUCLEOTIDE_TRANSPORT",0.307002706359946,0.68889512410271,0.0306422787557872,-0.388931990886366,-1.12458502626049,19,"Calhm2/Slc25a53/Calhm5/Lrrc8d/Slc17a9/Slc25a5/Slc35b3"
"GOBP_CATECHOLAMINE_TRANSPORT",0.307127711629424,0.68889512410271,0.0299585442797634,-0.354078543144911,-1.11385067950208,26,"Drd1/Sncg/Chrnb2/Comt/Abat/Slc22a2/Gnat1"
"GOBP_SODIUM_ION_HOMEOSTASIS",0.307627969220475,0.689476274510531,0.0303969601030789,-0.373173430993296,-1.1227573840709,22,"Slc12a3/Slc12a1/Umod/Atp6v1b1/Comt/Ext2/Ednra/Ext1"
"GOBP_REGULATION_OF_D_GLUCOSE_TRANSMEMBRANE_TRANSPORT",0.307838179519595,0.689476274510531,0.0293361955812739,-0.311571992317441,-1.10200792153197,45,"Adipoq/C1qtnf12/Selenos/Zdhhc7/C3/Ffar4/Pid1/Trib3/Pea15a/Rnasel/Pik3r1/Ednra"
"GOBP_RESPONSE_TO_ORGANOPHOSPHORUS",0.308521791223603,0.690160867902909,0.0283282910897541,-0.280283969545997,-1.09119140504155,74,"Fbp1/Cited1/Cdo1/Hsp90b1/Eef2k/Adipoq/Pdxp/Cftr/Wt1/App/Ass1/Col1a1/Itpr2/Ryr3/Tlr7/P2rx4/Rapgef3/P2rx1/Zfp36l1/P2ry12/Bsg/Inhbb/P2rx2/Trpv1/Crtc2/P2rx7"
"GOBP_NEUROTRANSMITTER_UPTAKE",0.308595661392921,0.690160867902909,0.0298706142273989,-0.353792781104155,-1.11295173702326,26,"Drd1/Slc6a13/Slc18a3/App/Slc6a12/Slc22a2/Slc38a1"
"GOBP_REGULATION_OF_NEUROTRANSMITTER_SECRETION",0.308835150940414,0.690164988317467,0.0292801952825913,-0.30496264549384,-1.10072330380004,50,"Bglap3/Ppfia2/Kcnmb4/Sncg/Cdk5/Slc18a3/Cspg5"
"GOBP_NEGATIVE_REGULATION_OF_IMMUNE_RESPONSE",0.309049330284221,0.690164988317467,0.0446454413139534,0.230372855265095,1.06141130052212,110,"Fgr/Spn/Tbx21/Ythdf3/Tnfsf4/Dhx58/Ppp3cb/H2-Q7/Il33/Usp15/Hck/Il4ra/Tnfaip3/Cnot7/Cd55/Ywhaz/Tyro3/Irak3/Isg15/Alox15/Bcl6/Nlrc5/Oas1g/Serpinb3a/Fgl2/Ptprc/Dusp10/Ythdf2/Yes1/Hlx/Cd274"
"GOBP_RELEASE_OF_SEQUESTERED_CALCIUM_ION_INTO_CYTOSOL_BY_ENDOPLASMIC_RETICULUM",0.3099025141098,0.691115392092752,0.0389303792602627,0.326697761340016,1.09634530435822,25,"Tmem38b/Trdn/Jph4/Akap6/Ryr2/Tmem38a/Atp1a2/Ank2/Hrc/Ryr1"
"GOBP_MORPHOGENESIS_OF_A_POLARIZED_EPITHELIUM",0.309927360774818,0.691115392092752,0.0399925220443327,0.288225073521058,1.0871285292939,41,"Brsk2/Myo9a/Ahi1/Rab10/Fzd6/Traf3ip1/Pafah1b1/Trp63/Exoc5/Fzd3"
"GOBP_ESTABLISHMENT_OF_EPITHELIAL_CELL_POLARITY",0.310264515055731,0.691211774387303,0.0301361626814606,-0.366739578895544,-1.11607799482955,23,"Ift20/Hes1/Ophn1/Lama1/Frmd4b/Sipa1l3/Tcf15/Golph3/Slc9a3r1"
"GOBP_MAST_CELL_ACTIVATION_INVOLVED_IN_IMMUNE_RESPONSE",0.310545839957605,0.691211774387303,0.0396048414388488,0.300990203696674,1.08920385642879,34,"Adora2b/Fgr/2610528A11Rik/Grp/Il4ra/Slc18a2"
"GOBP_REGULATION_OF_POSTSYNAPSE_ASSEMBLY",0.310649350649351,0.691211774387303,0.0391519644289041,0.315534454731513,1.09058697096618,28,"Map1b/Pum2/Nectin3/Rac1/Arhgef15/Rtn4/Neurl1a/Ptpn1/Crmp1"
"GOBP_RIBOSE_PHOSPHATE_BIOSYNTHETIC_PROCESS",0.310889175257732,0.691241943531566,0.0441571113824828,0.234622798327853,1.0665937620137,101,"mt-Atp6/mt-Atp8/mt-Nd6/mt-Nd5/Adcy2/mt-Nd2/mt-Nd4/Lipa/mt-Nd1/Adsl/Adcy4/Atp5a1/Map2k1/Ppara/Ndufb5/Atp5b/Ndufs2/Stat3/Pink1/Sdhb"
"GOBP_POSITIVE_REGULATION_OF_MORPHOGENESIS_OF_AN_EPITHELIUM",0.311246943765281,0.691534118693043,0.0377826262640302,0.353468740690262,1.10318494506654,19,"Lcn2/Gdnf/Fgf2/Six4"
"GOBP_REGULATION_OF_ACTIN_FILAMENT_ORGANIZATION",0.311678832116788,0.691616437519276,0.0472281823651549,0.215505067481383,1.05171222607649,159,"S1pr1/Rock2/Plek/Mtor/Abi2/Synpo/Clasp2/Ssh2/Rock1/Smad3/Phldb2/Tjp1/Hck/Lmod2/Washc4/Pik3ca/Rac1/Rdx/Alox15/Rhpn1/Ap1ar/Arhgef15/Flii/Ppm1f/Coro1a/Pfn2/Capza2/Actn2/Nckap1"
"GOBP_ANTIGEN_PROCESSING_AND_PRESENTATION_OF_ENDOGENOUS_ANTIGEN",0.311736770691995,0.691616437519276,0.0304070928112657,-0.393138585749281,-1.12398165922446,18,"Azgp1/Cd1d1/H2-M3/H2-Eb1/Cd74"
"GOBP_POSITIVE_REGULATION_OF_CANONICAL_WNT_SIGNALING_PATHWAY",0.312173913043478,0.69208367514356,0.0415371244882371,0.257570410105348,1.07622063515917,64,"Reck/Tnks2/Aspm/Smad3/Fgf2/Gskip/Ube2b/Prdm15/Rbpj/Rnf146/Ppp2r3a/Ppm1b/Peg12/Lgr5/Wnk1/Usp34/Smurf2/Gpc3/Yap1/Ppm1a/Csnk1g3"
"GOBP_MIRNA_METABOLIC_PROCESS",0.3129937346772,0.692423634557104,0.0400515076935877,0.278700040584104,1.08280187969455,46,"Smad4/Smad3/Fgf2/Apln/Ago2/Srf/Ppara/Tnf/Stat3/Yy1/Bmp2/Nfib/Dicer1/Ddx5/Eloc/Ppard/Spi1/Rara"
"GOBP_NEGATIVE_REGULATION_OF_DNA_REPAIR",0.313214108296075,0.692423634557104,0.037988133903549,0.343098855038343,1.0986218778717,21,"Mre11a/Rif1/Smchd1/Csnk2a1/Ercc6/Klhl15"
"GOBP_RESPONSE_TO_CAMP",0.313222882150672,0.692423634557104,0.0288225599314661,-0.29748450050513,-1.09119740822319,54,"Fbp1/Cited1/Cdo1/Eef2k/Adipoq/Cftr/Wt1/App/Ass1/Col1a1"
"GOBP_SPECIFICATION_OF_ANIMAL_ORGAN_IDENTITY",0.313443740867024,0.692423634557104,0.0375463350975221,0.358322480216431,1.10139482914766,18,"Gdnf/Fgf2/Rbpj/Robo2"
"GOBP_OVULATION_CYCLE",0.313460519342872,0.692423634557104,0.0393956381466885,0.300574908802711,1.08770101416182,34,"Bmpr1b/Inhba/Gnrh1/Ereg/Robo2/Tyro3/Fzd4/Tnfaip6/Casp2/Mmp19/Zfp830/Ncoa1/Plekha1/Slit2/Notch4/Slc26a6"
"GOBP_CELLULAR_RESPONSE_TO_HORMONE_STIMULUS",0.314054054054054,0.692747414495686,0.0581149628110713,0.19178123750823,1.0353104832543,368,"Sgk1/Pdk4/Klf2/Rock2/Leprotl1/Stc1/Ucp3/Inhba/Esrrg/Map1b/Mtor/Bcl2l11/Strn3/Prkaa2/Ucp2/Rab10/Ywhag/Cnot9/Tnfsf4/Trim16/Pklr/Bglap/Rock1/Fech/Creb1/Sgcb/Ostn/Eif4e/Socs3/Igf1r/Top1/Bmi1/Prkaa1/Gck/Jak2/Itgb3/Fosb/Osbpl8/Sos1/Apc/Pik3ca/Dennd4c/Gpr21/Ddit4/Kbtbd2/Rac1/Per1/Appl1/Igfbp2/Robo2/Trp63/Rdx/Phex/Nampt/Kdm3a/Mbd5/Zfp106/Atp5a1/Igf2/Nr4a2/Stat1/Rangap1/Gria1/Csrp3/Ppp3ca/Npc1/Rnf14/Actn2/Ptpn1/Nucks1/Rhoq/Med1/Ppara/Pik3c2a"
"GOBP_POSITIVE_REGULATION_OF_STRESS_FIBER_ASSEMBLY",0.314225053078556,0.692747414495686,0.0393767579926886,0.303443203123371,1.09126711249428,33,"Rock2/Mtor/Smad3/Rac1/Arhgef15/Ppm1f/Pfn2"
"GOBP_OLEFINIC_COMPOUND_METABOLIC_PROCESS",0.314776428782943,0.692747414495686,0.027768882536294,-0.272502415028488,-1.08461773938027,85,"Bglap3/Awat2/Dhrs7/Rbp4/Alox8/Cyp17a1/Faah/Acaa1a/Fads1/Cyp2a5/Akr1c18/Rdh11/Cyp2f2/Dhrs3/Ephx1/Abcd2"
"GOBP_PRODUCTION_OF_MOLECULAR_MEDIATOR_INVOLVED_IN_INFLAMMATORY_RESPONSE",0.315001527650474,0.692747414495686,0.0283109803250037,-0.290397214530853,-1.09313137343305,61,"Chia1/Pdcd4/Slamf8/Adcy7/Grn/Snx4/Il1r2/Vamp8/Abcd2/Pld3/Chrna7/Ephb2/Tlr3/Il17d/Gpsm3/Bap1/Snx6"
"GOBP_NADPH_REGENERATION",0.315056720522516,0.692747414495686,0.0304578713674509,-0.41125337911371,-1.12491268113025,15,"Shpk/Aldob/Taldo1/Tkt"
"GOBP_DNA_CATABOLIC_PROCESS",0.315170427268363,0.692747414495686,0.0371170899936045,0.370574540717974,1.10294441715705,16,"Trex2/Dnase1l3/Dffa/Cecr2/Nmnat1/Bax/Endog/Dicer1/Mus81/Apaf1"
"GOBP_REGULATION_OF_HEART_GROWTH",0.315348349921425,0.692747414495686,0.0390038894080939,0.308297671748477,1.0922411037001,31,"Ccnb1/Fgf2/Tomm70a/Akap6/Rbpj/Nrg1/Ppara/Tbx2/Yy1/Yap1/Prox1/Cdk1/Rgs2"
"GOBP_FERTILIZATION",0.315477952056822,0.692747414495686,0.027719205680962,-0.274206853190157,-1.08595440458905,82,"Folr1/Unc13b/Hexb/H3f3a/Ly6k/Ccno/Meiob/Mfge8/Wdr48/Gnpda1/Poc1b/Hoxd9/Igsf8/Wee2/H3f3b/Sptbn4/Drc1/Pcsk4/Ccdc146/Cd9/Fndc3a"
"GOBP_POSITIVE_REGULATION_OF_VASCULAR_ENDOTHELIAL_GROWTH_FACTOR_PRODUCTION",0.315647921760391,0.692747414495686,0.0374794960289456,0.35237072809911,1.09975801979534,19,"Adora2b/Cyp1b1/Ptgs2"
"GOBP_SPLICEOSOMAL_SNRNP_ASSEMBLY",0.316211475820596,0.693402458934301,0.0379709017537109,0.3346750165249,1.1009168954635,23,"Srsf10/Lsm2/Prpf4b/Aar2"
"GOBP_G_PROTEIN_COUPLED_DOPAMINE_RECEPTOR_SIGNALING_PATHWAY",0.316400336417157,0.693402458934301,0.0299781633235894,-0.378753659238587,-1.11371764571374,20,"Drd1/Slc1a1/Gnb5/Ptger1/Slc9a3r1/Cav2/Palm/Rgs9/Gnas/Gna14/Gna11"
"GOBP_GLYCEROLIPID_METABOLIC_PROCESS",0.316822553023317,0.693578641064879,0.0256415199432076,-0.235121959879747,-1.06444948595787,209,"Lipf/Awat2/Insig1/Plch1/Pnpla3/Dbi/Gk5/Ldlr/Pigk/Liph/Faah/Lmf1/Pi4k2b/Pla2g2d/Lcat/Abhd16a/Pigz/Cln3/Apobec1/Enpp2/Pnpla6/C3/Gnb3/Dpm3/Mtmr7/Slc44a4/Cdipt/Nkx2-3/Sh3yl1/Pip5k1b/Pik3r1/Pigl/Lypla2/Sorl1/Htr2b/Pcyt2/Tmem86b/Spata18/Gde1/Ddhd2/Osbpl10/Pld1/Plcg1/Mfsd2a/Gdpd1/Abhd4"
"GOBP_POSITIVE_REGULATION_OF_IMMUNE_EFFECTOR_PROCESS",0.317133735367151,0.693578641064879,0.0460578909158033,0.218731418770625,1.05353742393964,146,"Adora2b/Fgr/Il18rap/Cd177/Tbx21/Sash3/Atad5/Tfrc/Ywhag/Rif1/Tnfsf4/Dhx58/H2-Q7/Prkaa1/Il33/Cd36/Zbtb1/Il4ra/Itgam/Ddx60/Cd55/Ulbp1/Mavs/Myd88/Rtn4/Galnt2/Colec11/Vav1/Opa1/Panx1/Tnf"
"GOBP_MEMBRANE_PROTEIN_PROTEOLYSIS",0.317161820480405,0.693578641064879,0.0287956022589584,-0.309898643755063,-1.09608940697773,45,"H13/Psen2/Rhbdd1/Furin/Rbmx/Tspan15/Aph1a/App/Bace2/Snx33/Ret/Mbtps1/Aph1c/Adam8/Timp2/P2rx7/Timp4"
"GOBP_CELL_COMMUNICATION_INVOLVED_IN_CARDIAC_CONDUCTION",0.318602804974861,0.695748851331172,0.0390038894080939,0.30558599038381,1.08915823577377,32,"Atp1b1/Cacna2d1/Trdn/Dsc2/Scn4b/Ryr2/Atp1a3/Kcnj3/Atp1a2/Ctnna3/Ank2/Hrc"
"GOBP_POSITIVE_REGULATION_OF_NEUTROPHIL_MIGRATION",0.318609703113686,0.695748851331172,0.0370035891842464,0.364596897613753,1.10479841344084,17,"Dnm1l/Rac1/Mcu/Rtn4/Mospd2/Perp/Cd99l2/Rac2/Fut4"
"GOBP_NEUTRAL_LIPID_CATABOLIC_PROCESS",0.31892346509672,0.695936561336057,0.0298317197809657,-0.3779600707161,-1.11138411435537,20,"Pnpla3/Faah/Abhd16a/Lypla2/Sorl1/Ddhd2"
"GOBP_NEGATIVE_REGULATION_OF_ORGANELLE_ASSEMBLY",0.3197983014862,0.69691872644891,0.0389854791151017,0.302160778737695,1.08665515367648,33,"Wdr44/Mtm1/Smad4/Cep97/Fez2/Pink1/Usp10/Map4/Yap1/Kif24/Mdm1/Smcr8"
"GOBP_MULTI_MULTICELLULAR_ORGANISM_PROCESS",0.319908316961362,0.69691872644891,0.0438558043137023,0.229377604154721,1.05803428757352,111,"Stc1/Ythdf3/Bmpr2/Adcyap1/Ptgs2/Reck/Hpgd/Pcsk5/Slc38a2/Smad3/Apol8/Itgb3/Gnrh1/Thbd/Fosb/Clic5/Slc19a1/Cldn4/Polr1b/Acvr2a/Igfbp2/Ago2/Ddo/Maff"
"GOBP_POSITIVE_REGULATION_OF_CELL_MIGRATION_INVOLVED_IN_SPROUTING_ANGIOGENESIS",0.32005792903693,0.69691872644891,0.0369069830787364,0.364138490801506,1.10340935302317,17,"Ptgs2/Fgf2/Akt3/Pik3c2a/Jcad/Grem1/Kdr/Rhoj"
"GOBP_INSULIN_SECRETION",0.321053388976831,0.698388584499527,0.0269260763455709,-0.257971404747085,-1.07384246652553,113,"Nr1d1/Nnat/Slc2a2/Serp1/Rbp4/Ffar2/Cftr/C1qtnf12/Myrip/Abat/H2-Eb1/Casr/Tcf7l2/Acvr1c/Slc8b1/Fam3b/Chrm3/Arntl/Snx19/C2cd2l/Mafa/Sytl4/Sox4/Eny2/Rab11fip5/Ano1/Rapgef3/Cltrn/Uqcc2/Rph3al/Inhbb/Jagn1/Kcnb1/Syt7/Lrp5"
"GOBP_REGULATION_OF_DNA_BINDING",0.321313065976714,0.698388584499527,0.0289763754722124,-0.338155412744916,-1.10342672750447,31,"Gtf2b/Foxc1/Gata3/Sirt2/Hes1"
"GOBP_POSITIVE_REGULATION_OF_RECEPTOR_MEDIATED_ENDOCYTOSIS",0.321641984931151,0.698388584499527,0.0383899432789291,0.316663364758781,1.0840358277202,27,"Sele/Ahi1/Apln/Magi2/Rab21/Bicd1/Atad1"
"GOBP_CILIUM_MOVEMENT",0.321861152141802,0.698388584499527,0.027336556106222,-0.269585762091976,-1.07974039564992,89,"Spag16/Ift81/Cfap206/Cep131/Hydin/Cabyr/Nme7/Dnah14/Ttc12/Dnah10/Rsph9/Poc1b/Dnah6/Iqcg/Pltp/Drc1/Dnah3/Ccdc146/Ccdc103/Bbs4/Dnaaf3/Cfap45/Yif1b/Ttll5/Ccdc88c/Cfap54"
"GOBP_NEGATIVE_REGULATION_OF_BLOOD_VESSEL_ENDOTHELIAL_CELL_MIGRATION",0.321907600596125,0.698388584499527,0.037396361434556,0.341556547731898,1.09368332292062,21,"Thbs1/Fgf2/Tnf/Hmgb1/Mecp2/Angpt2/Atp2b4/Mmrn1/Itgb1bp1/Pdcd10"
"GOBP_NEGATIVE_REGULATION_OF_AXONOGENESIS",0.322104587744626,0.698388584499527,0.0287866286767462,-0.331989828759261,-1.10179875343988,33,"Epha7/Ntn1/Efnb3/Cdk5/Thy1/Ephb2/Rnf6/Draxin/Dab1"
"GOBP_G_PROTEIN_COUPLED_RECEPTOR_SIGNALING_PATHWAY_COUPLED_TO_CYCLIC_NUCLEOTIDE_SECOND_MESSENGER",0.323969722455845,0.700933491760178,0.0295435840307823,-0.376614370275497,-1.10742710881896,20,"Drd1/Tshr/Mc5r/Chrm3/Htr7/Htr2b"
"GOBP_REGULATION_OF_KETONE_METABOLIC_PROCESS",0.324113048707156,0.700933491760178,0.0415155189937178,0.249472457222186,1.06341767099518,72,"Pdk4/Ppargc1a/Mlycd/Pptc7/Angptl4/Ptgs2/Bglap/Plin5/Creb1/Plaa/Acadvl/Pank2/Pdk1"
"GOBP_ENDOCRINE_PANCREAS_DEVELOPMENT",0.324287652645862,0.700933491760178,0.0296772696202792,-0.388823651076279,-1.11164527808811,18,"Bhlha15/Hes1/Arntl/Eif2ak3/Sox4/Bak1"
"GOBP_NEGATIVE_REGULATION_OF_EPITHELIAL_TO_MESENCHYMAL_TRANSITION",0.324409710675091,0.700933491760178,0.0293081657410513,-0.35869149135037,-1.1033948378244,24,"Gata3/Sfrp2/Fuz/Efna1/Ovol2/Dsg2/Trim62/Sfrp1"
"GOBP_NEGATIVE_REGULATION_OF_DNA_RECOMBINATION",0.324639841033284,0.700933491760178,0.0372150648906272,0.340842635629316,1.09139733611752,21,"Rif1/Ankle1/Smchd1/Bcl6/Csnk2a1/Klhl15"
"GOBP_ENDOTHELIAL_CELL_PROLIFERATION",0.32465495608532,0.700933491760178,0.0424715179160691,0.238321352220017,1.06197612307962,91,"Thbs1/Thap1/Cnmd/Bmpr2/Prkx/Fgf2/Itgb3/Eng/Hmgb2/Apln/Lipa/Akt3/Krit1/Nras/Atp5a1/Igf2/Stat1/Tnfsf12/Tnf/Hmgb1/Stat3/Jcad/Scg2"
"GOBP_MONOAMINE_TRANSPORT",0.32503234152652,0.701252685991186,0.0287686999295148,-0.337284922381966,-1.10058625150938,31,"Drd1/Sncg/Chrnb2/Comt/Slc18a3/Abat/Slc22a2/Gnat1"
"GOBP_POSITIVE_REGULATION_OF_BLOOD_VESSEL_ENDOTHELIAL_CELL_MIGRATION",0.325388323513658,0.701525284639539,0.0388025714978873,0.287489209177895,1.07958338730632,40,"Thbs1/Ptgs2/Vegfc/Fgf2/Akt3/Atp5a1/Pik3c2a/Hmgb1/Atp5b/Jcad/Grem1/Sp1/Map2k3/Gab1/Kdr"
"GOBP_CIRCULATORY_SYSTEM_PROCESS",0.326633785450062,0.703713832545796,0.0240362348647075,-0.221467269968073,-1.05407350532688,342,"Adora1/Drd1/Cbs/Prcp/Enpep/Kl/Slc27a4/Manf/Foxc1/Acsm3/Tjp3/Klk1b1/Adipoq/Oxtr/Kng2/Kcnmb4/Slc4a4/Umod/Cpa3/Slc1a1/Pkp2/Gsn/Ace/Ctsz/Sucnr1/Faah/Stk39/Slc6a13/Arhgap42/Cma1/Slc24a3/Agtrap/Acta2/Lrp2/Pln/Comt/Abat/Slco2b1/Slc13a3/Id2/Flvcr2/Gnb3/Casr/App/Anpep/Slc1a4/Shox2/Adm2/Nedd4l/Ext2/Map2k6/Slc2a5/Serping1/Atp2a3/Slc7a3/Slc22a2/Slc38a1/Mmp2/Foxc2/Hsp90aa1/Vstm4/Scpep1/Htr7/Cacna1d"
"GOBP_DIENCEPHALON_DEVELOPMENT",0.326974032856386,0.703950437192571,0.0384609134616318,0.297248781306203,1.07566463938392,34,"Kcnc1/Creb1/Fgf2/Rbpj/Arx/Cntnap2/Nr4a2/Ogdh/Tal2/Bloc1s6/Bmp2/Pou4f1/Ncoa1/Bax/Kcnc2/Plxna1/Hap1/Wnt4/Nrp1"
"GOBP_REGULATION_OF_CELLULAR_COMPONENT_SIZE",0.327485380116959,0.704506778155648,0.0494810541413483,0.205340054978042,1.04517056265207,217,"Kel/Plek/Rb1cc1/Bmpr2/Map1b/Mtor/Xk/Myo3b/Clasp2/Fgf13/Ssh2/Creb1/Clcn6/Hck/Pum2/Lmod2/Neb/Pafah1b1/Pik3ca/Rab21/Rac1/Kcnma1/Picalm/Rdx/Alox15/Crabp2/Akt3/L1cam/Elavl1/Rtn4/Flii/Ttl/Coro1a/Srf/Pfn2/Capza2/Wnk1/Actn2/Nckap1/Vav1/Borcs5/Tnfrsf12a/Shank3/Mkks/Nrcam/Dmtn/Deptor/Dip2b/Sin3a/Tmod4/Wnk3/Fstl4/Arhgap40/Cdc42ep3/Lpar3/Sema4f/Fchsd2/Ssh1/Arf6/Svil"
"GOBP_RESPONSE_TO_EPIDERMAL_GROWTH_FACTOR",0.327781371280724,0.704506778155648,0.0286172889097433,-0.336857689680867,-1.09919215884225,31,"Foxc1/Mapk3/Vil1/Col1a1/Zfp36l2/Cfl1/Snx6/Plcg1/Zfp36l1/Cad/Eef1a1/Akt1"
"GOBP_NUCLEAR_TRANSCRIBED_MRNA_CATABOLIC_PROCESS",0.328048780487805,0.704506778155648,0.0415587588967539,0.246313442711268,1.06579032769045,78,"Eri1/Cnot6l/Noct/Cnot11/Cnot9/Ncbp1/Csde1/Dcp2/Cnot7/Ago2/Exosc2/Dhx9/Samd4/Tnrc6b/Mtpap/Pde12/Etf1/Xrn1/Exosc8/Cnot6/Smg5/Dxo"
"GOBP_RRNA_METHYLATION",0.328154875717017,0.704506778155648,0.036171170470305,0.371852379327634,1.09289907188304,15,"Fdxacb1/Zcchc4/Mettl16/Mrm1"
"GOBP_LIPOSACCHARIDE_METABOLIC_PROCESS",0.328414968055978,0.704570033294251,0.027497997582489,-0.284699543648597,-1.08299567961923,65,"Fa2h/Ugt8a/Pigk/Sumf1/Hexb/St3gal4/Pigz/Hexa/M6pr/Dpm3/St6galnac5/Naga/Neu1/B3galt2/Pigl/Fuca1/Gba/A3galt2/Gm2a/B4galnt1"
"GOBP_RESPONSE_TO_ANTIBIOTIC",0.328990228013029,0.705308874792845,0.0371170899936045,0.331085535954105,1.08910926235315,23,"Jak2/Slc1a3/Kat7/Gria1/Id1/Skil/Ezh2/Cdkn1b/Endog/Kdm6b/Mdm2/Jak1/Hpse/Ehmt1/Srd5a1"
"GOBP_TUBE_CLOSURE",0.329256965944272,0.705385715960556,0.0277605897779291,-0.291790260535652,-1.08027921511722,56,"Folr1/Sema4c/Sfrp2/Fuz/Lrp2/Cc2d2a/Casp3/Sufu/Wdr83/Spint2/Bbs4/Ift122/Dvl2/Ptch1/Sfrp1/Ift172/Vasp/Mthfr/Cited2/Pfn1/Scrib"
"GOBP_REGULATION_OF_BONE_MINERALIZATION",0.329882865704168,0.706231362807451,0.0388754749993405,0.275642137252713,1.07092135227082,46,"S1pr1/Bmpr1b/Bmpr2/Slc20a2/Bglap/Ank/Smad3/Ccr1/Bmp2k/Acvr2a/Isg15"
"GOBP_POSITIVE_REGULATION_OF_ALPHA_BETA_T_CELL_DIFFERENTIATION",0.330169317598769,0.706349625535181,0.0375463350975221,0.321826006818743,1.07999647732164,25,"Sash3/Tnfsf4/Il4ra/Cbfb/Opa1/Il23r/Hlx"
"GOBP_TOLL_LIKE_RECEPTOR_SIGNALING_PATHWAY",0.330540625987986,0.706451457247635,0.0280625306368806,-0.299058606515351,-1.08293672619448,51,"Hsp90b1/Irf7/Lrrc14/Irak1/App/Sarm1/Tlr5/Ctss/Tlr3/Gpr108/Tlr7/Tlr9/Scimp/Unc93b1/Smpdl3b/Irak4/Tnip1/Ticam2"
"GOBP_MITOTIC_G2_M_TRANSITION_CHECKPOINT",0.33067940552017,0.706451457247635,0.0382489817341206,0.300077631004526,1.0791635684695,33,"Mre11a/Topbp1/Donson/Dtl/Abraxas1/Hus1/Cdkn1a/Taok1/Mrnip/Mbtps2/Inip/Orc1"
"GOBP_LEUKOCYTE_ACTIVATION_INVOLVED_IN_INFLAMMATORY_RESPONSE",0.33128038897893,0.707240802467248,0.0284676117707769,-0.337888672492691,-1.09527920575927,30,"Nr1d1/Ldlr/Calhm2/Grn/Cx3cr1/App/C1qa/Tlr3/Tlr9/Ifngr1"
"GOBP_PLATELET_MORPHOGENESIS",0.331797235023041,0.707443695843334,0.0293736614671865,-0.393522464739903,-1.10983924446912,17,"Casp3/Bap1/Cib1/Ptpn6/Actn1"
"GOBP_MONOATOMIC_ION_HOMEOSTASIS",0.331838565022422,0.707443695843334,0.0239439935823993,-0.221807116153692,-1.05117259519139,330,"Adora1/Drd1/Calr/Selenon/Kl/Plch1/Hsp90b1/Psen2/Slc12a3/Slc12a1/Slc22a17/Slc4a4/Umod/Slc1a1/Tfr2/Slamf8/Hexb/Ccdc115/Slc24a5/Car12/Stk39/Cftr/Tmbim6/Mapk3/Slc39a7/Atp6v1b1/Cln3/Rgn/Slc24a3/Grn/Gpr89/Pln/Comt/Slc9a9/Osbpl2/Rab20/Atp6v1g1/Casr/Ftl1/App/Tmem199/Slc8b1/Mcoln1/Letmd1/Dbndd2/Ext2/Tmc8/Tmem9/Atp2a3/Dmxl2/Thy1/Trf/Cd19/Prnp/Chrna7/Cib3/Itpr2/Cd40/Ryr3/Htr2b/Aplnr/Ednra/Grina/Tmem165/Cnnm2/Grin1/Ext1/Mecr/Plcg1/Grik2/Ptpn6/Bak1/Calb1/Atp2b3/Ppt1/Tmem203/P2rx1/Alpl/Clcn3/Pml/Ccl9/Slc24a2/Slc46a1/Scnn1g"
"GOBP_REGULATION_OF_SODIUM_ION_TRANSMEMBRANE_TRANSPORT",0.332987012987013,0.709371079757777,0.0376303019205309,0.310658341678705,1.07373358052147,28,"Atp1b1/Grp/Ptpn3/Fgf13/Fxyd6/Fxyd4/Wnk1/Slmap/Wnk3/Fxyd7/Atp2b4"
"GOBP_NEGATIVE_REGULATION_OF_VASCULATURE_DEVELOPMENT",0.333333333333333,0.709371079757777,0.0272486205517551,-0.282453908354138,-1.07897681885962,67,"Angpt4/Foxc1/Thbs2/Klk1b1/Sparc/Sars/H2-M3/Cx3cr1/Stab1/Serpinf1/Tnmd/Shc1/Col4a2/Naxe/Klk1/Zfp354c/Creb3l1/Ptpn6/Klk1b11/Pml/Fyn/Ism1/Angptl7"
"GOBP_CALCIUM_ION_REGULATED_EXOCYTOSIS",0.333439237490071,0.709371079757777,0.0279948214942274,-0.321269102209295,-1.09234394127639,37,"Unc13c/Stxbp2/Unc13b/Cdk5/Syn2/Cadps2/Scamp5/Cltrn/Sdf4/Rph3al/Kcnb1/Syt7"
"GOBP_CELLULAR_RESPONSE_TO_ACID_CHEMICAL",0.334018337021815,0.710108573139627,0.0278771754839041,-0.29845727999313,-1.08075923134511,51,"Pnpla3/Col3a1/Xbp1/Lamtor2/Nsmf/Hnrnpab/Klhl22/Ass1/Col1a1/Mmp2/Lars/Stambpl1/Col1a2/Slc7a5/Fyn/Col4a6/Lamtor1/Cyba/Sipa1/Col4a1"
"GOBP_GLYCEROPHOSPHOLIPID_CATABOLIC_PROCESS",0.334464043419267,0.710155582846911,0.0291136069415774,-0.385811184420661,-1.1030326478537,18,"Ldlr/Abhd16a/Enpp2/Pnpla6/Gde1/Gdpd1"
"GOBP_CYTOSOLIC_TRANSPORT",0.334564799763558,0.710155582846911,0.0266722544958112,-0.271402540342937,-1.07208336286297,80,"Ppfia2/Tmed9/Lman1/Ap1s1/Tbc1d10a/Surf4/Ykt6/Ces1d/Rab9b/Cln3/Ap4m1/Trim27/Vps51/Snx1/Sorl1/Arfrp1/Snx6/Sort1/Snx8/Snx2/Atp9a/Arfip1"
"GOBP_REGULATION_OF_PHAGOCYTOSIS",0.334829721362229,0.710155582846911,0.0274655467272908,-0.290645420987361,-1.07604073790968,56,"Calr/Adipoq/C2/Mertk/Tulp1/Il2rb/C4b/Rab27a/C3/Atg3/Letmd1"
"GOBP_SARCOPLASMIC_RETICULUM_CALCIUM_ION_TRANSPORT",0.33497027655725,0.710155582846911,0.037396361434556,0.308305316426505,1.07775468286653,29,"Tmem38b/Trdn/Jph4/Akap6/Ryr2/Cacng1/Tmem38a/Atp1a2/Ank2/Hrc/Ryr1"
"GOBP_DEVELOPMENT_OF_PRIMARY_SEXUAL_CHARACTERISTICS",0.335655058043118,0.711113871235593,0.0430067286602703,0.224649603126539,1.04774967188931,118,"Bmpr1b/Spata2/Inhba/Kitl/Zfx/Smad4/Dach2/Bcl2l11/Atrx/Aspm/Kif18a/Six4/Gnrh1/Tiparp/Csde1/Hmgb2/Rnf38/Arid5b/Ereg/Rac1/Acvr2a/Robo2/Fzd4"
"GOBP_RECEPTOR_METABOLIC_PROCESS",0.336118555888381,0.711351363123697,0.027719205680962,-0.303221857190924,-1.08134648066414,47,"Gprasp1/Ldlr/Pex2/Mvb12a/Furin/Cdk5/Nedd4l/Ctsd/Anxa2/Pex12/Sorl1"
"GOBP_ACETYL_COA_METABOLIC_PROCESS",0.336232853797257,0.711351363123697,0.0287686999295148,-0.36438953225281,-1.09632949196304,22,"Hmgcs1/Aass/Fasn/Acot12/Mvd"
"GOBP_GRANULOCYTE_DIFFERENTIATION",0.336880611905554,0.711941532368397,0.0286261470897588,-0.355076051831447,-1.09227314300352,24,"Fasn/Adipoq/Srp54a/Tesc/Bap1/Prdm16/Jagn1"
"GOBP_NEGATIVE_REGULATION_OF_SMOOTH_MUSCLE_CELL_PROLIFERATION",0.337122190648411,0.711941532368397,0.0372478657624834,0.315982590186803,1.07121593870362,26,"Ppargc1a/Bmpr2/Rgs5/Apln/Cdkn1a/Tnfaip3"
"GOBP_NEURON_PROJECTION_GUIDANCE",0.337210932025228,0.711941532368397,0.0256345020849711,-0.249464198697555,-1.06050784117184,130,"Cntn2/Unc5a/Epha7/Foxd1/Sema4c/Ntn1/Gata3/Efnb3/Myh10/Efna1/Cdk5/Reln/Egr2/App/Ophn1/Matn2/Rnf165/Ephb2/Nrxn3/Ephb1/Lypla2/Boc/Draxin/Ret/Rpl24/Ednra/Ext1/Dpysl5/Arhgef25/Fyn/Ptch1/Kif5c/Cdk5r1/Pcdhac2/Bsg/Sema4g/Efna3/Sema4b/Sema5b/Kif21a"
"GOBP_RESCUE_OF_STALLED_RIBOSOME",0.338407494145199,0.71382400684299,0.0286527576993215,-0.363890589951025,-1.09482833698514,22,"Cdk5rap3/Ddrgk1/Saysd1/Zfp598/Gigyf2/Gtpbp2/Ttc37"
"GOBP_PROTEIN_ACYLATION",0.338569880823402,0.71382400684299,0.0381789851736003,0.277125939085146,1.06393632074496,44,"Zdhhc23/Esco2/Esco1/Naa15/Nmt2/Naa16/Ppm1b/Zdhhc6/Kat7/Hhatl/Naa20/Dip2b/Ppm1a/Zdhhc17/Zdhhc16/Clock/Zdhhc18"
"GOBP_POSITIVE_REGULATION_OF_MYOBLAST_DIFFERENTIATION",0.338930508912426,0.714091520501697,0.0371333747861846,0.315553949098613,1.06976279799299,26,"Tnfsf14/Myf6/Myf5/Pbrm1/Csrp3"
"GOBP_PROTEIN_LOCALIZATION_TO_ENDOSOME",0.340614498319731,0.717144929267249,0.0354848730992511,0.363728382150249,1.08256813238418,16,"Rock2/Rdx/Dtx3l/Arf6/Ezr/Nrp1/Msn/Tmem30a"
"GOBP_POSITIVE_REGULATION_OF_MIRNA_METABOLIC_PROCESS",0.341023069207623,0.717510658697857,0.0363710691140797,0.323885140059532,1.08018968203898,24,"Smad4/Smad3/Fgf2/Apln/Srf/Tnf/Stat3"
"GOBP_BLOOD_VESSEL_REMODELING",0.341329011345219,0.717660103000443,0.0279358648541436,-0.335814729665147,-1.08855643983703,30,"Cbs/Foxc1/Ace/Foxc2/Flt4/Ednra/Ext1/Bak1/Nos3/Bgn/Dll4/Axl"
"GOBP_HIPPOCAMPUS_DEVELOPMENT",0.341897233201581,0.718346697447106,0.0388754749993405,0.260550284737407,1.0569321438888,56,"Phlpp2/Fgf13/Large1/Pafah1b1/Cdk6/Fxr1/Srf/Ogdh/Vps13b/Mkks/Crkl/Prox1/Bloc1s6/Ezh1/Atp2b4/Bbs2/Crk/Ncoa1/Atg16l1/Pomgnt1/Ezh2/Eif2b5/Ywhae/Tsc1/Kdm6b"
"GOBP_CALCIUM_ION_IMPORT",0.342126046438161,0.718346697447106,0.0274412621917787,-0.30382045726954,-1.07809487390638,46,"Selenon/Calhm2/Slc24a5/Cdk5/Pln/Hes1/Trim27/Kcnn4/Casr/Cacna1e/Cacna1d/Prnp/Cacna1g/P2rx1/Fyn/Slc24a2"
"GOBP_TRANSMISSION_OF_NERVE_IMPULSE",0.342366514623021,0.718346697447106,0.0377316811230551,0.286296280803346,1.0665118974029,39,"S1pr1/Mtor/Kcna2/Kcnq3/Pafah1b1/Kcnk4/Cntnap2/Jam3/Scn4b/Gria1/Cacng7/Nrcam/Scn9a/Atp1a2"
"GOBP_RRNA_METABOLIC_PROCESS",0.342596117244005,0.718346697447106,0.04588889823293,0.211343527781599,1.03869630558318,168,"Nop58/Rpf2/Eri1/Mtor/Wdr43/Fdxacb1/Gtpbp4/Slfn9/Heatr1/Esf1/Top1/Zcchc4/Utp20/Wdr3/Mettl16/Utp6/Slfn8/Frg1/Nol10/Wdr36/Polr1b/Wdr12/Bysl/Npm3/Mrm1/Ddx18/Exosc2/Ddx51/Rrs1/Ddx10"
"GOBP_REGULATION_OF_STEROL_TRANSPORT",0.343302990897269,0.719335142106418,0.0278855433998514,-0.338933382349945,-1.08353043169212,28,"Adipoq/Mapk3/Ces1d/Furin/Anxa2/Srebf2/Pltp/Naxe/Ptch1/Lamtor1/Commd1"
"GOBP_NEGATIVE_REGULATION_OF_COLD_INDUCED_THERMOGENESIS",0.344046279929295,0.720104923458378,0.0276450470759569,-0.328969517611941,-1.08356695233458,32,"Nr1d1/Pctp/Adipoq/Map2k6/Arntl/Foxc2/Stk11"
"GOBP_AMINO_ACID_TRANSMEMBRANE_TRANSPORT",0.344354715831175,0.720104923458378,0.0267027529799805,-0.28097618300203,-1.06984527747697,66,"Slc6a18/Slc1a1/Slc6a13/Slc7a4/Lrrc8d/Sfxn1/Praf2/Cln3/Slc1a4/Sfxn2/Slc7a13/Slc7a3/Slc6a12/Slc22a2/Slc38a1/Slc7a5/Lrrc8e/Slc7a6/Gfap/Cltrn"
"GOBP_NUCLEOTIDE_TRANSPORT",0.344377510040161,0.720104923458378,0.0283456249058933,-0.364684366137817,-1.08707877029967,21,"Calhm2/Slc25a53/Calhm5/Lrrc8d/Slc17a9/Slc25a5/Slc35b3"
"GOBP_REGULATION_OF_ERBB_SIGNALING_PATHWAY",0.345698924731183,0.722058371892669,0.0375630911879726,0.280067664306515,1.06410756599945,42,"Neu3/Cnot9/Ptpn3/Sh3gl2/Sos1/Cblb/Rbpj/Rtn4/Rab7/Rnf115/Rala/Zgpat/Socs4"
"GOBP_NEGATIVE_REGULATION_OF_WOUND_HEALING",0.345784418356457,0.722058371892669,0.037396361434556,0.286708647393236,1.06441994868214,38,"Thbs1/Clasp2/Smad3/Phldb2/Fgf2/Thbd"
"GOBP_POSITIVE_REGULATION_OF_LONG_TERM_SYNAPTIC_POTENTIATION",0.346298834818369,0.722638620471391,0.0286705282376607,-0.394298466235233,-1.09644738732896,16,"Slc18a3/Reln/App/Chrna7/Ephb2/Shisa7"
"GOBP_GLUTAMINE_FAMILY_AMINO_ACID_METABOLIC_PROCESS",0.346837469975981,0.722826507693104,0.0274412621917787,-0.32217791659545,-1.08187388780455,35,"Fah/Pycr1/Aldh18a1/Fpgs/Phgdh/Cln3/Ass1/Oat/Asl/Azin2/Arg2/Odc1/Nos3"
"GOBP_REGULATION_OF_KINASE_ACTIVITY",0.346862081924089,0.722826507693104,0.0452559369048511,0.211272048967251,1.03535136813614,165,"Irgm2/Fgr/Tpx2/Hipk3/Ccnt1/Rbl2/Adcyap1/Tigar/Ywhag/Ccne2/Ect2/Pik3r5/Tcim/Fgf2/Jak2/Gskip/Cab39/Cdkn1a/Stradb/Apc/Ereg/Mrnip/Trib2/Ccnt2/Nlrc5/Xrcc5/Map2k1/Tnfrsf10b/Rap2b/Nrg1/Ptpn1/Ccng1/Tnf/Pibf1/Heg1/Cdc25c/Lmo4/Deptor/Ptprc"
"GOBP_NEUROINFLAMMATORY_RESPONSE",0.347635966110959,0.723553167147539,0.0377996460819896,0.270918560140155,1.05751632007878,47,"Fpr2/Vps13a/Ptgs2/Ccdc39/Large1/Jak2/Il33/Cst7/Itgam"
"GOBP_POSITIVE_REGULATION_OF_EPITHELIAL_CELL_PROLIFERATION",0.348182115951523,0.723553167147539,0.0418426681191335,0.224568417435982,1.03949994307215,113,"St8sia1/Areg/Ccl5/Epgn/Vegfc/Fgf2/Eya1/Itgb3/Hmgb2/Apln/Tnfaip3/Rbpj/Trp63/Akt3/Nras/Igf2/Rtn4/Med1/Tnfsf12/Tnf/Hmgb1/Stat3/Jcad/Scg2/Foxp2/Cdc42/Yap1/Hlx/Tbx1/Prox1/Sp1"
"GOBP_REGULATION_OF_ALPHA_BETA_T_CELL_DIFFERENTIATION",0.348537697880333,0.723553167147539,0.0373466999137554,0.284892023670491,1.06128075386516,39,"Tbx21/Sash3/Tnfsf4/Il4ra/Bcl6/Cbfb/Opa1/Sh3rf1/Hmgb1/Il23r"
"GOBP_NEGATIVE_REGULATION_OF_FAT_CELL_DIFFERENTIATION",0.348605902494701,0.723553167147539,0.0276697192756243,-0.336977968654987,-1.0838703996724,29,"Insig1/Adipoq/Sirt2/Zfp36l2/Arntl/Trib3"
"GOBP_REGULATION_OF_CELL_CYCLE_G1_S_PHASE_TRANSITION",0.34890558640967,0.723553167147539,0.0417328831423849,0.226655945632907,1.0442861497222,110,"Inhba/Ppp2ca/Rbl2/2610528A11Rik/Slfn9/Ccne2/Tfdp1/Wac/Rrm2/Tcim/Cdc73/Fhl1/Cdkn1a/Zfp655/Apc/Lsm11/Appl1/Trp63/Rdx/Pbrm1"
"GOBP_REGULATION_OF_CARDIAC_MUSCLE_CONTRACTION_BY_REGULATION_OF_THE_RELEASE_OF_SEQUESTERED_CALCIUM_ION",0.34902244750181,0.723553167147539,0.0350965664375677,0.355504687023715,1.07724727436016,17,"Tmem38b/Trdn/Ryr2/Tmem38a/Atp1a2/Ank2/Hrc"
"GOBP_POSITIVE_REGULATION_OF_RESPONSE_TO_WOUNDING",0.349223352972683,0.723553167147539,0.0372642930836758,0.282067196511163,1.0592225716169,40,"Thbs1/Mtor/Cd36/Pum2/Duox1/Thbd/Cldn4/Enpp4"
"GOBP_CELL_COMMUNICATION_BY_ELECTRICAL_COUPLING",0.349478390461997,0.723553167147539,0.0356608325112044,0.334293202797241,1.0704256829298,21,"Atp1b1/Trdn/Ryr2/Gjb6/Gjc2/Atp1a3/Atp1a2/Hrc"
"GOBP_MEMBRANE_PROTEIN_ECTODOMAIN_PROTEOLYSIS",0.349864455429756,0.723553167147539,0.0272167928225599,-0.319247069344903,-1.07888444080604,36,"H13/Psen2/Furin/Rbmx/Tspan15/Aph1a/App/Bace2"
"GOBP_REGULATION_OF_CALCIUM_ION_TRANSMEMBRANE_TRANSPORTER_ACTIVITY",0.349934469200524,0.723553167147539,0.0276861936652496,-0.346419965517265,-1.08047403730339,25,"Selenon/Pln/Gnb5/Gpr35/Tlr9"
"GOBP_POSTSYNAPSE_ASSEMBLY",0.350166481687014,0.723553167147539,0.0379709017537109,0.259934041381344,1.0498236945439,54,"Map1b/Pum2/Nectin3/Rac1/Arhgef15/Rtn4/Lrrc4b/Neurl1a/Ptpn1/Caskin1/Slitrk3/Nptx1/Crmp1/Shank3/Crkl/Prickle1"
"GOBP_EPIBOLY",0.350551654964895,0.723553167147539,0.0357942052673273,0.321480779986646,1.07217089815108,24,"Mtor/Clasp2/Phldb2/Itgb3"
"GOBP_REGULATION_OF_CHOLESTEROL_METABOLIC_PROCESS",0.350885746790184,0.723553167147539,0.027497997582489,-0.339507675529999,-1.0786159354468,27,"Insig1/Ldlr/Lmf1/Ces1d/Gnb3"
"GOBP_POSITIVE_REGULATION_OF_RESPONSE_TO_ENDOPLASMIC_RETICULUM_STRESS",0.350888635251916,0.723553167147539,0.0275549841954235,-0.336441096389704,-1.08214358067866,29,"Xbp1/Agr2/Rnf185/App/Bbc3/Pik3r1/Bcap31/Tmem259/Rnft2/Bak1"
"GOBP_BONE_MATURATION",0.350913125106673,0.723553167147539,0.028362981829244,-0.388398890914172,-1.0953893875658,17,"Thbs3/Ebp/Dchs1/Adamts12/Ext1/Ltf"
"GOBP_POSITIVE_REGULATION_OF_MICROTUBULE_POLYMERIZATION_OR_DEPOLYMERIZATION",0.351000259807742,0.723553167147539,0.0365110590073531,0.30957713869616,1.05977750234979,27,"Map1b/Togaram1/Ckap5/Rac1/Spast/Mecp2/Pde4dip"
"GOBP_REGULATION_OF_LYMPHOCYTE_MEDIATED_IMMUNITY",0.351471053464094,0.723757000147941,0.0408183330044312,0.232635252871483,1.04691989874473,95,"Il18rap/Spn/Tbx21/Sash3/Atad5/Tfrc/Ywhag/Rif1/Tnfsf4/Ppp3cb/H2-Q7/Prkaa1/Zbtb1/Cd55/Ulbp1/Bcl6/Vav1/Tnf/Hmgb1/Serpinb3a/Il23r"
"GOBP_XENOBIOTIC_TRANSPORT",0.351572958500669,0.723757000147941,0.0279779493381936,-0.362519729766182,-1.0806262583098,21,"Cldn1/Nr1i2/Slc22a6/Slc22a2/Slc7a5/Slc22a3/Slc2a1/Slc28a3/Slc31a1"
"GOBP_REGULATION_OF_GLYCOGEN_BIOSYNTHETIC_PROCESS",0.352533460803059,0.725245604547708,0.0346907706589501,0.364819443948967,1.0722288033161,15,"Gck/Dyrk2/Ppp1r3f/Igf2"
"GOBP_REGULATION_OF_POTASSIUM_ION_TRANSPORT",0.353164900842162,0.725576818846562,0.037330182403031,0.266321073595551,1.05311255833048,49,"Kel/Kcnc1/Atp1b1/Grp/Kcnj2/Fhl1/Gck/Cab39/Akap6/Kif5b/Amigo1/Abcc9/Actn2/Sumo1"
"GOBP_REGULATION_OF_HEMOPOIESIS",0.353169469598965,0.725576818846562,0.0483195582060627,0.200990614940386,1.03198514451644,233,"Tob2/Tnfsf11/Tbx21/Inhba/Kitl/Mtor/Sash3/Nfkbia/Csf3r/Mafb/Tnfsf4/Mitf/Bglap/Creb1/Rcor1/Tcim/Cdc73/Purb/H2-Q7/Tsc22d1/Ccr1/Zbtb1/Hmgb2/Il4ra/Sos1/Abcb10/Acvr2a/Cdk6/Isg15/Klf10/Pbrm1/Bcl6/Cbfb/Kat7/Tcf7/Tnfaip6/Stat1/Il34/Ppp3ca/Opa1/Sh3rf1/Med1/Gabpa/Tnf/Hmgb1/Il23r/Hspa9/Stat3/Fgl2/Bglap2/Ptprc/Dusp10"
"GOBP_RESPONSE_TO_NUTRIENT_LEVELS",0.353982300884956,0.726433834748032,0.0518138223104503,0.194105855665736,1.02574568432684,307,"Mpo/Pdk4/Gdap1/Vcam1/Ppargc1a/Mlycd/Stc1/Ucp3/Inhba/Ulk3/Eif2s1/Atf2/Bmpr2/Lcn2/Map1b/Mtor/Prkaa2/Ucp2/Pmaip1/Mafb/Tfrc/Ywhag/Cpeb4/Pklr/Slc38a2/Bglap/Prkaa1/Bnip3/Dsc2/Cdkn1a/mt-Cytb/Mapk8/Stk26/Acat1/Lipa/Sh3glb1/Ywhaz/Adsl/Mcu/Igfbp2/Ripor1/Phex/Klf10/Csnk1a1/Jmy/Tfeb/Vgf/Zfyve1/Stat1/Gria1/Srf/Agl/Gpr155/Ptpn1/Med1/Foxk2/Ppara/Slc25a25"
"GOBP_NEGATIVE_REGULATION_OF_SMOOTHENED_SIGNALING_PATHWAY",0.354062186559679,0.726433834748032,0.0355872583741845,0.320740001152912,1.06970032585892,24,"Gpr161/Ulk3/Traf3ip1/Herc4"
"GOBP_RESPONSE_TO_NERVE_GROWTH_FACTOR",0.354538195368645,0.726922273054504,0.036810997511849,0.291044588232399,1.05949218764032,35,"Kcnc1/Lcn2/Creb1/Sh3gl2/Magi2/Gria1/Coro1a/Ptpn1/Acap2"
"GOBP_LEUKOCYTE_PROLIFERATION",0.355670103092784,0.728753967101579,0.0459731894695299,0.207188247176828,1.03294915915832,186,"Vcam1/Tnfsf11/Hells/Spn/Kitl/Ccl5/Ifi204/Sash3/Tnfsf14/Atad5/Tfrc/Tnfsf4/Ppp3cb/H2-Q7/Bmi1/Gpam/Jak2/Il33/Gnrh1/Cdkn1a/Sos1/Cblb/Lipa/Tnfaip3/Cd55/Igfbp2/Myd88/Igf2/Bcl6/Coro1a/Il34/Ppp3ca/Tbk1/Sh3rf1"
"GOBP_MACROPHAGE_ACTIVATION",0.356189599631845,0.729105434186014,0.0262380567668797,-0.282478410072649,-1.06413293712037,62,"Nr1d1/Shpk/Tnip2/Ldlr/Calhm2/Sucnr1/Stk39/Grn/Cx3cr1/Cd74/App/C1qa/Tmem106a/Tlr3/Tlr9/Ifngr1"
"GOBP_REGULATION_OF_CELLULAR_SENESCENCE",0.356318956870612,0.729105434186014,0.0354557516199141,0.320374722036976,1.06848208308303,24,"Fbxo5/H2-Q7/Rsl1d1/Cdk6/Trp63/Akt3/Bcl6"
"GOBP_MYELOID_LEUKOCYTE_CYTOKINE_PRODUCTION",0.356681313000775,0.729358374308814,0.0360646432896811,0.303599295032318,1.06130366394138,29,"H2-Q7/Cd36/Irak3/Mavs/Myd88/Bcl6/Rtn4/Panx1"
"GOBP_TEMPERATURE_HOMEOSTASIS",0.356978417266187,0.729477635283078,0.0251190368255729,-0.255208406292718,-1.05542191466599,107,"Nr1d1/Adora1/Scd1/Drd1/Pctp/Sfxn5/Scd2/Adipoq/Oxtr/Tshr/Ksr2/Pwwp2b/Clstn3/Fto/Abat/Ffar4/Prlr/Letmd1/Map2k6/Arntl/Foxc2/Bscl2"
"GOBP_NEGATIVE_REGULATION_OF_T_CELL_APOPTOTIC_PROCESS",0.35741718674988,0.729886033102195,0.0344988851058263,0.359780905218368,1.07081922045019,16,"Tsc22d3/Ccl5/Gpam/Rorc/Bcl11b"
"GOBP_CELL_JUNCTION_ASSEMBLY",0.357930043124102,0.730294360734948,0.0507941255783484,0.195330298905956,1.02734270347436,296,"Slitrk1/Thbs1/Rock2/Gabrg2/Lrrn1/Map1b/Vsig10/Myo9a/Abi2/Slitrk5/Ect2/Clasp2/Fgf13/Rock1/Smad3/Phldb2/Large1/Tjp1/Itgb3/Six4/Pum2/Nectin3/Apc/Gnpat/Cldn4/Rac1/Strn/Cntnap2/Amigo1/Robo2/Lin7a/Jam3/Cdh19/Arhgef15/Rtn4/Lrrc4b/Neurl1a/Ppm1f/Gria1/Srf/Hopx/Gjb6/Actn2/Dsg3/Ptpn1/Pof1b/Pcdhb17/Caskin1/Tnf/Pcdhb5/Slitrk3/Pecam1/Nptx1/Crmp1/Pkn2/Shank3/Cldn17/Mecp2/Pdcd6ip/Nrcam/Gabrb3/Stau2/Dmtn/Crkl/Epha3/Prickle1/Adgrb3/Lrrc4/Cdc42/Negr1/Grem1/Ogt/Cdh5/Rap1b/Cldn5/Snca/Actn3"
"GOBP_PROTEIN_EXPORT_FROM_NUCLEUS",0.358095238095238,0.730294360734948,0.0370683414687486,0.264010964129718,1.04867780700477,50,"Cse1l/Xpo1/Xpo7/Prpf4b/Frat2/Ankle1/Stradb/Xpo4/Peg12/Anp32b/Rangap1/Rbm22/Hspa9/Uhmk1/Ppm1a"
"GOBP_POSITIVE_REGULATION_OF_VIRAL_PROCESS",0.358561460010735,0.73075734511861,0.0367473484524694,0.275645544207604,1.05350761899989,43,"Kpna2/Ccl5/Top2a/Ifit1bl1/Stom/Cnot7/Tyro3/Stau1/Dhx9/Ppid/Rab7/Hmgb1/Pkn2/Pde12"
"GOBP_REGULATION_OF_PHOSPHORUS_METABOLIC_PROCESS",0.360313315926893,0.733838120104439,0.0530144999143884,0.1911838087315,1.02490733681803,345,"Pdk4/Slc4a1/Irgm2/Fgr/Thbs1/Tpx2/Rock2/Plek/Inhba/Ppp2ca/Areg/Hipk3/Ccnt1/Rbl2/Adcyap1/Mtor/Tigar/Prkaa2/Ywhag/Cnot9/Ccne2/Ect2/Pik3r5/Tcim/Fgf2/Prkaa1/Gck/Jak2/Gskip/Traf3ip1/Cab39/Eng/Dnm1l/Pfkfb1/Kctd20/Apln/Cdkn1a/Stradb/Hdac4/Apc/Mob1b/Klhl31/Ereg/Cnot7/Ddit4/Rac1/Mrnip/Rab38/Trib2/Acvr2a/Pdk1"
"GOBP_TELENCEPHALON_GLIAL_CELL_MIGRATION",0.361468200270636,0.734912022153768,0.0276779538407045,-0.372275495185912,-1.07642327537954,19,"Col3a1/Cdk5/Reln/Dab1/Cdk5r1/P2ry12"
"GOBP_MYELOID_CELL_APOPTOTIC_PROCESS",0.36161311914324,0.734912022153768,0.0274817619246237,-0.359191278030838,-1.07070455736666,21,"Adipoq/Irf7/Selenos/Maea/Ctsl"
"GOBP_POSITIVE_REGULATION_OF_NERVOUS_SYSTEM_DEVELOPMENT",0.361911987860395,0.734912022153768,0.0444381127313095,0.209726126809677,1.02933169963603,167,"Slitrk1/Lrrn1/Bmpr2/Map1b/Mtor/Slitrk5/Aspm/Vegfc/Fgf2/Pafah1b1/Rab21/Itpka/Amigo1/Robo2/Numb/Fzd4/Crabp2/L1cam/Fxr1/Lrrc4b/Neurl1a/Xrcc5/Map2k1/Srf/Il34/Fzd3/Camk2b/Tnf/Etv5/Rassf10/Nin/Slitrk3/Tnfrsf12a/Shank3/Mecp2/Ttbk1/Stau2/Nrd1/Lig4/Il6st/Adgrb3"
"GOBP_NEGATIVE_REGULATION_OF_SECRETION",0.36193148257531,0.734912022153768,0.0253226877800246,-0.266860587961606,-1.05557526875258,81,"Adora1/Adipoq/Hmgcr/Ffar2/Tff2/Stk39/H2-M3/Cdk5/Stxbp6/Abat/Cd74/Ffar4/Acvr1c/Rhbdf1/Vamp8"
"GOBP_CALCIUM_ION_HOMEOSTASIS",0.362043402075751,0.734912022153768,0.0238099380467155,-0.234901134316564,-1.04451046433805,181,"Adora1/Drd1/Calr/Selenon/Kl/Plch1/Hsp90b1/Psen2/Umod/Hexb/Slc24a5/Tmbim6/Atp6v1b1/Cln3/Rgn/Slc24a3/Pln/Osbpl2/Casr/Slc8b1/Mcoln1/Letmd1/Atp2a3/Thy1/Cd19/Chrna7/Cib3/Itpr2/Cd40/Ryr3/Htr2b/Aplnr/Ednra/Grina/Tmem165/Grin1/Plcg1/Grik2/Ptpn6/Bak1/Calb1/Atp2b3/Tmem203/P2rx1/Alpl/Pml/Ccl9/Slc24a2"
"GOBP_POSITIVE_REGULATION_OF_CELL_KILLING",0.362556197816313,0.735464265822601,0.0267180296501239,-0.32014598973398,-1.06921104155515,34,"Azgp1/Cadm1/Cd1d1/H2-M3/Stx7/H2-Eb1"
"GOBP_KIDNEY_MORPHOGENESIS",0.363171751587424,0.736046707697496,0.0260699093751745,-0.285173113701181,-1.0575890192043,57,"Gcnt1/Gcnt4/Cited1/Maged1/Foxd1/Gata3/Wt1/Hes1"
"GOBP_NEGATIVE_REGULATION_OF_ERBB_SIGNALING_PATHWAY",0.363325183374083,0.736046707697496,0.0345397882178118,0.339810266968863,1.06055650060322,19,"Ptpn3/Sh3gl2/Cblb/Rab7/Rnf115/Zgpat/Socs4"
"GOBP_ERYTHROCYTE_MATURATION",0.364005736137667,0.736794763607483,0.0340433059732153,0.362032072117849,1.06403653063862,15,"Klf2/Ptbp3/Rac1/Heatr3/Pla2g10"
"GOBP_TRABECULA_MORPHOGENESIS",0.364176789868183,0.736794763607483,0.0356313584168532,0.302025035452532,1.05580046453559,29,"S1pr1/Eng/Sos1/Rbpj/Naca/Srf/Nrg1/Med1/Heg1"
"GOBP_EXTRACELLULAR_MATRIX_DISASSEMBLY",0.365099601593625,0.737932249520485,0.0264682798870429,-0.309896693286834,-1.06301846329263,39,"Gsn/Furin/Cma1/Ctsl/Klk7/Adamts15/Exoc8/Mmp2/Ctss/Fgfr4/Ctsk/Adam8/Ddr1/Prss2/Klk5/Noxo1/Fscn1"
"GOBP_LYSOSOMAL_TRANSPORT",0.365344776561113,0.737932249520485,0.0252001002150554,-0.266699885453158,-1.05622420425212,82,"Gprasp1/Mvb12a/Hook1/Cln3/Grn/Gnptg/Ap4m1/Slc17a9/Mfsd1/M6pr/Ap3m1/Ubxn6/Ap3d1/Vps51/Plekhf1/Vps18/Sorl1"
"GOBP_POSITIVE_REGULATION_OF_EXOCYTOSIS",0.365570599613153,0.737932249520485,0.0369552081269571,0.258545386607521,1.03964803747726,53,"Adora2b/Fgr/Cd177/Slc4a8/Vsnl1/Clasp2/Il4ra/Itgam"
"GOBP_VASCULAR_ASSOCIATED_SMOOTH_MUSCLE_CELL_PROLIFERATION",0.365705213019317,0.737932249520485,0.0360343478517525,0.295533805618564,1.05333061222717,32,"Hpgd/Rgs5/Fgf2/Jak2/Apln/Cdkn1a/Ndrg2/Calcrl/Tnf/Ldlrap1"
"GOBP_POSITIVE_REGULATION_OF_TRANSFERASE_ACTIVITY",0.366021646441456,0.738083254045313,0.0407152957956739,0.226339078119879,1.03713087111713,108,"Irgm2/Tpx2/Adcyap1/Tigar/Rfc4/Ect2/Pik3r5/Tcim/Fgf2/Bmi1/Jak2/Cab39/Rps2/Cdkn1a/Stradb/Ereg/Mrnip/Xrcc5/Map2k1/Tnfrsf10b/Nrg1/Ptpn1/Tnf/Pibf1"
"GOBP_SULFUR_AMINO_ACID_METABOLIC_PROCESS",0.366542625169147,0.738646253226745,0.0274331775259348,-0.37061515775354,-1.07162246017601,19,"Cbs/Cdo1/Cth/Bphl/Tst"
"GOBP_NEGATIVE_REGULATION_OF_TUMOR_NECROSIS_FACTOR_SUPERFAMILY_CYTOKINE_PRODUCTION",0.367661212704524,0.740206766684424,0.026460787768237,-0.320975361470721,-1.0652442409909,33,"Adipoq/Orm1/Selenos/Trim27/Gpnmb/Ptpn22/Chrna7/Ptpn6/Ltf/Arg2/Vsir/Acp5"
"GOBP_REGULATION_OF_NON_CANONICAL_WNT_SIGNALING_PATHWAY",0.368167755242351,0.740206766684424,0.0276368334875695,-0.39532443332414,-1.08134179751991,15,"Sfrp5/Plekha4/Nkd1/Csnk1d/Sfrp1"
"GOBP_NEGATIVE_REGULATION_OF_COAGULATION",0.368292285108465,0.740206766684424,0.0267180296501239,-0.33889731630387,-1.06609398777381,26,"Procr/Kng2/Anxa5/Serping1/Anxa2/Adamts18/Cd9/Nos3/Vtn/Fgg"
"GOBP_MYELOID_LEUKOCYTE_DIFFERENTIATION",0.368695652173913,0.740206766684424,0.0419088969982131,0.215794823692557,1.0298871971628,136,"Tob2/Tnfsf11/Inhba/Kitl/Mtor/Vps13a/Ucp2/Mafb/Tfrc/Mitf/Itgb6/Bglap/Creb1/Ccdc39/Large1/Il33/Ccr1/Lbr/Pafah1b1/Rbpj/Cdk6/Myd88/Klf10/Tnfaip6/Il34/Ppp3ca/Med1"
"GOBP_RESPONSE_TO_NUTRIENT",0.368901114811061,0.740206766684424,0.0246758511862341,-0.256266564799404,-1.04867427344794,99,"Bglap3/Folr1/Cbs/Kl/Tmigd1/Slc27a4/Fasn/Adipoq/C2/Xbp1/Sfrp2/Pim1/Casr/Akr1c18/Ass1/Slc34a1/Col1a1/Cdkn2b"
"GOBP_MAINTENANCE_OF_LOCATION",0.369,0.740206766684424,0.0244504540047781,-0.249356798167674,-1.04445785409444,119,"Drd1/Insig1/Calr/Hspa5/Selenon/Plch1/Hsp90b1/Spout1/Pkp2/Os9/Kdelr1/Cdk5/Pln/Slc8b1/Mcoln1/Kdelr2/Thy1/Cd19/Sorl1/Itpr2/Ryr3/Htr2b/Aplnr/Plcg1/Ptpn6"
"GOBP_EPITHELIAL_CELL_DIFFERENTIATION",0.369013062409289,0.740206766684424,0.0217756218851449,-0.215444548149497,-1.0363381412696,390,"Krt79/Krt25/Fa2h/Dmbt1/Krt27/Cited1/Krt75/Elf5/Bhlha15/Tmigd1/Foxc1/Cldn1/Fasn/Tjp3/Anxa4/Adipoq/Bdh2/Alox8/Xbp1/Fam20c/Agr2/Gata3/Krt10/Col18a1/Cnn3/Ift20/Tbc1d20/Hydin/Ces1d/Yipf6/Wt1/Krt7/Msx1/Sox18/Vil1/Slc39a2/Triobp/Krt20/Acta2/Zdhhc7/Hes1/Id2/Akr1c18/Ccno/Ophn1/Prlr/Slc44a4/Ctsb/Fzd2/Asah1/Arntl/Casp6/Lama1/Tfcp2l1/Tnmd/Cbr1/Foxc2/Ovol2/Tfap2c"
"GOBP_ERBB_SIGNALING_PATHWAY",0.370073891625616,0.741847597714079,0.0390407757771305,0.234771630511806,1.03644596146567,85,"Neu3/Areg/Epgn/Cnot9/Ptpn3/Garem1/Cpne3/Sh3gl2/Cul5/Sos1/Cblb/Pik3ca/Rbpj/Ereg/Rtn4/Map2k1/Nrg1/Rab7/Pik3c2a"
"GOBP_MESODERM_MORPHOGENESIS",0.370807620069761,0.742418504260681,0.0360343478517525,0.280574944461401,1.0451987554347,39,"Tbx6/Inhba/Bmpr2/Smad3/Eya1/Itgb3/Ahdc1/Srf/Nckap1"
"GOBP_HORMONE_MEDIATED_SIGNALING_PATHWAY",0.370844725859836,0.742418504260681,0.0244888046300317,-0.2504623575858,-1.0425849954394,113,"Nr1d1/Calr/Prcp/Fkbp4/Adipoq/Pgrmc2/Ddrgk1/Tshr/Uba5/Ghr/Pim1/Zdhhc7/Tcf7l2/Akr1c18/Prlr/Dhrs3/Arntl/Pmepa1/Cnot2/Vps18"
"GOBP_REGULATION_OF_LIPID_METABOLIC_PROCESS",0.371152036564054,0.742547132746029,0.0233635636219539,-0.234166041294615,-1.03918877484057,177,"Bglap3/Nr1d1/Adora1/Insig1/Ormdl3/Adipoq/Serpina3c/Ldlr/Xbp1/Npc2/Cers2/Lmf1/Clstn3/Ces1d/Sirt2/Apobec1/C3/Id2/Cd74/Gnb3/Akr1c18/Asah1/Ormdl2/Paqr4/Hcar1/Abcd2/Trib3/Bscl2/Srebf2/Fgfr4/Sorl1"
"GOBP_REGULATION_OF_SYNAPTIC_TRANSMISSION_GLUTAMATERGIC",0.371708413615928,0.743088624138536,0.0262896784960543,-0.318181604206205,-1.06265046368281,34,"Adora1/Drd1/Rnf167/Cln3/Cdk5/Reln/Ophn1"
"GOBP_POSITIVE_REGULATION_OF_INSULIN_SECRETION_INVOLVED_IN_CELLULAR_RESPONSE_TO_GLUCOSE_STIMULUS",0.371909167367536,0.743088624138536,0.0270823998852187,-0.362661076224928,-1.06639772356842,20,"Slc2a2/Cftr/C1qtnf12/H2-Eb1/C2cd2l/Ano1"
"GOBP_POSITIVE_REGULATION_OF_SUBSTRATE_ADHESION_DEPENDENT_CELL_SPREADING",0.372176174223956,0.743136086440644,0.0264757764277132,-0.333295761934851,-1.05888068503491,27,"Calr/P4hb/Triobp/Cspg5/Cib1/Fgg/Prex1/Lims2/Dock1/Myoc"
"GOBP_REGULATION_OF_SYNAPTIC_PLASTICITY",0.372568367634621,0.743433287474701,0.0240733246192523,-0.245201907384586,-1.04020143159605,129,"Adora1/Drd1/Cntn2/Hmgcr/Calhm2/Unc13c/Slc1a1/Ace/Nsmf/Grin3a/Cln3/Cdk5/Slc18a3/Reln/Cx3cr1/App/Sipa1l1/Slc38a1/Prnp/Chrna7/Ephb2/Grin3b/Cfl1/Shisa7/Gsg1l/Grin1/Grik2/Calb1/Gfap/Sctr/Dlg4/Slc24a2/Cplx2/Calm2/Anapc2/Kcnb1/Syt7/Grin2a/Hras/Syngr1/Ptk2b/Arf1"
"GOBP_NEGATIVE_REGULATION_OF_RNA_CATABOLIC_PROCESS",0.373061224489796,0.743930836041989,0.036201748643269,0.261983144257452,1.04062310479322,50,"Noct/Gdnf/Larp4b/Mettl16/Trdmt1/Csde1/Angel2/Elavl4/Myd88/Fxr1/Elavl1/Dhx9/Dkc1/Zc3h14/Tent5a/Ireb2/Ybx3/Rnh1/Traf5"
"GOBP_REGULATION_OF_TRIGLYCERIDE_METABOLIC_PROCESS",0.373369019739043,0.74405894018446,0.0269183101288692,-0.354475544505812,-1.06650152988411,22,"Ldlr/Lmf1/Apobec1/C3/Gnb3/Sorl1/Mfsd2a"
"GOBP_CELLULAR_RESPONSE_TO_PROSTAGLANDIN_STIMULUS",0.373804971319312,0.744086177913929,0.0335126487672167,0.359974497332081,1.05798918040312,15,"Prkaa2/Tnfsf4/Prkaa1"
"GOBP_POSITIVE_REGULATION_OF_GTPASE_ACTIVITY",0.374362934362934,0.744086177913929,0.025508845855239,-0.282477092025322,-1.05138788983028,58,"Odam/Bcar3/Tbc1d20/Arhgap42/Rgs6/Rgs10/Gnb5/Sipa1l1/Thy1/Rsu1/Asap3/Tbc1d30/Lars"
"GOBP_MONOCARBOXYLIC_ACID_TRANSPORT",0.37446304251222,0.744086177913929,0.0248065053712848,-0.26393963022525,-1.04902899513204,84,"Acsl5/Slc27a4/Slc10a3/Slc27a3/Ace/Pla2g2d/Slc6a13/Ces1d/Slc16a13/Slc22a6/Slco2b1/Casr/Rbp1/Slc6a12/Slc22a2/Cpt1b/Abcd2"
"GOBP_POSITIVE_REGULATION_OF_CYTOSOLIC_CALCIUM_ION_CONCENTRATION",0.374577832361068,0.744086177913929,0.0387119238036831,0.239917652069008,1.03968144033169,79,"Cxcr2/Fpr2/Adcyap1/Cacna2d1/Jph4/Jak2/Ccr1/Cd36/Selenot/Cd55/Ackr3/Slc8a3/Ccr9/Ryr2/Hmgb1/Ednrb/Gng3"
"GOBP_REGULATION_OF_SYNAPTIC_TRANSMISSION_GABAERGIC",0.374600504625736,0.744086177913929,0.0269571885094714,-0.36184729327266,-1.0640048108886,20,"Adora1/Cln3/Nalcn/Slc38a1/Kcnk2"
"GOBP_FIBROBLAST_MIGRATION",0.37496628001079,0.744328775460016,0.0359137859654671,0.282776383160143,1.04238231515531,37,"Thbs1/Zfand5/Fgf2/Itgb3/Arid5b/Rac1/Appl1"
"GOBP_POSITIVE_REGULATION_OF_NEURON_APOPTOTIC_PROCESS",0.37648927720413,0.745821632513549,0.0258896421711394,-0.311781316372307,-1.06008461318074,37,"Epha7/Casp7/Grn/Cdk5/App/Bbc3/Casp6/Mmp2/Prnp/Casp3/Grik2/Hrk"
"GOBP_CELL_ACTIVATION_INVOLVED_IN_IMMUNE_RESPONSE",0.376767290790982,0.745821632513549,0.0436333153096766,0.20773782987127,1.02357641374965,171,"Adora2b/Fgr/Cd177/Spn/Tbx21/Mtor/2610528A11Rik/Atad5/Tfrc/Rif1/Grp/Tnfsf4/Socs3/Tcim/Itgal/Icam1/Il33/Rnf168/Il4ra/Dock11/Itgam/Rorc/Slc18a2/Dnase1l3/Myd88/Bcl6/Coro1a/Tbk1/Opa1/Il6ra/Tnf/Hmgb1/Il23r/Ung/Stat3/Fgl2/Ptprc/Lig4/Il6st"
"GOBP_REGULATION_OF_LAMELLIPODIUM_ASSEMBLY",0.376859928168291,0.745821632513549,0.034773797441902,0.311533057788794,1.04545499074795,25,"Mtor/Abi2/Pik3ca/Rac1/Nckap1/Dmtn/Cdc42/Slit2/Actr2/Actr3/Rac2/Epha2"
"GOBP_POSITIVE_REGULATION_OF_AXON_EXTENSION",0.377116469984608,0.745821632513549,0.0347599263707937,0.311343986194868,1.04482049679446,25,"Bmpr2/Map1b/Pafah1b1/L1cam/Srf/Tnfrsf12a"
"GOBP_LONG_CHAIN_FATTY_ACID_BIOSYNTHETIC_PROCESS",0.377701934015927,0.745821632513549,0.0262233462549181,-0.33202897438183,-1.05485610079132,27,"Alox8/Asah2/Gstm2/Fads1/Abcd2/Acot7/Cyp2e1/Gstm4/Tmem135/Hsd17b4/Cyp2d22/Scp2/Elovl5/Gstm7/Acot8"
"GOBP_PLASMA_LIPOPROTEIN_PARTICLE_CLEARANCE",0.37787550744249,0.745821632513549,0.026902791847636,-0.36727619319199,-1.06196794566673,19,"Adipoq/Ldlr/Lmf1/Lrpap1"
"GOBP_CELLULAR_RESPONSE_TO_RADIATION",0.377886178861789,0.745821632513549,0.0397974848964469,0.226070099804769,1.03120475616042,103,"Rhob/Rad1/Fignl1/Pbk/Eif2s1/Lcn2/Ect2/Itgb6/Nipbl/Zbtb1/Hus1/Cdkn1a/Nmt2/Noc2l/N4bp1/Xrcc5/Ppid/Rp1/Opn1mw/Nucks1/Tnf/Spidr"
"GOBP_RESPIRATORY_GASEOUS_EXCHANGE_BY_RESPIRATORY_SYSTEM",0.377896894214094,0.745821632513549,0.0256978041674306,-0.295534351980003,-1.05393138340853,47,"Spag16/Adora1/Selenon"
"GOBP_POSITIVE_REGULATION_OF_PEPTIDYL_TYROSINE_PHOSPHORYLATION",0.377915511335834,0.745821632513549,0.0262749079581434,-0.336078014344485,-1.05722510412079,26,"Angpt4/Efna1/Enpp2/Hes1"
"GOBP_NEGATIVE_REGULATION_OF_LIPID_METABOLIC_PROCESS",0.378195014200063,0.745891393402965,0.0256978041674306,-0.293953352493123,-1.05250465054283,48,"Adora1/Insig1/Ormdl3/Apobec1/Akr1c18/Ormdl2/Hcar1/Trib3/Bscl2/Sorl1"
"GOBP_BONE_RESORPTION",0.379511677282378,0.746627231148486,0.0353254204221753,0.290910863910055,1.04619729552246,33,"Pdk4/S1pr1/Tnfsf11/Bglap/Itgb3/Tnfaip3"
"GOBP_SYNAPTIC_VESICLE_PRIMING",0.379712131596984,0.746627231148486,0.0270431395006687,-0.383192929635384,-1.06556561214466,16,"Unc13c/Unc13b/Osbpl2/Cadps2"
"GOBP_MATURATION_OF_SSU_RRNA",0.38009171837065,0.746627231148486,0.0356313584168532,0.281773789086554,1.03868651029385,37,"Wdr43/Heatr1/Utp20/Wdr3/Utp6/Nol10/Bysl/Rrs1"
"GOBP_AMYLOID_FIBRIL_FORMATION",0.380319596299411,0.746627231148486,0.0266951215094869,-0.360606464425883,-1.06035617820015,20,"Ldlr/Gsn/Furin/Fus/App/Chrna7"
"GOBP_ACUTE_INFLAMMATORY_RESPONSE",0.380515848353014,0.746627231148486,0.0253363829372155,-0.283457130352117,-1.04514503097301,55,"Adora1/Prcp/Serpina3c/Ffar2/Hp/Gata3/Orm1/Pla2g2d/Selenos/C3"
"GOBP_CELLULAR_OXIDANT_DETOXIFICATION",0.380550258785072,0.746627231148486,0.0358090996736562,0.26591913408916,1.03314566311159,46,"Mpo/Ptgs2/Cd36/Duox1/Selenot/Hba-a1/Gpx2"
"GOBP_TIGHT_JUNCTION_ORGANIZATION",0.38077686419053,0.746627231148486,0.0366366127360231,0.253124838304992,1.03722458501523,58,"Rock2/Ect2/Rock1/Tjp1/Apc/Cldn4/Rac1/Strn/Srf/Dsg3/Pof1b/Tnf/Pecam1/Cldn17/Pdcd6ip"
"GOBP_VESICLE_TARGETING",0.380982769623484,0.746627231148486,0.0257614261895529,-0.305105193478583,-1.05134958000652,40,"Tmed10/Tmed9/Trappc3/Ykt6/Preb/Exoc8/Trappc11/Ap1m2/Snap29/Stard3nl/Csnk1d/Exoc4/Sec16a/Exoc7"
"GOBP_REGULATION_OF_G_PROTEIN_COUPLED_RECEPTOR_SIGNALING_PATHWAY",0.380995475113122,0.746627231148486,0.0379536890969766,0.241692219704132,1.03380334782445,73,"Rock2/Plek/Ccl5/Adcyap1/Grp/Rock1/Rgs5/Pde4b/Itgb3/Ric8b/Apln/Nmt2"
"GOBP_COLUMNAR_CUBOIDAL_EPITHELIAL_CELL_DIFFERENTIATION",0.381012063293122,0.746627231148486,0.0254533994755903,-0.287689111838391,-1.05129904095752,53,"Bhlha15/Tmigd1/Xbp1/Fam20c/Yipf6/Msx1/Hes1/Ccno/Tlr9/Sox11/Sox4/Ext1"
"GOBP_REGULATION_OF_MICROTUBULE_NUCLEATION",0.381692160611855,0.747480481198215,0.033099561009158,0.357555758047164,1.05088034349211,15,"Haus6/Ckap5/Haus3/Haus4/Mecp2/Pde4dip"
"GOBP_MESONEPHROS_DEVELOPMENT",0.382343894186404,0.748104355030438,0.0250854148027945,-0.279916372442004,-1.04598583025347,59,"Cited1/Foxc1/Maged1/Foxd1/Gata3/Wt1/Hes1/Osr2/Epcam/Foxc2/Dchs1/Lzts2/Ret/Greb1l/Arg2/Calb1/Ptch1/Bmper/Sfrp1/Fgf1"
"GOBP_NEGATIVE_REGULATION_OF_LEUKOCYTE_APOPTOTIC_PROCESS",0.382739813923645,0.748104355030438,0.0257756081682744,-0.317958407615515,-1.05523165714375,33,"Ormdl3/Mertk/Irf7/Selenos/Pip/Efna1/Jak3/Cd74"
"GOBP_REGULATION_OF_MEIOTIC_NUCLEAR_DIVISION",0.382861257801248,0.748104355030438,0.0331242538688919,0.352253146197134,1.04841428197253,16,"Rad1/Knl1/Fbxo5/Ube2b"
"GOBP_POSITIVE_REGULATION_OF_NUCLEOCYTOPLASMIC_TRANSPORT",0.382990249187432,0.748104355030438,0.0355579321076506,0.269088570803264,1.03307941840472,44,"Ipo5/Ect2/Smad3/Prpf4b/Jak2/Xpo4/Mavs/Dhx9/Anp32b/Cpsf6/Rbm22/Ppm1a/Nedd4/Cdk1"
"GOBP_NATURAL_KILLER_CELL_ACTIVATION",0.383497807017544,0.748385661461663,0.0357793259745138,0.256931059896979,1.02917032654376,52,"Fgr/Nfil3/Jak2/Zbtb1/Ulbp1/Tyro3/Kat7/Coro1a/Vav1/Pibf1/Il23r/Snx27/Ptprc/Bloc1s6/Casp8"
"GOBP_REGULATION_OF_T_CELL_MEDIATED_CYTOTOXICITY",0.383624204860545,0.748385661461663,0.0260191746680826,-0.334481620128055,-1.05220321048405,26,"Azgp1/Cd1d1/H2-M3/Stx7/H2-Eb1"
"GOBP_NEGATIVE_REGULATION_OF_PROTEASOMAL_PROTEIN_CATABOLIC_PROCESS",0.384916492693111,0.750106767744356,0.0346907706589501,0.295663983774608,1.04174931095512,30,"Pbk/Mtm1/Wac/Usp25/Svip/Usp14/N4bp1/Rybp/Csnk2a1/Alad/Ogt"
"GOBP_NUCLEOTIDE_BINDING_DOMAIN_LEUCINE_RICH_REPEAT_CONTAINING_RECEPTOR_SIGNALING_PATHWAY",0.384997516145057,0.750106767744356,0.0336916230878898,0.326413441627868,1.04519424340165,21,"Irgm2/Nfkbia/Tnfaip3"
"GOBP_DETECTION_OF_MECHANICAL_STIMULUS",0.385438413361169,0.750487159221397,0.034663201122875,0.295528801954416,1.04127300820684,30,"Ttn/Kcnk4/Pkdrej/Csrp3/Tnf/Pecam1/Mkks/Scn9a/Strc/Asic2/Chrna10/Cdh2"
"GOBP_RESPONSE_TO_TRANSFORMING_GROWTH_FACTOR_BETA",0.387172413793103,0.753383263782122,0.0230975742674363,-0.23798898947738,-1.03499560168185,155,"Folr1/Cited1/Hspa5/Selenon/Col3a1/Htra3/Cldn1/Ltbp3/Ltbp2/Xbp1/Lox/Furin/Acta2/Hsp90ab1/Gdf10/Col1a1/Zfp36l2/Lpxn/Cdkn2b/Pmepa1/Gdf5/Htra1/Ovol2/Col4a2/Brms1/Stk11/Parp1/Slc2a10/Sox11/Col1a2/Snx6"
"GOBP_POSITIVE_REGULATION_OF_RESPONSE_TO_EXTERNAL_STIMULUS",0.388150609080842,0.754516728482781,0.0525655298882517,0.187881019528917,1.01654123191998,376,"Adora2b/S1pr1/Irgm2/Fpr2/Thbs1/Tnfsf11/Il18rap/Ppp2ca/S100a8/Bmpr2/Ccl5/Ifi204/Tnfsf14/Ipo5/Nfkbia/Ptgs2/Gbp5/Tnfsf4/Vegfc/Dhx58/Smad3/Gbp2/Fgf2/Il17rb/H2-Q7/Tomm70a/Il33/Usp15/Ccr1/Cd36/Rps6ka3/Hck/Pum2/Dnm1l/Washc4/Thbd/Hmgb2/Vegfd/Mapk8/Slc19a1/Tnfaip3/Ereg/Ddx60/Ccl7/Rac1/Mcu/Appl1/Tyro3/Irak3/Mavs/Myd88/Csnk1a1/Rnf125/Rtn4/Nlrc5/Dhx9/Ifih1/Ppm1f/Xrcc5/Il34/Colec11/Wnk1/Tbk1/Vav1/Oas1g/Med1"
"GOBP_PURINERGIC_NUCLEOTIDE_RECEPTOR_SIGNALING_PATHWAY",0.38844963905122,0.754516728482781,0.0267027529799805,-0.389396724796462,-1.06512757331779,15,"Adora1/Cntn2/Ptafr/P2rx4/P2rx1/P2ry12/P2rx2/P2rx7"
"GOBP_NEURON_PROJECTION_ORGANIZATION",0.38849584743156,0.754516728482781,0.0248196464168114,-0.278952611937009,-1.04238446952138,59,"Ppfia2/Eef2k/Efna1/Cdk5/Reln/App/Sipa1l1/Abcd2/Prnp/Chrna7/Ephb2/Ephb1/Cfl1/Nmnat2/Zdhhc15/Dlg4/Fyn/Cdk5r1/Zmynd8"
"GOBP_REGULATION_OF_RESPONSE_TO_BIOTIC_STIMULUS",0.38877755511022,0.754584136506813,0.0497572002748371,0.190192719611308,1.01428138305848,327,"Irgm2/Fgr/Fpr2/Il18rap/Spn/Ppp2ca/Ythdf3/S100a8/Ccl5/Tigar/Ifi204/Ipo5/Nfkbia/Ywhag/Gbp5/Dhx58/Gbp2/H2-Q7/Prkaa1/Tomm70a/Usp15/Cd36/Rps6ka3/Hck/Pum2/Traf3ip1/Washc4/Hmgb2/Mapk8/Slc19a1/Tnfaip3/Ereg/Cnot7/Ddx60/Cd55/Ywhaz/Appl1/Tyro3/Irak3/Ppm1b/Isg15/Mavs/Myd88/Csnk1a1/Rnf125/N4bp1/Rtn4/Nlrc5/Dhx9/Ifih1/Xrcc5/Stat1/Colec11/Tbk1/Vav1/Ptpn1/Oas1g/Med1/Dtx3l/Erap1/Tnf/Hmgb1/Serpinb3a/Il23r/Nfkbil1/Peli1/Ppp6c/Colec12/Fgl2/Dusp10/Ercc6/Lamp2/Sin3a/Ythdf2/Trim25/Flot2/Cd300lf/Cd274/Rnf26/Zc3hav1/Ogt/Rnf115"
"GOBP_INTRACELLULAR_MONOATOMIC_ION_HOMEOSTASIS",0.389205625237552,0.754935355619506,0.0216682431320772,-0.220215218214774,-1.0281949084848,281,"Adora1/Drd1/Calr/Selenon/Plch1/Hsp90b1/Slc22a17/Slc4a4/Umod/Slc1a1/Tfr2/Slamf8/Hexb/Ccdc115/Slc24a5/Stk39/Cftr/Tmbim6/Mapk3/Slc39a7/Atp6v1b1/Cln3/Rgn/Slc24a3/Grn/Gpr89/Pln/Slc9a9/Osbpl2/Rab20/Atp6v1g1/Casr/Ftl1/App/Tmem199/Slc8b1/Mcoln1/Letmd1/Tmc8/Tmem9/Atp2a3/Dmxl2/Thy1/Trf/Cd19/Prnp/Chrna7/Itpr2/Cd40/Ryr3/Htr2b/Aplnr/Ednra/Grina/Tmem165/Mecr/Plcg1/Grik2/Ptpn6/Bak1/Calb1/Atp2b3/Ppt1/Tmem203/P2rx1/Clcn3/Pml/Ccl9/Slc24a2/Slc46a1/Scnn1g"
"GOBP_POSITIVE_REGULATION_OF_TRANSMEMBRANE_RECEPTOR_PROTEIN_SERINE_THREONINE_KINASE_SIGNALING_PATHWAY",0.389845094664372,0.75569591637034,0.0363865584085132,0.250147064187965,1.03160982391472,60,"Thbs1/Inhba/Bmpr2/Smad4/Smad3/Jak2/Tsc22d1/Eng/Rbpj/Npnt/Acvr2a"
"GOBP_REGULATION_OF_CELL_JUNCTION_ASSEMBLY",0.390252839868084,0.756006611158526,0.0417986650035886,0.208375432789481,1.01917153756193,161,"Slitrk1/Thbs1/Rock2/Lrrn1/Map1b/Slitrk5/Clasp2/Rock1/Smad3/Phldb2/Tjp1/Six4/Pum2/Nectin3/Rac1/Cntnap2/Amigo1/Robo2/Lin7a/Arhgef15/Rtn4/Lrrc4b/Neurl1a/Ppm1f/Hopx/Dsg3/Ptpn1/Caskin1/Tnf/Slitrk3/Crmp1/Stau2/Dmtn/Epha3/Prickle1/Adgrb3/Negr1/Grem1/Ogt/Rap1b/Cldn5/Snca/Gpc4/Kdr/Arf6"
"GOBP_REGULATION_OF_MITOCHONDRIAL_TRANSLATION",0.390561569688769,0.75612521888415,0.026334093659863,-0.363811426893677,-1.05194967926058,19,"Rpusd4/Mtg2/Alkbh1/Mettl8/Uqcc2/Mpv17l2/Shmt2"
"GOBP_REGULATION_OF_OXIDATIVE_PHOSPHORYLATION",0.391262602016323,0.75700269104488,0.0326982991152533,0.349744192061482,1.04094685868042,16,"Tefm/Tnf/Pink1/Etfrf1/Snca/Actn3"
"GOBP_REGULATION_OF_MIRNA_METABOLIC_PROCESS",0.391691394658754,0.757352664988919,0.0350116687021792,0.279826400807689,1.03150796490069,37,"Smad4/Smad3/Fgf2/Apln/Srf/Ppara/Tnf/Stat3/Yy1/Bmp2/Nfib/Ddx5/Ppard/Spi1/Rara"
"GOBP_LUNG_ALVEOLUS_DEVELOPMENT",0.392132297669757,0.757725597331504,0.0334999512411783,0.316891257018045,1.04241703637856,23,"Bmpr2/Tmem38b/Itgb6/Creb1/Abca12/Hopx/Slc7a11/Foxp2/Bloc1s6/Kdr/Asxl1"
"GOBP_ICOSANOID_SECRETION",0.392449080973671,0.75785837065396,0.0333108482377352,0.324789382173971,1.03999391346521,21,"Tnfsf11/Ptgs2/Pnpla8/Pla2r1/Pla2g12b/Pla2g10/Il1b/Acsl4/Pla2g3"
"GOBP_AORTA_DEVELOPMENT",0.393107849393746,0.758650966454766,0.025234032164571,-0.302874747186639,-1.04366377582362,40,"Col3a1/Lox/Myh10/Lrp2/Hes1/Egr2/Mylk/Sufu/Aplnr/Ednra/Sox4/Snx17/Dctn5/Nprl3/Efemp2/Dll4"
"GOBP_OLIGODENDROCYTE_DIFFERENTIATION",0.393573068094874,0.75891481782009,0.0245208540897068,-0.275504246090732,-1.04042778849084,63,"Fa2h/Cntn2/Cdkn2c/Sox10/Cdk5/Hes1/Tmem98/Id2/Dusp15/Cers5/Tnfrsf21"
"GOBP_NUCLEOTIDE_BIOSYNTHETIC_PROCESS",0.393741403026135,0.75891481782009,0.0401305000852471,0.215855047086826,1.02212001636304,129,"mt-Atp6/mt-Atp8/mt-Nd6/mt-Nd5/Adcy2/mt-Nd2/Rrm2/mt-Nd4/Slc4a7/Cmpk2/Lipa/mt-Nd1/Adsl/Rrm2b/Adcy4/Nampt/Atp5a1/Map2k1/Ppara/Idh2/Ndufb5/Atp5b/Ndufs2/Stat3/Pink1/Sdhb"
"GOBP_INTERLEUKIN_8_PRODUCTION",0.395514136787237,0.761637761356289,0.024965118718487,-0.293529532579708,-1.04157793473918,46,"Anxa4/Adipoq/Ffar2/Cd74/Tlr5/Ptpn22/Tlr3/Il17d/Tlr7/Tlr9"
"GOBP_POSITIVE_REGULATION_OF_CELL_GROWTH",0.396347324575457,0.761637761356289,0.0384076550520297,0.227359508159672,1.02656209984088,98,"S100a8/Bmpr2/Map1b/Mtor/Ncbp1/Rps6ka3/Pum2/Supv3l1/Eif4g2/Pafah1b1/Akap6/Plaa/Try5/Crabp2/L1cam/Exosc2/Srf/Nrg1/Lgi1/Csnk2a1/Tnfrsf12a/Cacng7"
"GOBP_PEROXISOMAL_TRANSPORT",0.396528016500516,0.761637761356289,0.0263489333555479,-0.386706858466087,-1.05776990794832,15,"Pex2/Abcd2/Pex12"
"GOBP_MATERNAL_PLACENTA_DEVELOPMENT",0.396844959329554,0.761637761356289,0.0329401098856199,0.328516889848521,1.03696019167051,20,"Stc1/Bmpr2/Ptgs2"
"GOBP_PHOSPHORYLATION",0.397385620915033,0.761637761356289,0.0567273700625101,0.18398952580591,1.01493063828835,474,"Sgk1/Irgm2/Fgr/Thbs1/Tpx2/Rock2/Inhba/Ulk3/Areg/Brsk2/Hipk3/Ccnt1/Atf2/Mapk10/Rbl2/Adcyap1/Tigar/Prkaa2/Abi2/Ywhag/Cnot9/Ccne2/Ect2/Prkx/Rock1/Creb1/Pik3r5/Ppp3cb/Mark3/Tcim/Igf1r/Fgf2/Top1/Prkaa1/Vrk1/Gck/Jak2/Dyrk2/Gskip/Hck/Traf3ip1/Cab39/Eng/Pfkfb1/Prkd3/Kctd20/Apln/Cdkn1a/Mapk8/Stradb/Stk26/Apc/Dgkh/Mob1b/Klhl31/Ereg/Ip6k3/Cnot7/Ywhaz/Pank2/Rac1/Mrnip/Trib2/Acvr2a/Irak3/Akt3/Csnk1a1/Ccnt2/Stk17b/Nlrc5/Xrcc5/Map2k1/Pfn2/Il34/Tnfrsf10b/Khk/Rap2b/Nrg1/Wnk1/Tbk1/Ptpn1/Ccng1/Camk2b/Tnf/Clk3/Pibf1/Heg1/Csnk2a1/Coq8a/Cdc25c/Pkn2/Dgke/Cdk2/Stat3/Pink1/Lmo4/Ttbk1/Dmtn/Deptor/Ptprc"
"GOBP_PHOTORECEPTOR_CELL_DIFFERENTIATION",0.397758206565252,0.761637761356289,0.0250988527686755,-0.310744642040913,-1.04348093609835,35,"Ift20/Tulp1/Rpgrip1/Nkd1/Thy1/Gnat1/Mfsd2a/Rpgrip1l/Thrb/Bbs4/Arl3/Cngb1/Rpgr/Gnat2/Sox8/Dlx2"
"GOBP_CELLULAR_RESPONSE_TO_NUTRIENT",0.397776012708499,0.761637761356289,0.024965118718487,-0.307169288777253,-1.04440330313315,37,"Bglap3/Folr1/Xbp1/Pim1/Casr/Col1a1/Cdkn2b"
"GOBP_EYE_PHOTORECEPTOR_CELL_DEVELOPMENT",0.397813288477712,0.761637761356289,0.0259254902939482,-0.356501992257397,-1.04828705894841,20,"Tulp1/Rpgrip1/Thy1/Gnat1/Rpgrip1l/Thrb/Bbs4/Rpgr/Gnat2"
"GOBP_REGULATION_OF_LYMPHOCYTE_MIGRATION",0.397849462365591,0.761637761356289,0.0346219456356085,0.270467008769007,1.02763020178351,42,"Spn/Ccl5/2610528A11Rik/Tnfsf14/Itgb3/Ccl7/Coro1a/Wnk1/Crkl/Wasl/Crk/Ripk3/Tnfrsf14/Dock8"
"GOBP_POSTSYNAPTIC_MEMBRANE_ORGANIZATION",0.397964509394572,0.761637761356289,0.0340169547555529,0.293320611136557,1.03349261766487,30,"Gdnf/Rac1/Chrnb1/Etv5/Shank3/Slc7a11/Glrb/Crkl/Lrrc4/Slc30a1/Ssh1/Crk/Colq/Musk/Cdh2/Dvl1"
"GOBP_SENSORY_ORGAN_MORPHOGENESIS",0.397970378496983,0.761637761356289,0.0225658127229911,-0.234648624173798,-1.02770788056114,162,"Insig1/Bcar3/Meis1/Rbp4/Ntn1/Rpl38/Gata3/Slc1a1/Sparc/Tulp1/Tbc1d20/Mapk3/Col8a2/Col5a1/Msx1/Atp6v1b1/Triobp/Osr2/Rpgrip1/Nkd1/Slc44a4/Fzd2/Thy1/Gnat1/Ephb2/Ephb1/Tprn/Sox11/Ednra/Sox4/Whrn/Bak1/Mfsd2a/Calb1/Man2a1/Rpgrip1l/Thrb/Bbs4/Ift122/Dvl2/Slitrk6/Cdon/Stox1/Fbn1/Fzd5/Tbx18/Lrp5/Fat3/Rpgr/Wnt16/Slc9a3r1/Gnat2"
"GOBP_REGULATION_OF_NEUROBLAST_PROLIFERATION",0.398145828113255,0.761637761356289,0.0331985943511428,0.315512060426441,1.03788015506119,23,"Aspm/Vegfc/Fgf2"
"GOBP_MATURATION_OF_SSU_RRNA_FROM_TRICISTRONIC_RRNA_TRANSCRIPT_SSU_RRNA_5_8S_RRNA_LSU_RRNA",0.398696088264794,0.762193431283839,0.0331861768896912,0.310747076446167,1.03637291182679,24,"Wdr43/Heatr1/Utp20/Utp6/Nol10/Bysl/Rrs1"
"GOBP_POSITIVE_REGULATION_OF_D_GLUCOSE_TRANSMEMBRANE_TRANSPORT",0.398935285310265,0.762193431283839,0.0256907548580727,-0.344081646116801,-1.04712437859092,23,"Adipoq/C1qtnf12/Zdhhc7/C3/Rnasel/Pik3r1"
"GOBP_MAINTENANCE_OF_BLOOD_BRAIN_BARRIER",0.399246395806029,0.762311086992136,0.0254188694208561,-0.334739383616582,-1.04404263397639,25,"Cldn1/Tjp3/Slc1a1"
"GOBP_MALE_SEX_DIFFERENTIATION",0.399822169531713,0.762500770392657,0.0237374248144082,-0.261303011273615,-1.03637389685393,83,"Dhcr24/Fkbp4/Rbp4/Gata3/Ace/Tbc1d20/Sfrp2/H3f3a/Wt1/Lrp2/Akr1c18/Ccno/Mea1/Ubb/Tlr5/Wdr48/Scaper/Tfap2c/Tesc/Tlr3/H3f3b/Tlr9"
"GOBP_POSITIVE_REGULATION_OF_INTERFERON_BETA_PRODUCTION",0.399844921168261,0.762500770392657,0.0337302711597831,0.294647690499063,1.03001119770464,29,"Tomm70a/Hmgb2/Isg15/Mavs/Dhx9/Ifih1/Tbk1/Oas1g/Hmgb1/Zc3hav1/Trim56/Oas2/Polr3f/Ddx3x"
"GOBP_REGULATION_OF_POLYSACCHARIDE_BIOSYNTHETIC_PROCESS",0.401120311738919,0.764455740712662,0.0324960101604023,0.33582790923472,1.03225207218698,18,"Gck/Dyrk2/Ppp1r3f/Igf2"
"GOBP_POSITIVE_REGULATION_OF_RELEASE_OF_SEQUESTERED_CALCIUM_ION_INTO_CYTOSOL",0.401775046936337,0.765226164831989,0.0260047163745751,-0.372423782132884,-1.05033528202228,17,"Drd1/Thy1/Cd19/Aplnr/Plcg1"
"GOBP_PHOSPHOLIPID_TRANSLOCATION",0.402566788894709,0.766256411260646,0.0338598646612427,0.290408767208562,1.02886405408487,31,"Slc4a1/Plscr4/Atp11c/Atp11b/Ano4/Plscr3"
"GOBP_NUCLEAR_ENVELOPE_ORGANIZATION",0.403090623363017,0.766752541060453,0.0338338510521825,0.290139479171609,1.02791001683566,31,"Lmnb2/Vrk1/Pafah1b1/Parp11/Spast/Chmp2b/Chmp7/Cdk1/Chmp1b/Tmem201"
"GOBP_REGULATION_OF_B_CELL_MEDIATED_IMMUNITY",0.404155844155844,0.766752541060453,0.0336146421505993,0.296100656054667,1.02341761017044,28,"Tbx21/Atad5/Tfrc/Rif1/Tnfsf4"
"GOBP_NEGATIVE_REGULATION_OF_INFLAMMATORY_RESPONSE",0.404403073286052,0.766752541060453,0.0235046544101677,-0.257966028289825,-1.02928393906245,86,"Nr1d1/Adora1/Adipoq/Ldlr/Enpp3/C1qtnf3/Gata3/Slamf8/C1qtnf12/Selenos/Furin/Grn/Ptgis/H2-Eb1/Ffar4"
"GOBP_NEGATIVE_REGULATION_OF_MONOATOMIC_ION_TRANSPORT",0.404513888888889,0.766752541060453,0.0357942052673273,0.247157030763464,1.02217767780242,61,"Kel/Stc1/Ucp2/Grp/Ppp3cb/Ppp3cc/Cab39/Vdac1/Ubr3/Ppp3r1/Ppp3ca/Wnk1/Actn2/Sumo1"
"GOBP_REGULATION_OF_MRNA_SPLICING_VIA_SPLICEOSOME",0.404609101516919,0.766752541060453,0.0359588809343105,0.244648207307216,1.02407606544148,65,"Celf1/Srsf10/Rbfox1/Rbmxl1/Ncbp1/Celf3/Mettl16/Rbm39/Tra2a/Rbm25/Son/Rbm20/Rbm5/Tia1/Dyrk1a/Ythdc1"
"GOBP_NEURAL_TUBE_PATTERNING",0.404979048558048,0.766752541060453,0.0325433433422922,0.326500650162948,1.03059595179302,20,"Gpr161/Bmi1/Traf3ip1"
"GOBP_REGULATION_OF_FATTY_ACID_BIOSYNTHETIC_PROCESS",0.404979048558048,0.766752541060453,0.0325433433422922,0.326451753059121,1.03044160858655,20,"Pdk4/Angptl4/Ptgs2/Plaa/Acadvl"
"GOBP_POSITIVE_REGULATION_OF_NUCLEAR_DIVISION",0.405010438413361,0.766752541060453,0.0336659162028857,0.292155967241857,1.02938908446031,30,"Nusap1/Epgn/Ube2b/Ereg/Igf2/Tnf/Cdc20/Il1b/Rb1/Tgfa/Msx2/Btc"
"GOBP_CYTOKINE_MEDIATED_SIGNALING_PATHWAY",0.405086285195277,0.766752541060453,0.0461145881357585,0.194867520450529,1.01374857933284,261,"Irgm2/Cxcr2/Tnfsf11/Il18rap/Spata2/Inhba/Ythdf3/Grem2/Ccl5/Smad4/Nfkbia/Csf3r/Cnot9/Usp25/Socs3/Ifitm1/Il17rb/Jak2/Il33/Ccr1/Hck/Duox1/Il4ra/Pafah1b1/Sos1/Hdac4/Tnfaip3/Ereg/Cnot7/Ccl7/Appl1/Irak3/Isg15/Fzd4/Mavs/Myd88/Ackr3/Ccr9/Nlrc5/Ifih1/Stat1/Il34/Wnk1/Tbk1/Ptpn1/Oas1g/Med1/Il6ra/Tnf/Il23r/Tnfrsf1a/Mkks/Stat3/Ptprc/Nrd1/Epor/Il6st/Sin3a/Ythdf2/Adipor1/Yap1/Cd300lf/Nsmaf/Casp8/Socs4/Trim56/Zbp1/Bbs2/Crebrf/Traf5/Azi2/Parp9/Tnfrsf18/Slc27a1/Il1b/Oas2/Il17rc/Hipk1/Tnfrsf14"
"GOBP_CEREBRAL_CORTEX_CELL_MIGRATION",0.40604786545925,0.768003558168317,0.0249186479301224,-0.318778608208063,-1.04019874648226,31,"Pou3f3/Col3a1/Cdk5/Dixdc1/Reln"
"GOBP_REGULATION_OF_OSSIFICATION",0.40625,0.768003558168317,0.0360950011612582,0.242682705483572,1.0256702259478,68,"S1pr1/Tob2/Bmpr1b/Bmpr2/Slc20a2/Bglap/Ank/Smad3/Nipbl/Ccr1/Bmp2k/Rbpj/Acvr2a/Isg15"
"GOBP_REGULATION_OF_ENDOCYTOSIS",0.406580493537015,0.768153004177849,0.0424029731264084,0.203796172978847,1.0150698041141,184,"Fgr/Fpr2/Cd177/Neu3/Sele/Arc/Ahi1/Rock1/Ppp3cb/Slc17a7/Sh3gl2/Mkln1/Ppp3cc/Itgb3/Cd36/Hck/Ston2/Apln/Vamp4/Bmp2k/Cblb/Magi2/Rab21/Ush1g/Bicd1/Rac1/Picalm/Appl1/Numb/Alox15/Atad1"
"GOBP_NEGATIVE_REGULATION_OF_INFLAMMATORY_RESPONSE_TO_ANTIGENIC_STIMULUS",0.407825252040326,0.769243975438215,0.0318949747934007,0.34544657676496,1.02815582670827,16,"Fgr/Spn/Hck"
"GOBP_POSITIVE_REGULATION_OF_INTERLEUKIN_6_PRODUCTION",0.40824392998306,0.769243975438215,0.0350965664375677,0.251339384930372,1.01956777834989,56,"Adora2b/Tnfsf4/Il33/Cd36/Ereg/Mavs/Myd88/Dhx9/Ifih1/Il6ra/Tnf/Hmgb1/Stat3/Lpl/Plcg2/Il1b/Il17rc/Btk"
"GOBP_NEGATIVE_REGULATION_OF_KINASE_ACTIVITY",0.408328154133002,0.769243975438215,0.0241665376312633,-0.279218573870993,-1.02951689616744,55,"Cdk5rap3/Adipoq/Mapk8ip1/Pdcd4/Trim27/Dbndd2/Cep85/Thy1/Ptpn22/Ppia/Rasip1/Nprl2/Snx6"
"GOBP_ICOSANOID_METABOLIC_PROCESS",0.408493736633058,0.769243975438215,0.0238828790927908,-0.273905778686992,-1.03105327828669,61,"Alox8/Faah/Gstm2/Fads1/Atp6v1b1/Comt/Ptgis/Ggt5/Cyp2a5/Cd74/Akr1c18/Cyp2f2/Ephx1/Cbr1"
"GOBP_EMBRYONIC_EPITHELIAL_TUBE_FORMATION",0.408522050059595,0.769243975438215,0.0234751270669149,-0.26306988219576,-1.02953311906514,76,"Folr1/Sema4c/Gata3/Sfrp2/Fuz/Tctn1/Lrp2/Cc2d2a/Ovol2/Casp3/Sufu/Cfl1/Ret/Wdr83/Spint2/Bbs4/Ift122/Dvl2/Ptch1/Sfrp1/Irx1/Sox8/Ift172/Vasp/Mthfr/Cited2/Pfn1/Scrib/Stk3"
"GOBP_RESPONSE_TO_TUMOR_NECROSIS_FACTOR",0.408668730650155,0.769243975438215,0.0393014653454297,0.216490752037308,1.01898776700782,126,"Camp/Thbs1/Vcam1/Klf2/Tnfsf11/Il18bp/Spata2/Lcn2/Ccl5/Sele/Nfkbia"
"GOBP_NEGATIVE_REGULATION_OF_T_CELL_DIFFERENTIATION",0.409170633926334,0.769714462219797,0.0326623865740398,0.312929510286829,1.02938482991979,23,"Tbx21/Tnfsf4/Il4ra/Bcl6/Cbfb/Hmgb1/Fgl2/Hlx"
"GOBP_REGULATION_OF_EXTRACELLULAR_MATRIX_ORGANIZATION",0.409818569903949,0.770011062085382,0.033872889366735,0.273979392474423,1.01716196399756,38,"Smad4/Reck/Clasp2/Smad3/Itgb3/Ric1"
"GOBP_ADAPTIVE_IMMUNE_RESPONSE",0.409916926272066,0.770011062085382,0.0212380808461584,-0.222405824862278,-1.01916668809616,235,"Tec/Azgp1/Cadm1/Cd209b/C2/Aplf/Gata3/Lgals1/Pms2/Pdia3/C7/Cd1d1/Irf7/Mapk3/Adcy7/Il2rb/C4b/Rab27a/H2-M3/H2-DMa/C3/Stx7/Fcamr/Jak3/Ctsl/H2-Eb1/Trim27/Tmem98/Cx3cr1/Lat2/Cd74/Klhl22/Rap1gap2/Mcoln1/Mgl2/Serping1/Gnl1/Exosc3/Cd19/C1s1/C1qa/Ctss/Ephb2/Tnfrsf21/Vtcn1"
"GOBP_PROTEIN_K63_LINKED_DEUBIQUITINATION",0.410084451068058,0.770011062085382,0.0324488378594357,0.320196728684122,1.02528797805523,21,"Spata2/Usp25/Tnfaip3/Abraxas2/Zranb1/Usp13"
"GOBP_FAT_CELL_DIFFERENTIATION",0.410338137472284,0.770014133893014,0.022246796177298,-0.235582878411104,-1.02074628795949,150,"Nr1d1/Insig1/Cntn2/Pnpla3/Adipoq/Xbp1/Ffar2/C1qtnf3/Sfrp2/Pim1/Sirt2/Gpr180/Fto/Hes1/Id2/Gnb3/Egr2/Gdf10/Tcf7l2/Ffar4/Zfp36l2/Pid1/Arntl/Ifrd2/Trib3/Bscl2/Rnasel"
"GOBP_TOLERANCE_INDUCTION",0.410945751320211,0.770143350832033,0.0317487252503017,0.344642947770117,1.02576397833247,16,"H2-Q7/Cblb/Tnfaip3/Irak3/Hmgb1"
"GOBP_FIBROBLAST_GROWTH_FACTOR_RECEPTOR_SIGNALING_PATHWAY",0.411030341340076,0.770143350832033,0.024336107163646,-0.292132372311098,-1.03325137162765,45,"Sulf2/Kl/Fam20c/Gata3/Fuz/Flrt1/Smoc2/Fgfr4/Runx2/Ext1/Creb3l1/Fgf22"
"GOBP_CELL_MATRIX_ADHESION",0.411913357400722,0.770143350832033,0.0402098897493978,0.209161502886489,1.01226159920943,151,"Thbs1/Vcam1/Rock2/Bcl2l11/Clasp2/Itgb6/Rock1/Smad3/Phldb2/Myf5/Itgal/Mkln1/Itgb3/Cd36/Acer2/Epdr1/Itgam/Npnt/Rac1/Cdk6/L1cam/Jam3/Adamts9/Bcl6/Ppm1f/Srf/Actn2/Adamts13"
"GOBP_INTRINSIC_APOPTOTIC_SIGNALING_PATHWAY_IN_RESPONSE_TO_DNA_DAMAGE_BY_P53_CLASS_MEDIATOR",0.412055079241361,0.770143350832033,0.0332359127589922,0.298677166689111,1.02246355482135,27,"Atad5/Dyrk2/Cdkn1a/Ddit4/Trp63/Ppp2r5c"
"GOBP_POSITIVE_REGULATION_OF_BMP_SIGNALING_PATHWAY",0.412212449255751,0.770143350832033,0.0254188694208561,-0.358564940775098,-1.03677962416691,19,"Foxd1/Msx1/Hes1/Gdf5/Rnf165/Sox11"
"GOBP_POSITIVE_REGULATION_OF_P38MAPK_CASCADE",0.412261646150133,0.770143350832033,0.0317935593641976,0.338177169772357,1.0247415791843,17,"Gadd45g/Dsc2/Bmp2/Map3k3/Il1b/Gdf6/Spi1"
"GOBP_POSITIVE_REGULATION_OF_AUTOPHAGY",0.412367830823454,0.770143350832033,0.0375463350975221,0.225919747351068,1.02006136498746,98,"Irgm2/Rb1cc1/Trim23/Scoc/Prkaa2/Wac/Rock1/Prkaa1/Bnip3/Svip/Mid2/Fyco1/Sh3glb1/Vdac1/Elavl1/Tfeb/Map2k1/Tbk1/Pik3c2a/Hmgb1/Csnk2a1/Pink1/Deptor/Ikbkg/Huwe1"
"GOBP_POSITIVE_REGULATION_OF_POTASSIUM_ION_TRANSPORT",0.41292909045352,0.770143350832033,0.032484202040503,0.312137557277257,1.02677969238158,23,"Kcnc1/Atp1b1/Kcnj2/Fhl1/Akap6/Kif5b/Amigo1/Actn2"
"GOBP_ANIMAL_ORGAN_FORMATION",0.412970376301041,0.770143350832033,0.0244760079391778,-0.307288720148018,-1.03187594562065,35,"Folr1/Mapk3/Pim1/Wt1/Lrp2/Hes1"
"GOBP_PROTEIN_K48_LINKED_UBIQUITINATION",0.413098950949816,0.770143350832033,0.0349412990575916,0.248460162244931,1.01811023526185,58,"Ube2b/Hace1/Kcmf1/Tnfaip3/Rnf146/Kbtbd2/Ube2d3/Dtx3l/Cul1/Ube3c/Kbtbd7/Ttc3/Peli1/Huwe1/Trim25/Anapc10/Rnf115"
"GOBP_POSITIVE_REGULATION_OF_NITRIC_OXIDE_METABOLIC_PROCESS",0.413801949717804,0.770143350832033,0.03290357014243,0.303772164555836,1.01941067743928,25,"Klf2/Ptgs2/Smad3/Jak2/Cd36"
"GOBP_NEUROTRANSMITTER_REUPTAKE",0.414009497964722,0.770143350832033,0.0253913136183266,-0.363428357426631,-1.03904023414814,18,"Drd1/Slc6a13/Slc18a3/Slc6a12/Slc22a2"
"GOBP_POSITIVE_REGULATION_OF_PROGRAMMED_CELL_DEATH",0.414092664092664,0.770143350832033,0.0471075969382511,0.192170817745803,1.01171293858049,299,"Rhob/Gadd45g/Bmpr1b/Thbs1/Tnfsf11/Cyp1b1/Mcl1/Inhba/S100a8/Eif2s1/Lcn2/Ccl5/Smad4/Tigar/Ifi204/Bcl2l11/Tnfsf14/Top2a/Pmaip1/Hpgd/Ect2/Adamtsl4/Txnip/Tnfsf10/Rnf122/Creb1/H2-Q7/Bnip3/Jak2/Tsc22d1/Ccar1/Cdkn1a/Mapk8/Apc/Vdac1/Kcnma1/Pnma1/Trp63/Pla2r1/Jmy/Bcl6/Stk17b/Neurl1a/Ppid/Tnfrsf10b/Ptpn1/Tnfsf12/Rbm5/Csrnp3/Tnf/Aldh1a3/Hmgb1/Rybp/Tia1/Tnfrsf12a/Tnfrsf1a/Mllt11/Hspa9/Aimp2/Dffa/Casp2/Ankrd1/Ptprc"
"GOBP_SPINAL_CORD_DEVELOPMENT",0.414484064373619,0.770143350832033,0.0241727768246263,-0.287545433634154,-1.02956099522417,48,"Scyl1/Phgdh/Tctn1/Reln/Vit/Gigyf2/Sufu/Draxin/Sox11/Sox4/Dab1/Ift122/Ptch1/Mpst/Sox13/Dll4/Loxl3/Ift172/Ercc2/Isl2/Pkd2"
"GOBP_REGULATION_OF_AXON_EXTENSION",0.414816870144284,0.770143350832033,0.0344174271530624,0.251159588665113,1.01438536442292,54,"Bmpr2/Map1b/Clasp2/Pafah1b1/Rab21/L1cam/Rtn4/Ttl/Srf/Tnfrsf12a/Nrcam/Dip2b/Sin3a"
"GOBP_ACTIVATION_OF_PROTEIN_KINASE_ACTIVITY",0.414828116983068,0.770143350832033,0.0328549986729529,0.303562866521056,1.01870830679339,25,"Tpx2/Ect2/Jak2/Stradb/Tnfrsf10b/Nrg1/Pibf1"
"GOBP_DENDRITE_EXTENSION",0.414914425427873,0.770143350832033,0.0319176135859475,0.327353623975582,1.02167900046157,19,"Ostn/Sh3gl2/Plaa/Cacng7/Slc9a6/Atg16l1/Cyfip2/Mul1"
"GOBP_OSSIFICATION",0.414973808611218,0.770143350832033,0.0208035511201481,-0.219039993346346,-1.01706247608983,264,"Panx3/Bglap3/Cited1/Lrrc17/Cbs/Kl/Foxc1/Thbs3/Fasn/Ltbp3/Fam20c/Rpl38/Tmem119/Smoc1/Mrc2/Lox/Nab2/Sfrp2/P3h1/Mapk3/Ebp/H3f3a/Rbmx/Atp6v1b1/Slc24a3/Rrbp1/Id2/Osr2/Casr/Egr2/Gdf10/Twist2/Ffar4/Sirt7/Shox2/Slc34a1/Ext2/Map2k6/Dhrs3/Col1a1/Rps15/Ostf1/Cdh11/Gdf5/Mmp2/Foxc2/Eif2ak3/Dchs1/Gfra4/Sufu/H3f3b/Ahsg/Runx2/Sox11/Col1a2/Adamts12/Ext1/Creb3l1/Sort1/Sox2/Ltf/Wwox"
"GOBP_RESPONSE_TO_PURINE_CONTAINING_COMPOUND",0.415441176470588,0.770143350832033,0.0229950365524417,-0.255332664006712,-1.02549269003364,90,"Fbp1/Cited1/Adora1/Cdo1/Selenon/Hsp90b1/Eef2k/Adipoq/Pdxp/Cftr/Wt1"
"GOBP_POSITIVE_REGULATION_OF_BIOMINERAL_TISSUE_DEVELOPMENT",0.41544885177453,0.770143350832033,0.0331613748753957,0.289718004960649,1.02079911183612,30,"Bmpr1b/Bmpr2/Slc20a2/Fbxo5/Smad3/Acvr2a/Isg15"
"GOBP_DEVELOPMENTAL_INDUCTION",0.416226596255401,0.770788489558556,0.0315047269846711,0.343308051302028,1.02179091368505,16,"Gdnf/Fgf2/Robo2/Bmp2/Hipk1/Robo1/Wnt4"
"GOBP_APPENDAGE_DEVELOPMENT",0.416323948117684,0.770788489558556,0.0370683414687486,0.22591079030893,1.01665804643214,95,"Bmpr2/Smad4/Bcl2l11/Pbx2/Atrx/Reck/Pcsk5/Fzd6/Large1/Mbnl1/Nipbl/Traf3ip1/Trp63/Crabp2/Med1/Sall4/Slc7a11/Tbx2/Tmem107/Prickle1/Kremen1/Gpc3/Grem1/Hdac2/Rdh10/Myh3/Dync2h1/Ttbk2"
"GOBP_COGNITION",0.41655377946356,0.770788489558556,0.0216529799672423,-0.230559073137762,-1.01890274884839,172,"Bglap3/Adora1/Drd1/Cntn2/Prkar2b/Ldlr/Hmgcr/Slc1a1/Ift20/St3gal4/Chrnb2/Pomk/Cln3/Cdk5/Pln/Comt/Reln/App/Slc1a4/Arf4/Meis2/Serpinf1/Prnp/Chrna7/Ephb2/Casp3/Nrxn3/Shisa7/B4galt2/Grin1/Tmprss11e/Ddhd2/Kcnk2/Mgat3/Rp9/Mfsd2a/Calb1/Ppt1/Man2b1/Rapgef3/Ptchd1/Gm2a/Foxo6/Dlg4/Fyn/Slc24a2/Bbs4"
"GOBP_CGAS_STING_SIGNALING_PATHWAY",0.417330436881487,0.771230342468673,0.0315598002303516,0.337086370422291,1.02143624828538,17,"Irgm2/Slc19a1/Tbk1/Ppp6c/Zdhhc18/Btk/Map3k7/Aars2/Zdhhc9"
"GOBP_LIPID_LOCALIZATION",0.417347335667056,0.771230342468673,0.0209418871689618,-0.221778086865118,-1.01681968811399,236,"Slc25a10/Acsl5/Slc27a4/Slc10a3/Pctp/Dbi/Adipoq/Rbp4/Ldlr/Slc27a3/Npc2/Ace/Surf4/Osbp2/Pla2g2d/Clstn3/Lcat/Cftr/Mapk3/Ces1d/Clptm1l/Slc22a6/Furin/Cln3/Slc22a29/Comt/C3/Osbpl2/Hdlbp/Kcnn4/Slco2b1/Slc13a3/Stard5/Rbp1/Rft1/Slc22a2/Cpt1b/Abcd2/Vps51/Apol6/Anxa2/Srebf2/Pitpna/C2cd2l/Pltp/Naxe/Sigmar1/Osbpl10/Esyt1/P2rx4/Mfsd2a/Stard3nl/Slc5a8/Gm2a/Eprs/Tmem41b/Ikbke/Plin2/Tmem135/Tmem30b/Atp9a/Gramd1c/Ptch1"
"GOBP_POSITIVE_REGULATION_OF_DEFENSE_RESPONSE_TO_VIRUS_BY_HOST",0.417549913729357,0.771230342468673,0.0319516418172933,0.323939850271245,1.02251281321297,20,"Tomm70a/Mavs/Stat1/Dtx3l/Il23r/Ercc6/Sin3a"
"GOBP_RESPONSE_TO_VITAMIN",0.417828607237976,0.771278788587321,0.023925627520731,-0.281174061569483,-1.02749116704903,53,"Bglap3/Folr1/Cbs/Kl"
"GOBP_REGULATION_OF_INFLAMMATORY_RESPONSE",0.418839360807401,0.772556086104173,0.0433895242224597,0.200007882043982,1.01172460467432,212,"Adora2b/Irgm2/Fgr/Fpr2/Tnfsf11/Pbk/Celf1/Spn/Spata2/S100a8/Ccl5/Sele/Nfkbia/Ptgs2/Mcph1/Gbp5/Tnfsf4/Smad3/Socs3/Gbp2/Il17rb/Jak2/Il33/Hck/Cst7"
"GOBP_POSITIVE_REGULATION_OF_VASCULAR_ASSOCIATED_SMOOTH_MUSCLE_CELL_PROLIFERATION",0.419026328862394,0.772556086104173,0.0320313698146193,0.318668381527288,1.02039412429028,21,"Hpgd/Fgf2/Jak2/Calcrl/Tnf/Ldlrap1/Ddr2/Mdm2/Map3k7/Fgf9"
"GOBP_PIGMENT_BIOSYNTHETIC_PROCESS",0.419624217118998,0.773191787272942,0.0329645228841272,0.289054995051429,1.0184630474049,30,"Fech/Tyrp1/Alas2/Cpox/Abcb10/Rab38/Appl1/Slc7a11/Alad/Opn3/Ireb2"
"GOBP_GAMMA_AMINOBUTYRIC_ACID_SIGNALING_PATHWAY",0.42020822665984,0.773801164825684,0.0252476307269126,-0.367313899318241,-1.03592403745439,17,"Gabra3/Gabra4/Gabbr2"
"GOBP_MONOSACCHARIDE_METABOLIC_PROCESS",0.421324041811847,0.775388522732043,0.0219202754351603,-0.236584311265173,-1.01604269286793,140,"Fbp1/Slc25a10/Pcx/Selenon/Serp1/Galk1/Aldob/Adipoq/Rbp4/Nnmt/C1qtnf3/Gale/Gmppb/Clstn3/C1qtnf12/Gsto2/Selenos"
"GOBP_B_CELL_MEDIATED_IMMUNITY",0.421965317919075,0.77577027314121,0.023287808487627,-0.268156526999401,-1.02006612473008,65,"C2/Aplf/Pms2/C7/Irf7/Il2rb/C4b/H2-M3/C3/Cd74/Serping1/Exosc3/Cd19/C1s1/C1qa/Cd40/Kmt5c/Ptpn6/Mlh1/Susd4/Cr1l/Fcgr1/Cd27/C1rb/Fcer1a/Shld2"
"GOBP_CARDIAC_MUSCLE_CELL_ACTION_POTENTIAL",0.422246515441377,0.77577027314121,0.0337560952568549,0.258936805289108,1.01074617154554,47,"Atp1b1/Fgf13/Kcnj2/Cacna2d1/Dsc2/Scn4b/Tmem161b/Ryr2/Scn7a/Slmap/Kcnj3/Scn9a/Atp1a2/Ctnna3/Ank2"
"GOBP_RESPONSE_TO_MINERALOCORTICOID",0.422308816366293,0.77577027314121,0.0315047269846711,0.330422247099356,1.01563640151956,18,"Sgk1/Inhba/Fosb/Sh3rf1/Cybb/Ptprc"
"GOBP_BLASTOCYST_GROWTH",0.422562141491396,0.77577027314121,0.0311360145358356,0.347169492923521,1.02035441399695,15,"Rtf1/Sall4/Ncapg2/Gins4/Taf8/Zfp830/Palb2/Ndel1"
"GOBP_RESPONSE_TO_LEAD_ION",0.422801147227533,0.77577027314121,0.0311253198967732,0.347060717769984,1.0200347165284,15,"Ppp2ca/Ucp2/Fech/Cpox"
"GOBP_T_CELL_MEDIATED_IMMUNITY",0.423659673659674,0.776175082117353,0.0349834797451947,0.241514347886672,1.01857761131318,67,"Spn/Tbx21/Sash3/Ywhag/Tnfsf4/Ppp3cb/H2-Q7/Prkaa1/Icam1/Zbtb1/Cd55/Ulbp1"
"GOBP_FEAR_RESPONSE",0.42388953585094,0.776175082117353,0.0246758511862341,-0.337389838829457,-1.02675957672923,23,"Drd1/Slc1a1/Morc1/Comt/Ephb2/Adrb1/Ext1/Grik2"
"GOBP_NEUTROPHIL_MEDIATED_IMMUNITY",0.424204771371769,0.776175082117353,0.0318047908234536,0.313293386539371,1.01740193201632,22,"Cd177/Trem1/Itgam/Dnase1l3/Myd88/Il6ra"
"GOBP_CENTRAL_NERVOUS_SYSTEM_PROJECTION_NEURON_AXONOGENESIS",0.42447516641065,0.776175082117353,0.0250787012305676,-0.365916681769175,-1.0319835079854,17,"Chrnb2/Cdh11/Ephb2/Ephb1/Draxin/Sptbn4"
"GOBP_MULTICELLULAR_ORGANISMAL_RESPONSE_TO_STRESS",0.424774560987186,0.776175082117353,0.0238160000609887,-0.284607742617945,-1.02218503588376,49,"Drd1/Selenon/Umod/Slc1a1/Morc1/Comt/Reln/Ephb2/Vwa1/Atat1/Ret/Adrb1/Ext1/Adcyap1r1/P2rx4/Grik2"
"GOBP_REGULATION_OF_ACTIN_FILAMENT_LENGTH",0.42487684729064,0.776175082117353,0.0360646432896811,0.22948253518434,1.01309620033819,85,"Plek/Mtor/Myo3b/Ssh2/Hck/Lmod2/Neb/Pik3ca/Rac1/Rdx/Alox15/Flii/Coro1a/Pfn2/Capza2/Actn2/Nckap1/Mkks/Dmtn/Tmod4/Arhgap40/Cdc42ep3/Fchsd2/Ssh1/Arf6/Svil"
"GOBP_RESPONSE_TO_ACETYLCHOLINE",0.425045466354897,0.776175082117353,0.0326265664694886,0.296293929958587,1.01430500448259,27,"Chrna2/Rock2/Large1"
"GOBP_TELOMERE_CAPPING",0.425054308472122,0.776175082117353,0.0312111137126829,0.335280869857253,1.01596523585281,17,"Mre11a/Tnks2/Ten1/Ctc1/Dclre1b/Pot1a"
"GOBP_REGULATION_OF_LIPID_BIOSYNTHETIC_PROCESS",0.426827496003488,0.778947431475899,0.0223755655807589,-0.249416955579916,-1.01815513592512,98,"Bglap3/Nr1d1/Insig1/Ormdl3/Ldlr/Xbp1/Ces1d/Sirt2/C3/Cd74/Akr1c18/Asah1/Ormdl2/Paqr4/Abcd2/Trib3/Srebf2/Fgfr4"
"GOBP_VASCULAR_ENDOTHELIAL_GROWTH_FACTOR_PRODUCTION",0.42753259779338,0.779328691550608,0.0318272813525166,0.304729951446141,1.01630519171042,24,"Adora2b/Cyp1b1/Ptgs2/Ndrg2/Il6ra/Tnf/Stat3/Il6st"
"GOBP_HINDBRAIN_DEVELOPMENT",0.42759846017175,0.779328691550608,0.022642745582532,-0.255593445054478,-1.01731643202657,85,"Cbs/Hspa5/Foxc1/Sema4c/Myh10/Arcn1/Cdk5/Comt/Abat/Hes1/Faim2/Egr2/Gdf10/Ophn1/Aars/Ephb2/Ephb1/Psmg1/B4galt2/Gba/Whrn/Dab1/Rpgrip1l"
"GOBP_MODULATION_OF_PROCESS_OF_ANOTHER_ORGANISM",0.42807924203273,0.779328691550608,0.0344716810025692,0.243389795145659,1.01131877406577,62,"Camp/Trim59/Rock2/Ccnt1/Ccl5/Ifitm1/Mid2/Smc5/Stom/Smc6/Ccnt2/Zfyve1/Nucks1/Ppara"
"GOBP_CAMERA_TYPE_EYE_MORPHOGENESIS",0.428086237448317,0.779328691550608,0.0225822577747834,-0.257300071113737,-1.01775835012031,81,"Bcar3/Meis1/Rbp4/Slc1a1/Tbc1d20/Col8a2/Rpgrip1/Thy1/Gnat1/Ephb2/Ephb1/Sox11/Sox4/Bak1/Mfsd2a/Calb1/Man2a1/Rpgrip1l/Thrb/Bbs4/Ift122/Cdon/Fzd5/Lrp5/Fat3/Wnt16/Gnat2"
"GOBP_CELLULAR_RESPONSE_TO_INSULIN_STIMULUS",0.428311906092789,0.779328691550608,0.021703931424114,-0.237431622980698,-1.01167755844033,132,"Bglap3/Fbp1/Insig1/Bcar3/Slc27a4/Pnpla3/Eef2k/Adipoq/Xbp1/Ghr/C1qtnf12/Mapk3/Selenos/Srsf5/Zdhhc7/Ctsd/Pid1/Ap3s1/Trib3/Shc1/Foxc2/Pik3r1/Sorl1/Cul7/Echdc3/Ahsg/Parp1"
"GOBP_POSITIVE_REGULATION_OF_PROTEIN_LOCALIZATION",0.428893905191874,0.779923143072127,0.0200137431078078,-0.215040551456985,-1.01344113805383,310,"Nnat/Slc2a2/Tmed10/Cdk5rap3/Ormdl3/Edem2/Serp1/Rbp4/Xbp1/Ddrgk1/Agr2/Ffar2/C1qtnf3/Unc13b/Myh10/Cep131/Clstn3/Cftr/C1qtnf12/Myrip/Sec16b/Mcrs1/Vil1/Cln3/Cdk5/Abat/Hsp90ab1/H2-Eb1/Camk1/Kcnn4/Chp2/Ang/Casr/Tcf7l2/App/Bbc3/Chrm3/Edem1/Hsp90aa1/Eif2ak3/Prnp/Srebf2/Ppia/Ephb2/Pik3r1/C2cd2l/Sorl1/Snx33/Cfl1/Stk11/Apbb1/Parp1/Sytl4/Bcap31/Bap1/Sox4/Sox7/Mgat3/Cib1/Myo1c/Ano1/Golph3l/Dsg2/Prr5l/Vps28/Rapgef3/B3gat3/Pml/Fyn/Tmem30b/Fgg/Cdk5r1/Nkd2/Lamtor1/Gas6/Bsg/Rph3al/Adam8/Fzd5/Kcnb1/Cep250/Commd1/Golph3/Gpd1l"
"GOBP_NEGATIVE_REGULATION_OF_MONOATOMIC_ION_TRANSMEMBRANE_TRANSPORT",0.429232444202504,0.780074430124122,0.0333484662497276,0.260506436938262,1.00520487581462,45,"Kel/Ucp2/Grp/Ppp3cb/Ppp3cc/Cab39/Vdac1/Ubr3/Ppp3r1/Ppp3ca/Sumo1"
"GOBP_NUCLEOTIDE_SUGAR_METABOLIC_PROCESS",0.429575108732017,0.780204059598359,0.0245465532516347,-0.340497059623135,-1.02444481893775,22,"Nans/Gmppb/Gfpt1/Guk1/Gnpda1/Pgm3/Amdhd2"
"GOBP_POSITIVE_REGULATION_OF_INTRINSIC_APOPTOTIC_SIGNALING_PATHWAY",0.429936305732484,0.780204059598359,0.0328186806430492,0.280441403189907,1.00854616986913,33,"Mcl1/S100a8/Bcl2l11/Pmaip1"
"GOBP_INTEGRIN_MEDIATED_SIGNALING_PATHWAY",0.43006993006993,0.780204059598359,0.0346769792883295,0.240930277887892,1.01611431822354,67,"Fgr/Cd177/Plek/Itgb6/Itgal/Itgb3/Hck/Itgam/Isg15/Vav1/Adamts13"
"GOBP_REGULATION_OF_T_CELL_APOPTOTIC_PROCESS",0.432320083138478,0.783820684859376,0.0322966273283658,0.294470539171482,1.00806297852969,27,"Tsc22d3/Ccl5/Bcl2l11/Gpam/Rorc/Bcl11b"
"GOBP_FATTY_ACID_CATABOLIC_PROCESS",0.432975023711666,0.784143900938861,0.023492834989153,-0.280408763247826,-1.01540280551082,51,"Slc27a4/Adipoq/Bdh2/Faah/Echdc1/Pex2/Acaa1a/Acox2/Cpt1b/Abcd2/Acot7/Hacl1"
"GOBP_POSITIVE_REGULATION_OF_G1_S_TRANSITION_OF_MITOTIC_CELL_CYCLE",0.433246753246753,0.784143900938861,0.0322501280764486,0.290767002669661,1.00498281548443,28,"Ccne2/Tfdp1/Rrm2/Lsm11/Rdx"
"GOBP_PHOSPHATIDIC_ACID_METABOLIC_PROCESS",0.433299127757825,0.784143900938861,0.0320085432323416,0.300047329778738,1.00691072916712,25,"Gpam/Dgkh/Lclat1/Gnpat/Sh3glb1/Gpat4/Dgke/Pla2g10/Lpcat4/Gpat2"
"GOBP_ACTIN_FILAMENT_ORGANIZATION",0.433611884865367,0.784143900938861,0.0449612426330254,0.192541383651442,1.00614027661,276,"Rhob/S1pr1/Rock2/Plek/Mtor/Abi2/Diaph2/Synpo/Ttn/Clasp2/Ssh2/Rock1/Smad3/Phldb2/Tjp1/Jak2/Hck/Lmod2/Washc4/Neb/Myo19/Pik3ca/Rac1/Rdx/Alox15/Rhpn1/Jmy/Ap1ar/Cap2/Arhgef15/Enah/Flii/Rhobtb1/Ppm1f/Coro1a/Inf2/Srf/Wipf1/Pfn2/Capza2/Actn2/Dsg3/Nckap1/Rhoq/Pof1b/Xirp1/Shank3/Mkks/Dmtn/Coro6/Rflnb/Cdc42/Tmod4/Acta1/Prox1/Bloc1s6/Msrb1/Arhgap40/Cdc42ep3/Fchsd2/Ssh1/Arf6/Svil/Wasl/Rnh1/Spire2/Diaph3/Pls3/Braf/Rhoj/Samd14/Slit2/Rhobtb2/Synpo2/Fmn2/Actr2/Tsc1/Iqgap1/Itgb1bp1/Spire1/Actr3/Cyfip2/Myo5a/Pdcd10/Dstn/Dlg1"
"GOBP_NEUTRAL_LIPID_BIOSYNTHETIC_PROCESS",0.433902275769746,0.784143900938861,0.0243867980924772,-0.341558063377742,-1.0181421360473,21,"Awat2/Pnpla3/Ldlr/C3"
"GOBP_NEGATIVE_REGULATION_OF_CELL_DEVELOPMENT",0.434038408015586,0.784143900938861,0.0214312814210233,-0.233386693400583,-1.00855720802166,147,"Nr1d1/Lrrc17/Epha7/Adipoq/Ldlr/Ntn1/Lgals1/Efnb3/Cers2/Sox10/Sirt2/H2-M3/Cdk5/Jak3/Hes1/Tmem98/Id2/Cd74/Gpr137/Tcta/Thy1/Ephb2/Pik3r1/Tlr3/Sorl1/Il17d/Cfl1/Rnf6/Wee2/Draxin"
"GOBP_REGULATION_OF_ACTIN_NUCLEATION",0.43486059024947,0.785164954617099,0.023925627520731,-0.315481666670747,-1.01472877146408,29,"Arfip2/Gsn/Brk1/Vil1/Trim27"
"GOBP_TRANSCRIPTION_BY_RNA_POLYMERASE_I",0.435540069686411,0.785470662073424,0.0327583599171015,0.274031245702497,1.00595968771667,36,"Mtor/Wdr43/Dek/Heatr1/Ttf1/Smarca5"
"GOBP_REGULATION_OF_ESTABLISHMENT_OF_PROTEIN_LOCALIZATION_TO_MITOCHONDRION",0.435564964276264,0.785470662073424,0.0325078283353193,0.281867646691109,1.00462219621458,32,"Npepps/Prkaa1/Tomm70a/Mapk8/Sh3glb1/Sae1/Ube2d3/Pink1/Huwe1/Ube2l3/Ablim3/4930550C14Rik/Rac2/Fbxw7/Lrrk2"
"GOBP_INNER_EAR_RECEPTOR_CELL_STEREOCILIUM_ORGANIZATION",0.435893098782138,0.785470662073424,0.0244888046300317,-0.35289349989131,-1.02038082529029,19,"Ift20/Triobp/Hes1/Tprn/Whrn/Slc9a3r1/Adgrv1/Ift88/Otogl/Scrib"
"GOBP_RESPONSE_TO_DIETARY_EXCESS",0.436058344640434,0.785470662073424,0.0245272739043374,-0.356675442013924,-1.01973367573513,18,"Cntn2/Stk39/Acvr1c/Pcsk1n/Sorl1/Adrb1/Sctr/Trpv1/Ucp1/Wnk4/Rasal2"
"GOBP_PROTEIN_K11_LINKED_UBIQUITINATION",0.436381709741551,0.785589937101024,0.0312650111479665,0.310501567897315,1.00833566441444,22,"Cul5/Ube2b/Ube2d3/Anapc10/Rnf26/Rnf115/Cdc27/Ube2l3"
"GOBP_NEUTRAL_AMINO_ACID_TRANSPORT",0.43677244458619,0.785830281631809,0.023492834989153,-0.300910808329369,-1.01691768022524,36,"Slc6a18/Slc1a1/Sfxn1/Slc1a4/Sfxn2/Slc7a13/Slc38a1/Slc7a5/Slc7a6/Llgl2/Cltrn"
"GOBP_POTASSIUM_ION_TRANSPORT",0.439501179642737,0.79027434008744,0.0372642930836758,0.215249676638368,1.00603199792853,121,"Kel/Kcnc1/Atp1b1/Kcnq5/Tmem38b/Grp/Kcnj2/Slc17a7/Kcna2/Large1/Fhl1/Gck/Kcnc4/Cab39/Kcnq3/Akap6/Ghitm/Kcnk4/Kif5b/Kcnma1/Slc1a3/Amigo1/Fxyd6"
"GOBP_NEGATIVE_REGULATION_OF_APOPTOTIC_SIGNALING_PATHWAY",0.441248684672045,0.792585548227698,0.0380399476968455,0.209979103495883,1.00081553623101,137,"Fignl1/Thbs1/Hells/Mcl1/Rb1cc1/Atad5/Ptgs2/Gdnf/Fgf2/Bmi1/Eya1/Icam1/Hmgb2/Stradb/Tnfaip3/Ghitm/Rrm2b/Ivns1abp/Noc2l/Nr4a2/Ackr3/Map2k1/Nrg1/Ptpn1/Opa1/Sh3rf1/Tnf/Csnk2a1/Gclm/Pink1/Scg2/Ikbkg/Bok/Birc6/Yap1"
"GOBP_REGULATION_OF_PEPTIDASE_ACTIVITY",0.44130540672187,0.792585548227698,0.0306732603982164,0.325942160832438,1.00186572253358,18,"Gapdh/Reck"
"GOBP_AMINOGLYCAN_CATABOLIC_PROCESS",0.441569568197395,0.792594025172176,0.0244888046300317,-0.366967653720244,-1.0204470968339,16,"Chia1/Hexb/Gusb/Hexa/Sgsh/Hyal1/Chil1"
"GOBP_LYMPH_VESSEL_DEVELOPMENT",0.44234592445328,0.793305315661245,0.0310082318686816,0.309055228880347,1.00363876312818,22,"Bmpr2/Vegfc/Ppp3cb/Fgf2/Heg1/Tbx1/Prox1/Kdr/Acvr2b"
"GOBP_REPRODUCTIVE_SYSTEM_DEVELOPMENT",0.442485190797631,0.793305315661245,0.0209755144159894,-0.230959428729921,-1.00645022425468,157,"Dhcr24/Dmrta1/Fkbp4/Foxc1/Rbp4/Alox8/Gata3/Mertk/Ace/Tbc1d20/Sfrp2/H3f3a/Wt1/Lrp2/C3/Ang/Akr1c18/Ccno/Ndufs6/Mea1/Serpinf1/Prlr/Ubb/Crip1/Tlr5/Wdr48/Mmp2/Scaper/Tfap2c/Lsm14b/Tesc/Casp3/Tlr3/H3f3b/Stk11/Tlr9"
"GOBP_CARDIAC_CHAMBER_DEVELOPMENT",0.442911652480188,0.793604163241627,0.0219462873232094,-0.25104227642589,-1.01043740801958,91,"Foxc1/Rbp4/Gata3/Pkp2/Sfrp2/Myh10/Lrp2/Hes1/Id2/Shox2/Fzd2/Dhrs3/Foxc2/Ovol2/Adamts19/Sufu/Sox11/Aplnr/Ednra/Sox4/Kcnk2/Greb1l/Snx17/Nos3"
"GOBP_NEURON_PROJECTION_EXTENSION",0.443943298969072,0.794392293667994,0.0360950011612582,0.219939718430161,0.999844573368598,101,"Slitrk1/Bmpr2/Map1b/Clasp2/Ostn/Ppp3cb/Sh3gl2/Pafah1b1/Plaa/Rab21/L1cam/Rtn4/Ttl/Srf/Tnfrsf12a/Cacng7/Nrcam/Dip2b/Prickle1/Sin3a/Ssna1/Sema4f/Slc9a6/Atg16l1/Slit2/Sema3f/Iqgap1/Ndel1/Cyfip2/Macf1"
"GOBP_ADAPTIVE_THERMOGENESIS",0.444331690345028,0.794392293667994,0.021703931424114,-0.245943043827057,-1.00813572470235,101,"Nr1d1/Scd1/Pctp/Sfxn5/Scd2/Adipoq/Oxtr/Tshr/Ksr2/Pwwp2b/Clstn3/Ffar4/Prlr/Slc25a5/Letmd1/Map2k6/Arntl/Pm20d1/Foxc2/Bscl2/Igf2bp2/Sorl1/Stk11"
"GOBP_REGULATION_OF_NUCLEAR_TRANSCRIBED_MRNA_CATABOLIC_PROCESS_DEADENYLATION_DEPENDENT_DECAY",0.444551128180509,0.794392293667994,0.0302659267139229,0.33567353271586,0.999068225731417,16,"Csde1/Cnot7/Ago2/Dhx9/Tnrc6b"
"GOBP_REGULATION_OF_NEURON_DIFFERENTIATION",0.444636927963043,0.794392293667994,0.0216275836082358,-0.244593836657156,-1.0059347353117,103,"Calr/Cntn2/Mmd/Cdk5rap3/Gdpd5/Meis1/Socs2/Sfrp2/Hes1/Dixdc1/Reln/Id2/App/Rnf112/Gdf5/Map3k13/Bend6"
"GOBP_POSITIVE_REGULATION_OF_PROTEIN_EXPORT_FROM_NUCLEUS",0.444791166586654,0.794392293667994,0.0302559000817095,0.335617921823635,0.998902710520916,16,"Prpf4b/Xpo4/Anp32b/Rbm22/Ppm1a/Il1b/Ywhae/Mdm2"
"GOBP_DETECTION_OF_BIOTIC_STIMULUS",0.444911690496215,0.794392293667994,0.0240609490248291,-0.343910766070165,-1.01126280731719,20,"Cd1d1/Srpx/C4b/H2-Eb1"
"GOBP_NEGATIVE_REGULATION_OF_ANTIGEN_RECEPTOR_MEDIATED_SIGNALING_PATHWAY",0.445297832394607,0.794617335260235,0.0242856223279775,-0.359636058826111,-1.01427046121809,17,"Lpxn/Thy1/Ptpn22/Prnp/Ptpn6/Cd22/Csk/Dusp3/Fcgr2b/Ceacam1/Dgkz"
"GOBP_CELLULAR_RESPONSE_TO_NUTRIENT_LEVELS",0.445894090560246,0.794800745456455,0.0397974848964469,0.201920449986152,0.998057495194577,174,"Pdk4/Gdap1/Inhba/Eif2s1/Atf2/Bmpr2/Lcn2/Mtor/Prkaa2/Ucp2/Pmaip1/Ywhag/Cpeb4/Slc38a2/Bglap/Prkaa1/Dsc2/Cdkn1a/Mapk8/Stk26/Sh3glb1/Ywhaz/Mcu/Ripor1/Phex/Klf10/Csnk1a1/Jmy/Tfeb/Zfyve1/Srf/Gpr155/Med1/Ppara"
"GOBP_INTERLEUKIN_1_MEDIATED_SIGNALING_PATHWAY",0.44592094196804,0.794800745456455,0.0240238962523283,-0.343619718435837,-1.01040698750348,20,"Tnip2/Mapk3/Il1r2/Irak1"
"GOBP_EMBRYONIC_DIGIT_MORPHOGENESIS",0.446943635882509,0.796159071499163,0.0320085432323416,0.279955970134572,0.997808669642006,32,"Smad4/Bcl2l11/Fzd6/Traf3ip1/Tbx2/Tmem107/Prickle1/Hdac2/Ttbk2/Msx2/Bax"
"GOBP_NEGATIVE_REGULATION_OF_ION_TRANSMEMBRANE_TRANSPORTER_ACTIVITY",0.447576486765211,0.79682177568049,0.0243171512838986,-0.372454384229366,-1.01878472309483,15,"Stk39/Pln/Gnb5/Gpr35/Tlr9/Calm2"
"GOBP_MESENCHYMAL_CELL_MIGRATION",0.449051188008292,0.797690592836833,0.0230461985505656,-0.298505094230665,-1.00878765254653,36,"Folr1/Sema4c/Sox10/Nrtn/Ovol2/Cfl1/Htr2b/Ret/Ednra"
"GOBP_NEGATIVE_REGULATION_OF_SMALL_MOLECULE_METABOLIC_PROCESS",0.44918125352908,0.797690592836833,0.0331737704034897,0.245772578975137,0.996985818177371,56,"Slc4a1/Plek/Ppp2ca/Tigar/Angptl4/Plin5/Gck/Pfkfb1/Hdac4/Acadvl/Ddit4"
"GOBP_NEGATIVE_REGULATION_OF_RESPONSE_TO_WOUNDING",0.449401523394995,0.797690592836833,0.0324370698082917,0.249317701900287,0.99558646711329,51,"Thbs1/Clasp2/Smad3/Phldb2/Fgf2/Il33/Thbd/Rtn4rl1/Eppk1/Tnf/Stat3/Kremen1/Ubash3b/Crk/Alox12/Inpp5f/Mmrn1/Tspan8"
"GOBP_REGULATION_OF_MUSCLE_CONTRACTION",0.449466415568111,0.797690592836833,0.0352966157276666,0.223683292636344,1.00257204879362,93,"Adora2b/Stc1/Atp1b1/Tmem38b/Fgf13/Kcnj2/Trdn/Pde4b/Jph4/Dsc2/Npnt/Slc8a3/Map2k1/Ryr2/Srf/Sumo1/Ehd3/Ppp1r12b/Cacng1/Tmem38a/Actn3/Atp1a2/Ctnna3/Gucy1a1/Rgs2/Ank2/Hrc"
"GOBP_NEGATIVE_REGULATION_OF_STRIATED_MUSCLE_CELL_DIFFERENTIATION",0.449845049747186,0.797690592836833,0.0233811119157234,-0.319464342280475,-1.00496226505361,26,"Bhlha15/Xbp1/Tmem119/Msx1"
"GOBP_EMBRYO_IMPLANTATION",0.450063816209317,0.797690592836833,0.023017748942985,-0.292219888349553,-1.00694863100526,40,"Calr/Fkbp4/Aplf/H3f3a/Grn/Ptgis/Acvr1c/Prlr/Mmp2/Itgb4/H3f3b/Scgb1a1"
"GOBP_NEGATIVE_REGULATION_OF_CELL_CYCLE_G2_M_PHASE_TRANSITION",0.450268817204301,0.797690592836833,0.032169128942943,0.262233496315708,0.996347251222256,42,"Mre11a/Topbp1/Donson/Dtl/Gtpbp4/Fhl1/Abraxas1/Hus1/Cdkn1a/Taok1/Mrnip/Mbtps2/Inip/Rad21/Orc1"
"GOBP_AMELOGENESIS",0.450286806883365,0.797690592836833,0.0299487455729153,0.340884764107612,1.00188317467784,15,"Dmp1/Csf3r/Itgb6"
"GOBP_INTERLEUKIN_6_PRODUCTION",0.450414491863678,0.797690592836833,0.0348015796932357,0.231799878997718,1.004503128414,79,"Adora2b/Klf2/Tnfsf4/H2-Q7/Il33/Cd36/Tnfaip3/Ereg/Irak3/Mavs/Myd88/Dhx9/Ifih1/Il6ra/Tnf/Hmgb1/Nmbr/Stat3"
"GOBP_REGULATION_OF_KERATINOCYTE_PROLIFERATION",0.451168831168831,0.798563603256535,0.0314717893028373,0.287733925066735,0.994499539043211,28,"Areg/2610528A11Rik/Trp63/Bcl11b/Eppk1/Med1"
"GOBP_STRIATED_MUSCLE_CELL_PROLIFERATION",0.451659221442246,0.798873713397832,0.0229610464423423,-0.291929449662776,-1.00594782014433,40,"Six5/Selenon/Foxc1/Rbp4/Myh10/Pim1"
"GOBP_RESPONSE_TO_AMPHETAMINE",0.451954258405871,0.798873713397832,0.0240424087834484,-0.358006558503754,-1.0096748318229,17,"Drd1/Slc1a1/Comt"
"GOBP_VESICLE_DOCKING_INVOLVED_IN_EXOCYTOSIS",0.452128527157071,0.798873713397832,0.0232994328465699,-0.318853477440843,-1.00304062300588,26,"Unc13c/Stxbp2/Unc13b/Cftr/Ykt6/Rabepk/Exoc8/Vps18"
"GOBP_ENDOCARDIAL_CUSHION_FORMATION",0.45281173594132,0.799321297819758,0.0302659267139229,0.319918283375878,0.998473113018686,19,"Smad4/Eng/Rbpj/Robo2/Tbx2/Bmp2/Heyl/Msx2/Snai2/Robo1"
"GOBP_REGULATION_OF_NEURON_APOPTOTIC_PROCESS",0.45327559715044,0.799321297819758,0.0208177893933056,-0.23313857572995,-1.00023901656788,139,"Cited1/Hyou1/Epha7/Pycr1/Gata3/Slc1a1/Nsmf/Casp7/Cln3/Grn/Cdk5/Cx3cr1/Faim2/App/Aars/Ubb/Sarm1/Nrbp2/Stambp/Bbc3/Casp6/Gdf5/Mmp2/Prnp/Casp3/Tmbim4/Sigmar1/Alkbh1/Draxin/Parp1/Grina/Snx6/Xrcc2/Gba/Grik2/Hrk/Ppt1"
"GOBP_RESPONSE_TO_TUMOR_CELL",0.453822473063109,0.799321297819758,0.0311253198967732,0.296132457910119,0.993773046886347,25,"Ywhag/Txnip/H2-Q7/Prkaa1/Rbms3/Tnfrsf10b/Hmgb1"
"GOBP_INTERLEUKIN_17_PRODUCTION",0.453912626020163,0.799321297819758,0.0298803556203253,0.333561200601457,0.992781272212569,16,"Tnfsf4/Jak2/Myd88/Opa1/Il23r/Btk/Prkcq/Il15"
"GOBP_NEGATIVE_REGULATION_OF_TOR_SIGNALING",0.454129674468658,0.799321297819758,0.0320199517941431,0.263693552656308,0.99460043701782,41,"Ube2n/Mtm1/Prkaa2/Ywhag/Prkaa1/Ddit4/Ywhaz/Npc1/Tbk1/Peli1/Deptor"
"GOBP_EMBRYONIC_PATTERN_SPECIFICATION",0.454146215448205,0.799321297819758,0.0312434265369516,0.293279284946281,0.994249222212934,26,"Tbx6/Smad4/Smad3/Pgap1"
"GOBP_REGULATION_OF_MEMBRANE_REPOLARIZATION",0.454213346322455,0.799321297819758,0.0301361626814606,0.32310726203582,0.99315194361057,18,"Kcnj2/Cacna2d1/Akap6/Scn4b"
"GOBP_REGULATION_OF_OLIGODENDROCYTE_DIFFERENTIATION",0.45516552986192,0.800535805255132,0.0235105683703133,-0.329197409418831,-1.00182801571002,23,"Hes1/Tmem98/Id2/Dusp15/Tnfrsf21"
"GOBP_RIBOSOMAL_SMALL_SUBUNIT_BIOGENESIS",0.45564142194745,0.800686680165508,0.0347045752570053,0.231106592576768,1.00150507726558,80,"Nop58/Rps27a/Dnttip2/Wdr43/Heatr1/Utp20/Wdr3/Utp6/Nol10/Wdr36/Bysl/Rrs1/Xrcc5"
"GOBP_NEGATIVE_REGULATION_OF_ACTIN_FILAMENT_BUNDLE_ASSEMBLY",0.455775494863443,0.800686680165508,0.0306010804122317,0.302629755840218,0.995503682151013,23,"S1pr1/Clasp2/Phldb2/Tjp1"
"GOBP_CD8_POSITIVE_ALPHA_BETA_T_CELL_ACTIVATION",0.4570299071846,0.80242894623503,0.023974664378916,-0.368881937266531,-1.00901291064232,15,"Mapk8ip1/Tox/Wdfy4"
"GOBP_ANDROGEN_RECEPTOR_SIGNALING_PATHWAY",0.45766292865269,0.803078832299809,0.0230461985505656,-0.313596861534538,-0.996297275545303,27,"Fkbp4/Zdhhc7/Tcf7l2/Pmepa1/Rnf6/Pkn1/Safb/Sfrp1"
"GOBP_ANTIGEN_PROCESSING_AND_PRESENTATION_OF_PEPTIDE_OR_POLYSACCHARIDE_ANTIGEN_VIA_MHC_CLASS_II",0.457927974057006,0.803082641070123,0.0238281330132989,-0.356174726554592,-1.00450857279422,17,"H2-DMa/Ctsl/H2-Eb1/Cd74/Ctsd/Ctss/Unc93b1/Dnm2"
"GOBP_CELLULAR_RESPONSE_TO_FATTY_ACID",0.459095443964084,0.804668147624943,0.0233635636219539,-0.325032634427887,-0.99985458144553,24,"Cldn1/Ldlr/Ffar2/Hes1/Akr1c18/Ass1/Pid1"
"GOBP_PROTEIN_STABILIZATION",0.459631629968148,0.805069954002847,0.0204713274045703,-0.230517265745455,-0.995494500346504,145,"Csn3/Calr/Tnip2/Trim39/Usp29/Glmp/P3h1/Ppib/Pim1/Efna1/Msx1/Nop53/Grn/Mfsd1/Otud3/Hsp90ab1/Cd74/Telo2/Rpl11/Paqr4/Tmc8/Polr2e/Hsp90aa1/Cog3/Tesc/Pik3r1/Syvn1/Sox4/Zbed3/Kdf1/Tbrg1/Ruvbl1"
"GOBP_RESPONSE_TO_COPPER_ION",0.459945772738477,0.805069954002847,0.0301262327782685,0.315005383202008,0.994311259591603,20,"Tfrc/mt-Co1/Mt1/mt-Cytb"
"GOBP_REGULATION_OF_INNATE_IMMUNE_RESPONSE",0.460391425908667,0.805069954002847,0.0435842718429815,0.191312431817718,0.998368601349732,275,"Irgm2/Fgr/Fpr2/Il18rap/Ppp2ca/Ythdf3/S100a8/Ccl5/Ifi204/Ipo5/Nfkbia/Gbp5/Dhx58/Gbp2/H2-Q7/Tomm70a/Usp15/Cd36/Rps6ka3/Hck/Pum2/Washc4/Hmgb2/Mapk8/Slc19a1/Tnfaip3/Ereg/Cnot7/Ddx60/Ywhaz/Appl1/Tyro3/Irak3/Isg15/Mavs/Myd88/Csnk1a1/Rnf125/N4bp1/Rtn4/Nlrc5/Dhx9/Ifih1/Xrcc5/Colec11/Tbk1/Vav1/Ptpn1/Oas1g/Med1/Erap1/Tnf/Hmgb1/Serpinb3a/Nfkbil1/Peli1/Ppp6c/Colec12/Dusp10/Lamp2/Sin3a/Ythdf2/Trim25/Flot2/Cd300lf/Cd274/Zc3hav1/Ogt/Rnf115"
"GOBP_RESPONSE_TO_TEMPERATURE_STIMULUS",0.460530520933206,0.805069954002847,0.0351676964978177,0.221404151210432,0.998070964542955,97,"Thbs1/St8sia1/Ucp3/Eif2s1/Mtor/Nfkbia/Ucp2/Chordc1/Tcim/Top1/Prkaa1/Lipa/Acadvl/Kcnk4"
"GOBP_POSITIVE_REGULATION_OF_KINASE_ACTIVITY",0.460642317380353,0.805069954002847,0.0348573052682053,0.22339862511335,0.998043202761317,92,"Irgm2/Tpx2/Adcyap1/Tigar/Ect2/Pik3r5/Tcim/Fgf2/Jak2/Cab39/Cdkn1a/Stradb/Ereg/Mrnip/Xrcc5/Map2k1/Tnfrsf10b/Nrg1/Ptpn1/Tnf/Pibf1"
"GOBP_NEGATIVE_REGULATION_OF_SYNAPTIC_TRANSMISSION",0.461190168175938,0.805404358457874,0.022842815888673,-0.30620389098269,-0.999166491624482,31,"Adora1/Drd1/Adipoq"
"GOBP_T_CELL_SELECTION",0.461477362986497,0.805404358457874,0.0225493896866513,-0.294286319937833,-1.00060004642213,37,"Card11/Gata3/Lgals1/Cd1d1/Tox/Jak3/Ctsl/Cd74"
"GOBP_UROGENITAL_SYSTEM_DEVELOPMENT",0.46162456028142,0.805404358457874,0.0226482592878794,-0.292623845216286,-0.997627400591149,38,"Fkbp4/Alox8/Osr2/Serpinf1/Prlr/Crip1/Mmp2/Ephb2/Stk11"
"GOBP_LEUKOCYTE_MEDIATED_IMMUNITY",0.462202136400986,0.80595178464898,0.0405314912401909,0.198188186804284,0.996356607567916,203,"Adora2b/Fgr/Il18rap/Cd177/Spn/Tbx21/Trem1/2610528A11Rik/Sash3/Atad5/Tfrc/Ywhag/Rif1/Grp/Tnfsf4/Ppp3cb/H2-Q7/Prkaa1/Icam1/Rnf168/Zbtb1/Il4ra/Itgam/Cd55/Kif5b/Ulbp1/Slc18a2/Dnase1l3/Mavs/Myd88/Cebpg/Bcl6/Coro1a/Vav1/Il6ra/Tnf/Hmgb1/Serpinb3a/Il23r/Ung"
"GOBP_DEFENSE_RESPONSE_TO_GRAM_NEGATIVE_BACTERIUM",0.463107056613899,0.807069057590108,0.0315929510044103,0.264202175767139,0.984206860755325,39,"Irgm2/Camp/Trem1/Selp/Hmgb2"
"GOBP_DNA_METHYLATION_DEPENDENT_CONSTITUTIVE_HETEROCHROMATIN_FORMATION",0.464442279590843,0.808540781218377,0.0297253427498778,0.320203029685853,0.984225050464024,18,"Hells/Bmi1/Smarca5/Spin1/Tdrd9"
"GOBP_REGULATION_OF_KERATINOCYTE_DIFFERENTIATION",0.46448087431694,0.808540781218377,0.0300865867806047,0.309676385252583,0.99160124524663,21,"Rock2/Trim16/Rock1/Abca12/Trp63/Med1"
"GOBP_REGULATION_OF_POSTSYNAPTIC_MEMBRANE_POTENTIAL",0.464788732394366,0.808615932497032,0.0213516499958366,-0.254187849227469,-1.00100727024734,79,"Adora1/Gabra3/Gria4/Gabra4/Unc13b/Grin3a/Chrnb2/Cdk5/Abat/Grik4/Reln/App/Chrna7/Grin3b/Adrb1/Grin1/P2rx4/Grik2/Tmem108/P2rx1/Dlg4/Zmynd8/Grin2a/P2rx2/Trpv1/P2rx7/Ptk2b"
"GOBP_DETECTION_OF_ABIOTIC_STIMULUS",0.465242250978032,0.808944266783089,0.0215668466408855,-0.257937721240299,-0.996634363827344,71,"Adora1/Elovl4/Rbp4/Tulp1/Gnat3/Comt/Gnat1/Lxn/Rrh/Ephb1/Rgs9bp/Kcnk2/Gucy2e/Ano1/Grik2/Whrn/Fyn/Slc24a2/Unc119/Gngt2/Cep250/Cngb1/Trpv1/Sema5b/Gnat2/Adgrv1/Pkd2l2/Guca1a"
"GOBP_GLAND_DEVELOPMENT",0.46624418003104,0.809191958376061,0.019217433742683,-0.217214112498863,-0.997779267618061,240,"Fa2h/Csn3/Elf5/Cdo1/Cdk5rap3/Sulf2/Fkbp4/Foxc1/Cldn1/Socs2/Fasn/Oxtr/Alox8/Xbp1/Ntn1/Gata3/Mapk3/Sox10/Wt1/Msx1/Srsf5/Srp54a/Hes1/Id2/Cela1/Sec63/Serpinf1/Prlr/Ass1/Crip1/Rps15/Lama1/Nkx2-3/Tfcp2l1/Mmp2/Hoxd9/Tfap2c/Ascl3/Prkcsh"
"GOBP_RAB_PROTEIN_SIGNAL_TRANSDUCTION",0.466483327603988,0.809191958376061,0.0236413977831599,-0.366594916492797,-1.00275715980588,15,"Rab39b/Rab9b/Rab15/Rab4a/Sgsm3/Rab33b/Dennd3/Rab39"
"GOBP_IMPORT_ACROSS_PLASMA_MEMBRANE",0.467077011165188,0.809191958376061,0.0207326073410746,-0.237536168841933,-0.99254484335881,117,"Acsl5/Slc12a3/Slc12a1/Slc1a1/Slc39a11/Stk39/Slc6a13/Lrrc8d/Lrp2/Slc9a9/Kcnn4/Slc1a4/Slc34a1/Cacna1e/Nedd4l/Slc2a5/Kcnj15/Slc7a3/Slc22a2/Slc38a1/Slc15a3/Cacna1d/Prnp/Slc2a10/Slc7a5/Lrrc8e/Cacna1g/Gfap/P2rx1/Cltrn/Fyn/Slc24a2/Slc46a1/Scnn1g/Slc2a1/Slc43a2"
"GOBP_RAC_PROTEIN_SIGNAL_TRANSDUCTION",0.467143614202438,0.809191958376061,0.0311896144173204,0.27233362129252,0.985503271880432,34,"Abi2/Hace1/Rac1/Rtn4/Nckap1/Kbtbd7/Crkl/Hacd3/Ogt/Arf6/Crk"
"GOBP_PROTEIN_HOMOTETRAMERIZATION",0.467413931144916,0.809191958376061,0.0224730382680638,-0.29606790574802,-0.99419643540611,35,"Trpm3/Osbpl2/Kcnn4/Cth/Mcoln1/Thg1l/Ryr3/Acaca/Ssbp1/Trpv1/Crtc2/Shmt2/Apip/Vasp/B2m/Pkd2"
"GOBP_POSITIVE_REGULATION_OF_WNT_SIGNALING_PATHWAY",0.467512376237624,0.809191958376061,0.0342024449747538,0.223804981721942,0.994402354769623,89,"Reck/Tnks2/Aspm/Smad3/Cdc73/Fgf2/Gskip/Ube2b/Prdm15/Tnfaip3/Rbpj/Rnf146/Ppp2r3a/Ppm1b/Zranb1/Peg12/Lgr5/Wnk1/Usp34/Spin1/Smurf2/Csnk2a1"
"GOBP_POSITIVE_REGULATION_OF_STEM_CELL_PROLIFERATION",0.467642655132258,0.809191958376061,0.0230747141203851,-0.325903418226283,-0.991803597030594,23,"Cited1/Ltbp3/Osr2/Shox2/Epcam/Runx2/Sox11"
"GOBP_GLYCOSPHINGOLIPID_BIOSYNTHETIC_PROCESS",0.4678377680186,0.809191958376061,0.030683603457738,0.290682225202028,0.985444902360488,26,"St8sia1/Fut9/Large1/St3gal5/Prkaa1/B3galt1"
"GOBP_ESTABLISHMENT_OF_CELL_POLARITY",0.467910936476752,0.809191958376061,0.0353398441869359,0.217967206403574,0.994624984697496,104,"Mad2l1/Rock2/Brsk2/Map1b/Myo9a/Mcph1/Rab10/Fgf13/Rock1/Phldb2/Pafah1b1/Ccdc66/Krit1/Jam3/Rhoq/Snx27/Kif20b/Crkl/Prickle1/Cdc42/Map4/Flot2/Cdh5/Rap1b/Arf6/Crk/Amotl1/Diaph3/Slc9a6/Rhoj/Rab11fip2/Dock8"
"GOBP_MUSCLE_CELL_APOPTOTIC_PROCESS",0.468033450229296,0.809191958376061,0.0314937389273168,0.267077328224522,0.984511791999648,37,"Smad4/Tigar/Bnip3/Jak2/Eng/Naca/Nrg1/Ptpn1/Hspb6/Lypd3"
"GOBP_DETOXIFICATION",0.468532526475038,0.80927755034866,0.0215416283252279,-0.259088633522242,-0.99349077016335,68,"Lpo/Gpx3/Mgst1/Hp/Gstm2/Gsto2/Selenos/Pim1/Gpx7/Rdh11/Akr1a1/Selenof/Pxdn/Slc22a2/Cygb"
"GOBP_REGULATION_OF_FIBROBLAST_MIGRATION",0.46861276156032,0.80927755034866,0.0306525980581054,0.290477411892982,0.984750562583795,26,"Thbs1/Fgf2/Itgb3/Rac1/Appl1"
"GOBP_REGULATION_OF_CYTOPLASMIC_TRANSLATION",0.46972860125261,0.80987742368104,0.0307979036194709,0.280187293334644,0.987218382311508,30,"Mtor/Cpeb4/Csde1/Dhx9/Cpeb2/Ythdf2/Ybx3/Cpeb3/Cnbp/Pkm/Akt2/Hnrnpd/Paip1/Hnrnpu"
"GOBP_ASTROCYTE_DEVELOPMENT",0.469743924319034,0.80987742368104,0.0226869247386088,-0.315298999406467,-0.991859042391872,26,"Nr1d1/Drd1/Ldlr/Grn/App/C1qa/Ifngr1/Gfap"
"GOBP_NEGATIVE_REGULATION_OF_DNA_BINDING_TRANSCRIPTION_FACTOR_ACTIVITY",0.470476706392199,0.80987742368104,0.0314717893028373,0.256101155296654,0.983218394511743,44,"Cyp1b1/Nfkbia/Tfdp1/Tceal7/Rnf2/Cebpg/Nlrc5/Id1/Sumo1/Nfkbil1"
"GOBP_POSITIVE_REGULATION_OF_INFLAMMATORY_RESPONSE",0.470497848801475,0.80987742368104,0.0339381926785758,0.226357762961928,0.992087576195453,83,"Adora2b/Tnfsf11/S100a8/Nfkbia/Ptgs2/Gbp5/Tnfsf4/Gbp2/Il17rb/Il33"
"GOBP_PLASMA_MEMBRANE_REPAIR",0.47073748308525,0.80987742368104,0.0232356342171485,-0.343680015617485,-0.993740315646389,19,"Myh10/Casp7/Anxa2/Sytl4/Syt7/Chmp6/Chmp5/Smpd1/Cav3"
"GOBP_REGULATION_OF_CARBOHYDRATE_BIOSYNTHETIC_PROCESS",0.470755163172001,0.80987742368104,0.0221140852246087,-0.279033049164681,-0.99508461724521,47,"Fbp1/Adipoq/Nnmt/C1qtnf3/C1qtnf12/Selenos/Tcf7l2/Sirt7"
"GOBP_NEGATIVE_REGULATION_OF_TRANSPORTER_ACTIVITY",0.470815811606392,0.80987742368104,0.0231434223848057,-0.337540997780356,-0.992532629613486,20,"Stk39/Pln/Gnb5/Gpr35/Tlr9/Wwp2/Calm2"
"GOBP_DNA_STRAND_ELONGATION",0.471156167028723,0.810006803755064,0.0292988356681409,0.323827688656485,0.981259903738703,17,"Mre11a/Rfc4/Nucks1/Dclre1b/Yy1/Pot1a"
"GOBP_POSITIVE_REGULATION_OF_TYPE_II_INTERFERON_PRODUCTION",0.47214783074451,0.810855772498434,0.0311896144173204,0.262112958190405,0.984290144556273,40,"Sash3/Tnfsf4/H2-Q7/Pde4b/Jak2/Isg15/Cebpg/Tnf/Il23r"
"GOBP_NEGATIVE_REGULATION_OF_ENDOTHELIAL_CELL_APOPTOTIC_PROCESS",0.472180824639841,0.810855772498434,0.0297832610562438,0.307933170665799,0.986019373856674,21,"Angptl4/Icam1/Itgb3/Tnfaip3/Krit1/Id1/Scg2/Cdh5/Kdr/Braf"
"GOBP_CARDIAC_VENTRICLE_DEVELOPMENT",0.472450532724505,0.810863133412002,0.021506409820865,-0.259462702760609,-0.991150178337617,67,"Foxc1/Gata3/Pkp2/Sfrp2/Lrp2/Hes1/Id2/Fzd2/Foxc2/Adamts19/Sufu/Sox11/Aplnr/Ednra/Sox4/Kcnk2/Greb1l"
"GOBP_REGULATION_OF_MYELINATION",0.472994825355757,0.810955059616372,0.0224404611923246,-0.303632064618286,-0.990774427378197,31,"Sox10/Sirt2/Tmem98/Egr2/Tymp/Eif2ak3/Tnfrsf21"
"GOBP_RESPONSE_TO_HEAT",0.473034997131383,0.810955059616372,0.0324724039604577,0.239934514974718,0.989493134958967,60,"Thbs1/St8sia1/Eif2s1/Mtor/Chordc1/Tcim"
"GOBP_REGULATION_OF_NERVOUS_SYSTEM_PROCESS",0.473595848595849,0.811055962101615,0.0215114348302808,-0.261875966089571,-0.992498349443402,64,"Adora1/Unc13b/Sox10/Abat/Tmem98/Reln/Egr2/App/Tymp/Eif2ak3/Chrna7/Tnfrsf21/Grin1/Gba/Grik2/Ncmap/Tmem108/Nos3/Dlg4/Zmynd8/Grin2a/Cdk18/Ptk2b"
"GOBP_ROOF_OF_MOUTH_DEVELOPMENT",0.473624823695346,0.811055962101615,0.0321230561705183,0.240843640505616,0.983572447368859,57,"Inhba/Smad4/Itgb6/Tiparp/Sos1/Arid5b/Tshz1/Anp32b/Sumo1/Csrnp1/Tbx2/Gabrb3/Tmem107/Tbx1/Cldn5/Jag2/Acvr2b/Plekha1/Snai2/Insig2/Fras1/Dlg1/Col2a1"
"GOBP_REGULATION_OF_ADENYLATE_CYCLASE_ACTIVITY",0.474187380497132,0.811564396313018,0.029003707427331,0.335093442332324,0.984862091729189,15,"Adora2b/Adcyap1"
"GOBP_BONE_REMODELING",0.474530100789975,0.811696225035484,0.0314170691794325,0.25206882592898,0.979334620677718,46,"Pdk4/S1pr1/Tnfsf11/Mitf/Bglap/Itgb3/Tnfaip3"
"GOBP_REGULATION_OF_MEMBRANE_DEPOLARIZATION",0.47542627883651,0.812774080495544,0.0298317197809657,0.295090854965022,0.984157830577494,24,"Ptpn3/Creb1/Fhl1/Mllt11/Gclm/Bok/Slmap/Kdr"
"GOBP_CELLULAR_COMPONENT_DISASSEMBLY_INVOLVED_IN_EXECUTION_PHASE_OF_APOPTOSIS",0.476376035070628,0.813942274687231,0.0292615811881865,0.317090743911094,0.97465865246109,18,"Top2a/Dnase1l3/Dffa/Cecr2/Bok/Blcap/Nmnat1/Bax/Endog/Dicer1/Apaf1"
"GOBP_OOGENESIS",0.477521929824561,0.815366453301901,0.0314170691794325,0.244682489106136,0.980107104660191,52,"Bmpr1b/Ccnb1/Zfx/Diaph2/Aspm/Fbxo5"
"GOBP_NUCLEAR_TRANSCRIBED_MRNA_CATABOLIC_PROCESS_NONSENSE_MEDIATED_DECAY",0.477743355617153,0.815366453301901,0.0224133795932476,-0.306031221627524,-0.984331954464546,29,"Apobec1/Rbm8a/Hnrnpab/Nbas/Smg9/Ttc37"
"GOBP_RESPONSE_TO_ANGIOTENSIN",0.478961038961039,0.816486679986056,0.0303464110082119,0.282749610292407,0.977272169193214,28,"Rock2/Inhba/Rock1/Smad3/Rac1/Ppp3ca/Actn2/Ptpn1/Cybb/Rap1gds1/Car2/Ddr2/Camk2a"
"GOBP_REGULATION_OF_DENDRITIC_SPINE_MORPHOGENESIS",0.480026088374368,0.816486679986056,0.022337867864579,-0.305576523463544,-0.98286944377671,29,"Ppfia2/Eef2k/Efna1/Cdk5/Reln/Sipa1l1/Ephb2/Cfl1"
"GOBP_RESPONSE_TO_UV",0.480176211453745,0.816486679986056,0.0340037974197033,0.219919060160614,0.988557993483757,94,"Pbk/Eif2s1/Fen1/Dtl/Rev1/Fech/Zranb3/Prkaa1/Zbtb1/Ube2b/Hus1/Cdkn1a/Mapk8/Noc2l/Ercc8/N4bp1/Ppid"
"GOBP_BEHAVIOR",0.48027698775813,0.816486679986056,0.0181059478654166,-0.208904520564369,-0.994529662472442,345,"Bglap3/Nr1d1/Gcnt4/Adora1/Drd1/Cntn2/Dmrta1/Ormdl3/Meis1/Prkar2b/Ldlr/Gpr83/Hmgcr/Sncg/Slc1a1/Ift20/Efnb3/Hexb/Chrnb2/Morc1/Atp6v1b1/Pomk/Cln3/Arcn1/Grn/Cdk5/Pln/Comt/Abat/Hexa/Reln/Cx3cr1/Id2/Gnb3/Casr/Egr2/App/Arf4/Meis2/Serpinf1/Adm2/Pfkfb3/Derl2/Srpx2/Gnat1/Gigyf2/Sgsh/Asl/Hoxd9/Prnp/Chrna7/Ephb2/Casp3/Nrxn3/Tmbim4/Vwa1/Htr2b/Parp1/Shisa7/Sptbn4/B4galt2/Adrb1/Grin1/Ext1/Ddhd2/Gba/Kcnk2/P2rx4/Grik2/Selenop/Mfsd2a/Calb1/Dab1/Ppt1/Man2b1/Rapgef3/Ptchd1/Gm2a/P2rx1/Foxo6/Clcn3/B4galnt1/Thrb/Dlg4/Fyn/Npas1/Slc24a2/Bbs4"
"GOBP_MIDBODY_ABSCISSION",0.480294722412611,0.816486679986056,0.0231204769713147,-0.356308576314631,-0.990806815236275,16,"Zfyve19"
"GOBP_REGULATION_OF_MEMBRANE_LIPID_DISTRIBUTION",0.480547357123692,0.816486679986056,0.030892146868861,0.2616520896183,0.974707270996393,39,"Slc4a1/Plscr4/Atp11c/Abca12/Atp11b/Ano4/Plscr3"
"GOBP_PYRIMIDINE_NUCLEOTIDE_BIOSYNTHETIC_PROCESS",0.480834464043419,0.816486679986056,0.0229384384694753,-0.344076836365176,-0.983714312095197,18,"Nme7/Upp2/Ak5/Cmpk1/Ctps2/Cad/Umps"
"GOBP_NEGATIVE_REGULATION_OF_OSTEOCLAST_DIFFERENTIATION",0.480908326324643,0.816486679986056,0.0228036571850969,-0.334999260712452,-0.985058702024299,20,"Lrrc17/Gpr137/Tcta/Pik3r1/Tlr3/Ltf/Pias3/Sfrp1/Fbn1"
"GOBP_REGULATION_OF_SUBSTRATE_ADHESION_DEPENDENT_CELL_SPREADING",0.481115537848606,0.816486679986056,0.0219410805210976,-0.286753551770554,-0.983632050777315,39,"Calr/P4hb/Pkp2/Triobp/Cspg5"
"GOBP_INORGANIC_ANION_TRANSMEMBRANE_TRANSPORT",0.481387730792138,0.816486679986056,0.0208749088409662,-0.252372588561125,-0.98868904661404,77,"Slc25a10/Slc17a1/Gabra3/Fxyd3/Gabra4/Slc12a3/Slc12a1/Slc1a1/Gabrq/Cftr/Tmc4/Casr/Slc1a4/Slc34a1"
"GOBP_PROTEIN_TRANSMEMBRANE_IMPORT_INTO_INTRACELLULAR_ORGANELLE",0.481943361912185,0.816486679986056,0.0302358693091482,0.285484671842986,0.977301598429245,27,"Timm21/Tomm70a/Tomm40l/Grpel2/Hspa4/Dnlz"
"GOBP_REGULATION_OF_MONONUCLEAR_CELL_MIGRATION",0.482170542635659,0.816486679986056,0.0336274432455028,0.223287383771491,0.988588567779376,87,"Fpr2/Thbs1/Spn/Ccl5/2610528A11Rik/Tnfsf14/Itgb3/Ccr1/Ccl7/Jam3/Rtn4/Coro1a/Il34/Wnk1/Tnf/Hmgb1"
"GOBP_ASPARTATE_FAMILY_AMINO_ACID_METABOLIC_PROCESS",0.482268317162931,0.816486679986056,0.0226703389137716,-0.327696573348136,-0.985932322357538,22,"Aass/Asns/Phgdh/Ass1"
"GOBP_POSITIVE_REGULATION_OF_CELL_SUBSTRATE_ADHESION",0.482340771390572,0.816486679986056,0.0207278923551752,-0.251248492750645,-0.992471657347091,80,"Calr/Ccdc80/P4hb/Agr2/Hsd17b12/Triobp/Cspg5/Rras/Vit/Thy1/Hacd1/Rsu1/Cfl1/Col26a1/Cib1/Map4k4/Vtn/Fgg/Sfrp1/Epha1/Fut1/Plekha2/Prex1/Ptk2b/Efemp2"
"GOBP_VASCULAR_ASSOCIATED_SMOOTH_MUSCLE_CELL_MIGRATION",0.482408660351827,0.816486679986056,0.022842815888673,-0.339963773905399,-0.982994915727364,19,"Adipoq/Xbp1"
"GOBP_MITOCHONDRIAL_GENOME_MAINTENANCE",0.482861400894188,0.816800431745151,0.0293736614671865,0.305427814199169,0.97799708119761,21,"Tefm/Rrm2b/Akt3/Mgme1/Opa1/Mettl4/Polrmt"
"GOBP_MOLTING_CYCLE",0.483509833585477,0.81708636104441,0.021052725757175,-0.256854020130324,-0.984922012246135,68,"Krt25/Fa2h/Krt27/Trpc4ap/Ldb2/Fuz/Sox18"
"GOBP_HYPEROSMOTIC_RESPONSE",0.483700290151903,0.81708636104441,0.0229440865655545,-0.348827926728938,-0.983788620317909,17,"Fbp1/Stk39/Tlr3/Pkn1/Slc2a1"
"GOBP_CANONICAL_NF_KAPPAB_SIGNAL_TRANSDUCTION",0.483832807570978,0.81708636104441,0.0385859064414778,0.197629174829391,0.989736590799469,189,"Gapdh/Irgm2/Trim59/Tnfsf11/Ube2n/Tnfsf14/Nfkbia/Tfrc/Zdhhc13/Ect2/Tnfsf10/Mier1/Apol8/Cd36/Mid2/Tnfaip3/Per1/Capn3/Irak3/Ppm1b/Mavs/Myd88/Nampt/Stat1/Tnfrsf10b/Tbk1/Ror1/Cul1/Tnf/Nfat5/Ednrb/Nfkbil1/Tnfrsf1a/S100a4/Stat3/Pink1/Peli1/Usp10/Ikbkg/Huwe1/Trim25/Hacd3/Flot2/Clec4d/Ppm1a/Zc3hav1"
"GOBP_ARTERY_MORPHOGENESIS",0.484829329962073,0.81794751600028,0.0216886236903506,-0.278741669787149,-0.985889411566639,45,"Folr1/Col3a1/Foxc1/Ldlr/Lrp2/Hes1/Mylk"
"GOBP_ADHERENS_JUNCTION_ORGANIZATION",0.485048954749934,0.81794751600028,0.0304578713674509,0.274297316794401,0.977640307600619,32,"Abi2/Tjp1/Rdx/Numb/Jam3/Cdh19/Dsg3/Cdc42/Cdh5/Hipk1/Plec/Cdh2/Cdh13/Ptpn23/Zfp703/Adam10"
"GOBP_NADH_METABOLIC_PROCESS",0.485145957117024,0.81794751600028,0.0300076461078806,0.287843342838108,0.975820777073908,26,"Gpd2/Gck/Slc25a22/Slc25a12/Foxk2/Ogdh/Mdh1/Mdh2"
"GOBP_VASCULAR_ENDOTHELIAL_GROWTH_FACTOR_SIGNALING_PATHWAY",0.485426603073662,0.817969262211824,0.0304680501545925,0.269729714402194,0.976080422259776,34,"Vegfc/Itgb3/Vegfd/Pik3ca/Sema6a/Jcad/Flt1/Grem1/Prox1/Gab1/Kdr"
"GOBP_PYRIMIDINE_CONTAINING_COMPOUND_METABOLIC_PROCESS",0.48621236133122,0.818639165695072,0.0216886236903506,-0.279302356436604,-0.98201961737534,44,"Enpp3/Nme7/Upp2/Ak5/Tymp/Dpyd/Slc19a3/Cmpk1/Ak3/Ogg1/Ctps2/Dpysl5"
"GOBP_POSITIVE_REGULATION_OF_ACTIN_FILAMENT_POLYMERIZATION",0.486360093530787,0.818639165695072,0.0300668078138267,0.284697455009613,0.974606713745598,27,"Mtor/Hck/Lmod2/Rac1/Alox15/Pfn2/Nckap1/Cdc42ep3/Fchsd2/Arf6"
"GOBP_REGULATION_OF_CELLULAR_EXTRAVASATION",0.486835568802782,0.81890145834323,0.0292244316056432,0.304565874787359,0.975237102604535,21,"Fut9/Sele/Icam1/Selp/Jam3"
"GOBP_STEM_CELL_DEVELOPMENT",0.487094743468681,0.81890145834323,0.0215517094121128,-0.27024008669263,-0.982962765950745,52,"Folr1/Foxc1/Sema4c/Mapk3/Sox10/Nrtn/Hes1/Foxc2/Ovol2/Cfl1/Htr2b/Ret/Ednra"
"GOBP_ALCOHOL_CATABOLIC_PROCESS",0.487320082248115,0.81890145834323,0.0228877220707261,-0.354806173017437,-0.986628999923803,16,"Gk5/Miox/Akr1c18/Aldh2/Snx17/Acss2/Aldh3b1"
"GOBP_PROTEIN_INSERTION_INTO_MEMBRANE",0.488178705364422,0.819605503411603,0.0220719196543151,-0.303677105859051,-0.976760075480786,29,"Sec61a1/Tram1/Emc8/Grin3b/Ubl4a/Get4/Rab5if/Wdr83os/Emc9/Ncln/Emc7/Ccdc47/Bcs1l"
"GOBP_CELLULAR_RESPONSE_TO_LIPOPROTEIN_PARTICLE_STIMULUS",0.489126798260288,0.819605503411603,0.0224458846978827,-0.326172647357325,-0.981347325096597,22,"Ldlr/Ces1d/Casr/App/Cd68/Srebf2"
"GOBP_POSITIVE_REGULATION_OF_MONOATOMIC_ION_TRANSPORT",0.489292667099286,0.819605503411603,0.0342425086513012,0.216474091253383,0.985073169299575,102,"Stc1/Kcnc1/Atp1b1/Lcn2/Ccl5/Fgf13/Kcnj2/Ppp3cb/Fhl1/Ppp3cc/Homer1/Ccr1/Akap6/Kif5b/Capn3/Amigo1/Fxyd6/Scn4b/Ppp3r1/Fxyd4/Ppp3ca/Actn2"
"GOBP_RESPONSE_TO_FIBROBLAST_GROWTH_FACTOR",0.489326267978804,0.819605503411603,0.0208796808598461,-0.25556604141386,-0.982529273100996,69,"Sulf2/Kl/Fam20c/Gata3/Fuz/Casr/Ext2/Col1a1/Zfp36l2/Flrt1/Smoc2/Fgfr4/Runx2/Scgb1a1/Ext1/Creb3l1/Fgf22/Hyal1"
"GOBP_ENDOTHELIAL_CELL_APOPTOTIC_PROCESS",0.489327641408751,0.819605503411603,0.0304477002861874,0.262216830506796,0.973492874419042,38,"Thbs1/Bmpr2/Angptl4/H2-Q7/Icam1/Itgb3/Tnfaip3/Krit1/Ptpn1/Id1/Tnf"
"GOBP_BLOOD_VESSEL_ENDOTHELIAL_CELL_MIGRATION",0.48934875228241,0.819605503411603,0.0329645228841272,0.228410079392779,0.986109159612184,77,"Thbs1/Cyp1b1/Ptgs2/Vegfc/Fgf2/Akt3/Atp5a1/Srf/Id1/Pik3c2a/Tnf/Hmgb1/Atp5b/Mecp2/Jcad/Angpt2/Grem1/Sp1/Cdh5/Map2k3/Gab1/Kdr/Atp2b4/Rhoj/Slit2/Mmrn1/Itgb1bp1/Pdcd10"
"GOBP_REGULATION_OF_PROTEIN_CONTAINING_COMPLEX_ASSEMBLY",0.490022172949002,0.819888796734195,0.0409428614964308,0.191146326382679,0.990532704743662,251,"Irgm2/Plek/Ppp2ca/Map1b/Mtor/Haus6/Bcl2l11/Tfrc/Gbp5/Clasp2/Ssh2/Creb1/Gbp2/Cd36/Hck/Selp/Traf3ip1/Lmod2/Mapk8/Togaram1/Svip/Ckap5/Sh3glb1/Rac1/Rdx/Isg15/Alox15/Camsap1/Mavs/Myd88/Jam3/Csnk1a1/Flii/Coro1a/Pfn2/Nrg1/Capza2/Nckap1/Sumo1/Haus3/Tnf/Hmgb1/Haus4/Spidr/Slf2/Mkks/Mecp2/Camsap2/Pink1/Lmo4/Ttbk1/Dmtn/Pde4dip/Lamp2/Dyrk1a/Fnip2/Cdc42/Tmod4/Ogt/Ppp2r5b/Cdh5/Rap1b/Snca/Arhgap40/Cdc42ep3/Fchsd2/Ssh1/Arf6/Svil"
"GOBP_REGULATION_OF_PROGRAMMED_NECROTIC_CELL_DEATH",0.490312965722802,0.819888796734195,0.0290952264874256,0.303727812317262,0.972553579325014,21,"Spata2/Peli1/Bok/Ogt/Casp8/Zbp1/Ybx3/Ripk3"
"GOBP_PHOSPHOLIPID_BIOSYNTHETIC_PROCESS",0.490513779254951,0.819888796734195,0.0194828595132915,-0.227279007612456,-0.981510002692161,145,"Hmgcs1/Ormdl3/Pnpla3/Xbp1/Pigk/Liph/Hexb/Pi4k2b/Lcat/Fads1/Pigz/Cln3/Mvd/Dolk/Sptlc1/Dpm3/Mtmr7/Slc44a4/Cdipt/Dhdds/Sh3yl1/Pip5k1b/Pik3r1/Pigl/Fdps/Htr2b/Pcyt2"
"GOBP_REGULATION_OF_IMMUNOGLOBULIN_PRODUCTION",0.490591397849462,0.819888796734195,0.030539518310929,0.256561024367381,0.974794886963852,42,"Tbx21/Sash3/Atad5/Tfrc/Rif1/Tnfsf4/Il33/Il4ra"
"GOBP_REGULATION_OF_PATTERN_RECOGNITION_RECEPTOR_SIGNALING_PATHWAY",0.491592482690406,0.820514458628574,0.0344716810025692,0.212420484355848,0.983888443975179,114,"Irgm2/Ppp2ca/S100a8/Gbp5/Dhx58/Gbp2/Usp15/Cd36/Pum2/Mapk8/Slc19a1/Tnfaip3/Ddx60/Appl1/Tyro3/Irak3/Mavs/Myd88/Csnk1a1/Rnf125/Rtn4/Hmgb1/Nfkbil1/Peli1/Ppp6c/Lamp2/Flot2/Cd300lf/Zc3hav1/Ogt/Rnf115"
"GOBP_NEGATIVE_REGULATION_OF_LYMPHOCYTE_DIFFERENTIATION",0.491910229645094,0.820514458628574,0.0299389540634201,0.275887010665169,0.972066667007381,30,"Tbx21/Inhba/Tnfsf4/Il4ra/Bcl6/Cbfb/Hmgb1/Fgl2/Hlx"
"GOBP_REGULATION_OF_ANTIGEN_RECEPTOR_MEDIATED_SIGNALING_PATHWAY",0.491947057885505,0.820514458628574,0.0216022398728411,-0.290159872309735,-0.980585263393702,36,"Card11/Kcnn4/Lpxn/Thy1/Cd19/Ptpn22/Prnp/Ptpn6/Tespa1/Rps3/Gcsam/Cd22"
"GOBP_NEGATIVE_REGULATION_OF_TRANSMEMBRANE_TRANSPORT",0.492040094339623,0.820514458628574,0.0322385276578444,0.232284552713361,0.981723642774471,68,"Thbs1/Kel/Ucp2/Grp/Ostn/Ppp3cb/Ppp3cc/Cab39/Vdac1/Ubr3/Ppp3r1/Ppp3ca/Sumo1/Tnf/Slc30a1/Nedd4/Atp1a2/Rgs2/Fabp5/Il1b/Cbarp/Ywhae/Cttnbp2nl/Oaz2"
"GOBP_MACROMOLECULE_DEACYLATION",0.492955439056356,0.821592398427261,0.021993248483235,-0.313280977673622,-0.977114475061921,25,"Desi1/Nnmt/Sirt2/Sirt7/Lypla2/Brms1/Ppt1"
"GOBP_NEGATIVE_REGULATION_OF_CANONICAL_NF_KAPPAB_SIGNAL_TRANSDUCTION",0.493930316884755,0.822768330470516,0.0213615756088607,-0.275050306336625,-0.980881403201188,47,"Nr1d1/Anxa4/Adipoq/Tnip2/Trim39"
"GOBP_AMYLOID_BETA_CLEARANCE",0.49475753604194,0.823252696279496,0.0219358759330868,-0.312707352754084,-0.975325355223558,25,"Ldlr/Hmgcr/Lrpap1/Lrp2/C3/App/Srebf2/Ifngr1"
"GOBP_ESTABLISHMENT_OF_TISSUE_POLARITY",0.49478390461997,0.823252696279496,0.0289309481977095,0.30304658735101,0.970372258575363,21,"Brsk2/Fzd6/Pafah1b1/Trp63/Exoc5/Fzd3"
"GOBP_CARDIAC_MUSCLE_CELL_CONTRACTION",0.495217272478819,0.823252696279496,0.0306732603982164,0.247866556176914,0.967534037620772,47,"Stc1/Fgf13/Kcnj2/Cacna2d1/Pde4b/Dsc2/Pik3ca/Scn4b/Ryr2/Scn7a/Abcc9/Sumo1/Kcnj3/Scn9a/Atp1a2/Ctnna3"
"GOBP_NEGATIVE_REGULATION_OF_POTASSIUM_ION_TRANSPORT",0.495439270283245,0.823252696279496,0.0282936925560076,0.325075552025529,0.96752535823466,16,"Kel/Grp/Cab39/Actn2/Sumo1"
"GOBP_MYELIN_ASSEMBLY",0.495818399044205,0.823252696279496,0.0225493896866513,-0.345235723420232,-0.973657640352766,17,"Ugt8a/Pmp22/Itgb4/Ncmap/Cd9/Ercc2/Abca2/Mag"
"GOBP_INTRINSIC_APOPTOTIC_SIGNALING_PATHWAY_BY_P53_CLASS_MEDIATOR",0.495837957824639,0.823252696279496,0.0309342445128075,0.240415026479206,0.970990140348679,54,"Atad5/Pmaip1/Dyrk2/Usp15/Cdkn1a/Ddit4/Trp63/Rrm2b/Jmy/Ppp2r5c/Bok/Pdk2/Pou4f1/Hipk1/Rrp8/Bax/Eda2r/Ddx5/Perp/Mybbp1a/Mdm2/Bag6/Uri1/Muc1"
"GOBP_MATURATION_OF_5_8S_RRNA",0.496179442938132,0.823372188036932,0.028741852737738,0.30680198227514,0.968417308746645,20,"Eri1/Utp20/Wdr12/Exosc2/Rrs1/Exosc8/C1d/Abt1/Nop9"
"GOBP_REGULATION_OF_BEHAVIOR",0.496596434359805,0.823494104356822,0.0217090382618752,-0.300107707975139,-0.9728107474226,30,"Nr1d1/Adora1/Chrnb2/Reln/Gnb3/Ephb2/Htr2b/Parp1/Adrb1"
"GOBP_BARBED_END_ACTIN_FILAMENT_CAPPING",0.497087045921864,0.823494104356822,0.0225712919579293,-0.351323376969934,-0.976944197790674,16,"Gsn/Vil1/Triobp/Cfl1"
"GOBP_NEGATIVE_REGULATION_OF_PROTEOLYSIS",0.497443609022556,0.823494104356822,0.0324135636295584,0.228564377359851,0.980626955416146,74,"Gapdh/Thbs1/Pbk/Mtm1/Reck/Ptpn3/Wac/Rock1/Usp25"
"GOBP_GLYCOSPHINGOLIPID_METABOLIC_PROCESS",0.497606892150606,0.823494104356822,0.0214312814210233,-0.283163286814684,-0.975740856036204,40,"Fa2h/Ugt8a/Sumf1/Hexb/Hexa/M6pr/St6galnac5/Neu1/B3galt2/Gba/A3galt2/Gm2a/B4galnt1"
"GOBP_REGULATION_OF_LEUKOCYTE_PROLIFERATION",0.497857142857143,0.823494104356822,0.0358538738431883,0.203528895377832,0.982110532217388,148,"Vcam1/Spn/Kitl/Ccl5/Ifi204/Sash3/Atad5/Tfrc/Tnfsf4/H2-Q7/Bmi1/Gpam/Jak2/Il33/Gnrh1/Cdkn1a/Sos1/Cblb/Tnfaip3/Cd55/Igfbp2/Myd88/Igf2/Bcl6/Coro1a/Il34/Ppp3ca/Sh3rf1/Hmgb1/Il23r/Nmbr/Ccdc88b/Peli1/Ptprc"
"GOBP_HEPARAN_SULFATE_PROTEOGLYCAN_BIOSYNTHETIC_PROCESS",0.497870249017038,0.823494104356822,0.0218374069907392,-0.311820535034528,-0.972559395933742,25,"Pxylp1/Tcf7l2/Ext2/Hs3st6/Ext1/B3gat3/Ndst2/Slc35d2/Extl3/Tm9sf2"
"GOBP_REACTIVE_NITROGEN_SPECIES_METABOLIC_PROCESS",0.498355263157895,0.823605275285315,0.0306113681898464,0.241915960922265,0.969025421053979,52,"Klf2/Cyp1b1/Rock2/Ptgs2/Smad3/Jak2/Cd36/Rac1/Acvr2a/Stat1/Ppara/Tnf"
"GOBP_MITOTIC_CYTOKINETIC_PROCESS",0.498571057417511,0.823605275285315,0.0296102583825489,0.282819801804652,0.968178930892466,27,"Cep55/Ect2/Mitd1/Pdcd6ip/Kif20b/Chmp2b/Klhdc8b/Chmp7/Chmp1b/Arf6"
"GOBP_NEGATIVE_REGULATION_OF_LYMPHOCYTE_APOPTOTIC_PROCESS",0.498746238716148,0.823605275285315,0.0289581857042255,0.290088639181757,0.96747493529115,24,"Tsc22d3/Ccl5/Gpam/Rorc/Bcl11b/Noc2l/Bcl6"
"GOBP_REGULATION_OF_PROTEIN_BINDING",0.499731182795699,0.824023587021492,0.0301958974504643,0.254975743536439,0.968771666358874,42,"Grem2/Btbd1/Rock1/Ifit1bl1/Mapk8/Nmd3/Mitd1/Dtx3l/Xirp1/Ldlrap1"
"GOBP_POSITIVE_REGULATION_OF_B_CELL_ACTIVATION",0.500157778479015,0.824023587021492,0.021179243520087,-0.273044765600408,-0.977641122863292,48,"Tnip2/Xbp1/Card11/Ddrgk1/Pms2/Chrnb2/Cd74/Prlr/Exosc3/Ephb2/Cd40/Tlr9/Nfatc2/Kmt5c/Mlh1"
"GOBP_SYNCYTIUM_FORMATION",0.500401735497349,0.824023587021492,0.0214562729697832,-0.294542928220462,-0.970171903404229,32,"Camk1/Adamts15/Tcta/Nfatc2/Vash2/Rapgef3/Cd9/Cdon/Plekho1/Dock1/Dyrk1b/Myog/Cav3/Ercc1/Ripor2/Cd53"
"GOBP_VIRAL_GENE_EXPRESSION",0.500456343170064,0.824023587021492,0.0206059363267358,-0.256915043563949,-0.977303576406047,65,"Gtf2b/Edem2/Spcs1/St3gal4/Furin/Trim14/Trim27/Eif2d/Mgat4b/Mgat2/Man2a1/Canx/Trim62/Taf11/St6gal1/Hexim1/Pcbp2/Trim8/Spcs3"
"GOBP_BLOOD_VESSEL_ENDOTHELIAL_CELL_PROLIFERATION_INVOLVED_IN_SPROUTING_ANGIOGENESIS",0.500956022944551,0.824023587021492,0.0280201709936167,0.329264183069624,0.9677295079617,15,"Thbs1/Fgf2"
"GOBP_P38MAPK_CASCADE",0.501210653753027,0.824023587021492,0.0301560446411683,0.256896210246047,0.968962192685704,41,"Gadd45g/Atf2/Dsc2/Per1/Dsg3/Dusp10/Map2k3/Bmp2/Map3k3/Il1b/Gdf6/Dlg1/Phlpp1/Map3k7/Spi1"
"GOBP_POLYOL_METABOLIC_PROCESS",0.501527650473572,0.824023587021492,0.0206386512207324,-0.259399429720111,-0.976447571426578,61,"Degs2/Galk1/Gk5/Asah2/Pts/Miox/Lrp2/Sptlc1/Ptafr/Asah1/Slc34a1"
"GOBP_REGULATION_OF_MEIOTIC_CELL_CYCLE",0.502095337873232,0.824023587021492,0.0296293699405098,0.27262174955396,0.965847970685949,31,"Rad1/Knl1/Aspm/Fbxo5/Ube2b"
"GOBP_REGULATION_OF_REACTIVE_OXYGEN_SPECIES_METABOLIC_PROCESS",0.502197112366604,0.824023587021492,0.033062603097702,0.218991659083666,0.981543653656649,93,"Fpr2/Thbs1/Cd177/Cyp1b1/Lcn2/Tigar/Plin5/Cd36/Cdkn1a/Itgam/Vdac1/Rac1/Slc18a2/Elavl1"
"GOBP_POTASSIUM_ION_HOMEOSTASIS",0.502341920374707,0.824023587021492,0.0220246563122252,-0.322573604465772,-0.970518976542083,22,"Slc12a3/Slc12a1/Umod/Atp6v1b1"
"GOBP_REGULATION_OF_FIBROBLAST_GROWTH_FACTOR_RECEPTOR_SIGNALING_PATHWAY",0.502341920374707,0.824023587021492,0.0220246563122252,-0.322581081964883,-0.970541473902947,22,"Sulf2/Fam20c/Gata3/Fuz/Smoc2/Runx2/Creb3l1"
"GOBP_NEUROMUSCULAR_JUNCTION_DEVELOPMENT",0.502388535031847,0.824023587021492,0.0298608799563479,0.268725500838823,0.966412489505442,33,"Large1/Six4/Rac1/Lin7a/Etv5/Crkl/Nedd4/Crk/Colq/Afg3l2/Erbb2/Musk/Ppfibp1/Lrrk2/Dvl1/Tnc"
"GOBP_REGULATION_OF_TRANSPORTER_ACTIVITY",0.502762430939227,0.824023587021492,0.0206714538359688,-0.260317571929629,-0.976432181163585,60,"Selenon/Stk39/Cftr/Pim1/Dapk1/Pln/Gnb5/Ctss/Tesc/Gpr35/Tlr9/Shisa7/Ednra/Wwp2"
"GOBP_RESPONSE_TO_X_RAY",0.502775766352884,0.824023587021492,0.0281305951382595,0.31815365171532,0.964066485332152,17,"Lcn2/Nipbl/Thbd/Ercc8/Nucks1/Ercc6/Lig4"
"GOBP_NEGATIVE_REGULATION_OF_DEFENSE_RESPONSE",0.503759398496241,0.825193009332984,0.0356608325112044,0.204360690006028,0.978968197732469,143,"Irgm2/Fgr/Fpr2/Pbk/Spn/Ythdf3/Dhx58/Smad3/Socs3/H2-Q7/Il33/Usp15/Hck/Traf3ip1/Cst7/Tnfaip3/Cnot7/Ywhaz/Tyro3/Irak3/Ppm1b/Isg15/Fxr1/Nlrc5/Tnfaip6/Oas1g/Ppara/Serpinb3a/Tnfrsf1a/Stat3/Fgl2/Ptprc/Dusp10/Pla2g10"
"GOBP_DEVELOPMENTAL_PIGMENTATION",0.50654793085385,0.829258658744065,0.0294677933890222,0.271856457916746,0.963136685265782,31,"Kitl/Bcl2l11/Mitf/Adamtsl4/Tyrp1/Rab38/Adamts9/Usp13/Ednrb"
"GOBP_OOCYTE_MATURATION",0.506784260515604,0.829258658744065,0.0221035302120679,-0.336899236022303,-0.963193581149244,18,"H3f3a/Sirt2/Ang/Lsm14b/Wee2/H3f3b/Ednra"
"GOBP_CELLULAR_RESPONSE_TO_TOXIC_SUBSTANCE",0.507261724659607,0.829415365380358,0.0203153725822244,-0.253661376504134,-0.972679630432931,68,"Lpo/Gpx3/Mgst1/Hp/Gstm2/Gsto2/Selenos/Pim1/Gpx7/Rdh11/Akr1a1/Selenof/Pxdn/Slc22a2/Cygb"
"GOBP_POSITIVE_REGULATION_OF_CELL_CYCLE_G1_S_PHASE_TRANSITION",0.50768815753979,0.829415365380358,0.0299683501934778,0.260853840199761,0.961570506086396,37,"Ccne2/Tfdp1/Rrm2/Cdc73/Lsm11/Trp63/Rdx"
"GOBP_POSITIVE_REGULATION_OF_CELL_MATRIX_ADHESION",0.507906727418923,0.829415365380358,0.0298414327424622,0.261997676038995,0.961784849370119,36,"Rock1/Smad3/Itgb3/Cd36/Rac1/Cdk6/Ppm1f"
"GOBP_NEGATIVE_REGULATION_OF_G_PROTEIN_COUPLED_RECEPTOR_SIGNALING_PATHWAY",0.508643268727082,0.829415365380358,0.0293924343196176,0.271499859850078,0.961873324878708,31,"Plek/Ccl5/Pde4b/Apln/Bicd1/Ppp3ca/Inpp5a/Gtf2h2/Snca/Atp2b4/Rgs2/Slit2/Grk2/Ada/Robo1"
"GOBP_DEOXYRIBONUCLEOTIDE_METABOLIC_PROCESS",0.508723300179358,0.829415365380358,0.0214262892347867,-0.299145810719095,-0.962185423333699,29,"Nudt18/Upp2/Ak5/Guk1/Tymp/Dguok/Dpyd"
"GOBP_NEURON_PROJECTION_REGENERATION",0.508794371602175,0.829415365380358,0.0211206879834593,-0.284155886445671,-0.968758024992598,38,"Folr1/Cers2/Grn/Thy1/Mmp2/Matn2"
"GOBP_NEUROTROPHIN_SIGNALING_PATHWAY",0.508895013781007,0.829415365380358,0.0285819161089634,0.292523971820576,0.962260602088893,23,"Sos1/Magi2/Ddit4/Coro1a/Ppp2r5b/Zdhhc17/Dock3/Cyfip2/Hap1/Kidins220"
"GOBP_LAMELLIPODIUM_ASSEMBLY",0.509479956663055,0.829415365380358,0.0299781633235894,0.250394254577404,0.961308576274808,44,"S1pr1/Mtor/Abi2/Pik3ca/Rac1/Nckap1/Arhgef6/Dmtn/Cdc42/Ablim3/Parvb/Slit2/Actr2/Actr3/Vav3/Rac2/Cdh13/Epha2"
"GOBP_RRNA_PROCESSING",0.510834813499112,0.829415365380358,0.0352105425456412,0.204123591354934,0.977763357849508,142,"Nop58/Rpf2/Eri1/Wdr43/Fdxacb1/Gtpbp4/Heatr1/Esf1/Zcchc4/Utp20/Wdr3/Mettl16/Utp6/Frg1/Nol10/Wdr36/Wdr12/Bysl/Npm3/Mrm1/Ddx18/Exosc2/Ddx51/Rrs1/Ddx10"
"GOBP_PLASMA_MEMBRANE_ORGANIZATION",0.5110363981874,0.829415365380358,0.0196803436168855,-0.240018565366699,-0.97365147177912,95,"Fa2h/Folr1/Serp1/Gsn/Myh10/Col5a1/Clptm1l/Casp7/Cln3/Osbpl2/Ndrg1/Abcd2/Tlcd2/Anxa2/Snx33/Sytl4/Tmeff2/Tmem41b/Cd9/Dnm2/Dmkn/Cr1l"
"GOBP_TRANSCRIPTION_PREINITIATION_COMPLEX_ASSEMBLY",0.511164917944579,0.829415365380358,0.0297929386876958,0.255280536734252,0.96286818862409,41,"Bdp1/Dr1/Creb1/Med14/Med27/Taf1c/Med1/Hmgb1/Tbp/Taf4/Taf8"
"GOBP_NUCLEOSIDE_PHOSPHATE_BIOSYNTHETIC_PROCESS",0.511196911196911,0.829415365380358,0.036939115819951,0.197337111205594,0.979840719003282,179,"mt-Atp6/Pdk4/mt-Atp8/Pank1/Mlycd/mt-Nd6/mt-Nd5/Adcy2/mt-Nd2/Rrm2/mt-Nd4/Ugp2/Slc4a7/Acat1/Cmpk2/Lipa/mt-Nd1/Pank2/Adsl/Pdk1/Rrm2b/Adcy4/Nampt/Atp5a1/Map2k1/Ppara/Idh2/Ugdh/Ndufb5/Dlat/Atp5b/Gnpda2/Ndufs2/Stat3/Pink1/Pdhx/Sdhb"
"GOBP_REGULATION_OF_PROTEIN_TARGETING_TO_MEMBRANE",0.511375041820007,0.829415365380358,0.0217448459447655,-0.320006552713913,-0.962795553408716,22,"Slc1a1/Cdk5/Prnp/Cib1/Myo1c/Fyn/Cdk5r1/Kcnb1/Hras"
"GOBP_TOR_SIGNALING",0.511971138078058,0.829415365380358,0.0335508100250612,0.213086148507045,0.976403300127672,108,"Ube2n/Tiprl/Ccl5/Mtm1/Mtor/Prkaa2/Ywhag/Wac/Prkaa1/Rps6ka3/Pik3ca/Lipa/Ddit4/Ywhaz/Akt3/Csnk1a1/Slc38a9/Rps6ka6/Gpr155/Npc1/Tbk1/Usp32/Pink1/Peli1/Deptor/Clec16a/Fnip2"
"GOBP_POSITIVE_REGULATION_OF_TRANSPORT",0.512111947318909,0.829415365380358,0.0164272539044272,-0.201846404140449,-0.987299114249331,486,"Bglap3/Adora1/Drd1/Nnat/Calr/Slc2a2/Acsl5/Tmed10/Fxyd3/Edem2/Serp1/Dbi/Eef2k/Adipoq/C2/Rbp4/Xbp1/Ildr1/Rhbdd1/Ffar2/C1qtnf3/Pkp2/Tfr2/Mertk/Tulp1/Unc13b/Stx18/Tbc1d20/Myh10/Cep131/Stk39/Cftr/C1qtnf12/Ces1d/Il2rb/Myrip/Sec16b/C4b/Chrnb2/Rab27a/Cln3/H2-M3/Cdk5/Zdhhc7/Slc18a3/C3/Snx4/Abat/H2-Eb1/Camk1/Kcnn4/Chp2/Ang/Prss8/Casr/Tcf7l2/Cadps2/Mylk/Ffar4/App/Slc34a1/Scamp5/Nedd4l/Creb3/Chrm3/Rab15/Vamp8/Thy1/Trf/Edem1/Cd19/Nrde2/Hsp90aa1/Azin2/Anxa2/Cacna1d/Ctss/Ppia/Tesc/Rnasel/Pik3r1/C2cd2l/Sorl1/Pltp/Ahsg/Stk11/Apbb1/Sytl4/Bcap31/Sox11/Aplnr/Ednra/Slc7a5/Sox4/Grin1/Adcyap1r1/P2rx4/Plcg1/Ano1/Tub/Bak1/Golph3l/Ppt1/Prr5l/Vps28/Rapgef3"
"GOBP_RESPONSE_TO_INTERLEUKIN_1",0.512418101477983,0.829415365380358,0.0202698790407726,-0.254396462831044,-0.968640300607515,66,"Nr1d1/Cited1/Tnip2/Ghr/Mapk3/Rbmx/Ptgis/Hes1/Il1r2/Irak1/App/Mmp2/Cd40/Cfl1/Adamts12/Hyal1/Chil1/Irak4/Mapk11/Cyba/Sfrp1/Inhbb"
"GOBP_RESPONSE_TO_LIPOPROTEIN_PARTICLE",0.512516914749662,0.829415365380358,0.0218839514223438,-0.332927407349166,-0.962649475769118,19,"Ldlr/Ces1d/Casr/App/Cd68/Srebf2"
"GOBP_MAMMARY_GLAND_EPITHELIAL_CELL_PROLIFERATION",0.512664393570385,0.829415365380358,0.0279442708162076,0.310978566605836,0.955871328610297,18,"Tnfsf11/Areg/Rtn4/Med1"
"GOBP_FIBROBLAST_APOPTOTIC_PROCESS",0.51319350473613,0.829415365380358,0.0218632431487777,-0.332809137172276,-0.962307501148617,19,"Cfdp1/Casp7/Bbc3/Casp3/Xrcc2/Bak1/Btg1/Sfrp1/Gas6"
"GOBP_VESICLE_LOCALIZATION",0.513680370422338,0.829415365380358,0.018986202263661,-0.227176614800505,-0.971286564503118,136,"Tmed10/Ppfia2/Tmed9/Ap3m2/Trappc3/Unc13c/Stxbp2/Unc13b/Ykt6/Rab27a/Preb/Cln3/Cdk5/Syn2/Cadps2/Ap3m1/Ap3d1/Exoc8/Trappc11/Ap3s1/Bloc1s3/Ap1m2/Mlph/Stk11/Snap29/Myo1c/Stard3nl/Csnk1d/Atp9a/Dnm2/Kif5c/Cdr2l/Actn4/F8a/Exoc4/Sec16a/Sdcbp/Exoc7"
"GOBP_RESPONSE_TO_INTERLEUKIN_7",0.514393420150788,0.829415365380358,0.0220298987934322,-0.346892124999819,-0.964621972214655,16,"P4hb/Pdia3/Jak3"
"GOBP_REGULATION_OF_PEPTIDYL_TYROSINE_PHOSPHORYLATION",0.515012642225032,0.829415365380358,0.020751485481662,-0.272751501692128,-0.964702614117605,45,"Angpt4/Epha7/Sfrp2/Efna1/Enpp2/Hes1"
"GOBP_DENDRITIC_SPINE_DEVELOPMENT",0.51510989010989,0.829415365380358,0.0202155089217756,-0.255812956780603,-0.969519811849185,64,"Ppfia2/Eef2k/Grin3a/Efna1/Cdk5/Camk1/Reln/Arf4/Sipa1l1/Ephb2/Ephb1/Cfl1/Zdhhc15/Foxo6/Dlg4/Pak4/Cdk5r1/Zmynd8"
"GOBP_POSITIVE_REGULATION_OF_EPITHELIAL_CELL_MIGRATION",0.515135967162648,0.829415365380358,0.0287866286767462,0.284749870618109,0.955574909017703,25,"Bmpr2/Mtor/Clasp2/Rtn4/Ppm1f"
"GOBP_MODIFICATION_OF_SYNAPTIC_STRUCTURE",0.515185601799775,0.829415365380358,0.0210044115612931,-0.291438200612159,-0.959945484078879,32,"Drd1/Pdxp/Cttnbp2/Cln3/Dixdc1/Sarm1"
"GOBP_PRODUCTION_OF_MOLECULAR_MEDIATOR_OF_IMMUNE_RESPONSE",0.515185760700664,0.829415365380358,0.0190436054957854,-0.229422787156099,-0.967649193022112,124,"Klk1b1/Rbp4/Xbp1/Aplf/Poll/Ffar2/Gata3/Pms2/Tmbim6/H2-M3/Jak3/Irf5/Bst2/Klk7/Cd74/Exosc3/Ephb2/Tlr3/Klk1/Cd40/Tlr7/Tlr9/Scimp/Slc7a5/Kmt5c/Pkn1/Klk1b11/Acp5/Mlh1"
"GOBP_CYTOKINETIC_PROCESS",0.515474919957311,0.829415365380358,0.0294867004158672,0.258248898339255,0.958761731174675,38,"Cep55/Ect2/Racgap1/Spast/Mitd1/Pdcd6ip/Kif20b/Chmp2b/Klhdc8b/Chmp7/Chmp1b/Arf6/Spire2/Iqgap1/Spire1/Luzp1/Plec"
"GOBP_NEURAL_CREST_CELL_DIFFERENTIATION",0.515675675675676,0.829415365380358,0.0203793488435391,-0.260518663602031,-0.969657985439008,58,"Folr1/Foxc1/Sema4c/Mapk3/Sox10/Nrtn/Hes1/Foxc2/Ovol2/Cfl1/Htr2b/Ret/Ednra/Ext1/Otud5/Tcof1/Sfrp1/Sema4g/Sema4b/Sema5b"
"GOBP_HEART_GROWTH",0.516058791507893,0.829415365380358,0.0298317197809657,0.248460280254894,0.958722894120563,45,"S1pr1/Ccnb1/Fgf2/Tomm70a/Akap6/Rbpj/Adprhl1/Nrg1/Ppara/Heg1/Tbx2/Yy1/Yap1/Prox1/Prkar1a/Cdk1/Rgs2"
"GOBP_GLUCOSE_6_PHOSPHATE_METABOLIC_PROCESS",0.51606901217862,0.829415365380358,0.0217756218851449,-0.331751844143199,-0.95925037050179,19,"Shpk/Aldob/Taldo1/Tkt"
"GOBP_POSITIVE_REGULATION_OF_PROTEIN_IMPORT_INTO_NUCLEUS",0.51623798389192,0.829415365380358,0.0289763754722124,0.27995281781434,0.958364365303655,27,"Ipo5/Ect2/Smad3/Jak2/Mavs"
"GOBP_MITOCHONDRIAL_DNA_METABOLIC_PROCESS",0.516562650024004,0.829415365380358,0.0275549841954235,0.321127468323242,0.955774640364323,16,"Tefm/Rrm2b/Mgme1/Mettl4/Polrmt/Endog/Polg/Neurl4"
"GOBP_SYNAPTIC_VESICLE_CYTOSKELETAL_TRANSPORT",0.516672396012375,0.829415365380358,0.022008942325111,-0.352866370724494,-0.965205090904892,15,"Ap3m2/Ap3m1/Ap3d1/Ap3s1/Bloc1s3"
"GOBP_DENDRITIC_SPINE_MORPHOGENESIS",0.516972111553785,0.829415365380358,0.0208225391705135,-0.280151301242415,-0.960984780371629,39,"Ppfia2/Eef2k/Efna1/Cdk5/Reln/Sipa1l1/Ephb2/Ephb1/Cfl1/Zdhhc15/Dlg4/Cdk5r1"
"GOBP_LONG_TERM_SYNAPTIC_DEPRESSION",0.51739712278354,0.829415365380358,0.0215617988158999,-0.318926069857214,-0.959544732195395,22,"Adora1/Drd1"
"GOBP_STEROID_HORMONE_RECEPTOR_SIGNALING_PATHWAY",0.517447955668713,0.829415365380358,0.0198590780017481,-0.248891380406575,-0.968974913294179,74,"Nr1d1/Calr/Fkbp4/Pgrmc2/Ddrgk1/Uba5/Zdhhc7/Tcf7l2/Arntl/Pmepa1/Cnot2/Vps18/Rnf6/Parp1"
"GOBP_REGULATION_OF_COAGULATION",0.517620794131717,0.829415365380358,0.0208130414601378,-0.284468202951675,-0.961350463446365,36,"Procr/Kng2/St3gal4/Anxa5/Serping1/Anxa2/Ephb2/Adamts18/Cd9/Nos3/Vtn/Fgg"
"GOBP_ADIPOSE_TISSUE_DEVELOPMENT",0.517713365539452,0.829415365380358,0.0295151116826142,0.24990984417073,0.955146674522875,43,"Ppargc1a/Atf2/Prkaa1/Pum2/Rorc/Pik3ca/Acat1/Lipa/Arid5b/Nampt"
"GOBP_LIPID_DROPLET_ORGANIZATION",0.517857142857143,0.829415365380358,0.0212233449485637,-0.307695668356769,-0.959694053874136,25,"Pnpla3/Tbc1d20/Clstn3/Ldah/Bscl2/Ppia/Sqle/Ddhd2/Plin2"
"GOBP_REGULATION_OF_MACROPHAGE_CHEMOTAXIS",0.518223509534154,0.829415365380358,0.027595843858204,0.314351950460397,0.952546602573125,17,"Thbs1/Ccl5"
"GOBP_MULTICELLULAR_ORGANISMAL_LEVEL_HOMEOSTASIS",0.518426647767541,0.829415365380358,0.0163141503405303,-0.201480127722127,-0.983439238209065,471,"Bglap3/Nr1d1/Gcnt4/Adora1/Scd1/Drd1/Cntn2/Prcp/Cdk5rap3/Col3a1/Foxc1/Pctp/Cldn1/Sfxn5/Nxnl2/Scd2/Tjp3/Ltbp3/Cytl1/Adipoq/Oxtr/Serpina3c/Rbp4/Card11/Ildr1/Tshr/Uba5/Ksr2/Tff2/Gata3/Umod/Slc1a1/Tmem119/Tfr2/Mertk/Tulp1/Sucnr1/Nr1i2/Pwwp2b/Ldb2/Stk39/Clstn3/Cftr/Sfxn1/Arsg/Maea/Atp6v1b1/Muc13/Fto/Abat/Jak3/Cx3cr1/Id2/Cd74/Gpr137/Cadps2/Ffar4/Acvr1c/Prlr/Ubb/Slc25a5/Rcn3/Letmd1/Rps17/Ext2/Map2k6/Arntl/Pm20d1/Trf/Wdr48/Gigyf2/Poc1b/Nkx2-3/Iqcb1/Foxc2/Vstm4/Bscl2/Ascl3/Pcsk1n/Casp3/Tmem63a/Igf2bp2/Sorl1"
"GOBP_REGULATION_OF_VIRAL_TRANSCRIPTION",0.518563080096253,0.829415365380358,0.0219514963412754,-0.352384194517846,-0.963886181062579,15,"Trim14/Trim27/Trim62/Hexim1/Trim8"
"GOBP_BASEMENT_MEMBRANE_ORGANIZATION",0.51877133105802,0.829415365380358,0.0210721050184816,-0.300305435435844,-0.954070412861021,27,"Col3a1/Nid2/Cma1/Pxdn/Lama1/Ctss/Ext1/Spint2"
"GOBP_ACTIN_NUCLEATION",0.518825781748564,0.829415365380358,0.0207845925052159,-0.27968826195746,-0.963766409182315,40,"Lmod1/Arfip2/Gsn/Brk1/Vil1/Trim27"
"GOBP_NEGATIVE_REGULATION_OF_FIBROBLAST_PROLIFERATION",0.519165535956581,0.829524431144014,0.021724371579306,-0.333678422289141,-0.953985287445505,18,"Pex2/Fbxo4/B4galt7/Lzts2"
"GOBP_REGULATORY_T_CELL_DIFFERENTIATION",0.520183175033921,0.830715943402315,0.0216937241401078,-0.333551184670365,-0.953621515597481,18,"Pla2g2d/Tox/H2-M3/H2-Eb1"
"GOBP_ENDOPLASMIC_RETICULUM_CALCIUM_ION_HOMEOSTASIS",0.52073732718894,0.83078881022443,0.0217756218851449,-0.339306467405365,-0.956935542873138,17,"Tmbim6/Grina/Bak1/Pml/Herpud1/Ccdc47/Atp2a2/Psen1/Tmco1/Tmtc4"
"GOBP_SUBSTANTIA_NIGRA_DEVELOPMENT",0.520772691188145,0.83078881022443,0.0291504450086787,0.268005976913249,0.955216947691345,32,"Rad1/Plp1/Fgf2/Ndrg2/Ttbk1/Cdc42/Gnb4/Sypl2/Maob/Ccdc14/Ldha/Ywhae"
"GOBP_POSITIVE_REGULATION_OF_BONE_MINERALIZATION",0.521693946479605,0.831317852408019,0.0287866286767462,0.278638059102708,0.953863542957813,27,"Bmpr1b/Bmpr2/Slc20a2/Smad3/Acvr2a/Isg15"
"GOBP_NEGATIVE_REGULATION_OF_CYTOKINE_PRODUCTION_INVOLVED_IN_INFLAMMATORY_RESPONSE",0.521710197970388,0.831317852408019,0.0213466902091972,-0.313962095069859,-0.955463237901184,23,"Pdcd4/Adcy7/Il1r2/Abcd2/Chrna7/Ephb2"
"GOBP_KETONE_BIOSYNTHETIC_PROCESS",0.521920668058455,0.831317852408019,0.0288585899410337,0.270749134853653,0.953963756676239,30,"Inhba/Pptc7/Bglap/Creb1/Stard7/Coq8a/Bglap2/Fdxr/Bmp2/Coq2/Pdss2"
"GOBP_APOPTOTIC_CELL_CLEARANCE",0.52286282306163,0.831805707569296,0.0279526822391721,0.292815488202255,0.95090115598032,22,"Thbs1/Itgb3/Cd36/Rac1/Tyro3/Alox15"
"GOBP_POSTSYNAPTIC_DENSITY_ASSEMBLY",0.523050929278301,0.831805707569296,0.0274331775259348,0.313160903173855,0.948937501231021,17,"Lrrc4b/Caskin1/Slitrk3/Nptx1/Shank3/Prickle1/C1ql3"
"GOBP_CELL_FATE_COMMITMENT_INVOLVED_IN_FORMATION_OF_PRIMARY_GERM_LAYER",0.523066485753053,0.831805707569296,0.0216073044203921,-0.332739636574591,-0.95130130280664,18,"Elf5/Eya2/Sfrp2"
"GOBP_CELLULAR_RESPONSE_TO_METAL_ION",0.523316062176166,0.831805707569296,0.0190888958892103,-0.233015094545341,-0.967804818634445,111,"Fbp1/Calr/Hsp90b1/Cldn1/Eef2k/Slc1a1/Tfr2/Stk39/Adcy7/Chp2/Id2/Akr1c18/App/Slc13a2/Serpinf1/Mcoln1/Slc34a1/Trf/Cpne2/Eif2ak3/Prnp/Ryr3/Tlr9/Parp1/P2rx4/Nfatc2/Cpne4"
"GOBP_EYE_MORPHOGENESIS",0.524192369536617,0.832089726250991,0.0192968822467904,-0.238490557466411,-0.96745300484498,95,"Bcar3/Meis1/Rbp4/Slc1a1/Tulp1/Tbc1d20/Col8a2/Col5a1/Rpgrip1/Nkd1/Thy1/Gnat1/Ephb2/Ephb1/Sox11/Sox4/Bak1/Mfsd2a/Calb1/Man2a1/Rpgrip1l/Thrb/Bbs4/Ift122/Cdon/Fbn1/Fzd5/Lrp5/Fat3/Rpgr/Wnt16/Gnat2"
"GOBP_REGULATION_OF_ALPHA_BETA_T_CELL_ACTIVATION",0.524305555555556,0.832089726250991,0.0306732603982164,0.233232905934034,0.96459109189947,61,"Tbx21/Sash3/Tnfsf4/H2-Q7/Jak2/Il4ra/Cblb/Cd55/Bcl6/Cbfb/Opa1/Sh3rf1/Hmgb1/Il23r/Ptprc/Hlx/Cd274"
"GOBP_ANGIOGENESIS_INVOLVED_IN_WOUND_HEALING",0.524422883907661,0.832089726250991,0.0213516499958366,-0.316928836569372,-0.953535707341539,22,"Prcp/Xbp1/Foxc2/Smoc2"
"GOBP_APOPTOTIC_PROCESS_INVOLVED_IN_MORPHOGENESIS",0.524833589349718,0.832089726250991,0.0216529799672423,-0.338133434529193,-0.953627274508106,17,"Foxc1/Foxc2/Ppp2r1b/Bak1/Pml/Fzd5/Lrp5"
"GOBP_NEGATIVE_REGULATION_OF_DOUBLE_STRAND_BREAK_REPAIR_VIA_HOMOLOGOUS_RECOMBINATION",0.524856596558317,0.832089726250991,0.0272009085336373,0.323767713768287,0.951575016200947,15,"Rif1/Smchd1/Csnk2a1/Klhl15"
"GOBP_PIGMENT_CELL_DIFFERENTIATION",0.525325977933801,0.83240189968245,0.028028631856996,0.284854133810895,0.950017330749173,24,"Kitl/Mitf/Adamtsl4/Tyrp1/Rab38/Adamts9/Usp13/Ednrb"
"GOBP_PEPTIDYL_THREONINE_PHOSPHORYLATION",0.525717239596795,0.832590029532508,0.0285554492181889,0.271780262313239,0.950072654645939,29,"Irgm2/Hipk3/Atf2/Mapk8/Tbk1/Ttbk1/Dmtn/Wnk3/Cdk1"
"GOBP_NEGATIVE_REGULATION_OF_CALCIUM_ION_TRANSMEMBRANE_TRANSPORT",0.526078234704112,0.832730055451328,0.0280032658187803,0.284676296328044,0.949424224767158,24,"Ucp2/Ppp3cb/Ppp3cc/Vdac1/Ubr3/Ppp3r1/Ppp3ca"
"GOBP_REGULATION_OF_RESPONSE_TO_OXIDATIVE_STRESS",0.526743899433079,0.833187786128314,0.0276779538407045,0.300479934886579,0.948461831039503,20,"Pnpla8/Usp25/Cd36/Ncoa7/Slc7a11/Pink1/Ggt7/Gch1/Mapkap1/Keap1/Hdac6"
"GOBP_ETHER_METABOLIC_PROCESS",0.526912865073618,0.833187786128314,0.0273045097934502,0.312558919859028,0.947113376518245,17,"Pafah1b1/Ephx3/Gnpat/Ephx2/Chpt1/Agps/Agmo/Pla2g10"
"GOBP_CARDIAC_VENTRICLE_MORPHOGENESIS",0.527985967150375,0.834085347135402,0.0205083132452928,-0.282320564913772,-0.954092594898562,36,"Foxc1/Gata3/Pkp2/Sfrp2/Lrp2/Foxc2/Ednra/Sox4"
"GOBP_REGULATION_OF_MACROAUTOPHAGY",0.528026533996683,0.834085347135402,0.0331613748753957,0.208445346727047,0.972174179702866,118,"Gapdh/Irgm2/Scoc/Mtm1/Pptc7/Mtor/Tigar/Prkaa2/Wac/Bnip3/Dnm1l/Mapk8/Pik3ca/Fyco1/Sh3glb1/Vdac1"
"GOBP_NEURAL_TUBE_DEVELOPMENT",0.528738960474881,0.834779082300134,0.019023073717829,-0.235575707461133,-0.964004742706738,99,"Folr1/Sema4c/Sfrp2/Phgdh/Fuz/Tctn1/Lrp2/Hes1/Cc2d2a/Ovol2/Casp3/Dchs1/Sufu/Cfl1/Wdr83/Spint2/Rpgrip1l/Itpk1/Bbs4/Zfp36l1/Ift122/Dvl2/Ptch1/Sfrp1"
"GOBP_FACE_DEVELOPMENT",0.529769780365176,0.835974524284924,0.0288405625611997,0.265999133247785,0.948064230044162,32,"Zfand5/Nipbl/Tiparp/Arid5b/Map2k1/Srf/Aldh1a3/Csrnp1/Mkks/Prickle1/Tbx1/Cldn5/Myh3/Plekha1/Braf"
"GOBP_POSITIVE_REGULATION_OF_ENDOCYTOSIS",0.530378632227766,0.836503211902853,0.0191799781617408,-0.239435114235382,-0.96371893874334,91,"Calr/Eef2k/C2/Tfr2/Mertk/Tulp1/Il2rb/C4b/Rab27a/Cln3/C3/App/Nedd4l/Trf/Anxa2/Ahsg/Aplnr/Tub/Ppt1/Vps28/Vtn/Cfp/Cyba/Gas6/Rab31/Fcgr1"
"GOBP_LIPOPROTEIN_LOCALIZATION",0.531546811397558,0.837240052997036,0.021356611795182,-0.329888628664489,-0.943150282486029,18,"Surf4/Preb/Apobec1"
"GOBP_BIOLOGICAL_PROCESS_INVOLVED_IN_INTERACTION_WITH_HOST",0.531605471562275,0.837240052997036,0.0188600355573247,-0.233627862250401,-0.964172502476599,105,"Pcx/Cldn1/Cd209b/P4hb/Ldlr/Lgals1/Efnb3/Myh10/Furin/Ctsl/Hsp90ab1/H2-Eb1/Cd74/Anpep/Ctsb/Vamp8/Slc52a2/Vps18/Ppia/Wwp2/Ltf/Trim62/Vps37b/Cr1l/Gas6/Ddb1/Bsg/Inhbb/Exoc7/Slc7a1/Mrc1/Dynlt1b/Trim12c/Chmp6/Cav2/Axl/Plscr1"
"GOBP_REGULATION_OF_NITRIC_OXIDE_METABOLIC_PROCESS",0.531869309051955,0.837240052997036,0.0289854798089291,0.253167874338715,0.950699444049767,40,"Klf2/Rock2/Ptgs2/Smad3/Jak2/Cd36/Rac1/Acvr2a"
"GOBP_IN_UTERO_EMBRYONIC_DEVELOPMENT",0.532804931748129,0.837240052997036,0.0388937547614518,0.189632257635579,0.976592220469087,239,"Ccnb2/Ccnb1/Klf2/E2f8/Zfand5/Rnaseh2b/Phf6/Atf2/Smad4/Bcl2l11/Epas1/Mafb/Dhx35/Rrm2/Smad3/Socs3/mt-Nd4/Mbnl1/Bmi1/Ube2b/Cdkn1a/Slc25a20/Iws1/Rbpj/Ubr3/Bysl/Igf2/Rtn4/Tfeb/Ttll4/Map2k1/Maff/Srf/Cops3/Hopx/Nckap1/Med1/Gabpa/Rtf1/Heg1/Sall4/Senp2/Chtop/Ggnbp2/Ncapg2/Gins4/Asf1b/Sec24c/Rbbp6/Lig4/Ythdc1/Sin3a/Birc6/Apba2/Yap1/Slc30a1/Taf8/Casp8/Jag2/Rdh10/Bmp2/Btf3/Apba1/Bnip2/Ybx3/Thoc2/Diaph3/Dsc3/Mdfi/Zfp830/Ncoa1"
"GOBP_POSITIVE_REGULATION_OF_AMINE_TRANSPORT",0.533132530120482,0.837240052997036,0.0211012316255368,-0.317863646663967,-0.947512024707554,21,"Chrnb2/Slc18a3/Abat/Slc7a5/Cltrn/Kcnb1/P2rx7"
"GOBP_NEGATIVE_REGULATION_OF_T_CELL_PROLIFERATION",0.533258714422769,0.837240052997036,0.0203976893480979,-0.279824262511183,-0.95399044266209,38,"Pla2g2d/H2-M3/H2-Eb1/Gpnmb/Prnp/Tnfrsf21/Casp3/Vtcn1/Scgb1a1/Ptpn6/Arg2/Vsir"
"GOBP_INTERLEUKIN_1_PRODUCTION",0.533436293436293,0.837240052997036,0.0198634700521201,-0.257497615917273,-0.958413558757961,58,"Panx3/Tmed10/Orm1/S100a13/Cx3cr1/Il1r2/Ffar4/App"
"GOBP_ALPHA_BETA_T_CELL_PROLIFERATION",0.533600802407222,0.837240052997036,0.0277523023408476,0.28295757398,0.943692111999323,24,"Tnfsf4/H2-Q7/Jak2/Cblb/Cd55/Sh3rf1/Ptprc/Cd274/Tnfrsf14/Prkcq/Il15"
"GOBP_EYE_PHOTORECEPTOR_CELL_DIFFERENTIATION",0.533723386965708,0.837240052997036,0.0206339723048616,-0.297267429024533,-0.944418666042296,27,"Tulp1/Rpgrip1/Nkd1/Thy1/Gnat1/Rpgrip1l/Thrb/Bbs4/Rpgr/Gnat2/Sox8"
"GOBP_ENDODERM_DEVELOPMENT",0.533763788001076,0.837240052997036,0.029003707427331,0.252192706980108,0.951221499533774,41,"Inhba/Smad4/Arc/Smad3/Cdc73"
"GOBP_BRANCHED_CHAIN_AMINO_ACID_METABOLIC_PROCESS",0.533860433138536,0.837240052997036,0.021496365992353,-0.348277295753338,-0.952652467894629,15,"Bcat2/Mccc2/Mccc1"
"GOBP_LYMPHOCYTE_COSTIMULATION",0.5341647181086,0.837287436542725,0.028362981829244,0.276830310767781,0.947675065916728,27,"Spn/Mtor/Tnfsf14/Tnfsf4"
"GOBP_HOMOLOGOUS_CHROMOSOME_SEGREGATION",0.534542743538767,0.837450298210736,0.027563145766792,0.29052213951365,0.943453640370919,22,"Knl1/Mre11a/Ccne2/Ube2b"
"GOBP_PIGMENTATION",0.535249621785174,0.83812793160108,0.0194999066997947,-0.249740974836619,-0.957646617139144,68,"Cited1/Hps1/Ap1s1/Sox10/Rab27a/Arcn1/Pmel/Ap3m1/Ap3d1/Bace2/Gnat1/Ap3s1/Bloc1s3/Mlph"
"GOBP_REGULATION_OF_TRANS_SYNAPTIC_SIGNALING",0.536213468869123,0.838774944954979,0.016886306558847,-0.208758583961436,-0.974544992874427,283,"Bglap3/Adora1/Drd1/Cntn2/Ppfia2/Gria4/Epha7/Adipoq/Prkar2b/Hmgcr/Calhm2/Kcnmb4/Sncg/Unc13c/Slc1a1/Efnb3/Ace/Faah/Nsmf/Clstn3/Mapk3/Rnf167/Grin3a/Chrnb2/Cln3/Clstn1/Cdk5/Slc18a3/Grik4/Cspg5/Reln/Cx3cr1/App/Nalcn/Ophn1"
"GOBP_CELLULAR_COMPONENT_ASSEMBLY_INVOLVED_IN_MORPHOGENESIS",0.536532507739938,0.838774944954979,0.0315157238889932,0.222132205245663,0.967105208290559,81,"Knl1/Smad4/Ttn/Six4/Rfx2/Lmod2/Neb/Pafah1b1/Agfg1/Gnpat/Capn3/Adprhl1/Flii/Srf/Csrp3/Actn2/Vps13b/Mybpc1/Ankrd1/Tmod4/Acta1/Pgm5/Prox1/Prkar1a/Myh3/Ank2/Myom1"
"GOBP_REGULATION_OF_MONOATOMIC_ION_TRANSPORT",0.536563876651982,0.838774944954979,0.0387481189630765,0.18927573605213,0.975668004152754,240,"Kel/Stc1/Kcnc1/Atp1b1/Lcn2/Ccl5/Tmem38b/Ucp2/Grp/Grin2c/Ptpn3/Fgf13/Kcnj2/Cacna2d1/Ppp3cb/Trdn/Fhl1/Pde4b/Jph4/Ppp3cc/Gck/Homer1/Itgb3/Ccr1/Cab39/Best1/Akap6/Stom/Vdac1/Kif5b/Ubr3/Per1/Capn3/Amigo1/Fxyd6/Scn4b/Ppp3r1/Fxyd4/Ryr2/Gria1/Coro1a/Ppp3ca/Abcc9/Wnk1/Actn2/Camk2b/Sumo1/Kcnj11/Slmap/Sik1/Wnk3/Slc30a1/Spg7/Cacng1/Ubash3b/Tmem38a/Trpc3/Nedd4/Kcnj3/Snca/Atp1a2/Stac2/Efhb/Car2/Fxyd7/Lpar3/Atp2b4/Tcaf1/Ank2/Hrc"
"GOBP_POSITIVE_REGULATION_OF_LAMELLIPODIUM_ASSEMBLY",0.536761053154496,0.838774944954979,0.0274817619246237,0.294395735687764,0.94267174381147,21,"Mtor/Abi2/Pik3ca/Rac1/Nckap1"
"GOBP_MUSCLE_STRUCTURE_DEVELOPMENT",0.537685459940653,0.838902286210295,0.0457215328459934,0.180559480832708,0.983072467575887,411,"S1pr1/Ccnb1/Kel/Btbd1/Bmpr2/Mtm1/Mtor/Smad4/Tnfsf14/Epas1/Xk/Myf6/Ttn/Creb1/Sgcb/Smad3/Ppp3cb/Large1/Rcan1/Myf5/Mbnl1/Fhl1/Prkaa1/Nfatc1/Tomm70a/Homer1/Six4/Eng/Lmod2/Hivep3/Neb/Il4ra/Akap6/Hdac4/Popdc3/Frg1/Rbpj/Arid5b/Ereg/Ppp2r3a/Naca/Npnt/Capn3/Adprhl1/Fxr1/Pbrm1/Bves/Igf2/Ccnt2/Neurl1a/Flii/Ryr2/Maff/Srf/Hopx/Csrp3/Nrg1/Ppp3ca/Abcc9/Plekhm3/Actn2/Med1/Chrnb1/Xirp1/Ppara/Mbnl3/Tnf/Heg1/Vps13b/Ednrb/Mybpc1/Asf1a/Mecp2/Ptgfrn/Tbx2/Ankrd1/Yy1/Foxp2/Sap30/Sgcg/Cenpf/Smyd1/Prickle1/Adgrb3/Eid2b/Cacybp/Sox6/Sik1/Alpk3/Flot2/Tmod4/Hlx/Acta1/Sypl2/Luc7l/Negr1/Grem1/Pgm5/Tbx1/Prox1/Barx2/Prkar1a"
"GOBP_ENDOTHELIAL_CELL_MIGRATION",0.537857142857143,0.838902286210295,0.0342692803320296,0.200646716893595,0.968202836998756,148,"Rhob/Thbs1/Cyp1b1/Rock2/Stc1/S100a8/Lcn2/Ptgs2/Vegfc/Prkx/Fgf2/Itgb3/Pik3ca/Rac1/Akt3/Krit1/Atp5a1/Adamts9/Stat1/Srf/Tnfsf12/Id1/Pik3c2a/Tnf/Hmgb1/Pecam1/Atp5b/Mecp2/Jcad/Scg2/Angpt2/Grem1/Prox1/Sp1/Cdh5/Map2k3/Gab1/Kdr/Atp2b4"
"GOBP_RESPONSE_TO_AMINE",0.537977998952331,0.838902286210295,0.0283803619158179,0.266992867839882,0.945905893468457,31,"Kcnc1/Jak2/Fosb/Slc18a2/Rrm2b/Myd88/Nr4a2/Gria1/Adamts13"
"GOBP_ACTIN_MEDIATED_CELL_CONTRACTION",0.538170163170163,0.838902286210295,0.0303161727380477,0.227939970581798,0.961328189358545,67,"Stc1/Ttn/Fgf13/Rock1/Kcnj2/Cacna2d1/Pde4b/Dsc2/Epdr1/Pik3ca/Scn4b/Ryr2/Scn7a/Abcc9/Sumo1/Myl1/Kcnj3/Scn9a/Atp1a2/Ctnna3/Myh3/Ank2"
"GOBP_REGULATION_OF_DENDRITIC_SPINE_DEVELOPMENT",0.538215542053086,0.838902286210295,0.0202562638677872,-0.279104466808614,-0.951536480254549,38,"Ppfia2/Eef2k/Grin3a/Efna1/Camk1/Reln/Ephb2/Cfl1"
"GOBP_PEPTIDYL_THREONINE_MODIFICATION",0.538747346072187,0.838905599618472,0.0285907503359651,0.263476830674858,0.947536795222922,33,"Irgm2/Hipk3/Atf2/Mapk8/Galnt2/Tbk1/Ttbk1/Dmtn/Wnk3/Cdk1"
"GOBP_NEGATIVE_REGULATION_OF_TORC1_SIGNALING",0.538766869542207,0.838905599618472,0.028537834376569,0.264220606559904,0.941725271287524,32,"Ube2n/Prkaa2/Ywhag/Prkaa1/Ywhaz/Npc1/Tbk1/Peli1/Deptor"
"GOBP_PIGMENT_METABOLIC_PROCESS",0.539467389571041,0.839540346934476,0.0201793957835896,-0.279995744115496,-0.946235943333773,36,"Cited1/Bdh2/Blvra/Slc24a5/Slco2b1/Pmel"
"GOBP_CARBOHYDRATE_HOMEOSTASIS",0.539724137931034,0.839540346934476,0.0179959105846637,-0.221381560449024,-0.962771184756776,155,"Bglap3/Nr1d1/Bhlha15/Prcp/Slc2a2/Acsm2/Adipoq/Rbp4/Xbp1/Ffar2/Sucnr1/Unc13b/Cftr/C1qtnf12/Lrrc8d/Cma1/H2-Eb1/Casr/Tcf7l2/Serpinf1/Slc8b1/Col1a1/Bace2"
"GOBP_RESPONSE_TO_INTERLEUKIN_6",0.540547202366281,0.840392724289561,0.0272247423525366,0.296898851084742,0.937158176766953,20,"Camp/Lcn2/Smad4/Jak2/Il6ra/Stat3/Il6st/Yap1"
"GOBP_PROTEIN_LOCALIZATION_TO_CILIUM",0.541388092964024,0.841153166832079,0.020098528303537,-0.273110039380958,-0.950642419624665,42,"Ift20/Tulp1/Tctn1/Cc2d2a/Arf4/Tub/Csnk1d/Bbs4/Ift122/Arl3/Bbs9/Rpgr/Ttc21b"
"GOBP_ENERGY_HOMEOSTASIS",0.541586998087954,0.841153166832079,0.0201074872713064,-0.271842609129616,-0.950787149225593,43,"Cntn2/Prcp/Sucnr1/Stk39/Acvr1c/Ubb/Arntl/Pm20d1/Pcsk1n/Igf2bp2/Sorl1/Adrb1/Mfsd2a/Sctr"
"GOBP_ANIMAL_ORGAN_REGENERATION",0.541902228134353,0.841215094995147,0.020751485481662,-0.306579747365864,-0.943090423894593,24,"Sulf2/Cldn1/Srsf5/Rps15/Slc7a5/Bak1/Vtn/Ptch1/Gas6/Cad"
"GOBP_NEUROTROPHIN_TRK_RECEPTOR_SIGNALING_PATHWAY",0.542246759481517,0.841322422659235,0.0267103890251755,0.315325990496418,0.938507648498236,16,"Sos1/Ddit4/Ppp2r5b/Zdhhc17/Dock3/Cyfip2/Hap1"
"GOBP_REGULATION_OF_MYELOID_LEUKOCYTE_DIFFERENTIATION",0.543213633597079,0.842394746517297,0.030955342541651,0.222686323044105,0.961398128567404,77,"Tob2/Tnfsf11/Inhba/Kitl/Mtor/Mafb/Mitf/Bglap/Creb1/Ccr1/Cdk6/Klf10/Tnfaip6/Il34/Ppp3ca/Tnf/Il23r/Bglap2/Tmem178/Ppargc1b"
"GOBP_EXOCYTIC_PROCESS",0.543843568591506,0.842943735183689,0.0194064380706192,-0.253122082604773,-0.95281798846108,61,"Unc13c/Stxbp2/Unc13b/Cftr/Ykt6/Rabepk/Snx4/Osbpl2/Cadps2/Exoc8/Vamp8/Vps18/Snx6/Snap29/P2rx1/Cplx2/Rph3al/Kcnb1/Syt7/Exoc4/Exoc7"
"GOBP_NEGATIVE_REGULATION_OF_MONONUCLEAR_CELL_MIGRATION",0.544678714859438,0.843810078040356,0.0207703928056747,-0.31511554916534,-0.939320287614165,21,"Slamf8/Padi2/Gcsam/Hc/Akt1/Ddt/Lrch1/Bmp5/Ripor2/Mif"
"GOBP_NEGATIVE_REGULATION_OF_NEURON_PROJECTION_DEVELOPMENT",0.547368421052632,0.847187271890708,0.0188600355573247,-0.242703384241672,-0.955780745924392,79,"Fkbp4/Epha7/Ntn1/Efnb3/Cers2/Efna1/Cdk5/Hes1/Itm2c/Pmp22/Dguok/Thy1/Ephb2/Rnf6/Draxin/Cib1/Dab1/Gfap"
"GOBP_REGULATION_OF_ANIMAL_ORGAN_FORMATION",0.547562141491396,0.847187271890708,0.0264682798870429,0.318911708071619,0.93730288991109,15,"Gdnf/Fgf2/Robo2"
"GOBP_NEGATIVE_REGULATION_OF_MRNA_CATABOLIC_PROCESS",0.547690625854058,0.847187271890708,0.0288225599314661,0.241248138571899,0.941699393339556,47,"Noct/Gdnf/Larp4b/Mettl16/Csde1/Angel2/Elavl4/Myd88/Fxr1/Elavl1/Dhx9"
"GOBP_TYPE_II_INTERFERON_PRODUCTION",0.548133022170362,0.847442501381809,0.0299978112712157,0.228215064840497,0.955288363845844,65,"Irgm2/Inhba/Sash3/Tnfsf4/H2-Q7/Pde4b/Jak2/Il33"
"GOBP_SMOOTH_MUSCLE_CONTRACTION",0.548725868725869,0.847929959007349,0.0194361011621869,-0.255194688819035,-0.949841997627502,58,"Drd1/Sulf2/Ormdl3/Arhgap42/Chrnb2/Acta2/Abat/Mylk/Chrm3/Htr7/Myh11/Htr2b/Apbb1/Ednra/Dapk3/Ptger3/P2rx1"
"GOBP_BLOOD_VESSEL_MORPHOGENESIS",0.549047963364666,0.847998750292748,0.0157722843078912,-0.201388256759647,-0.972503308480794,407,"Folr1/Col15a1/Angpt4/Cited1/Prcp/Enpep/Meis1/Col3a1/Foxc1/Thbs2/Klk1b1/Ldlr/Xbp1/Slc1a1/Aamp/Col18a1/Sparc/Lox/Sfrp2/Col8a2/Wt1/Efna1/Sars/Sox18/Cma1/H2-M3/Mydgf/Grn/Lrp2/C3/Ptgis/Jmjd8/Hes1/Cx3cr1/Ang/Cela1/Mylk/Anpep/Rras/Stab1/Serpinf1/Gpnmb/Adm2/Tymp/Srpx2/Pxdn/Thy1/Mfge8/Lama1/Loxl2/Tnmd/Shc1/Mmp2/Foxc2/Vstm4/Ovol2/Col4a2/Hif3a/Anxa2/Eif2ak3/Chrna7/Ephb2/Nrxn3/Smoc2/Ephb1/Tlr3/Cul7/Naxe/Klk1/Cd40/Zfp354c/Flt4/Egfl7/Rasip1/Aplnr/Ednra/Sox4/Creb3l1/Fzd8/Cib1/Plcg1/Ptpn6/Bak1/Vash2/Mmrn2/Dsg2/Klk1b11/Rapgef3/Hyal1/Egfl8/Chil1/Nos3/Btg1/Pml/Fyn/Pak4/Ism1/Zfp36l1"
"GOBP_RESPONSE_TO_TYPE_I_INTERFERON",0.549850584080413,0.848809264459657,0.0286438814771541,0.23871881690747,0.94396504415132,49,"Ythdf3/Ifitm1/Ifit1bl1/Hdac4/Cnot7/Isg15/Mavs/Myd88/Nlrc5/Ifih1/Stat1/Tbk1/Ptpn1/Oas1g"
"GOBP_POSITIVE_REGULATION_OF_INTERLEUKIN_8_PRODUCTION",0.550595710881652,0.849530250880529,0.0198108689005535,-0.276184751272621,-0.939053079337315,37,"Adipoq/Ffar2/Cd74/Tlr5/Tlr3/Il17d/Tlr7/Tlr9"
"GOBP_SENSORY_SYSTEM_DEVELOPMENT",0.55101246105919,0.849744103248776,0.0168000588840203,-0.210532958536845,-0.964759705461631,235,"Bcar3/Six5/Meis1/Foxc1/Rbp4/Gata3/Slc1a1/Smoc1/Mertk/Tulp1/Tbc1d20/Myh10/Col8a2/Col5a1/Arsg/Wt1/Grn/C3/Hes1/Cc2d2a/Osr2/Rpgrip1/Meis2/Serpinf1/Nkd1/Slc44a4/Smg9/Pxdn/Thy1/Gnat1/Lama1/C1qa/Foxc2/Scaper/Vstm4/Mab21l2/Ephb2/Bloc1s3/Ephb1/Sipa1l3/Rpl24/Sox11/Adamts18/Sox4/Tub/Sox2/Bak1/Mfsd2a/Calb1/Man2a1/Rpgrip1l/Thrb/Tmem135/Bbs4/Pygo2/Ift122/Angptl7/Slitrk6/P2ry12/Cdon/Bsg/Fbn1/Fzd5/Col4a1/Ttll5/Lrp5"
"GOBP_INTRACELLULAR_RECEPTOR_SIGNALING_PATHWAY",0.552677787532924,0.851882260803775,0.0380226568364937,0.188535441214561,0.970182910936687,237,"Irgm2/Klf2/Ppp2ca/Nr6a1/Esrrg/Ipo5/Strn3/Nfkbia/Gbp5/Cnot9/Trim16/Dhx58/Plin5/Gbp2/Jak2/Usp15/Cd36/Pum2/Washc4/Mapk8/Rorc/Slc19a1/Tnfaip3/Ddx60/Per1/Trp63/Alox15/Mavs/Myd88/Kdm3a/Csnk1a1/Rnf125/Rtn4/Nr4a2/Ifih1/Fam120b/Rnf14/Tbk1/Oas1g/Med1/Ppara/Tnf/Hmgb1/Asxl2/Stat3/Rwdd1/Peli1/Ppp6c/Colec12/Pla2g10/Lamp2/Crkl/Huwe1/Ppargc1b/Zfp366/Trim25/Flot2/Zc3hav1/Tbx1/Ogt/Nedd4/Hdac2/Bmp2/Crebrf/Heyl/Fabp5/Nr1d2/Plcg2/Clock/Ankrd17/Asxl1/Ncoa1/Zdhhc18/Btk/Wdfy1/Ezh2/Ddx3x/Ncoa2/Ywhae/Snai2/Traf6/Zdhhc5"
"GOBP_KETONE_METABOLIC_PROCESS",0.553413917020582,0.852586745586423,0.0319516418172933,0.208855927368567,0.962275009505487,110,"Pdk4/Ppargc1a/Mlycd/Inhba/Cyp4f18/Pptc7/Angptl4/Ptgs2/Bglap/Plin5/Creb1/Plaa/Acadvl/Pank2/Dhrs9/Pdk1/Stard7/Ppara/Pibf1/Ednrb/Coq8a/Bglap2/Fmo2/Akr1b8/Prox1/Snca/Fdxr/Pdk2/Rdh10/Bmp2/Fabp5/Coq2/Pdss2/Il1b"
"GOBP_REGULATION_OF_MONOCYTE_CHEMOTAXIS",0.553776290630975,0.852715003970579,0.0262749079581434,0.317500915226951,0.93315647516085,15,"Fpr2/Ccl5/Ccr1"
"GOBP_TORC2_SIGNALING",0.554732313575526,0.853327804322226,0.02624541843463,0.317357882358967,0.9327360919729,15,"Mtor/Tbk1/Pink1/Deptor/Armh4"
"GOBP_REGULATION_OF_PRESYNAPSE_ORGANIZATION",0.554797856794934,0.853327804322226,0.026566081582426,0.302789038729322,0.930698742031568,18,"Slitrk1/Lrrc4b/Slitrk3/Snca/Gpc4/Arf6"
"GOBP_STEM_CELL_DIVISION",0.555012224938875,0.853327804322226,0.0266266433068643,0.298319713646879,0.931063426624719,19,"Fut9/Bmi1/Pafah1b1/Prdm15"
"GOBP_POSITIVE_REGULATION_OF_STEROL_TRANSPORT",0.555800542740841,0.854109988970458,0.0206667623593151,-0.323837933418139,-0.925851368746765,18,"Adipoq/Ces1d/Anxa2/Pltp/Ptch1/Commd1/Scp2/Cav1/Rxra"
"GOBP_NUCLEAR_MIGRATION",0.556118754525706,0.854169328846673,0.0263712255039949,0.305326803617455,0.925198679487625,17,"Lmnb2/Tacc2/Pafah1b1"
"GOBP_HAIR_CELL_DIFFERENTIATION",0.556474541225123,0.854186486273658,0.0275468277926559,0.266223886031348,0.930649017626032,29,"Fgf2/Slc4a7/Pafah1b1/Elmod3/Rbpj/Rac1"
"GOBP_CELLULAR_HOMEOSTASIS",0.556915399239544,0.854186486273658,0.0153620843297468,-0.199244128344233,-0.969969903370685,454,"Nr1d1/Adora1/Drd1/Calr/Slc2a2/Selenon/Ormdl3/Plch1/Hsp90b1/Xbp1/Slc12a3/Slc12a1/Slc22a17/Slc34a2/Slc4a4/C1qtnf3/Umod/Slc1a1/Tfr2/Unc13b/Slamf8/Lox/Hexb/Ccdc115/Slc24a5/Stk39/Cftr/C1qtnf12/Tmbim6/Mapk3/Slc39a7/Selenos/Lrrc8d/Atp6v1b1/Cma1/Cln3/Rgn/Slc24a3/Grn/Fbxo4/Gpr89/Pln/Slc9a9/Osbpl2/H2-Eb1/Kcnn4/Rab20/Atp6v1g1/Ldah/Gnb3/Casr/Ftl1/App/Tmem199/Serpinf1/Slc8b1/Mcoln1/Letmd1/Slc34a1/Ormdl2/Tmc8/Tmem9/Col1a1/Atp2a3/Dmxl2/Thy1/Trf/Cd19/Asl/Prnp/Chrna7/Pik3r1/C2cd2l/Itpr2/Cd40/Ryr3/Htr2b/Bap1/Slc2a10/Aplnr/Ednra/Grina/Lrrc8e/Tmem165/Sox4/Eny2/Rab11fip5/Mecr/Plcg1/Ano1/Grik2/Ptpn6/Bak1/Calb1/Atp2b3/Ppt1/Tmem203/P2rx1/Cltrn/Alpl/Nos3/Sctr/Clcn3"
"GOBP_INTRINSIC_APOPTOTIC_SIGNALING_PATHWAY_IN_RESPONSE_TO_OXIDATIVE_STRESS",0.556968733439322,0.854186486273658,0.0279695214936819,0.259001071157585,0.937256302893907,34,"Cyp1b1/Mcl1/Fgf2/Jak2/Gskip/Pdk1"
"GOBP_PEPTIDE_BIOSYNTHETIC_PROCESS",0.558095565486421,0.855485174390877,0.0208082953695662,-0.340958283469308,-0.932632572254146,15,"Bdh2/Slc1a1/Furin/Ggt5/Chac1"
"GOBP_NEGATIVE_CHEMOTAXIS",0.558454263818686,0.855605705098338,0.0199915283249277,-0.28983680330951,-0.932243532408744,29,"Epha7/Sema4c/Ntn1"
"GOBP_PROTEIN_COMPLEX_OLIGOMERIZATION",0.558739255014327,0.855613245147252,0.0335635533983774,0.199428583898819,0.963328337292344,149,"Kcnc1/Wdcp/Cpsf7/Arc/Gbp5/Ect2/Gls/Kcnj2/Rrm2/Kcna2/Sgtb/H2-Q7/Atl2/Kcnc4/Homer1/Zbtb1/Dnm1l/Best1/Farsb/Mcu/Trp63/Isg15/Tmem70/Elavl1/Spast/Ifih1/Opa1/Oas1g/Cpsf6/Ugdh/Aldh1a3/Ehd3/Pdcd6ip/Oxa1l/Bok/Kctd5/Kctd1/Alad/Acot13/Snca/Clybl/Snupn"
"GOBP_SYMBIONT_ENTRY_INTO_HOST",0.5597689231225,0.856165675743369,0.0185126661813019,-0.238468941575473,-0.947795652883313,84,"Cldn1/Cd209b/P4hb/Ldlr/Lgals1/Efnb3/Myh10/Furin/Ctsl/H2-Eb1/Cd74/Anpep/Ctsb/Vamp8/Slc52a2/Vps18"
"GOBP_RESPONSE_TO_VITAMIN_D",0.560104387538738,0.856165675743369,0.0199516428457096,-0.296200760150687,-0.931780319226663,26,"Bglap3/Kl/Pim1/Casr"
"GOBP_POSITIVE_REGULATION_OF_FOCAL_ADHESION_ASSEMBLY",0.560222061308231,0.856165675743369,0.02624541843463,0.304268758792922,0.92199260107296,17,"Rock1/Smad3/Rac1/Ppm1f/Kdr/Tsc1/Itgb1bp1/Wnt4/Nrp1"
"GOBP_EXOCYTOSIS",0.56140350877193,0.856165675743369,0.0366208603945354,0.190301937466885,0.968627300101343,217,"Adora2b/Fgr/Apold1/Cd177/Plek/Synj1/Brsk2/Ccl5/Slc4a8/2610528A11Rik/Exoc3/Rab10/Grp/Vsnl1/Clasp2/Ppp3cb/Tnfaip2/Ccr1/Hck/Kcnq3/Il4ra/Itgam/Gnao1/Rab21/Abca12/Exoc2/Slc18a2/Lin7a/Syt10/Stx17/Exoc5/Coro1a/Pfn2/Exoc6/Ppp3ca/Rab7"
"GOBP_NEGATIVE_REGULATION_OF_PROTEIN_LOCALIZATION_TO_NUCLEUS",0.561470637165197,0.856165675743369,0.0202155089217756,-0.305121612642665,-0.928559493477462,23,"Maged1/Cabp1/Fbxo4/Tmem98/App/Sufu/Lzts2"
"GOBP_REGULATION_OF_NATURAL_KILLER_CELL_ACTIVATION",0.561513405161614,0.856165675743369,0.0268486259097474,0.282266079626889,0.928517160629966,23,"Fgr/Jak2/Zbtb1/Pibf1/Il23r"
"GOBP_NEGATIVE_REGULATION_OF_HORMONE_SECRETION",0.561588330632091,0.856165675743369,0.0198152437300378,-0.286231824515132,-0.927831534289571,30,"Adora1/Adipoq/Ffar2/Ffar4/Acvr1c/Sytl4/Eny2/Rab11fip5/Inhbb/Jagn1/Kcnb1"
"GOBP_ENDOLYSOSOMAL_TOLL_LIKE_RECEPTOR_SIGNALING_PATHWAY",0.561657032755299,0.856165675743369,0.0196716910524353,-0.27905851138648,-0.931988690104461,34,"Tnip2/Irak1/Ptpn22/Tlr3/Tlr7/Tlr9/Scimp/Trim3/Pik3ap1/Ppt1/Unc93b1/Irak4"
"GOBP_POSITIVE_REGULATION_OF_MYELOID_LEUKOCYTE_CYTOKINE_PRODUCTION_INVOLVED_IN_IMMUNE_RESPONSE",0.561878727634195,0.856165675743369,0.0266951215094869,0.284807881198797,0.92489692101661,22,"H2-Q7/Cd36/Mavs/Myd88/Rtn4/Panx1"
"GOBP_VASCULATURE_DEVELOPMENT",0.561902513867579,0.856165675743369,0.0151357184057462,-0.198684909569144,-0.970233272550298,473,"Folr1/Col15a1/Angpt4/Cited1/Prcp/Enpep/Meis1/Col3a1/Foxc1/Thbs2/Klk1b1/Ldlr/Xbp1/Pdcd4/Slc1a1/Aamp/Col18a1/Sparc/Lox/Sfrp2/Myh10/Col8a2/Col5a1/Wt1/Efna1/Sars/Sox18/Cma1/H2-M3/Mydgf/Grn/Acta2/Lrp2/Comt/C3/Ptgis/Jmjd8/Hes1/Cx3cr1/Ang/Cela1/Cth/Egr2/Tcf7l2/Mylk/Anpep/Rras/Stab1/Serpinf1/Gpnmb/Adm2/Tymp/Col1a1/Srpx2/Pxdn/Thy1/Mfge8/Lama1/Loxl2/Tnmd/Shc1/Mmp2/Foxc2/Vstm4/Ovol2/Col4a2/Hif3a/Anxa2/Eif2ak3/Chrna7/Ephb2/Nrxn3/Smoc2/Ephb1/Tlr3/Cul7/Naxe/Sufu/Klk1/Cd40/Zfp354c/Flt4/Stk11/Egfl7/Rasip1/Slc2a10/Aplnr/Wdr83/Ednra/Col1a2/Sox4/Creb3l1/Fzd8/Cib1/Plcg1/Nfatc2/Ptpn6/Bak1/Vash2/Mmrn2/Dsg2/Llgl2/Klk1b11/Rapgef3/Snx17/Hyal1/Egfl8/Chil1/Nos3/Btg1/Pml/Fyn/Pak4/Ism1/Zfp36l1/Angptl7/Bmper/Vav2/Sfrp1/Epha1/Fut1/Bsg/Adam8/Dctn5/Fgf1/Fzd5/Col4a1"
"GOBP_POSTSYNAPTIC_MODULATION_OF_CHEMICAL_SYNAPTIC_TRANSMISSION",0.562347783731125,0.856416988683244,0.026334093659863,0.301339022207545,0.926241749273819,18,"Eif4e/Gnao1/Ppp3r1/Ppp3ca"
"GOBP_CELLULAR_PROCESS_INVOLVED_IN_REPRODUCTION_IN_MULTICELLULAR_ORGANISM",0.563013883272678,0.856753779192654,0.0170360191855634,-0.214573565838561,-0.953542149504006,180,"Spag16/Folr1/Six5/Ift81/Agfg2/Rhbdd1/Cfap206/Tmem119/Osbp2/Tbc1d20/Hexb/Cep131/Cftr/Cabyr/Hook1/H3f3a/Wt1/Sirt2/Pln/Ttc12/Ang/Rsph1/Selenof/Poc1b/Iqcg/Lsm14b/Sufu/Wee2/H3f3b/Ednra/Piwil2/Drc1/Cib1/Mlh1/Pcsk4/Ccdc146/Ccdc62/Cd9/4930447C04Rik/Fndc3a/Tdrd5/Bbs4/Pygo2/Kdm1b/Ptch1/Inhbb/Nup210l/Dnd1/Yif1b/Ttll5/Paqr7/Cfap54"
"GOBP_POSITIVE_REGULATION_OF_PRODUCTION_OF_MOLECULAR_MEDIATOR_OF_IMMUNE_RESPONSE",0.563129816241849,0.856753779192654,0.0184302540268548,-0.238784536413801,-0.94706164810516,83,"Klk1b1/Rbp4/Xbp1/Ffar2/Gata3/Pms2/H2-M3/Irf5/Klk7/Cd74/Exosc3/Ephb2/Tlr3/Klk1/Cd40/Tlr7/Tlr9/Scimp/Slc7a5/Kmt5c/Klk1b11/Mlh1"
"GOBP_POLYSACCHARIDE_CATABOLIC_PROCESS",0.563963519842248,0.85707349528328,0.0264907827939275,0.292732158148405,0.924006053270689,20,"Rb1cc1/Atg2b/Mgam/Phka1/Agl/Hmgb1"
"GOBP_POSITIVE_REGULATION_OF_TRANSMEMBRANE_TRANSPORT",0.564073061987631,0.85707349528328,0.0179619565735294,-0.229258874751022,-0.948780785455376,108,"Drd1/Acsl5/Fxyd3/Adipoq/Stk39/Cftr/C1qtnf12/Zdhhc7/C3/Kcnn4/Slc34a1/Thy1/Cd19/Azin2/Ctss/Tesc/Rnasel/Pik3r1/Aplnr/Ednra/Slc7a5/Grin1/Adcyap1r1/P2rx4/Plcg1/Bak1/P2rx1/Cltrn"
"GOBP_KERATINOCYTE_DIFFERENTIATION",0.564396284829721,0.85707349528328,0.0305600077370596,0.21922151015827,0.954432807295617,81,"Rock2/Sprr1b/Mafb/Trim16/Txnip/Rock1/Pphln1/Cnfn/Cdkn1a/Krt16/Rbpj/Ereg/Abca12/Trp63/Bcl11b/Krt6a/Map2k1/Ppp3ca/Med1"
"GOBP_MESONEPHRIC_TUBULE_MORPHOGENESIS",0.564462151394422,0.85707349528328,0.0194828595132915,-0.271968668421724,-0.932916427416704,39,"Cited1/Maged1/Foxd1/Gata3/Wt1/Hes1"
"GOBP_PYROPTOTIC_INFLAMMATORY_RESPONSE",0.565688932708898,0.857786686736663,0.0264383378949301,0.292335481070217,0.922753946143962,20,"Gbp5/Gbp2/Dhx9/Dpp9/Gsdmc2/Casp8/Zbp1"
"GOBP_MONOATOMIC_ANION_TRANSPORT",0.565882352941177,0.857786686736663,0.0182439058894945,-0.235351677590627,-0.945243045558784,90,"Gabra3/Fxyd3/Gabra4/Slc12a3/Slc12a1/Slc4a4/Slc1a1/Gabrq/Cftr/Lrrc8d/Slc22a6/Tmc4/Gpr89/Casr/Slc1a4/Mcoln1"
"GOBP_NEGATIVE_REGULATION_OF_INNATE_IMMUNE_RESPONSE",0.566064370412196,0.857786686736663,0.028813567878678,0.231530672307739,0.939212981881268,56,"Ythdf3/Dhx58/H2-Q7/Usp15/Tnfaip3/Cnot7/Ywhaz/Tyro3/Irak3/Isg15/Nlrc5/Oas1g/Serpinb3a/Dusp10/Ythdf2"
"GOBP_HEMATOPOIETIC_STEM_CELL_PROLIFERATION",0.566432396251673,0.857786686736663,0.0201703841075602,-0.309808493210887,-0.923500613406639,21,"Ace/Sfrp2/Pim1/Ang/Babam1/Etv6/Gba"
"GOBP_LEUKOCYTE_DIFFERENTIATION",0.566560170394036,0.857786686736663,0.0418206516609176,0.181313756474175,0.973248087635801,350,"Tob2/Vcam1/Tnfsf11/Spn/Tbx21/Inhba/Kitl/Nfil3/Atf2/Mtor/Sash3/Vps13a/Ucp2/Mafb/Tfrc/Tnfsf4/Mitf/Itgb6/Bglap/Creb1/Ppp3cb/Socs3/Ccdc39/Large1/H2-Q7/Bmi1/Il33/Ccr1/Zbtb1/Lbr/Il4ra/Dock11/Pafah1b1/Sos1/Hdac4/Rorc/Lipa/Rbpj/Cdk6/Klf6/Tyro3/Bcl11b/Myd88/Klf10/Pbrm1/Cebpg/Bcl6/Cbfb/Ccr9/Kat7/Tcf7/Tnfaip6/Coa5/Srf/Il34/Ppp3ca/Tbk1/Vav1/Opa1/Sh3rf1/Med1/Tet2/Il6ra"
"GOBP_POSITIVE_REGULATION_OF_MONOATOMIC_ION_TRANSMEMBRANE_TRANSPORT",0.566616541353383,0.857786686736663,0.0299487455729153,0.221216236321993,0.94910067272434,74,"Kcnc1/Atp1b1/Lcn2/Fgf13/Kcnj2/Ppp3cb/Fhl1/Ppp3cc/Akap6/Capn3/Amigo1/Fxyd6/Ppp3r1/Fxyd4/Ppp3ca/Actn2"
"GOBP_POST_GOLGI_VESICLE_MEDIATED_TRANSPORT",0.567732115677321,0.858894790671571,0.018707113212832,-0.245347322017669,-0.93722927952706,67,"Scfd1/Cln3/Ap4m1/Scamp2/Ap3d1/Exoc8/Rab34/Ap3s1/Sorl1/Arfrp1/Sort1/Golph3l/Llgl2/Dnm2/Arl3/Amn/Rab31/Commd1/Golph3/Exoc4/Sec16a"
"GOBP_DICARBOXYLIC_ACID_METABOLIC_PROCESS",0.567910794486604,0.858894790671571,0.0189616822532967,-0.252679899716987,-0.937085140481887,57,"Folr1/Lipf/Mthfd2/Aldh18a1/Fpgs/Gpt2/Ass1/Oat/Kyat3/Asl"
"GOBP_ANTIMICROBIAL_HUMORAL_RESPONSE",0.568365444375388,0.859157067079076,0.0189984805306982,-0.254944454600083,-0.940014913607593,55,"Dmbt1/Wfdc12/Klk1b1/Kng2/Wfdc3/Rnase2b/Klk7/Ang/App"
"GOBP_CILIUM_ORGANIZATION",0.568698347107438,0.859235138681119,0.0162645605433123,-0.207963581001355,-0.958968998932784,249,"Spag16/Ift81/Tbc1d10a/Cfap206/Gsn/Ift20/Cdk10/Tbc1d20/Cep131/Hydin/Fuz/Dync2li1/Nme7/Mcrs1/Tctn1/Ttc12/Cc2d2a/Atg3/Ccno/Lca5l/Rpgrip1/Arf4/Tmem216/Rsph9/Fam161a/Rsph1/Kif19a/Ubxn10/Rab34/Tmem80/Poc1b/Iqcb1/Ift43/Iqcg/Ttc17/Tbc1d30/Atat1/Drc1/Cdkl5/Snap29/Rabep2/Tub/Csnk1d/Armc9/Ccdc146/Rpgrip1l/Ccdc103/Bbs4/Ift122/Arl3/Evi5l/Tbc1d16/Cep89/Dnaaf3/Bbs9/Cep250/Yif1b/Ttll5/Ccdc88c/Cfap54/Ccdc28b/Tbc1d13/Rrp7a/Alpk1/Rpgr/Ttc21b/Sgsm3/Cep70/Slc9a3r1"
"GOBP_REGULATION_OF_ACUTE_INFLAMMATORY_RESPONSE",0.569401402707552,0.859236844014506,0.0197020017265474,-0.294255411620659,-0.92566069457278,26,"Adora1/Ffar2/Pla2g2d/Selenos/C3"
"GOBP_NEGATIVE_REGULATION_OF_PROTEIN_METABOLIC_PROCESS",0.569567483064096,0.859236844014506,0.0411948614201256,0.181935919372189,0.972728868499374,338,"Gapdh/Thbs1/Mad2l1/Pbk/Celf1/Eif2s1/Hipk3/Spopl/Mtm1/Smad4/Prkaa2/Ywhag/Reck/Cnot9/Gtpbp4/Cpeb4/Grin2c/Ptpn3/Rtn1/Fbxo5/Wac/Rock1/Smad3/Usp25/Eif4e/Purb/Prkaa1/Pus7/Itgb3/Gskip/Traf3ip1/Ube2b/Cdkn1a/Rnf139/Svip/Bag2/Apc/Plaa/Tnfaip3/Klhl31/Usp14/Ric1/Capn3/Irak3/Isg15/Fxr1/Ivns1abp/Ago2/N4bp1/Rtn4/Sh3rf2/Mdm4/Samd4/Wnk1/Ptpn1/Tnrc6b/Hhatl/Dtx3l/Pibf1/Rybp/Heg1/Serpinb3a/Ednrb/Tia1/Csnk2a1/Senp2/Xrn1/Cpeb2/Dmtn/Deptor/Ptprc/Gga3"
"GOBP_RESPONSE_TO_ETHANOL",0.569971922565391,0.859236844014506,0.0182092733606427,-0.239372588567972,-0.945559939877124,80,"Bglap3/Cdo1/Car3/Cldn1/Adipoq/Rbp4/Gata3/Adcy7/Grin3a/Chrnb2"
"GOBP_AUDITORY_RECEPTOR_CELL_DEVELOPMENT",0.570267686424474,0.859236844014506,0.0257756081682744,0.314116818535469,0.923210388114235,15,"Slc4a7/Pafah1b1/Elmod3/Rac1"
"GOBP_REGULATION_OF_MORPHOGENESIS_OF_A_BRANCHING_STRUCTURE",0.570329087048832,0.859236844014506,0.0275794844392981,0.258291434894155,0.92888865342076,33,"Gdnf/Fgf2/Six4/Rtn4/Btbd7/Tnf/Etv5"
"GOBP_NECROPTOTIC_PROCESS",0.570653577886851,0.859236844014506,0.0270981378227699,0.27339959501601,0.926854874007855,26,"Spata2/Tnf/Peli1/Bok/Ogt/Casp8/Zbp1/Ybx3/Ripk3"
"GOBP_REGULATION_OF_VIRAL_LIFE_CYCLE",0.570711544139356,0.859236844014506,0.0294772435264845,0.222689966430976,0.945438180576914,70,"Kpna2/Ccl5/Top2a/Ifitm1/Ifit1bl1/Cnot7/Tyro3/Stau1/Isg15/Mavs/N4bp1/Ifih1/Ppid/Oas1g/Tnf/Hmgb1/Pkn2/Pde12/Trim25/Hacd3/Zc3hav1/Prox1/Hs3st5/Znfx1/Srpk1"
"GOBP_ADENYLATE_CYCLASE_INHIBITING_G_PROTEIN_COUPLED_RECEPTOR_SIGNALING_PATHWAY",0.571390658174098,0.859236844014506,0.0275468277926559,0.258063233098389,0.928067975573411,33,"S1pr1/Fpr2/Itgb3/Gnao1/Npy1r"
"GOBP_POSITIVE_REGULATION_OF_ENDOTHELIAL_CELL_PROLIFERATION",0.572094298245614,0.859236844014506,0.0280965182557428,0.233569163165758,0.935591251685341,52,"Fgf2/Itgb3/Hmgb2/Apln/Akt3/Nras/Igf2/Tnfsf12/Hmgb1/Stat3/Jcad/Scg2/Prox1/Sp1/Kdr"
"GOBP_REGULATION_OF_WOUND_HEALING",0.572330827067669,0.859236844014506,0.0297639268989764,0.220866412089644,0.947599795484142,74,"Thbs1/Mtor/Clasp2/Smad3/Phldb2/Fgf2/Cd36/Duox1/Thbd/Tnfaip3/Cldn4/Enpp4"
"GOBP_SKELETAL_SYSTEM_MORPHOGENESIS",0.572536303397716,0.859236844014506,0.0174488634993075,-0.223024067397619,-0.942343807531086,125,"Insig1/Cbs/Serpinh1/Col3a1/Foxc1/Thbs3/Ltbp3/Tmem119/Ghr/Nab2/Fuz/Msx1/Osr2/Shox2/Ext2/Dhrs3/Col1a1/Wdr48/Mmp2/Foxc2/Hoxd9/Runx2/Nle1/Sox11/Ext1/Ltf/Wwox/Acp5/Hyal1/Alpl"
"GOBP_DENDRITIC_CELL_MIGRATION",0.573063809059912,0.859236844014506,0.0260119434529146,0.298887549212256,0.918706526590678,18,"Cxcr2/Ccl5/Ccr1"
"GOBP_INTRINSIC_APOPTOTIC_SIGNALING_PATHWAY",0.573111291632819,0.859236844014506,0.0356019436100328,0.191650426079527,0.963710522435275,198,"Fignl1/Hells/Cul2/Cyp1b1/Mcl1/S100a8/Tmem117/Brsk2/Atf2/Bcl2l11/Atad5/Pmaip1/Ptgs2/Fgf2/Bnip3/Jak2/Dyrk2/Usp15/Cul5/Gskip/Cdkn1a/Ddit4/Pdk1/Trp63/Rrm2b/Ivns1abp/Noc2l/Jmy/Ackr3/Map2k1/Tnfrsf10b/Ptpn1/Opa1/Cul1/Tnf/Ppp2r5c/Tnfrsf1a/Mllt11/Pink1/Casp2/Ercc6/Ikbkg/Bok/Fnip2"
"GOBP_POSITIVE_REGULATION_OF_PROTEOLYSIS_INVOLVED_IN_PROTEIN_CATABOLIC_PROCESS",0.574024822695035,0.859236844014506,0.0181021373381215,-0.235587290026876,-0.939992817967016,86,"Cdk5rap3/Trim67/Xbp1/Ddrgk1/Sirt2/Nop53/Rnf185/Gabarap/Psmc1/Trf/Trib3/Bcap31/Tmem259/Rnft2/Gba/Csnk1d/Rchy1/Usp5/Nub1/Nkd2/Herpud1/Vcp"
"GOBP_IMMUNOGLOBULIN_PRODUCTION",0.57429718875502,0.859236844014506,0.0288405625611997,0.228051425685172,0.940487116482012,60,"Tbx21/Sash3/Atad5/Tfrc/Rif1/Tnfsf4/Il33/Rnf168/Il4ra/Bcl6/Galnt2/Tnf/Ung/Ptprc/Yy1/Lig4"
"GOBP_RESPONSE_TO_CARBOHYDRATE",0.574393246570524,0.859236844014506,0.0326623865740398,0.200338383969212,0.957302836690245,139,"Thbs1/Brsk2/Lcn2/Map1b/Smad4/Prkaa2/Ucp2/Vsnl1/Txnip/Pklr/Sgcb/Smad3/Ppp3cb/Igf1r/Prkaa1/Gpam/Gck/Icam1/Pik3ca/Selenot/Rac1/Abca12/Elavl1/Kat7/Gria1/Srf/Gjb6/Calcrl/Khk"
"GOBP_PHARYNGEAL_SYSTEM_DEVELOPMENT",0.574537354352296,0.859236844014506,0.0203153725822244,-0.331402926250183,-0.921550307079835,16,"Folr1/Gata3/Hes1"
"GOBP_REGULATION_OF_EPITHELIAL_TO_MESENCHYMAL_TRANSITION",0.574549343110296,0.859236844014506,0.0185837424611829,-0.248452481760367,-0.9352403846515,61,"Foxc1/Aplf/Gata3/Sfrp2/Fuz/Efna1/Tcf7l2/Col1a1/Loxl2/Ovol2/Mcrip1/Dsg2/Trim62/Bcl9l/Sfrp1/Adam8/Sdcbp/Snai1"
"GOBP_CRANIAL_SKELETAL_SYSTEM_DEVELOPMENT",0.574610842726785,0.859236844014506,0.0276450470759569,0.242747255002009,0.927771509498149,43,"Cep55/Tbx15/Smad3/Nipbl/Six4/Ric1/Trp63"
"GOBP_INTERLEUKIN_4_PRODUCTION",0.57501217730151,0.859236844014506,0.0259542422898483,0.298350891489229,0.917056973258697,18,"Sash3/Tnfsf4/Il33"
"GOBP_MODIFICATION_OF_POSTSYNAPTIC_STRUCTURE",0.575436307290817,0.859236844014506,0.0195426283077078,-0.292938831848355,-0.921519033626669,26,"Drd1/Pdxp/Cttnbp2/Dixdc1/Sarm1"
"GOBP_PROTEIN_LOCALIZATION_TO_VACUOLE",0.575492341356674,0.859236844014506,0.018900594083489,-0.254635403442561,-0.934023425780451,54,"Umod/Glmp/Mvb12a/Gnptg/Ap4m1/Mfsd1/M6pr/Ap3m1/Ap3d1/Sorl1/Vps37d/Kptn/Stam2/Sort1/Vps28/Vps37b/Lamtor1"
"GOBP_REGULATION_OF_FATTY_ACID_TRANSPORT",0.5756698044895,0.859236844014506,0.0257827051487392,0.301091069499946,0.912363594045569,17,"Thbs1/Tnfsf11"
"GOBP_ACROSOME_ASSEMBLY",0.575911175476708,0.859236844014506,0.0257756081682744,0.301085937283374,0.912348042446629,17,"Knl1/Rfx2/Pafah1b1/Agfg1"
"GOBP_RESPONSE_TO_TESTOSTERONE",0.575989358164283,0.859236844014506,0.0198196201192673,-0.29897150357086,-0.919686197335685,24,"Bglap3/Calr"
"GOBP_BIOLOGICAL_PROCESS_INVOLVED_IN_SYMBIOTIC_INTERACTION",0.576208178438662,0.859236844014506,0.0318272813525166,0.204129567291969,0.955940495521232,122,"Gapdh/Kpna2/Gypa/Camp/Trem1/Tfrc/Slc20a2/Itgb6/Apol9a/Ifit1bl1/Icam1/Itgb3/Nectin3/Nmt2/Cd55/Exoc2/Tyro3/Myd88/Krt6a/Ppid/Npc1/Rab7/Ppara/Hmgb1"
"GOBP_REGULATION_OF_ADAPTIVE_IMMUNE_RESPONSE",0.576293385723641,0.859236844014506,0.0312218761245743,0.206537079834175,0.952679373058877,111,"Spn/Tbx21/Sash3/Atad5/Tfrc/Ywhag/Rif1/Tnfsf4/Ppp3cb/H2-Q7/Prkaa1/Jak2/Il33/Zbtb1/Il4ra/Tnfaip3/Cd55/Ulbp1/Alox15"
"GOBP_SMAD_PROTEIN_SIGNAL_TRANSDUCTION",0.577257889009793,0.860255049231668,0.0278021069074921,0.233664935614978,0.933081148927849,51,"Inhba/Bmpr2/Smad4/Smad3/Jak2/Eng/Magi2/Acvr2a"
"GOBP_CATECHOLAMINE_SECRETION",0.577849389416554,0.860461825118264,0.0200716906249243,-0.318439458314793,-0.910417149812551,18,"Sncg/Chrnb2/Comt/Abat/Gnat1"
"GOBP_NEGATIVE_REGULATION_OF_PROTEIN_POLYMERIZATION",0.57795995585685,0.860461825118264,0.0189657655462325,-0.26121706199232,-0.931549438063652,47,"Fkbp4/Lmod1/Gsn/Vil1/Triobp/Eml2/Tbcd/Kank4/Cfl1/Sptbn4"
"GOBP_REGULATION_OF_CELL_FATE_COMMITMENT",0.578816095776521,0.86097254539466,0.0197454328460408,-0.298486319030245,-0.918193688786093,24,"Lgals1/Sfrp2/Jak3/Hes1/Mbd3/Mta3"
"GOBP_NEGATIVE_REGULATION_OF_REPRODUCTIVE_PROCESS",0.578922040423484,0.86097254539466,0.0192007727745151,-0.276178591210085,-0.916573946434697,33,"Elf5/Calr/Wt1/Acvr1c/Serpinf1/Wee2/Stk11"
"GOBP_MUSCLE_ORGAN_MORPHOGENESIS",0.57914847161572,0.86097254539466,0.0278021069074921,0.236728584953135,0.92983468003118,48,"S1pr1/Smad4/Myf6/Ttn/Myf5/Eng/Rbpj/Arid5b/Ryr2/Nrg1/Med1/Heg1/Ankrd1/Tbx1/Prox1"
"GOBP_CELL_SURFACE_RECEPTOR_PROTEIN_SERINE_THREONINE_KINASE_SIGNALING_PATHWAY",0.579765511790278,0.861470641303161,0.0162744635204843,-0.210280322196838,-0.951985858675044,209,"Folr1/Cited1/Hspa5/Selenon/Col3a1/Htra3/Ltbp3/Ltbp2/Xbp1/Foxd1/Pdcd4/Tmem119/Lox/Sfrp2/Mapk3/Furin/Msx1/Lrp2/Hsp90ab1/Hes1/Gdf10/Acvr1c/Lpxn/Cdkn2b/Pmepa1/Gdf5/Htra1/Ovol2/Rnf165/Sorl1/Brms1/Stk11/Runx2/Parp1/Slc2a10/Sox11/Col1a2/Snx6/Ext1"
"GOBP_HYALURONAN_METABOLIC_PROCESS",0.580191912268677,0.861685120068454,0.0201658807539289,-0.329736850135464,-0.916917357779988,16,"Hexb/Gusb/Hexa/Itih5"
"GOBP_MACROPHAGE_DIFFERENTIATION",0.580896163133888,0.862311845662793,0.0274493519433807,0.248985971944082,0.927523405542208,39,"Inhba/Vps13a/Ucp2/Ccdc39/Large1/Il33"
"GOBP_THIOESTER_BIOSYNTHETIC_PROCESS",0.582009724473258,0.862656487656488,0.0192759250511193,-0.282288176916121,-0.91504804800643,30,"Acsl5/Fasn/Elovl4/Hsd17b12/Hacd1/Elovl7/Acaca/Acly/Ppt1"
"GOBP_DNA_DAMAGE_RESPONSE_SIGNAL_TRANSDUCTION_BY_P53_CLASS_MEDIATOR",0.582423580786026,0.862656487656488,0.0277026891172911,0.236362375747906,0.928396264728541,48,"Pmaip1/Atrx/Acer2/Cdkn1a/Pla2r1/Rps6ka6/Mdm4/Cops3/Ppp2r5c/Casp2/Ankrd1/Usp10/Dyrk1a"
"GOBP_REGULATION_OF_LIPID_STORAGE",0.582449845049747,0.862656487656488,0.0193599685520598,-0.291750178540507,-0.917779800283471,26,"Mest/Clstn3/Ces1d/Fto/C3"
"GOBP_RIBOSOMAL_LARGE_SUBUNIT_BIOGENESIS",0.58250276854928,0.862656487656488,0.018900594083489,-0.257786704722202,-0.925855739527609,49,"Zfp622/Nop53/Rpl11/Mtg2/Ppan/Nsa2/Bop1/Nle1/Rbm34/Rpl24/Spata5/Las1l/Rpl35a/Znhit3/Rpl7/Mrto4/Mrm2/Rpl35"
"GOBP_SMOOTH_MUSCLE_CELL_DIFFERENTIATION",0.583757705708925,0.862656487656488,0.0273445801963149,0.251607419757273,0.923642560385288,36,"Sgcb/Rcan1/Nfatc1/Eng/Ereg/Npnt/Srf/Ednrb/Mecp2/Tbx2"
"GOBP_MAST_CELL_ACTIVATION",0.583804143126177,0.862656487656488,0.0274089539845351,0.245389585712402,0.925561458483152,41,"Adora2b/Fgr/2610528A11Rik/Grp/Il4ra/Slc18a2"
"GOBP_REGULATION_OF_VIRAL_PROCESS",0.58384900990099,0.862656487656488,0.0299193925985233,0.213072477492335,0.946716072737904,89,"Kpna2/Ccl5/Top2a/Ifitm1/Ifit1bl1/Mid2/Stom/Cnot7/Tyro3/Stau1/Isg15/Mavs/N4bp1/Dhx9/Ifih1/Stat1/Ppid/Rab7/Oas1g/Tnf/Hmgb1/Pkn2/Pde12/Trim25/Hacd3/Zc3hav1/Prox1"
"GOBP_REGULATION_OF_CATALYTIC_ACTIVITY",0.583870967741935,0.862656487656488,0.0413437079847925,0.18065117216144,0.971213154279148,357,"Sgk1/Gapdh/Adora2b/Irgm2/Fgr/Tpx2/Mad2l1/Hipk3/Ccnt1/Rbl2/Adcyap1/Tigar/Ywhag/Reck/Rfc4/Ccne2/Ect2/Fbxo5/Plin5/Pik3r5/Ralgapa1/Tcim/Fgf2/Bmi1/Jak2/Gskip/Cab39/Rps2/Dock11/Cdkn1a/Mapk8/Stradb/Fgd6/Apc/Ric1/Ereg/Mrnip/Trib2/Ppp1r3f/Rdx/Ripor1/Bves/Ccnt2/Cap2/Nlrc5/Pum3/Xrcc5/Map2k1/Rangap1/Tnfrsf10b/Rap2b/Nrg1/Fgd5/Vav1/Ptpn1/Oas1g/Ccng1/Dtx3l/Tnf/Hmgb1/Pibf1/Heg1/Rasgrp2/Serpinb3a/Ednrb/Cdc25c/Chtop/Dffa/Rapgef6/Lmo4/Abce1/Oxa1l/Ppp1r12a/Deptor/Ptprc"
"GOBP_B_CELL_APOPTOTIC_PROCESS",0.584464043419267,0.862656487656488,0.0198986631635978,-0.31631684785254,-0.904348614909769,18,"Ormdl3/Cd74/Tnfrsf21/Pkn1/Bak1"
"GOBP_POSITIVE_REGULATION_OF_ANIMAL_ORGAN_MORPHOGENESIS",0.584754018509498,0.862656487656488,0.025669630587903,0.296147871891182,0.910285434971916,18,"Gdnf/Fgf2/Six4/Robo2"
"GOBP_NEGATIVE_REGULATION_OF_MOLECULAR_FUNCTION",0.584819576939029,0.862656487656488,0.0356166436155702,0.190648418475937,0.962470847057661,209,"Gapdh/Zfp593/Mad2l1/Cyp1b1/Hipk3/Nfkbia/Ywhag/Reck/Grp/Fbxo5/Tfdp1/Plin5/Btaf1/Rock1/Tceal7/Ifit1bl1/Gskip/Cdkn1a/Mapk8/Apc/Rnf2/Rdx/Ripor1/Cebpg/Nlrc5/Mitd1/Ptpn1/Dtx3l/Id1/Xirp1/Sumo1/Heg1/Serpinb3a/Ednrb/Nfkbil1/Dffa/Abce1/Oxa1l/Ppp1r12a/Deptor/Ptprc"
"GOBP_REGULATION_OF_KETONE_BIOSYNTHETIC_PROCESS",0.584908903403231,0.862656487656488,0.0200895758797669,-0.334168271949158,-0.914059666955474,15,"Bglap3"
"GOBP_OLFACTORY_LOBE_DEVELOPMENT",0.584914961794429,0.862656487656488,0.0258681820896116,0.28905967413046,0.912413895153914,20,"Arx/Rac1/Robo2/Srf/Ogdh/Atp1a2/Slit2/Robo1/Lrrk2/Zic1/Dlx5/Chd7"
"GOBP_AXON_EXTENSION",0.585081585081585,0.862656487656488,0.0287866286767462,0.222865087090094,0.93992506051794,67,"Bmpr2/Map1b/Clasp2/Ppp3cb/Pafah1b1/Rab21/L1cam/Rtn4/Ttl/Srf/Tnfrsf12a/Nrcam/Dip2b/Sin3a/Ssna1"
"GOBP_NEURON_CELLULAR_HOMEOSTASIS",0.585498007968127,0.862854034897554,0.0189331368924328,-0.268295597750182,-0.920316932083547,39,"Adora1/Hexb/Atp6v1b1/Osbpl2/Atp6v1g1/Bap1/Calb1/Atp2b3/P2rx1/Clcn3/Slc24a2"
"GOBP_RESPONSE_TO_TYPE_II_INTERFERON",0.586018237082067,0.863204298112688,0.0295245956668338,0.219309408716407,0.943190698558497,76,"Gapdh/Irgm2/Ccl5/Gbp5/Gbp2/Ifitm1/Jak2/Hck/Vamp4/Kif5b/Nlrc5/Stat1/Gbp9/Med1/Adamts13/Tnf/Il23r/Gbp4/Pde12"
"GOBP_REGULATION_OF_NEURONAL_SYNAPTIC_PLASTICITY",0.587658685521453,0.864161083785617,0.0190025759982174,-0.277618730180268,-0.914426611791063,32,"Cntn2/Nsmf/Cln3/App/Ephb2/Gsg1l/Grin1/Grik2/Dlg4/Grin2a/Hras/Syngr1"
"GOBP_ADULT_BEHAVIOR",0.587813620071685,0.864161083785617,0.0179093211497247,-0.239117428069666,-0.933468456139174,75,"Drd1/Cntn2/Sncg/Slc1a1/Efnb3/Chrnb2/Atp6v1b1/Arcn1/Cdk5/Hexa/Id2/App/Gigyf2/Hoxd9/Nrxn3/Sptbn4/Dab1/Ppt1/Clcn3/Bbs4/Slitrk6"
"GOBP_IMMUNE_RESPONSE_REGULATING_SIGNALING_PATHWAY",0.587925251557259,0.864161083785617,0.0385859064414778,0.183475433930366,0.964991859280909,296,"Ermap/Irgm2/Fgr/Fpr2/Btnl9/Ppp2ca/S100a8/Ube2n/Mapk10/Ifi204/Ipo5/Nfkbia/Gbp5/Dhx58/Gbp2/Btnl10/H2-Q7/Pde4b/Usp15/Cd36/Rps6ka3/Hck/Pum2/Washc4/Mapk8/Sos1/Itgam/Cblb/Slc19a1/Pik3ca/Lipa/Tnfaip3/Ddx60/Appl1/Tyro3/Irak3/Mavs/Myd88/Csnk1a1/Rnf125/Rtn4/Ifih1/Colec11/Wnk1/Tbk1/Vav1/Oas1g/Slc39a6/Map2k7/Tnf/Hmgb1/Nfkbil1/Peli1/Ppp6c/Colec12/Ptprc/Lamp2/Ikbkg/Crkl/Trim25/Flot2/Yes1/Clec4d/Cd300lf/Cd274/Zc3hav1/Ogt/Rnf115"
"GOBP_SMALL_GTPASE_MEDIATED_SIGNAL_TRANSDUCTION",0.588242667335172,0.864161083785617,0.0153435904182322,-0.202662079109678,-0.956952840981201,319,"Rab39b/Fbp1/Cdc42ep5/Dhcr24/Nucb2/Bcar3/Trim67/Col3a1/Arhgap8/Dok1/Rasgef1a/Arfgap1/Ntn1/Ksr2/Arfip2/Arhgef10/Arhgap42/Kctd10/Brk1/Rab9b/Mras/Rfxank/Stk19/Cgnl1/Cyth2/Cyth4/Plekhg5/Reln/Rgl3/Arhgef19/Rhoc/Rras/Rap1gap2/Ophn1/Gabarap/Arhgap12/Sipa1l1/Stambp/Nucb1/Arhgef28/Rab15/Arhgef18/Lztr1/Rasl10a/Mcf2l/Garnl3/Ephb2/Def6/Arhgap28/Cfl1/Sipa1l3/Ksr1/Rasip1/Col1a2/Cdkl5/Pld1/Tnk2/Adcyap1r1/Shtn1/Srgap3/Dab1/Rapgef3/Arfgef3/Map4k4/Arhgef25/Rtkn/Eps8l2/Rab4a/Arl3/Arhgdia/Arhgdig/Vav2/Cdon/Sipa1/Farp2/Rundc3a/Ccdc125"
"GOBP_REGULATION_OF_EXTRINSIC_APOPTOTIC_SIGNALING_PATHWAY_IN_ABSENCE_OF_LIGAND",0.588266107909901,0.864161083785617,0.0268100762198305,0.259217455191898,0.91835905782681,31,"Mcl1/Inhba/Gdnf/Eya1/Stradb"
"GOBP_CELLULAR_RESPONSE_TO_VITAMIN_D",0.588364993215739,0.864161083785617,0.019797753759042,-0.315629975052015,-0.902384848294139,18,"Bglap3/Pim1/Casr"
"GOBP_RETINA_MORPHOGENESIS_IN_CAMERA_TYPE_EYE",0.588685258964143,0.864215985648947,0.0188519397752642,-0.267714206838257,-0.918322624667061,39,"Rbp4/Slc1a1/Rpgrip1/Thy1/Gnat1/Mfsd2a/Calb1/Man2a1/Rpgrip1l/Thrb/Bbs4/Cdon/Lrp5/Fat3/Gnat2"
"GOBP_VESICLE_DOCKING",0.58918315252074,0.864531475000414,0.0188559870045363,-0.26608461866039,-0.916890167896907,40,"Unc13c/Stxbp2/Unc13b/Cftr/Ykt6/Rabepk/Cln3/Stx7/Exoc8/Vps18"
"GOBP_HETEROTYPIC_CELL_CELL_ADHESION",0.589750469546552,0.864948480299912,0.0271850439021925,0.247692750597978,0.922705892902068,39,"Vcam1/Itgb3/Dsc2/Itgam/Jam3/Wnk1/Tnf/Nrcam/Ptprc/Flot2/Ctnna3/Il1b/Itgb2/Perp/Itga5"
"GOBP_CENTRAL_NERVOUS_SYSTEM_NEURON_DIFFERENTIATION",0.590086206896552,0.865025605599312,0.0172835453034804,-0.22422693079718,-0.935811820373325,116,"Drd1/Cntn2/Scyl1/Sfrp2/Chrnb2/Efna1/Tox/Tctn1/Cdk5/Hes1/Faim2/Ophn1/Ubb/Arhgef28/Lhx8/Cdh11/Gigyf2/Tfap2c/Ephb2/Ephb1/Sufu/Draxin/Sptbn4/Gba/Dab1/Csnk1d"
"GOBP_REGULATION_OF_RESPONSE_TO_WOUNDING",0.590630048465267,0.865347123408199,0.0305088425715827,0.20884363697025,0.9439975982731,99,"Thbs1/Mtor/Clasp2/Smad3/Phldb2/Fgf2/Il33/Cd36/Pum2/Duox1/Thbd/Tnfaip3/Cldn4/Enpp4/Map2k1/Rtn4rl1/Eppk1/Tnf/Hmgb1/Tnfrsf12a/Stat3/Dmtn"
"GOBP_POSITIVE_REGULATION_OF_CYTOKINE_PRODUCTION_INVOLVED_IN_IMMUNE_RESPONSE",0.590872045639772,0.865347123408199,0.0273686825868796,0.234076314735403,0.92560721285591,49,"Tbx21/Sash3/Tnfsf4/H2-Q7/Cd36/Cd55/Mavs/Myd88/Rtn4"
"GOBP_POSITIVE_REGULATION_OF_INTERLEUKIN_1_PRODUCTION",0.591408114558473,0.865717196921961,0.0187592166676672,-0.265289415947833,-0.918733826226872,41,"Panx3/Tmed10/Orm1/S100a13/App"
"GOBP_REGULATION_OF_MITOTIC_SPINDLE_ASSEMBLY",0.592324402606807,0.866643223162737,0.0253021730548634,0.297837409523931,0.902504381301564,17,"Cep97/Pdcd6ip/Chmp2b/Chmp7/Chmp1b"
"GOBP_POSITIVE_REGULATION_OF_IMMUNE_RESPONSE",0.593544530783024,0.868012705381589,0.0434622887233228,0.178327075501035,0.970786295889632,414,"Ermap/Irgm2/Fgr/Fpr2/Btnl9/Il18rap/Cd177/Tbx21/Ppp2ca/S100a8/Ube2n/Ccl5/Ifi204/Sash3/Ipo5/Nfkbia/Atad5/Tfrc/Ywhag/Gbp5/Rif1/Tnfsf4/Dhx58/Gbp2/Btnl10/H2-Q7/Prkaa1/Pde4b/Tomm70a/Jak2/Il33/Usp15/Cd36/Rps6ka3/Hck/Pum2/Zbtb1/Washc4/Hmgb2/Il4ra/Mapk8/Sos1/Itgam/Cblb/Slc19a1/Pik3ca/Lipa/Tnfaip3/Ereg/Ddx60/Cd55/Ulbp1/Appl1/Tyro3/Irak3/Mavs/Myd88/Csnk1a1/Rnf125/Rtn4/Nlrc5/Dhx9/Ifih1/Xrcc5/Colec11/Wnk1/Tbk1/Vav1/Opa1/Oas1g/Slc39a6/Med1"
"GOBP_CELLULAR_RESPONSE_TO_VASCULAR_ENDOTHELIAL_GROWTH_FACTOR_STIMULUS",0.593886462882096,0.86809719813627,0.0273606434308949,0.235069318745485,0.923317329101286,48,"Vcam1/Vegfc/Itgb3/Vegfd/Pik3ca/Sema6a/Jcad/Flt1/Grem1/Prox1/Map2k3/Gab1/Kdr/Atp2b4"
"GOBP_SEQUESTERING_OF_CALCIUM_ION",0.59445768772348,0.868332912974658,0.0177083382684829,-0.237562052163464,-0.92970734047528,76,"Drd1/Calr/Selenon/Plch1/Hsp90b1/Pln/Slc8b1/Mcoln1/Thy1/Cd19/Itpr2/Ryr3/Htr2b/Aplnr/Plcg1/Ptpn6"
"GOBP_ESTABLISHMENT_OR_MAINTENANCE_OF_BIPOLAR_CELL_POLARITY",0.595036028823058,0.868332912974658,0.0187632337106183,-0.271431241116198,-0.911466481629559,35,"Ift20/Arf4/Ophn1/Lama1/Pard6b/Crb3/Llgl2/Dlg4/Tcf15/Slc9a3r1/Fscn1/Scrib"
"GOBP_REGULATION_OF_INTRACELLULAR_STEROID_HORMONE_RECEPTOR_SIGNALING_PATHWAY",0.595086151882578,0.868332912974658,0.018707113212832,-0.265101195700688,-0.913501430708061,40,"Calr/Ddrgk1/Uba5/Tcf7l2/Arntl/Cnot2/Vps18/Rnf6/Parp1/Pkn1/Safb/Sfrp1"
"GOBP_POSITIVE_REGULATION_OF_ATP_DEPENDENT_ACTIVITY",0.595442083618917,0.868332912974658,0.0197715654337766,-0.325169217806296,-0.904215891853899,16,"Rgn/Ahsa1/Myl4/Ssbp1/Plscr1/Pfn1"
"GOBP_RENAL_SYSTEM_VASCULATURE_DEVELOPMENT",0.595827679782904,0.868332912974658,0.0196069902938321,-0.313709435444641,-0.896894033164944,18,"Wt1/Acta2/Hes1/Foxc2/Ednra"
"GOBP_NEGATIVE_REGULATION_OF_PROTEIN_MODIFICATION_PROCESS",0.595931252192213,0.868332912974658,0.0318949747934007,0.199435286575124,0.95056093655997,137,"Mad2l1/Hipk3/Spopl/Prkaa2/Ywhag/Gtpbp4/Fbxo5/Prkaa1/Gskip/Traf3ip1/Ube2b/Cdkn1a/Bag2/Apc/Plaa/Tnfaip3/Klhl31/Capn3/Isg15/Ivns1abp/N4bp1/Sh3rf2/Wnk1/Ptpn1/Hhatl/Dtx3l/Pibf1/Heg1/Senp2/Dmtn/Deptor/Ptprc"
"GOBP_REGULATION_OF_CELLULAR_RESPIRATION",0.596278108038253,0.868332912974658,0.0263489333555479,0.26026867202989,0.909831148340038,29,"Tefm/Pik3ca/Oas1g/Tnf/Pink1/Etfrf1/Opn3/Snca/Actn3"
"GOBP_ACTIN_FILAMENT_POLYMERIZATION",0.596844059405941,0.868332912974658,0.0295151116826142,0.211885743484167,0.941443218295044,89,"Mtor/Diaph2/Ssh2/Jak2/Hck/Lmod2/Rac1/Rdx/Alox15/Flii/Coro1a/Inf2/Pfn2/Capza2/Nckap1/Mkks/Dmtn/Tmod4/Msrb1/Arhgap40/Cdc42ep3/Fchsd2/Ssh1/Arf6/Svil/Wasl"
"GOBP_POSITIVE_REGULATION_OF_CANONICAL_NF_KAPPAB_SIGNAL_TRANSDUCTION",0.596983514556296,0.868332912974658,0.0318610863741135,0.199367387559661,0.950237312025725,137,"Gapdh/Tnfsf11/Ube2n/Tnfsf14/Tfrc/Zdhhc13/Ect2/Tnfsf10/Mier1/Apol8/Cd36/Mid2/Irak3/Mavs/Myd88/Nampt/Tnfrsf10b/Tbk1/Ror1/Cul1/Tnf/Nfat5/Ednrb/Tnfrsf1a/S100a4/Stat3/Pink1/Peli1/Ikbkg/Huwe1/Trim25/Flot2/Clec4d/Ppm1a/Zc3hav1/Casp8/Zdhhc17/Lurap1/Traf5/Plcg2/Ankrd17/Map3k3/Il1b/Btk"
"GOBP_SYNAPTIC_VESICLE_LOCALIZATION",0.597214783074451,0.868332912974658,0.026933847286694,0.244280798349105,0.91732657545568,40,"Synj1/Brsk2/Ap3b2/Btbd8/Kif5b/Lin7a/Borcs5/Kif1b/Pink1/Slc2a4/Bloc1s6/Snca/Ctbp1/Bloc1s4/Bloc1s5"
"GOBP_NEURON_MATURATION",0.597531526697075,0.868332912974658,0.0269571885094714,0.246474621132656,0.918168112796447,39,"Tbx6/Ccdc39/Kcnq3/Rac1/Cntnap2/Nr4a2/Ednrb/Mecp2/Sclt1/Nrcam/Adgrb3/B4galt5"
"GOBP_OSTEOBLAST_DIFFERENTIATION",0.59769955654102,0.868332912974658,0.0165683370223268,-0.216049699529766,-0.936111869831777,150,"Panx3/Bglap3/Cited1/Lrrc17/Fasn/Fam20c/Tmem119/Smoc1/Mrc2/Lox/Sfrp2/H3f3a/Rbmx/Rrbp1/Id2/Gdf10/Twist2/Ffar4/Sirt7/Shox2/Map2k6/Col1a1/Rps15"
"GOBP_REGULATION_OF_GLIAL_CELL_PROLIFERATION",0.597858815657411,0.868332912974658,0.0193473254195578,-0.300505369332777,-0.90412284034602,22,"Ntn1/Cers2/Sox10/Hes1/Sox11/Slc7a5/Gfap"
"GOBP_NEGATIVE_REGULATION_OF_GROWTH",0.59824834016104,0.868332912974658,0.0168344887083045,-0.220876789706562,-0.931604266368912,124,"Fbp1/Socs2/Epha7/Rbp4/Alox8/Ntn1/Cdkn2c/Sfrp2/P3h1/Wt1/Msx1/Zc3h12d/Cdk5/Bst2/Jade1/Cfl1/Rnf6/Stk11/Draxin/Adrb1/Kcnk2/Ppt1/Hyal1/Btg1/Pml/Ptch1/Mapk11/Ei24/Sfrp1/Sipa1"
"GOBP_CELL_JUNCTION_DISASSEMBLY",0.598360655737705,0.868332912974658,0.019334695250735,-0.300380189126148,-0.903746213851048,22,"C3/Cx3cr1/Sarm1/C1qa/Pik3r1/Map4k4"
"GOBP_NEGATIVE_REGULATION_OF_WNT_SIGNALING_PATHWAY",0.598738262910798,0.868332912974658,0.0173767215706435,-0.229635582749409,-0.927312675785236,93,"Cited1/Sfrp5/Dkk2/Sfrp2/Fuz/Sox10/Amer2/Tcf7l2/App/Nkd1/Tpbgl/Jade1/Lzts2/Stk11/Draxin/Bicc1/Igfbp4/Sox2/Wwox/Otud5/Tmem88b/Hic1/Rnf43/Nkd2/Sfrp1/Tbx18/Ccdc88c/Tle2"
"GOBP_REGULATION_OF_CARDIAC_MUSCLE_CELL_PROLIFERATION",0.598879688261081,0.868332912974658,0.0252680562881312,0.292865735542708,0.900196958243961,18,"Ccnb1/Fgf2/Rbpj/Nrg1/Tbx2/Yap1/Cdk1"
"GOBP_VASCULAR_ASSOCIATED_SMOOTH_MUSCLE_CELL_DIFFERENTIATION",0.599249018603857,0.868456239010808,0.0196155974069712,-0.318801788949517,-0.899106831974609,17,"Pdcd4/Hes1/Cth/Aplnr/Ednra/Nfatc2/Comp/Efemp2"
"GOBP_NEGATIVE_REGULATION_OF_CELL_DIFFERENTIATION",0.6,0.868492585207801,0.0147055414895405,-0.199440111905048,-0.954385833311255,365,"Nr1d1/Cited1/Lrrc17/Elf5/Insig1/Calr/Cntn2/Bhlha15/Meis1/Epha7/Ltbp3/Adipoq/Ldlr/Xbp1/Ntn1/Pdcd4/Gata3/Tmem119/Pkp2/Lgals1/Efnb3/Cers2/Sfrp2/Fuz/Sox10/Col5a1/Sirt2/Efna1/Tent5c/Msx1/H2-M3/Cdk5/Jak3/Hes1/Tmem98/Dixdc1/Id2/Cd74/Gpr137/Twist2/Meis2/Prdm6/Tcta/Zfp36l2/Arntl/Thy1/Gdf5/Trib3/Iqcb1/Ovol2/Ephb2/Pik3r1/Ephb1/Tlr3/Sorl1/Il17d/Sufu/Cfl1/Rnf6/Wee2/Draxin/Plpp7/Sox11/Sox4/Adamts12/Cib1/Nfatc2/Sort1/Sox2/Ltf/Dsg2/Dab1/Pias3"
"GOBP_MATURATION_OF_LSU_RRNA",0.60034096444228,0.868492585207801,0.0252272384156983,0.29273199226872,0.899785864442884,18,"Rpf2/Gtpbp4/Wdr12/Ddx18"
"GOBP_REGULATION_OF_CELLULAR_RESPONSE_TO_TRANSFORMING_GROWTH_FACTOR_BETA_STIMULUS",0.600384957062482,0.868492585207801,0.0174705863146137,-0.23301756724144,-0.927459622663822,85,"Folr1/Cited1/Hspa5/Htra3/Xbp1/Lox/Hsp90ab1/Cdkn2b/Pmepa1/Htra1/Ovol2/Brms1/Stk11/Slc2a10/Sox11/Snx6"
"GOBP_RIBOSOMAL_LARGE_SUBUNIT_ASSEMBLY",0.600411240575737,0.868492585207801,0.0196457698579384,-0.32374381097052,-0.900252184827876,16,"Nop53/Rpl11/Mtg2/Bop1/Rpl24/Mrto4/Mrm2"
"GOBP_POSITIVE_REGULATION_OF_STEM_CELL_POPULATION_MAINTENANCE",0.601481873511511,0.869629495304149,0.0266038988619083,0.254108414871925,0.905683773295905,32,"Trp63/Brms1l/Sap30/Sin3a/Yap1/Ogt/Arid4b/Hdac2/Sap130/Dpf2/Ing1"
"GOBP_CYTOCHROME_COMPLEX_ASSEMBLY",0.601974538841258,0.869930092790937,0.0262749079581434,0.265789685033521,0.909879617537326,27,"mt-Co3/Hccs/Timm21/Lyrm7/Ttc19/Coa5"
"GOBP_CELL_CELL_ADHESION_VIA_PLASMA_MEMBRANE_ADHESION_MOLECULES",0.602411308203991,0.870149667405765,0.0164540093745119,-0.215503034009185,-0.933743247779734,150,"Cntn2/Pcdhga2/Cadm1/Cldn1/Cldn11/Cd209b/Adipoq/Pcdhga1/Umod/Pcdh10/Clstn3/Cldn10/Cd164/Mpz/Ptprt/Clstn1/Pcdh11x/Cdh24"
"GOBP_MOLTING_CYCLE_PROCESS",0.603715170278638,0.870389161694583,0.0180451181603348,-0.248845763138622,-0.92128813756548,56,"Krt25/Krt27/Trpc4ap/Ldb2/Fuz/Sox18"
"GOBP_PRESYNAPSE_ORGANIZATION",0.603719224724987,0.870389161694583,0.0263637904342498,0.257091159362585,0.910825988601114,31,"Slitrk1/Clasp2/Cap2/Lrrc4b/Pfn2/Slitrk3/Snca/Gpc4/Arf6/Pls3"
"GOBP_NEUROTRANSMITTER_RECEPTOR_LOCALIZATION_TO_POSTSYNAPTIC_SPECIALIZATION_MEMBRANE",0.603894503327582,0.870389161694583,0.0253295334887057,0.285284939492156,0.900498984003239,20,"Map2k1/Lgi1/Nptx1/Cacng7/Ogt/Gpc4/C1ql3/Kif2c/Traf6/Erbb2/Dlg1"
"GOBP_RESPONSE_TO_PAIN",0.603994154895275,0.870389161694583,0.0251257720879301,0.291438480433693,0.895809928448916,18,"Thbs1/Mtor/Slc6a2/Gria1/Ednrb"
"GOBP_POSITIVE_REGULATION_OF_CELLULAR_RESPONSE_TO_TRANSFORMING_GROWTH_FACTOR_BETA_STIMULUS",0.604237700925475,0.870389161694583,0.0251190368255729,0.291406085104734,0.895710353206577,18,"Thbs1/Smad4/Tsc22d1/Npnt"
"GOBP_AXIS_ELONGATION",0.604392951967174,0.870389161694583,0.024965118718487,0.295426527927489,0.895198948424392,17,"Areg/Six4/Ppp2r3a/Med1/Yap1/Rdh10"
"GOBP_NEUROMUSCULAR_PROCESS_CONTROLLING_BALANCE",0.605427974947808,0.870389161694583,0.0262527843830225,0.257492335938611,0.907254445116183,30,"Vps13a/Grin2c/Cwh43/Jph4/Pafah1b1/Ush1g/Slc1a3"
"GOBP_REGULATION_OF_FIBROBLAST_APOPTOTIC_PROCESS",0.605640535372849,0.870389161694583,0.0247671651170033,0.305672863195991,0.89839303728748,15,"Bcl2l11/Pik3ca/Trp63/Stk17b/Api5"
"GOBP_LIVER_MORPHOGENESIS",0.605706428325885,0.870389161694583,0.0195597585889711,-0.328068353362546,-0.897374391841796,15,"Sulf2/Xbp1"
"GOBP_PROSTANOID_BIOSYNTHETIC_PROCESS",0.606082548877625,0.870389161694583,0.0249186479301224,0.294937554417738,0.893717265060317,17,"Ptgs2/Pnpla8/Plaa/Ptgs1/Pibf1/Pla2g10/Fabp5/Il1b/Pla2g3"
"GOBP_MELANOCYTE_DIFFERENTIATION",0.60622206943967,0.870389161694583,0.0195469086414498,-0.327873710832998,-0.896841980776268,15,"Cited1/Sox10/Rab27a"
"GOBP_REGULATION_OF_CHOLESTEROL_BIOSYNTHETIC_PROCESS",0.60622206943967,0.870389161694583,0.0195469086414498,-0.327758209747821,-0.896526047480645,15,"Insig1/Srebf2/Mbtps1/Fgf1/Lpcat3/Abca2/Prkaca"
"GOBP_INTRINSIC_APOPTOTIC_SIGNALING_PATHWAY_IN_RESPONSE_TO_DNA_DAMAGE",0.606280895609189,0.870389161694583,0.0281135455123913,0.220313941302095,0.92684252064507,66,"Mcl1/Bcl2l11/Atad5/Dyrk2/Cdkn1a/Ddit4/Trp63/Ackr3/Tnf/Ppp2r5c/Tnfrsf1a/Casp2/Ercc6/Bok/Fnip2"
"GOBP_PHOSPHOLIPID_TRANSPORT",0.607093077280471,0.871145773176063,0.0179694939711885,-0.246851143977456,-0.915468698504781,57,"Pctp/Dbi/Ldlr/Npc2/Clptm1l/Osbpl2/Kcnn4/Pitpna/C2cd2l/Pltp/Osbpl10/Esyt1/Mfsd2a/Tmem41b/Tmem30b/Atp9a"
"GOBP_RESPONSE_TO_CHEMOKINE",0.607890499194847,0.871795757721654,0.0266646412737587,0.239401182754002,0.914982938519671,43,"Cxcr2/Ccl5/Jak2/Ccr1/Ccl7/Ripor1/Ackr3/Ccr9/Wnk1"
"GOBP_MEGAKARYOCYTE_DIFFERENTIATION",0.608116778954123,0.871795757721654,0.0184655067086356,-0.270851401383077,-0.898894214701135,33,"Meis1/Uba5/Lox/Cdkn2b/Tesc/Cib1/Ptpn6"
"GOBP_NEURONAL_ACTION_POTENTIAL",0.60862152946907,0.872019224942673,0.0249984183125966,0.290513252115318,0.892966005050577,18,"Mtor/Kcna2/Kcnq3/Kcnk4/Scn4b/Gria1"
"GOBP_NEGATIVE_REGULATION_OF_TRANSLATION",0.608843537414966,0.872019224942673,0.0291412258267377,0.211377370314261,0.934353761241237,86,"Gapdh/Celf1/Eif2s1/Cnot9/Cpeb4/Eif4e/Purb/Pus7/Rnf139/Fxr1/Ago2/Samd4/Tnrc6b/Tia1/Csnk2a1/Xrn1/Cpeb2/Habp4/Otud6b/Ireb2/Rgs2/Limd1/Tnrc6c/Ddx6"
"GOBP_REGULATION_OF_DENDRITE_MORPHOGENESIS",0.609228321400159,0.872161444178766,0.0183173360456645,-0.262161082202184,-0.907899975122839,41,"Eef2k/Nsmf/Chrnb2/Reln/Nedd4l/Sarm1/Ephb2/Cul7/Stk11/Cdkl5/Dpysl5/Anapc2/Numbl"
"GOBP_POSITIVE_REGULATION_OF_MITOTIC_CELL_CYCLE",0.610030395136778,0.872900635664102,0.0287956022589584,0.217069734436463,0.933558462709576,76,"Ccnb1/Dtl/Ccne2/Fbxo5/Tfdp1/Rrm2/Eif4e/Pafah1b1/Lsm11/Rdx/Rrm2b"
"GOBP_REGULATION_OF_TOLL_LIKE_RECEPTOR_SIGNALING_PATHWAY",0.613119143239625,0.874568477952095,0.0189739361797929,-0.299584829808062,-0.893025143460936,21,"Hsp90b1/Irf7/Lrrc14/App/Sarm1/Gpr108"
"GOBP_PROTEIN_LOCALIZATION_TO_POSTSYNAPSE",0.613336779529594,0.874568477952095,0.0258681820896116,0.257567634193295,0.900389027098888,29,"Grin2c/Vamp4/Map2k1/Lgi1/Nptx1/Cacng7/Cplx1/Ogt/Gpc4/C1ql3/Kif2c/Traf6/Erbb2/Dlg1"
"GOBP_INTEGRATED_STRESS_RESPONSE_SIGNALING",0.614100486223663,0.874568477952095,0.0184733542167669,-0.275971148232696,-0.894571155105292,30,"Hspa5/Ddrgk1/Agr2/Ppp1r15a"
"GOBP_NEGATIVE_REGULATION_OF_LIPID_CATABOLIC_PROCESS",0.614119259766964,0.874568477952095,0.0193052751140165,-0.321089245007687,-0.892870487551112,16,"Adora1/Hcar1/Bscl2/Sorl1/Mfsd2a/Cidea/Akt1/Adra2a"
"GOBP_ACID_SECRETION",0.614851150202977,0.874568477952095,0.0190930214454753,-0.307672969619295,-0.889627036928547,19,"Tff2/Umod/Ces1d/Abat/Casr"
"GOBP_INTRACELLULAR_GLUCOSE_HOMEOSTASIS",0.614995254666245,0.874568477952095,0.0293736614671865,0.208144725968903,0.936706078489304,95,"Ppargc1a/Brsk2/Smad4/Prkaa2/Ucp2/Vsnl1/Smad3/Ppp3cb/Igf1r/Prkaa1/Gck/Icam1/Pik3ca/Selenot/Rac1/Abca12"
"GOBP_REGULATION_OF_SPINDLE_ASSEMBLY",0.615002483854943,0.874568477952095,0.0251527494517956,0.279218797680806,0.894074332631873,21,"Cep97/Pdcd6ip/Chmp2b/Chmp7/Chmp1b/Mapk15/Tpr/Hnrnpu/Rcc1/Dync1h1/Hspa1b/Chmp1a/Vps4b/Cenpj/Hspa1a/Plk1/Ripor2/Drg1/Chmp5/Numa1/Chmp6"
"GOBP_RESPONSE_TO_ATP",0.615020297699594,0.874568477952095,0.0190888958892103,-0.307638295002444,-0.889526776328196,19,"Hsp90b1/Pdxp/Ryr3/P2rx4/P2rx1/P2ry12/P2rx2/Trpv1/P2rx7"
"GOBP_NEGATIVE_REGULATION_OF_LIPID_BIOSYNTHETIC_PROCESS",0.615084525357607,0.874568477952095,0.0184929946691487,-0.280302645507915,-0.896094814815408,28,"Insig1/Ormdl3/Akr1c18/Ormdl2/Trib3"
"GOBP_NEGATIVE_REGULATION_OF_BINDING",0.615673644659152,0.874568477952095,0.0264458167769808,0.238451033155317,0.91135150002034,43,"Zfp593/Btaf1/Rock1/Ifit1bl1/Mapk8/Mitd1/Xirp1/Sumo1/Efhb/Mdfi/Nfib/Bax/Slpi/Itgb1bp1/Pex19"
"GOBP_MODULATION_BY_HOST_OF_VIRAL_GENOME_REPLICATION",0.615678776290631,0.874568477952095,0.0244952079175507,0.303556058165543,0.892171605392068,15,"Smc5/Stom/Smc6/Zfyve1/Nucks1"
"GOBP_REGULATION_OF_AUTOPHAGY",0.616067653276956,0.874568477952095,0.0349412990575916,0.187527085939698,0.953930526248682,219,"Gapdh/Irgm2/Mcl1/Ulk3/Rb1cc1/Trim23/Scoc/Mtm1/Pptc7/Mtor/Tigar/Prkaa2/Wac/Rock1/Eif4e/Prkaa1/Bnip3/Acer2/Dnm1l/Eif4g2/Mapk8/Svip/Mid2/Pik3ca/Fyco1/Sh3glb1/Vdac1/Elavl1/Tfeb/Map2k1/Npc1/Wnk1/Tbk1/Foxk2/Pik3c2a/Vps26a/Usp13/Hmgb1/Fez2/Csnk2a1/Stat3/Pink1/Deptor/Clec16a/Usp10/Ikbkg/Bok/Vps13c/Huwe1"
"GOBP_RECEPTOR_LOCALIZATION_TO_SYNAPSE",0.616397849462366,0.874568477952095,0.0264533000664842,0.239112329881988,0.908499165661306,42,"Mkln1/Itgb3/Vamp4/Kif5b/Rdx/Map2k1/Lgi1/Nptx1/Cacng7/Cplx1/Ogt/Gpc4/C1ql3/Cacng4/Kif2c/Traf6/Erbb2/Dlg1/Kif17"
"GOBP_REGULATION_OF_CYTOSOLIC_CALCIUM_ION_CONCENTRATION",0.616618543471287,0.874568477952095,0.0182593290079758,-0.269274281972511,-0.893660113984611,33,"Adora1/Cln3/Pln/Osbpl2/Slc8b1/Calb1/Atp2b3/P2rx1/Cngb1/Calcb/Cav2"
"GOBP_NEGATIVE_REGULATION_OF_CANONICAL_WNT_SIGNALING_PATHWAY",0.616636798088411,0.874568477952095,0.0172052330312473,-0.234805329423413,-0.916634852254541,75,"Sfrp5/Dkk2/Sfrp2/Fuz/Sox10/Amer2/Tcf7l2/App/Nkd1/Tpbgl/Jade1/Lzts2/Stk11/Draxin/Bicc1/Igfbp4/Sox2/Otud5/Tmem88b/Nkd2/Sfrp1/Tbx18/Ccdc88c/Tle2/Sox13/Slc9a3r1"
"GOBP_NEGATIVE_REGULATION_OF_B_CELL_ACTIVATION",0.61688799799549,0.874568477952095,0.0252476307269126,0.27065704646758,0.890329127122754,23,"Inhba/Ifi204/Tnfaip3/Bcl6"
"GOBP_MODULATION_BY_HOST_OF_VIRAL_PROCESS",0.616905029728427,0.874568477952095,0.018278634741349,-0.272252886113682,-0.896752477895194,32,"Pcx/Fasn/Tbc1d20/Ppib"
"GOBP_INTERLEUKIN_12_PRODUCTION",0.617210682492582,0.874568477952095,0.0264907827939275,0.245166255211201,0.903742263936804,37,"Thbs1/Tnfsf4/H2-Q7/Cd36/Irak3/Hmgb1/Pibf1/Il23r"
"GOBP_NEGATIVE_REGULATION_OF_PROTEIN_LOCALIZATION_TO_MEMBRANE",0.617378780604897,0.874568477952095,0.0245208540897068,0.298994316928113,0.889899538102704,16,"Picalm/Numb/Ppp2r5a/Wnk1/Rhoq/Dmtn/Wnk3"
"GOBP_POSITIVE_REGULATION_OF_ERK1_AND_ERK2_CASCADE",0.617388575015694,0.874568477952095,0.0291596706476492,0.20797217644355,0.932153173228109,93,"Fpr2/Tnfsf11/Inhba/Adcyap1/Garem1/Fgf2/Icam1/Itgb3/Ccr1/Cd36/Npnt/Alox15/Nampt/Ackr3/Map2k1/Nrg1/Map2k7/Tnf/Hmgb1/Tnfaip8l3/Ptprc/Crkl/Rap1b/Nox4/Bmp2/Kdr/Ddr2"
"GOBP_MOTOR_BEHAVIOR",0.617493692178301,0.874568477952095,0.0189453625516487,-0.30269460681551,-0.890067506015718,20,"Ormdl3/Slc1a1/Pfkfb3/Sgsh/Ext1/Gba/Mfsd2a/B4galnt1"
"GOBP_REGULATION_OF_D_GLUCOSE_IMPORT",0.617561448900388,0.874568477952095,0.0183561578161049,-0.273682425883714,-0.893046487462714,31,"Adipoq/C1qtnf12/Selenos/Pid1/Pea15a/Rnasel/Pik3r1"
"GOBP_NEGATIVE_REGULATION_OF_MYELOID_LEUKOCYTE_DIFFERENTIATION",0.617901828681424,0.874568477952095,0.0182285017977177,-0.269153308774733,-0.893258631448203,33,"Lrrc17/Adipoq/Gpr137/Tcta/Pik3r1/Tlr3/Ltf/Pias3/Prdm16/Taok3/Sfrp1/Fbn1"
"GOBP_NUCLEAR_RECEPTOR_MEDIATED_SIGNALING_PATHWAY",0.618066561014263,0.874568477952095,0.0166462504417904,-0.222611175467244,-0.9233845171892,110,"Nr1d1/Calr/Prcp/Fkbp4/Alox8/Pgrmc2/Ddrgk1/Uba5/Pim1/Zdhhc7/Ptgis/Tcf7l2/Akr1c18/Dhrs3/Arntl/Pmepa1/Cnot2/Vps18"
"GOBP_ATTACHMENT_OF_MITOTIC_SPINDLE_MICROTUBULES_TO_KINETOCHORE",0.618875211199614,0.87530730102538,0.0245723056101641,0.29236927153401,0.885934876143186,17,"Nuf2/Cdca8"
"GOBP_TRIGLYCERIDE_BIOSYNTHETIC_PROCESS",0.619357953174029,0.875475542880925,0.0245594227683537,0.292233185335558,0.885522508903844,17,"Plin5/Gpam/Cnep1r1/Gpat4/Agmo/Tmem68/Sik1/Gpat2/Slc27a1"
"GOBP_TORC1_SIGNALING",0.620264582080577,0.875475542880925,0.0283023335695062,0.217225885926315,0.925961319593249,72,"Ube2n/Mtor/Prkaa2/Ywhag/Wac/Prkaa1/Rps6ka3/Ywhaz/Csnk1a1/Slc38a9/Rps6ka6/Gpr155/Npc1/Tbk1/Usp32/Peli1/Deptor/Clec16a/Fnip2"
"GOBP_DEVELOPMENTAL_PROCESS_INVOLVED_IN_REPRODUCTION",0.62028329960719,0.875475542880925,0.0138322152076064,-0.195106214153605,-0.9498162781855,458,"Spag16/Elf5/Calr/Dhcr24/Dmrta1/Six5/Ift81/Fkbp4/Cadm1/Foxc1/Cldn11/Tdrp/Rbp4/Agfg2/Alox8/Rhbdd1/Tcfl5/Cyp17a1/Gata3/Cfap206/Tmem119/Ift20/Mertk/Ace/Osbp2/Tbc1d20/Hexb/Sfrp2/Cep131/Cftr/Cabyr/Hook1/H3f3a/Wt1/Morc1/Sirt2/Lrp2/Pln/Ttc12/C3/Ptgis/Pcdh11x/Trim27/Krt8/Ang/Akr1c18/Ccno/Mea1/Serpinf1/Spata24/Prlr/Ctsb/Ubb/Crip1/Rsph1/Tlr5/Selenof/Adamts2/Arntl/Wdr48/Poc1b/Mmp2/Azin2/Scaper/Tfap2c/Iqcg/Lsm14b/Pgm3/Tesc/Casp3/Tlr3/Tesk2/Sufu/Wee2/H3f3b/Stk11/Atat1/Gorasp2/Tlr9/Parp1/Bcap31/Ednra/Piwil2/Drc1/Ruvbl1/Cib1/Adcyap1r1/Tex15/Greb1l/Bak1/Spint2/Pafah1b3/Mlh1/Pcsk4/Ccdc146/Tmem203/Ccdc62/4930447C04Rik/Alpl/Fndc3a/Kifc5b/Spata5/Spag4/Tdrd5/Nos3/B4galnt1/Btg1/Creb3l4/Bbs4/Pygo2/Kdm1b/Ptch1/Fance/Sfrp1/Dnaaf3/Zscan21/Ddb1/Dedd/Bsg/Inhbb/Nup210l/Dnd1/Fzd5/Ggn/Yif1b/Ttll5/Paqr7"
"GOBP_NOTCH_SIGNALING_PATHWAY",0.620426390089311,0.875475542880925,0.0165886172176233,-0.223047474317407,-0.923761478761532,109,"Angpt4/Slc35c2/Foxc1/Anxa4/Psen2/Mfng/Pln/Hes1/Tspan15/Aph1a/App/Maml3/Dtx4/Foxc2/Ovol2/Bend6/Srebf2/Rita1/Chac1/Nle1/Egfl7/Wwp2/Llgl2/Aph1c/Nos3/Enho"
"GOBP_SMOOTH_MUSCLE_TISSUE_DEVELOPMENT",0.620499279884782,0.875475542880925,0.0244376967102848,0.298092813098184,0.887216383954176,16,"Zfand5/Tiparp/Eng/Srf/Foxp2/Prox1"
"GOBP_REGULATION_OF_SYSTEM_PROCESS",0.620850864890136,0.875475542880925,0.0368749192853507,0.182321773094021,0.957042864599397,288,"Chrna2/Sgk1/Adora2b/Rock2/Stc1/Inhba/Atp1b1/Bmpr2/Tmem38b/Smad4/Epas1/Grin2c/Fgf13/Gls/Rock1/Kcnj2/Cacna2d1/Smad3/Trdn/Pde4b/Tomm70a/Jph4/Apln/Cst7/Dsc2/Akap6/Gnao1/Hdac4/Npnt/Bves/Scn4b/Tmem161b/Hrh2/Slc8a3/Map2k1/Ryr2/Gria1/Srf/Hopx/Csrp3/Ppp3ca/Abcc9/Wnk1/Ptpn1/Camk2b/Ppara/Sumo1/Tnf/Ednrb/Tnfrsf1a/Shank3/Ehd3/Mecp2/Ppp1r12b/Tbx2/Nrd1/Yy1/Prkar1b/Il6st/Atp1a3/Wnk3/Negr1/Cacng1/Tmem38a/Trpc3/Kcnj3/Actn3/Atp1a2/Ctnna3/Gucy1a1/Ssh1/Atp2b4/Rgs2/Ank2/Hrc/Tshz3"
"GOBP_APOPTOTIC_SIGNALING_PATHWAY",0.621121393576483,0.875475542880925,0.0402098897493978,0.178569107770355,0.962684463663017,367,"Fignl1/Bmpr1b/Thbs1/Tnfsf11/Hells/Cul2/Cyp1b1/Spn/Mcl1/Inhba/S100a8/Rb1cc1/Kitl/Tmem117/Brsk2/Atf2/Lcn2/Smad4/Bcl2l11/Tnfsf14/Atad5/Pmaip1/Ptgs2/Tnfsf10/Smad3/Gdnf/Fgf2/Bmi1/Eya1/Icam1/Bnip3/Jak2/Dyrk2/Il33/Usp15/Cul5/Gskip/Hmgb2/Kcnq3/Cdkn1a/Stradb/Tnfaip3/Ghitm/Ddit4/Pdk1/Trp63/Rrm2b/Ivns1abp/Noc2l/Jmy/Nr4a2/Ackr3/Map2k1/Plscr3/Tnfrsf10b/Nrg1/Ptpn1/Opa1/Sh3rf1/Tnfsf12/Il6ra/Cul1/Tnf/Ppp2r5c/Csnk2a1/Tnfrsf12a/Tnfrsf1a/Mllt11/Gclm/Pink1/Scg2/Casp2/Deptor/Ptprc/Ercc6/Ikbkg/Bok/Fnip2/Ggct/Birc6"
"GOBP_POSITIVE_REGULATION_OF_CHEMOKINE_PRODUCTION",0.621286735504369,0.875475542880925,0.0180034684198413,-0.263466038307884,-0.895808307423912,37,"Chia1/Adipoq/Alox8/Ffar2/Cd74/App/Tlr3/Tlr7/Tlr9"
"GOBP_ACTIVATION_OF_GTPASE_ACTIVITY",0.621699471915506,0.875653244214787,0.0244058606493461,0.297853644439543,0.886504544073607,16,"Ect2/Ralgapa1/Rangap1/Tsc1/Tbc1d7/Tiam1/Coro1c/Arhgef16/Epha2"
"GOBP_ADRENERGIC_RECEPTOR_SIGNALING_PATHWAY",0.623143881208397,0.87728320603302,0.0190271773448925,-0.312967693746096,-0.882653113590309,17,"Drd1/Pln/Adrb1/Adra1a/Rapgef2/Adra2a/Gnas"
"GOBP_LIPOPROTEIN_BIOSYNTHETIC_PROCESS",0.623673036093418,0.87762373342487,0.026033649526477,0.24964831400681,0.897805559528434,33,"Irgm2/Zdhhc23/Nmt2/Svip/Ppm1b/Zdhhc6/Hhatl/Ppm1a/Zdhhc17/Zdhhc16/Atg16l1/Zdhhc18"
"GOBP_INTRACELLULAR_IRON_ION_HOMEOSTASIS",0.624940200924892,0.879001986107526,0.0179732643687687,-0.264850756846056,-0.895053982118803,36,"Slc22a17/Tfr2/Ccdc115/Atp6v1g1/Ftl1/Tmem199/Trf"
"GOBP_AMYLOID_BETA_FORMATION",0.625743210670095,0.879593310196809,0.0180678946869229,-0.270339431864135,-0.890449900669607,32,"Tmed10/Psen2/Efna1/Aph1a/Prnp/Chrna7/Casp3/Sorl1/Ifngr1/Aph1c"
"GOBP_L_GLUTAMATE_IMPORT",0.625936450529579,0.879593310196809,0.0255157938951184,0.264070922819201,0.895229643205564,26,"Slc38a2/Slc17a7/Slc25a22/Slc1a3/Slc25a12/Tnf/Slc7a11/Atp1a2/Epm2a"
"GOBP_ACTIVATION_OF_INNATE_IMMUNE_RESPONSE",0.626740947075209,0.880318893478052,0.0333736009028974,0.188301705769046,0.944409441031043,191,"Irgm2/Ppp2ca/S100a8/Ifi204/Ipo5/Nfkbia/Gbp5/Dhx58/Gbp2/Tomm70a/Usp15/Cd36/Rps6ka3/Hck/Pum2/Washc4/Mapk8/Slc19a1/Tnfaip3/Ddx60/Appl1/Tyro3/Irak3/Mavs/Myd88/Csnk1a1/Rnf125/Rtn4/Ifih1/Xrcc5/Colec11/Tbk1/Oas1g/Tnf/Hmgb1/Nfkbil1/Peli1/Ppp6c/Colec12/Lamp2/Sin3a/Trim25/Flot2/Cd300lf/Cd274/Zc3hav1/Ogt/Rnf115"
"GOBP_POSITIVE_REGULATION_OF_STEROID_METABOLIC_PROCESS",0.627249789739277,0.8806287259437,0.0187111134073493,-0.30022029111287,-0.882791829617932,20,"Nr1d1/Ces1d"
"GOBP_RESPONSE_TO_GAMMA_RADIATION",0.627653927813164,0.880714643333878,0.0259254902939482,0.248539467638684,0.89381783608665,33,"Tigar/Top1/Prkaa1/Cdkn1a/Ccl7/Xrcc5/Ptprc/Ercc6/Lig4/Yap1"
"GOBP_MICROTUBULE_BASED_TRANSPORT",0.627887559142778,0.880714643333878,0.0159129176368012,-0.21381455744313,-0.923978183790884,147,"Spag16/Ift81/Ap3m2/Ift20/Cep131/Fuz/Cabyr/Dync2li1/Nme7/Cln3/Armcx3/App/Lca5l/Ap3m1/Arl8a/Ubb/Ap3d1/Ap3s1/Ift43/Bloc1s3/Borcs8/Stk11/Drc1/Tub/Tmem108/Ccdc103/Ift122/Arl3/Kif5c/Dnaaf3/Cdr2l/Kxd1/Cfap45/Ccdc88c/Cfap54/Rpgr/Kif21a/Mapk8ip3/Ttc21b/Slc9a3r1/Ift88/Copg2/Ap3s2/Bloc1s2/Pex14/Ift172"
"GOBP_REGULATION_OF_T_CELL_RECEPTOR_SIGNALING_PATHWAY",0.630424183325207,0.883408470359092,0.0181250179253877,-0.278746323900123,-0.885577112318691,27,"Card11/Kcnn4/Thy1/Ptpn22/Prnp/Ptpn6/Tespa1"
"GOBP_POSITIVE_REGULATION_OF_RHO_PROTEIN_SIGNAL_TRANSDUCTION",0.630740233036326,0.883408470359092,0.0189046572564832,-0.316629904146542,-0.880470153654061,16,"Col3a1/Arhgef10"
"GOBP_FILOPODIUM_ASSEMBLY",0.631239935587762,0.883408470359092,0.0260191746680826,0.236042262693577,0.902145263651964,43,"Myo3b/Dock11/Fgd6/Neurl1a/Srf/Fgd5/Rhoq/Stau2/Dmtn/Cdc42/Rala/Arf6/Wasl/Fgd4/Fgd3/Rab5a"
"GOBP_NEGATIVE_REGULATION_OF_CYTOPLASMIC_PATTERN_RECOGNITION_RECEPTOR_SIGNALING_PATHWAY",0.631620974181528,0.883408470359092,0.0258681820896116,0.246691463868903,0.898033116898072,35,"Irgm2/Dhx58/Tnfaip3/Csnk1a1/Rnf125/Ppp6c/Lamp2/Ogt"
"GOBP_CHLORIDE_TRANSPORT",0.631794095382286,0.883408470359092,0.0170500351665521,-0.235855965132889,-0.906753450875274,69,"Gabra3/Fxyd3/Gabra4/Slc12a3/Slc12a1/Slc1a1/Gabrq/Cftr/Tmc4/Casr/Slc1a4"
"GOBP_ANTIGEN_RECEPTOR_MEDIATED_SIGNALING_PATHWAY",0.63183125599233,0.883408470359092,0.029067703848247,0.206489861582697,0.93083862335673,97,"Ermap/Btnl9/Ube2n/Ifi204/Nfkbia/Btnl10/H2-Q7/Pde4b/Sos1/Cblb/Pik3ca/Lipa"
"GOBP_OLEFINIC_COMPOUND_BIOSYNTHETIC_PROCESS",0.631832244757649,0.883408470359092,0.0189249931611397,-0.321017916679769,-0.878089138431712,15,"Bglap3"
"GOBP_POSITIVE_REGULATION_OF_STEROID_BIOSYNTHETIC_PROCESS",0.632519766242695,0.883965181093977,0.0189087217642026,-0.32086396863825,-0.877668040118761,15,"Nr1d1"
"GOBP_PHAGOCYTOSIS_ENGULFMENT",0.633506493506493,0.884533680727363,0.0254050839553553,0.258013216520957,0.891775360995878,28,"Thbs1/Cd36/Itgam/Rac1/Alox15"
"GOBP_HEPATICOBILIARY_SYSTEM_DEVELOPMENT",0.633536585365854,0.884533680727363,0.0281733174199865,0.213639253758385,0.924410165212127,78,"E2f8/Rb1cc1/Atf2/Ucp2/Smad3/Ccdc39/Nipbl/Pik3ca/Acat1/Lipa/Tnfaip3/Arid5b/Cebpg/Rtn4/Npc1/Med1/Tnf"
"GOBP_RNA_METHYLATION",0.633795164357512,0.884533680727363,0.0261573596336921,0.22893346179542,0.905270846140267,49,"Fdxacb1/Zcchc4/Nsun6/Mettl16/Trdmt1/Trmt44/Mrm1/Tarbp1/Trmt1l/Trmt10c/Mettl2/Rbm15b/Wdr4/Thada/Trmt10a/Snrpd3/Mettl14/Trmt5/Nsun7"
"GOBP_REGULATION_OF_ACTIN_FILAMENT_BASED_MOVEMENT",0.634171369933299,0.884605680611192,0.0251797850949631,0.264464510762689,0.887500493896261,25,"Stc1/Fgf13/Kcnj2/Pde4b/Dsc2/Ryr2/Sumo1/Atp1a2/Ctnna3/Ank2"
"GOBP_NEGATIVE_REGULATION_OF_LEUKOCYTE_PROLIFERATION",0.63455562461156,0.884605680611192,0.0173659355473519,-0.244700397525492,-0.90224368049304,55,"Enpp3/Pla2g2d/H2-M3/H2-Eb1/Gpnmb/Prnp/Tnfrsf21/Casp3/Vtcn1/Scgb1a1/Phf7/Sox11/Pkn1/Ptpn6/Arg2/Vsir"
"GOBP_CHEMOKINE_PRODUCTION",0.634715434337064,0.884605680611192,0.0175761082794838,-0.251459017107222,-0.896750404799969,47,"Chia1/Adipoq/Alox8/Ffar2/C1qtnf3/Cd74/App/Tlr3/Tlr7/Tlr9"
"GOBP_POSITIVE_REGULATION_OF_TRANSPORTER_ACTIVITY",0.635324675324675,0.884692241553957,0.0253569537599162,0.257699234465198,0.890690139607236,28,"Sgk1/Fgf13/Actn2/Wnk3/Stac2/Tcaf1/Stim1/Casq1/Stim2/Hap1"
"GOBP_SCF_DEPENDENT_PROTEASOMAL_UBIQUITIN_DEPENDENT_PROTEIN_CATABOLIC_PROCESS",0.635494704210798,0.884692241553957,0.0252612440670251,0.262365294151516,0.889447373324008,26,"Cul2/Nccrp1/Cul5/Ccnf/Cul1/Fbxo31/Fbxo6/Fbxo27/Fbxl17/Fbxl5/Fbxw7"
"GOBP_RESPONSE_TO_PEPTIDE_HORMONE",0.6360605283406,0.884692241553957,0.0145446435391602,-0.201984117633106,-0.934692713287585,256,"Bglap3/Gcnt1/Fbp1/Cited1/Insig1/Cdo1/Bcar3/Kl/Slc27a4/Pnpla3/Col3a1/Socs2/Eef2k/Adipoq/Rbp4/Xbp1/Tshr/Ace/Ghr/C1qtnf12/Mapk3/Selenos/Srsf5/Agtrap/Nudc/Zdhhc7/Pln/Comt/Jak3"
"GOBP_POSITIVE_REGULATION_OF_PROTEASOMAL_PROTEIN_CATABOLIC_PROCESS",0.636309256766861,0.884692241553957,0.0167657207044395,-0.233009113505331,-0.905472870162425,73,"Xbp1/Ddrgk1/Sirt2/Nop53/Rnf185/Gabarap/Psmc1/Trf/Trib3/Bcap31/Tmem259/Rnft2/Gba/Csnk1d/Rchy1/Usp5/Nub1/Nkd2/Herpud1/Vcp"
"GOBP_MORPHOGENESIS_OF_EMBRYONIC_EPITHELIUM",0.636576787807737,0.884692241553957,0.0164640568395253,-0.224805434580115,-0.90951110736986,94,"Folr1/Sema4c/Gata3/Sfrp2/Fuz/Tctn1/Lrp2/Cc2d2a/Ovol2/Casp3/Sufu/Cfl1/Ret/Sox11/Wdr83/Kdf1/Spint2/Llgl2/Bbs4/Ift122/Dvl2/Ptch1/Sfrp1/Tbx18/Irx1/Wnt16/Sox8/Ift172/Vasp/Mthfr/Cited2/Pfn1/Scrib/Stk3"
"GOBP_REGULATION_OF_OXIDATIVE_STRESS_INDUCED_INTRINSIC_APOPTOTIC_SIGNALING_PATHWAY",0.636667781866845,0.884692241553957,0.0184068075731116,-0.292140467595259,-0.878955573834504,22,"Pycr1/P4hb/Mmp2/Ppia/Parp1/Fyn"
"GOBP_REGULATION_OF_CELL_GROWTH",0.636846767050487,0.884692241553957,0.0352105425456412,0.183363155991848,0.949599601872282,249,"Sgk1/Inhba/S100a8/Bmpr2/Map1b/Mtor/Smad4/Tfrc/Clasp2/Fgf13/Smad3/Ostn/Ncbp1/Cdc73/Il17rb/Fhl1/Tomm70a/Rps6ka3/Pum2/Supv3l1/Eif4g2/Cdkn1a/Pafah1b1/Akap6/Plaa/Pappa2/Rab21/Try5/Sertad2/Crabp2/L1cam/Exosc2/Ephx2/Bcl6/Rtn4/Kat7/Ttl/Srf/Chpt1/Nrg1/Rerg/Ppara/Lgi1/Rasgrp2/Csnk2a1/Tnfrsf12a/Cacng7/Nrcam/Yy1/Dip2b/Crkl/Sin3a/Adipor1/Cdc42/Yap1/Fstl4/Lpar3/Meaf6/Sema4f/Epm2a/Crk/Rgs2/Osgin1/Rb1/Acsl4/Atg16l1/Efna5/Naif1/Npr1/Cdkn1b/Ddx3x/Slit2/Sema3f/Prkcq"
"GOBP_PROTEIN_HOMOOLIGOMERIZATION",0.637280322673581,0.884692241553957,0.016198730750686,-0.22126154289618,-0.916364960797415,109,"Kcns1/Trpm3/Card11/Kctd10/Rbmx/H2-M3/Fus/Osbpl2/Kcnn4/Cth/App/Mcoln1/Ikzf4/Pxdn/Rnf112/Prnp/Sigmar1/Vwa1/Thg1l/Ryr3/Kcnc3/Kcnd1/Acaca/Kctd6/Kctd2/Gsdmd/Kcnb1/Kctd7/Comp/Ssbp1/Trpv1/Crtc2/Shmt2/P2rx7"
"GOBP_POSITIVE_REGULATION_OF_PROTEIN_TARGETING_TO_MEMBRANE",0.637516914749662,0.884692241553957,0.0185521028140741,-0.301459392607534,-0.871660667921414,19,"Cdk5/Prnp/Cib1/Myo1c/Fyn/Cdk5r1/Kcnb1/Hras"
"GOBP_REGULATION_OF_LYMPHOCYTE_APOPTOTIC_PROCESS",0.637673425827108,0.884692241553957,0.025747260159284,0.241788486587184,0.89765164331466,38,"Tsc22d3/Ccl5/Bcl2l11/Gpam/Rorc/Bcl11b/Noc2l/Bcl6/Cd274/Ripk3/Slc39a10/Btk/Dock8/Bax/Rag1/Prkcq/Perp/Ada"
"GOBP_NUCLEUS_LOCALIZATION",0.638156273108208,0.884960242553598,0.0244122213398535,0.27805846817667,0.87768870145167,20,"Lmnb2/Tacc2/Pafah1b1"
"GOBP_POSITIVE_REGULATION_OF_MULTICELLULAR_ORGANISM_GROWTH",0.63963519842248,0.886022675748264,0.0243741059520556,0.277882315423456,0.877132677093772,20,"Creb1/Gpam/Nipbl/Gpr21/Igf2"
"GOBP_EMBRYO_DEVELOPMENT_ENDING_IN_BIRTH_OR_EGG_HATCHING",0.639794168096055,0.886022675748264,0.0406537915299785,0.176694097350944,0.960123138426191,395,"Tbx6/Ccnb2/Gpr161/Ccnb1/Klf2/E2f8/Celf1/Zfand5/Rnaseh2b/Phf6/Atf2/Bmpr2/Wnt9a/Smad4/Bcl2l11/Tbx15/Tapt1/Epas1/Mafb/Myf6/Pcsk5/Fzd6/Dhx35/Rrm2/Smad3/Socs3/mt-Nd4/Myf5/Fgf2/Mbnl1/Bmi1/Eya1/Nipbl/Kbtbd8/Six4/Traf3ip1/Ube2b/Hus1/Cdkn1a/Slc25a20/Iws1/Rbpj/Ppp2r3a/Polr1b/Acvr2a/Ubr3/Bysl/Igf2/Rtn4/Tfeb/Ttll4/Map2k1/Maff/Srf/Cops3/Hopx/Fzd3/Nckap1/Opa1/Med1/Gabpa/Rtf1/Heg1/Sall4/Senp2/Chtop/Ggnbp2/Ncapg2/Gins4/Cecr2/Tbx2/Lmo4/Kif20b/Asf1b/Tmem107/Sec24c/Rbbp6/Lig4/Ythdc1/Prickle1/Sin3a/Birc6/Apba2"
"GOBP_DEOXYRIBONUCLEOTIDE_CATABOLIC_PROCESS",0.640033641715728,0.886022675748264,0.0184107122511192,-0.297349570617289,-0.874350532764807,20,"Nudt18/Upp2/Tymp/Dpyd/Ogg1/Pnp2"
"GOBP_GANGLIOSIDE_METABOLIC_PROCESS",0.640082502578206,0.886022675748264,0.0187311337572276,-0.318813485655314,-0.872059297608443,15,"Hexb/Hexa/St6galnac5/Neu1/Gm2a/B4galnt1"
"GOBP_REGULATION_OF_CALCIUM_ION_IMPORT",0.640672016048144,0.886437051189801,0.0246304439958658,0.264071024840993,0.880703561473271,24,"Stc1/Ppp3cb/Ppp3cc/Homer1/Ppp3r1/Ppp3ca/Wnk3/Slc30a1"
"GOBP_POSITIVE_REGULATION_OF_VACUOLE_ORGANIZATION",0.641075794621027,0.886594184050357,0.0242040199657551,0.279994991771503,0.873871502790184,19,"Irgm2/Ppp3cb/Sh3glb1"
"GOBP_ACIDIC_AMINO_ACID_TRANSPORT",0.641368337311058,0.886597407459404,0.0175578519605737,-0.256199988039156,-0.887255884104995,41,"Adora1/Slc1a1/Slc6a13/Praf2/Abat/Slc1a4/Slc7a13"
"GOBP_SYNAPTIC_VESICLE_MATURATION",0.64246947082768,0.887717880315948,0.0184772798275895,-0.303053395477606,-0.866428457113478,18,"Atp6v1b1/Atp6v1g1/Zdhhc15/Clcn3/Dlg4"
"GOBP_FORELIMB_MORPHOGENESIS",0.643239625167336,0.888114342083577,0.0182593290079758,-0.292776088728723,-0.872729132534546,21,"Msx1/Osr2/Shox2/Gdf5/Hoxd9/Rnf165/Runx2/Rpgrip1l/Ift122"
"GOBP_EAR_MORPHOGENESIS",0.643337819650067,0.888114342083577,0.0166055416078351,-0.231883812207754,-0.901099951951692,73,"Insig1/Ntn1/Rpl38/Gata3/Sparc/Mapk3/Msx1/Atp6v1b1/Triobp/Osr2/Slc44a4/Fzd2"
"GOBP_REGULATION_OF_MODIFICATION_OF_SYNAPTIC_STRUCTURE",0.644379511859746,0.888622178243661,0.0186313535446168,-0.317479154296049,-0.868409464335093,15,"Pdxp/Cttnbp2/Cln3"
"GOBP_NADP_METABOLIC_PROCESS",0.644401105151958,0.888622178243661,0.0178009870617832,-0.275821009884802,-0.876283389258719,27,"Pcx/Shpk/Aldob/Taldo1/Tkt"
"GOBP_SALIVARY_GLAND_DEVELOPMENT",0.644578313253012,0.888622178243661,0.0182285017977177,-0.29233389337394,-0.871411003140624,21,"Xbp1/Lama1/Tfcp2l1/Ascl3"
"GOBP_NEGATIVE_REGULATION_OF_RESPONSE_TO_EXTERNAL_STIMULUS",0.645161290322581,0.888872318619223,0.0338208621100742,0.186244354175419,0.944185365795095,213,"Irgm2/Fgr/Fpr2/Thbs1/Pbk/Spn/Ythdf3/Clasp2/Dhx58/Smad3/Socs3/Phldb2/Fgf2/H2-Q7/Il33/Usp15/Hck/Traf3ip1/Thbd/Cst7/Tnfaip3/Cnot7/Ywhaz/Cntnap2/Robo2/Tyro3/Irak3/Ppm1b/Isg15/Fxr1/Nlrc5/Tnfaip6/Rtn4rl1/Eppk1/Oas1g/Ppara/Tnf/Serpinb3a/Nfkbil1/Tnfrsf1a/Stat3/Fgl2/Ptprc/Dusp10/Pla2g10/Angpt2/Kremen1/Ythdf2/Yes1/Rnf26/Grem1/Ubash3b/Cdh5"
"GOBP_POSITIVE_REGULATION_OF_RECEPTOR_SIGNALING_PATHWAY_VIA_STAT",0.645550899679566,0.888872318619223,0.0242228036981384,0.276337677276958,0.872257042634939,20,"Cyp1b1/Ccl5/Jak2/Ociad2"
"GOBP_PROTEIN_MONOUBIQUITINATION",0.6456326268465,0.888872318619223,0.0175943909926015,-0.262900224461881,-0.878023876093347,34,"Trim41/Pex2/Klhl22/Ubb/Nedd4l/Zfp598/Wdr48/Pex12/Ube2e2"
"GOBP_MAINTENANCE_OF_SYNAPSE_STRUCTURE",0.647018505825908,0.889983966319597,0.0185244840418459,-0.312771360122949,-0.86974048849975,16,"Ppfia2/Grn/Ophn1/Sort1/Sdf4"
"GOBP_MEMBRANE_DOCKING",0.647022713321056,0.889983966319597,0.0169001599534176,-0.238911938010843,-0.896141213244753,60,"Selenon/Psen2/Unc13c/Stxbp2/Unc13b/Cftr/Ykt6/Rabepk/Cln3/Stx7/Exoc8/Vamp8/Vps18"
"GOBP_EPIGENETIC_PROGRAMMING_OF_GENE_EXPRESSION",0.648322471638909,0.891370454931083,0.0238099380467155,0.286321724955788,0.867609652016053,17,"Pik3ca/Eed/Igf2/Mecp2/Dcaf13/Arid4b"
"GOBP_POSITIVE_REGULATION_OF_TORC1_SIGNALING",0.648683365446371,0.891465443742089,0.0175250568236529,-0.262252061213841,-0.875859165855651,34,"Lamtor2/Rnf167/Pim1/Gpr137/Klhl22/Sec13/Lars/Stambpl1/Otud5/Lamtor1"
"GOBP_DOPAMINERGIC_NEURON_DIFFERENTIATION",0.649695534506089,0.892202185538886,0.0182709088642803,-0.297944494943303,-0.861497448194944,19,"Manf/Sfrp2/Id2"
"GOBP_CELL_COMMUNICATION_BY_ELECTRICAL_COUPLING_INVOLVED_IN_CARDIAC_CONDUCTION",0.650024003840615,0.892202185538886,0.0236773204896588,0.291414071616218,0.867338384194943,16,"Atp1b1/Trdn/Ryr2/Atp1a3/Atp1a2/Hrc"
"GOBP_REGULATION_OF_RAC_PROTEIN_SIGNAL_TRANSDUCTION",0.650095602294455,0.892202185538886,0.0236055792829118,0.295187827307022,0.867576813891425,15,"Rtn4/Kbtbd7/Crkl/Ogt/Arf6/Crk"
"GOBP_POSITIVE_REGULATION_OF_NEURON_DIFFERENTIATION",0.651232616940582,0.893361313315436,0.0172336545797434,-0.250516571087335,-0.886059249934115,45,"Mmd/Gdpd5/Socs2/App/Rnf112/Gdf5/Bend6/Sox11/Dab1/Sh3gl3/Cdon/Hmg20b"
"GOBP_SYNAPSE_ASSEMBLY",0.651624548736462,0.893497754214494,0.030745828955149,0.192808708703803,0.933120335819808,151,"Slitrk1/Gabrg2/Lrrn1/Map1b/Vsig10/Slitrk5/Fgf13/Large1/Six4/Pum2/Nectin3/Gnpat/Rac1/Amigo1/Robo2/Lin7a/Arhgef15/Rtn4/Lrrc4b/Neurl1a/Gria1/Ptpn1/Pcdhb17/Caskin1/Pcdhb5/Slitrk3/Nptx1/Crmp1/Shank3/Mecp2/Nrcam/Gabrb3/Stau2/Crkl/Prickle1/Adgrb3/Lrrc4/Negr1/Ogt/Snca/Gpc4/Arf6/Crk"
"GOBP_CARDIAC_CONDUCTION",0.652608213096559,0.89355098771201,0.0260191746680826,0.22331137136884,0.901911760684561,54,"Atp1b1/Kcnj2/Cacna2d1/Trdn/Dsc2/Scn4b/Slc8a3/Ryr2/Abcc9/Ehd3/Atp1a3/Kcnj3/Atp1a2/Ctnna3/Atp2b4/Ank2/Hrc"
"GOBP_NEGATIVE_REGULATION_OF_JNK_CASCADE",0.65295887662989,0.89355098771201,0.0243171512838986,0.261438153794077,0.871922670387945,24,"Hipk3/Pafah1b1/Klhl31/Per1/Sh3rf2/Pink1/Dusp10/Rgs2/Dusp19/Serpinb3d/Mecom"
"GOBP_VASODILATION",0.65302462090331,0.89355098771201,0.0176530740592131,-0.271386432770708,-0.872898968816607,29,"Adora1/Drd1/Kng2/Casr/Ext2/Vstm4/Adrb1/Ext1"
"GOBP_NEGATIVE_REGULATION_OF_PROTEASOMAL_UBIQUITIN_DEPENDENT_PROTEIN_CATABOLIC_PROCESS",0.653447121820616,0.89355098771201,0.0180261693006538,-0.290482604649722,-0.865892541542981,21,"Trim39/Ddrgk1/Nop53/Hsp90ab1/Rpl11"
"GOBP_REGULATION_OF_IMMUNE_EFFECTOR_PROCESS",0.653578463558766,0.89355098771201,0.0144952760906589,-0.203576570192437,-0.923983377627623,214,"Azgp1/Cadm1/Klk1b1/Rbp4/Xbp1/Ddrgk1/Aplf/Ffar2/Enpp3/Gata3/Lgals1/Pms2/Cd1d1/Stxbp2/Slamf8/Tmbim6/Mapk3/H2-M3/Grn/C3/Snx4/Stx7/Jak3/H2-Eb1/Irf5/Bst2/Klk7/Cx3cr1/Cd74/Klhl22"
"GOBP_HINDLIMB_MORPHOGENESIS",0.653695169824202,0.89355098771201,0.0183134605078164,-0.305843865981549,-0.86256200232641,17,"Msx1/Osr2/Gdf5/Hoxd9/Rpgrip1l/Ptch1"
"GOBP_SUBSTRATE_ADHESION_DEPENDENT_CELL_SPREADING",0.653710788064269,0.89355098771201,0.0167075544837539,-0.236840024594315,-0.894414320328215,63,"Calr/P4hb/Pkp2/Mertk/Efna1/Triobp/Cspg5"
"GOBP_NEGATIVE_REGULATION_OF_PEPTIDE_SECRETION",0.654451137884873,0.894162891877588,0.0180034684198413,-0.29021945733595,-0.865108132106151,21,"Ffar2/Cd74/Ffar4/Acvr1c/Sytl4/Eny2/Inhbb/Jagn1/Kcnb1"
"GOBP_NEGATIVE_REGULATION_OF_LOCOMOTION",0.655327868852459,0.894654934768022,0.033074911573599,0.186790545864091,0.942098185057791,206,"Rhob/Thbs1/Cyp1b1/Stc1/Scai/Reck/Gtpbp4/Mitf/Clasp2/Phldb2/Ifitm1/Fgf2/Il33/Gnrh1/Eng/Osbpl8/Krt16/Stk26/Magi2/Rac1/Robo2/Krit1/Adamts9/Abhd6/Ap1ar/Tnfaip6/Srf/Pfn2/Rap2b/Eppk1/Dsg3/Ptpn1/Idh2/Tnf/Hmgb1/Brms1l/Mecp2/Mcc/Stat3/Dusp10/Angpt2/Sap30/Sin3a/Adipor1/Grem1/Ogt/Arid4b/Cldn5/Hdac2/Atp2b4/Tcaf1/Wasl/Crk"
"GOBP_HOMOPHILIC_CELL_ADHESION_VIA_PLASMA_MEMBRANE_ADHESION_MOLECULES",0.655759549896358,0.894654934768022,0.0161823246490978,-0.225404655276638,-0.897158609131515,85,"Cntn2/Pcdhga2/Cadm1/Pcdhga1/Pcdh10/Clstn3/Ptprt/Clstn1/Pcdh11x/Cdh24"
"GOBP_LIPOPOLYSACCHARIDE_MEDIATED_SIGNALING_PATHWAY",0.656083244397012,0.894654934768022,0.0252680562881312,0.238668085314919,0.88606700018551,38,"Nfkbia/Jak2/Cd36/Hck/Tnfaip3/Cd55/Irak3/Myd88"
"GOBP_POSITIVE_REGULATION_OF_MACROAUTOPHAGY",0.656285714285714,0.894654934768022,0.0264233933340371,0.218456112496447,0.897859152712606,59,"Irgm2/Scoc/Prkaa2/Wac/Bnip3/Fyco1/Sh3glb1/Vdac1/Tbk1/Csnk2a1/Pink1/Ikbkg/Huwe1/Epm2a/Kdr/Hk2/Smcr8"
"GOBP_NEGATIVE_REGULATION_OF_MRNA_METABOLIC_PROCESS",0.657234539089848,0.894654934768022,0.0267563016485287,0.216116501159549,0.904644831124919,65,"Srsf10/Noct/Gdnf/Larp4b/Mettl16/Csde1/Angel2/Elavl4/Myd88/Fxr1/Elavl1/Dhx9/Rbm20"
"GOBP_EPITHELIAL_CELL_DIFFERENTIATION_INVOLVED_IN_KIDNEY_DEVELOPMENT",0.65759008641774,0.894654934768022,0.0175505568039713,-0.270242877076584,-0.869220787206737,29,"Adipoq/Gata3/Wt1/Acta2/Foxc2/Ednra/Ext1"
"GOBP_MULTICELLULAR_ORGANISMAL_REPRODUCTIVE_PROCESS",0.657595012588419,0.894654934768022,0.0130909790236569,-0.193279642334867,-0.93690814970223,428,"Spag16/Folr1/Drd1/Cbs/Calr/Dmrta1/Six5/Ift81/Cadm1/Foxc1/Cldn11/Oxtr/Tdrp/Rbp4/Agfg2/Rhbdd1/Tcfl5/Cfap206/Tmem119/Ift20/Mertk/Ace/Osbp2/Tbc1d20/Hexb/Car12/Cep131/Cftr/Cabyr/Adcy7/Hook1/H3f3a/Wt1/Morc1/Sirt2/Pln/Ttc12/Ptgis/Abat/Pcdh11x/Trim27/Ang/Gdf10/Ccno/App/Mea1/Meiob/Serpinf1/Spata24/Ctsb/Ubb/Rsph1/Ska2/Selenof/Adamts2/Arntl/Wdr48/Poc1b/Mmp2/Azin2/Scaper/Iqcg/Lsm14b/Pgm3/Etv6/Casp3/Tesk2/Sufu/Wee2/H3f3b/Stk11/Atat1/Gorasp2/Parp1/Bcap31/Ednra/Piwil2/Drc1/Ruvbl1/Cib1/Adcyap1r1/Tex15/Dsg2/Pafah1b3/Mlh1/Pcsk4/Ccdc146/Tmem203/Ccdc62/Cd9/P2rx1/4930447C04Rik/Fndc3a/Kifc5b/Spata5/Spag4/Tdrd5/Nos3/B4galnt1/Thrb/Btg1/Creb3l4/Npas1/Bbs4/Pygo2/Kdm1b"
"GOBP_REGULATION_OF_DNA_BIOSYNTHETIC_PROCESS",0.657773952954676,0.894654934768022,0.0264533000664842,0.218249251540694,0.900062819774823,60,"Rfc4/Tnks2/Tfdp1/Fgf2/Dcp2/Cdkn1a/Ten1/Kat7/Dkc1/Ctc1/Tnf/Dnajc2/Xrn1/Ankrd1/Smg5/Pot1a/Nox4/Meaf6"
"GOBP_RETINOIC_ACID_RECEPTOR_SIGNALING_PATHWAY",0.657803180914513,0.894654934768022,0.0240485857811045,0.266706137534476,0.866112568176052,22,"Klf2/Esrrg/Trim16"
"GOBP_B_CELL_ACTIVATION_INVOLVED_IN_IMMUNE_RESPONSE",0.658018130665833,0.894654934768022,0.0169209680630036,-0.241715033864632,-0.886630456490347,54,"Itfg2/Xbp1/Ddrgk1/Aplf/Lgals1/Pms2/Mfng/Exosc3/Cd19/Nkx2-3"
"GOBP_CELL_CELL_ADHESION_MEDIATED_BY_CADHERIN",0.658299866131191,0.894654934768022,0.0179168269996694,-0.289046139289485,-0.861610616836631,21,"Bhlha15/Cdh24/Epcam/Cdh11"
"GOBP_REGULATION_OF_BMP_SIGNALING_PATHWAY",0.658325464274473,0.894654934768022,0.0170150239154543,-0.242934192736205,-0.883641168704908,52,"Htra3/Foxd1/Sfrp2/Msx1/Lrp2/Hes1/Gdf5/Htra1/Rnf165/Sorl1/Sox11/Fstl5/Bmper/Sfrp1/Fbn1"
"GOBP_SYNAPTIC_VESICLE_TRANSPORT",0.659245678365636,0.895507135352165,0.0248789530285044,0.248697170035607,0.881087651250241,31,"Synj1/Ap3b2/Btbd8/Kif5b/Lin7a/Borcs5/Kif1b/Pink1/Slc2a4/Bloc1s6/Snca/Bloc1s4/Bloc1s5"
"GOBP_POSITIVE_REGULATION_OF_CALCIUM_MEDIATED_SIGNALING",0.66069108859444,0.896960345356473,0.0247083865417471,0.257070169715593,0.88003004206721,27,"Ppp3cb/Ppp3cc/Akap6/Ppp3r1/Ppp3ca/Tnf/Ptprc/Negr1/Plcg2/Ada/Car8/Cdh13/Lmcd1"
"GOBP_RETINA_DEVELOPMENT_IN_CAMERA_TYPE_EYE",0.660902696365768,0.896960345356473,0.0159193454345024,-0.221968901848163,-0.89803514803219,94,"Rbp4/Slc1a1/Mertk/Tulp1/Myh10/Arsg/Grn/Hes1/Rpgrip1/Serpinf1/Thy1/Gnat1/Lama1/Scaper/Vstm4/Rpl24/Tub/Mfsd2a/Calb1/Man2a1/Rpgrip1l/Thrb/Tmem135/Bbs4/Cdon/Bsg/Col4a1/Ttll5/Lrp5/Fat3"
"GOBP_MACROPHAGE_CYTOKINE_PRODUCTION",0.661735205616851,0.897619252890549,0.0240981129539853,0.259938601325049,0.866921511321423,24,"H2-Q7/Cd36/Irak3/Myd88/Rtn4/Panx1"
"GOBP_NEGATIVE_REGULATION_OF_STEM_CELL_POPULATION_MAINTENANCE",0.662688748173405,0.897619252890549,0.0235996196235422,0.279781679383663,0.85997980025503,18,"Brms1l/Sap30/Sin3a/Ogt/Arid4b/Hdac2/Sap130/Ing1/Zfp706"
"GOBP_POSITIVE_REGULATION_OF_LIPID_TRANSPORT",0.662948207171315,0.897619252890549,0.0170956933435145,-0.254613096984308,-0.8733827399698,39,"Acsl5/Dbi/Adipoq/Ces1d"
"GOBP_ENDOCYTIC_RECYCLING",0.663172043010753,0.897619252890549,0.0252136619638632,0.233108287423122,0.885687010524152,42,"Vamp4/Bves/Actn2/Stx12/Rab7/Acap2/Vps26a/Stx16/Vps13b/Ehd3/Snx27/Gga3"
"GOBP_NEGATIVE_REGULATION_OF_CALCIUM_ION_TRANSPORT",0.663222045574987,0.897619252890549,0.0249717715401965,0.242571984549538,0.877803788256186,34,"Stc1/Ucp2/Ppp3cb/Ppp3cc/Vdac1/Ubr3/Ppp3r1/Ppp3ca"
"GOBP_BLASTOCYST_FORMATION",0.663934426229508,0.897619252890549,0.0177861173824647,-0.285567384064249,-0.859179305060725,22,"Ptpn18/Mfng/Furin/Cnot2/Tfap2c/Nle1"
"GOBP_REGULATION_OF_LIPID_CATABOLIC_PROCESS",0.664100096246391,0.897619252890549,0.017166256496266,-0.260321374799285,-0.863947450798544,33,"Adora1/Ldlr/Clstn3/Hcar1/Abcd2/Bscl2/Sorl1"
"GOBP_FATTY_ACID_BETA_OXIDATION",0.66412092283214,0.897619252890549,0.017046529733471,-0.252655440123821,-0.874980625942642,41,"Adipoq/Bdh2/Echdc1/Pex2/Acaa1a/Acox2/Cpt1b/Abcd2"
"GOBP_POSITIVE_REGULATION_OF_CYTOSKELETON_ORGANIZATION",0.664358720738543,0.897619252890549,0.028723985140975,0.199422277719738,0.9236833967056,114,"Rock2/Plek/Map1b/Mtor/Abi2/Synpo/Smad3/Hck/Lmod2/Togaram1/Ckap5/Rac1/Alox15/Arhgef15/Spast/Ppm1f/Pfn2/Actn2/Nckap1"
"GOBP_PROTEIN_LOCALIZATION_TO_MICROTUBULE_ORGANIZING_CENTER",0.664745677774994,0.897619252890549,0.0240115699207178,0.261977075345151,0.861776273192871,23,"Mcph1/Cep83/Apc/Bicd1/Cep192/Pibf1"
"GOBP_REGULATION_OF_VASCULATURE_DEVELOPMENT",0.665067945643485,0.897619252890549,0.0144518571034085,-0.203557987154706,-0.913201880628873,194,"Angpt4/Foxc1/Thbs2/Klk1b1/Xbp1/Sparc/Sfrp2/Efna1/Sars/Cma1/H2-M3/Mydgf/Grn/C3/Ptgis/Jmjd8/Cx3cr1/Cela1/Rras/Stab1/Serpinf1/Gpnmb/Adm2/Tnmd/Shc1/Foxc2/Col4a2/Chrna7/Smoc2/Tlr3/Naxe/Klk1/Cd40/Zfp354c/Aplnr/Creb3l1/Plcg1/Ptpn6/Vash2/Dsg2/Klk1b11/Rapgef3/Hyal1/Chil1/Nos3/Btg1/Pml/Fyn/Pak4/Ism1/Angptl7/Bmper/Sfrp1/Epha1/Fut1"
"GOBP_WNT_SIGNALING_PATHWAY_PLANAR_CELL_POLARITY_PATHWAY",0.665158371040724,0.897619252890549,0.0249984183125966,0.241368800060897,0.878656976780616,35,"Fzd6/Magi2/Rac1/Fzd3/Smurf2/Celsr3/Prickle1/Gpc3/Cdc42/Nphp3"
"GOBP_EMBRYONIC_ORGAN_MORPHOGENESIS",0.665337549841881,0.897619252890549,0.0149010649584975,-0.208275995395709,-0.910701705350046,161,"Folr1/Insig1/Rbp4/Ntn1/Rpl38/Gata3/Sparc/Fuz/Mapk3/Efna1/Msx1/Atp6v1b1/Sox18/Triobp/Hes1/Id2/Osr2/Slc44a4/Shox2/Fzd2/Foxc2/Ovol2/Hoxd9/Ephb2/Sufu/Runx2/Tprn/Sox11/Aplnr/Ednra"
"GOBP_HEMATOPOIETIC_OR_LYMPHOID_ORGAN_DEVELOPMENT",0.665725578769057,0.897619252890549,0.0259758493418935,0.220640229151658,0.895035484840891,56,"Ccnb2/Bcl2l11/Mafb/Six4/Zbtb1/Rorc/Lipa/Bcl11b/Map2k1/Coa5/Srf/Ctc1/Lmo4/Ptprc/Crkl/Tbx1"
"GOBP_POSITIVE_REGULATION_OF_SUPRAMOLECULAR_FIBER_ORGANIZATION",0.665795491669389,0.897619252890549,0.0285202432688668,0.199532412877854,0.919318196604776,110,"Rock2/Plek/Map1b/Mtor/Abi2/Synpo/Smad3/Hck/Lmod2/Togaram1/Ckap5/Rac1/Alox15/Arhgef15/Spast/Ppm1f/Pfn2/Actn2/Nckap1"
"GOBP_PROTEIN_LOCALIZATION_TO_CHROMOSOME_TELOMERIC_REGION",0.666347992351816,0.897967850302073,0.0232067437495815,0.291721828161629,0.857390010042014,15,"Atrx/Tnks2/Xrcc5"
"GOBP_EPITHELIAL_CELL_PROLIFERATION",0.666666666666667,0.898001175778954,0.034787681875169,0.180977674414501,0.941490197568551,261,"Uhrf1/Thbs1/St8sia1/Tnfsf11/Thap1/Cnmd/Areg/Bmpr2/Ccl5/2610528A11Rik/Epgn/Vegfc/Bglap/Prkx/Smad3/Serpinb5/Cdc73/Fgf2/Eya1/Itgb3/Six4/Eng/Hmgb2/Apln/Cdkn1a/Lipa/Tnfaip3/Rbpj/Ereg/Arx/Acvr2a/Btbd10/Cdk6/Trp63/Bcl11b/Akt3/Krit1/Nras/Atp5a1/Igf2/Rtn4/Map2k1/Stat1/Lgr5/Eppk1/Med1/Tnfsf12/Tnf/Hmgb1/Ednrb/Mcc/Stat3/Tbx2/Jcad/Scg2/Bglap2/Dusp10/Foxp2/Flt1/Gpc3/Cdc42/Yap1/Hlx/Tbx1/Prox1/Sp1"
"GOBP_REGULATION_OF_NUCLEOTIDE_EXCISION_REPAIR",0.667306769083053,0.898467245283706,0.0232530010918005,0.287375041239496,0.855316980900205,16,"Pbrm1/Ercc8/Kat7/Hmgb1/Rad52/Dpf2"
"GOBP_CELL_CELL_JUNCTION_ASSEMBLY",0.668142992723822,0.899196847035804,0.0278855433998514,0.203079388608178,0.913910726489375,95,"Rock2/Abi2/Ect2/Rock1/Tjp1/Apc/Gnpat/Cldn4/Rac1/Strn/Cntnap2/Jam3/Cdh19/Srf/Hopx/Gjb6/Dsg3/Pof1b/Tnf/Pecam1/Pkn2/Cldn17/Pdcd6ip"
"GOBP_RIBOSOME_ASSEMBLY",0.669241683745862,0.900185755072924,0.0168000588840203,-0.245908961036377,-0.876957855360112,47,"Rpl38/Nop53/Rpl11/Mtg2/Rps15/Bop1/Rpl24/Rps27l/Mpv17l2/Rps28/Rrp7a/Mrto4/Mrm2/Mpv17l"
"GOBP_TROPHOBLAST_CELL_MIGRATION",0.669467114738358,0.900185755072924,0.0232009737825726,0.287040952649448,0.854322629953928,16,"Ythdf3/Smad3/Itgb3/Ago2/Smurf2"
"GOBP_CALCIUM_ION_TRANSMEMBRANE_IMPORT_INTO_CYTOSOL",0.66988055835372,0.90034540509046,0.0154611445442712,-0.217489829419821,-0.898640703839179,106,"Drd1/Selenon/Plch1/Tmbim6/Pln/Kcnn4/Slc8b1/Mcoln1/Cacna1e/Thy1/Cd19/Cacna1d/Prnp/Itpr2/Ryr3/Htr2b/Aplnr/Grin1/Adcyap1r1/P2rx4/Plcg1/Ptpn6/Bak1/Cacna1g/P2rx1/Pml/Fyn/Slc24a2/Calm2/Cyba/Grin2a/P2rx2/Trpv1/P2rx7/Cacna1c/Ptk2b"
"GOBP_REGULATION_OF_LEUKOCYTE_ADHESION_TO_VASCULAR_ENDOTHELIAL_CELL",0.67042157364738,0.90067630056849,0.0179393715059877,-0.302412008502015,-0.852883240747376,17,"Gcnt1/St3gal4/Irak1"
"GOBP_T_CELL_DIFFERENTIATION",0.670997325181506,0.901053550958022,0.0312650111479665,0.18817163957287,0.927168884563512,171,"Spn/Tbx21/Atf2/Mtor/Sash3/Mafb/Tnfsf4/Ppp3cb/Socs3/H2-Q7/Bmi1/Zbtb1/Il4ra/Sos1/Rorc/Lipa/Cdk6/Bcl11b/Pbrm1/Bcl6/Cbfb/Ccr9/Kat7/Tcf7/Srf/Tbk1/Vav1/Opa1/Sh3rf1/Il6ra/Hmgb1/Il23r/Stat3/Fgl2/Ptprc/Dusp10/Lig4/Il6st/Clec4d/Hlx"
"GOBP_LYMPHOCYTE_MEDIATED_IMMUNITY",0.671375155795596,0.901164807098219,0.0148742419941543,-0.209316216859481,-0.903937247577117,145,"Azgp1/Cadm1/C2/Aplf/Gata3/Pms2/C7/Cd1d1/Irf7/Mapk3/Il2rb/C4b/Rab27a/H2-M3/C3/Stx7/H2-Eb1/Cd74/Klhl22/Serping1/Gnl1/Exosc3/Cd19/C1s1/C1qa"
"GOBP_POSITIVE_REGULATION_OF_GENE_EXPRESSION_EPIGENETIC",0.672218628719276,0.901900707394548,0.0171062530194721,-0.263186455185561,-0.858797339991039,31,"N6amt1/Apobec1/App/Sirt7/Sgf29/Alkbh1/Ogg1/Kdm1b/Arid1b/Padi2"
"GOBP_REGULATION_OF_COLLATERAL_SPROUTING",0.672801147227533,0.901946196178464,0.0230518963781267,0.290701589083992,0.854391458995858,15,"Fgf13/Crabp2/Fstl4/Lpar3/Efna5"
"GOBP_GLANDULAR_EPITHELIAL_CELL_DIFFERENTIATION",0.673037889039242,0.901946196178464,0.0177490198240514,-0.292819932486852,-0.846679931663254,19,"Bhlha15/Xbp1"
"GOBP_CIRCADIAN_REGULATION_OF_GENE_EXPRESSION",0.673566878980892,0.901946196178464,0.0247410070769755,0.241443681392826,0.868299392807345,33,"Ppargc1a/Ppp1cb/Noct/Top1/Rorc/Per1/Nampt"
"GOBP_REGULATION_OF_SMALL_GTPASE_MEDIATED_SIGNAL_TRANSDUCTION",0.673715203426124,0.901946196178464,0.0143309745296046,-0.203435167573143,-0.909509675246634,188,"Fbp1/Trim67/Col3a1/Arhgap8/Rasgef1a/Arfgap1/Arhgef10/Arhgap42/Kctd10/Stk19/Cgnl1/Cyth2/Cyth4/Plekhg5/Reln/Arhgef19/Rap1gap2/Ophn1/Gabarap/Arhgap12/Sipa1l1/Stambp/Arhgef28/Arhgef18/Lztr1/Mcf2l/Garnl3/Ephb2/Def6/Arhgap28/Sipa1l3/Rasip1/Cdkl5/Adcyap1r1/Srgap3/Arfgef3/Map4k4/Arhgef25/Eps8l2/Arhgdia/Vav2/Cdon/Sipa1/Ccdc125/Prex1/Fgd2/Sgsm3/Plekhg1/Arhgap22/Arhgap18/Arap1/Chn1/Dock7/Arhgap17/Psd4/Arhgap24/Arhgap20/Myoc/Rasa4"
"GOBP_CELL_GROWTH",0.674352941176471,0.901946196178464,0.0352822347483627,0.180008969010115,0.943616281680358,287,"Sgk1/Slitrk1/Inhba/S100a8/Bmpr2/Map1b/Mtor/Smad4/Tfrc/Clasp2/Fgf13/Smad3/Ostn/Ppp3cb/Ncbp1/Cdc73/Il17rb/Sh3gl2/Fhl1/Tomm70a/Rps6ka3/Pum2/Supv3l1/Eif4g2/Cdkn1a/Pafah1b1/Akap6/Plaa/Pappa2/Rab21/Try5/Sertad2/Crabp2/L1cam/Exosc2/Ephx2/Bcl6/Rtn4/Kat7/Ttl/Srf/Chpt1/Nrg1/Rerg/Ppara/Lgi1/Nin/Rasgrp2/Csnk2a1/Tnfrsf12a/Cacng7/Nrcam/Yy1/Dip2b/Crkl/Prickle1/Sin3a/Ssna1/Adipor1/Cdc42/Yap1/Dcaf13/Fstl4/Lpar3/Meaf6/Sema4f/Epm2a/Crk/Rgs2/Osgin1/Slc9a6/Rb1/Acsl4/Atg16l1/Efna5/Naif1/Npr1/Cdkn1b/Ddx3x/Slit2/Sema3f/Prkcq/Iqgap1/Ndel1/Ing1/Cyfip2/Macf1/Erbb2"
"GOBP_POLARIZED_EPITHELIAL_CELL_DIFFERENTIATION",0.674366616989568,0.901946196178464,0.0236354208121768,0.267220423369752,0.855654861615149,21,"Myo9a/Ahi1/Rab10"
"GOBP_CYTOPLASMIC_TRANSLATION",0.674389037999717,0.901946196178464,0.0150963330011108,-0.213033406787708,-0.898522795927057,124,"Rpl38/Rps26/Sars/Rpl21/Eif2d/Rps23/Aars/Rps17/Rpl11/Rps15/Rpl13/Rpl37/Rpl27a/Rpl28/Nmnat2/Rps25/Rpl36a/Rps9/Rpl32/Rpl24/Rpl10/Piwil2/Rpl31/Mif4gd/Rpl10a/Rpl19/Rpl35a/Rps24/Rpl7/Alkbh3/Ybx1/Rps28/Rps3/Rpl35/Rpl8/Rps11/Rpl6/Rpl15/Pabpc1/Rps12/Ftsj1/Rpl18a"
"GOBP_REGULATION_OF_AMINO_ACID_TRANSPORT",0.674974907995985,0.901946196178464,0.0175432658510495,-0.283843943936803,-0.85399403470548,22,"Adora1/Abat/Slc7a5/Cltrn/Slc43a2/P2rx7"
"GOBP_CENTROMERE_COMPLEX_ASSEMBLY",0.674987998079693,0.901946196178464,0.0230690057152936,0.285250201681818,0.848992801362791,16,"Oip5/Pogz/Sugt1/Mis18a/Cenpf/Cenpp/Rb1/Cenpv/Cenpa"
"GOBP_BIOLOGICAL_PROCESS_INVOLVED_IN_INTRASPECIES_INTERACTION_BETWEEN_ORGANISMS",0.675365344467641,0.901946196178464,0.0244185852880466,0.246671592275181,0.869128386908181,30,"Vps13a/Grp/Cntnap2/Vps13b/Shank3/Mkks/Mecp2/Gabrb3/Negr1/Tbx1"
"GOBP_ESTABLISHMENT_OF_SPINDLE_ORIENTATION",0.675500129903871,0.901946196178464,0.024342432226467,0.25398752195312,0.869477193235745,27,"Mad2l1/Mcph1/Pafah1b1/Ccdc66"
"GOBP_NEGATIVE_REGULATION_OF_PHOSPHORYLATION",0.676286819398988,0.902602111517654,0.0158041166600953,-0.226295378096834,-0.888523143758213,78,"Cdk5rap3/Adipoq/Mapk8ip1/Pdcd4/Sfrp2/Sirt2/Trim27/Dbndd2/Cep85/Thy1/Ptpn22/Ppia/Rasip1/Nprl2/Snx6/Zbed3/Cib1/Prr5l"
"GOBP_CANONICAL_WNT_SIGNALING_PATHWAY",0.677540609477782,0.903880594740011,0.0142937618812358,-0.203561085079603,-0.90746353084602,184,"Folr1/Sulf2/Sfrp5/Foxd1/Gata3/Ift20/Dkk2/Sfrp2/Fuz/Sox10/Dixdc1/Amer2/Tcf7l2/App/Plekha4/Nkd1/Tpbgl/Fzd2/Rspo1/Tmem9/Col1a1/Arntl/Jade1/Lzts2/Stk11/Draxin/Bicc1/Nle1/Igfbp4/Ednra/Sox4/Zbed3/Ext1/Csnk1g2/Ruvbl1/Fzd8/Dapk3/Sox2/Csnk1d/Otud5/Bcl9l/Tmem88b/Cdk14/Pygo2/Dvl2/Nkd2/Sfrp1/Bcl9/Vcp/Fzd5/Tbx18/Ccdc88c/Lrp5/Tle2/Snai1/Wnt16/Sox13/Ttc21b/Slc9a3r1"
"GOBP_SPLEEN_DEVELOPMENT",0.67799511002445,0.904092126200216,0.0232936192958527,0.272468401758724,0.850380823604319,19,"Bcl2l11/Lipa/Coa5/Ctc1"
"GOBP_NEGATIVE_REGULATION_OF_CELL_POPULATION_PROLIFERATION",0.679576178297406,0.905418746746237,0.0128418116917797,-0.193214244927574,-0.927314879192387,377,"Adora1/Dhcr24/Six5/Tmigd1/Azgp1/Sfrp5/Maged1/Adipoq/Rbp4/Alox8/Enpp3/Pdcd4/Gata3/Umod/Col18a1/Zfp503/Sparc/Cdk10/Cdkn2c/Cers2/Btg3/Sfrp2/Pla2g2d/Pex2/Dpt/Srpx/P3h1/Fuz/Sox10/Wt1/Sirt2/Msx1/H2-M3/Ogn/Fbxo4/H2-Eb1/Hes1/Trp53i11/Zbtb17/Ang/App/Ndrg1/Acvr1c/Serpinf1/Gpnmb/Pmp22/Cdkn2b/Gdf5/Tnmd/B4galt7/Ovol2/Prnp/Tesc/Tnfrsf21/Casp3/Ephb1/Vtcn1/Lzts2/Tmem115/Stk11/Scgb1a1/Bap1/Phf7/Sox11/Sox7/Kdf1/Tbrg1/Kcnk2/Cib1/Skap2/Pkn1/Ptpn6/Bak1/Arg2/Spint2/Mmrn2/Vsir/Taf6/Cd9/Sf1/Nos3/Btg1/Mtbp/Pim2/Pml/Ccl9"
"GOBP_MACROPHAGE_CHEMOTAXIS",0.679582712369598,0.905418746746237,0.0235105683703133,0.265987956369793,0.851708432794338,21,"Thbs1/Ccl5"
"GOBP_AMINO_ACID_IMPORT_ACROSS_PLASMA_MEMBRANE",0.680114814224207,0.905732675438078,0.0167314735893782,-0.254374384672587,-0.859649444319154,36,"Slc1a1/Slc6a13/Slc1a4/Slc7a3/Slc22a2/Slc38a1/Slc7a5/Gfap/Cltrn/Slc43a2/Slc7a1"
"GOBP_ACTIN_FILAMENT_DEPOLYMERIZATION",0.681175536139794,0.906274021361287,0.0166530476908409,-0.252886583912005,-0.859837207707576,37,"Lmod1/Gsn/Pdxp/Vil1/Triobp"
"GOBP_AUTONOMIC_NERVOUS_SYSTEM_DEVELOPMENT",0.681241872561768,0.906274021361287,0.0169870835921005,-0.267550437443151,-0.855327495250602,28,"Gata3/Sox10/Hes1/Egr2/Ret/Sox11/Ednra/Sox4"
"GOBP_POSITIVE_REGULATION_OF_CATALYTIC_ACTIVITY",0.681411269088994,0.906274021361287,0.0139295210197022,-0.20105587551534,-0.911177625811028,211,"Diras2/Odam/Mmd/Bcar3/Dbi/Adipoq/Tbc1d20/Arhgap42/Zfp622/Mapk3/Pim1/Rgs6/Grn/H2-Eb1/Camk1/Rgs10/Chp2/Cd74/Rhoc/Gnb5/Prlr/Rcn3/Sipa1l1/Creb3/Thy1/Tpd52l1/Azin2/Cacna1d/Ppia/Fgfr4/Tlr3/Rsu1/Asap3/Tbc1d30/Stk11/Lars/Tnfsf15/Ednra/Cib1/Ltf/Vsir/Rapgef3/Prss22/B3gat3/Chil1/Evi5l/Unc119/Cr1l/Taok3/Gas6/Stox1/Ccdc125/Fbn1/Polg2/Fgf1/Vcp"
"GOBP_NATURAL_KILLER_CELL_MEDIATED_IMMUNITY",0.681732580037665,0.906306802443458,0.0247671651170033,0.231927473669966,0.874785008373882,41,"Il18rap/H2-Q7/Kif5b/Ulbp1/Cebpg/Coro1a/Vav1/Serpinb3a/Lyst"
"GOBP_HEAD_MORPHOGENESIS",0.68203457780005,0.906313890900023,0.0235936628401341,0.259013547399206,0.852027717654588,23,"Nipbl/Tiparp/Arid5b/Vps13b/Csrnp1/Prickle1/Tbx1/Cldn5/Myh3/Plekha1/Braf"
"GOBP_NEGATIVE_REGULATION_OF_ENDOCYTOSIS",0.6824184566428,0.90642973262772,0.016649648620692,-0.24984966621308,-0.86526384402229,41,"Adipoq/Lrpap1/Atg3/Scamp5/Anxa2/Snx33/Dlg4/Unc119/Sh3gl3/Sdcbp/Lrsam1/Plscr1/Prom2/Sirpa/Abca2/B2m/Cav1/Csk/Rin3"
"GOBP_REGULATION_OF_CELLULAR_RESPONSE_TO_INSULIN_STIMULUS",0.682876927919421,0.906441448472314,0.0164808198402051,-0.239260899843242,-0.870280049019058,52,"Bglap3/Slc27a4/C1qtnf12/Ctsd/Pid1/Trib3/Sorl1/Cul7/Echdc3/Ahsg"
"GOBP_ENDOCRINE_HORMONE_SECRETION",0.683081018133422,0.906441448472314,0.01728711641568,-0.279544445060933,-0.850721933664564,23,"Foxd1/C1qtnf3/Gata3"
"GOBP_REGULATION_OF_INTRINSIC_APOPTOTIC_SIGNALING_PATHWAY_BY_P53_CLASS_MEDIATOR",0.683317399617591,0.906441448472314,0.0228036571850969,0.288024327400794,0.846522807424917,15,"Atad5/Usp15/Rrm2b"
"GOBP_POSITIVE_REGULATION_OF_SMOOTH_MUSCLE_CELL_MIGRATION",0.684052156469408,0.90702228212415,0.0235579823866944,0.255969591396261,0.853684462001413,24,"Ccl5/Itgb3/Ssh1/Crk/Ddr2/Foxo4/Mdm2/Map3k7/Fgf9/Sema6d/Nrp1/Fat1"
"GOBP_TISSUE_REMODELING",0.684963503649635,0.907554071452128,0.0153466709981738,-0.217916534335174,-0.885582831898136,96,"Bglap3/Cbs/Foxc1/Ltbp3/Umod/Tmem119/Ace/Cela1/Gpr137/Gpnmb/Gdf5/Mmp2/Foxc2/Flt4/Ctsk/Ednra/Ext1/Bak1/Acp5/P3h4/BC004004/Nos3/Pml/Sfrp1/Adam8/Syt7/Lrp5/P2rx7/Wnt16/Ptk2b/Bgn/Gnat2/Dll4/Ypel4/Axl/Arap1"
"GOBP_PROTEIN_DEACYLATION",0.685047361299053,0.907554071452128,0.0174887171408878,-0.290278743467414,-0.839332160877815,19,"Nnmt/Sirt2/Sirt7/Lypla2/Brms1/Ppt1"
"GOBP_MICROVILLUS_ASSEMBLY",0.685493603668839,0.907688690991504,0.0229102368569071,0.277875508120055,0.842015997706957,17,"Stk26/Rdx/Rap2b/Rapgef6/Rap1b/Klf5/Rap2a/Ezr"
"GOBP_MIDBRAIN_DEVELOPMENT",0.686182019977802,0.907688690991504,0.0251730207076025,0.219252053871359,0.885516956564696,54,"Rad1/Plp1/Fzd6/Fgf2/Sos1/Rac1/Nr4a2/Ndrg2/Fzd3/Tal2/Ttbk1/Cdc42/Gnb4/Sypl2"
"GOBP_REGULATION_OF_DOUBLE_STRAND_BREAK_REPAIR_VIA_HOMOLOGOUS_RECOMBINATION",0.686408296943231,0.907688690991504,0.0248921706416246,0.223033587693304,0.876042767247837,48,"Fignl1/Timeless/Rif1/Smchd1/Mrnip/Spidr/Csnk2a1/Peli1/Ercc6/Klhl15/Meaf6"
"GOBP_RESPONSE_TO_ARSENIC_CONTAINING_SUBSTANCE",0.686552567237164,0.907688690991504,0.0230918552469226,0.270171422707654,0.843211893465476,19,"Slc38a2/Fech/Cpox/Gria1"
"GOBP_NEGATIVE_REGULATION_OF_RESPONSE_TO_CYTOKINE_STIMULUS",0.686930905195501,0.907688690991504,0.0245658625219974,0.232610078285015,0.873500528783793,40,"Ythdf3/Ccl5/Usp25/Cnot7/Irak3/Isg15/Nlrc5/Oas1g/Ptprc/Il6st/Ythdf2"
"GOBP_ACTIVATED_T_CELL_PROLIFERATION",0.686931670563783,0.907688690991504,0.0240671352767403,0.251772952412625,0.861896042423737,27,"Gpam/Igfbp2/Igf2/Ppp3ca/Hmgb1/Il23r/Cd274/Prkar1a/Ripk3"
"GOBP_IMMUNE_RESPONSE_TO_TUMOR_CELL",0.687469995199232,0.907711006550388,0.0227757629222138,0.282815812007937,0.841747304964712,16,"Ywhag/H2-Q7/Prkaa1"
"GOBP_NEGATIVE_REGULATION_OF_NF_KAPPAB_TRANSCRIPTION_FACTOR_ACTIVITY",0.687677602686644,0.907711006550388,0.023956252782659,0.252579840345248,0.856273602330722,26,"Cyp1b1/Nfkbia/Tceal7"
"GOBP_NAD_METABOLIC_PROCESS",0.68802781917536,0.907711006550388,0.0233110681854237,0.26472845825967,0.847675448834762,21,"Gpd2/Slc25a22/Slc25a12/Nampt/Mdh1/Mdh2/Ldhb/Haao/Naprt/Nmnat1"
"GOBP_CELL_SURFACE_RECEPTOR_SIGNALING_PATHWAY_VIA_STAT",0.688448074679113,0.907711006550388,0.025961440532814,0.212677863699473,0.890250994524384,65,"Cyp1b1/Ccl5/Socs3/Jak2/Ociad2/Cnot7/Rac1/Stat1/Il6ra/Tnf/Pibf1/Il23r/Tnfrsf1a/Ggnbp2/Stat3/Ptprc/Ercc6/Il6st/Adipor1"
"GOBP_FOREBRAIN_GENERATION_OF_NEURONS",0.688748019017433,0.907711006550388,0.0164573576694934,-0.245993336601815,-0.864905994237214,44,"Drd1/Cntn2/Tox/Hes1/Ophn1/Ubb/Lhx8/Tfap2c"
"GOBP_TRNA_METHYLATION",0.688969258589512,0.907711006550388,0.023925627520731,0.25240539022319,0.855682197117077,26,"Nsun6/Trdmt1/Trmt44/Tarbp1/Trmt1l/Trmt10c/Mettl2/Wdr4/Thada/Trmt10a"
"GOBP_SIGNAL_TRANSDUCTION_BY_P53_CLASS_MEDIATOR",0.689028420356907,0.907711006550388,0.0281135455123913,0.19646031973475,0.9113658748394,115,"Sgk1/Rpf2/Mtor/Atad5/Pmaip1/Atrx/Dyrk2/Usp15/Acer2/Cdkn1a/Ddit4/Trp63/Rrm2b/Pla2r1/Jmy/Rps6ka6/Mdm4/Rrs1/Cops3/Ppp2r5c/Csnk2a1/Casp2/Ankrd1/Usp10/Bok/Dyrk1a/Grem1/Pdk2/Mlf1/Pou4f1/Hipk1/Rrp8/Bax/Cdkn1b/Ppm1d/Snai2/Eda2r/Ddx5/Perp/Mybbp1a/Mdm2"
"GOBP_REGULATION_OF_MYOTUBE_DIFFERENTIATION",0.690099494372859,0.908381018980451,0.0168482864293566,-0.26898302877931,-0.846159517939909,26,"Bhlha15/Xbp1/Tmem119"
"GOBP_NEGATIVE_REGULATION_OF_ACTIN_FILAMENT_DEPOLYMERIZATION",0.690200554377955,0.908381018980451,0.0168413857218999,-0.263614193724554,-0.847900005605664,29,"Lmod1/Gsn/Vil1/Triobp/Cfl1/Sptbn4"
"GOBP_NEURON_MIGRATION",0.69042904290429,0.908381018980451,0.0280540476297822,0.197487823011222,0.911388323719318,112,"Map1b/Abi2/Aspm/Fgf13/Large1/Vrk1/Nipbl/Cul5/Gnrh1/Pafah1b1/Plaa/Ddit4/Arx/Rac1/Tyro3/Nr4a2/Srf/Cep85l/Fzd3/Sema6a/Sh3rf1/Camk2b/Astn1/Stat3/Nrcam/Kif20b/Crkl"
"GOBP_PROTEIN_ACETYLATION",0.69234592445328,0.910510890746781,0.0232182918027764,0.260369806011504,0.845535702495684,22,"Esco2/Esco1/Naa15/Naa16/Kat7/Naa20/Dip2b"
"GOBP_RESPIRATORY_SYSTEM_DEVELOPMENT",0.693154454764362,0.9111819532294,0.028723985140975,0.194470327426193,0.915341107315041,126,"Klf2/Timeless/Bmpr2/Tmem38b/Epas1/Itgb6/Creb1/Ccdc39/Fgf2/Six4/Lipa/Rbpj/Smchd1/Ywhaz/Abca12/Phex/Ppp3r1/Map2k1/Srf/Hopx/Id1/Tnf/Aldh1a3/Hmgb1/Heg1/Slc7a11/Aimp2/Tbx2/Foxp2/Gpc3/Cdc42/Yap1/Nphp3/Prox1/Bloc1s6/Rdh10/Bmp2/Kdr"
"GOBP_NEURON_APOPTOTIC_PROCESS",0.693999456964431,0.911900361731758,0.0141091066635116,-0.204366207439529,-0.900133294205022,167,"Cited1/Hyou1/Epha7/Pycr1/Gata3/Slc1a1/Nsmf/Tmbim6/Arsg/Casp7/Cln3/Grn/Cdk5/Cx3cr1/Faim2/App/Aars/Ubb/Sarm1/Nrbp2/Stambp/Bbc3/Casp6/Gdf5/Mmp2/Prnp/Tnfrsf21/Casp3/Tmbim4/Sigmar1/Alkbh1/Draxin/Parp1/Grina/Snx6/Xrcc2/Gba/Grik2/Hrk/Ppt1/Aatk"
"GOBP_CARDIAC_MUSCLE_CELL_PROLIFERATION",0.694783032666992,0.912537474117652,0.0166973169631274,-0.265420343240772,-0.843240469790085,27,"Foxc1/Rbp4/Myh10/Pim1"
"GOBP_POSITIVE_REGULATION_OF_NATURAL_KILLER_CELL_MEDIATED_CYTOTOXICITY",0.695167923235093,0.912620328200467,0.01746334123993,-0.300030499899385,-0.834311279155283,16,"Cadm1/H2-M3"
"GOBP_RIBONUCLEOSIDE_MONOPHOSPHATE_METABOLIC_PROCESS",0.695461912479741,0.912620328200467,0.0166428531535733,-0.260782863115032,-0.845337741218415,30,"Card11/Upp2/Guk1/Dpyd/Cmpk1/Ak3/Pnp2/Cad/Umps"
"GOBP_LONG_CHAIN_FATTY_ACID_TRANSPORT",0.695742305852336,0.912620328200467,0.0164005531549437,-0.251271921774794,-0.849164778146726,36,"Acsl5/Slc27a4/Ace/Pla2g2d/Cpt1b/Abcd2/Mfsd2a/Eprs/Plin2/Tmem135/Slc2a1"
"GOBP_MULTIVESICULAR_BODY_SORTING_PATHWAY",0.696959896507115,0.913481204291644,0.0165784731621394,-0.25863559029046,-0.843947523104317,31,"Mvb12a/Rab27a/Ubxn6/Vps37d/Sytl4/Stam2/Laptm4b/Sort1/Vps28/Vps37b/Vcp"
"GOBP_NERVE_DEVELOPMENT",0.697094298245614,0.913481204291644,0.0247083865417471,0.218841204842042,0.87659652491537,52,"Vcam1/Kcnc1/Mafb/Kcna2/Large1/Six4/Kcnq3"
"GOBP_ACTIN_FILAMENT_BASED_MOVEMENT",0.697295636140135,0.913481204291644,0.0266342338311079,0.204510483569424,0.896334666397437,83,"Stc1/Ttn/Fgf13/Rock1/Kcnj2/Cacna2d1/Pde4b/Dsc2/Epdr1/Myo19/Pik3ca/Scn4b/Ryr2/Scn7a/Wipf1/Abcc9/Sumo1/Myl1/Kcnj3/Scn9a/Atp1a2/Ctnna3/Wasl/Myh3/Ank2"
"GOBP_NEGATIVE_REGULATION_OF_AMIDE_METABOLIC_PROCESS",0.698252227553119,0.913976056220409,0.0173983211326895,-0.299055043613256,-0.831598774319564,16,"Ormdl3/Ormdl2/Prnp/Chrna7/Sorl1"
"GOBP_REGULATION_OF_DIGESTIVE_SYSTEM_PROCESS",0.698271723475756,0.913976056220409,0.0225275264522709,0.280657059199296,0.835322189106241,16,"Sgk1/Ppp3ca/Wnk1/Wnk3/Negr1"
"GOBP_POSITIVE_REGULATION_OF_GLIOGENESIS",0.69891269587464,0.91442324877817,0.0163739068527009,-0.250170648607412,-0.852893904425133,38,"Ntn1/Sox10/Lrp2/Hes1/Id2/Egr2/Rnf112"
"GOBP_PROTEIN_PALMITOYLATION",0.700681928884559,0.915675837596203,0.0227035330047586,0.271986781027491,0.836020207382059,18,"Zdhhc23/Zdhhc6/Hhatl/Zdhhc17/Zdhhc16/Zdhhc18/Zdhhc5"
"GOBP_NEGATIVE_REGULATION_OF_CELL_ADHESION",0.700763358778626,0.915675837596203,0.0304273811995255,0.186494158068789,0.920017037859618,172,"Thbs1/Cyp1b1/Spn/Tbx21/Gtpbp4/Tnfsf4/Clasp2/Phldb2/H2-Q7/Jak2/Acer2/Gnrh1/Il4ra/Cblb/Abca12/Rdx/Fzd4/Jam3/Spry4/Bcl6/Ap1ar/Cbfb/Ppm1f/Map2k1/Sema6a/Wnk1/Ptpn1/Ppara/Hmgb1/Adam22/Atp5b/Peli1/Dmtn/Fgl2/Ptprc/Angpt2/Ythdf2/Hlx/Cd274/Prkar1a/Ubash3b"
"GOBP_POSITIVE_REGULATION_OF_B_CELL_PROLIFERATION",0.701128783991791,0.915675837596203,0.0235283272805169,0.252827451131907,0.84844838766078,25,"Sash3/Atad5/Tfrc/Bmi1/Cdkn1a/Bcl6/Peli1/Ptprc"
"GOBP_EMBRYONIC_CAMERA_TYPE_EYE_DEVELOPMENT",0.701327987972939,0.915675837596203,0.0231434223848057,0.255764768807134,0.841340827193595,23,"Traf3ip1/Aldh1a3/Tbx2/Prox1/Rdh10/Hipk1/Sp3/Rara"
"GOBP_REGULATION_OF_T_CELL_ACTIVATION",0.701368726669432,0.915675837596203,0.0319857544291155,0.183689014278027,0.927336940849964,209,"Vcam1/Tnfsf11/Spn/Tbx21/Kitl/Ccl5/Mtor/Sash3/Tnfsf14/Tfrc/Ywhag/Tnfsf4/H2-Q7/Bmi1/Prkaa1/Gpam/Jak2/Gnrh1/Zbtb1/Il4ra/Sos1/Cblb/Cd55/Igfbp2/Pbrm1/Igf2/Bcl6/Cbfb/Tcf7/Coro1a/Ppp3ca/Vav1/Opa1/Sh3rf1/Hmgb1/Il23r/Ccdc88b/Peli1/Fgl2/Ptprc/Dusp10/Il6st/Flot2/Yes1/Hlx/Cd274/Prkar1a"
"GOBP_REGULATION_OF_PHOSPHORYLATION",0.702652396463471,0.916959876632168,0.0342157870484692,0.179900563950515,0.935769817532519,267,"Irgm2/Fgr/Thbs1/Tpx2/Rock2/Inhba/Areg/Hipk3/Ccnt1/Rbl2/Adcyap1/Tigar/Ywhag/Cnot9/Ccne2/Ect2/Pik3r5/Tcim/Fgf2/Jak2/Gskip/Traf3ip1/Cab39/Eng/Kctd20/Apln/Cdkn1a/Stradb/Apc/Mob1b/Klhl31/Ereg/Cnot7/Rac1/Mrnip/Trib2/Acvr2a/Ccnt2/Nlrc5/Xrcc5/Map2k1/Pfn2/Il34/Tnfrsf10b/Rap2b/Nrg1/Ptpn1/Ccng1"
"GOBP_PROTEASOMAL_PROTEIN_CATABOLIC_PROCESS",0.703805023625964,0.917061990895166,0.0126348340343054,-0.192982955446936,-0.915368398846732,334,"Nr1d1/Calr/Hspa5/Desi1/Edem2/H13/Hsp90b1/Socs2/Xbp1/Trim39/Ddrgk1/Rhbdd1/Psme2/Umod/Trpc4ap/Os9/Kctd10/Selenos/Rhbdd2/Nsfl1c/Sirt2/Maea/Nop53/Derl1/Fbxo4/Hsp90ab1/Rnf5/Rnf185/Klhl22/Fbxl18/Ophn1/Gabarap/Stt3b/Ubb/Rcn3/Ubxn6/Rpl11/Nedd4l/Dtx4/Zfp598/Sec61b/Rhbdf1/Ubxn10/Derl2/Arntl/Psmc1/Trf/Edem1/Trib3/Klhl8/Pex12/Anapc7/Klhdc3/Tmub1/Get4/Zfand2b/Syvn1/Klhl2/Bcap31/Tmem259/Rnft2/Wwp2/Gba/Hectd3/Trim3/Erlec1/Psmb1/Csnk1d/Fbxo44/Kctd2/Canx/Rchy1/Usp5/Pml/Nub1/Fbxl13/Fbxl7/Man1a/Nkd2/Adrm1/Ddb1/Anapc2/Rffl/Herpud1/Vcp/Commd1/Edem3/Pcbp2/Psmb3/F8a/Tmub2"
"GOBP_NEGATIVE_REGULATION_OF_TRANSFERASE_ACTIVITY",0.70441400304414,0.917061990895166,0.0155452921021204,-0.227089745082107,-0.867485148894183,67,"Cdk5rap3/Adipoq/Mapk8ip1/Pdcd4/Trim27/Dbndd2/Rpl11/Cep85/Thy1/Ptpn22/Ppia/Rasip1/Nprl2/Snx6"
"GOBP_VESICLE_MEDIATED_TRANSPORT_TO_THE_PLASMA_MEMBRANE",0.704521868050408,0.917061990895166,0.0151630511531233,-0.221842353512807,-0.873628733198719,79,"Arhgap8/Slc1a1/Cln3/Clstn1/Snx4/Exoc8/Snx7/Rab34/Vps51/Def6/Sorl1/Arfrp1/Golph3l/Llgl2/Snx17/Atp9a/Arl3/Amn/Rab31/Commd1/Golph3/Exoc4/Sec16a"
"GOBP_CALCIUM_ION_IMPORT_ACROSS_PLASMA_MEMBRANE",0.704585316963167,0.917061990895166,0.0230690057152936,0.255000673040404,0.838827326341098,23,"Cacna2d1/Ppp3cb/Ppp3cc/Ppp3r1/Slc8a3/Ppp3ca"
"GOBP_RESPONSE_TO_ELECTRICAL_STIMULUS",0.704625735912532,0.917061990895166,0.0169940629693629,-0.281418180903099,-0.827504596329221,20,"Calr/Nsmf/Gnat1/Mmp2"
"GOBP_NEGATIVE_REGULATION_OF_EXTRINSIC_APOPTOTIC_SIGNALING_PATHWAY_VIA_DEATH_DOMAIN_RECEPTORS",0.704727769243898,0.917061990895166,0.0172052330312473,-0.293645601090195,-0.828159612872478,17,"Sfrp2/Faim2/Pea15a/Grina/Nos3/Fgg/Rffl"
"GOBP_EPITHELIAL_CELL_DEVELOPMENT",0.704831932773109,0.917061990895166,0.028741852737738,0.191185012372943,0.908975973768776,133,"Rock2/Stc1/Tigar/Epas1/Abi2/Atrx/Adamtsl4/Rock1/Tjp1/Icam1/Magi2/Rac1/Abca12/Gpat4/Cdk6/Trp63/Rdx/Bcl11b/Myd88/Rap2b/Pof1b/Id1/Tnf/Heg1/Ednrb/Pecam1/Tnfrsf1a/Rapgef6/Ppp1r12a/Rfx3/S1pr3/Il6st/Yap1/Prox1/Arid4b/Cdh5/Rap1b/Cldn5"
"GOBP_CYTOKINE_PRODUCTION_INVOLVED_IN_INFLAMMATORY_RESPONSE",0.705826170009551,0.917964644265295,0.016165938958828,-0.244471507849189,-0.850957314779865,42,"Pdcd4/Adcy7/Il1r2/Abcd2/Pld3/Chrna7/Ephb2/Tlr3/Il17d/Gpsm3/Bap1"
"GOBP_POSITIVE_REGULATION_OF_PROTEIN_MODIFICATION_PROCESS",0.707224830464267,0.919392279603547,0.0132556733812227,-0.19814949577144,-0.904276223059928,227,"Diras2/Angpt4/Odam/Hspa5/Mmd/Cdk5rap3/Adipoq/Xbp1/Nnmt/Ddrgk1/Atg7/Pim1/Efna1/Nop53/Enpp2/Mydgf/Derl1/Fbxo4/C3/H2-Eb1/Camk1/Hes1/Cd74/Gabarap/Prlr/Ubb/Fam161a/Rspo1/Arntl/Tpd52l1/Ptpn22/Trib3/Ppia/Tlr3/Brms1/Flt4/Stk11/Tnfsf15/Tnk2/Cib1/Ltf/Pias3/Chil1/Rchy1/Tnip1/Unc119/Taok3/Ctf1/Gas6/Stox1/Phf23/Fbn1/Fgf1/Vcp/Commd1"
"GOBP_REGULATION_OF_MACROPHAGE_MIGRATION",0.707622298065984,0.919408283171814,0.016430595340031,-0.263070518278657,-0.83577507553739,27,"Slamf8/Mapk3/Cx3cr1/P2rx4/Cd9/P2ry12/Cxcl17/Ptk2b/Cmklr1/Hc/Ddt/Mmp14"
"GOBP_NEGATIVE_REGULATION_OF_LIPID_LOCALIZATION",0.708165997322624,0.919408283171814,0.0168448356136016,-0.277913016048441,-0.828424160146313,21,"Adipoq/Clstn3/Mapk3/Ces1d"
"GOBP_REGULATION_OF_ESTABLISHMENT_OR_MAINTENANCE_OF_CELL_POLARITY",0.70840522553611,0.919408283171814,0.0227201637711662,0.264494606449291,0.834874511097254,20,"Rock2/Rock1/Krit1/Kif20b/Flot2/Cdh5/Rap1b"
"GOBP_GOLGI_TO_PLASMA_MEMBRANE_TRANSPORT",0.708818370275873,0.919408283171814,0.0161299619767383,-0.248995565934402,-0.841471912232635,36,"Cln3/Exoc8/Rab34/Arfrp1/Golph3l/Llgl2/Arl3/Amn/Rab31/Commd1/Golph3/Exoc4/Sec16a"
"GOBP_REGULATION_OF_SMOOTH_MUSCLE_CELL_DIFFERENTIATION",0.708898200640868,0.919408283171814,0.0227090740906155,0.264455449513689,0.834750912631843,20,"Rcan1/Nfatc1/Eng/Ereg/Srf/Mecp2"
"GOBP_RRNA_TRANSCRIPTION",0.709081580297588,0.919408283171814,0.0233460402809052,0.251383995551232,0.843604382175612,25,"Mtor/Top1/Polr1b/Npm3/Spin1/Gtf3c4/Gtf3c3/Ercc6"
"GOBP_POSITIVE_REGULATION_OF_MACROPHAGE_CYTOKINE_PRODUCTION",0.709936678032148,0.919408283171814,0.0224948044996396,0.269815919501062,0.829347515067136,18,"H2-Q7/Cd36/Myd88/Rtn4/Panx1"
"GOBP_REGULATION_OF_SYNCYTIUM_FORMATION_BY_PLASMA_MEMBRANE_FUSION",0.710273643783005,0.919408283171814,0.0222574754265934,0.278798272346819,0.829789864684675,16,"Tnfsf14/Il4ra"
"GOBP_DNA_BIOSYNTHETIC_PROCESS",0.710373711340206,0.919408283171814,0.0271296718528132,0.19756521207412,0.898130208534619,101,"Mre11a/Dtl/Rfc4/Tnks2/Tfdp1/Rev1/Fgf2/Zbtb1/Dcp2/Cdkn1a/Rrm2b/Pole4/Ten1/Kat7/Xrcc5/Dkc1/Ctc1/Tnf/Dnajc2/Rev3l/Xrn1/Ankrd1/Usp10/Cenpf/Lig4/Smg5/Pot1a/Nox4/Meaf6"
"GOBP_TETRAPYRROLE_METABOLIC_PROCESS",0.710407239819005,0.919408283171814,0.0239133986055392,0.234614512980271,0.854069285806995,35,"Fech/Alas2/Cpox/Mtrr/Abcb10/Sucla2/Mmachc"
"GOBP_MEMBRANE_INVAGINATION",0.710547612624764,0.919408283171814,0.0241291682637753,0.231716583867208,0.854163514124131,37,"Thbs1/Cd36/Itgam/Fcho2/Rac1/Alox15"
"GOBP_FACE_MORPHOGENESIS",0.711354079058032,0.919970985812008,0.0168551908353814,-0.279731593583302,-0.822545219665059,20,"Crispld2/Msx1/Rras/Col1a1/Mmp2"
"GOBP_REGULATION_OF_PROTEIN_LOCALIZATION_TO_CELL_SURFACE",0.711695225420063,0.919970985812008,0.0166870875350485,-0.272879815554116,-0.830439840418313,23,"Hsp90ab1/Nedd4l/Ephb2/Snx33/Astn2/Rab11fip5/Commd1/Gpd1l/Akt1/Abca2"
"GOBP_SMOOTH_MUSCLE_CELL_MIGRATION",0.71188589540412,0.919970985812008,0.0159773358584007,-0.241769704182873,-0.850055815581719,44,"Adipoq/Xbp1/Aamp/Ace"
"GOBP_SOMATIC_STEM_CELL_POPULATION_MAINTENANCE",0.712634408602151,0.920144702306346,0.0240238962523283,0.227016143887728,0.862540118342866,42,"Taf5l/Rif1/Med14/Nipbl/Rbpj/Med27/Trp63/Klf10/Sall4/Stat3/Lig4/Yap1/Tbx1"
"GOBP_ESTABLISHMENT_OF_PROTEIN_LOCALIZATION_TO_VACUOLE",0.712808273667462,0.920144702306346,0.0160161373110066,-0.244415480456125,-0.846444509466187,41,"Mvb12a/Gnptg/Ap4m1/M6pr/Ap3m1/Ap3d1/Sorl1/Vps37d/Stam2/Sort1/Vps28/Vps37b"
"GOBP_REGULATION_OF_CELL_SUBSTRATE_ADHESION",0.713281799016163,0.920144702306346,0.0285907503359651,0.190880845940229,0.906323300855316,132,"Thbs1/Rock2/Dmp1/Clasp2/Rock1/Smad3/Phldb2/Myf5/Jak2/Itgb3/Cd36/Acer2/Npnt/Rac1/Cdk6/Alox15/Fzd4/Spry4/Bcl6/Ap1ar/Ppm1f"
"GOBP_NEGATIVE_REGULATION_OF_RHO_PROTEIN_SIGNAL_TRANSDUCTION",0.71339414306289,0.920144702306346,0.0221882261335861,0.277967794256375,0.827318105098461,16,"Scai/Ripor1/Bcl6/Arhgap30/Heg1"
"GOBP_NEGATIVE_REGULATION_OF_PROTEIN_CONTAINING_COMPLEX_ASSEMBLY",0.713526284701713,0.920144702306346,0.0149219628586776,-0.219634975706206,-0.868772906030996,81,"Hspa5/Fkbp4/Lmod1/Gsn/Sirt2/Vil1/Nop53/Triobp/Eml2/Tbcd/Tmc8/Kank4/Sorl1/Cfl1/Sptbn4/Gba"
"GOBP_REGULATION_OF_PROTEIN_LOCALIZATION_TO_PLASMA_MEMBRANE",0.714711137581894,0.92038476200567,0.0150178965851193,-0.221403329437651,-0.867364589581282,77,"Mrap/Agr2/Vil1/Cln3/Cdk5/Zdhhc7/Stx7/Pid1/Vamp8/Tmem59/Prnp/Ephb2/Pik3r1"
"GOBP_POSITIVE_REGULATION_OF_FILOPODIUM_ASSEMBLY",0.715359559007767,0.92038476200567,0.0228260182989026,0.252866993625759,0.831808566047974,23,"Myo3b/Dock11/Neurl1a/Srf/Rhoq/Cdc42/Rala/Wasl"
"GOBP_MULTICELLULAR_ORGANISMAL_MOVEMENT",0.715586502410284,0.92038476200567,0.0238950778648558,0.228388043876714,0.857645887766581,40,"Mtor/Ttn/Kcnj2/Homer1/Slc8a3/Chrnb1/Tnf/Actn3/Stac2/Myh3"
"GOBP_AORTIC_VALVE_MORPHOGENESIS",0.715897693079238,0.92038476200567,0.0228260182989026,0.25002649504881,0.833863634924565,24,"Rock2/Rock1/Nfatc1/Robo2"
"GOBP_PROTEIN_LOCALIZATION_TO_CYTOSKELETON",0.716115261472785,0.92038476200567,0.0238220650489235,0.229879440714711,0.853438725037924,38,"Mcph1/Cep83/Mid2/Apc/Bicd1/Cep192/Pibf1/Kif20b/Klhl21/Ttbk2/Ccdc14/Cttnbp2nl/Luzp1/C2cd3/Dvl1/4933427D14Rik/Hnrnpu/Nup62"
"GOBP_PEPTIDYL_AMINO_ACID_MODIFICATION",0.716167120799273,0.92038476200567,0.0333484662497276,0.178519165219107,0.928700430457308,261,"Gapdh/Irgm2/Fgr/S100a8/Hipk3/Atf2/Esco1/Abi2/Ogfod1/Cnot9/Dph6/Prkx/Rock1/Igf1r/Top1/Eya1/Uspl1/Jak2/Hck/Nmt2/Mapk8/Hdac4/Smc5/Cnot7/Ppil1/Sae1/Dph5/Capn3/Smc6/Cfap20/Ttll4/Ifih1/Kat7/Galnt2/Rangap1/Plod2/Pfn2/Rap2b/Nrg1/Tbk1/Ptpn1/Sumo1/Pibf1/Slf2/Naa20/Uhrf2/Senp2/Senp5/Cdk2/Ttbk1/Dmtn/Ercc6/Dip2b/Dyrk1a/Epha3/Pikfyve/Flt1"
"GOBP_CELLULAR_RESPONSE_TO_STEROL",0.716397387418357,0.92038476200567,0.0170675767380304,-0.298087716779628,-0.815367531854008,15,"Insig1/Ces1d"
"GOBP_EXECUTION_PHASE_OF_APOPTOSIS",0.716787630167245,0.92038476200567,0.0158136811565673,-0.236897501592931,-0.848215269578768,48,"Cdk5rap3/Aifm3/Sirt2/Casp7/Ptgis/Acvr1c/Bbc3/Ctsd"
"GOBP_POSITIVE_REGULATION_OF_LIPID_BIOSYNTHETIC_PROCESS",0.71704890853827,0.92038476200567,0.0243741059520556,0.216355748481892,0.86999745869602,53,"Mtor/Ptgs2/Plin5/Creb1/Prkaa1/Cnep1r1/Plaa/Rab38/Abhd6/Mbtps2/Ppara/Tnf"
"GOBP_REGULATION_OF_NEURAL_PRECURSOR_CELL_PROLIFERATION",0.717115689381933,0.92038476200567,0.0158712124047754,-0.240816362123884,-0.84670389039233,44,"Sox10/Sirt2/Tox/Lrp2/Cx3cr1/Id2"
"GOBP_LEUKOCYTE_MEDIATED_CYTOTOXICITY",0.717222884386174,0.92038476200567,0.0256274881397708,0.206968128512292,0.880673074428943,71,"Il18rap/Trem1/Ppp3cb/H2-Q7/Icam1/Itgam/Kif5b/Ulbp1/Dnase1l3/Myd88/Cebpg/Coro1a/Vav1/Serpinb3a/Il23r/Ptprc/Lyst"
"GOBP_REGULATION_OF_TYPE_I_INTERFERON_MEDIATED_SIGNALING_PATHWAY",0.717327698309493,0.92038476200567,0.0162348963351906,-0.259546084327606,-0.829738513349292,28,"Trim41/Usp29/Rbm47/Irf7/Rnf185/Gigyf2"
"GOBP_BODY_MORPHOGENESIS",0.717915138816134,0.920505225172691,0.0234810268832093,0.238994404379991,0.846712563665149,31,"Grem2/Nipbl/Tiparp/Arid5b/Nckap1/Vps13b/Csrnp1/Prickle1/Gpc3/Tbx1/Cldn5/Myh3/Plekha1/Braf"
"GOBP_NEGATIVE_REGULATION_OF_PHOSPHORUS_METABOLIC_PROCESS",0.718024206738633,0.920505225172691,0.0272088482181238,0.19709275299634,0.900406716153266,105,"Slc4a1/Plek/Inhba/Ppp2ca/Hipk3/Tigar/Ywhag/Gskip/Traf3ip1/Pfkfb1/Cdkn1a/Hdac4/Apc/Klhl31/Ddit4"
"GOBP_SMOOTHENED_SIGNALING_PATHWAY",0.718611521418021,0.92050932952415,0.0148237159402061,-0.216484114956121,-0.867058564668915,89,"Ift81/Ift20/Fuz/Tctn1/Hes1/Cc2d2a/Shox2/Rab34/Sufu/Runx2/Ext1/Kctd6/Armc9/Ptchd1/Rpgrip1l/Ift122/Arl3/Ptch1/Cdon/Sfrp1/Vcp/Evc2/Ttc21b/Tmem231/Ift172/Hspb11/Ttc23/Dzip1/Prkaca/Mgrn1/Gli3/Gas8/Gorab"
"GOBP_ANTIGEN_PROCESSING_AND_PRESENTATION_OF_ENDOGENOUS_PEPTIDE_ANTIGEN",0.719319353729804,0.92050932952415,0.0170080331261637,-0.29680514304915,-0.811859272646491,15,"Azgp1/H2-M3/H2-Eb1"
"GOBP_POSITIVE_REGULATION_OF_MAPK_CASCADE",0.71982980917999,0.92050932952415,0.0128340040106933,-0.195636343074311,-0.903867517999045,254,"Diras2/Adora1/Drd1/Bcar3/Kl/Arhgap8/Lamtor2/Mapk8ip1/Sema4c/Ksr2/Cdk10/Ghr/Stk39/Zfp622/Mapk3/Efna1/Alkal2/Mydgf/Acta2/H2-Eb1/Cd74/Casr/Ffar4/App/Nkd1/Gpnmb/Dusp15/Map2k6/Mid1/Tpd52l1/Ptpn22/Shc1/Tmem106a/Chrna7/Ppia/Fgfr4/Tlr3/Cd40/Flt4/Htr2b/Tlr9/Scimp/Ret/Ksr1/Igfbp4/Adrb1/Cib1/Sox2/Fgf22/Chil1/Dvl2/Fgg/Bmper/Lamtor1/Cdon/Taok3/Gas6/Adam8/Rell1/Fgf1/Ccdc88c/Cxcl17/Nenf/Sdcbp/Cd27/Adra1a/Hras/P2rx7/Wnt16/Ptk2b/Mapk8ip3/Nrk/Trim12c"
"GOBP_T_CELL_APOPTOTIC_PROCESS",0.719871451526513,0.92050932952415,0.0237978229280564,0.227817410316109,0.855503036860871,40,"Tsc22d3/Ccl5/Bcl2l11/Gpam/Rorc/Lipa/Bcl11b"
"GOBP_ENDOSOME_ORGANIZATION",0.719920196439533,0.92050932952415,0.0153497522730108,-0.227576983463841,-0.853624627408163,60,"Pi4k2b/Mvb12a/Hook1/Rab27a/Rab5c/Exoc8/Tmem9/Plekhf1/Vps18/Snx33/Vps37d/Stam2/Laptm4b/Vps28/Clcn3/Vps37b/Lamtor1"
"GOBP_ENDOCYTOSIS",0.720153275056879,0.92050932952415,0.011746896467245,-0.189072239984053,-0.916842380848015,429,"Folr1/Dmbt1/Adora1/Calr/Cntn2/Rinl/Eef2k/Cd209b/Adipoq/Ap3m2/C2/Ldlr/Arfgap1/Ap1s1/Sncg/Gsn/Tfr2/Mertk/Tulp1/Ghr/Mrc2/Srpx/Reps2/Mapk3/Rab9b/Il2rb/Rabepk/C4b/Rab27a/Ehbp1/Rab5c/Cln3/Lrpap1/Lrp2/Cdk5/C3/Ctsl/M6pr/Kcnn4/Cyth2/Nckipsd/Rab20/Atg3/Mylk/App/Stab1/Ap3m1/Ophn1/Mgl2/Arhgap12/Letmd1/Rspo1/Scamp5/Nedd4l/Ap3d1/Pstpip1/Rab34/Rab15/Trf/Mfge8/Ap3s1/Snx1/Anxa2/Sorl1/Snx33/Ahsg/4933434E20Rik/Gsg1l/Aplnr/Csnk1g2/Tnk2/Myo1c/Rabep2/Tub/Sort1/Ppt1/Csnk1d/Tmem108/Vps28/Snx17/Nostrin/Cd9/Canx/Clcn3/Vtn/Dlg4/Fyn/Pld4/Rab4a/Atp9a/Dnm2/Amn/Cfp/Susd4/Unc119/Calm2/Vav2/Rufy2/Sh3gl3/Cyba/Ticam2/Clec10a/Gas6/Rab31/Sh3gl1"
"GOBP_FATTY_ACID_TRANSPORT",0.720380601596071,0.92050932952415,0.0153405105327647,-0.227543034440226,-0.853497287102507,60,"Acsl5/Slc27a4/Slc27a3/Ace/Pla2g2d/Slc22a6/Slco2b1/Rbp1/Slc22a2/Cpt1b/Abcd2/P2rx4/Mfsd2a/Slc5a8/Eprs/Plin2/Tmem135"
"GOBP_CELLULAR_RESPONSE_TO_INTERLEUKIN_1",0.72064841045011,0.92050932952415,0.0156993556426377,-0.233422932411116,-0.849045210454416,52,"Nr1d1/Tnip2/Mapk3/Rbmx/Ptgis/Hes1/Il1r2/Irak1/Mmp2/Cd40/Cfl1/Adamts12/Hyal1/Irak4/Mapk11/Sfrp1/Inhbb"
"GOBP_ADAPTIVE_IMMUNE_RESPONSE_BASED_ON_SOMATIC_RECOMBINATION_OF_IMMUNE_RECEPTORS_BUILT_FROM_IMMUNOGLOBULIN_SUPERFAMILY_DOMAINS",0.720739219712526,0.92050932952415,0.013683303584327,-0.202181502503777,-0.8863173467553,163,"Azgp1/Cadm1/C2/Aplf/Gata3/Lgals1/Pms2/C7/Cd1d1/Irf7/Mapk3/Il2rb/C4b/Rab27a/H2-M3/C3/Stx7/Jak3/H2-Eb1/Tmem98/Cd74/Klhl22/Serping1/Gnl1/Exosc3/Cd19/C1s1/C1qa"
"GOBP_NEGATIVE_REGULATION_OF_MYELOID_CELL_DIFFERENTIATION",0.72113426288579,0.920565092450001,0.0156236759236785,-0.232224574692235,-0.848615615309964,53,"Lrrc17/Meis1/Adipoq/Gpr137/Meis2/Tcta/Pik3r1/Tlr3/Cib1/Ltf/Pias3/Prdm16/Zfp36l1/Taok3/Sfrp1/Fbn1/Paf1/Ptk2b/Ypel4"
"GOBP_SYNAPTIC_VESICLE_MEMBRANE_ORGANIZATION",0.721385542168675,0.920565092450001,0.0165750935700881,-0.274676156629802,-0.818775484515626,21,"Ap3d1/Snap29/Cplx2/Rph3al/Syt7/Syngr1/Snap47/Syngr2"
"GOBP_SENSORY_ORGAN_DEVELOPMENT",0.72236086848016,0.921424823885966,0.0123062247749145,-0.191666367238124,-0.908025198111324,329,"Insig1/Bhlha15/Bcar3/Six5/Meis1/Foxc1/Cytl1/Rbp4/Ntn1/Rpl38/Gata3/Slc1a1/Sparc/Ift20/Smoc1/Mertk/Tulp1/Tbc1d20/Myh10/Mapk3/Col8a2/Col5a1/Arsg/Wt1/Msx1/Atp6v1b1/Grn/Triobp/Hes1/Cc2d2a/Osr2/Rpgrip1/Meis2/Serpinf1/Nkd1/Slc44a4/Fzd2/Smg9/Pxdn/Thy1/Gnat1/Lama1/Foxc2/Scaper/Vstm4/Mab21l2/Ephb2/Bloc1s3/Ephb1/Dchs1/Sipa1l3/Tprn/Rpl24/Sox11/Adamts18/Ednra/Sox4/Kcnk2/Whrn/Tub/Sox2/Bak1/Mfsd2a/Pcdh15/Calb1/Man2a1/Rpgrip1l/Thrb/Tmem135/Bbs4/Pygo2/Ift122/Dvl2/Angptl7/Slitrk6/Bmper/Cdon/Tcf15/Bsg/Stox1/Fbn1/Ddr1/Fzd5/Tbx18/Col4a1/Ttll5/Lrp5"
"GOBP_PRESYNAPSE_ASSEMBLY",0.723127035830619,0.922017151278189,0.0226537754715134,0.251310023338251,0.82668689633671,23,"Slitrk1/Lrrc4b/Slitrk3/Snca/Gpc4/Arf6"
"GOBP_LONG_TERM_SYNAPTIC_POTENTIATION",0.723595848595849,0.922230003112356,0.0151965315868424,-0.225886323508942,-0.856099193034697,64,"Adora1/Drd1/Hmgcr/Slc1a1/Slc18a3/Reln/App/Prnp/Chrna7/Ephb2"
"GOBP_PURINE_NUCLEOSIDE_MONOPHOSPHATE_METABOLIC_PROCESS",0.724137931034483,0.92245318424732,0.0165953843262686,-0.276505134959598,-0.813057881880367,20,"Card11/Guk1/Dguok/Ak3/Pnp2"
"GOBP_TRANSEPITHELIAL_TRANSPORT",0.724898236092266,0.92245318424732,0.016700728570072,-0.284564933955374,-0.813570018864129,18,"Slc1a1/Cftr"
"GOBP_RESPONSE_TO_AXON_INJURY",0.725226633322913,0.92245318424732,0.0155078286787783,-0.231268904685086,-0.848313202760053,54,"Folr1/Slc1a1/Cers2/Grn/Arf4/Sarm1/Mmp2/Matn2/Kcnk2/P2rx4"
"GOBP_OUTFLOW_TRACT_MORPHOGENESIS",0.725676317038443,0.92245318424732,0.0156740817381875,-0.234512858449478,-0.842266385391965,49,"Folr1/Foxc1/Sfrp2/Sox18/Lrp2/Hes1/Fzd2/Dhrs3/Foxc2/Sox11/Ednra/Greb1l"
"GOBP_FATTY_ACID_TRANSMEMBRANE_TRANSPORT",0.725860420650096,0.92245318424732,0.0218477349088295,0.277275353615914,0.814930852858345,15,"Thbs1/Cd36/Slc25a20"
"GOBP_INSULIN_SECRETION_INVOLVED_IN_CELLULAR_RESPONSE_TO_GLUCOSE_STIMULUS",0.726042661572748,0.92245318424732,0.0157563964712201,-0.240537608831862,-0.837264184754814,42,"Nr1d1/Slc2a2/Cftr/C1qtnf12/H2-Eb1/C2cd2l/Eny2/Rab11fip5/Ano1/Cltrn"
"GOBP_T_CELL_RECEPTOR_SIGNALING_PATHWAY",0.726398075766687,0.92245318424732,0.025564538051783,0.206099275835659,0.878532301093868,72,"Ermap/Btnl9/Ube2n/Btnl10/H2-Q7/Pde4b/Cblb/Pik3ca/Lipa"
"GOBP_SNRNA_PROCESSING",0.726398816859749,0.92245318424732,0.0223217471288036,0.260688961544228,0.822862032006746,20,"Ints8/Mettl16/Exosc2/Dkc1/Exosc8/Mettl4"
"GOBP_PLACENTA_BLOOD_VESSEL_DEVELOPMENT",0.72648849797023,0.92245318424732,0.0166292728963089,-0.280851598129299,-0.812073856762833,19,"Hes1/Ovol2/Wdr83/Vash2/Llgl2/Fzd5/Nr2f2/Plcd3/Akt1/Pkd2"
"GOBP_NEGATIVE_REGULATION_OF_VIRAL_PROCESS",0.727248030426515,0.922675451758552,0.02386460346087,0.217289931611292,0.859228872462934,49,"Ccl5/Ifitm1/Ifit1bl1/Mid2/Isg15/Mavs/N4bp1/Ifih1/Stat1/Oas1g/Tnf"
"GOBP_PHOSPHATIDYLINOSITOL_PHOSPHATE_BIOSYNTHETIC_PROCESS",0.727344992050874,0.922675451758552,0.0234574445337431,0.233339686088435,0.844394544486681,34,"Synj1/Pik3ca/Ip6k3/Itpka/Pik3c2a/Impa2/Pikfyve/Efr3a/Inpp4a/Synj2/Pip4k2a"
"GOBP_NUCLEAR_MEMBRANE_REASSEMBLY",0.727569611550361,0.922675451758552,0.0168413857218999,-0.294119353361537,-0.804512758230107,15,"Nsfl1c/Sirt2"
"GOBP_NEGATIVE_REGULATION_OF_TRANSLATIONAL_INITIATION",0.728923920493489,0.922834441578413,0.0167691504149564,-0.291234502132004,-0.809851765368479,16,"Paip2b/Zfp598/Gigyf2/Eif2ak3"
"GOBP_CAMP_PKA_SIGNAL_TRANSDUCTION",0.72960932145305,0.922834441578413,0.0167554370344274,-0.291030409457364,-0.809284233665861,16,"Adipoq/Prkar2b/App/Ednra/Adcyap1r1"
"GOBP_NEGATIVE_REGULATION_OF_LEUKOCYTE_MIGRATION",0.729659220609816,0.922834441578413,0.0160323381553125,-0.255440123216604,-0.821608574436545,29,"Adora1/Slamf8"
"GOBP_NEGATIVE_REGULATION_OF_CARTILAGE_DEVELOPMENT",0.730147817119285,0.922834441578413,0.0167897478339377,-0.29330724217851,-0.802291368170667,15,"Ltbp3/Gdf5/Ctsk/Adamts12"
"GOBP_POSITIVE_REGULATION_OF_DNA_BINDING_TRANSCRIPTION_FACTOR_ACTIVITY",0.730340557275542,0.922834441578413,0.0259686428820468,0.202286307277393,0.880701387344871,81,"Il18rap/S100a8/Ube2n/Atf2/Tfdp1/Mid2/Arid5b/Myd88/Cebpg/Dhx9/Srf/Ror1/Tnf/Ikbkg/Trim25/Prdx3/Ddr2/Traf5/Ripk3/Clock/Camk2a/Btk/Prkcq/Traf6/Rnf25"
"GOBP_MACROPHAGE_MIGRATION",0.730670516522297,0.922834441578413,0.0157754641382113,-0.248346625939265,-0.824205982163695,33,"Slamf8/Mapk3/Cx3cr1/Mmp2/P2rx4/Cd9/P2ry12/Cxcl17/Ptk2b/Cmklr1/Hc/Ddt/Mmp14"
"GOBP_POSITIVE_REGULATION_OF_LAMELLIPODIUM_ORGANIZATION",0.730700471314806,0.922834441578413,0.0159644272099392,-0.258107699759546,-0.820008200367079,27,"Brk1/Vil1/Enpp2/Hsp90aa1/Pik3r1/Cfl1/Coro1b"
"GOBP_POSITIVE_REGULATION_OF_INTERFERON_ALPHA_PRODUCTION",0.730835592802563,0.922834441578413,0.0222254655651192,0.25995513889833,0.820545728355223,20,"Mavs/Dhx9/Ifih1/Stat1/Tbk1/Hmgb1/Nmbr/Zc3hav1"
"GOBP_REGULATION_OF_NEURON_MIGRATION",0.730903243098365,0.922834441578413,0.0235639219698724,0.229755464526862,0.84342475163421,36,"Vrk1/Nipbl/Cul5/Gnrh1/Plaa/Rac1/Sema6a/Camk2b/Stat3/Kif20b"
"GOBP_NEGATIVE_REGULATION_OF_AXON_EXTENSION",0.731034482758621,0.922834441578413,0.0164573576694934,-0.274921195973544,-0.808400340611859,20,"Ntn1/Cdk5/Rnf6/Draxin"
"GOBP_POSITIVE_REGULATION_OF_UBIQUITIN_DEPENDENT_PROTEIN_CATABOLIC_PROCESS",0.73111279333838,0.922834441578413,0.0149309286722731,-0.222448790894252,-0.855209274324468,69,"Cdk5rap3/Trim67/Ddrgk1/Sirt2/Nop53/Gabarap/Trf/Trib3/Bcap31/Gba/Csnk1d/Rchy1/Usp5/Nub1/Nkd2/Herpud1/Vcp"
"GOBP_REGULATION_OF_BROWN_FAT_CELL_DIFFERENTIATION",0.731350979718116,0.922834441578413,0.0167657207044395,-0.292729408416841,-0.800710803586645,15,"Pim1/Fto/Ffar4"
"GOBP_CYTOKINE_PRODUCTION_INVOLVED_IN_IMMUNE_RESPONSE",0.731621936989498,0.922834441578413,0.0249385428110373,0.207857604075343,0.870073808005756,65,"Tbx21/Sash3/Tnfsf4/H2-Q7/Cd36/Cd55/Irak3/Mavs/Myd88/Bcl6/Rtn4/Panx1/Tnf"
"GOBP_GLUTAMATE_METABOLIC_PROCESS",0.733077292366779,0.923830027325854,0.0217602242374737,0.27254177129664,0.81116858300984,16,"Gls/Mthfs/Gls2/Gad2/Slc7a11/Gclm/Bloc1s6"
"GOBP_AORTA_MORPHOGENESIS",0.733400150338261,0.923830027325854,0.0224296213731371,0.249503568103563,0.820744543335827,23,"Eya1/Eng/Rbpj/Adamts9/Srf/Tbx2/Tbx1/Prox1"
"GOBP_REGULATION_OF_PRESYNAPTIC_MEMBRANE_POTENTIAL",0.733548168249661,0.923830027325854,0.0165278713214594,-0.282828462210051,-0.808605453023346,18,"Gria4/Kcnmb4/Grik4/Casr/Grin3b/Grik2"
"GOBP_PROCESS_UTILIZING_AUTOPHAGIC_MECHANISM",0.733879848280925,0.923830027325854,0.011786133272771,-0.189653869528983,-0.907436000766707,366,"Rab39b/Cdk5rap3/Ormdl3/Nipsnap1/Xbp1/Ddrgk1/Gpsm1/Uba5/Arfip2/Scfd1/Umod/Ift20/Tex264/Ctsa/Pex2/Srpx/Mvb12a/Tmbim6/Mapk3/Atg7/Nsfl1c/Sirt2/Dapk1/Atp6v1b1/Wdfy4/Cln3/Ap4m1/Cdk5/Snx4/Trim27/Rnf5/Atg3/Sptlc1/Atp6v1g1/Rnf185/Gpr137/Klhl22/Spata33/Gabarap/Mcoln1/Slc25a5/Ubxn6/Nrbp2/Exoc8/Ctsd/Snx7/Vamp8/Vps51/Ptpn22/Tmem59/Plekhf1/Trib3/Hsp90aa1/Vps18/Itgb4/Srebf2/Ephb2/Casp3/Vps37d/Rab19/Stk11/Tlr9/Ctsk/Rasip1/Spata18/Nprl2/Slc7a5/Snx6/Stam2/Snap29/Gba/Dapk3/Tm9sf1/Gfap/Vps28/Tmem41b/Bmf/BC004004/Pim2/Tecpr1/Dnm2/Rab2b/Vps37b/Cdk5r1/Ei24/Phf23/Vcp/Fzd5/Nbr1/Dram1/Nprl3/Wdr45b/Exoc4/Chek2/Exoc7/Trim8/Kdm4a/Rnf166/Rpgr/Adra1a"
"GOBP_PROTEIN_LOCALIZATION_TO_GOLGI_APPARATUS",0.734103078982597,0.923830027325854,0.0163207765046433,-0.27168127064155,-0.809848101607013,21,"Tmed10/Ift20/Sorl1/Arfrp1/Golph3l/Zdhhc15/Csnk1d/Golph3/Pacs1/Rab33b/Obsl1"
"GOBP_POSITIVE_REGULATION_OF_INTERLEUKIN_12_PRODUCTION",0.734600262123198,0.923830027325854,0.0160031908778539,-0.261046829499097,-0.814197649875586,25,"H2-M3/Irf5/Tlr3/Cd40/Tlr9/Scimp/Unc93b1/Mapk11"
"GOBP_REGULATION_OF_CYCLIN_DEPENDENT_PROTEIN_SERINE_THREONINE_KINASE_ACTIVITY",0.73492117888965,0.923830027325854,0.016649648620692,-0.289350900890802,-0.804613932009895,16,"Cdk5rap3/Cdc25a/Pim1"
"GOBP_POSITIVE_REGULATION_OF_LIPID_METABOLIC_PROCESS",0.735101311084625,0.923830027325854,0.0146204778258903,-0.21878755799395,-0.856232705599264,76,"Nr1d1/Adora1/Adipoq/Ldlr/Xbp1/Clstn3/Ces1d/Sirt2"
"GOBP_ICOSANOID_BIOSYNTHETIC_PROCESS",0.735203000163052,0.923830027325854,0.0159225604979822,-0.254202761379545,-0.817628670722883,29,"Fads1/Ptgis/Ggt5/Cd74/Akr1c18/Cbr1"
"GOBP_METABOLIC_COMPOUND_SALVAGE",0.735435229609322,0.923830027325854,0.0166394567554783,-0.289213672317095,-0.804232332982782,16,"Upp2/Dguok/2210016F16Rik/Pnp2/Slc35c1/Apip/Pdxk/Upp1"
"GOBP_RNA_POLYMERASE_II_PREINITIATION_COMPLEX_ASSEMBLY",0.736354001059883,0.924224105685269,0.0232587954970979,0.232322331990355,0.840713009362373,34,"Dr1/Creb1/Med14/Med27/Med1/Hmgb1/Tbp/Taf4/Taf8"
"GOBP_SKELETAL_MUSCLE_CONTRACTION",0.736354001059883,0.924224105685269,0.0232587954970979,0.232173806666071,0.84017553553764,34,"Ttn/Kcnj2/Homer1/Slc8a3/Chrnb1/Tnf/Actn3/Stac2/Myh3/Jsrp1/Casq1/Kbtbd13/Myh14"
"GOBP_PROSTAGLANDIN_TRANSPORT",0.737157945271243,0.924612863667284,0.0216733350890307,0.271736006498758,0.808770377823796,16,"Tnfsf11/Ptgs2/Slco2a1/Pla2g10/Il1b/Acsl4/Pla2g3"
"GOBP_VASCULOGENESIS",0.737412364563416,0.924612863667284,0.0155452921021204,-0.237720127026346,-0.831441555878964,43,"Cited1/Wt1/Sox18/Rras/Cul7/Egfl7/Rasip1/Aplnr/Egfl8/Zfp36l1"
"GOBP_REGULATION_OF_T_HELPER_17_TYPE_IMMUNE_RESPONSE",0.737571701720841,0.924612863667284,0.021597177421611,0.274687785295936,0.807325816094962,15,"Tbx21/Jak2/Opa1/Il23r"
"GOBP_SNRNA_METABOLIC_PROCESS",0.7386709367494,0.92522324831747,0.0155922677685141,-0.244874967714813,-0.8222904789601,35,"Ell/Snapc3/Usb1/Fto/Exosc3/Zfp143/Nhp2/Rpap2"
"GOBP_HEMOSTASIS",0.739372822299652,0.92522324831747,0.0135739266468524,-0.203634686447274,-0.874536160376675,140,"Angpt4/Tec/Col3a1/Myl9/Procr/Lman1/Kng2/Pdia3/Mertk/St3gal4/Rab27a/Anxa5/Serping1/Csrp1/Entpd2/Anxa2/Ppia/Ephb2/Bloc1s3/Cd40/Adamts18/Ak3/Ptpn6/Pafah2/Actn1/Serpind1/Cd9/P2rx1/Itpk1/Nos3/Vtn/Angptl7/Fgg/P2ry12/Vav2/F13a1/Gas6"
"GOBP_SENSORY_PERCEPTION_OF_MECHANICAL_STIMULUS",0.739450867052023,0.92522324831747,0.0140949980149157,-0.210556865795148,-0.864375214104006,102,"Coch/Rpl38/Hexb/Aldh7a1/Chrnb2/Atp6v1b1/Triobp/Lrp2/Hexa/Eml2/Col1a1/Cacna1d/Casp3/Tprn/Sptbn4/Kcnk2/Slc52a3/P2rx4/Whrn/Tub/Pcdh15/Timm13/Pax3/Thrb/Eps8l2/Fyn/Slitrk6"
"GOBP_LYMPHOCYTE_ACTIVATION_INVOLVED_IN_IMMUNE_RESPONSE",0.739721485411141,0.92522324831747,0.0269260763455709,0.192830802452845,0.89719256133146,117,"Spn/Tbx21/Mtor/Atad5/Tfrc/Rif1/Tnfsf4/Socs3/Itgal/Icam1/Rnf168/Il4ra/Dock11/Rorc/Bcl6/Coro1a/Tbk1/Opa1/Il6ra/Hmgb1/Il23r/Ung/Stat3/Fgl2/Ptprc/Lig4/Il6st/Clec4d/Hlx"
"GOBP_POSITIVE_REGULATION_OF_SODIUM_ION_TRANSPORT",0.740790580319596,0.92522324831747,0.0162645605433123,-0.272620615664297,-0.801635529702992,20,"Fxyd3/Pkp2/Stk39/Prss8/Tesc"
"GOBP_SUBSTRATE_DEPENDENT_CELL_MIGRATION",0.740883238541318,0.92522324831747,0.0161823246490978,-0.267198697264199,-0.803913905577308,22,"Ntn1/Myh10/Ophn1/Shtn1/Itga11/P2ry12/Adam8/Sdcbp"
"GOBP_REGULATION_OF_LIPID_TRANSPORT",0.740911182696733,0.92522324831747,0.0149279394285444,-0.225118609664069,-0.848051103235357,62,"Acsl5/Dbi/Adipoq/Surf4/Mapk3/Ces1d/Furin/Anxa2/Srebf2/Pltp/Naxe/P2rx4/Eprs/Ptch1/Lamtor1/Commd1/P2rx7/Lpcat3/Repin1/Akt1/Scp2/Nkx3-1/Abca2/Cav1/Cry2"
"GOBP_EXIT_FROM_MITOSIS",0.741250301713734,0.92522324831747,0.0216733350890307,0.265073875179415,0.803224598617066,17,"Clasp2/Spast/Chmp7/Nfib/Cdkn1b/Eps8/Cdc14b/Clasp1/Cdc14a/Cdc23"
"GOBP_MONOATOMIC_CATION_TRANSMEMBRANE_TRANSPORT",0.741265344664778,0.92522324831747,0.0111053176037851,-0.18690623853144,-0.912689749868903,474,"Panx3/Drd1/Bhlha15/Kcns1/Slc17a1/Selenon/Plch1/Trpm3/Fxyd3/Sec61a1/Psen2/Calhm2/Slc12a3/Kcnmb4/Slc6a18/Slc12a1/Slc34a2/Slc4a4/Slc1a1/Slc5a10/Surf1/Trpc4ap/Slc39a11/Calhm5/Slc24a5/Stk39/Slc6a13/Tmbim6/Slc39a7/Rem1/Grin3a/Atp6v1b1/Slc24a3/Slc39a2/Pln/Slc18a3/Slc9a9/Kcnn4/Slc2a9/Slc13a3/Atp6v1g1/Faim2/Kcnu1/App/Slc30a6/Cox8a/Ndufs6/Nalcn/Slc13a2/Gnb5/Slc8b1/Mcoln1/Slc25a5/Slc34a1/Cacna1e/Nedd4l/Ap3d1/Kcnj15/Atp2a3/Slc6a12/Slc38a1/Thy1/Cd19/Slc15a3/Tmco3/Cacna1d/Prnp/Chrna7/Ctss/Tesc/Tmem63a/Grin3b/Tmbim4/Itpr2/Scn8a/Gpr35/Ryr3/Htr2b/Tlr9/Kcnc3/Tspan13/Nipal3/Kcnd1/Slc2a10/Aplnr/Ednra/Grina/Tmem165/Slc5a9/Cnnm2/Grin1/Wwp2/Kcnk2/Adcyap1r1/P2rx4/Plcg1/Ano1/Ptpn6/Bak1"
"GOBP_MAMMARY_GLAND_EPITHELIUM_DEVELOPMENT",0.741714467813894,0.92522324831747,0.0154611445442712,-0.236903429645998,-0.82858510384399,43,"Elf5/Ntn1/Gata3/Msx1/Id2/Prlr/Tfap2c/Pml/Pygo2/Ptch1/Ddr1/Lrp5"
"GOBP_PHOSPHATIDYLINOSITOL_3_KINASE_PROTEIN_KINASE_B_SIGNAL_TRANSDUCTION",0.741871530531324,0.92522324831747,0.0300766936360104,0.182105360379912,0.907896955767534,186,"Fgr/Fpr2/Thbs1/Tnfsf11/Ppp2ca/Cep55/Ccl5/Nts/Mtm1/Mtor/Pik3r5/Igf1r/Fgf2/H2-Q7/Jak2/Selp/Eng/Osbpl8/Magi2/Pik3ca/Kbtbd2/Rac1/Btbd10/Tyro3"
"GOBP_REGULATION_OF_FILOPODIUM_ASSEMBLY",0.741910229645094,0.92522324831747,0.0228933469010914,0.235051470775156,0.828185782363241,30,"Myo3b/Dock11/Neurl1a/Srf/Rhoq/Stau2/Dmtn/Cdc42/Rala/Arf6/Wasl"
"GOBP_REGULATION_OF_MORPHOGENESIS_OF_AN_EPITHELIUM",0.741995731056563,0.92522324831747,0.0232472094116832,0.226309657625235,0.840185729819769,38,"Lcn2/Gdnf/Fgf2/Six4/Btbd7/Tnf/Etv5/Tbx2/Grem1"
"GOBP_POSITIVE_REGULATION_OF_LIPID_LOCALIZATION",0.742920423983547,0.925777298624776,0.0153343528435688,-0.231246257883153,-0.830534202049402,49,"Acsl5/Dbi/Adipoq/Ces1d/C3/Anxa2/Srebf2/Pltp/P2rx4/Ikbke/Plin2/Ptch1/Commd1/P2rx7/Lpcat3"
"GOBP_EMBRYONIC_FORELIMB_MORPHOGENESIS",0.743046132971506,0.925777298624776,0.016340675127523,-0.280265326890635,-0.801277459299088,18,"Msx1/Osr2/Shox2/Hoxd9/Runx2/Rpgrip1l/Ift122"
"GOBP_POSITIVE_REGULATION_OF_CELL_SUBSTRATE_JUNCTION_ORGANIZATION",0.743417784401391,0.92586275228139,0.0220771824167872,0.254360706124461,0.814477321960163,21,"Rock1/Smad3/Rac1/Ppm1f/Kdr/Arf6/Tsc1/Itgb1bp1/Wnt4/Nrp1/Iqsec1"
"GOBP_VIRAL_RELEASE_FROM_HOST_CELL",0.744233378561737,0.926388978944531,0.0163174630038109,-0.27985635741383,-0.800108217185049,18,"Pcx/Ppia/Trim62/Vps37b/Ddb1/Chmp6/Cav2"
"GOBP_PROSTANOID_METABOLIC_PROCESS",0.744514870794734,0.926388978944531,0.0156930327092861,-0.255520083183262,-0.811787342120946,27,"Gstm2/Atp6v1b1/Comt/Ptgis/Cd74/Akr1c18/Cbr1"
"GOBP_REGULATION_OF_BLOOD_CIRCULATION",0.744916161255797,0.926388978944531,0.0280880129991969,0.187460973342053,0.897007535621,141,"Stc1/Atp1b1/Bmpr2/Tmem38b/Epas1/Fgf13/Kcnj2/Cacna2d1/Trdn/Pde4b/Jph4/Apln/Dsc2/Gnao1/Bves/Scn4b/Tmem161b/Hrh2/Slc8a3/Map2k1/Ryr2/Hopx/Csrp3/Abcc9/Ptpn1/Sumo1/Tnf/Ednrb/Ehd3/Tbx2/Atp1a3/Tmem38a/Kcnj3/Atp1a2/Ctnna3/Atp2b4/Rgs2/Ank2/Hrc"
"GOBP_RECEPTOR_MEDIATED_ENDOCYTOSIS",0.745060634963892,0.926388978944531,0.0131359698938079,-0.199371372984374,-0.875468129739012,164,"Folr1/Dmbt1/Cntn2/Cd209b/Adipoq/Ldlr/Ap1s1/Tfr2/Ghr/Rab9b/Rabepk/Cln3/Lrpap1/Lrp2/C3/Ctsl/M6pr/App/Stab1/Ap3m1/Ophn1/Rspo1/Nedd4l/Rab15/Trf/Snx1/Anxa2/Sorl1/Gsg1l/Aplnr/Tnk2/Ppt1/Tmem108/Snx17/Cd9/Canx/Vtn/Dlg4/Dnm2/Amn/Susd4/Unc119/Sh3gl3"
"GOBP_LEUKOCYTE_APOPTOTIC_PROCESS",0.745356500898742,0.926388978944531,0.0144981753590228,-0.219698625142981,-0.851352233354424,72,"Ormdl3/Mertk/Irf7/Selenos/Pip/Kdelr1/Efna1/Casp7/Jak3/Ctsl/Cd74/Bbc3/Tnfrsf21/Casp3/Pkn1/Bak1/Arg2"
"GOBP_POSITIVE_REGULATION_OF_D_GLUCOSE_IMPORT",0.745759837177748,0.926416344597065,0.0162876791235596,-0.279318927343636,-0.798571706743413,18,"Adipoq/C1qtnf12/Rnasel/Pik3r1"
"GOBP_RESPONSE_TO_STEROID_HORMONE",0.745985010706638,0.926416344597065,0.0128574380074495,-0.196920874584799,-0.880385839034,188,"Bglap3/Nr1d1/Calr/Cdo1/Fkbp4/Cldn1/Adipoq/Gpr83/Pgrmc2/Ddrgk1/Slc12a3/Uba5/Ghr/Lox/Stk39/Lcat/Sox10/Zdhhc7/Comt/Tcf7l2/Akr1c18/Serpinf1/Ass1/Col1a1/Zfp36l2/Arntl/Pmepa1/Cnot2/Vps18"
"GOBP_INTERFERON_ALPHA_PRODUCTION",0.747640337804272,0.927802046833897,0.0219880216705666,0.25334911797374,0.811238159667845,21,"Mavs/Dhx9/Ifih1/Stat1/Tbk1/Hmgb1/Nmbr/Zc3hav1"
"GOBP_POSITIVE_REGULATION_OF_SMALL_GTPASE_MEDIATED_SIGNAL_TRANSDUCTION",0.747895154884829,0.927802046833897,0.0152974648208013,-0.240794601073571,-0.818723374784495,37,"Col3a1/Rasgef1a/Arhgef10/Stk19/Reln/Mcf2l/Cdkl5/Adcyap1r1/Map4k4/Cdon"
"GOBP_POSITIVE_REGULATION_OF_MITOCHONDRIAL_MEMBRANE_PERMEABILITY",0.748011928429423,0.927802046833897,0.0219880216705666,0.249578913058173,0.810492909348435,22,"Atf2/Bcl2l11/Bnip3"
"GOBP_HORMONE_BIOSYNTHETIC_PROCESS",0.748415407118479,0.927925758420029,0.0156173884385277,-0.254674946764247,-0.809102343592552,27,"Cyp17a1/Hsd17b12/Dio1"
"GOBP_CELLULAR_RESPONSE_TO_OSMOTIC_STRESS",0.749330476700589,0.928683410271927,0.0231491654295318,0.222977825897662,0.837329363648711,40,"Mtor/Vps13a/Ptgs2/Usp15/Cab39/Capn3/Slc4a11/Scn7a/Wnk1/Nfat5/Slc2a4/Wnk3"
"GOBP_POSITIVE_REGULATION_OF_TOR_SIGNALING",0.749645278259499,0.928696806602907,0.0151539342208567,-0.23179389956595,-0.826620877060445,47,"Xbp1/Lamtor2/Rnf167/Pim1/Reln/Gpr137/Klhl22/Sec13/Lars/Stambpl1/Otud5/Lamtor1/Gas6/Golph3"
"GOBP_PROTEIN_TARGETING_TO_VACUOLE",0.750281214848144,0.92910786840741,0.0154177169840861,-0.246833114283613,-0.813024280550662,32,"Gnptg/Ap4m1/M6pr/Ap3m1/Ap3d1/Sorl1/Vps37d/Sort1"
"GOBP_NEGATIVE_REGULATION_OF_INTRINSIC_APOPTOTIC_SIGNALING_PATHWAY",0.750879877582249,0.929472457866196,0.0146996586312416,-0.223013817896137,-0.842200353166833,63,"Hyou1/Pycr1/Xbp1/Mapk8ip1/Sfrp2/Tmbim6/Selenos/Cd74/Rtkn2/Creb3/Ppia/Syvn1/Grina/Creb3l1"
"GOBP_NEGATIVE_REGULATION_OF_CILIUM_ASSEMBLY",0.751826595226498,0.930267415316708,0.0215921170649836,0.260914216312659,0.801985877426113,18,"Wdr44/Cep97/Map4/Yap1/Kif24/Tbc1d7/Luzp1"
"GOBP_POSITIVE_REGULATION_OF_ACUTE_INFLAMMATORY_RESPONSE",0.752151051625239,0.930292090168059,0.0212922649310763,0.271445594517256,0.797796800039467,15,"Tnfsf11/Ptgs2"
"GOBP_REGULATION_OF_B_CELL_PROLIFERATION",0.753883235136583,0.931534795602548,0.0230518963781267,0.222377528845905,0.835075119997692,40,"Ifi204/Sash3/Atad5/Tfrc/Bmi1/Cdkn1a"
"GOBP_RUFFLE_ORGANIZATION",0.753953363709461,0.931534795602548,0.0230632999581298,0.226372983220279,0.831007774036802,36,"Plek/Mtor/Icam1/Rac1/Rdx/Pfn2"
"GOBP_INTESTINAL_ABSORPTION",0.754070556309362,0.931534795602548,0.0161266962023766,-0.27741588314733,-0.793130910925154,18,"Ldlr/Vil1/Slc2a5"
"GOBP_POSITIVE_REGULATION_OF_ENDOTHELIAL_CELL_MIGRATION",0.754960914010824,0.932251588370061,0.0249186479301224,0.202441555027497,0.862940660292007,72,"Rhob/Thbs1/Rock2/Lcn2/Ptgs2/Vegfc/Fgf2/Itgb3/Rac1/Akt3/Atp5a1/Pik3c2a/Hmgb1/Atp5b/Jcad/Grem1/Prox1/Sp1/Map2k3/Gab1/Kdr"
"GOBP_POSITIVE_REGULATION_OF_NOTCH_SIGNALING_PATHWAY",0.755261106780982,0.932251588370061,0.0225384531983045,0.238799465749897,0.817483818219776,27,"Nepro/Bmp2k/Robo2/Trp63/Stat3/Tspan5/Il6st/Yap1/Jag2/Itgb1bp1/Pdcd10/Prkci/Robo1"
"GOBP_CALCIUM_ION_TRANSPORT_INTO_CYTOSOL",0.755997258396162,0.93239333541123,0.0162381890530244,-0.283482368012729,-0.788294980523591,16,"Tmbim6/Grin1/Adcyap1r1/P2rx4/Bak1/Pml/P2rx2/P2rx7/Cacna1c"
"GOBP_REGULATION_OF_INFLAMMATORY_RESPONSE_TO_ANTIGENIC_STIMULUS",0.756113791382465,0.93239333541123,0.0158073040653762,-0.262580889337069,-0.799097695793958,23,"Pla2g2d/Selenos/Furin/C3/H2-Eb1"
"GOBP_REGULATION_OF_CELLULAR_RESPONSE_TO_STRESS",0.756543209876543,0.93239333541123,0.0339251079801371,0.175122474973487,0.929626044142548,317,"Fignl1/Pbk/Rock2/Rnaseh2b/Timeless/Ube2n/Mre11a/Mtor/Tigar/Bcl2l11/Dek/Atad5/Pmaip1/Ppp4r3a/Parg/Ptgs2/Taf5l/Rif1/Slc38a2/Supt7l/Pnpla8/Usp25/Chordc1/Eya1/Usp15/Rnf168/Abraxas1/Cd36/Pum2/Svip/Taok1/Usp14/Smchd1/Mrnip/Atrip/Akt3/Pla2r1/Pbrm1/Cebpg/Ercc8/Mbtps2/Ackr3/Dhx9/Kat7/Map2k1/Cops3/Rtn4rl1/Ptpn1/Opa1/Dnajc2/Usp13/Hmgb1/Fh1/Spidr/Csnk2a1/Slf2/Atxn7l3/Ncoa7/Slc7a11/Atxn7/Stat3/Pink1/Peli1/Ankrd1/Dusp10/Yy1/Ercc6/Ccdc117/Ikbkg/Bok/Dyrk1a"
"GOBP_TOLL_LIKE_RECEPTOR_3_SIGNALING_PATHWAY",0.756596752368065,0.93239333541123,0.0160388240442587,-0.274041276641568,-0.792382019247312,19,"Tnip2/Ptpn22/Tlr3/Scimp/Trim3/Unc93b1"
"GOBP_EXPLORATION_BEHAVIOR",0.757467144563919,0.932671322811074,0.0161528450602521,-0.279487033959963,-0.78822864360248,17,"Grn/Comt/Abat"
"GOBP_NEGATIVE_REGULATION_OF_RECEPTOR_MEDIATED_ENDOCYTOSIS",0.757808499743984,0.932671322811074,0.0161463029844099,-0.279290195903639,-0.787673507316024,17,"Adipoq/Lrpap1/Anxa2/Dlg4/Unc119/Sh3gl3/Sdcbp/Abca2/B2m/Rin3"
"GOBP_PYRIMIDINE_CONTAINING_COMPOUND_BIOSYNTHETIC_PROCESS",0.758110131425719,0.932671322811074,0.0157691052325161,-0.262285634647491,-0.798199163754139,23,"Nme7/Upp2/Ak5/Slc19a3/Cmpk1"
"GOBP_SYNAPTIC_VESICLE_EXOCYTOSIS",0.758245129621108,0.932671322811074,0.0145941818713357,-0.222526324770918,-0.838285628640353,62,"Ppfia2/Unc13c/Stxbp2/Unc13b/Cdk5/Osbpl2/Cspg5/Cadps2"
"GOBP_REGULATION_OF_CELL_CELL_ADHESION",0.75834879406308,0.932671322811074,0.032638496259634,0.176682108417633,0.921155738548905,272,"Vcam1/Tnfsf11/Spn/Fut9/Tbx21/Kitl/Ccl5/Mtor/Sash3/Tnfsf14/Sele/Tfrc/Ywhag/Gtpbp4/Tnfsf4/H2-Q7/Bmi1/Prkaa1/Gpam/Tjp1/Jak2/Gnrh1/Selp/Zbtb1/Il4ra/Cblb/Cd55/Mfsd2b/Abca12/Igfbp2/Rdx/Pbrm1/Igf2/Bcl6/Cbfb/Ppm1f/Map2k1/Coro1a/Ppp3ca/Wnk1/Vav1/Opa1/Il6ra/Ppara/Tnf/Hmgb1/Nfat5/Il23r/Ccdc88b/Peli1/Fgl2/Ptprc/Dusp10/Il6st/Ythdf2/Flot2/Yes1/Hlx/Cd274/Prkar1a/Ubash3b"
"GOBP_NEGATIVE_REGULATION_OF_CELLULAR_RESPONSE_TO_GROWTH_FACTOR_STIMULUS",0.759115704852139,0.933238824274964,0.0240671352767403,0.205279011069479,0.852963114957129,62,"Thbs1/Grem2/Shisa2/Fgf2/Apln/Spry4/Ube2d3/Lemd3/Tnfaip6/Gpr155/Sema6a/Ptpn1/Smurf2"
"GOBP_INTERSTRAND_CROSS_LINK_REPAIR",0.760059860325906,0.933801692568775,0.0157246771880654,-0.259167482413965,-0.797242391089189,24,"Poln/Exo5/Rad51d"
"GOBP_POSITIVE_REGULATION_OF_EPITHELIAL_TO_MESENCHYMAL_TRANSITION",0.760254035459116,0.933801692568775,0.0227257123702447,0.230608697796509,0.821926954605048,32,"Mtor/Smad4/Smad3/Eng"
"GOBP_MITOCHONDRIAL_TRANSLATION",0.760490543735225,0.933801692568775,0.0140106272237008,-0.211735656086728,-0.844824846053252,86,"Ears2/Mrps18c/Mrpl40/Mrpl24/Rpusd4/Mrpl34/Mrpl48/Mtg2/Alkbh1/Mrps25/Mrpl41/Mettl8/Mrps26/Mrpl20/Dap3/Uqcc2/Mrpl55/Mpv17l2/Mrpl13/Shmt2/Mrps18a/Mrpl22/Mrpl44"
"GOBP_CHEMICAL_SYNAPTIC_TRANSMISSION_POSTSYNAPTIC",0.761380996028109,0.934519462782592,0.0144749975804982,-0.220564469147554,-0.830262581820255,61,"Adora1/Unc13b/Chrnb2/Cdk5/Abat/Reln/App/Chrna7/Grin1/Kcnk2/P2rx4/Grik2/Tmem108/P2rx1/Dlg4/Zmynd8/Grin2a/P2rx2/Trpv1/P2rx7/Ptk2b"
"GOBP_NEGATIVE_REGULATION_OF_INTRACELLULAR_STEROID_HORMONE_RECEPTOR_SIGNALING_PATHWAY",0.761960521913683,0.934855178492491,0.0157754641382113,-0.262322004947382,-0.78924152578335,22,"Calr/Tcf7l2/Arntl/Cnot2/Vps18"
"GOBP_REGULATION_OF_APOPTOTIC_SIGNALING_PATHWAY",0.762564991334489,0.93522121578758,0.0312218761245743,0.178533461157513,0.912400364190976,225,"Fignl1/Bmpr1b/Thbs1/Tnfsf11/Hells/Mcl1/Inhba/S100a8/Rb1cc1/Bcl2l11/Tnfsf14/Atad5/Pmaip1/Ptgs2/Tnfsf10/Gdnf/Fgf2/Bmi1/Eya1/Icam1/Jak2/Usp15/Hmgb2/Stradb/Tnfaip3/Ghitm/Trp63/Rrm2b/Ivns1abp/Noc2l/Nr4a2/Ackr3/Map2k1/Nrg1/Ptpn1/Opa1/Sh3rf1/Tnfsf12/Tnf/Csnk2a1/Tnfrsf12a/Gclm/Pink1/Scg2/Casp2/Deptor/Ptprc/Ikbkg/Bok"
"GOBP_POSITIVE_REGULATION_OF_CELLULAR_RESPONSE_TO_INSULIN_STIMULUS",0.764222069910898,0.936470387438129,0.016081059962354,-0.280973047139996,-0.781317174241086,16,"C1qtnf12/Ctsd/Sorl1/Echdc3/Myo1c"
"GOBP_VIRAL_TRANSCRIPTION",0.764752580047632,0.936470387438129,0.0226317255980607,0.229741200263271,0.81883505212073,32,"Ccnt1/Ccl5/Mid2/Ccnt2/Dhx9/Nucks1"
"GOBP_MORPHOGENESIS_OF_AN_EPITHELIAL_SHEET",0.765399035886449,0.936470387438129,0.0228092436482183,0.220473002328968,0.82792321612537,40,"Mtor/Clasp2/Phldb2/Itgb3/Sos1"
"GOBP_REGULATION_OF_CELL_ADHESION",0.765634870499052,0.936470387438129,0.0388572168361565,0.16924943698939,0.932460574588571,460,"S1pr1/Thbs1/Vcam1/Tnfsf11/Cyp1b1/Rock2/Spn/Fut9/Tbx21/Dmp1/Kitl/Ppp1cb/Ccl5/Mtor/Sash3/Tnfsf14/Sele/Tfrc/Ywhag/Gtpbp4/Tnfsf4/Clasp2/Prkx/Rock1/Smad3/Phldb2/Myf5/H2-Q7/Bmi1/Prkaa1/Gpam/Tjp1/Jak2/Itgb3/Cd36/Acer2/Gnrh1/Selp/Zbtb1/Eng/Il4ra/Cblb/Rbpj/Cd55/Npnt/Mfsd2b/Rac1/Try5/Abca12/Cdk6/Igfbp2/Rdx/Alox15/Fzd4/Jam3/Spry4/Pbrm1/Igf2/Bcl6/Ap1ar/Cbfb/Ppm1f/Map2k1/Coro1a/Srf/Nrg1/Ppp3ca/Sema6a/Wnk1/Vav1/Ptpn1/Opa1/Il6ra/Ppara/Tnf/Hmgb1/Adam22/Nfat5/Il23r/Atp5b/Ccdc88b/Peli1/Dmtn/Ppp1r12a/Fgl2/Ptprc/Dusp10/Angpt2/Il6st/Crkl/Epha3/Ythdf2/Cdc42/Flot2/Yes1/Hlx/Cd274/Grem1"
"GOBP_NEGATIVE_REGULATION_OF_PROTEIN_BINDING",0.765727391874181,0.936470387438129,0.0154022406737635,-0.253691840326003,-0.791257647458836,25,"Adipoq/Lrpap1/Camk1/Tmc8/Gtf2f1"
"GOBP_RECEPTOR_RECYCLING",0.76580226904376,0.936470387438129,0.0152453762573794,-0.246458689657743,-0.79890537871358,30,"Ldlr/Pex2/Ctsd/Anxa2/Pex12/Sorl1/Tbc1d16/Lamtor1/Arap1/Scrib/Psen1/Chmp5/Plekhj1/Pex1"
"GOBP_ICOSANOID_TRANSPORT",0.766233766233766,0.936470387438129,0.0223056475712756,0.234210903364148,0.809507031124384,28,"Tnfsf11/Ptgs2/Pnpla8/Slco2a1/Pla2r1/Pla2g12b/Pla2g10"
"GOBP_REGULATION_OF_MITOCHONDRIAL_MEMBRANE_PERMEABILITY_INVOLVED_IN_APOPTOTIC_PROCESS",0.76629889669007,0.936470387438129,0.0217499698947484,0.240623735241097,0.802504480487549,24,"Atf2/Bcl2l11/Bnip3"
"GOBP_MYD88_DEPENDENT_TOLL_LIKE_RECEPTOR_SIGNALING_PATHWAY",0.766342379245605,0.936470387438129,0.0159837948921306,-0.277154553700507,-0.781650421618117,17,"Irf7/Irak1/Tlr9/Irak4/Tnip1"
"GOBP_ORGANOPHOSPHATE_BIOSYNTHETIC_PROCESS",0.766930301532378,0.936595039392785,0.0112818723374792,-0.187592900507124,-0.893706358927114,348,"Slc25a10/Hmgcs1/Acsl5/Ormdl3/Pnpla3/Fasn/Elovl4/Gk5/Xbp1/Pigk/Liph/Nadsyn1/Hexb/Nans/Gmppb/Hsd17b12/Pi4k2b/Lcat/Gfpt1/Adcy7/Fads1/Nme7/Upp2/Pigz/Ak5/Cln3/Mvd/Uqcc3/Cryl1/Dolk/Guk1/Sptlc1/Ndufs6/Ak6/Dpm3/Ptafr/Mtmr7/Slc44a4/Letmd1/Akr1a1/Tkt/Cdipt/Dhdds/Pid1/Dguok/Gnpda1/Sh3yl1/Slc19a3/Cmpk1/Hacd1/Acot7/Pip5k1b/Pgm3/Pik3r1/Pigl/Nmnat2/Elovl7/Fdps/Htr2b/Pcyt2/Parp1/Acaca/Ak3/Pld1/Amdhd2/Slc52a3/Adcyap1r1/Gucy2e/Acly/Mfsd2a/Ctps2/Ppt1/Abhd4"
"GOBP_REGULATION_OF_PROTEOLYSIS_INVOLVED_IN_PROTEIN_CATABOLIC_PROCESS",0.767606612029449,0.936595039392785,0.0129829806245389,-0.200592319525961,-0.862850055311082,141,"Desi1/Cdk5rap3/Trim67/Xbp1/Trim39/Ddrgk1/Psme2/Sirt2/Efna1/Nop53/Hsp90ab1/Rnf185/Ophn1/Gabarap/Ubb/Rpl11/Rhbdf1/Psmc1/Trf/Trib3/Sufu/Bcap31/Tmem259/Rnft2/Gba/Csnk1d/Rchy1/Usp5/Pml/Nub1/Nkd2/Herpud1/Vcp/Commd1/F8a"
"GOBP_POSITIVE_REGULATION_OF_EPITHELIAL_CELL_DIFFERENTIATION",0.767792207792208,0.936595039392785,0.022273511774139,0.233950737698449,0.808607816217584,28,"Ahi1/Trim16/Gdnf/Fgf2"
"GOBP_NEGATIVE_REGULATION_OF_REGULATED_SECRETORY_PATHWAY",0.767820424948595,0.936595039392785,0.0160128995173261,-0.279704943305711,-0.77779088830536,16,"H2-M3/Cdk5"
"GOBP_DENDRITE_MORPHOGENESIS",0.768175785282407,0.936595039392785,0.0138377586335788,-0.210362808778249,-0.842027762394992,88,"Ppfia2/Eef2k/Nsmf/Chrnb2/Efna1/Cdk5/Reln/Nedd4l/Sarm1/Sipa1l1/Chrna7/Ephb2/Ephb1/Cul7/Cfl1/Stk11/Cdkl5/Zdhhc15/Dpysl5/Dlg4/Fyn/Cdk5r1"
"GOBP_POSITIVE_REGULATION_OF_NATURAL_KILLER_CELL_MEDIATED_IMMUNITY",0.768283852280956,0.936595039392785,0.0211158209905609,0.258873247645257,0.78443550988123,17,"Il18rap/H2-Q7"
"GOBP_NEGATIVE_REGULATION_OF_PLASMA_MEMBRANE_BOUNDED_CELL_PROJECTION_ASSEMBLY",0.770651616213443,0.938690038148891,0.0220194160750257,0.239415858938835,0.803441234674695,25,"Wdr44/Pfn2/Cep97/Map4/Yap1/Kif24/Slit2/Tbc1d7/Luzp1"
"GOBP_NEGATIVE_REGULATION_OF_INTERLEUKIN_6_PRODUCTION",0.770993643358983,0.938690038148891,0.0156048222565447,-0.260355598369864,-0.783325248466614,22,"C1qtnf3/Orm1/Selenos/Ptpn22/Gba/Ptpn6"
"GOBP_POSITIVE_REGULATION_OF_CATION_CHANNEL_ACTIVITY",0.771180304127444,0.938690038148891,0.0210575676936249,0.257773045522126,0.781101686779459,17,"Fgf13/Actn2/Stac2/Stim1/Casq1/Stim2/Hap1"
"GOBP_CRANIAL_NERVE_DEVELOPMENT",0.771231422505308,0.938690038148891,0.0225439202236334,0.228095297124159,0.820294848275135,33,"Kcnc1/Mafb/Kcna2/Six4/Slc1a3/Ackr3"
"GOBP_ODONTOGENESIS",0.771945701357466,0.938872523406792,0.0246045711829513,0.199990011699825,0.8554282131209,73,"Tnfsf11/Inhba/Dmp1/Bcl2l11/Csf3r/Itgb6/Ank/Acvr2a/Trp63/Bcl11b/Phex"
"GOBP_NEGATIVE_REGULATION_OF_NOTCH_SIGNALING_PATHWAY",0.773606370875995,0.938872523406792,0.0151387527063786,-0.249567409684246,-0.79287569753286,27,"Tspan15/Ovol2/Bend6/Rita1/Chac1/Egfl7/Wwp2/Slc35c1/Dll4/Arrdc1/Akt1/Dlx2/Mmp14/Mettl3/Bmp7"
"GOBP_RESPONSE_TO_GROWTH_HORMONE",0.773748128431209,0.938872523406792,0.0154735779514473,-0.258525727817807,-0.786756850143326,23,"Socs2/Ghr/Jak3/Ass1/Slc34a1/Pik3r1"
"GOBP_DETECTION_OF_MECHANICAL_STIMULUS_INVOLVED_IN_SENSORY_PERCEPTION",0.774076755973932,0.938872523406792,0.0209995906252555,0.256954117657534,0.778620178539961,17,"Kcnk4/Tnf/Mkks/Scn9a/Strc/Asic2/Chrna10"
"GOBP_REGULATION_OF_ANATOMICAL_STRUCTURE_SIZE",0.774115857523133,0.938872523406792,0.0115203446994215,-0.189081575578631,-0.885449286029751,292,"Adora1/Drd1/Cdc42ep5/Cbs/Cntn2/Manf/Foxc1/Epha7/Lmod1/Oxtr/Kng2/Slc12a3/Kcnmb4/Slc12a1/Ntn1/Gsn/Ace/Faah/Pdxp/Stk39/Arhgap42/Brk1/Vil1/Cln3/Triobp/Acta2/Cdk5/Kcnn4/Gnb3/Casr/Rap1gap2/Ext2/Kank4/Map3k13/Mmp2/Foxc2/Hsp90aa1/Vstm4/Scpep1/Htr7/Arhgap28/Borcs8/Cfl1/Rnf6/Draxin/Htr2b/Ret/Lars/Sptbn4/Adrb1/Ednra/Lrrc8e/Cdkl5/Ext1"
"GOBP_SYNAPSE_MATURATION",0.77426194748002,0.938872523406792,0.0151782594479208,-0.250542201569699,-0.788148863762541,26,"Lnx1/Sez6l/Clstn1/Reln/Cx3cr1"
"GOBP_TUMOR_NECROSIS_FACTOR_SUPERFAMILY_CYTOKINE_PRODUCTION",0.774639045825486,0.938872523406792,0.0252068792534422,0.193589409673941,0.86768809951797,93,"Thbs1/Spn/Sash3/Jak2/Il33/Cd36/Tnfaip3/Irak3/Mavs/Myd88/Fxr1/Dhx9/Ifih1/Oas1g/Hmgb1/Rad21/Nfkbil1/Cybb/Stat3/Arfgef2/Ptprc/Nrd1/Cd274/Lpl/Hdac2/Tnfrsf8/Plcg2/Oas2/Akap8/Btk"
"GOBP_L_GLUTAMATE_TRANSMEMBRANE_TRANSPORT",0.77471435668157,0.938872523406792,0.0214312814210233,0.248273589677903,0.794986031904433,21,"Slc17a7/Slc25a22/Slc1a3/Slc25a12/Tnf/Slc7a11/Atp1a2/Epm2a"
"GOBP_POSITIVE_REGULATION_OF_RESPONSE_TO_BIOTIC_STIMULUS",0.775138763392281,0.938872523406792,0.0117689575419124,-0.191029919303849,-0.881798136030791,251,"Nr1d1/Bpifb1/Trim41/Cadm1/Hsp90b1/Klk1b1/Tnip2/Ffar2/Usp29/Cd1d1/Rbm47/Irf7/Sirt2/Nop53/H2-M3/Grn/H2-Eb1/Irf5/Klk7/Rnf185/Lrrc14/Irak1/Klhl22/App/Letmd1/Map2k6/Sarm1/Tlr5/Casp6/Ptpn22/Zdhhc1/Slc15a3/Hsp90aa1/Polr3d/Ctss/Pik3r1/Tlr3/Gpr108/Klk1/Ly86/Atat1/Tlr7/Tlr9/Scimp/Parp1/Trim3/Ltf/Smpdl3a/Pik3ap1/Mmrn2/Ppt1/Klk1b11/Unc93b1/Sec14l1/Smpdl3b/Ikbke/Trim62/Irak4/Fyn/Tnip1"
"GOBP_REGULATION_OF_ERAD_PATHWAY",0.775180474389825,0.938872523406792,0.0159193454345024,-0.280584666223955,-0.767490956174623,15,"Xbp1/Rnf185/Bcap31/Tmem259/Rnft2"
"GOBP_TELOMERE_MAINTENANCE_VIA_TELOMERE_LENGTHENING",0.775185243575595,0.938872523406792,0.0146702809053536,-0.227045744032086,-0.809688056571328,47,"Terf1/Mcrs1/Stn1/Fbxo4/Hsp90ab1/Hsp90aa1/Nhp2/Gar1/Parp1/Sox7/Zbtb48/Pml"
"GOBP_POSITIVE_REGULATION_OF_NEURAL_PRECURSOR_CELL_PROLIFERATION",0.775195058517555,0.938872523406792,0.0151114679602407,-0.247698482520875,-0.79186311432203,28,"Sox10/Tox/Lrp2/Cx3cr1"
"GOBP_TELOMERE_ORGANIZATION",0.775376555337263,0.938872523406792,0.0259039692007914,0.19142738860697,0.873518849947364,104,"Mre11a/Fen1/Atrx/Rif1/Tnks2/Ccne2/Recql4/Hus1/Dcp2/Smc5/Smc6/Ten1/Xrcc5/Dkc1/Ctc1/Map2k7/Slf2/Xrn1/Cdk2/Dclre1b/Yy1"
"GOBP_MITOCHONDRIAL_OUTER_MEMBRANE_PERMEABILIZATION",0.776216586703221,0.939409643945193,0.0158552066129287,-0.276793069568098,-0.769693681176148,16,"Eya2/Slc25a5/Bak1/Mpv17l/Bloc1s2/Siva1"
"GOBP_REGULATION_OF_EPIDERMIS_DEVELOPMENT",0.776590655397863,0.939409643945193,0.0148088898493829,-0.236737929107311,-0.800047652079091,36,"Foxc1/Alox8/Krt10/Nab2/Hes1/Ovol2/Tfap2c/Kdf1/Tmem79/Zfp36l1/Ptch1"
"GOBP_CELL_REDOX_HOMEOSTASIS",0.77674263849609,0.939409643945193,0.0154177169840861,-0.25759406986508,-0.783921587740294,23,"Selenon/Selenos"
"GOBP_REGULATION_OF_PROTEIN_LOCALIZATION_TO_NUCLEUS",0.777647058823529,0.939744470197728,0.0136203168398745,-0.208628751463473,-0.837915745676051,90,"Cdk5rap3/Ormdl3/Maged1/Xbp1/Cabp1/Mcrs1/Fbxo4/Tmem98/Chp2/Tcf7l2/App/Hsp90aa1/Eif2ak3/Pik3r1/Sufu/Lzts2/Stk11/Parp1/Sox7"
"GOBP_VESICLE_MEDIATED_TRANSPORT_BETWEEN_ENDOSOMAL_COMPARTMENTS",0.777922755741127,0.939744470197728,0.0221405126265323,0.228718053317415,0.805870472976003,30,"Rab21/Rdx/Dync1li1/Map2k1/Coro1a/Rab7/Dnajc13"
"GOBP_REGULATION_OF_MULTICELLULAR_ORGANISM_GROWTH",0.778042959427208,0.939744470197728,0.0147497410499638,-0.23283066378309,-0.8063246919826,41,"Socs2/Ghr/Ppib/Vil1/Fto/App/Gdf5/Sptbn4/Adrb1/Mfsd2a/Bbs4/Ptch1"
"GOBP_REGULATION_OF_LEUKOCYTE_APOPTOTIC_PROCESS",0.778249921309411,0.939744470197728,0.0145883449059587,-0.22344819141513,-0.81276340223324,52,"Ormdl3/Mertk/Irf7/Selenos/Pip/Efna1/Jak3/Cd74/Bbc3"
"GOBP_GLIAL_CELL_PROLIFERATION",0.778812882619111,0.940052689214296,0.0224350400847643,0.22381436068474,0.81475339592244,35,"Areg/Vegfc/Creb1/Il33/Il34/Idh2/Tnf/Etv5/Mecp2/Epm2a/Il1b/Rb1/Nfib"
"GOBP_REGULATION_OF_T_HELPER_CELL_DIFFERENTIATION",0.7795707868907,0.940595874388266,0.0153651690853888,-0.256950323765918,-0.781962511336008,23,"Gata3/Lgals1/Jak3/H2-Eb1"
"GOBP_COCHLEA_DEVELOPMENT",0.78104786545925,0.941580892436951,0.0149279394285444,-0.243006961510944,-0.792950123507544,31,"Gata3/Ift20/Hes1/Fzd2/Dchs1/Kcnk2/Calb1/Rpgrip1l/Dvl2/Slitrk6/Tbx18"
"GOBP_REGULATION_OF_AMYLOID_PRECURSOR_PROTEIN_CATABOLIC_PROCESS",0.781134075251722,0.941580892436951,0.0223163782591721,0.225573150932581,0.816289510040542,34,"Rock2/Rtn1/Rock1/Picalm/Rtn4/Tnf/Gga3/Dyrk1a/Flot2/Ranbp9/Sp1"
"GOBP_NEURON_PROJECTION_ARBORIZATION",0.781426372498717,0.941580892436951,0.0218013277731206,0.237484183959396,0.796958843168343,25,"Myo9a/Vps13a/Rock1"
"GOBP_SYNAPTIC_SIGNALING",0.781772273656366,0.941580892436951,0.010583489146812,-0.18502155652794,-0.895902798624876,424,"Bglap3/Adora1/Drd1/Cntn2/Dtnb/Ppfia2/Gabra3/Gria4/Epha7/Adipoq/Prkar2b/Hmgcr/Gabra4/Calhm2/Kcnmb4/Sncg/Unc13c/Slc1a1/Efnb3/Ace/Stxbp2/Faah/Unc13b/Nsmf/Clstn3/Mapk3/Rnf167/Grin3a/Chrnb2/Cln3/Mpz/Clstn1/Ly6e/Cdk5/Comt/Slc18a3/Abat/Grik4/Osbpl2/Rgs10/Syn2/Cspg5/Reln/Cx3cr1/Gabbr2/Cadps2/App/Slc1a4/Nalcn/Ophn1/Gabarap/Pmp22/Cacna1e/Sipa1l1/Chrm3/Slc38a1/Cdh11/Vps18/Htr7/Prnp/Chrna7/Ephb2/Grin3b/Ephb1/Cfl1/Htr2b/Shisa7/Gsg1l/Mctp2/Grin1/Cdkl5/Ext1/Snap29/Kcnk2/P2rx4/Grik2/Calb1/Cacna1g/Ppt1/Tmem108/Gfap/Ptchd1/Fgf22"
"GOBP_POTASSIUM_ION_IMPORT_ACROSS_PLASMA_MEMBRANE",0.782437745740498,0.941580892436951,0.0150902836491529,-0.250201025862196,-0.780369896253289,25,"Slc12a3/Slc12a1/Stk39"
"GOBP_ACROSOME_REACTION",0.782513395031661,0.941580892436951,0.0209707048578176,0.25382861306638,0.780206482585662,18,"Pkdrej/Trim36/Pla2g10/Glrb/Syt6/Stx2/Stxbp1/Syt8"
"GOBP_PROTEIN_K48_LINKED_DEUBIQUITINATION",0.782983761840325,0.941580892436951,0.01554216618714,-0.266768665114175,-0.771353484137932,19,"Mindy4/Usp29/Otud3/Bap1/Otud5/Usp5"
"GOBP_REGULATION_OF_INTRACELLULAR_ESTROGEN_RECEPTOR_SIGNALING_PATHWAY",0.783660351826793,0.941580892436951,0.015529669742974,-0.266481171240221,-0.77052220434258,19,"Ddrgk1/Uba5/Cnot2/Vps18/Parp1"
"GOBP_NEGATIVE_REGULATION_OF_MAPK_CASCADE",0.783826305852738,0.941580892436951,0.0250518829285888,0.191529338515335,0.860943378157907,94,"Pbk/Hipk3/Smad4/Igf1r/Sh3gl2/Pafah1b1/Prdm15/Klhl31/Per1/Irak3/Spry4/Rps6ka6/Sh3rf2/Ndrg2/Sema6a/Dsg3/Ptpn1/Pp2d1/Pink1/Ptprc/Dusp10"
"GOBP_EMBRYONIC_HEMOPOIESIS",0.783938814531549,0.941580892436951,0.0206526987152435,0.262808351032108,0.772411362394522,15,"Kitl/Med1/Kdr/Thoc5/Zfpm1/Gata2/Tgfbr2/Sh2b3/Pbx1/Ccdc134/Hscb/Tal1"
"GOBP_RENAL_TUBULE_MORPHOGENESIS",0.784078344653293,0.941580892436951,0.0145330123598462,-0.227289369243227,-0.806527335508372,46,"Cited1/Maged1/Foxd1/Gata3/Wt1/Hes1"
"GOBP_REGULATION_OF_CILIUM_ASSEMBLY",0.784085692425402,0.941580892436951,0.0140752684985693,-0.217936031565808,-0.823024351065027,63,"Tbc1d10a/Ift20/Cdk10/Tbc1d20/Fuz/Dync2li1/Atg3/Arf4/Tbc1d30/Cdkl5/Rabep2/Bbs4/Evi5l/Tbc1d16"
"GOBP_GLYCOSYL_COMPOUND_CATABOLIC_PROCESS",0.785983550376971,0.943053115609002,0.0156740817381875,-0.274094841005917,-0.762190568912823,16,"Upp2/Naga/Dpyd/Fuca1/Gba/Pnp2"
"GOBP_TOOTH_MINERALIZATION",0.786530815109344,0.943053115609002,0.0212037246719002,0.243222969107316,0.789852353456662,22,"Dmp1/Itgb6/Ank"
"GOBP_REGULATION_OF_AUTOPHAGOSOME_ASSEMBLY",0.786736020806242,0.943053115609002,0.0148980820907358,-0.245150242423859,-0.783716688398354,28,"Scfd1/Ift20/Snx4/Rnf5/Snx7/Ephb2/Phf23/Chek2/Lrsam1/Ift88/Pip4k2c"
"GOBP_RESPONSE_TO_ALCOHOL",0.787436980515057,0.943053115609002,0.0123314809544251,-0.195122462263342,-0.856810556855359,164,"Bglap3/Fbp1/Cdo1/Car3/Cldn1/Adipoq/Rbp4/Slc12a3/Gata3/Ghr/Stk39/Cftr/Ces1d/Adcy7/Grin3a/Chrnb2/Comt/Abat"
"GOBP_REGULATION_OF_ANDROGEN_RECEPTOR_SIGNALING_PATHWAY",0.78755586112066,0.943053115609002,0.0156898723580557,-0.276140782822941,-0.755335479660272,15,"Tcf7l2/Rnf6/Pkn1/Safb/Sfrp1"
"GOBP_HEART_MORPHOGENESIS",0.787790697674419,0.943053115609002,0.0274250979400026,0.182184086479701,0.885603084675734,155,"S1pr1/Atf2/Bmpr2/Mtor/Smad4/Ahi1/Ttn/Smad3/Ccdc39/Eya1/Nipbl/Eng/Sos1/Npy1r/Apc/Rbpj/Naca/Rac1/Robo2/Adprhl1/Rtn4/Mdm4/Ryr2/Srf/Rbm20/Nrg1/Abcc9/Med1/Heg1/Mkks/Tbx2/Ankrd1/Crkl/Prickle1/Cdc42/Yap1/Nphp3/Tbx1/Prox1/Nedd4/Cldn5/Bmp2/Setdb2/Heyl/Asxl1/Pou4f1/Ryr1/Msx2/Ccdc40/Slit2/Snai2/Ube4b"
"GOBP_VENTRICULAR_SEPTUM_DEVELOPMENT",0.788449266113593,0.943053115609002,0.0145971012498719,-0.231760100008487,-0.798612704779462,40,"Gata3/Lrp2/Hes1/Id2/Fzd2/Adamts19/Sufu/Sox11/Aplnr/Sox4/Nos3/Dctn5/Nprl3"
"GOBP_RESPONSE_TO_STEROL",0.788898233809924,0.943053115609002,0.0153528342431647,-0.25932955977629,-0.762553442674715,20,"Insig1/Ces1d"
"GOBP_ATRIOVENTRICULAR_VALVE_DEVELOPMENT",0.789196940726577,0.943053115609002,0.0205500563727138,0.261692025872266,0.76913040791114,15,"Bmpr2/Smad4"
"GOBP_METALLO_SULFUR_CLUSTER_ASSEMBLY",0.789435946462715,0.943053115609002,0.0205454112091173,0.261673056706889,0.769074656262403,15,"Isca1/Lyrm4/Hspa9/Nfs1/Ndufab1/Iba57"
"GOBP_POSITIVE_REGULATION_OF_AMIDE_METABOLIC_PROCESS",0.789499630268671,0.943053115609002,0.021018885784854,0.246935390656754,0.779449026635227,20,"Rock2/Picalm/Tnf/Tnfrsf1a/Sp1/Nsmaf"
"GOBP_ESTABLISHMENT_OR_MAINTENANCE_OF_MONOPOLAR_CELL_POLARITY",0.789975550122249,0.943053115609002,0.020884454741678,0.247215740793169,0.771566625365268,19,"Map1b/Myo9a"
"GOBP_POSITIVE_REGULATION_OF_CILIUM_ASSEMBLY",0.790366350067843,0.943053115609002,0.0154456187724127,-0.268106506727541,-0.766515440620409,18,"Ift20/Fuz"
"GOBP_NEURAL_PRECURSOR_CELL_PROLIFERATION",0.790443887332252,0.943053115609002,0.0134247846340643,-0.207455492095198,-0.830390527774384,88,"Pou3f3/Zfp503/Ift20/Sox10/Sirt2/Tox/Lrp2/Dixdc1/Cx3cr1/Id2/Rpgrip1"
"GOBP_REGULATION_OF_DENDRITE_DEVELOPMENT",0.790711885120684,0.943053115609002,0.0139295210197022,-0.215542300999789,-0.811357822097103,61,"Eef2k/Nsmf/Chrnb2/Reln/Nedd4l/Sarm1/Ephb2/Cul7/Stk11/Cdkl5/Mfsd2a/Zdhhc15/Dpysl5/Anapc2/Numbl/Fat3/Prex1/Zfp296/Obsl1/Rapgef2/Ankrd27/Bhlhb9/Mark1"
"GOBP_NEGATIVE_REGULATION_OF_LYMPHOCYTE_ACTIVATION",0.79088895919013,0.943053115609002,0.0249917512895644,0.190830956991062,0.858789558781158,95,"Fgr/Spn/Tbx21/Inhba/Ifi204/Tnfsf4/H2-Q7/Gnrh1/Il4ra/Cblb/Tnfaip3/Tyro3/Bcl6/Cbfb"
"GOBP_TRANSLESION_SYNTHESIS",0.79140662506001,0.943053115609002,0.0205733086795682,0.258729844942513,0.770060019445398,16,"Dtl/Rev1/Zbtb1"
"GOBP_NEGATIVE_REGULATION_OF_UBIQUITIN_DEPENDENT_PROTEIN_CATABOLIC_PROCESS",0.79151388161341,0.943053115609002,0.021925473391966,0.225806719141148,0.799991056496991,31,"Pbk/Mtm1/Wac/Usp14/N4bp1/Rybp/Csnk2a1"
"GOBP_NEGATIVE_REGULATION_OF_PROTEIN_SECRETION",0.792058346839546,0.943053115609002,0.0147585975721717,-0.240644878586335,-0.780059685172718,30,"Hmgcr/Ffar2/Acvr1c/Rhbdf1/Sytl4/Eny2/Rab11fip5/Inhbb/Jagn1/Kcnb1"
"GOBP_REGULATION_OF_INTRINSIC_APOPTOTIC_SIGNALING_PATHWAY",0.792314335060449,0.943053115609002,0.013038207666761,-0.203021732523472,-0.836523849936932,104,"Hyou1/Pycr1/P4hb/Xbp1/Mapk8ip1/Sfrp2/Tmbim6/Selenos/Msx1/Cd74/App/Rtkn2/Ubb/Bbc3/Creb3/Mmp2/Eif2ak3/Ppia/Syvn1/Parp1/Bcap31/Grina/Creb3l1"
"GOBP_POSITIVE_REGULATION_OF_PROTEIN_CATABOLIC_PROCESS",0.792606077580171,0.943053115609002,0.0126348340343054,-0.198287272553025,-0.8469836057744,135,"Ldlr/Xbp1/Ddrgk1/Rhbdd1/Atg7/Sirt2/Furin/Nop53/Lrp2/Rnf185/App/Gabarap/Nkd1/Nedd4l/Psmc1/Trf/Trib3/Hsp90aa1/Snx1/Sorl1/Snx33/Bcap31/Tmem259/Rnft2/Gba/Csnk1d/Vps28/Rchy1/Usp5/Nub1/Nkd2/Ddb1/Adam8/Herpud1/Vcp"
"GOBP_POSITIVE_REGULATION_OF_SYNAPTIC_TRANSMISSION_GLUTAMATERGIC",0.792626728110599,0.943053115609002,0.0154953638585924,-0.27019319908607,-0.762017528357818,17,"Drd1/Reln/Grin1/Grin2a/Ptk2b/Nlgn2/Nlgn3/Nlgn1/Iqsec2"
"GOBP_REGULATION_OF_CELL_KILLING",0.792883778744562,0.943053115609002,0.014134536261377,-0.218507309256663,-0.805666197979201,55,"Azgp1/Cadm1/Cd1d1/H2-M3/Stx7/H2-Eb1/Cx3cr1"
"GOBP_PROTEOLYSIS_INVOLVED_IN_PROTEIN_CATABOLIC_PROCESS",0.793103448275862,0.943053115609002,0.0387300107593134,0.167774827201314,0.927074709338454,478,"Uhrf1/Cul2/Pbk/Rps27a/Spsb1/Cul9/Tbx21/Klhl28/Ube2n/Brsk2/Spopl/Mtm1/Mtor/Asb1/Nemf/Pmaip1/Dtl/Klhl7/Xpo1/Rnf122/Nccrp1/Wac/Herc3/Usp25/Ltn1/Clgn/Psme4/Il33/Kbtbd8/Rnf168/Cul5/Tmtc3/Ccar1/Ube2b/Hace1/Kcmf1/Herc6/Rnf139/Svip/Bag2/Apc/Plaa/Uba6/Tnfaip3/Usp14/Rnf146/Herc4/Kbtbd2/Trib2/Tmem168/Ubr3/Rlim/Ube2l6/Fem1c/Isg15/Ivns1abp/Rmnd5a/Psmb8/Ube2d3/Csnk1a1/Rnf125/Ercc8/N4bp1/Rnf217/Zranb1/Sh3rf2/Ccnf/Cops3/Wdr26/Rnf123/Klhl23/Rnf14/Rnf114/Sh3rf1/Dtx3l/Ascc3/Cul1/Sumo1/Smurf2/Usp13/Ppp2r5c/Ube3c/Kbtbd7/Rybp/Vps36/Csnk2a1/Klf1/Ttc3/Klhl4/Cdk2/Pdcd6ip/Pink1/Peli1/Oxa1l/Rbbp6/Chmp2b/Ikbkg/Kctd5/Prickle1/Huwe1/Spop/Alad/Trim25/Anapc10/Det1/Psmc2/Trip12/Mylip/Rnf19a/Rnf26/Ube2cbp/Calr3/Ogt/Rnf115/Dcaf13/Stam/Nedd4/Chmp7/Casp8/Socs4/Klhl15/Chmp1b/Rnf145/Klhl21/Fbxo31/Epm2a"
"GOBP_POSITIVE_REGULATION_OF_SYNAPSE_ASSEMBLY",0.793147410358566,0.943053115609002,0.0144952760906589,-0.232311404830423,-0.7968826964527,39,"Thbs2/Eef2k/Clstn3/Clstn1/Srpx2/Flrt1/Ephb2/Ephb1"
"GOBP_MONOSACCHARIDE_CATABOLIC_PROCESS",0.793337645536869,0.943053115609002,0.0147025997550063,-0.240281902507507,-0.784058049552522,31,"Galk1/Aldob/Gale"
"GOBP_EXTRINSIC_APOPTOTIC_SIGNALING_PATHWAY_VIA_DEATH_DOMAIN_RECEPTORS",0.795288839035334,0.944937521231811,0.0229327929676481,0.205792929589785,0.832535505949195,55,"Bmpr1b/Thbs1/Pmaip1/Tnfsf10/Icam1/Hmgb2/Tnfaip3"
"GOBP_NEUROEPITHELIAL_CELL_DIFFERENTIATION",0.795541507236733,0.944937521231811,0.0150721514319048,-0.252815319673668,-0.769378685260327,23,"Fam20c/Msx1/Hes1/Sox11/Sox4"
"GOBP_EMBRYONIC_HEART_TUBE_DEVELOPMENT",0.796553904521024,0.945164037494512,0.0143166507010057,-0.221149217437191,-0.80081497176243,51,"Folr1/Foxc1/Sox18/Hes1/Foxc2/Ovol2/Sufu/Aplnr/Ednra/Greb1l/Ccdc103/Ift122/Dvl2"
"GOBP_INSULIN_LIKE_GROWTH_FACTOR_RECEPTOR_SIGNALING_PATHWAY",0.796561144142696,0.945164037494512,0.014553373130928,-0.237523374159532,-0.782359656039228,32,"Ghr/Mapk3/Gigyf2/Shc1/Eif2ak3/Pik3r1/Zfand2b/Igfbp4"
"GOBP_NUCLEOBASE_METABOLIC_PROCESS",0.797320217096336,0.945164037494512,0.0153189707444467,-0.266620297848854,-0.762266375323913,18,"Tymp/Dpyd/Cmpk1/Ctps2/Dpysl5/Cad/Dpysl3/Umps"
"GOBP_MISMATCH_REPAIR",0.797464016449623,0.945164037494512,0.0154642518289617,-0.271151583584711,-0.754006091452052,16,"Pms2/Rnaseh2a/Mlh1/Rnaseh2c/Xpc/Hdac10"
"GOBP_MEGAKARYOCYTE_DEVELOPMENT",0.797524922653833,0.945164037494512,0.0155078286787783,-0.272868410986765,-0.746384470956535,15,"Meis1"
"GOBP_VENTRICULAR_CARDIAC_MUSCLE_TISSUE_MORPHOGENESIS",0.797588506926629,0.945164037494512,0.0214813157001781,0.234194061469507,0.785917719630314,25,"Smad4/Eng/Rbpj/Ryr2/Nrg1/Med1/Heg1"
"GOBP_NEGATIVE_REGULATION_OF_CYTOKINE_PRODUCTION_INVOLVED_IN_IMMUNE_RESPONSE",0.798518164435946,0.945898795018153,0.0203701888847281,0.2596159412512,0.763028656028804,15,"Tbx21/Irak3/Bcl6/Tnf"
"GOBP_GLYCOLIPID_BIOSYNTHETIC_PROCESS",0.799305774692332,0.946198885091442,0.014239544569944,-0.22268999405579,-0.797345063035321,48,"Fa2h/Ugt8a/Pigk/St3gal4/Pigz/Dpm3/St6galnac5/B3galt2"
"GOBP_NEGATIVE_REGULATION_OF_IMMUNE_SYSTEM_PROCESS",0.799390940236011,0.946198885091442,0.0110578369872031,-0.187119001461836,-0.874495834141852,286,"Nr1d1/Bpifb1/Adora1/Lrrc17/Col3a1/Adipoq/Ldlr/Enpp3/Lgals1/Mertk/Slamf8/Pla2g2d/Tmbim6/Mapk3/Selenos/Pim1/Sirt2/Furin/H2-M3/Grn/Jak3/H2-Eb1/Trim27/Bst2/Cx3cr1/Id2/Cd74/Lrrc14/Gpr137/Gpnmb/Sarm1/Dtx4/Tcta/Serping1/Lpxn/Thy1/Ptpn22/Gigyf2/Cd68/Prnp/Tnfrsf21/Casp3/Pik3r1/Tlr3/Vtcn1/Il17d/Gpr108/Parp1/Scgb1a1/Sox11/Plcg1/Pkn1/Ptpn6/Ltf/Smpdl3a/Arg2/Vsir/Pias3/Ppt1/Acp5/Sec14l1/Smpdl3b/Usp5/Fyn/Prdm16/Susd4/Cr1l/Taok3/A2m/Ticam2/Sfrp1"
"GOBP_CELLULAR_COMPONENT_MAINTENANCE",0.79977664326739,0.946288785895382,0.0143912895167185,-0.229999869183148,-0.79254719695301,40,"Ppfia2/Cldn1/Grn/App/Ophn1/Prnp/Cfl1/Tprn/Whrn/Sort1/Sdf4/Fyn/Zmynd8"
"GOBP_NEGATIVE_REGULATION_OF_CYTOKINE_PRODUCTION",0.800570187347271,0.94672254501675,0.0120356681693049,-0.193385568083014,-0.851768942777783,167,"Anxa4/Adipoq/Pdcd4/C1qtnf3/Gata3/Mertk/Orm1/Adcy7/Selenos/Sars/Furin/H2-M3/Jak3/H2-Eb1/Trim27/Bst2/Cx3cr1/Il1r2/Ffar4/Klhl22/Ppp1r11/Gpnmb/Abcd2/Ptpn22/Prnp/Chrna7/Ephb2/Tnfrsf21/Casp3/Scgb1a1/Slc2a10/Laptm4b/Gba/Ptpn6/Ltf/Arg2/Vsir/Acp5/Otud5/Pml/Cd24a/Cr1l/Ticam2/Gas6/Inhbb"
"GOBP_PHAGOCYTOSIS",0.800975609756098,0.94672254501675,0.0124125416303739,-0.196788454477334,-0.84513410945649,140,"Adora1/Calr/Adipoq/C2/Ldlr/Gsn/Mertk/Tulp1/Srpx/Il2rb/C4b/Rab27a/Cln3/C3/Rab20/Atg3/Arhgap12/Letmd1/Rab34/Mfge8"
"GOBP_REGULATION_OF_VACUOLE_ORGANIZATION",0.801307606442354,0.94672254501675,0.0143567930830064,-0.231824676044314,-0.783443483106492,36,"Scfd1/Ift20/Grn/Snx4/Rnf5/Mcoln1/Snx7/Anxa2/Ephb2"
"GOBP_LABYRINTHINE_LAYER_DEVELOPMENT",0.80156530246209,0.94672254501675,0.0146732159415549,-0.240266785841462,-0.772804400944725,29,"Cited1/Hes1/Ovol2/Vash2/Spint2/Llgl2/Zfp36l1/Fzd5/Plcd3/Akt1/Pcdh12/Bmp7/Fbxw8/Bmp5"
"GOBP_NEGATIVE_REGULATION_OF_TRANSPORT",0.801692708333333,0.94672254501675,0.0113995689175631,-0.189733348302852,-0.866789771374462,229,"Adora1/Insig1/Arhgap8/Adipoq/Hmgcr/Ffar2/Tff2/Cabp1/Stk39/Os9/Tmbim6/Mapk3/Rem1/Selenos/H2-M3/Lrpap1/Cdk5/Pln/Stxbp6/Abat/Hes1/Trim27/Atg3/Cd74/Ffar4/Acvr1c/Gnb5/Scamp5/Nedd4l/Rhbdf1/Derl2/Pid1/Vamp8/Anxa2/Srebf2/Pea15a/Sufu/Snx33/Gpr35/Tlr9/Sytl4/Eny2/Rab11fip5/Wwp2/Erlec1/Ptger3/Nos3/Dlg4/Atp9a/Unc119/Calm2/Arfip1/Sh3gl3/Ei24/Slc43a2/Inhbb/Jagn1/Kcnb1/Commd1"
"GOBP_POSITIVE_REGULATION_OF_REPRODUCTIVE_PROCESS",0.802197802197802,0.946952969750497,0.0220771824167872,0.218463685529158,0.801973002417888,36,"Knl1/Inhba/Ube2b/Ago2/Smurf2/Ednrb/Cdc25c/Pla2g10/Irgc1/Hdac2"
"GOBP_PEPTIDYL_TYROSINE_MODIFICATION",0.803039332538737,0.94758020892462,0.0133440298165694,-0.209120630780082,-0.818400850264098,76,"Angpt4/Epha7/Sfrp2/Mapk3/Efna1/Enpp2/Jak3/Hes1/Prlr/Ephb2/Fgfr4/Flt4/Snx6/Tnk2/Ptpn6/Fyn/Unc119/Sfrp1/Ctf1/Ddr1/Mvp"
"GOBP_NEURON_RECOGNITION",0.803848641655886,0.947894969780436,0.0145126804924478,-0.238060132435576,-0.776808245505804,31,"Cntn2/Efnb3/App/Ephb2/Tnfrsf21/Casp3/Ext1/Ntm/Cdk5r1/Bsg"
"GOBP_PORPHYRIN_CONTAINING_COMPOUND_METABOLIC_PROCESS",0.803926633944717,0.947894969780436,0.021466283908486,0.230176839697195,0.780324951631975,26,"Fech/Alas2/Cpox/Abcb10/Sucla2"
"GOBP_VENTRICULAR_CARDIAC_MUSCLE_TISSUE_DEVELOPMENT",0.805555555555556,0.949449159807956,0.01437978157026,-0.233007452421831,-0.778189166452066,34,"Foxc1/Pkp2/Lrp2/Id2/Mbd3/Foxc2/Ednra/Dsg2/Col14a1"
"GOBP_NEGATIVE_REGULATION_OF_PRODUCTION_OF_MOLECULAR_MEDIATOR_OF_IMMUNE_RESPONSE",0.806224899598394,0.949871603653333,0.0149638526590247,-0.253486803312049,-0.755612655815139,21,"Tmbim6/H2-M3/Jak3/Bst2"
"GOBP_NEGATIVE_REGULATION_OF_FATTY_ACID_METABOLIC_PROCESS",0.807600382409178,0.951125353993847,0.0201974390457777,0.257105144918748,0.755649257283565,15,"Angptl4/Plin5/Acadvl/Pibf1/Fmo2"
"GOBP_ENDOCRINE_SYSTEM_DEVELOPMENT",0.808598071755967,0.951827667722329,0.0140978186671157,-0.219941411723042,-0.793850135193435,50,"Bhlha15/Gata3/Mapk3/Wt1/Msx1/Hes1/Arntl/Eif2ak3/Ednra/Sox4/Sox2/Bak1"
"GOBP_G0_TO_G1_TRANSITION",0.808819844650464,0.951827667722329,0.0208987875795497,0.235736931120532,0.775459049946739,23,"H2-Q7/Rrm2b/Pbrm1/Med1/Ppp2r5b/Rhno1/Foxo4/Dpf2"
"GOBP_REGULATION_OF_JUN_KINASE_ACTIVITY",0.809353131933777,0.952088493668729,0.0151934845462728,-0.264630378637274,-0.746328877779535,17,"Mapk8ip1/Pdcd4"
"GOBP_MATERNAL_PROCESS_INVOLVED_IN_FEMALE_PREGNANCY",0.810509554140127,0.952538263406916,0.0217602242374737,0.220656112954641,0.793541449469618,33,"Stc1/Bmpr2/Ptgs2/Apol8/Med1/Klf1/Angpt2/Epor/Prdx3/Dcaf13/Rgs2"
"GOBP_NUCLEOSIDE_METABOLIC_PROCESS",0.81084678090168,0.952538263406916,0.0147970402132349,-0.248864201447246,-0.757354468728366,23,"Upp2/Tymp/Dguok/Dpyd/2210016F16Rik/Pnp2"
"GOBP_POSITIVE_REGULATION_OF_MEMBRANE_PERMEABILITY",0.810928681375064,0.952538263406916,0.0212233449485637,0.231642956633329,0.777356620844092,25,"Atf2/Bcl2l11/Bnip3/Jam3"
"GOBP_POSITIVE_REGULATION_OF_SYNAPTIC_TRANSMISSION",0.810982658959538,0.952538263406916,0.0127587165032058,-0.201110187457689,-0.825594837222559,102,"Bglap3/Adora1/Drd1/Hmgcr/Slc1a1/Clstn3/Clstn1/Slc18a3/Reln/App/Nalcn"
"GOBP_REGULATION_OF_EPITHELIAL_CELL_PROLIFERATION",0.812026913372582,0.953289428196985,0.02949616406587,0.175878665295631,0.889668803541147,212,"Uhrf1/Thbs1/St8sia1/Cnmd/Areg/Ccl5/2610528A11Rik/Epgn/Vegfc/Smad3/Serpinb5/Cdc73/Fgf2/Eya1/Itgb3/Six4/Eng/Hmgb2/Apln/Tnfaip3/Rbpj/Ereg/Arx/Cdk6/Trp63/Bcl11b/Akt3/Krit1/Nras/Atp5a1/Igf2/Rtn4/Stat1/Eppk1/Med1/Tnfsf12/Tnf/Hmgb1/Ednrb/Mcc/Stat3/Jcad/Scg2/Dusp10/Foxp2/Flt1/Gpc3/Cdc42/Yap1/Hlx/Tbx1/Prox1/Sp1"
"GOBP_OSTEOBLAST_PROLIFERATION",0.812246278755074,0.953289428196985,0.015011881330445,-0.259474041454117,-0.750261301616223,19,"Lrrc17/Tmem119/Osr2"
"GOBP_BRANCHING_INVOLVED_IN_BLOOD_VESSEL_MORPHOGENESIS",0.813655410401775,0.954108184048756,0.020554703300418,0.241902768538419,0.763563606561875,20,"Fgf2/Eng/Ppp3r1/Srf"
"GOBP_NEGATIVE_REGULATION_OF_HEMOPOIESIS",0.814393939393939,0.954108184048756,0.0231664106614501,0.196962251092832,0.830680831149389,67,"Tob2/Tbx21/Inhba/Mafb/Tnfsf4/H2-Q7/Tsc22d1/Il4ra/Cdk6/Bcl6/Cbfb/Tnfaip6/Hmgb1/Hspa9/Fgl2/Tmem178/Hlx/Ubash3b"
"GOBP_ENDOTHELIAL_CELL_CHEMOTAXIS",0.814704421261798,0.954108184048756,0.0206526987152435,0.239081273406307,0.765551716936629,21,"Thbs1/Fgf2"
"GOBP_DENDRITE_DEVELOPMENT",0.815051374618162,0.954108184048756,0.0121029356684584,-0.194402346028302,-0.841104636093365,148,"Ppfia2/Eef2k/Tulp1/Nsmf/Grin3a/Chrnb2/Efna1/Cdk5/Camk1/Reln/App/Arf4/Nedd4l/Sarm1/Sipa1l1/Flrt1/Matn2/Chrna7/Ephb2/Ephb1/Cul7/Cfl1/Stk11/Cdkl5/Mfsd2a/Dab1/Zdhhc15/Dpysl5/Foxo6/Dlg4/Fyn/Pak4/Bbs4/Cdk5r1/Zmynd8"
"GOBP_REGULATION_OF_PROTEIN_SERINE_THREONINE_KINASE_ACTIVITY",0.81542781143786,0.954108184048756,0.0130039975582503,-0.205215980724043,-0.810635885905338,80,"Diras2/Cdk5rap3/Adipoq/Mapk8ip1/Pdcd4/Cdc25a/Pim1/Camk1/Thy1/Tpd52l1/Ptpn22/Trib3/Ksr1/Rasip1/Cib1/Ltf"
"GOBP_MIRNA_PROCESSING",0.815446339017051,0.954108184048756,0.0207845925052159,0.230998104752243,0.770402029800034,24,"Smad3/Ncbp1/Pum2/Ago2"
"GOBP_NEGATIVE_REGULATION_OF_MUSCLE_CELL_DIFFERENTIATION",0.815689381933439,0.954108184048756,0.0140106272237008,-0.223276635437213,-0.785034680331003,44,"Bhlha15/Xbp1/Pdcd4/Tmem119/Msx1/Id2/Prdm6"
"GOBP_TRANSLATION",0.816105769230769,0.954108184048756,0.0364020639179082,0.168518763626359,0.918655931184221,420,"Gapdh/Thbs1/Sarnp/Rps27a/Celf1/Ythdf3/Eif2s1/Mars2/Cnot6l/Ccl5/Mtor/Yars2/Nemf/Eif1ad/Ogfod1/Cnot11/Cnot9/Cpeb4/Mtrf1/Eif4e/Ncbp1/Ltn1/Purb/Zcchc4/Mrpl45/Larp4b/Pus7/Kbtbd8/Rps6ka3/Bzw1/Mrps22/Pum2/Csde1/Rps2/Eif4g2/Eif3j1/Rnf139/Eif4e3/Mrpl32/Farsb/Jmjd4/Metap1/Selenot/Cnot7/Larp4/Eif5/Naca/Eif3m/Ptcd3/Gtdc1/Iars2/Fxr1/Ago2/Rbms3/Elavl1/Neurl1a/Pum3/Dhx9/Eif5a2/Samd4"
"GOBP_AMINO_ACID_ACTIVATION",0.816231584388731,0.954108184048756,0.0212380808461584,0.222334240797598,0.777222306636112,29,"Aasdh/Mars2/Yars2/Farsb/Iars2"
"GOBP_GPI_ANCHOR_METABOLIC_PROCESS",0.816316146540027,0.954108184048756,0.0149788438350447,-0.261285365361053,-0.747013824475818,18,"Pigk/Pigz/Dpm3/Pigl"
"GOBP_EPIDERMAL_CELL_DIFFERENTIATION",0.816379310344828,0.954108184048756,0.0125783529617436,-0.199243471819931,-0.831543273586367,116,"Krt79/Fa2h/Krt75/Foxc1/Alox8/Krt10/Krt7/Slc39a2/Triobp/Hes1/Akr1c18/Slc44a4/Asah1/Ovol2/Tfap2c/Casp3/Tprn/Ivl/Kdf1/Whrn/Tmem79"
"GOBP_POSITIVE_REGULATION_OF_LYMPHOCYTE_DIFFERENTIATION",0.817153067301965,0.954342178816876,0.0130830524018917,-0.206829133443813,-0.81026905466417,77,"Xbp1/Ddrgk1/Gata3/Tox/H2-M3/Smarcc2/H2-Eb1/Cd74/Ap3d1/Sart1/Sox4/Vsir/Pnp2/Tespa1/Cr1l/Gas6/Adam8/Arid1b/Cd27/Sox13/Il7r/Axl/Smarce1/Runx1/Ripk2"
"GOBP_REGULATION_OF_LIPID_LOCALIZATION",0.817204301075269,0.954342178816876,0.0131253725518755,-0.207249165559464,-0.809060887667965,75,"Acsl5/Dbi/Adipoq/Surf4/Clstn3/Mapk3/Ces1d/Furin/C3/Anxa2/Srebf2/Pltp/Naxe/P2rx4/Eprs/Ikbke/Plin2/Ptch1/Lamtor1/Commd1/P2rx7/Lpcat3/Repin1"
"GOBP_DENTATE_GYRUS_DEVELOPMENT",0.81859464627151,0.955600551914201,0.0199915283249277,0.253672838751527,0.745561479355785,15,"Large1/Cdk6/Fxr1/Vps13b/Prox1/Bloc1s6"
"GOBP_REGULATION_OF_AEROBIC_RESPIRATION",0.819324624106483,0.9557662870501,0.0204482678859152,0.240533526695966,0.759241608736898,20,"Tefm/Tnf/Pink1/Etfrf1/Snca/Actn3"
"GOBP_PLATELET_AGGREGATION",0.819596069868996,0.9557662870501,0.0220246563122252,0.206421911499769,0.810794573324596,48,"Plek/Jak2/Itgb3/Metap1/Mfsd2b/Tyro3/Rap2b/Il6ra/Slc7a11/Il6st/Ubash3b/Bloc1s4/Fermt3/Alox12/Mmrn1/Prkcq"
"GOBP_CELL_JUNCTION_ORGANIZATION",0.820070422535211,0.9557662870501,0.00947557281610808,-0.180715313430028,-0.884628926472066,490,"Rab39b/Drd1/Cntn2/Bhlha15/Ppfia2/Gabra3/Tmigd1/Cldn1/Gjb1/Cldn11/Tjp3/Epha7/Thbs2/Eef2k/Lnx1/Gabra4/Lamtor2/Ildr1/Ugt8a/Sncg/Sema4c/Ntn1/Slc1a1/Pkp2/Sparc/Ace/Pdxp/Myh10/Clstn3/Sez6l/Cldn10/Chrnb2/Cttnbp2/Efna1/Cln3/Clstn1/Grn/Cdk5/Slc18a3/C3/Camk1/Syn2/Nckipsd/Dixdc1/Reln/Cx3cr1/Cdh24/Rhoc/App/Arf4/Ophn1/Arhgap12/Lgi2/Tbcd/Nedd4l/Sarm1/Sipa1l1/Srpx2/Thy1/Flrt1/Cdh11/C1qa/Itgb4/Nedd8/Prnp/Chrna7/Ephb2/Pik3r1/Ephb1/Tesk2/Sigmar1/Cfl1/Pard6b/Crb3/Cldn8/Shisa7/Gsg1l/Sptbn4/Aplnr/Cdkl5/Ext1/Myo1c/Whrn/Dapk3/Sort1/Actn1/Dsg2/Dab1/Zdhhc15/Tmem108/Fgf22/Cd9/Map4k4/Cdh10/Dlg4/Lrfn1/Sdf4/Fyn"
"GOBP_ENDOPLASMIC_RETICULUM_ORGANIZATION",0.820198928844682,0.9557662870501,0.0134247846340643,-0.211737594611664,-0.799616268816535,63,"Sec61a1/Lman1/Umod/Stx18/Tram1/Sec16b/Rnf112/Eif2ak3/Emc8/Ubl4a/Get4/Zbed3/Esyt1/Rab5if/Wdr83os/Shtn1/Emc9/Jagn1/Ncln/Sec16a/Lpcat3/Cav2/Emc7/Ccdc47"
"GOBP_POSITIVE_REGULATION_OF_GLIAL_CELL_DIFFERENTIATION",0.820329396107137,0.9557662870501,0.014629253941683,-0.246497022503558,-0.750150565793128,23,"Hes1/Id2/Egr2/Rnf112"
"GOBP_REGULATION_OF_CELLULAR_RESPONSE_TO_GROWTH_FACTOR_STIMULUS",0.820670316464147,0.9557662870501,0.0114260800036669,-0.189193973431546,-0.847400287940926,191,"Folr1/Cited1/Hspa5/Sulf2/Htra3/Xbp1/Fam20c/Foxd1/Gata3/Lox/Sfrp2/Fuz/Msx1/Lrp2/Hsp90ab1/Hes1/Cdkn2b/Pmepa1/Gdf5/Htra1/Ovol2/Rnf165/Smoc2/Sorl1/Brms1/Stk11/Runx2/Slc2a10/Sox11/Snx6/Adamts12/Creb3l1/Mmrn2/Tmem108/Vtn/Fstl5/Bcl9l/Prdm16/Bmper/Sfrp1/Bcl9/Fbn1/Fgf1"
"GOBP_RESPONSE_TO_WOUNDING",0.82112815437902,0.9557662870501,0.0102689218233194,-0.183269355598803,-0.872758793121777,347,"Folr1/Angpt4/Odam/Tec/Prcp/Sulf2/Col3a1/Cldn1/Myl9/Procr/Lman1/Kng2/Xbp1/Slc1a1/Pdia3/Mertk/Cers2/Myh10/St3gal4/Col5a1/Rab27a/Casp7/Vil1/Grn/Comt/Cx3cr1/Arhgef19/Rhoc/Mylk/Arf4/Anxa5/Sarm1/Serping1/Zfp36l2/Csrp1/Entpd2/Mmp2/Foxc2/Matn2/Anxa2/Itgb4/Ppia/Ephb2/Casp3/Bloc1s3/Smoc2/Tlr3/Cd40/Sytl4/Coro1b/Wdr83/Adamts18/Ednra/Tmeff2/Ak3/Ext1/Kcnk2/P2rx4/Sox2/Ptpn6/Pafah2/Actn1/Dsg2/Serpind1/Cd9/P2rx1/Itpk1/BC004004/Nos3/Vtn/Zfp36l1/Angptl7/Fgg/P2ry12/Vav2/F13a1/Gas6/Inhbb/Ddr1/Fgf1/Kcnb1/Syt7"
"GOBP_REGULATION_OF_LYMPHOCYTE_DIFFERENTIATION",0.821239444682983,0.9557662870501,0.0124354068268193,-0.19789908031642,-0.827683325294831,118,"Xbp1/Card11/Ddrgk1/Gata3/Lgals1/Slamf8/Tox/H2-M3/Smarcc2/Jak3/H2-Eb1/Id2/Cd74/Ap3d1/Zfp36l2/Sart1/Tlr9/Sox4/Ptpn6/Vsir/Pnp2/Tespa1/Zfp36l1/Cr1l/Sfrp1/Gas6/Adam8/Ikzf3/Arid1b/Cd27/Sox13/Il7r/Axl/Loxl3/Lag3/Smarce1/Runx1/Ripk2"
"GOBP_JNK_CASCADE",0.822100581594252,0.956404141953709,0.0256555674150551,0.183685874977779,0.861815113115098,124,"Gadd45g/Tnfsf11/Rb1cc1/Hipk3/Atf2/Mapk10/Smad3/Igf1r/Pafah1b1/Mapk8/Taok1/Stradb/Klhl31/Per1/Myd88/Sh3rf2/Sh3rf1/Map2k7/Arhgef6/Tnf/Hmgb1/Pink1/Dusp10/Ercc6/Crkl/Hacd3"
"GOBP_NEGATIVE_REGULATION_OF_CELL_PROJECTION_ORGANIZATION",0.823690270581462,0.95752263862283,0.0124735815365955,-0.198232814138468,-0.823340106395317,111,"Fkbp4/Epha7/Ntn1/Efnb3/Cdk10/Cers2/Efna1/Cdk5/Hes1/Itm2c/Pmp22/Dguok/Thy1/Prnp/Ephb2/Tbc1d30/Cfl1/Rnf6/Draxin/Cib1/Dab1/Gfap/Dpysl5/Fyn/Evi5l"
"GOBP_REGULATION_OF_ACTIN_FILAMENT_POLYMERIZATION",0.823831070889894,0.95752263862283,0.0235401807715361,0.193046790756664,0.825729594503752,73,"Mtor/Ssh2/Hck/Lmod2/Rac1/Rdx/Alox15/Flii/Coro1a/Pfn2/Capza2/Nckap1/Mkks/Dmtn/Tmod4/Arhgap40/Cdc42ep3/Fchsd2/Ssh1/Arf6/Svil"
"GOBP_BLASTOCYST_DEVELOPMENT",0.824002296870514,0.95752263862283,0.0227423732290563,0.197166828951868,0.81925585919782,62,"Phf6/Rrm2/Bysl/Rtn4/Ttll4/Srf/Hopx/Gabpa/Rtf1/Sall4/Ncapg2/Gins4/Asf1b/Yap1/Taf8/Bnip2/Thoc2/Zfp830/Skil/Palb2/Ndel1/Sp3/Hcfc1/Tm4sf1/Ada"
"GOBP_POSITIVE_REGULATION_OF_DOUBLE_STRAND_BREAK_REPAIR_VIA_HOMOLOGOUS_RECOMBINATION",0.825032765399738,0.958152688051246,0.0143252433037127,-0.241495818093319,-0.7532186003701,25,"Fus/Morf4l2/Wdr48/Parp1/Ruvbl1/Yeats4"
"GOBP_CELLULAR_RESPONSE_TO_CARBOHYDRATE_STIMULUS",0.825171758514837,0.958152688051246,0.0126734506385231,-0.200939476065737,-0.815124514685038,95,"Nr1d1/Fbp1/Slc2a2/Xbp1/Unc13b/Cftr/C1qtnf12/Cma1/H2-Eb1/Casr/Serpinf1/Slc2a5/Col1a1/C2cd2l/Sox4/Eny2/Rab11fip5/Ano1/Cltrn/Zfp36l1/Cyba/Fut1/Gas6/Jagn1/Kcnb1/Lrp5"
"GOBP_REGULATION_OF_NEURON_PROJECTION_DEVELOPMENT",0.826491585925548,0.95932059080644,0.0106277256756725,-0.184707809921312,-0.858663802219531,266,"Cntn2/Ppfia2/Trim67/Fkbp4/Epha7/Eef2k/Ntn1/Gata3/Metrn/Efnb3/Nsmf/Cers2/Sfrp2/P3h1/Ust/Chrnb2/Efna1/Tox/Alkal2/Grn/Cdk5/Camk1/Hes1/Nckipsd/Reln/Itm2c/Kif13b/Serpinf1/Pmp22/Shox2/Nedd4l/Sarm1/Sipa1l1/Dguok/Thy1/Map3k13/Ephb2/Cul7/Cfl1/Rnf6/Stk11/Draxin/Apbb1/Ret/Cdkl5/Cib1/Shtn1/Mfsd2a/Dab1/Zdhhc15/Gfap/Dpysl5"
"GOBP_STEROID_HORMONE_BIOSYNTHETIC_PROCESS",0.827309236947791,0.959691510791081,0.0145912630901508,-0.247708027988082,-0.738386844795202,21,"Cyp17a1/Hsd17b12"
"GOBP_MITOCHONDRIAL_GENE_EXPRESSION",0.827439423706614,0.959691510791081,0.0248130741633458,0.185108295094426,0.853836292544383,111,"Fastkd1/Yars2/Tefm/Mtrf1/Prkaa1/Mrpl45/Tbrg4/Mrps22/Supv3l1/Angel2/Mrpl32/Ptcd3/Iars2/Mtrf1l/Mtpap/Fastkd5/Trmt10c/Oxa1l/Tfam/Mettl4/Polrmt"
"GOBP_REGULATION_OF_AXONOGENESIS",0.828088235294118,0.960021653667867,0.012709571769244,-0.201689321411249,-0.810044909724689,90,"Cntn2/Epha7/Ntn1/Metrn/Efnb3/Ust/Efna1/Cdk5/Kif13b/Shox2/Sipa1l1/Thy1/Map3k13/Ephb2/Rnf6/Stk11/Draxin/Ret/Cdkl5/Shtn1/Dab1"
"GOBP_CORONARY_VASCULATURE_DEVELOPMENT",0.828485456369107,0.960021653667867,0.0205407678082685,0.228527307136885,0.762161669992153,24,"Fgf2/Apln/Srf/Abcc9/Prickle1/Gpc3/Tbx1/Dync2h1"
"GOBP_VESICLE_MEDIATED_TRANSPORT_IN_SYNAPSE",0.828696925329429,0.960021653667867,0.0266722544958112,0.17805100419916,0.867716121083386,158,"Synj1/Brsk2/Slc4a8/Arc/Rock1/Ppp3cb/Slc17a7/Ap3b2/Sh3gl2/Mkln1/Ppp3cc/Itgb3/Ston2/Vamp4/Cblb/Plaa/Btbd8/Fcho2/Rac1/Slc18a2/Numb/Atad1/Syt10/Ppp3r1/Pfn2/Nrg1/Ppp3ca/Rab7"
"GOBP_PROTEIN_DEACETYLATION",0.828981054787506,0.960021653667867,0.0148474702573573,-0.258707637842508,-0.729625154973788,17,"Nnmt/Sirt2/Sirt7/Brms1"
"GOBP_CELLULAR_RESPONSE_TO_ESTRADIOL_STIMULUS",0.829923588858763,0.960602762149995,0.0202517288381299,0.237807769499739,0.750637784117867,20,"Kif18a/Ddx18/Pou4f1/Msx2/Lcor/Hnrnpd/Zfp703/Srd5a1/Esr2"
"GOBP_CENTRIOLE_ASSEMBLY",0.830467620118914,0.960602762149995,0.0139518511942778,-0.230619463825373,-0.759619406017643,32,"Cep44/Ccdc61/Cep85/Poc1b"
"GOBP_REGULATION_OF_STRESS_ACTIVATED_PROTEIN_KINASE_SIGNALING_CASCADE",0.830810181334221,0.960602762149995,0.0144460777915352,-0.243859351110894,-0.742123488356302,23,"Sema4c/Mapk3/Mid1/Ppia/Scimp/Taok3/Nbr1/Nod1/Ripk2/Map2k2"
"GOBP_PYRIMIDINE_CONTAINING_COMPOUND_CATABOLIC_PROCESS",0.831118587047939,0.960602762149995,0.014600021226118,-0.24921912024491,-0.732823895151249,20,"Upp2/Tymp/Dpyd/Ogg1/Dpysl5"
"GOBP_POSITIVE_REGULATION_OF_CALCIUM_ION_TRANSMEMBRANE_TRANSPORT",0.831206126356094,0.960602762149995,0.0138349866661866,-0.223919922879869,-0.771596557209599,40,"Drd1/Thy1/Cd19/Aplnr/Grin1/Adcyap1r1/P2rx4/Plcg1/Bak1/P2rx1/P2rx2/P2rx7/G6pdx/F2rl3"
"GOBP_EXCITATORY_SYNAPSE_ASSEMBLY",0.832753479125249,0.960602762149995,0.0203244916072417,0.232914458527335,0.756376068827317,22,"Lrrc4b/Caskin1/Slitrk3/Nptx1/Shank3/Prickle1/Lrrc4/C1ql3"
"GOBP_MEMBRANE_BIOGENESIS",0.832855778414518,0.960602762149995,0.0137741315709959,-0.221807591682727,-0.772068672855565,42,"Selenon/Nsfl1c/Sirt2/Tlcd2/Anxa2/Ephb2/Dmkn/Banf1/Chmp6/Cav2/Nlgn2/Chmp5/Cav1/Nlgn3/Nlgn1/Cav3/Stx4a/Josd1/Tlcd1"
"GOBP_RESPONSE_TO_LIGHT_STIMULUS",0.833018613434044,0.960602762149995,0.0113538548452559,-0.189168983650448,-0.838432022022244,176,"Drd1/Elovl4/Rbp4/Hmgcr/Rhbdd1/Mfap4/Ift20/Tulp1/Gnat3/Chrnb2/Casp7/Cdk5/Pln/Comt/Id2/Actr5/App/Meis2/Gnb5/Fbxl21/Crip1/Cpt1b/Gnat1/Mmp2/Rrh/Casp3/Pik3r1/Rgs9bp/Stk11/Parp1/Trp53i13/Ivl/B4galt2/Grin1/Ext1/Ddhd2/Gucy2e/Bak1/Hyal1/Bmf/Sdf4/Pml/Slc24a2/Mapk11/Unc119/Ei24/Gngt2/Ddb1/Cep250/Bhlhe40/Grin2a/Polk/Cngb1"
"GOBP_REGULATION_OF_PROTEIN_MODIFICATION_PROCESS",0.833238474672738,0.960602762149995,0.0348433536834516,0.16759367971934,0.910158223919429,392,"Irgm2/Fgr/Tpx2/Mad2l1/Rock2/Ube2n/Hipk3/Ccnt1/Spopl/Adcyap1/Prkaa2/Epas1/Ywhag/Cnot9/Gtpbp4/Ccne2/Ect2/Fbxo5/Pik3r5/Tcim/Fgf2/Bmi1/Prkaa1/Jak2/Acer2/Gskip/Traf3ip1/Ube2b/Cab39/Rps2/Cdkn1a/Svip/Bag2/Stradb/Hdac4/Cblb/Apc/Plaa/Mob1b/Tnfaip3/Cops7b/Klhl31/Ereg/Cnot7/Sae1/Rac1/Mrnip/Trib2/Acvr2a/Capn3/Isg15/Ivns1abp/N4bp1/Ccnt2/Sh3rf2/Xrcc5/Map2k1/Cops3/Pfn2/Il34/Tnfrsf10b/Rap2b/Nrg1/Wnk1/Fanci/Ptpn1/Ccng1/Hhatl/Dtx3l"
"GOBP_VENTRICULAR_SEPTUM_MORPHOGENESIS",0.833306149078454,0.960602762149995,0.0141175783268572,-0.237150350324422,-0.746021141261047,26,"Hes1/Id2/Fzd2/Adamts19/Sox11/Aplnr/Sox4/Nos3"
"GOBP_MULTICELLULAR_ORGANISMAL_LEVEL_CHEMICAL_HOMEOSTASIS",0.833333333333333,0.960602762149995,0.0215265222593817,0.208155386173381,0.790879310823314,42,"Epas1/Tfrc/Itgb6/Fech/Lipa/Abca12/Picalm"
"GOBP_NEUROMUSCULAR_PROCESS",0.833551008561892,0.960602762149995,0.0124201600751032,-0.198354585572636,-0.812135240129153,100,"Drd1/Selenon/Uba5/Hexb/Myh10/Rem1/Grin3a/Pomk/Cln3/Comt/Hexa/Aars/Gigyf2/Hsp90aa1/Sptbn4/Ednra/Gba/Pcdh15/Gm2a/Dlg4/Npas1/Slitrk6/Ei24/Tcf15/Grin2a/Comp"
"GOBP_PEROXISOME_ORGANIZATION",0.833632360137009,0.960602762149995,0.0141119300111292,-0.237082990343351,-0.745809242059188,26,"Pex2/Sec16b/Abcd2/Pex12/Hacl1"
"GOBP_REGULATION_OF_CELL_ADHESION_MEDIATED_BY_INTEGRIN",0.834394904458599,0.960602762149995,0.0213070841787847,0.215839583868604,0.776219856058192,33,"Cyp1b1/Ccl5/Itgb3/Acer2/Jam3/Wnk1/Crkl/Ift74/Fermt3/Crk/Snai2/Itgb1bp1/Ada/Epha2/Muc1"
"GOBP_REGULATION_OF_INTRACELLULAR_TRANSPORT",0.834597875569044,0.960602762149995,0.0271691988836728,0.177566753352762,0.871494128117458,167,"Brsk2/Map1b/Ipo5/Nfkbia/Cwh43/Ect2/Xpo1/Smad3/Prpf4b/Frat2/Jak2/Cd36/Rnf139/Svip/Cep290/Pgap1/Iws1/Rab21/Abca12/Rdx/Xpo4/Ripor1/Mavs/Bves/Peg12/Dhx9/Anp32b/Map2k1/Rangap1/Wnk1/Actn2/Ptpn1/Borcs5/Cpsf6/Sumo1/Dnajc13/Rbm22/Ldlrap1/Ppp1r12a/Kif20b"
"GOBP_DETERMINATION_OF_ADULT_LIFESPAN",0.834727333556373,0.960602762149995,0.014457638735454,-0.244856972789698,-0.73669492897478,22,"Kl/Bbc3/Tfcp2l1/Sgsh/Gba/B4galnt1/Dnaaf3"
"GOBP_REGULATION_OF_INTEGRIN_MEDIATED_SIGNALING_PATHWAY",0.834902244750181,0.960602762149995,0.0198415255020423,0.242030974669976,0.733400197777341,17,"Cd177"
"GOBP_MULTIVESICULAR_BODY_ORGANIZATION",0.835229173636668,0.960602762149995,0.0144489671576243,-0.244732114883944,-0.736319272178229,22,"Mvb12a/Rab27a/Vps37d/Stam2/Vps28/Vps37b"
"GOBP_IMMUNE_EFFECTOR_PROCESS",0.835457132252876,0.960602762149995,0.0100055137902013,-0.182134895868196,-0.865590642809575,338,"Azgp1/Cadm1/Klk1b1/Itfg2/C2/Rbp4/Xbp1/Ddrgk1/Aplf/Ffar2/Enpp3/Gata3/Lgals1/Pms2/C7/Cd1d1/Ace/Stxbp2/Sucnr1/Slamf8/Irf7/Tmbim6/Mapk3/Mfng/Il2rb/C4b/Rab27a/H2-M3/Grn/C3/Snx4/Stx7/Jak3/Icos/H2-Eb1/Tmem98/Irf5/S100a13/Bst2/Klk7/Cx3cr1/Lat2/Cd74/Klhl22/App"
"GOBP_GOLGI_TO_PLASMA_MEMBRANE_PROTEIN_TRANSPORT",0.836567413850786,0.961220972549273,0.0144258684311936,-0.244284406462787,-0.734972263270259,22,"Cln3/Rab34/Arfrp1/Golph3l/Amn/Rab31/Golph3"
"GOBP_VIRAL_LIFE_CYCLE",0.83662408052652,0.961220972549273,0.0274817619246237,0.17555257383237,0.872704896372367,180,"Kpna2/Gypa/Ccl5/Dek/Top2a/Tfrc/Pcsk5/Slc20a2/Itgb6/Ifitm1/Ifit1bl1/Icam1/Itgb3/Nectin3/Nmt2/Smc5/Stom/Cnot7/Cd55/Smc6/Tyro3/Stau1/Isg15/Mavs/N4bp1/Zfyve1/Ifih1/Ppid/Mitd1/Npc1/Rab7/Oas1g/Nucks1/Tnf/Hmgb1/Pkn2/Pde12/Pdcd6ip/Chmp2b/Pikfyve/Trim25/Hacd3/Zc3hav1/Prox1/Nedd4/Chmp7/Ctbp1/Hs3st5/Cdk1/Chmp1b"
"GOBP_PRESYNAPTIC_MODULATION_OF_CHEMICAL_SYNAPTIC_TRANSMISSION",0.838416723783413,0.96291845532268,0.0147408900777709,-0.257517177361056,-0.716092149700149,16,"Drd1/Grin3a"
"GOBP_CARDIAC_EPITHELIAL_TO_MESENCHYMAL_TRANSITION",0.839411174305788,0.963698285420587,0.0143769060130221,-0.243484367199417,-0.732565205543498,22,"Pdcd4/Efna1/Msx1"
"GOBP_POSITIVE_REGULATION_OF_RESPONSE_TO_CYTOKINE_STIMULUS",0.839778129952456,0.963757395569029,0.0135902837294515,-0.218053633177381,-0.766670744035625,44,"Trim41/Usp29/Rbm47/Irf7/Cd74/Rnf185"
"GOBP_POSITIVE_REGULATION_OF_DEFENSE_RESPONSE",0.840720221606648,0.964287703860218,0.0101793433147622,-0.182308218621937,-0.85627523061002,300,"Nr1d1/Bpifb1/Trim41/Cadm1/Hsp90b1/Klk1b1/Tnip2/Ldlr/Ffar2/Pdcd4/Usp29/Lgals1/Cd1d1/Sucnr1/Rbm47/Irf7/Mapk3/Sirt2/Nop53/H2-M3/Grn/C3/Snx4/Irf5/Klk7/Rnf185/Lrrc14/Irak1/App/Letmd1/Map2k6/Sarm1/Tlr5/Vamp8/Casp6/Ptpn22/Zdhhc1/Slc15a3/Hsp90aa1/Polr3d/Ctss/Casp3/Pik3r1/Tlr3/Gpr108/Klk1/Atat1/Tlr7/Tlr9/Scimp/Parp1/Gpsm3/Trim3/Ltf/Smpdl3a/Pik3ap1/Mmrn2/Ppt1/Klk1b11/Ptger3/Unc93b1/Sec14l1/Smpdl3b/Ikbke/Trim62/Irak4/Fyn/Gsdmd/Tnip1"
"GOBP_REGULATION_OF_SIGNAL_TRANSDUCTION_BY_P53_CLASS_MEDIATOR",0.840926405607192,0.964287703860218,0.0130013689691278,-0.207484396977228,-0.790017858042584,66,"Cdk5rap3/Ppp1r15a/Msx1/Nop53/Cd74/Aars/Ubb/Rpl11/Map2k6/Rps15/Rpl37/Stk11/Bop1/Sox4/Hipk4/Pml/Hic1/Dvl2/Yju2/Rffl/Hexim1/Chek2/Snai1"
"GOBP_CELL_JUNCTION_MAINTENANCE",0.841461425542326,0.964287703860218,0.0139770125707318,-0.234984588893807,-0.739208147681419,26,"Ppfia2/Cldn1/Grn/Ophn1/Whrn/Sort1/Sdf4"
"GOBP_TUBE_FORMATION",0.841502788376871,0.964287703860218,0.0124455786539963,-0.199564055907287,-0.803239160573664,91,"Folr1/Sema4c/Gata3/Sfrp2/Fuz/Tctn1/Lrp2/Cc2d2a/Ovol2/Casp3/Sufu/Cfl1/Ret/Wdr83/Spint2/Mmrn2/Bbs4/Ift122/Dvl2/Ptch1/Sfrp1"
"GOBP_NEGATIVE_REGULATION_OF_EXOCYTOSIS",0.842035251080811,0.964536067511016,0.0142452421831482,-0.239593156284689,-0.737028499971719,24,"H2-M3/Cdk5/Stxbp6"
"GOBP_RETINOIC_ACID_METABOLIC_PROCESS",0.843254920787326,0.96557113306045,0.0196069902938321,0.245698549896668,0.731274856030518,16,"Adh7/Dhrs9/Crabp2/Cyp3a13/Aldh1a3"
"GOBP_TRNA_THREONYLCARBAMOYLADENOSINE_METABOLIC_PROCESS",0.843932622894465,0.965757619995751,0.0146908389208985,-0.259189504153665,-0.708968180800535,15,"Rpusd4/Lage3/Mettl8"
"GOBP_NEGATIVE_REGULATION_OF_NUCLEOCYTOPLASMIC_TRANSPORT",0.844743276283619,0.965757619995751,0.0198590780017481,0.234530297301415,0.731975033038698,19,"Nfkbia/Cd36/Rangap1/Sumo1"
"GOBP_ADENYLATE_CYCLASE_ACTIVATING_G_PROTEIN_COUPLED_RECEPTOR_SIGNALING_PATHWAY",0.844817073170732,0.965757619995751,0.0233052491422641,0.189314892833512,0.819159439487954,78,"Adora2b/S1pr1/Gpr161/Adcy2/Adcyap1/Pde4b/Akap6/Adgrf3/Gpr157"
"GOBP_T_CELL_ACTIVATION",0.844995140913508,0.965757619995751,0.0314498749144593,0.170465041912645,0.899927679492724,305,"Vcam1/Tnfsf11/Spn/Tbx21/Kitl/Atf2/Ccl5/Mtor/Sash3/Tnfsf14/Mafb/Tfrc/Ywhag/Tnfsf4/Smad3/Ppp3cb/Socs3/Itgal/H2-Q7/Bmi1/Prkaa1/Gpam/Icam1/Jak2/Gnrh1/Zbtb1/Il4ra/Sos1/Cblb/Rorc/Lipa/Cd55/Cdk6/Igfbp2/Bcl11b/Pbrm1/Igf2/Bcl6/Cbfb/Ccr9/Kat7/Tcf7/Coro1a/Srf/Ppp3ca/Tbk1/Treml2/Vav1/Opa1/Sh3rf1"
"GOBP_NEGATIVE_REGULATION_OF_NEURON_APOPTOTIC_PROCESS",0.844998402045382,0.965757619995751,0.0240671352767403,0.184307374681863,0.830841870919894,97,"Fpr2/Ppargc1a/Lcn2/Ucp2/Cpeb4/Rock1/Gdnf/Fgf2/Jak2/Six4/Set/Pik3ca/Tyro3/Nr4a2/Coro1a/Gbe1/Rad21/Mecp2/Gclm/Pink1/Lig4/Bok/Il6st"
"GOBP_POSITIVE_REGULATION_OF_JNK_CASCADE",0.845885431811573,0.966239106402706,0.0225275264522709,0.192676005550873,0.810572011907884,66,"Gadd45g/Tnfsf11/Rb1cc1/Taok1/Myd88/Sh3rf2/Sh3rf1/Map2k7/Tnf/Hmgb1"
"GOBP_REGULATION_OF_BINDING",0.846052245377165,0.966239106402706,0.0123668995936201,-0.19874784734047,-0.799953946304578,91,"Gtf2b/Foxc1/Adipoq/Gpsm1/Gata3/Sirt2/Lrpap1/Pln/Camk1/Hes1/Rpl11/Tmc8/Gtf2f1"
"GOBP_CELL_SURFACE_RECEPTOR_SIGNALING_PATHWAY_VIA_JAK_STAT",0.847108603667137,0.96678160100256,0.0220246563122252,0.196997739036154,0.804511789902976,57,"Cyp1b1/Socs3/Jak2/Ociad2/Cnot7/Rac1/Stat1/Tnf/Pibf1/Il23r/Tnfrsf1a/Stat3/Ptprc/Ercc6/Adipor1/Parp9/Camk2a/Tnfrsf18/Inpp5f"
"GOBP_NEGATIVE_REGULATION_OF_PROTEOLYSIS_INVOLVED_IN_PROTEIN_CATABOLIC_PROCESS",0.847160178685386,0.96678160100256,0.013560308957968,-0.220686883225543,-0.76045595732676,40,"Trim39/Ddrgk1/Efna1/Nop53/Hsp90ab1/Ophn1/Rpl11"
"GOBP_NEGATIVE_REGULATION_OF_CATALYTIC_ACTIVITY",0.848068107400131,0.967338221490661,0.0244058606493461,0.183837846865904,0.838886356543323,104,"Gapdh/Mad2l1/Hipk3/Ywhag/Reck/Fbxo5/Plin5/Gskip/Cdkn1a/Apc/Rdx/Ptpn1/Dtx3l/Heg1/Serpinb3a/Ednrb/Dffa/Abce1/Oxa1l/Ppp1r12a/Deptor/Ptprc"
"GOBP_LUNG_MORPHOGENESIS",0.848281209614888,0.967338221490661,0.0206433319268268,0.215035245362281,0.75170692921151,29,"Map2k1/Srf/Id1/Tnf/Tbx2/Foxp2/Cdc42/Yap1/Rdh10/Hhip/Nfib"
"GOBP_RRNA_MODIFICATION",0.848906560636183,0.96769012788938,0.0200315439582317,0.228764467057249,0.742899214476334,22,"Fdxacb1/Zcchc4/Mettl16/Mrm1/Dkc1"
"GOBP_CRANIAL_NERVE_MORPHOGENESIS",0.850407055630936,0.968929585548522,0.0143884116717916,-0.251396712025514,-0.718742203763769,18,"Chrnb2/Egr2/Ephb2/Ephb1"
"GOBP_WNT_SIGNALING_PATHWAY",0.850628199162401,0.968929585548522,0.0305088425715827,0.170774564774688,0.890766392995242,274,"Ppp2ca/Wnt9a/Smad4/Prkaa2/Shisa2/Reck/Tnks2/Aspm/Mitf/Fzd6/Kpna1/G3bp1/Smad3/Cdc73/Fgf2/Frat2/Prkaa1/Gskip/Ube2b/Prdm15/Apc/Magi2/Tnfaip3/Rbpj/Rnf146/Zbtb33/Ppp2r3a/Rac1/Strn/Igfbp2/Ppm1b/Fzd4/Rbms3/Csnk1a1/Wif1/Nr4a2/Zranb1/Peg12/Tcf7/Lgr5/Ndrg2/Tmem170b/Rnf14/Fzd3/Sdhaf2/Wnk1/Ror1/Usp34/Wnt10a/Rtf1/Spin1/Smurf2/Ednrb/Csnk2a1/Senp2/Mcc/Celsr3/Grk6/Prickle1/Kremen1/Gpc3/Cdc42/Yap1/Ppm1a/Grem1/Nphp3/Csnk1g3"
"GOBP_DNA_SYNTHESIS_INVOLVED_IN_DNA_REPAIR",0.85213717693837,0.969995883821392,0.0199737854288504,0.227809163226432,0.739796921210997,22,"Dtl/Rev1/Zbtb1/Rrm2b/Rev3l/Usp10"
"GOBP_POSITIVE_REGULATION_OF_MAP_KINASE_ACTIVITY",0.852228047182176,0.969995883821392,0.0138571766778775,-0.234386662532855,-0.731045346011729,25,"Diras2"
"GOBP_NEGATIVE_REGULATION_OF_INTRACELLULAR_SIGNAL_TRANSDUCTION",0.852632847331004,0.969995883821392,0.00927572893239966,-0.179357969811436,-0.866314351883907,409,"Nr1d1/Fbp1/Insig1/Calr/Hspa5/Cdk5rap3/Trim67/Hyou1/Sfrp5/Anxa4/Epha7/Adipoq/Prkar2b/Pycr1/Tnip2/Itfg2/Xbp1/Trim39/Ddrgk1/Mapk8ip1/Pdcd4/C1qtnf3/Lox/Sfrp2/Ppp1r15a/Arhgap42/Kctd10/Tmbim6/Mapk3/Selenos/Rnf167/Sirt2/Efna1/Nop53/H2-M3/Cgnl1/Otud3/Cd74/Tcf7l2/Irak1/Sirt7/Rtkn2/Aars/Arhgap12/Dhrs3/Stambp/Tmc8/Creb3/Arntl/Ptpn22/Pmepa1/Trib3/Sec13/Cnot2/Lztr1/Ovol2/Vps18/Prnp/Chrna7/Pde11a/Ppia/Ephb2/Usp49/Stk11/Kptn/Tlr9/Syvn1/Parp1/Rasip1/Aplnr/Nprl2/Grina/Creb3l1/Dusp4/Gba/Cib1/Pebp1/Ptpn6/Smpdl3a"
"GOBP_PROTEIN_TETRAMERIZATION",0.852907961603614,0.969995883821392,0.0219306735573259,0.197695135110903,0.801957837811388,56,"Kcnc1/Cpsf7/Gbp5/Gls/Kcnj2/Rrm2/Homer1/Farsb/Trp63"
"GOBP_POSTSYNAPSE_ORGANIZATION",0.853151862464183,0.969995883821392,0.0258040201047812,0.177674604120015,0.858246985561747,149,"Map1b/Arc/Abi2/Gdnf/Igf1r/Sh3gl2/Homer1/Itgb3/Pum2/Nectin3/Pafah1b1/Rac1/Itpka/Arhgef15/Rtn4/Lrrc4b/Enah/Neurl1a/Actn2/Ptpn1/Chrnb1/Camk2b/Caskin1/Etv5/Slitrk3/Nptx1/Crmp1/Shank3/Slc7a11/Nrcam/Stau2/Chmp2b/Glrb/Crkl/Prickle1/Lrrc4/Cdc42/Slc30a1"
"GOBP_POSITIVE_REGULATION_OF_PHOSPHORYLATION",0.854243542435424,0.97061007906391,0.0262896784960543,0.175448415497613,0.858464406153371,162,"Irgm2/Thbs1/Tpx2/Rock2/Areg/Adcyap1/Tigar/Cnot9/Ect2/Pik3r5/Tcim/Fgf2/Jak2/Cab39/Kctd20/Apln/Cdkn1a/Stradb/Ereg/Rac1/Mrnip/Acvr2a/Xrcc5/Map2k1/Pfn2/Il34/Tnfrsf10b/Nrg1/Ptpn1"
"GOBP_OOCYTE_DIFFERENTIATION",0.854742827604032,0.97061007906391,0.020526848168626,0.214083226277933,0.748378919697345,29,"Ccnb1/Zfx/Fbxo5/Ereg/Lgr5"
"GOBP_SYNAPSE_ORGANIZATION",0.854880613633552,0.97061007906391,0.00964916811323518,-0.180341518295439,-0.857067669556133,338,"Rab39b/Drd1/Cntn2/Ppfia2/Gabra3/Epha7/Thbs2/Eef2k/Lnx1/Gabra4/Sncg/Sema4c/Ntn1/Slc1a1/Sparc/Pdxp/Myh10/Clstn3/Sez6l/Chrnb2/Cttnbp2/Efna1/Cln3/Clstn1/Grn/Cdk5/Slc18a3/C3/Camk1/Syn2/Nckipsd/Dixdc1/Reln/Cx3cr1/App/Arf4/Ophn1/Arhgap12/Lgi2/Nedd4l/Sarm1/Sipa1l1"
"GOBP_NEGATIVE_REGULATION_OF_CELL_ACTIVATION",0.854962920707359,0.97061007906391,0.0117934989058784,-0.193287905690975,-0.810654087069351,120,"Nr1d1/Ldlr/Enpp3/Lgals1/Mertk/Pla2g2d/H2-M3/Grn/Jak3/H2-Eb1/Id2/Cd74/Gpnmb/Ptpn22/Cygb/Prnp/Tnfrsf21/Casp3/Vtcn1/Scgb1a1/Sox11/Adamts18/Pkn1/Ptpn6/Arg2/Vsir/Cd9/Nos3"
"GOBP_POSITIVE_REGULATION_OF_PROTEIN_UBIQUITINATION",0.855582897569979,0.97095310255434,0.0128861243438118,-0.205911321318352,-0.769445254340706,59,"Hspa5/Cdk5rap3/Derl1/Fbxo4/Gabarap/Ubb/Ptpn22/Trib3"
"GOBP_POSITIVE_REGULATION_OF_PROTEIN_LOCALIZATION_TO_NUCLEUS",0.856095325389551,0.971173865230255,0.012779451834213,-0.204829581009788,-0.771032330908105,61,"Cdk5rap3/Ormdl3/Xbp1/Mcrs1/Chp2/Tcf7l2/Hsp90aa1/Eif2ak3/Pik3r1/Stk11/Parp1/Sox7"
"GOBP_POSITIVE_REGULATION_OF_DNA_BIOSYNTHETIC_PROCESS",0.858102868958387,0.972611471685723,0.0204667120238331,0.213423108819204,0.746071321856891,29,"Rfc4/Tnks2/Fgf2/Dkc1/Tnf/Pot1a/Nox4"
"GOBP_INNER_EAR_RECEPTOR_CELL_DEVELOPMENT",0.858117991223793,0.972611471685723,0.01364219596761,-0.230140114882117,-0.73115517906892,27,"Ift20/Triobp/Hes1/Fzd2/Tprn/Whrn/Slitrk6/Slc9a3r1/Adgrv1/Ift88/Otogl"
"GOBP_REGULATION_OF_RECEPTOR_SIGNALING_PATHWAY_VIA_JAK_STAT",0.85854206807964,0.972611471685723,0.0134599077880542,-0.221319907582188,-0.739155561809382,34,"Socs2/Ghr/Jak3/Hes1/Prlr/Wdr48/Ephb2/Il10rb/Dab1"
"GOBP_PYRIMIDINE_DEOXYRIBONUCLEOTIDE_METABOLIC_PROCESS",0.858636052090473,0.972611471685723,0.0143970469252581,-0.25156187889519,-0.699531924381475,16,"Upp2/Tymp/Dpyd/Ogg1"
"GOBP_NEGATIVE_REGULATION_OF_TELOMERE_MAINTENANCE_VIA_TELOMERE_LENGTHENING",0.859605087014726,0.973348236037801,0.0140386975456197,-0.238804073303615,-0.711845262517621,21,"Terf1/Mcrs1/Stn1/Parp1/Sox7/Pml"
"GOBP_PROTEIN_AUTOPHOSPHORYLATION",0.86015948021264,0.973615121174367,0.0122155943107564,-0.198250308717553,-0.784185197609326,81,"Epha7/Eef2k/Adipoq/Stk39/Mapk3/Pim1/Dapk1/Nek6/Irak1/Map3k21/Map3k13/Fgfr4/Ephb1/Flt4/Stk11"
"GOBP_NEGATIVE_REGULATION_OF_CHEMOTAXIS",0.861083249749248,0.974299751105167,0.0199516428457096,0.220604086713,0.735736928959489,24,"Thbs1/Robo2/Tnfaip6/Angpt2/Grem1/Slit2/Sema3f/Robo1/Nrp1/Hdac6/Cxcl13"
"GOBP_REGULATION_OF_TELOMERE_MAINTENANCE",0.864481842338353,0.977489759873292,0.0224242050553813,0.189394340439228,0.804080415055116,70,"Mre11a/Atrx/Tnks2/Dcp2/Smc5/Smc6/Ten1/Xrcc5/Dkc1/Ctc1/Map2k7/Slf2/Xrn1/Yy1/Smg5/Pnkp/Pot1a"
"GOBP_ORGANELLE_TRANSPORT_ALONG_MICROTUBULE",0.865507246376812,0.977489759873292,0.0221140852246087,0.190090940734282,0.794267450563825,64,"Map1b/Ap3b2/Pafah1b1/Fyco1/Bicd1/Kif5b/Spast/Map2k1/Opa1/Borcs5/Kif1b/Trak2/Map1s/Cdc42/Arhgap21/Bloc1s6/Bloc1s4/Bloc1s5/Tmem201"
"GOBP_POSITIVE_REGULATION_OF_PHOSPHORUS_METABOLIC_PROCESS",0.866186858589897,0.977489759873292,0.0105904689245155,-0.183943141819597,-0.825825172506043,195,"Diras2/Angpt4/Adora1/Odam/Mmd/Adipoq/Xbp1/Ddrgk1/Slc4a4/Zfp622/Pim1/Efna1/Enpp2/Mydgf/C3/H2-Eb1/Camk1/Hes1/Chp2/Ang/Cd74/App/Prlr/Rspo1/Pid1/Tpd52l1/Ppia/Tlr3/Wee2/Flt4/Stk11/Htr2b/Tnfsf15/Spata18/Tnk2/Cib1/Adcyap1r1/Ltf"
"GOBP_NATURAL_KILLER_CELL_DIFFERENTIATION",0.866650234163175,0.977489759873292,0.019594090913641,0.228609394987755,0.721603209361597,20,"Nfil3/Zbtb1/Tyro3/Kat7"
"GOBP_REGULATION_OF_CANONICAL_WNT_SIGNALING_PATHWAY",0.86676875957121,0.977489759873292,0.011234016054238,-0.188128706785961,-0.812161701608746,146,"Folr1/Sulf2/Sfrp5/Ift20/Dkk2/Sfrp2/Fuz/Sox10/Amer2/Tcf7l2/App/Plekha4/Nkd1/Tpbgl/Rspo1/Tmem9/Col1a1/Arntl/Jade1/Lzts2/Stk11/Draxin/Bicc1/Nle1/Igfbp4/Sox4/Zbed3/Csnk1g2/Ruvbl1/Dapk3/Sox2/Csnk1d/Otud5/Tmem88b/Cdk14/Nkd2/Sfrp1/Vcp/Tbx18/Ccdc88c/Tle2"
"GOBP_MESENCHYME_DEVELOPMENT",0.867366155501749,0.977489759873292,0.0107094115745856,-0.184664563584349,-0.822001345324239,183,"Folr1/Foxc1/Foxd1/Aplf/Sema4c/Pdcd4/Gata3/Sfrp2/Fuz/Mapk3/Sox10/Wt1/Nrtn/Efna1/Msx1/Acta2/Hes1/Hnrnpab/Tcf7l2/Col1a1/Loxl2/Foxc2/Ovol2/Cul7/Dchs1/Cfl1/Htr2b/Ret/Aplnr/Ednra/Sox4/Ext1/Mcrip1/Dsg2/Otud5/Nos3/Trim62/Tcof1/Bcl9l/Zfp36l1/Sfrp1/Tcf15/Adam8/Ncln/Sema4g/Exoc4/Sdcbp/Snai1/Sema4b/Sema5b/Taf10/Wnt16"
"GOBP_MESENCHYME_MORPHOGENESIS",0.86745371612557,0.977489759873292,0.0208749088409662,0.204025730706078,0.760037359073541,39,"Smad4/Smad3/Eng/Apc/Rbpj/Robo2/Mdm4/Nckap1/Tbx2/Acta1/Bmp2/Heyl/Msx2/Snai2/Mdm2/Robo1"
"GOBP_NEGATIVE_REGULATION_OF_REACTIVE_OXYGEN_SPECIES_METABOLIC_PROCESS",0.867498051441933,0.977489759873292,0.0203793488435391,0.215023071647781,0.736089928275094,27,"Tigar/Plin5/Vdac1/Slc18a2/Ppara/Stat3/Pink1"
"GOBP_REGULATION_OF_RECEPTOR_RECYCLING",0.86754626456477,0.977489759873292,0.0142480918228583,-0.248911828349816,-0.692162783373881,16,"Ldlr/Anxa2/Tbc1d16/Lamtor1/Arap1/Scrib/Psen1/Chmp5"
"GOBP_POSITIVE_REGULATION_OF_ORGANIC_ACID_TRANSPORT",0.86774247213442,0.977489759873292,0.0138183655361519,-0.233213536869009,-0.709725678858364,23,"Acsl5/Abat/Slc7a5/P2rx4/Cltrn"
"GOBP_NEGATIVE_REGULATION_OF_DNA_BIOSYNTHETIC_PROCESS",0.86813922356091,0.977489759873292,0.013896088029713,-0.236420441927609,-0.704739953637728,21,"Adipoq/Terf1/Stn1"
"GOBP_MESENCHYMAL_CELL_DIFFERENTIATION",0.868377253814147,0.977489759873292,0.0111505161766577,-0.187492616014873,-0.811883740477172,149,"Folr1/Foxc1/Aplf/Sema4c/Pdcd4/Gata3/Sfrp2/Fuz/Mapk3/Sox10/Nrtn/Efna1/Msx1/Hes1/Hnrnpab/Tcf7l2/Col1a1/Loxl2/Foxc2/Ovol2/Cul7/Cfl1/Htr2b/Ret/Ednra/Ext1/Mcrip1/Dsg2/Otud5/Trim62/Tcof1/Bcl9l"
"GOBP_MECHANORECEPTOR_DIFFERENTIATION",0.869331902334317,0.977489759873292,0.0208415567486796,0.203667445756247,0.7587026747368,39,"Fgf2/Slc4a7/Pafah1b1/Elmod3/Rbpj/Ush1g/Rac1"
"GOBP_RESPIRATORY_CHAIN_COMPLEX_IV_ASSEMBLY",0.869459327812957,0.977489759873292,0.0193641858152283,0.229894390599163,0.706638592429452,18,"mt-Co3/Timm21"
"GOBP_L_ALPHA_AMINO_ACID_TRANSMEMBRANE_TRANSPORT",0.869517842549714,0.977489759873292,0.0210721050184816,0.199581180461759,0.775410283051017,46,"Ucp2/Slc38a2/Slc17a7/Slc25a22/Slc6a20a/Slc1a3/Slc25a12/Slc38a9/Tnf/Slc47a1/Slc7a11"
"GOBP_REGULATION_OF_POSTSYNAPSE_ORGANIZATION",0.869826827120634,0.977489759873292,0.0119612081705893,-0.19529322208918,-0.786049186380117,91,"Ppfia2/Epha7/Eef2k/Sema4c/Efna1/Cdk5/Nckipsd/Reln/App/Arf4/Arhgap12/Sipa1l1/Nedd8/Prnp/Ephb2/Sigmar1/Cfl1/Cdkl5/Zdhhc15/Lrfn1/Fyn/Cdk5r1/Zmynd8"
"GOBP_EAR_DEVELOPMENT",0.869996578857338,0.977489759873292,0.0247083865417471,0.177668667176367,0.833583652080663,124,"Bcl2l11/Ahi1/Mafb/Myo3b/Fzd6/Fgf2/Eya1/Nipbl/Six4/Slc4a7/Nectin3/Pafah1b1/Cep290/Elmod3/Rbpj/Ush1g/Rac1/Tshz1/Lin7a/Anp32b/Lgr5/Gjb6/Fzd3/Ror1/Aldh1a3/Kcnq4/Cecr2/Tbx2/Gabrb3/Lrig3/Tbx1/Prox1/Eya4/Jag2/Rdh10/Bmp2/Bloc1s5/Diaph3/Strc"
"GOBP_REGULATION_OF_CELLULAR_RESPONSE_TO_VASCULAR_ENDOTHELIAL_GROWTH_FACTOR_STIMULUS",0.870709095464796,0.977489759873292,0.0197715654337766,0.221663356837675,0.729163883165429,23,"Itgb3/Sema6a/Jcad/Grem1/Prox1/Atp2b4/Itga5/Robo1"
"GOBP_REGULATION_OF_TUMOR_NECROSIS_FACTOR_MEDIATED_SIGNALING_PATHWAY",0.870745022479127,0.977489759873292,0.0132556733812227,-0.218733044522771,-0.730516057849272,34,"Anxa4/Adipoq/Tmc8/Ext1/Pias3/Cdk5r1/Gas6/Rffl/Ube2k/Otulin/Ripk1"
"GOBP_REGULATION_OF_RESPONSE_TO_CYTOKINE_STIMULUS",0.870781099324976,0.977489759873292,0.0236713261107972,0.182608637063792,0.827670943859294,100,"Irgm2/Spata2/Ythdf3/Ccl5/Usp25/Pafah1b1/Tnfaip3/Cnot7/Irak3/Isg15/Mavs/Nlrc5/Dhx9/Ifih1/Tbk1/Ptpn1/Oas1g/Med1/Tnfrsf1a/Ptprc/Nrd1/Il6st/Ythdf2/Cd300lf/Casp8/Trim56/Zbp1"
"GOBP_PROGRAMMED_NECROTIC_CELL_DEATH",0.870824634655532,0.977489759873292,0.0203885156611655,0.20859265218277,0.734960169674758,30,"Spata2/Tnf/Peli1/Bok/Ogt/Casp8/Zbp1/Ybx3/Ripk3/Bax/Alkbh7/Nol3"
"GOBP_NEGATIVE_REGULATION_OF_LEUKOCYTE_MEDIATED_IMMUNITY",0.870941776227529,0.977489759873292,0.0208130414601378,0.203161630934959,0.756818411611646,39,"Spn/Tbx21/Ppp3cb/H2-Q7"
"GOBP_COLLATERAL_SPROUTING",0.872860635696821,0.97928359972596,0.0193641858152283,0.227157405953033,0.708964051300222,19,"Fgf13/Crabp2/Nin/Fstl4/Lpar3/Efna5"
"GOBP_REGULATION_OF_SYNAPSE_ASSEMBLY",0.873564888824299,0.979713926342964,0.0117542474162741,-0.192610243568617,-0.786262137893592,98,"Epha7/Thbs2/Eef2k/Sema4c/Ntn1/Clstn3/Chrnb2/Clstn1/Nckipsd/App/Arhgap12/Srpx2/Flrt1/Nedd8/Ephb2/Ephb1/Sigmar1"
"GOBP_NEGATIVE_REGULATION_OF_STEM_CELL_DIFFERENTIATION",0.874573794447151,0.980202100099956,0.0192759250511193,0.227979996454274,0.700754217519853,18,"Hspa9/Stat3/Prickle1/Ythdf2/Yap1/Cdk13/Ezh2"
"GOBP_NEGATIVE_REGULATION_OF_IMMUNE_EFFECTOR_PROCESS",0.875246025738077,0.980202100099956,0.0123264268719769,-0.19956475216315,-0.767231083576998,69,"Enpp3/Lgals1/Slamf8/Tmbim6/Mapk3/H2-M3/Grn/Jak3/Bst2/Cx3cr1"
"GOBP_PROTEIN_LOCALIZATION_TO_CELL_JUNCTION",0.875246025738077,0.980202100099956,0.0123264268719769,-0.199551088204617,-0.767178552187572,69,"Tjp3/Lamtor2/Ildr1/Clstn3/Clstn1/Cdk5/Zdhhc7/Cgnl1/Reln/Gabarap/Arhgef18/Neto2/Dsg2/Zdhhc15/Tmem108/Dlg4/Kif5c/Grin2a/Hras/Hepacam/Mapk8ip3"
"GOBP_INFLAMMATORY_RESPONSE_TO_ANTIGENIC_STIMULUS",0.875936852176686,0.980202100099956,0.0130698499501857,-0.215595189781966,-0.728596495014628,36,"Gata3/Pla2g2d/Selenos/Furin/C3/H2-Eb1/Il5ra/Cd68/Ext1/Plcg1"
"GOBP_NON_CANONICAL_WNT_SIGNALING_PATHWAY",0.876164902858948,0.980202100099956,0.0129279385303377,-0.209075696403136,-0.741896837942869,46,"Sfrp5/Sfrp2/Arhgef19/Plekha4/Nkd1/Fzd2/Fzd8/Csnk1d/Dvl2/Sfrp1/Fzd5/Ccdc88c"
"GOBP_MONONUCLEAR_CELL_DIFFERENTIATION",0.876172607879925,0.980202100099956,0.0301063950760249,0.168536516944683,0.884455527157472,289,"Vcam1/Spn/Tbx21/Inhba/Nfil3/Atf2/Mtor/Sash3/Vps13a/Ucp2/Mafb/Tnfsf4/Itgb6/Ppp3cb/Socs3/Ccdc39/Large1/H2-Q7/Bmi1/Il33/Zbtb1/Il4ra/Dock11/Sos1/Hdac4/Rorc/Lipa/Rbpj/Cdk6/Klf6/Tyro3/Bcl11b/Myd88/Pbrm1/Cebpg/Bcl6/Cbfb/Ccr9/Kat7/Tcf7/Srf/Il34/Tbk1/Vav1/Opa1/Sh3rf1/Med1/Il6ra"
"GOBP_CARDIAC_CONDUCTION_SYSTEM_DEVELOPMENT",0.876246132691647,0.980202100099956,0.0141486827935973,-0.249099368543863,-0.681368355295755,15,"Msx1/Id2/Shox2/Dsg2/Cacna1g/Tbx18"
"GOBP_CELL_CELL_JUNCTION_ORGANIZATION",0.877591312931886,0.980772141361653,0.0112411878439466,-0.188464189689029,-0.797681470803223,127,"Bhlha15/Tmigd1/Cldn1/Gjb1/Cldn11/Tjp3/Ildr1/Ugt8a/Pkp2/Ace/Cldn10/Cdh24/Rhoc/Tbcd/Cdh11/Ephb2/Pard6b/Cldn8/Aplnr/Ext1/Myo1c/Whrn/Dsg2/Cd9/Cdh10"
"GOBP_VASCULAR_ASSOCIATED_SMOOTH_MUSCLE_CONTRACTION",0.877621175661739,0.980772141361653,0.0141260548565526,-0.248915238195342,-0.680864698488172,15,"Arhgap42/Acta2/Ednra/P2rx1/Comp"
"GOBP_EPITHELIAL_TUBE_MORPHOGENESIS",0.877718832891247,0.980772141361653,0.0103149637224097,-0.182425120569462,-0.820927988992654,198,"Folr1/Cited1/Maged1/Epha7/Foxd1/Sema4c/Ntn1/Gata3/Ctsz/Sfrp2/Fuz/Wt1/Sox18/Tctn1/Lrp2/Hes1/Cc2d2a/Casr/Lama1/Foxc2/Ovol2/Tfap2c/Casp3/Dchs1/Sufu/Lzts2/Cfl1/Ret/Rasip1/Aplnr/Wdr83/Ednra/Adamts12/Ext1/Greb1l/Spint2/Mmrn2/Ccdc103/Pml/Bbs4/Ift122/Dvl2/Ptch1/Sfrp1/Bsg/Stox1/Ddr1/Fgf1/Col4a1/Lrp5"
"GOBP_REGULATION_OF_ENDOTHELIAL_CELL_MIGRATION",0.87819253438114,0.980942666374545,0.0238342039568971,0.179370118818512,0.827368201771391,111,"Rhob/Thbs1/Rock2/Stc1/Lcn2/Ptgs2/Vegfc/Fgf2/Itgb3/Rac1/Akt3/Krit1/Atp5a1/Adamts9/Pik3c2a/Tnf/Hmgb1/Atp5b/Mecp2/Jcad/Angpt2/Grem1/Prox1/Sp1/Map2k3/Gab1/Kdr/Atp2b4"
"GOBP_REGULATION_OF_LAMELLIPODIUM_ORGANIZATION",0.8795316008983,0.981773700159914,0.0130962655887481,-0.217088251960493,-0.720466546491575,33,"Brk1/Vil1/Enpp2/Hsp90aa1/Pik3r1/Cfl1/Coro1b"
"GOBP_REGULATION_OF_CELL_MORPHOGENESIS",0.879579252811026,0.981773700159914,0.0255019016562188,0.172997802759747,0.840407815238911,154,"Fgr/Myo9a/Arc/Ostn/Mkln1/Hck/Pafah1b1/Brwd1/Fgd6/Plaa/Rab21/Larp4/Cldn4/Ccl7/Rac1/Itpka/Rdx/Fzd4/Camsap1/Bves/Zranb1/Zmym6/Rhobtb1/Coro1a/Fgd5/Rhoq/Camk2b/Zmym4/Cacng7/Stau2/Dmtn/Slc30a1/Prpf40a/Cdc42ep3/Fmnl2/Kdr/Atp10a/Crk/Limd1/Fgd4/Atg16l1/Fgd3/Efna5/Parvb/Itgb2/Rhoj/Fitm2/Rhobtb2/Strip2/Macf1/Dlg1/Cdc42se2/Caprin2/Rac2/Mul1/Coro1c"
"GOBP_PLATELET_ACTIVATION",0.879926108374384,0.981802140644172,0.0228092436482183,0.182437379231181,0.805406021640374,85,"Plek/Fzd6/Jak2/Itgb3/Selp/Thbd/Pik3ca/Dgkh/Metap1/Mfsd2b/Tyro3/Srf/Rap2b/Vav1/Adamts13/Il6ra/Dgke/Gp5/Slc7a11"
"GOBP_PROTEIN_NEDDYLATION",0.880521361332368,0.982020202632832,0.0190394964097323,0.22778133674531,0.690221066319247,17,"Epas1/Cops7b/Cops3"
"GOBP_STEM_CELL_DIFFERENTIATION",0.880764437058579,0.982020202632832,0.010915975055817,-0.185580554568431,-0.805471312187764,153,"Bglap3/Folr1/Foxc1/Ltbp3/Sema4c/Ace/Sfrp2/Mapk3/Sox10/Nrtn/Msx1/Sox18/Hes1/Ndufs6/Mbd3/Epcam/Zfp36l2/Mta3/Foxc2/Ovol2/Tfap2c/Cfl1/Htr2b/Runx2/Ret/Ednra/Ext1"
"GOBP_REGULATORY_NCRNA_PROCESSING",0.881634819532909,0.982632022500196,0.0204574864805362,0.205740533657383,0.739900830785928,33,"Smad3/Ncbp1/Pum2/Ago2/Exd1/Stat3/Tdrd9"
"GOBP_INTERMEMBRANE_LIPID_TRANSFER",0.882736156351791,0.983500713951394,0.019564044890536,0.217522460162777,0.715542361131608,23,"Atg2b/Uhrf1bp1l/Osbpl8/Stard7/Tnfaip8l3/Pitpnc1"
"GOBP_REGULATION_OF_SODIUM_ION_TRANSPORT",0.884124231436229,0.984490135779963,0.0127690809820734,-0.206015292928138,-0.734689491168722,47,"Fxyd3/Pkp2/Stk39/Prss8/Nedd4l/Tesc/Nkain4/Sptbn4/P2rx4/Nos3/Actn4/Commd1/Gpd1l/P2rx7/Fxyd1/Slc9a3r1/Nkain2/Atp1a1/Akt1/Wnk4"
"GOBP_RESPONSE_TO_GROWTH_FACTOR",0.884268717702199,0.984490135779963,0.00864663501539556,-0.176246948765049,-0.853275519239168,422,"Bglap3/Folr1/Cited1/Hspa5/Selenon/Sulf2/Kl/Col3a1/Foxc1/Htra3/Cldn1/Ltbp3/Eef2k/Ltbp2/Xbp1/Fam20c/Foxd1/Pdcd4/Gata3/Tmem119/Lox/Sfrp2/Fuz/Mapk3/Furin/Msx1/Vil1/Acta2/Lrp2/Hsp90ab1/Hes1/Casr/Gdf10/App/Meis2/Acvr1c/Ext2/Col1a1/Zfp36l2/Lpxn/Flrt1/Cdkn2b/Pmepa1/Gdf5/Htra1/Shc1/Ovol2/Col4a2/Rnf165/Casp3/Smoc2/Fgfr4/Sorl1/Cfl1/Brms1/Flt4/Stk11/Runx2/Parp1/Scgb1a1/Slc2a10/Sox11/Coro1b/Col1a2/Snx6/Adamts12/Ext1/Creb3l1/Cib1/Myo1c/Plcg1/Sort1/Sox2/Spint2/Wwox/Mmrn2/Tmem108/Fgf22/Hyal1/Vtn/Fstl5/Bcl9l/Pml/Fyn/Prdm16"
"GOBP_B_CELL_PROLIFERATION",0.885477048409839,0.984901076165235,0.01265541871315,-0.202339570489211,-0.739407185220681,53,"Card11/Chrnb2/Cd74/Prlr/Cd19/Ephb2/Tnfrsf21/Casp3/Cd40/Tlr9/Nfatc2/Pkn1"
"GOBP_POSTSYNAPTIC_SPECIALIZATION_ORGANIZATION",0.885891556514702,0.984901076165235,0.0206339723048616,0.200546185388769,0.739261867221502,37,"Itgb3/Lrrc4b/Caskin1/Slitrk3/Nptx1/Shank3/Crkl/Prickle1/Lrrc4/Slc30a1/Arf6/Crk/C1ql3"
"GOBP_CYTOSKELETON_DEPENDENT_INTRACELLULAR_TRANSPORT",0.886095291012641,0.984901076165235,0.0108712284957909,-0.185384217616089,-0.797432238691185,141,"Ppfia2/Ift81/Ap3m2/Ift20/Cep131/Fuz/Hook1/Dync2li1/Nme7/Cln3/Armcx3/App/Lca5l/Ap3m1/Arl8a/Ubb/Ap3d1/Ap3s1/Ift43/Bloc1s3/Borcs8/Stk11/Myo1c/Tub/Tmem108/Ift122/Arl3/Kif5c/Cdr2l/Kxd1/Actn4/Ccdc88c/F8a/Rpgr/Kif21a/Mapk8ip3/Ttc21b/Ift88/Copg2/Ap3s2/Bloc1s2/Pex14/Ift172/Hspb11"
"GOBP_REGULATION_OF_CARDIAC_MUSCLE_CELL_ACTION_POTENTIAL",0.886928429423459,0.984901076165235,0.0193684045229661,0.217289808480995,0.70563593249754,22,"Fgf13/Dsc2/Tmem161b/Ryr2"
"GOBP_RESPONSE_TO_RETINOIC_ACID",0.8871116579514,0.984901076165235,0.0123593039663968,-0.199431767911032,-0.745232590425053,59,"Mest/Ankk1/Slc10a3/Rbp4"
"GOBP_REGULATION_OF_PROTEIN_TARGETING",0.887891156462585,0.984901076165235,0.0207326073410746,0.191894461785922,0.762223887274421,50,"Npepps/Prkaa1/Tomm70a/Itgam/Stom/Sh3glb1/Sae1/Ube2d3/Pink1/Dmtn/Huwe1/Tcaf1/Ube2l3/Ablim3/Itgb2/4930550C14Rik/Itgb1bp1/Erbb2/Rac2/Fbxw7/Lrrk2/Akt2"
"GOBP_REGULATION_OF_CELL_SHAPE",0.887931034482759,0.984901076165235,0.0226648152822933,0.181226683119113,0.800061163349023,85,"Fgr/Mkln1/Hck/Brwd1/Fgd6/Ccl7/Rac1/Rdx/Bves/Rhobtb1/Coro1a/Fgd5/Rhoq/Dmtn/Prpf40a/Cdc42ep3/Fmnl2/Kdr/Atp10a/Crk/Limd1/Fgd4/Fgd3/Parvb/Itgb2/Rhoj/Rhobtb2/Strip2/Dlg1/Cdc42se2"
"GOBP_NEGATIVE_REGULATION_OF_DEVELOPMENTAL_GROWTH",0.888090028133792,0.984901076165235,0.0125783529617436,-0.2010758435533,-0.73756259223283,54,"Socs2/Epha7/Rbp4/Ntn1/Cdk5/Cfl1/Rnf6/Draxin/Adrb1/Kcnk2"
"GOBP_CELLULAR_RESPONSE_TO_GAMMA_RADIATION",0.888623326959847,0.984901076165235,0.0187552009261814,0.231574667073295,0.680613471328726,15,"Cdkn1a/Xrcc5/Yap1/Mdm2/Atr/Rad51/Tlk2/Cryab/Rpl26/Tmem109/Xrcc6/Elk1/Hras/Chek2/Cyba"
"GOBP_PROTEIN_LOCALIZATION_TO_PLASMA_MEMBRANE",0.888802488335925,0.984901076165235,0.0265058069055153,0.17118664957009,0.84902635527302,178,"Slc4a1/Zdhhc23/Rock2/Atp1b1/Rab10/Fgf13/Rock1/Large1/Nectin3/Vamp4/Dennd4c/Kif5b/Fcho2/Rac1/Abca12/Picalm/Appl1/Rdx/Numb/Exoc5/Csrp3/Ppp2r5a/Wnk1/Actn2/Rab7/Rhoq/Camk2b/Tnf/Tnfrsf1a/Ehd3/Rapgef6/Ldlrap1/Tspan5/Gga3/Epha3/Slmap/Efr3a/Flot2/Wnk3/Stac2/Epm2a/Atp2b4/Arf6/Bbs2/Ank2"
"GOBP_REGULATION_OF_INTRACELLULAR_PROTEIN_TRANSPORT",0.889677139134212,0.984901076165235,0.0114284917532686,-0.189226883184171,-0.774339658376069,99,"Insig1/Edem2/Adipoq/Xbp1/Cabp1/Cep131/Os9/Sec16b/Cdk5/Camk1/Chp2/Sirt7/Derl2/Edem1/Hsp90aa1/Pik3r1/Sorl1/Sufu/Bcap31/Erlec1/Prr5l/Rapgef3/B3gat3"
"GOBP_REGULATION_OF_DEFENSE_RESPONSE",0.890440132513015,0.984901076165235,0.00827339201291532,-0.174900962233043,-0.852713709064607,464,"Nr1d1/Bpifb1/Adora1/Trim41/Cadm1/Hsp90b1/Shpk/Klk1b1/Adipoq/Tnip2/Ldlr/Calhm2/Ffar2/Enpp3/Pdcd4/Usp29/C1qtnf3/Gata3/Lgals1/Cd1d1/Sucnr1/Slamf8/Rbm47/Pla2g2d/Stk39/Irf7/C1qtnf12/Mapk3/Selenos/Pim1/Sirt2/Furin/Cma1/Nop53/H2-M3/Grn/C3/Snx4/Ptgis/H2-Eb1/Irf5/Klk7/Rnf185/Lrrc14/Irak1/Ffar4/App/Letmd1/Map2k6/Sarm1/Dtx4/Creb3/Tlr5/Serping1/Vamp8/Casp6/Ptpn22/Gigyf2/Zdhhc1/Slc15a3/Hsp90aa1/Polr3d/Ctss/Ephb2/Casp3/Pik3r1/Tlr3/Gpr108/Klk1/Ahsg/Atat1/Tlr7/Tlr9/Scimp/Parp1/Scgb1a1/Gpsm3/Bap1/Snx6/Adamts12/Gba/Plcg1/Trim3/Ptpn6/Ltf/Smpdl3a/Arg2/Pik3ap1/Mmrn2/Dsg2/Ppt1/Klk1b11/Acp5/Ptger3/Unc93b1/Sec14l1/Smpdl3b/Ikbke/Trim62/Irak4/Pml/Fyn/Gsdmd/Tnip1"
"GOBP_REGULATION_OF_CELL_FATE_SPECIFICATION",0.890684083877621,0.984901076165235,0.0139127952101653,-0.24371332993937,-0.666635775735416,15,"Sfrp2/Mbd3/Mta3"
"GOBP_REGENERATION",0.890692954479559,0.984901076165235,0.0114309037789173,-0.189410790276234,-0.776406526284394,101,"Folr1/Tec/Selenon/Sulf2/Cldn1/Cers2/Srsf5/Grn/Rps15/Thy1/Gnat1/Mmp2/Matn2/Ascl3/Cpq/Slc7a5/Sox2/Bak1/Gfap/Cd9/Vtn/Ptch1/Bcl9/Gas6"
"GOBP_INORGANIC_ION_IMPORT_ACROSS_PLASMA_MEMBRANE",0.890720390720391,0.984901076165235,0.0121879916219388,-0.198362563539849,-0.751785357948135,64,"Slc12a3/Slc12a1/Slc39a11/Stk39/Slc9a9/Kcnn4/Slc34a1/Cacna1e/Nedd4l/Kcnj15/Cacna1d/Prnp/Cacna1g/P2rx1/Fyn/Slc24a2/Scnn1g"
"GOBP_NEGATIVE_REGULATION_OF_CELLULAR_RESPONSE_TO_INSULIN_STIMULUS",0.890780513357779,0.984901076165235,0.020098528303537,0.20396004042214,0.722592351729287,31,"Mtor/Socs3/Prkaa1/Gpr21"
"GOBP_NEGATIVE_REGULATION_OF_CELL_GROWTH",0.891006207593475,0.984901076165235,0.0113634707245902,-0.188643858816912,-0.775830710947787,103,"Fbp1/Epha7/Ntn1/Cdkn2c/Sfrp2/P3h1/Wt1/Msx1/Zc3h12d/Cdk5/Bst2/Jade1/Cfl1/Rnf6/Stk11/Draxin/Ppt1/Hyal1/Btg1/Pml/Ei24/Sfrp1/Sipa1"
"GOBP_REGULATION_OF_TELOMERE_MAINTENANCE_VIA_TELOMERE_LENGTHENING",0.89111289031225,0.984901076165235,0.0128809049682495,-0.212617367353007,-0.713969412502607,35,"Terf1/Mcrs1/Stn1/Fbxo4/Hsp90aa1/Parp1/Sox7"
"GOBP_REGULATION_OF_ANIMAL_ORGAN_MORPHOGENESIS",0.891290627958346,0.984901076165235,0.0126631443521395,-0.203973807203064,-0.73033145854383,48,"Maged1/Gata3/Sfrp2/Wt1/Msx1"
"GOBP_POSITIVE_REGULATION_OF_SPROUTING_ANGIOGENESIS",0.891383055756698,0.984901076165235,0.0188559870045363,0.224704858109508,0.68089874696309,17,"Fgf2/Tjp1/Hmgb1/Jcad"
"GOBP_REGULATION_OF_EMBRYONIC_DEVELOPMENT",0.891575786312628,0.984901076165235,0.0126837631501846,-0.203266603805391,-0.733664568427951,50,"Sfrp2/Mcrs1/Msx1/Hes1/Actr5/Sgf29/Lama1/Cfl1/Zbed3/Ruvbl1"
"GOBP_REGULATION_OF_SKELETAL_MUSCLE_CONTRACTION",0.891730401529637,0.984901076165235,0.0187031143080358,0.230385834538863,0.677119412810519,15,"Kcnj2/Slc8a3/Actn3/Casq1/Kbtbd13"
"GOBP_REGULATION_OF_NEURON_PROJECTION_REGENERATION",0.892438942790231,0.985327419669012,0.0134923993868443,-0.227368383370064,-0.684077456033006,22,"Cers2/Grn/Thy1"
"GOBP_ODONTOGENESIS_OF_DENTIN_CONTAINING_TOOTH",0.89295286142204,0.985538653050698,0.0126245509516998,-0.204171584089888,-0.728114476814279,47,"Odam/Foxc1/Fam20c/Cftr/Msx1"
"GOBP_ENDOSOME_TO_LYSOSOME_TRANSPORT",0.893647281921618,0.985791728949742,0.0126476965602785,-0.205352532194116,-0.72631726459547,45,"Gprasp1/Mvb12a/Hook1/M6pr/Ubxn6/Ap3d1/Plekhf1/Vps18"
"GOBP_AUTOPHAGOSOME_ORGANIZATION",0.893827525103367,0.985791728949742,0.0116515808703196,-0.192042897640885,-0.759631592052349,81,"Arfip2/Scfd1/Ift20/Atg7/Nsfl1c/Cln3/Ap4m1/Snx4/Rnf5/Atg3/Gabarap/Ctsd/Snx7"
"GOBP_SPECIFICATION_OF_SYMMETRY",0.894784580498866,0.986491119965369,0.0119810355024004,-0.195916879162967,-0.754867859305462,70,"Folr1/Dync2li1/Nme7/Sox18/Alg5/Cc2d2a/Ovol2/Sufu/Bicc1/Aplnr/Drc1/Rpgrip1l/Ccdc103/Dvl2/Dnaaf3/Cfap45/Ncln"
"GOBP_CARDIAC_MUSCLE_CELL_ACTION_POTENTIAL_INVOLVED_IN_CONTRACTION",0.895739613654406,0.987175853606558,0.0201703841075602,0.20381272402142,0.726421740226401,32,"Kcnj2/Cacna2d1/Dsc2/Scn4b/Ryr2/Scn7a/Kcnj3/Scn9a/Ctnna3/Ank2"
"GOBP_ORGANELLE_DISASSEMBLY",0.89610594355983,0.987175853606558,0.0125732274773553,-0.203330599712186,-0.725115367496943,47,"Cdk5rap3/Ddrgk1/Saysd1/Eif2d/Zfp598/Kif19a/Gigyf2/Gtpbp2/Ttc37/Plin2/Rchy1/Klc1/Vcp/Rrp7a"
"GOBP_REGULATION_OF_PROTEASOMAL_PROTEIN_CATABOLIC_PROCESS",0.896378989552025,0.987175853606558,0.0111457541689893,-0.187224183728118,-0.783037165791426,118,"Desi1/Xbp1/Trim39/Ddrgk1/Psme2/Sirt2/Nop53/Hsp90ab1/Rnf185/Ophn1/Gabarap/Ubb/Rpl11/Rhbdf1/Psmc1/Trf/Trib3/Bcap31/Tmem259/Rnft2/Gba/Csnk1d/Rchy1/Usp5/Nub1/Nkd2/Herpud1/Vcp/Commd1/F8a"
"GOBP_VIRAL_TRANSLATION",0.897263562169947,0.987175853606558,0.018675158011353,0.227289125263665,0.676482716012735,16,"Ifit1bl1/Csde1"
"GOBP_MEMBRANE_FUSION",0.897502526346182,0.987175853606558,0.0112555384471986,-0.187201540706353,-0.769898926620716,103,"Folr1/Stx18/Ykt6/Nsfl1c/Cln3/Stxbp6/Stx7/Ctsl/Rab20/Bet1/Rab34/Vamp8/Vps18/Anxa2/Snap29/Cd9/Cltrn/Cplx2/Nkd2/Gas6/Rph3al/Syt7/Rab2a/Rufy1/Chmp6/Cav2/Vps11/Vipas39/Use1/Ankrd27/Snap47/Rab39"
"GOBP_ACTIN_FILAMENT_BUNDLE_ORGANIZATION",0.897689768976898,0.987175853606558,0.0236055792829118,0.177699454216124,0.82006680328168,112,"S1pr1/Rock2/Plek/Mtor/Synpo/Clasp2/Rock1/Smad3/Phldb2/Tjp1/Rac1/Rdx/Rhpn1/Arhgef15/Ppm1f/Srf/Pfn2"
"GOBP_MODULATION_OF_EXCITATORY_POSTSYNAPTIC_POTENTIAL",0.89773095623987,0.987175853606558,0.0129488852931448,-0.215932195390091,-0.69995256638806,30,"Reln/App/Chrna7/Grin1/Grik2/Tmem108/Dlg4/Zmynd8/Grin2a/Ptk2b"
"GOBP_RESPONSE_TO_BMP",0.898185037627269,0.987175853606558,0.0115688523513624,-0.190482578466171,-0.761297896316524,87,"Htra3/Foxd1/Pdcd4/Gata3/Tmem119/Sfrp2/Mapk3/Msx1/Lrp2/Hes1/Gdf5/Htra1/Rnf165/Sorl1/Runx2/Sox11/Adamts12/Ext1/Spint2"
"GOBP_NEGATIVE_REGULATION_OF_SIGNAL_TRANSDUCTION_BY_P53_CLASS_MEDIATOR",0.898389307745031,0.987175853606558,0.0137437953571402,-0.236800096342765,-0.658483025392686,16,"Nop53/Cd74/Aars/Yju2/Rffl/Snai1"
"GOBP_POSITIVE_REGULATION_OF_ORGANELLE_ASSEMBLY",0.898637004543318,0.987175853606558,0.0124404920065319,-0.199554579040774,-0.729230022727092,53,"Ift20/Stx18/Fuz/Snx4/Snx7/Poc1b/Cnot2"
"GOBP_REGULATION_OF_ENDOCYTIC_RECYCLING",0.89910622206944,0.987336271898684,0.0137768924151563,-0.240471293753711,-0.657767744971048,15,"Arhgap8/Sorl1/Atp9a/Commd1"
"GOBP_NEURAL_RETINA_DEVELOPMENT",0.899841521394612,0.987518108690794,0.0125886084921839,-0.205063659872238,-0.720998345214572,44,"Slc1a1/Hes1/Rpgrip1/Thy1/Gnat1/Calb1/Rpgrip1l/Thrb/Bbs4/Bsg/Fat3/Gnat2/Dll4/Sox8/Dlx2/Psen1/Ntrk2/Tspan12"
"GOBP_REGULATION_OF_CALCIUM_ION_TRANSPORT",0.9009832433181,0.987518108690794,0.0105741856356861,-0.182516327087697,-0.788201262285829,145,"Drd1/Selenon/Psen2/Tmbim6/Rem1/Pln/Hes1/Trim27/Kcnn4/Casr/Mylk/App/Gnb5/Slc8b1/Creb3/Thy1/Cd19/Cacna1d/Prnp/Grin3b/Gpr35/Tlr9/Tspan13/Aplnr/Grin1/Adcyap1r1/P2rx4/Plcg1/Ptpn6/Bak1/P2rx1/Nos3/Saraf/Pml/Fyn"
"GOBP_CELL_SURFACE_RECEPTOR_PROTEIN_TYROSINE_KINASE_SIGNALING_PATHWAY",0.901273499090358,0.987518108690794,0.00848440172361515,-0.174840563913355,-0.840912027691546,392,"Samd10/Bcar3/Sulf2/Kl/Slc27a4/Foxc1/Socs2/Efs/Epha7/Adipoq/Dok1/Anks1b/Xbp1/Fam20c/Agr2/Gata3/Ift20/Efnb3/Mertk/Ghr/Lox/Ptpn18/Mvb12a/Reps2/C1qtnf12/Fuz/Mapk3/Nrtn/Efna1/Alkal2/Vil1/Ptprt/Jak3/Arf4/Prlr/Sipa1l1/Rhbdf1/Col1a1/Ctsd/Arhgef28/Pid1/Flrt1/Ap3s1/Gigyf2/Trib3/Shc1/Mmp2/Foxc2/Col4a2/Eif2ak3/Ephb2/Casp3/Pigr/Pik3r1/Smoc2/Fgfr4/Ephb1/Sorl1/Cul7/Gfra4/Flt4/Ahsg/Runx2/Zfand2b/Ret/Shc3/Igfbp4/Snx6/Adamts12/Ext1/Creb3l1/Myo1c/Plcg1/Sort1"
"GOBP_REGULATION_OF_RUFFLE_ASSEMBLY",0.901390958768008,0.987518108690794,0.0191178037735758,0.216134202535113,0.692073902242818,21,"Icam1/Rac1/Rdx/Pfn2"
"GOBP_REGULATION_OF_GTPASE_ACTIVITY",0.901470588235294,0.987518108690794,0.0114647012398279,-0.19027801694452,-0.764213682608086,90,"Odam/Bcar3/Gpsm1/Tbc1d20/Arhgap42/Rgs6/Rgs10/Adap1/Gnb5/Sipa1l1/Thy1/Rsu1/Asap3/Tbc1d30/Lars/Rasip1"
"GOBP_VACUOLAR_TRANSPORT",0.901726618705036,0.987518108690794,0.0111362331734782,-0.185801060287842,-0.768385781818815,107,"Gprasp1/Mvb12a/Hook1/Cln3/Grn/Gnptg/Ap4m1/Slc17a9/Mfsd1/M6pr/Ap3m1/Ubxn6/Ap3d1/Vps51/Ap3s1/Plekhf1/Vps18/Sorl1/Vps37d"
"GOBP_CELL_SUBSTRATE_ADHESION",0.902001559656875,0.987518108690794,0.00958145040117534,-0.17861312986307,-0.815010776890098,225,"Msln/Calr/Ppfia2/Col5a3/Ccdc80/Col3a1/Thbs3/P4hb/Mslnl/Agr2/Pkp2/Mertk/Hsd17b12/Nid2/Efna1/Triobp/Cdk5/Cspg5/Rras/Tbcd/Col1a1/Vit/Lpxn/Thy1/Cdh11/Hacd1/Anxa2/Itgb4/Pik3r1/Ephb1/Rsu1/Tesk2/Cfl1"
"GOBP_POSITIVE_REGULATION_OF_TELOMERE_MAINTENANCE_VIA_TELOMERE_LENGTHENING",0.902485659655832,0.987518108690794,0.0185244840418459,0.227028918362224,0.667253211119215,15,"Tnks2/Dkc1/Pot1a/Cct8/Atr/Hnrnpd"
"GOBP_POSITIVE_REGULATION_OF_VASCULATURE_DEVELOPMENT",0.903137593552101,0.987518108690794,0.0111172032163461,-0.186204996737358,-0.773383773475502,111,"Angpt4/Xbp1/Sfrp2/Cma1/Mydgf/Grn/C3/Ptgis/Jmjd8/Cela1/Rras/Adm2/Foxc2/Chrna7/Smoc2/Tlr3/Cd40/Aplnr/Plcg1/Vash2/Dsg2/Rapgef3/Hyal1/Chil1/Nos3/Btg1/Pak4/Bmper/Epha1/Fut1/Fgf1"
"GOBP_ALTERNATIVE_MRNA_SPLICING_VIA_SPLICEOSOME",0.903252254714403,0.987518108690794,0.0205361261688084,0.191959865167536,0.749305215965168,47,"Celf1/Rbfox1/Ncbp1/Celf3/Rbm25/Dhx9/Rbm20/Rbm5/Tia1/Dyrk1a/Ythdc1/Rbm15b/Strap"
"GOBP_GLYCEROPHOSPHOLIPID_METABOLIC_PROCESS",0.903746945424925,0.987518108690794,0.0102252479332355,-0.180593945415819,-0.7954280946801,167,"Plch1/Pnpla3/Dbi/Ldlr/Pigk/Liph/Pi4k2b/Pla2g2d/Lcat/Abhd16a/Pigz/Cln3/Enpp2/Pnpla6/Dpm3/Mtmr7/Slc44a4/Cdipt/Sh3yl1/Pip5k1b/Pik3r1/Pigl/Htr2b/Pcyt2/Tmem86b/Spata18/Gde1/Osbpl10/Pld1/Plcg1/Mfsd2a/Gdpd1/Abhd4"
"GOBP_REGULATION_OF_VESICLE_MEDIATED_TRANSPORT",0.903748733535968,0.987518108690794,0.0309659038977966,0.165080346755787,0.880553954878737,330,"Adora2b/Fgr/Fpr2/Wdr44/Cd177/Neu3/Slc4a8/Sele/Arc/Ahi1/Vsnl1/Clasp2/Rock1/Ppp3cb/Slc17a7/Sh3gl2/Prkaa1/Mkln1/Ppp3cc/Itgb3/Cd36/Hck/Ston2/Apln/Il4ra/Rnf139/Vamp4/Pgap1/Bmp2k/Itgam/Cblb/Magi2/Rab21/Ush1g/Bicd1/Rac1/Picalm/Appl1/Rdx/Numb/Alox15/Atad1/Syt10/Bves/Ppp3r1/Dync1li1/Map2k1/Coro1a/Pfn2/Colec11/Nrg1/Ppp3ca/Actn2/Ptpn1/Rab7"
"GOBP_EXPORT_ACROSS_PLASMA_MEMBRANE",0.904032258064516,0.987518108690794,0.0202698790407726,0.193286602200789,0.734385871776632,42,"Atp1b1/Kcna2/Fxyd6/Fxyd4/Slc8a3/Slc30a2/Slc47a1/Slc30a4/Atp1a3/Slc30a1/Nedd4/Atp1a2/Fxyd7/Slc27a1/Ywhae/Dlg1/Slc35g1"
"GOBP_POSITIVE_REGULATION_OF_INTRACELLULAR_PROTEIN_TRANSPORT",0.904216315307058,0.987518108690794,0.0119810355024004,-0.195089336202118,-0.734367491676147,61,"Edem2/Xbp1/Cep131/Sec16b/Camk1/Chp2/Edem1/Hsp90aa1/Pik3r1/Sorl1/Bcap31/Prr5l/Rapgef3/B3gat3/Tmem30b/Gas6/Commd1"
"GOBP_APOPTOTIC_PROCESS_INVOLVED_IN_DEVELOPMENT",0.904284640440992,0.987518108690794,0.0192007727745151,0.210979317628377,0.694018626732956,23,"Atf2/Bcl2l11/Robo2/Kif1b/Tnfrsf1a/Jag2/Bax/Slit2/Spi1/Xkr4"
"GOBP_REGULATION_OF_SMOOTHENED_SIGNALING_PATHWAY",0.9044437538844,0.987518108690794,0.012225642017533,-0.196265925167399,-0.723659186781491,55,"Ift81/Fuz/Tctn1/Shox2/Rab34/Sufu/Runx2/Kctd6/Armc9/Rpgrip1l/Ift122/Ptch1/Sfrp1/Vcp/Ttc21b/Ift172/Ttc23/Prkaca/Mgrn1/Gli3/Gas8/Gorab"
"GOBP_NUCLEAR_MEMBRANE_ORGANIZATION",0.905307994757536,0.988108583059762,0.0129829806245389,-0.218041450162972,-0.680065092683956,25,"Nsfl1c/Sirt2/Nek6"
"GOBP_C21_STEROID_HORMONE_METABOLIC_PROCESS",0.905956647892132,0.988330252100758,0.0135657545946977,-0.231153597107383,-0.651915345517917,17,"Cyp17a1/Akr1c18"
"GOBP_NEGATIVE_REGULATION_OF_ACTIN_FILAMENT_POLYMERIZATION",0.906433677521843,0.988330252100758,0.012516946905499,-0.206558532889435,-0.702317653235515,37,"Lmod1/Gsn/Vil1/Triobp/Kank4/Cfl1/Sptbn4"
"GOBP_POSITIVE_REGULATION_OF_PLASMA_MEMBRANE_BOUNDED_CELL_PROJECTION_ASSEMBLY",0.906794948887553,0.988330252100758,0.0219567075771509,0.180984981048133,0.771478459683826,72,"Mtor/Tapt1/Abi2/Myo3b/Dock11/Apc/Pik3ca/Rac1/Neurl1a/Srf/Rp1/Nckap1/Rhoq"
"GOBP_NON_MOTILE_CILIUM_ASSEMBLY",0.906805138015851,0.988330252100758,0.0204759445264816,0.191118526590619,0.746021095174991,47,"Cep126/Togaram1/Cep290/Exoc5/Rp1/Clcn4/Pibf1/Mkks/Tmem107/Map4/Nphp3/Ift74/Bbs2/Dync2h1/Ttbk2"
"GOBP_PROTEIN_LOCALIZATION_TO_SYNAPSE",0.907457811649428,0.988688878241442,0.020402278770838,0.191956243316377,0.740693220453545,45,"Grin2c/Vamp4/Kif5b/Stau1/Map2k1/Lgi1/Slitrk3/Nptx1/Cacng7/Stau2/Cplx1/Ogt/Gpc4/C1ql3/Asic2/Kif2c/Traf6/Erbb2/Dlg1"
"GOBP_RNA_MODIFICATION",0.908381502890173,0.98919661948885,0.0110910630618576,-0.185390951509972,-0.761064441186561,102,"Spout1/Trmt12/Qtrt1/Rbm47/Rpusd4/Sars/Apobec1/Hnrnpab/Trmt6/Aars/Lcmt2/Cdkal1/Nhp2/Alkbh1/2210016F16Rik/Thg1l/Gar1"
"GOBP_POSITIVE_REGULATION_OF_CALCIUM_ION_TRANSPORT",0.908571428571429,0.98919661948885,0.0211304277853569,0.18477799240214,0.759441380706709,59,"Stc1/Ccl5/Ppp3cb/Ppp3cc/Homer1/Ccr1/Akap6/Capn3/Ppp3r1/Ppp3ca/Wnk3/Trpc3/Snca/Stac2/Lpar3/Ank2/Camk2a/Bax/Stim1/Casq1/Stim2/Hap1"
"GOBP_CELL_PROJECTION_MORPHOGENESIS",0.909194097616345,0.989521898189503,0.0330380185456275,0.162555714726732,0.881462451163238,385,"Sgk1/Slitrk1/Bmpr1b/Kel/Brsk2/Bmpr2/Map1b/Smad4/Myo9a/Vps13a/Arc/Abi2/Xk/Rab10/Slitrk5/Clasp2/Fgf13/Rock1/Creb1/Ostn/Ppp3cb/Gdnf/Ccdc39/Sh3gl2/Pafah1b1/Sos1/Plaa/Rab21/Elavl4/Kif5b/Arx/Rac1/Picalm/Itpka/Cntnap2/Amigo1/Emb/Robo2/Bcl11b/Numb/Fzd4/Crabp2/L1cam/Rtn4/Nr4a2/Enah/Spast/Map2k1/Ttl/Srf/Ppp3ca/Fzd3/Sema6a/Nckap1/Camk2b/Trak2/Lgi1/Nin/Fez2/Slitrk3/Tnfrsf12a/Map1s/Nptx1/Shank3/Cacng7/Ppp1r12b/Nrcam/Lmo4/Celsr3/Stau2/Ppp1r12a/Kif20b/Nrd1/Pla2g10/Dip2b/Epha3/Prickle1/Sin3a/Ssna1/Adgrb3/Cdc42/Nexn/Slc30a1/Negr1/Nell2/B4galt5/Nedd4/Fstl4"
"GOBP_REGULATION_OF_POST_TRANSLATIONAL_PROTEIN_MODIFICATION",0.910357142857143,0.990434854497355,0.0246693542998985,0.170230636826728,0.82143275539937,148,"Mad2l1/Ube2n/Spopl/Epas1/Gtpbp4/Fbxo5/Bmi1/Ube2b/Rps2/Bag2/Hdac4/Cblb/Plaa/Tnfaip3/Cops7b/Sae1/Capn3/Isg15/Ivns1abp/N4bp1/Sh3rf2/Cops3/Wnk1/Fanci/Dtx3l/Senp2/Aimp2/Pink1/Peli1/Prickle1/Huwe1"
"GOBP_REGULATION_OF_MESENCHYMAL_CELL_PROLIFERATION",0.910692734733285,0.990447242652255,0.01853631314571,0.218127747652379,0.660968842881023,17,"Stat1/Foxp2/Tbx1/Kdr/Nfib"
"GOBP_CARDIAC_SEPTUM_DEVELOPMENT",0.911565672100892,0.990920583450295,0.0119612081705893,-0.193212545134172,-0.721992724735762,59,"Gata3/Myh10/Lrp2/Hes1/Id2/Fzd2/Dhrs3/Adamts19/Sufu/Sox11/Aplnr/Sox4/Snx17/Nos3"
"GOBP_B_CELL_RECEPTOR_SIGNALING_PATHWAY",0.911816297241269,0.990920583450295,0.0124863249024381,-0.205901774508378,-0.69583793300682,36,"Tec/Lat2/Lpxn/Cd19/Ptpn22/Nfatc2/Ptpn6"
"GOBP_MOTOR_NEURON_AXON_GUIDANCE",0.912101041133299,0.990920583450295,0.0134680243468657,-0.228697817046827,-0.644989384915412,17,"Cdk5/Egr2/Rnf165"
"GOBP_REGULATION_OF_RECEPTOR_SIGNALING_PATHWAY_VIA_STAT",0.91269587464023,0.991214325284715,0.0125118395081332,-0.204604263188255,-0.697546774028264,38,"Socs2/Ghr/Ptprt/Jak3/Hes1/Prlr/Wdr48/Ephb2/Il10rb/Dab1"
"GOBP_NEGATIVE_REGULATION_OF_MUSCLE_CELL_APOPTOTIC_PROCESS",0.913348946135831,0.991571084024508,0.0131571854631843,-0.220422161023417,-0.663178534021496,22,"Gria4/Sfrp2"
"GOBP_POSITIVE_REGULATION_OF_ANTIGEN_RECEPTOR_MEDIATED_SIGNALING_PATHWAY",0.914324880054832,0.991877153215769,0.0134896891660874,-0.228997270609931,-0.636785279595607,16,"Card11/Kcnn4"
"GOBP_ESTABLISHMENT_OF_PROTEIN_LOCALIZATION_TO_PLASMA_MEMBRANE",0.914456662354463,0.991877153215769,0.0126476965602785,-0.209671684455619,-0.684174589284887,31,"Cln3/Rab34/Sorl1/Gorasp2/Arfrp1/Golph3l/Amn/Rab31/Commd1/Golph3"
"GOBP_SNARE_COMPLEX_ASSEMBLY",0.914857530529172,0.991877153215769,0.0133332936893071,-0.2289519180801,-0.654572626789696,18,"Stxbp6/Vamp8/Vps18/Cltrn/Vps11/Ankrd27/Vps33a/Stx4a/Uvrag"
"GOBP_ADENYLATE_CYCLASE_MODULATING_G_PROTEIN_COUPLED_RECEPTOR_SIGNALING_PATHWAY",0.915229885057471,0.991877153215769,0.0108924138681768,-0.184000752861391,-0.767927736749121,116,"Adora1/Drd1/Prkar2b/Mrap/Tshr/Gnat3/Adcy7/Pln/Gabbr2/Casr/Ffar4/App/Adm2/Mc5r/Chrm3/Gnat1/Htr7/Cacna1d/Aplnr/Adrb1/Ednra/Adcyap1r1/Ptger3/Rapgef3/Sctr/P2ry12/Ptger1"
"GOBP_POSITIVE_REGULATION_OF_PROTEIN_SERINE_THREONINE_KINASE_ACTIVITY",0.915254237288136,0.991877153215769,0.0200940512742669,0.190587879247149,0.71886015444822,41,"Irgm2/Pik3r5/Tcim/Fgf2/Cab39"
"GOBP_REGULATION_OF_LIPOPOLYSACCHARIDE_MEDIATED_SIGNALING_PATHWAY",0.915761525464639,0.992074985920026,0.0184537447174663,0.215533686093192,0.653108339641102,17,"Cd36/Tnfaip3/Cd55"
"GOBP_POSITIVE_REGULATION_OF_PROTEIN_LOCALIZATION_TO_PLASMA_MEMBRANE",0.917193426042984,0.992419367148862,0.0122684068852661,-0.199326860577176,-0.705004893720837,45,"Agr2/Vil1/Cln3/Prnp/Ephb2/Pik3r1/Cib1/Nkd2/Commd1"
"GOBP_REGULATION_OF_WNT_SIGNALING_PATHWAY",0.91889721627409,0.992419367148862,0.0097486924121908,-0.177168108689068,-0.7920759764406,188,"Folr1/Cited1/Sulf2/Hsp90b1/Sfrp5/Ift20/Dkk2/Sfrp2/Fuz/Sox10/Pcdh11x/Dixdc1/Amer2/Tcf7l2/App/Plekha4/Nkd1/Tpbgl/Rspo1/Tmem9/Col1a1/Arntl/Jade1/Lzts2/Stk11/Draxin/Bicc1/Nle1/Igfbp4/Sox4/Zbed3/Csnk1g2/Ruvbl1/Dapk3/Sox2/Wwox/Csnk1d/Otud5/Tmem88b/Cdk14/Hic1/Rnf43/Nkd2/Sfrp1/Vcp/Tbx18/Ccdc88c/Tle2"
"GOBP_PROTEIN_LOCALIZATION_TO_CELL_SURFACE",0.918918918918919,0.992419367148862,0.0198021239162073,0.195187133895439,0.706330559443866,34,"Cd177/Abca12/Picalm/Jam3/Actn2/Tnf/Gga3/Arf6/Ank2"
"GOBP_POSITIVE_REGULATION_OF_PROTEASOMAL_UBIQUITIN_DEPENDENT_PROTEIN_CATABOLIC_PROCESS",0.920994649039975,0.992419367148862,0.0121479163738282,-0.194425875340742,-0.707198545324263,52,"Ddrgk1/Sirt2/Nop53/Gabarap/Trf/Trib3/Gba/Csnk1d/Rchy1/Usp5/Nub1/Nkd2/Vcp"
"GOBP_REGULATION_OF_RECEPTOR_LOCALIZATION_TO_SYNAPSE",0.921123983238846,0.992419367148862,0.0186791479131903,0.211929607844518,0.668953632406664,20,"Itgb3/Rdx/Map2k1/Cplx1/Ogt/Gpc4/Kif2c/Traf6"
"GOBP_HEMATOPOIETIC_STEM_CELL_DIFFERENTIATION",0.92124166239097,0.992419367148862,0.0192759250511193,0.204317237686173,0.685655889461525,25,"Pus7/Cdk6/Xrcc5/Srf/Med1/Hspa9/Ythdf2"
"GOBP_REGULATION_OF_SYNAPSE_STRUCTURE_OR_ACTIVITY",0.921518987341772,0.992419367148862,0.0096356157403156,-0.176453114861364,-0.791565631994554,193,"Ppfia2/Epha7/Thbs2/Eef2k/Sema4c/Ntn1/Sparc/Pdxp/Clstn3/Chrnb2/Cttnbp2/Efna1/Cln3/Clstn1/Cdk5/Slc18a3/Camk1/Nckipsd/Reln/App/Arf4/Arhgap12/Nedd4l/Sarm1/Sipa1l1/Srpx2/Flrt1/Nedd8/Prnp/Ephb2/Ephb1/Sigmar1/Cfl1"
"GOBP_REGULATION_OF_MICROTUBULE_BASED_MOVEMENT",0.921711899791232,0.992419367148862,0.019525521854286,0.196074624930353,0.690853863258136,30,"Ccdc39/Apc/Cfap20/Borcs5/Mkks/Irgc1/Bbs2/Ccdc40/Hap1/Pgam1/Cfap69/Hdac6"
"GOBP_NEGATIVE_REGULATION_OF_BMP_SIGNALING_PATHWAY",0.921880064829822,0.992419367148862,0.0125629810604808,-0.21012373063664,-0.681124203143718,30,"Htra3/Sfrp2/Lrp2/Htra1/Sorl1/Bmper/Sfrp1/Fbn1"
"GOBP_POSITIVE_REGULATION_OF_CELL_JUNCTION_ASSEMBLY",0.922284368560495,0.992419367148862,0.0213615756088607,0.178729627972237,0.757381635104564,69,"Slitrk1/Lrrn1/Slitrk5/Rock1/Smad3/Rac1/Cntnap2/Amigo1/Lrrc4b/Ppm1f/Hopx/Dsg3"
"GOBP_POSITIVE_REGULATION_OF_EXCITATORY_POSTSYNAPTIC_POTENTIAL",0.92228763666947,0.992419367148862,0.0130962655887481,-0.220459911402709,-0.648258010220354,20,"Reln/App/Chrna7/Grin1/Dlg4/Grin2a/Ptk2b/Nlgn2/Nlgn3/Nlgn1"
"GOBP_STRESS_ACTIVATED_PROTEIN_KINASE_SIGNALING_CASCADE",0.923002887391723,0.992419367148862,0.012394777999344,-0.204978192032386,-0.680276011188923,33,"Sema4c/Mapk3/Map2k6/Mid1/Map3k13/Ppia/Scimp/Mapk11/Taok3/Nbr1"
"GOBP_EMBRYONIC_ORGAN_DEVELOPMENT",0.923136445705442,0.992419367148862,0.00909225134033709,-0.174846373492548,-0.807540785137242,253,"Folr1/Cited1/Elf5/Insig1/Foxc1/Rbp4/Ntn1/Rpl38/Gata3/Sparc/Fuz/Mapk3/Efna1/Msx1/Atp6v1b1/Sox18/Triobp/Hes1/Krt8/Cc2d2a/Id2/Osr2/Slc44a4/Shox2/Fzd2/Mbd3/Syf2/Wdr48/Rnf112/Foxc2/Ovol2/Hoxd9/Ephb2/Sufu/Runx2/Tprn/Sox11/Aplnr/Rpl10/Ednra/Whrn/Greb1l/Mfsd2a/Vash2/Spint2/Llgl2/Hyal1/Ccdc103/Zfp36l1/Ift122/Dvl2/Slitrk6/Ptch1"
"GOBP_NEGATIVE_REGULATION_OF_DNA_TEMPLATED_TRANSCRIPTION_ELONGATION",0.923685115159849,0.992419367148862,0.0133870474847746,-0.229053517311512,-0.626536386975106,15,"Parp1/Nelfa/Ppp1r10/Zc3h4/Hexim1"
"GOBP_NEGATIVE_REGULATION_OF_OXIDATIVE_STRESS_INDUCED_INTRINSIC_APOPTOTIC_SIGNALING_PATHWAY",0.924091843728581,0.992419367148862,0.0133359770379118,-0.225206777522315,-0.626244847414151,16,"Pycr1/Ppia/Fyn"
"GOBP_POSITIVE_REGULATION_OF_AMYLOID_BETA_FORMATION",0.924235181644359,0.992419367148862,0.0181709050306981,0.217681429166526,0.639780313715984,15,"Rock2/Picalm/Tnf/Sp1"
"GOBP_REGULATION_OF_TRANSMEMBRANE_TRANSPORT",0.924867451183241,0.992419367148862,0.00910565799212595,-0.174247243551899,-0.803041028855156,248,"Drd1/Acsl5/Kcns1/Selenon/Fxyd3/Psen2/Adipoq/Stk39/Cftr/C1qtnf12/Tmbim6/Rem1/Selenos/Pim1/Dapk1/Zdhhc7/Pln/C3/Kcnn4/Ffar4/App/Gnb5/Slc34a1/Nedd4l/Kcnj15/Pid1/Thy1/Cd19/Trib3/Azin2/Cacna1d/Prnp/Pea15a/Ctss/Tesc/Rnasel/Pik3r1/Gpr35/Tlr9/Tspan13/Shisa7/Aplnr/Ednra/Slc7a5/Grin1/Wwp2/Adcyap1r1/P2rx4/Plcg1/Ptpn6/Bak1"
"GOBP_REGULATION_OF_NERVOUS_SYSTEM_DEVELOPMENT",0.925544248357594,0.992419367148862,0.00903195430590792,-0.174187091546612,-0.805128697016777,255,"Nr1d1/Epha7/Thbs2/Eef2k/Ldlr/Ntn1/Metrn/Efnb3/Cers2/Clstn3/Sox10/Sirt2/Clstn1/Lrp2/Cdk5/Hes1/Tmem98/Reln/Cx3cr1/Id2/Egr2/Serpinf1/Shox2/Tymp/Srpx2/Arntl/Thy1/Flrt1/Rnf112/Map3k13/Anxa2/Eif2ak3/Ephb2/Tnfrsf21/Ephb1/Sorl1/Cul7/Rnf6/Stk11/Draxin/Sox11/Slc7a5/Cdkl5/Xrcc2/Shtn1/Ncmap/Dab1/Man2a1/Gfap/Dpysl5"
"GOBP_REGULATION_OF_CALCIUM_ION_TRANSMEMBRANE_TRANSPORT",0.925877950489349,0.992419367148862,0.0107444999050279,-0.181355824021884,-0.747252376549054,104,"Drd1/Selenon/Psen2/Tmbim6/Rem1/Pln/Kcnn4/App/Gnb5/Thy1/Cd19/Prnp/Gpr35/Tlr9/Tspan13/Aplnr/Grin1/Adcyap1r1/P2rx4/Plcg1/Ptpn6/Bak1/P2rx1/Pml/Fyn/Calm2/Cyba"
"GOBP_MRNA_CIS_SPLICING_VIA_SPLICEOSOME",0.925962006819289,0.992419367148862,0.0184224336360575,0.208868599620695,0.642010502535577,18,"Prpf4b/Sf3a1/Rbm22/Prpf40a/Srsf7"
"GOBP_REGULATION_OF_JNK_CASCADE",0.926174496644295,0.992419367148862,0.0225877443609548,0.172581475265119,0.777982519922992,97,"Gadd45g/Tnfsf11/Rb1cc1/Hipk3/Igf1r/Pafah1b1/Taok1/Klhl31/Per1/Myd88/Sh3rf2/Sh3rf1/Map2k7/Tnf/Hmgb1"
"GOBP_POSITIVE_REGULATION_OF_INTRACELLULAR_TRANSPORT",0.926608369768894,0.992419367148862,0.0222148141706255,0.172677033142785,0.768599321614689,90,"Ipo5/Ect2/Smad3/Prpf4b/Jak2/Cep290/Pgap1/Rab21/Abca12/Rdx/Xpo4/Ripor1/Mavs/Dhx9/Anp32b/Actn2/Borcs5/Cpsf6/Rbm22/Ldlrap1/Kif20b"
"GOBP_AXON_DEVELOPMENT",0.926632150524056,0.992419367148862,0.00869110921027808,-0.172958053005832,-0.811617341674045,298,"Folr1/Cntn2/Bhlha15/Unc5a/Epha7/Foxd1/Sema4c/Ntn1/Gata3/Metrn/Efnb3/Cers2/Myh10/Ust/Chrnb2/Efna1/Tctn1/Grn/Cdk5/Dclk1/Reln/Kif13b/Egr2/App/Ophn1/Shox2/Sipa1l1/Arhgef28/Thy1/Cdh11/Map3k13/Mmp2/Matn2/Rnf165/Ephb2/Tnfrsf21/Casp3/Nrxn3/Pitpna/Ephb1/Lypla2/Boc/Pard6b/Rnf6/Nmnat2/Stk11/Draxin/Apbb1/Ret/Sptbn4/Rpl24/Ednra/Cdkl5/Ext1/Map7d2"
"GOBP_MUSCLE_CELL_MIGRATION",0.926836910543631,0.992419367148862,0.0119884761037008,-0.192791030376528,-0.704514063966075,53,"Adipoq/Xbp1/Aamp/Ace"
"GOBP_REGULATION_OF_REPRODUCTIVE_PROCESS",0.927001917121368,0.992419367148862,0.0110910630618576,-0.183838451849175,-0.73585764114748,88,"Elf5/Calr/Cfap206/Cdc25a/Wt1/Sirt2/Msx1/Acvr1c/Serpinf1/BC005624/Anapc7/Wee2/Stk11/Piwil2/Cib1"
"GOBP_REGULATION_OF_ALTERNATIVE_MRNA_SPLICING_VIA_SPLICEOSOME",0.927097292950951,0.992419367148862,0.0198415255020423,0.191432657989161,0.702742989602791,36,"Celf1/Rbfox1/Celf3/Rbm25/Rbm20/Rbm5/Tia1/Dyrk1a/Ythdc1"
"GOBP_REGULATION_OF_CELL_ACTIVATION",0.92757384748486,0.992419367148862,0.00832003380092043,-0.1719325340207,-0.818281685342219,344,"Nr1d1/Tec/Shpk/Cd209b/Tnip2/Ldlr/Xbp1/Card11/Ddrgk1/Calhm2/Aplf/Mapk8ip1/Enpp3/Gata3/Lgals1/Pms2/Efnb3/Cd1d1/Mertk/Slamf8/Pla2g2d/Chrnb2/Tox/H2-M3/H2-DMa/Grn/Acta2/Smarcc2/Jak3/Icos/H2-Eb1/Hes1/Id2/Cd74/Klhl22/App/Themis2/Hsph1/Gpnmb/Prlr/Ap3d1/Zfp36l2/Exosc3/Thy1/Cd19/Ptpn22/Cygb/Prnp/Ephb2/Tnfrsf21/Casp3/Bloc1s3/Vtcn1/Sart1/Cd40/Tlr9/Scgb1a1/Sox11/Adamts18/Sox4/Cd276/Nfatc2/Kmt5c/Pkn1/Ptpn6/Arg2/Vsir/Mlh1/Cd9/Nos3/Pnp2/Tespa1/Fyn/Crlf2/Zfp36l1/Cd24a"
"GOBP_FAT_SOLUBLE_VITAMIN_METABOLIC_PROCESS",0.927666829030687,0.992419367148862,0.0183951008782554,0.207760525732215,0.638604557001966,18,"Cyp4f18/Rbp2/Lipa"
"GOBP_PHOSPHATIDYLINOSITOL_MEDIATED_SIGNALING",0.92791723202171,0.992419367148862,0.0131280212361649,-0.222039091476001,-0.634808882913988,18,"Plch1"
"GOBP_REGULATION_OF_POSTSYNAPTIC_DENSITY_ORGANIZATION",0.928059273422562,0.992419367148862,0.0181097595532325,0.21583589285741,0.634356158778463,15,"Lrrc4b/Caskin1/Prickle1/Slc30a1"
"GOBP_NEGATIVE_REGULATION_OF_RNA_SPLICING",0.928069588491134,0.992419367148862,0.0129253220503185,-0.214970811054163,-0.64677719640525,22,"Rps26/Tmbim6/Rbmx"
"GOBP_TUMOR_NECROSIS_FACTOR_MEDIATED_SIGNALING_PATHWAY",0.928238039673279,0.992419367148862,0.0211206879834593,0.178119280274436,0.745591777395104,65,"Tnfsf11/Spata2/Nfkbia/Jak2/Tnfaip3/Stat1/Tnf/Tnfrsf1a/Nrd1/Nsmaf/Casp8/Traf5/Tnfrsf18/Hipk1/Tnfrsf14/Traf3/Traf6/Eda2r/Dicer1"
"GOBP_VESICLE_CYTOSKELETAL_TRAFFICKING",0.928289369767809,0.992419367148862,0.0120854726233188,-0.194713545356304,-0.690933313099897,46,"Ppfia2/Ap3m2/Cln3/Ap3m1/Ap3d1/Ap3s1/Bloc1s3/Stk11/Myo1c"
"GOBP_REGULATION_OF_SYNAPTIC_VESICLE_EXOCYTOSIS",0.928363047001621,0.992419367148862,0.0124608474220192,-0.208036475548552,-0.674358285013843,30,"Ppfia2/Cdk5/Cspg5/Vps18"
"GOBP_NEGATIVE_REGULATION_OF_TELOMERE_MAINTENANCE",0.928407601572739,0.992419367148862,0.0126168426766703,-0.208366145615564,-0.649888092490367,25,"Terf1/Mcrs1/Stn1/Parp1/Sox7/Pml"
"GOBP_REGULATION_OF_PROTEIN_CATABOLIC_PROCESS",0.929074315514994,0.992419367148862,0.00916378588881695,-0.174884835742586,-0.798406949834139,228,"Desi1/Cdk5rap3/Ldlr/Hmgcr/Xbp1/Trim39/Ddrgk1/Rhbdd1/Psme2/Ctsa/Atg7/Sirt2/Furin/Nop53/Lrp2/Hsp90ab1/Tspan15/Rnf185/App/Ophn1/Gabarap/Nkd1/Ubb/Rpl11/Nedd4l/Rhbdf1/Tmem9/Psmc1/Trf/Trib3/Hsp90aa1/Snx1/Azin2/Anxa2/Sorl1/Snx33/Bcap31/Tmem259/Rnft2/Laptm4b/Gba/Mgat3/Csnk1d/Gfap/Vps28/Odc1/Rchy1/Usp5/Fyn/Nub1/Nkd2/Ddb1/Dedd/Adam8/Herpud1/Vcp/Commd1/Grin2a/F8a/Chek2"
"GOBP_RESPONSE_TO_ESTRADIOL",0.929195804195804,0.992419367148862,0.0210866596486703,0.176916448517288,0.746138418315869,67,"Areg/Map1b/Strn3/Hpgd/Txnip/Kif18a/Itgam/Igfbp2/Ddx18/Gria1"
"GOBP_REGULATION_OF_OSTEOBLAST_PROLIFERATION",0.92925430210325,0.992419367148862,0.0180907127115338,0.214820154214364,0.63137083481128,15,"Smad3/Itgb3"
"GOBP_L_AMINO_ACID_TRANSPORT",0.929303915475451,0.992419367148862,0.0118279086053257,-0.189993463942182,-0.700531768277809,55,"Slc1a1/Sfxn1/Praf2/Cln3/Slc1a4/Slc7a13/Slc7a3/Slc22a2/Slc38a1/Slc7a5/Slc7a6/Llgl2/Cltrn/Slc43a2/Slc7a1/Slc11a1/Gnat2/Ttyh3"
"GOBP_SEMAPHORIN_PLEXIN_SIGNALING_PATHWAY",0.929439131558542,0.992419367148862,0.0192550034279576,0.195270227386135,0.682613600145254,29,"Gdnf/Rac1/Sema6a/Crmp1/Sema4f/Kdr/Sema3f/Erbb2/Plxna1/Sema3c/Sema6d/Nrp1/Ncam1/Flna"
"GOBP_POSITIVE_REGULATION_OF_NON_CANONICAL_NF_KAPPAB_SIGNAL_TRANSDUCTION",0.929672447013488,0.992419367148862,0.0123037011100985,-0.201928541088816,-0.674393035242099,34,"Calr/Pdcd4/App/Rtkn2"
"GOBP_CELLULAR_RESPONSE_TO_LIGHT_STIMULUS",0.929723151810161,0.992419367148862,0.0115082356030106,-0.189001810761471,-0.718961969069853,65,"Rhbdd1/Mfap4/Actr5/Gnb5/Crip1/Gnat1/Mmp2/Rrh/Pik3r1/Stk11/Parp1/Gucy2e/Bak1/Hyal1/Bmf/Slc24a2/Mapk11/Ei24/Ddb1/Polk"
"GOBP_EMBRYONIC_MORPHOGENESIS",0.93024494142705,0.992629513118979,0.0313625677141793,0.161139292288045,0.864956477169807,350,"Tbx6/Rock2/Inhba/Grem2/Bmpr2/Smad4/Bcl2l11/Pbx2/Tbx15/Ahi1/Mafb/Reck/Myo3b/Fzd6/Vegfc/Rock1/AI597479/Smad3/Gdnf/Socs3/Ccdc39/Cdc73/Myf5/Fgf2/Mbnl1/Bmi1/Eya1/Nipbl/Itgb3/Six4/Traf3ip1/Eng/Nectin3/Apln/Cep290/Sos1/Hs2st1/Rnf2/Ush1g/Rac1/Acvr2a/Tshz1/Trp63/Crabp2/Ahdc1/Igf2/Map2k1/Grsf1/Ryr2/Srf/Gjb6/Fzd3/Wnk1/Nckap1/Opa1/Med1/Rtf1/Ugdh/Aldh1a3/Sall4/Mkks/Kcnq4/Cecr2/Tbx2/Lmo4/Kif20b/Tmem107/Prickle1/Flt1/Gpc3/Ythdf2/Yap1/Hlx/Lrig3/Grem1/Nphp3/Tbx1/Prox1/Prkar1a/Rala/Hdac2/Brd3/Jag2"
"GOBP_LOCALIZATION_WITHIN_MEMBRANE",0.931423090756504,0.993280423512624,0.00773289638943625,-0.170188998976389,-0.824978038061482,428,"Adora1/Hspa5/Hsp90b1/Sec61a1/Arhgap8/Adipoq/Mrap/Agr2/Umod/Slc1a1/Pkp2/Gsn/Sil1/Ift20/Srp72/Srprb/Nme7/Tram1/Vil1/Cln3/Clstn1/Srp54a/Ap4m1/Cdk5/Zdhhc7/Snx4/Stx7/Srp68/Ssr3/Reln/Atg3/Tspan15/Zdhhc14/Sec63/Gabarap/Ap3d1/Sec61b/Exoc8/Snx7/Rab34/Pid1/Vamp8/Thy1/Zdhhc24/Vps51/Tmem59/Plekhf1/Zdhhc1/Prnp/Tesc/Emc8/Ephb2/Pigr/Def6/Grin3b/Pik3r1/Sorl1/Naxe/Golga7b/Dchs1/Vps37d/Tm9sf3/Ubl4a/Get4/Neto2/Crb3/Gorasp2/Arfrp1/Zfand2b/Shisa7/Sptbn4/Sec62/Cib1/Myo1c/Ano1/Grik2/Rab5if/Tub/Wdr83os/Golph3l/Tomm40/Tm9sf1/Zdhhc15/Llgl2/Tmem108/Snx17/Timm13/Dlg4/Fyn/Atp9a/Cd24a/Arl3/Amn/Ptch1/Vps37b/Cdk5r1/Nkd2/Emc9/Lamtor1/Zmynd8/Gas6/Rab31/Bsg/Kcnb1/Yif1b/Ncln/Commd1/Grin2a/Golph3/Exoc4/Sec16a/Sdcbp/Ttc7b"
"GOBP_HEAD_DEVELOPMENT",0.931505208957011,0.993280423512624,0.00771059301294249,-0.170371136097023,-0.826157653075619,429,"Bglap3/Pou3f3/Cited1/Drd1/Nnat/Cbs/Cntn2/Hspa5/Cdk5rap3/Meis1/Col3a1/Foxc1/Epha7/Crispld2/Sema4c/Slc1a1/Sfrp2/Phgdh/Myh10/Hydin/Mapk3/Nme7/Chrnb2/Sirt2/Tox/Msx1/Pomk/Cma1/Arcn1/Tctn1/Lrp2/Cdk5/Comt/Abat/Hes1/Dixdc1/Reln/Cx3cr1/Id2/Osr2/Faim2/Egr2/Gdf10/Rras/Meis2/Ophn1/Aars/Ubb/Col1a1/Smg9/Mnat1/Lhx8/Vps51/Mmp2/Tfap2c/Mast1/Anapc7/Ephb2/Casp3/Ephb1/Cfl1/Atat1/Draxin/Psmg1/B4galt2/Sox11/Ednra/Sox4/Grin1/Ext1/Gba/Whrn/Selenop/Sox2/Mfsd2a/Dab1/Ppt1/Csnk1d/Aatk/Tmem108/Ptchd1/Rpgrip1l/Spata5/Sdf4/Pcdh18/Fyn/Bbs4/Pygo2/Il11ra1/Slc23a1/Ptch1/Cdk5r1/P2ry12/Calm2/Cdon/Pcdh9/Sfrp1/Slc2a1/Dnaaf3/Fut1/Inhbb/Cdk5rap2/Col4a1/Pax9/Grin2a/Numbl/Amigo3/Sec16a"
"GOBP_REGULATION_OF_REGULATED_SECRETORY_PATHWAY",0.932330827067669,0.993770216037669,0.0215265222593817,0.174302643278756,0.747823752650343,74,"Adora2b/Fgr/Cd177/Slc4a8"
"GOBP_MORPHOGENESIS_OF_AN_EPITHELIUM",0.932912988650694,0.993770216037669,0.0085577240502406,-0.172053007252809,-0.807775647675806,299,"Krt25/Folr1/Krt27/Cited1/Flg2/Maged1/Epha7/Foxd1/Sema4c/Ntn1/Gata3/Ift20/Ctsz/Sfrp2/Fuz/Sox10/Col5a1/Wt1/Sox18/Tctn1/Lrp2/Zdhhc7/Hes1/Cc2d2a/Rhoc/Casr/Ophn1/Nkd1/Arhgap12/Lama1/Mmp2/Foxc2/Ovol2/Tfap2c/Casp3/Dchs1/Sufu/Lzts2/Cfl1/Astn2/Ret/Rasip1/Sox11/Aplnr/Wdr83/Ednra/Tmeff2/Adamts12/Ext1/Kdf1/Tmem79/Greb1l/Spint2/Mmrn2/Llgl2/Rpgrip1l/Ccdc103/Pml/Bbs4/Ift122/Dvl2/Ptch1/Sfrp1/Tcf15/Bsg/Stox1/Ddr1/Fgf1/Fzd5/Tbx18/Col4a1"
"GOBP_MICROTUBULE_BASED_MOVEMENT",0.933023015257305,0.993770216037669,0.00896278678866391,-0.173188673573102,-0.796632834796647,243,"Spag16/Ift81/Ap3m2/Cfap206/Ift20/Cep131/Hydin/Fuz/Cabyr/Dync2li1/Nme7/Dnah14/Cln3/Ttc12/Armcx3/Kif13b/Dnah10/App/Lca5l/Ap3m1/Arl8a/Rsph9/Ubb/Ap3d1/Kif19a/Dnah12/Ap3s1/Poc1b/Dnah6/Ift43/Iqcg/Kif6/Bloc1s3/Pltp/Borcs8/Stk11/Drc1/Dnah3/Tub/Tmem108/Ccdc146/Kifc5b/Katnb1/Ccdc103/Bbs4/Ift122/Arl3/Kif5c/Klc1/Dnaaf3/Cdr2l/Kxd1/Cfap45/Yif1b/Ttll5/Ccdc88c/Cfap54/Rpgr/Kif23/Kif21a/Dynlt1b/Mapk8ip3/Ttc21b/Slc9a3r1/Ift88/Defb1/Copg2/Dnah2/Cfap126/Ap3s2/Bloc1s2/Pex14/Ift172"
"GOBP_PLACENTA_DEVELOPMENT",0.933343208413568,0.993770216037669,0.0110554655350228,-0.183020368163653,-0.727415101474391,84,"Cited1/Elf5/Ptgis/Hsp90ab1/Hes1/Krt8/Ang/Ctsb/Htra1/Ovol2/Cul7/Alkbh1/Parp1/Wdr83/Vash2/Spint2/Llgl2/Rtcb/Zfp36l1/Dedd/Bsg/Fzd5"
"GOBP_REGULATED_EXOCYTOSIS",0.933591004919185,0.993770216037669,0.0239869540071094,0.168806116325688,0.801510050939166,132,"Adora2b/Fgr/Cd177/Plek/Synj1/Slc4a8/2610528A11Rik/Rab10/Grp/Ppp3cb/Hck/Il4ra/Itgam/Abca12/Slc18a2/Syt10"
"GOBP_REGULATION_OF_CELL_PROJECTION_ORGANIZATION",0.934134615384615,0.993898594675395,0.00772620611346525,-0.169699020363114,-0.820364522078579,413,"Cdc42ep5/Cntn2/Ppfia2/Trim67/Fkbp4/Epha7/Eef2k/Ntn1/Tbc1d10a/Gata3/Metrn/Ift20/Efnb3/Cdk10/Tbc1d20/Nsmf/Cers2/Sfrp2/P3h1/Fuz/Brk1/Dync2li1/Ust/Chrnb2/Efna1/Tox/Mien1/Alkal2/Vil1/Cln3/Enpp2/Grn/Cdk5/Camk1/Hes1/Nckipsd/Reln/Itm2c/Atg3/Kif13b/App/Arf4/Serpinf1/Pmp22/Shox2/Nedd4l/Sarm1/Sipa1l1/Dguok/Thy1/Map3k13/Sh3yl1/Hsp90aa1/Prnp/Ephb2/Pik3r1/Cul7/Tbc1d30/Cfl1/Rnf6/Stk11/Draxin/Apbb1/Ret/Coro1b/Cdkl5/Pld1/Cib1/P2rx4/Rabep2/Shtn1/Mfsd2a/Dab1/Zdhhc15/Gfap/Dpysl5/Katnb1/Dlg4/Eps8l2/Fyn/Bbs4/Dvl2/Evi5l/Tbc1d16/Cdk5r1/P2ry12/Zmynd8/Sfrp1/Plk5"
"GOBP_REGULATION_OF_PROTEIN_LOCALIZATION_TO_SYNAPSE",0.934362279511533,0.993898594675395,0.0130276738582597,-0.218227364021649,-0.623911169222294,18,"Clstn3/Gabarap/Neto2/Tmem108/Hras/Nlgn2/Gpc6/Iqsec2"
"GOBP_INNER_EAR_MORPHOGENESIS",0.93644974029942,0.99542498391436,0.0114647012398279,-0.185472093313396,-0.698165663967258,61,"Insig1/Ntn1/Gata3/Sparc/Atp6v1b1/Triobp/Slc44a4/Fzd2"
"GOBP_NUCLEOBASE_CONTAINING_COMPOUND_TRANSPORT",0.936996750953525,0.99542498391436,0.0102804255684968,-0.178785220832992,-0.754072325630035,124,"Nxf7/Adora1/Slc35c2/Calhm2/Slc33a1/Slc25a53/Calhm5/Lrrc8d/Rbm8a/Slc17a9/Slc25a5/Slc35a2/Abcd2/Slc35b3/Sec13/Nrde2/Slc25a16/Tst/Igf2bp2/Lrrc8e/Eny2/Thoc6/Ranbp17/Zfp36l1/Kif5c/Cr1l/Magoh/Mvp/Ybx1/Slc35c1/Rbm33/Sidt1/Poldip3/P2rx7/Aaas/Slc35d2/Slc28a3"
"GOBP_REGULATION_OF_TRANSLATION_IN_RESPONSE_TO_STRESS",0.937285812200137,0.99542498391436,0.0131306703544044,-0.218611295982694,-0.607904429883896,16,"Ppp1r15a/Ang/Eif2ak3/Pml/Nck2/Ppp1ca/Npm1/Rps6ka1"
"GOBP_TISSUE_MORPHOGENESIS",0.937316356513222,0.99542498391436,0.00798451101301006,-0.170511212314028,-0.816157131553496,369,"Krt25/Folr1/Gcnt1/Gcnt4/Krt27/Cited1/Flg2/Eya2/Col3a1/Foxc1/Maged1/Epha7/Foxd1/Sema4c/Ntn1/Gata3/Pkp2/Ift20/Ctsz/Sfrp2/Fuz/Sox10/Col5a1/Wt1/Msx1/Sox18/Tctn1/Acta2/Lrp2/Zdhhc7/Hes1/Cc2d2a/Rhoc/Casr/Mylk/Ophn1/Nkd1/Arhgap12/Shox2/Fzd2/Ext2/Lama1/Mmp2/Foxc2/Ovol2/Tfap2c/Itgb4/Casp3/Dchs1/Sufu/Lzts2/Cfl1/Astn2/Ret/Rasip1/Sox11/Aplnr/Wdr83/Ednra/Tmeff2/Adamts12/Ext1/Kdf1"
"GOBP_POSITIVE_REGULATION_OF_AMYLOID_PRECURSOR_PROTEIN_CATABOLIC_PROCESS",0.937426408746846,0.99542498391436,0.0128600438162726,-0.213408890094538,-0.627524621486896,20,"Efna1/App/Chrna7/Casp3/Ifngr1"
"GOBP_PHOSPHATIDYLINOSITOL_METABOLIC_PROCESS",0.938640654499685,0.995668279673423,0.0221299348211727,0.169976867308648,0.764062881873779,94,"Synj1/Mtm1/Cwh43/Pik3r5/Pgap1/Pik3ca/Lclat1/Ip6k3/Itpka/Mtmr1/Pigf/Inpp5a/Pik3c2a/Dgke/Tnfaip8l3/Impa2/Plcl1/Pikfyve/Efr3a/Pigp/Pigm/Inpp4a/Plcg2/Inpp5f/Synj2/Plcd1/Pip4k2a/Pla2g3"
"GOBP_REGULATION_OF_UBIQUITIN_DEPENDENT_PROTEIN_CATABOLIC_PROCESS",0.939119170984456,0.995668279673423,0.0105300382109362,-0.178345600577587,-0.734849154128015,104,"Desi1/Cdk5rap3/Trim67/Trim39/Ddrgk1/Sirt2/Nop53/Hsp90ab1/Gabarap/Rpl11/Trf/Trib3/Sufu/Bcap31/Gba/Csnk1d/Rchy1/Usp5/Pml/Nub1/Nkd2/Herpud1/Vcp/Commd1"
"GOBP_REGULATION_OF_ARP2_3_COMPLEX_MEDIATED_ACTIN_NUCLEATION",0.939612326043738,0.995668279673423,0.0185047938424201,0.198692717240379,0.645242967401519,22,"Abi2/Washc4/Ap1ar/Nckap1"
"GOBP_SENSORY_PERCEPTION_OF_SMELL",0.939657253198166,0.995668279673423,0.0180716948046863,0.205993890316554,0.624200931740597,17,"Ric8b/Ubr3/Syt10/Mkks"
"GOBP_REGULATION_OF_MEMBRANE_PROTEIN_ECTODOMAIN_PROTEOLYSIS",0.939952638700947,0.995668279673423,0.0129017923135529,-0.216730221848714,-0.626668846843171,19,"Furin/Tspan15/App/Snx33/Adam8/Timp2/Timp4"
"GOBP_MAMMARY_GLAND_DUCT_MORPHOGENESIS",0.939959294436906,0.995668279673423,0.0129410271443155,-0.21461303413345,-0.613577814390229,18,"Ntn1/Tfap2c/Pml/Ptch1/Ddr1/Lrp5"
"GOBP_ENDOSOMAL_TRANSPORT",0.940071311025782,0.995668279673423,0.00977361325352681,-0.174707956904345,-0.765181320536297,162,"Tmed9/Arhgap8/Lman1/Ap1s1/Tbc1d10a/Surf4/Mvb12a/Ykt6/Reps2/Mapk3/Hook1/Rab9b/Snx4/Dclk1/Trim27/Ubxn6/Ap3d1/Snx7/Vps51/Snx1/Sorl1/Snx33/Vps37d/Arfrp1/Snx6/Stam2/Laptm4b/Sort1/Vps28/Snx8/Snx17/Snx2/Atp9a/Vps37b/Arfip1/Lamtor1"
"GOBP_NEGATIVE_REGULATION_OF_INTERLEUKIN_2_PRODUCTION",0.94026284348865,0.995668279673423,0.0130276738582597,-0.216485943098681,-0.610548614259228,17,"Gata3/Trim27/Prnp"
"GOBP_RECEPTOR_CLUSTERING",0.941432852083901,0.995741353310535,0.0198546875227186,0.181771160087947,0.706215016707516,46,"Itgal/Magi2/Rac1/Tnfaip6/Etv5/Slitrk3/Shank3/Slc7a11/Glrb/Crkl/Ssna1/Ssh1/Crk/Itgb2/Colq/Itgb1bp1/Dlg1/Musk"
"GOBP_REGULATION_OF_ORGANIC_ACID_TRANSPORT",0.941447891805887,0.995741353310535,0.011985995578168,-0.193851035151948,-0.671332863419663,41,"Adora1/Acsl5/Ces1d/Abat"
"GOBP_NEGATIVE_REGULATION_OF_ERK1_AND_ERK2_CASCADE",0.941835645677695,0.995741353310535,0.0195340721068554,0.185066805452105,0.687069613536687,38,"Smad4/Spry4/Rps6ka6/Ndrg2/Sema6a/Ptpn1/Ptprc/Dusp10/Ranbp9/Dusp26/Itgb1bp1/Dlg1/Chrna10"
"GOBP_REGULATION_OF_REACTIVE_OXYGEN_SPECIES_BIOSYNTHETIC_PROCESS",0.942077922077922,0.995741353310535,0.0191260756172104,0.192949981456424,0.666896222168813,28,"Lcn2/Cd36/Slc18a2/Ppara/Stat3/Pikfyve/Snca/Plcg2"
"GOBP_NEGATIVE_REGULATION_OF_TRANSFORMING_GROWTH_FACTOR_BETA_RECEPTOR_SIGNALING_PATHWAY",0.942393822393822,0.995741353310535,0.0115324608960978,-0.185289951221573,-0.689654546585823,58,"Hspa5/Htra3/Xbp1/Pmepa1/Htra1/Ovol2/Brms1/Slc2a10/Snx6/Bcl9l/Prdm16/Fbn1/Cidea/Arid4a/Cav2/Rasl11b"
"GOBP_CELL_FATE_DETERMINATION",0.942591955998625,0.995741353310535,0.0130936220909666,-0.21930001472623,-0.599857363042792,15,"Gata3/Hes1"
"GOBP_G_PROTEIN_COUPLED_RECEPTOR_SIGNALING_PATHWAY",0.943734015345269,0.995741353310535,0.00777748273224883,-0.168495534958208,-0.808679591418307,377,"Gprc5d/Adora1/Drd1/Cntn2/Bhlha15/Bcar3/Gprasp1/Foxc1/Oxtr/Prkar2b/Mrap/Gpr83/Alox8/Tshr/Ffar2/Tff2/Slc1a1/Ace/Sucnr1/Gnat3/Stk39/Adcy7/Rgs6/Agtrap/Gpr180/Zdhhc7/Pln/C3/Rgs10/Rgs12/Cx3cr1/Gabbr2/Gnb3/Casr/Ffar4/Akr1c18/App/Gnb5/Ptafr/Npy4r/Fzd2/Adm2/Hcar1/Mc5r/Chrm3/Entpd2/Mrgprb2/Gnat1/Htr7/Rrh/Cacna1d/Pcsk1n/Sorl1/Sigmar1/Gpr35/Rgs9bp/Htr2b/Aplnr/Adrb1/Ednra/Kcnk2/Fzd8/Cib1/Adcyap1r1/Gucy2e/Ano1/Tub/Sort1/Ptpn6/Cxcr6/Gpr182/Ptger3/Rapgef3/Rpgrip1l/Tas1r3/Sctr/Fyn/Ccl9/Cdk5r1/P2ry12/Ptger1/Gpr162/Calm2/Gngt2/Adgra3/Gng11/Rph3al/Vipr1"
"GOBP_POSITIVE_REGULATION_OF_NATURAL_KILLER_CELL_ACTIVATION",0.943831012962074,0.995741353310535,0.0179243373383542,0.20814942774387,0.61951705807889,16,"Jak2/Zbtb1/Il23r/Bloc1s6"
"GOBP_REGULATION_OF_ATP_DEPENDENT_ACTIVITY",0.943920676202861,0.995741353310535,0.0122608528071918,-0.199753929462186,-0.638589978720029,28,"Rgn/Pln/Ahsa1/Tlr9/Myl4/Ltf"
"GOBP_NUCLEOSIDE_MONOPHOSPHATE_BIOSYNTHETIC_PROCESS",0.944491169049621,0.995741353310535,0.0127509473168198,-0.209838606382868,-0.617026272829659,20,"Upp2/Dguok/Cmpk1"
"GOBP_REGULATION_OF_TRANSMEMBRANE_RECEPTOR_PROTEIN_SERINE_THREONINE_KINASE_SIGNALING_PATHWAY",0.944567627494457,0.995741353310535,0.00986210309760572,-0.174128968320709,-0.754475449312624,150,"Folr1/Cited1/Hspa5/Htra3/Xbp1/Foxd1/Lox/Sfrp2/Msx1/Lrp2/Hsp90ab1/Hes1/Cdkn2b/Pmepa1/Gdf5/Htra1/Ovol2/Rnf165/Sorl1/Brms1/Stk11/Parp1/Slc2a10/Sox11/Snx6"
"GOBP_INNERVATION",0.945041816009558,0.995741353310535,0.0129541261385437,-0.213302142033293,-0.60156943851818,17,"Sulf2/Rnf165/Ednra/Slitrk6"
"GOBP_CARDIAC_SEPTUM_MORPHOGENESIS",0.945425616547335,0.995741353310535,0.0119240875420497,-0.191962062512725,-0.664791090713541,41,"Lrp2/Hes1/Id2/Fzd2/Dhrs3/Adamts19/Sox11/Aplnr/Sox4"
"GOBP_PROTEIN_K63_LINKED_UBIQUITINATION",0.945508497437281,0.995741353310535,0.0196414549699051,0.183311306103843,0.675729923111911,37,"Ube2n/Rnf168/Ube2b/Kcmf1/Plaa"
"GOBP_TRNA_MODIFICATION",0.945695162762397,0.995741353310535,0.0112555384471986,-0.183631371772608,-0.698532845271271,65,"Trmt12/Qtrt1/Rpusd4/Sars/Trmt6/Aars/Lcmt2/Cdkal1/Alkbh1/2210016F16Rik/Thg1l"
"GOBP_POSITIVE_REGULATION_OF_MOLECULAR_FUNCTION",0.945766054480463,0.995741353310535,0.0079466982164494,-0.169319348653164,-0.807741614797015,355,"Diras2/Odam/Mmd/Bcar3/Gtf2b/Foxc1/Dbi/Adipoq/Card11/Ddrgk1/Gpsm1/Gata3/Tbc1d20/Cftr/Arhgap42/Zfp622/Mapk3/Pim1/Sirt2/Rgs6/Rgn/Trim14/Grn/H2-Eb1/Camk1/Hes1/Trim27/Rgs10/Chp2/Cd74/Rhoc/Ahsa1/Irak1/Gnb5/Rtkn2/Prlr/Rcn3/Rpl11/Sipa1l1/Creb3/Thy1/Tpd52l1/Crnn/Map3k13/Azin2/Cacna1d/Ctss/Ppia/Tesc/Fgfr4/Tlr3/Rsu1/Asap3/Tbc1d30/Stk11/Lars/Tnfsf15/Ednra/Sox7/Cib1/Myl4/Ltf/Vsir/Rapgef3/Prss22/B3gat3/Chil1/Trim62/Evi5l/Trim34a/Unc119/Cr1l/Taok3/Gas6/Stox1/Ccdc125/Fbn1/Polg2/Fgf1/Vcp/Actn4"
"GOBP_VENTRICULAR_CARDIAC_MUSCLE_CELL_ACTION_POTENTIAL",0.945872801082544,0.995741353310535,0.0128106027918377,-0.212464478568065,-0.614334579846115,19,"Pkp2/Nedd4l/Dsg2/Gpd1l/Kcnh2/Cacna1c"
"GOBP_REGULATION_OF_NATURAL_KILLER_CELL_MEDIATED_IMMUNITY",0.946999220576773,0.996478562148434,0.0190518277703634,0.19112907146343,0.65429343663761,27,"Il18rap/H2-Q7/Vav1/Serpinb3a"
"GOBP_CELLULAR_RESPONSE_TO_RETINOIC_ACID",0.947564546180463,0.996478562148434,0.0194064380706192,0.184625539010375,0.672093981916551,35,"Wnt9a/Creb1/Fzd4/Tnf/Epha3/Yes1/Yap1/Tbx1/Hdac2"
"GOBP_REGULATION_OF_DNA_DAMAGE_RESPONSE_SIGNAL_TRANSDUCTION_BY_P53_CLASS_MEDIATOR",0.948884991230268,0.996478562148434,0.0184812066773859,0.191782166635177,0.630869401874082,23,"Pmaip1/Pla2r1/Cops3/Ankrd1/Dyrk1a/Snai2/Ddx5/Mdm2/Atr/Kmt5a/Eef1e1"
"GOBP_POSITIVE_REGULATION_OF_TELOMERE_MAINTENANCE",0.949273072060683,0.996478562148434,0.0117640529457766,-0.187024045058625,-0.661490712430828,45,"Terf1/Mapk3/Mcrs1/Fbxo4/Actr5/Hsp90aa1/Ruvbl1/Pml/Ppp1r10"
"GOBP_UBIQUITIN_DEPENDENT_PROTEIN_CATABOLIC_PROCESS_VIA_THE_MULTIVESICULAR_BODY_SORTING_PATHWAY",0.949717804002052,0.996478562148434,0.0188196094764328,0.191427203705684,0.642399002210255,25,"Plaa/Vps36/Chmp2b/Rnf115/Stam/Nedd4/Chmp7/Chmp1b"
"GOBP_POSITIVE_REGULATION_OF_PROTEIN_LOCALIZATION_TO_MEMBRANE",0.949774436090226,0.996478562148434,0.0212380808461584,0.169310883489116,0.726407229825455,74,"Itgam/Pik3ca/Stom/Kif5b/Rac1/Tnfaip6/Dsg3/Tnf/Crkl/Epha3/Wnk3/Stac2/Ssh1/Atp2b4/Arf6/Tcaf1/Crk/Itgb2/Rab11fip2/Itgb1bp1/Zdhhc5/Erbb2/Dlg1/Prkci/Sorbs1/Arhgef16/Sptbn1/Epha2/Ezr/Akt2"
"GOBP_RNA_TEMPLATED_DNA_BIOSYNTHETIC_PROCESS",0.949952030700352,0.996478562148434,0.0119265600050344,-0.19115966621718,-0.651710802190987,38,"Terf1/Stn1/Fbxo4/Hsp90ab1/Hsp90aa1/Nhp2/Gar1/Sox7"
"GOBP_ORGANISM_EMERGENCE_FROM_PROTECTIVE_STRUCTURE",0.950326572705397,0.996478562148434,0.0129751062013478,-0.215240966004785,-0.588754535413949,15,"Grn/Hs3st6/Ccdc62/Arhgdig/Ppp4r4"
"GOBP_POSITIVE_REGULATION_OF_NEURON_PROJECTION_DEVELOPMENT",0.950689756383916,0.996478562148434,0.0106393792931331,-0.178229016975481,-0.717366287903887,91,"Trim67/Eef2k/P3h1/Tox/Alkal2/Grn/Camk1/Nckipsd/Reln/Serpinf1"
"GOBP_VESICLE_TETHERING",0.950714886459209,0.996478562148434,0.01265541871315,-0.205983393290622,-0.605690094962883,20,"Trappc3/Exoc8/Trappc11/Stard3nl/Exoc4/Exoc7"
"GOBP_PHOSPHATIDYLINOSITOL_BIOSYNTHETIC_PROCESS",0.951278195488722,0.996478562148434,0.0212135308745268,0.168926680180043,0.724758853444198,74,"Synj1/Mtm1/Cwh43/Pgap1/Pik3ca/Ip6k3/Itpka/Mtmr1/Pigf/Pik3c2a/Dgke/Impa2/Pikfyve/Efr3a/Pigp/Pigm/Inpp4a/Plcg2/Inpp5f/Synj2"
"GOBP_AXO_DENDRITIC_TRANSPORT",0.95148095909732,0.996478562148434,0.0202245538651436,0.175161170946433,0.715334236063255,57,"Ap3b2/Pafah1b1/Rab21/Kif5b/Stau1/Spast/Opa1/Borcs5/Kif1b/Trak2/Stau2/Flot2/Spg7/Bloc1s6/Bloc1s4/Apba1/Bloc1s5/Atg16l1/Ndel1/Kif17/Hap1/Uchl1/Kif1c/Kif4/Hdac6/Mapt/Hnrnpu"
"GOBP_REGULATION_OF_HYDROLASE_ACTIVITY",0.952560873215785,0.996478562148434,0.00988255437361588,-0.17351495869171,-0.7398770311168,133,"Odam/Bcar3/Cdk5rap3/Gpsm1/Tbc1d20/Arhgap42/Rgs6/Grn/Rgs10/Chp2/Rhoc/Adap1/Gnb5/Rcn3/Sipa1l1/Thy1/Gnat1/Rsu1/Asap3/Tbc1d30/Lars/Rasip1/Vsir/Rapgef3/Prss22/Mia2/Evi5l/Vav2/Cr1l/Ccdc125/Vcp"
"GOBP_METANEPHROS_MORPHOGENESIS",0.953050034270048,0.996478562148434,0.0128887346461407,-0.210603979633113,-0.585638045804742,16,"Wt1/Hes1"
"GOBP_REGULATION_OF_HEART_RATE_BY_CARDIAC_CONDUCTION",0.953360080240722,0.996478562148434,0.0184224336360575,0.189542509091243,0.632143427730296,24,"Kcnj2/Cacna2d1/Dsc2/Scn4b/Kcnj3/Ctnna3/Ank2"
"GOBP_REGULATION_OF_INSULIN_RECEPTOR_SIGNALING_PATHWAY",0.953965000788271,0.996478562148434,0.0116564578087981,-0.184750994545809,-0.658856982151914,47,"Slc27a4/C1qtnf12/Ctsd/Pid1/Trib3/Sorl1/Cul7/Ahsg"
"GOBP_CELL_PROJECTION_ASSEMBLY",0.954178885630499,0.996478562148434,0.00764363866717492,-0.167176599025773,-0.800658573705149,370,"Spag16/Cdc42ep5/Ift81/Ntn1/Arfip2/Tbc1d10a/Cfap206/Gsn/Ift20/Cdk10/Tbc1d20/Myh10/Cep131/Hydin/Fuz/Brk1/Dync2li1/Mcrs1/Mien1/Cln3/Tctn1/Ttc12/Cc2d2a/Atg3/Mylk/Ccno/Rpgrip1/Arf4/Tmem216/Ophn1/Rsph9/Pmp22/Fam161a/Rsph1/Ubxn10/Rab34/Tmem80/Poc1b/Iqcb1/Sh3yl1/Hsp90aa1/Ift43/Itgb4/Iqcg/Ephb2/Pik3r1/Tbc1d30/Cfl1/Atat1/Drc1/Cdkl5/Pld1/Snap29/P2rx4/Rabep2/Shtn1/Csnk1d/Armc9/Aif1l/Ccdc146/Rpgrip1l/Map4k4/Ccdc103/Eps8l2/Bbs4/Ift122/Arl3/Evi5l/Tbc1d16/P2ry12/Vav2/Zmynd8/Cep89/Dnaaf3/Bbs9/Cep250/Yif1b/Ttll5/Cfap54/Golph3/Sdcbp/Ccdc28b/Tbc1d13/Alpk1/Rpgr/Dpysl3/Hras/P2rx7/Fgd2/Ttc21b/Sgsm3/Cep70/Slc9a3r1/Ift88/Arap1/Cep19/Palm/Tmem231/Dnah2/Cttn/Cdc42ep4/Sh2b1/Ift172/Fscn1/Akt1/Arhgap24/Hspb11/Tbc1d22a/Rapgef2/Nck2"
"GOBP_VIRAL_PROCESS",0.95474528057926,0.996478562148434,0.00858883783244623,-0.169485972253837,-0.780437271622301,246,"Pcx/Gtf2b/Edem2/Cldn1/Cd209b/P4hb/Ldlr/Isg20/Lgals1/Efnb3/Tbc1d20/Myh10/Irf7/Mvb12a/Spcs1/Ppib/St3gal4/Furin/Trim14/Ctsl/Hsp90ab1/H2-Eb1/Trim27/Bst2/Cd74/Anpep/Eif2d/Mgat4b/Ctsb/Creb3/Vamp8/Slc52a2/Ifitm2/Vps18/Ppie/Ppia/Rnasel/Vps37d/Cfl1/Mgat2/Wwp2/Cxcr6/Ltf/Man2a1/Vps28/Tmem41b/Canx/Trim62/Taf11/Tnip1/St6gal1/Vps37b/Cr1l/Gas6/Ddb1/Bsg/Vcp/Hexim1/Pcbp2/Slc7a1/Trim8/Spcs3/Mrc1/Lrsam1/Dynlt1b/Banf1/Trim12c/Slc6a19/Trim15/Chmp6/Cav2/Axl/Plscr1/Cdk9/Usf2/Ctbp2"
"GOBP_REGULATION_OF_PROTEASOMAL_UBIQUITIN_DEPENDENT_PROTEIN_CATABOLIC_PROCESS",0.955182926829268,0.996478562148434,0.0213615756088607,0.16888608714997,0.730764655735492,78,"Pbk/Mtm1/Xpo1/Wac/Il33/Bag2/Trib2/Csnk1a1/N4bp1/Sh3rf2/Sh3rf1/Sumo1/Rybp/Csnk2a1/Cdk2/Prickle1/Det1/Ogt/Socs4"
"GOBP_REGULATION_OF_THE_FORCE_OF_HEART_CONTRACTION",0.955277587388622,0.996478562148434,0.0128548326055892,-0.209535553145193,-0.582667013625951,16,"Pln/Adrb1/Myl4/Nos3/Adra1a/Atp1a1/Atp2a2/Cav1"
"GOBP_NEGATIVE_REGULATION_OF_MRNA_PROCESSING",0.95558773835385,0.996478562148434,0.0178233245722316,0.198630432817962,0.60188824555175,17,"Srsf10/Rbm20/Dyrk1a/Srsf7"
"GOBP_ACTIVATION_OF_IMMUNE_RESPONSE",0.955856533734638,0.996478562148434,0.00806010454937281,-0.167914850039756,-0.79134756476138,310,"Nr1d1/Bpifb1/Tec/Hsp90b1/Tnip2/C2/Card11/Ffar2/Gata3/C7/Irf7/C4b/Sirt2/Nop53/C3/H2-Eb1/Irf5/Kcnn4/Lat2/Lrrc14/Irak1/App/Themis2/Letmd1/Map2k6/Sarm1/Tlr5/Serping1/Lpxn/Thy1/Casp6/Cd19/Ptpn22/C1s1/Zdhhc1/C1qa/Slc15a3/Hsp90aa1/Prnp/Ctss/Tnfrsf21/Pik3r1/Tlr3/Vtcn1/Gpr108/Stk11/Atat1/Tlr7/Tlr9/Scimp/Parp1/Cd276/Plcg1/Nfatc2/Trim3/Ptpn6/Ltf/Smpdl3a/Pik3ap1/Ppt1/Cd300ld/Unc93b1/Sec14l1/Smpdl3b/Ikbke/Irak4/Tespa1/Fyn/Tnip1/Cfp/Susd4/Vav2/Cr1l/Cyba/A2m/Ticam2"
"GOBP_CELLULAR_RESPONSE_TO_STEROID_HORMONE_STIMULUS",0.956627540795877,0.996478562148434,0.0101655852821328,-0.174208141172433,-0.727928689911992,117,"Nr1d1/Calr/Fkbp4/Pgrmc2/Ddrgk1/Uba5/Sox10/Zdhhc7/Tcf7l2/Akr1c18/Serpinf1/Ass1/Zfp36l2/Arntl/Pmepa1/Cnot2/Vps18"
"GOBP_NEGATIVE_REGULATION_OF_LEUKOCYTE_CELL_CELL_ADHESION",0.956942789034565,0.996478562148434,0.0107679193131493,-0.176911974552825,-0.692351155674321,76,"Lgals1/Pla2g2d/H2-M3/Jak3/H2-Eb1/Cd74/Gpnmb/Ass1/Ptpn22/Prnp/Tnfrsf21/Casp3/Vtcn1/Scgb1a1/Ptpn6/Arg2/Vsir/Cr1l/Mad1l1/Cd37/Loxl3/Akt1/Lag3/Runx1/Scrib/Tnfaip8l2/Pag1/Btla/Gli3/Csk/Zc3h12a/Ildr2/Smad7/Vsig4/Ripor2/Dusp3/H2-T23"
"GOBP_POSITIVE_REGULATION_OF_INTERLEUKIN_2_PRODUCTION",0.958499005964215,0.996478562148434,0.0182092733606427,0.189804934469715,0.616380413160914,22,"Sash3/Pde4b/Ptprc/Plcg2/Il1b/Prkcq/Traf6/Map3k7/Sptbn1"
"GOBP_ESTABLISHMENT_OF_PROTEIN_LOCALIZATION_TO_MITOCHONDRIAL_MEMBRANE",0.95859717486605,0.996478562148434,0.0179093211497247,0.195037624567826,0.599497500292182,18,"Tomm70a/Oxa1l/Cox18/Bax/Maip1/Tomm5/Tomm22/Ndufa13/Timm8a1/Trmt10b/Calm3/Romo1/Agk/Timm10/Timm9/Bcs1l/Timm13/Tomm40"
"GOBP_IMMUNE_RESPONSE_REGULATING_CELL_SURFACE_RECEPTOR_SIGNALING_PATHWAY",0.958619760075482,0.996478562148434,0.00919510821701474,-0.16979531402176,-0.754552351662138,180,"Nr1d1/Bpifb1/Tec/Tnip2/Card11/Ffar2/Gata3/H2-M3/C3/H2-Eb1/Kcnn4/Lat2/Irak1/Themis2/Letmd1/Tlr5/Lpxn/Thy1/Cd19/Ptpn22/Prnp/Tnfrsf21/Pigr/Pik3r1/Vtcn1/Cd40/Stk11/Scimp/Cd276/Plcg1/Nfatc2/Ptpn6/Ltf/Pik3ap1/Irak4/Tespa1/Fyn/Cd24a/Vav2/Cr1l/Cyba/Ticam2"
"GOBP_NEGATIVE_REGULATION_OF_ORGAN_GROWTH",0.959436232382262,0.996478562148434,0.0128366061660509,-0.209201393463424,-0.572234326497915,15,"Rbp4/Kcnk2/Mapk11/G6pdx/Vgll4/Stk3/Cav3"
"GOBP_POSITIVE_REGULATION_OF_FAT_CELL_DIFFERENTIATION",0.959840637450199,0.996478562148434,0.0117248600051985,-0.184537746047022,-0.633007823161322,39,"Xbp1/Sfrp2/Pim1/Id2/Ffar4"
"GOBP_POSITIVE_REGULATION_OF_BLOOD_CIRCULATION",0.960639192598823,0.996478562148434,0.0125041812139481,-0.199771450581177,-0.587424000257475,20,"Slc1a1/Adm2/Hsp90aa1/Adrb1"
"GOBP_GLYCEROPHOSPHOLIPID_BIOSYNTHETIC_PROCESS",0.960694398951851,0.996478562148434,0.0223971593026717,0.165105951270118,0.764255405571832,113,"Synj1/Mtm1/Cwh43/Gpam/Pgap1/Pik3ca/Dgkh/Lclat1/Ip6k3/Gnpat/Sh3glb1/Rab38/Itpka/Gpat4/Alox15/Mtmr1/Pigf/Chpt1/Pik3c2a/Dgke/Impa2/Pikfyve/Efr3a/Lpcat4/Pigp"
"GOBP_REGULATION_OF_RESPONSE_TO_NUTRIENT_LEVELS",0.960897900072411,0.996478562148434,0.0177416134041926,0.196254515285829,0.594688760484416,17,"Med1/Ppara/Mkks/Bbs2/Bax/Snai2/Mn1/Rxrb"
"GOBP_BROWN_FAT_CELL_DIFFERENTIATION",0.960974332111053,0.996478562148434,0.0189535197103544,0.180286800078295,0.638722480073511,31,"Ppargc1a/Ptgs2/Bnip3"
"GOBP_REGULATION_OF_LONG_TERM_NEURONAL_SYNAPTIC_PLASTICITY",0.961274845784784,0.996478562148434,0.0127638979469884,-0.205790012916907,-0.572251584327806,16,"App/Ephb2/Grik2/Dlg4/Hras/Syngr1"
"GOBP_REGULATION_OF_TELOMERE_MAINTENANCE_VIA_TELOMERASE",0.961298701298701,0.996478562148434,0.0188236461509292,0.182901500868186,0.632165491995893,28,"Tnks2/Dcp2/Ten1/Dkc1/Ctc1/Xrn1/Smg5/Pot1a"
"GOBP_PROTEIN_METHYLATION",0.96135831381733,0.996478562148434,0.0124125416303739,-0.197591061678857,-0.594487187728891,22,"N6amt1/Ndufaf7/Eef1akmt3/Mettl11b/Mettl21c/Eef1akmt2/Smyd2/Prmt1/Setd3/Setd6/Eef1akmt1/Trmt112/Snrpb"
"GOBP_MACROAUTOPHAGY",0.961573531327341,0.996478562148434,0.00859328307432843,-0.168263260028485,-0.769417768835929,232,"Cdk5rap3/Nipsnap1/Ddrgk1/Gpsm1/Uba5/Arfip2/Scfd1/Ift20/Tex264/Pex2/Mvb12a/Mapk3/Atg7/Nsfl1c/Atp6v1b1/Cln3/Ap4m1/Cdk5/Snx4/Rnf5/Atg3/Sptlc1/Atp6v1g1/Spata33/Gabarap/Mcoln1/Slc25a5/Ubxn6/Nrbp2/Exoc8/Ctsd/Snx7/Vamp8"
"GOBP_ERK1_AND_ERK2_CASCADE",0.961778147071043,0.996478562148434,0.00957017468108466,-0.170498027882552,-0.740008944166323,153,"Epha7/Arhgap8/Adipoq/Hmgcr/Xbp1/Mapk3/Alkal2/Acta2/H2-Eb1/Cd74/Casr/Ffar4/App/Rras/Gpnmb/Dusp15/Dbndd2/Zfp36l2/Ptpn22/Shc1/Chrna7/Ephb2/Fgfr4/Ephb1/Flt4/Htr2b/Tlr9/Scimp/Dusp4/Cib1/Ptpn6"
"GOBP_POSITIVE_REGULATION_OF_NF_KAPPAB_TRANSCRIPTION_FACTOR_ACTIVITY",0.961814527706001,0.996478562148434,0.0203290536677241,0.169249779133712,0.70325659727012,62,"Il18rap/S100a8/Ube2n/Mid2/Myd88/Dhx9/Ror1/Tnf/Ikbkg/Trim25/Prdx3/Traf5/Ripk3/Clock/Camk2a/Btk/Prkcq/Traf6/Rnf25"
"GOBP_VESICLE_FUSION_TO_PLASMA_MEMBRANE",0.962280252602833,0.996478562148434,0.0126915016288243,-0.203050330452466,-0.572656571175714,17,"Snap29/Cplx2/Rph3al/Syt7/Snap47/Snap23/Grik5/Snapin/Rab3a/Stx19/Syt2/Syt8/Stxbp1/Syt9/Syt5/Stx2/Cplx1"
"GOBP_REGULATION_OF_ORGANELLE_ASSEMBLY",0.962367555717939,0.996478562148434,0.0241291682637753,0.15967158996795,0.777012010478955,156,"Wdr44/Cnot6l/Mtm1/Mtor/Smad4/Prkaa2/Tapt1/Prkaa1/Tbc1d19/Hck/Sh3glb1/Rdx/Lrrc4b/Cep76/Rp1/Caskin1/Tnf/Cep97/Fez2/Pdcd6ip/Pink1/Usp10/Chmp2b/Prickle1/Pikfyve/Cnot6/Map4/Yap1/Tbc1d10b/Kif24/Stam/Evi5/Chmp7/Mdm1/Chmp1b/Rabgap1/Smcr8/Ttbk2"
"GOBP_POSITIVE_REGULATION_OF_HEART_RATE",0.962530079064971,0.996478562148434,0.0127898290757677,-0.206742449559131,-0.565508309592989,15,"Slc1a1/Adm2/Adrb1"
"GOBP_ANTEROGRADE_AXONAL_TRANSPORT",0.962558251647116,0.996478562148434,0.0118057811236035,-0.188754019757794,-0.621722095756962,32,"Ap3m2/Ap3m1/Arl8a/Ap3d1/Ap3s1/Bloc1s3"
"GOBP_PROTEIN_QUALITY_CONTROL_FOR_MISFOLDED_OR_INCOMPLETELY_SYNTHESIZED_PROTEINS",0.962988348183688,0.996478562148434,0.0127380066008562,-0.204694364922822,-0.569204855812686,16,"Saysd1/Pex12/Vcp/Ube2w/Ankzf1"
"GOBP_LYMPHOCYTE_DIFFERENTIATION",0.963174046470846,0.996478562148434,0.027192973763518,0.157765070368926,0.813683057764638,241,"Vcam1/Spn/Tbx21/Inhba/Nfil3/Atf2/Mtor/Sash3/Mafb/Tnfsf4/Ppp3cb/Socs3/H2-Q7/Bmi1/Zbtb1/Il4ra/Dock11/Sos1/Hdac4/Rorc/Lipa/Rbpj/Cdk6/Klf6/Tyro3/Bcl11b/Pbrm1/Cebpg/Bcl6/Cbfb/Ccr9/Kat7/Tcf7/Srf/Tbk1/Vav1/Opa1/Sh3rf1/Il6ra/Hmgb1/Il23r/Stat3/Fgl2/Ptprc/Dusp10/Yy1/Lig4/Il6st"
"GOBP_FORMATION_OF_PRIMARY_GERM_LAYER",0.963265306122449,0.996478562148434,0.0108877044006375,-0.176104113375132,-0.678529260196078,70,"Elf5/Eya2/Foxc1/Sfrp2/Col5a1/Ext2/Mmp2/Foxc2/Col4a2/Itgb4/Sox7/Dusp4/Sox2"
"GOBP_REGULATION_OF_NOTCH_SIGNALING_PATHWAY",0.963337935266145,0.996478562148434,0.0111053176037851,-0.177440786416977,-0.668442537489091,62,"Slc35c2/Mfng/Hes1/Tspan15/Ovol2/Bend6/Srebf2/Rita1/Chac1/Nle1/Egfl7/Wwp2/Llgl2/Nos3/Enho/Slc35c1/Tspan14/Dll4/Arrdc1/Akt1/Aak1/Dlx2/Mmp14"
"GOBP_SKELETAL_MUSCLE_CELL_DIFFERENTIATION",0.963770089893762,0.996478562148434,0.0194999066997947,0.173943653735012,0.675803687830361,46,"Myf6/Large1/Myf5/Six4/Hivep3/Maff/Ankrd1/Sap30/Smyd1/Tbx1/Barx2/Heyl/Nr1d2/Rb1/Ddx5/Pax5/Klf5"
"GOBP_REGULATION_OF_RHO_PROTEIN_SIGNAL_TRANSDUCTION",0.963777089783282,0.996478562148434,0.011234016054238,-0.17858511007397,-0.661165942235962,56,"Col3a1/Arhgef10/Arhgap42/Kctd10/Ophn1/Arhgef28/Arhgef18/Mcf2l"
"GOBP_NEGATIVE_REGULATION_OF_OSSIFICATION",0.964012817352724,0.996478562148434,0.0180034684198413,0.190861552103041,0.602452530652412,20,"Smad3/Ccr1/Rbpj/Kremen1/Rflnb/Grem1"
"GOBP_LYMPHOCYTE_ACTIVATION",0.964541547277937,0.996478562148434,0.00703679676770464,-0.165318299521397,-0.802773342460843,439,"Cadm1/Cd209b/Tnip2/Itfg2/Xbp1/Card11/Ddrgk1/Aplf/Mapk8ip1/Gata3/Lgals1/Gsn/Pms2/Efnb3/Cd1d1/Mertk/Slamf8/Pla2g2d/Slc39a7/Mfng/Ddost/Chrnb2/Rab27a/Kdelr1/Tox/Wdfy4/H2-M3/H2-DMa/Smarcc2/Gpr89/C3/Jak3/Ctsl/Icos/H2-Eb1/Hes1/Tmem98/Bst2/Id2/Lat2/Cd74/Kif13b/Klhl22/Themis2/Hsph1/Gpnmb/Prlr/Slc25a5/Ap3d1/Slamf9/Zfp36l2/Exosc3/Thy1/Cd19/Ptpn22/Nkx2-3/Tpd52/Cmtm7/Prnp/Ephb2/Tnfrsf21/Casp3/Bloc1s3/Pik3r1/Ephb1/Vtcn1/Sart1/Cd40/Stk11/Runx2/Tlr9/Syvn1/Scgb1a1/Sox11/Sox4/Txlna/Cd276/Gba/Fzd8/Nfatc2/Skap2/Kmt5c/Pkn1/Ptpn6/Bak1/Arg2"
"GOBP_POSITIVE_REGULATION_OF_HEMOPOIESIS",0.964636542239686,0.996478562148434,0.0223271183515722,0.162294918239575,0.748606599276303,111,"Tnfsf11/Kitl/Sash3/Tnfsf4/Creb1/H2-Q7/Ccr1/Zbtb1/Il4ra/Klf10/Pbrm1/Bcl6/Cbfb/Il34/Ppp3ca/Opa1/Tnf/Hmgb1/Il23r/Ptprc/Dusp10"
"GOBP_VESICLE_TRANSPORT_ALONG_MICROTUBULE",0.964662615925807,0.996478562148434,0.0117004037224561,-0.185159989540115,-0.631256413577157,38,"Ap3m2/Cln3/Ap3m1/Ap3d1/Ap3s1/Bloc1s3/Stk11"
"GOBP_VIRAL_BUDDING",0.96472184531886,0.996478562148434,0.0125629810604808,-0.202178980376852,-0.578028903958069,18,"Mvb12a/Vps37d/Vps28/Vps37b/Lrsam1/Chmp6"
"GOBP_REGULATION_OF_SMOOTH_MUSCLE_CONTRACTION",0.964889466840052,0.996478562148434,0.0119389271219437,-0.188386895968493,-0.602250900453131,28,"Ormdl3/Arhgap42/Abat/Chrm3"
"GOBP_REGULATION_OF_PROTEIN_UBIQUITINATION",0.965,0.996478562148434,0.0100009518362198,-0.171188012626302,-0.717039461639743,119,"Hspa5/Cdk5rap3/Bex3/Derl1/Fbxo4/Cdk5/Hsp90ab1/Sirt7/Gabarap/Ubb/Rpl11/Bex1/Wdr48/Ptpn22/Trib3/Hsp90aa1/Ppia/U2af2"
"GOBP_T_CELL_DIFFERENTIATION_IN_THYMUS",0.966282894736842,0.996478562148434,0.0195554737809942,0.170194913944175,0.681737565050513,52,"Spn/Mafb/Bmi1/Zbtb1/Sos1/Cdk6/Bcl11b/Srf"
"GOBP_POSITIVE_REGULATION_OF_DENDRITIC_SPINE_DEVELOPMENT",0.966352405721717,0.996478562148434,0.0119166720699033,-0.187019216428661,-0.597878588726455,28,"Eef2k/Camk1/Reln/Ephb2/Cfl1/Foxo6/Zmynd8"
"GOBP_MORPHOGENESIS_OF_A_BRANCHING_STRUCTURE",0.966366108487191,0.996478562148434,0.0100077950004519,-0.171595099759751,-0.717670858027047,118,"Cited1/Maged1/Epha7/Foxd1/Ctsz/Sfrp2/Sox10/Wt1/Casr/Shox2/Lama1/Map3k13/Foxc2/Tfap2c/Dchs1/Rasip1/Ednra/Ext1/Greb1l/Spint2/Llgl2/Pml/Ptch1/Sfrp1/Ddr1/Fgf1/Fzd5/Col4a1/Lrp5"
"GOBP_PODOSOME_ASSEMBLY",0.966415352981494,0.996478562148434,0.0126863422526606,-0.202039550551571,-0.561822467773001,16,"Gsn"
"GOBP_REGULATION_OF_COLLAGEN_METABOLIC_PROCESS",0.966717869943676,0.996478562148434,0.0126245509516998,-0.199191415763641,-0.561773393348632,17,"Mfap4/Cygb/Creb3l1/Vsir"
"GOBP_POSTSYNAPTIC_DENSITY_ORGANIZATION",0.967784180199057,0.996478562148434,0.0188478938685799,0.176065540253442,0.623767344460732,31,"Itgb3/Lrrc4b/Caskin1/Slitrk3/Nptx1/Shank3/Prickle1/Lrrc4/Slc30a1/Arf6/C1ql3"
"GOBP_POLYOL_BIOSYNTHETIC_PROCESS",0.968107159942593,0.996478562148434,0.0116077414036267,-0.182520642439428,-0.616822205002224,36,"Asah2/Pts/Sptlc1/Ptafr/Asah1/Gba/Adcyap1r1/Impa1/Sptssa/Spr/Scp2/Sptlc3/Abca2/Qdpr"
"GOBP_LYMPHOCYTE_APOPTOTIC_PROCESS",0.968769422001243,0.996478562148434,0.0112125146665103,-0.175588886596915,-0.647420130489863,55,"Ormdl3/Pip/Kdelr1/Efna1/Casp7/Jak3/Cd74/Bbc3/Tnfrsf21/Pkn1/Bak1/Arg2/Adam8/Chek2/Cd27/P2rx7/Il7r"
"GOBP_VENTRICULAR_SYSTEM_DEVELOPMENT",0.968905886265381,0.996478562148434,0.0122105725345953,-0.189798094813478,-0.583850587750729,24,"Myh10/Hydin/Mnat1/Rpgrip1l/Bbs4/Numbl/Ttc21b"
"GOBP_REGULATION_OF_RELEASE_OF_SEQUESTERED_CALCIUM_ION_INTO_CYTOSOL",0.969159388646288,0.996478562148434,0.0194445894772431,0.16833793479961,0.661206375953677,48,"Tmem38b/Trdn/Jph4/Itgb3/Akap6/Capn3/Ryr2/Coro1a/Ubash3b/Tmem38a/Snca/Atp1a2/Ank2/Hrc"
"GOBP_POSITIVE_REGULATION_OF_CELL_MORPHOGENESIS",0.969364351245085,0.996478562148434,0.011985995578168,-0.187343956502684,-0.584320481484363,25,"Eef2k/Reln/Ephb2/Cul7/Cdkl5/Anapc2/Numbl/Obsl1/Ankrd27/Bhlhb9"
"GOBP_POSITIVE_REGULATION_OF_POST_TRANSLATIONAL_PROTEIN_MODIFICATION",0.969493046209062,0.996478562148434,0.0106277256756725,-0.173736607669029,-0.675140051098302,73,"Hspa5/Cdk5rap3/Nop53/Derl1/Fbxo4/Gabarap/Ubb/Ptpn22/Trib3"
"GOBP_POSITIVE_REGULATION_OF_PROTEIN_METABOLIC_PROCESS",0.969654364381957,0.996478562148434,0.00658659726374063,-0.164204009794081,-0.804402715621317,493,"Diras2/Angpt4/Odam/Cntn2/Hspa5/Mmd/Cdk5rap3/Trim67/Serp1/Adipoq/Ldlr/Xbp1/Nnmt/Ddrgk1/Rhbdd1/Tbc1d10a/Gsn/Tfr2/Ppp1r15a/Atg7/Pim1/Sirt2/Efna1/Rpusd4/Furin/Nop53/Enpp2/Mydgf/Grn/Derl1/Pxylp1/Fbxo4/Lrp2/C3/H2-Eb1/Camk1/Hes1/Cd74/Rnf185/Tcf7l2/App/Gabarap/Nkd1/Prlr/Ubb/Rcn3/Fam161a/Rspo1/Nedd4l/Arntl/Psmc1/Tpd52l1/Trf/Ptpn22/Trib3/Hsp90aa1/Snx1/Anxa2/Chrna7/Ppia/Casp3/Fgfr4/Tlr3/Sorl1/Il17d/Snx33/Cfl1/Brms1/Flt4/Stk11/Tlr9/Bcap31/Tnfsf15/Slc2a10/Tmem259/Piwil2/Rnft2/Pld1/Ifngr1/Tnk2/Gba/Cib1/Bak1/Ltf/Mettl8/Vsir/Pias3/Csnk1d/Mif4gd/Vps28/Prss22/Chil1/Rchy1/Usp5/Tnip1/Nub1/Uqcc2/Unc119/Nkd2/Rps27l/Cr1l/Taok3/Polr2g/Ctf1/Gas6/Ddb1/Stox1/Adam8/Phf23/Fbn1/Herpud1/Fgf1/Vcp/Commd1/Ybx1/Mpv17l2"
"GOBP_REGULATION_OF_HEART_RATE",0.970884311599814,0.996478562148434,0.0111314741823906,-0.174769083604086,-0.648146178008064,57,"Slc1a1/Pkp2/Ace/Pln/Shox2/Adm2/Cacna1d/Sptbn4/Adrb1/Ednra/Dsg2/Cacna1g/Calm2/Gpd1l/Kcnh2/Adra1a/Cacna1c"
"GOBP_GASTRULATION",0.97113807805838,0.996478562148434,0.022246796177298,0.159308054438511,0.729981329994984,108,"Tbx6/Inhba/Bmpr2/Smad4/Smad3/Cdc73/Eya1/Itgb3/Apln/Rnf2/Acvr2a/Ahdc1/Map2k1/Srf/Wnk1/Nckap1/Rtf1/Ugdh"
"GOBP_INTERLEUKIN_2_PRODUCTION",0.97145144076841,0.996478562148434,0.0190682887565915,0.169230751183713,0.628277483529632,38,"Tbx21/Sash3/Pde4b/Tnfaip3"
"GOBP_RHO_PROTEIN_SIGNAL_TRANSDUCTION",0.971631205673759,0.996478562148434,0.010411890159306,-0.170113338096176,-0.67875188017383,86,"Cdc42ep5/Col3a1/Ntn1/Arhgef10/Arhgap42/Kctd10/Plekhg5/Ophn1/Arhgef28/Arhgef18/Mcf2l/Cfl1/Rasip1/Col1a2/Shtn1/Rtkn/Eps8l2/Arhgdia/Arhgdig"
"GOBP_PROTEIN_CONTAINING_COMPLEX_LOCALIZATION",0.972152253008676,0.996478562148434,0.00956566522127994,-0.167060569124374,-0.71235517002333,133,"Ift81/Fkbp4/Slc1a1/Ift20/Terf1/Cep131/Fuz/Dync2li1/Nme7/Clstn1/Stx7/Reln/Lca5l/Ap3m1/Ophn1/Gabarap/Ap3d1/Rps15/Ift43/Neto2/Gsg1l/Tub/Tmem108/Dlg4/Pml/Rab4a/Ift122/Arl3/Kif5c/Susd4"
"GOBP_EMBRYONIC_PLACENTA_DEVELOPMENT",0.972583424721918,0.996478562148434,0.0112770819946285,-0.17406921980226,-0.636099165063774,53,"Cited1/Elf5/Hes1/Krt8/Ovol2/Vash2/Spint2/Llgl2/Zfp36l1/Fzd5/Snai1/Taf10/Nr2f2/Plcd3/Akt1/Cited2/Pkd2/Stk3/Pcdh12"
"GOBP_MICROVILLUS_ORGANIZATION",0.972639881685975,0.996478562148434,0.0178718590215315,0.184491711473641,0.582346194071,20,"Stk26/Rdx/Rap2b/Rapgef6/Rap1b/Klf5/Rap2a/Ezr"
"GOBP_GLYCEROLIPID_BIOSYNTHETIC_PROCESS",0.973037494733886,0.996478562148434,0.00960626750139652,-0.166658498616915,-0.706635381131574,128,"Awat2/Pnpla3/Ldlr/Pigk/Liph/Pi4k2b/Lcat/Pigz/Cln3/C3/Dpm3/Mtmr7/Slc44a4/Cdipt/Sh3yl1/Pip5k1b/Pik3r1/Pigl/Htr2b/Pcyt2"
"GOBP_REGULATION_OF_PROTEIN_LOCALIZATION_TO_CELL_PERIPHERY",0.973733855753882,0.996478562148434,0.0101037488771983,-0.167778568226234,-0.68694599321497,100,"Mrap/Agr2/Vil1/Cln3/Cdk5/Zdhhc7/Stx7/Gabarap/Pid1/Vamp8/Tmem59/Prnp/Ephb2/Pik3r1/Neto2"
"GOBP_WOUND_HEALING",0.974253874727808,0.996478562148434,0.00809566548438002,-0.164189357285963,-0.761427283976542,262,"Angpt4/Odam/Tec/Prcp/Col3a1/Cldn1/Myl9/Procr/Lman1/Kng2/Xbp1/Pdia3/Mertk/Myh10/St3gal4/Col5a1/Rab27a/Casp7/Vil1/Arhgef19/Rhoc/Mylk/Anxa5/Serping1/Csrp1/Entpd2/Foxc2/Anxa2/Ppia/Ephb2/Bloc1s3/Smoc2/Cd40/Sytl4/Coro1b/Adamts18/Tmeff2/Ak3/Ext1/Ptpn6/Pafah2/Actn1/Serpind1/Cd9/P2rx1/Itpk1/BC004004/Nos3/Vtn/Angptl7/Fgg/P2ry12/Vav2/F13a1/Gas6/Ddr1/Fgf1/Syt7"
"GOBP_REGULATION_OF_CILIUM_MOVEMENT",0.974327628361858,0.996478562148434,0.0177268136100523,0.181615012543026,0.566825081177702,19,"Ccdc39/Cfap20/Mkks/Irgc1/Bbs2/Ccdc40/Pgam1/Cfap69"
"GOBP_MESENCHYMAL_CELL_PROLIFERATION",0.974345818368394,0.996478562148434,0.0184380793328517,0.175590793183067,0.589254547705438,25,"Stat1/Tbx2/Foxp2/Gpc3/Tbx1/Bmp2/Kdr/Nfib"
"GOBP_NEGATIVE_REGULATION_OF_CELL_CELL_ADHESION",0.974518131329631,0.996478562148434,0.0221299348211727,0.158223235725572,0.728991834611098,110,"Spn/Tbx21/Gtpbp4/Tnfsf4/H2-Q7/Jak2/Gnrh1/Il4ra/Cblb/Abca12/Rdx/Bcl6/Cbfb/Ppm1f/Map2k1/Wnk1/Ppara/Hmgb1/Peli1/Fgl2/Ythdf2/Hlx/Cd274/Prkar1a/Ubash3b"
"GOBP_MYOBLAST_FUSION",0.974770642201835,0.996478562148434,0.0119043193257453,-0.182978025125602,-0.570703265471592,25,"Adamts15/Nfatc2/Cd9/Cdon/Plekho1/Dock1/Dyrk1b/Myog/Cav3/Ripor2/Cd53"
"GOBP_REGULATION_OF_LYMPHOCYTE_ACTIVATION",0.974787786646396,0.996478562148434,0.00789997104184268,-0.163678481507824,-0.764222303431966,281,"Cd209b/Tnip2/Xbp1/Card11/Ddrgk1/Aplf/Mapk8ip1/Gata3/Lgals1/Pms2/Efnb3/Cd1d1/Mertk/Slamf8/Pla2g2d/Chrnb2/Tox/H2-M3/H2-DMa/Smarcc2/Jak3/Icos/H2-Eb1/Hes1/Id2/Cd74/Klhl22/Themis2/Hsph1/Gpnmb/Prlr/Ap3d1/Zfp36l2/Exosc3/Thy1/Cd19/Ptpn22/Prnp/Ephb2/Tnfrsf21/Casp3/Bloc1s3/Vtcn1/Sart1/Cd40/Tlr9/Scgb1a1/Sox11/Sox4/Cd276/Nfatc2/Kmt5c/Pkn1/Ptpn6/Arg2"
"GOBP_REGULATION_OF_SIGNALING_RECEPTOR_ACTIVITY",0.974795967354777,0.996478562148434,0.0174488634993075,0.187499966167891,0.558057875485291,16,"Grem2/Cacng7/Zgpat/Socs4/Cacng4"
"GOBP_REGULATION_OF_ALCOHOL_BIOSYNTHETIC_PROCESS",0.974881748491274,0.996478562148434,0.0118377511191149,-0.181624031470008,-0.57134795311215,26,"Insig1"
"GOBP_REGULATION_OF_NEUROGENESIS",0.974986835176409,0.996478562148434,0.00853994687519666,-0.163319962346023,-0.74015989414167,211,"Nr1d1/Epha7/Eef2k/Ldlr/Ntn1/Metrn/Efnb3/Cers2/Sox10/Sirt2/Lrp2/Cdk5/Hes1/Tmem98/Reln/Cx3cr1/Id2/Egr2/Serpinf1/Shox2/Arntl/Thy1/Rnf112/Map3k13/Anxa2/Ephb2/Sorl1/Cul7/Rnf6/Stk11/Draxin/Sox11/Slc7a5/Cdkl5/Xrcc2/Shtn1/Dab1/Man2a1/Gfap/Dpysl5"
"GOBP_DENDRITIC_CELL_DIFFERENTIATION",0.97544475068905,0.996478562148434,0.0180716948046863,0.176576675238751,0.580850782151673,23,"Itgb6/H2-Q7/Rbpj"
"GOBP_NUCLEOTIDE_EXCISION_REPAIR",0.975603070175439,0.996478562148434,0.0194106712815694,0.166920152267203,0.668620086977628,52,"Hus1/Pbrm1/Ercc8/Kat7/Hmgb1/Gtf2h2/Ercc6/Lig4/Fan1/Pnkp/Slc30a9/Ercc5/Rad52/Gtf2h4/Dpf2/Rnf111/Pold1/Ercc3"
"GOBP_CELL_MORPHOGENESIS_INVOLVED_IN_NEURON_DIFFERENTIATION",0.976066468253968,0.996618669958514,0.00750502807588918,-0.16309245982714,-0.77438588460131,337,"Cntn2/Ppfia2/Unc5a/Epha7/Eef2k/Foxd1/Sema4c/Ntn1/Gata3/Metrn/Efnb3/Nsmf/Myh10/Ust/Chrnb2/Efna1/Tctn1/Triobp/Cdk5/Hexa/Dclk1/Hes1/Reln/Id2/Kif13b/Egr2/App/Ophn1/Shox2/Tbcd/Nedd4l/Sarm1/Sipa1l1/Arhgef28/Thy1/Cdh11/Map3k13/Matn2/Rnf165/Chrna7/Ephb2/Nrxn3/Pitpna/Ephb1/Lypla2/Cul7/Boc/Cfl1/Pard6b/Rnf6/Stk11/Draxin/Apbb1/Ret/Tprn/Sptbn4/Rpl24/Ednra/Cdkl5/Ext1/Whrn/Shtn1/Mfsd2a/Dab1/Zdhhc15/Dpysl5/Arhgef25/Dlg4/Fyn/Dnm2/Slitrk6/Ptch1/Kif5c/Cdk5r1"
"GOBP_NEGATIVE_REGULATION_OF_EPITHELIAL_CELL_PROLIFERATION",0.976524390243902,0.996753094619152,0.021018885784854,0.16088367476675,0.696138475278812,78,"Thbs1/Cnmd/Cdc73/Eng/Ereg/Cdk6/Krit1/Atp5a1/Stat1/Eppk1/Med1/Tnf/Mcc/Scg2/Dusp10/Flt1/Gpc3/Ift74/Rb1/Nfib/Cdkn1b/Snai2/Krt4/Pdcd10/Dsc1/Dlg1/Ppard/Wdr77/Robo1/Apoh"
"GOBP_REGULATION_OF_PROTEIN_TYROSINE_KINASE_ACTIVITY",0.977196351416227,0.996786656627034,0.0174127412802188,0.18553986328758,0.552224003237337,16,"Rap2b/Ptpn1/Zgpat/Socs4/Ptk6/Vps25"
"GOBP_MEMBRANE_ORGANIZATION",0.977597935726014,0.996786656627034,0.00645002509408645,-0.162470207049361,-0.795939208983445,496,"Zfyve19/Fa2h/Folr1/Insig1/Cntn2/Dhcr24/Tmed10/Selenon/Eya2/Tmed9/Sh3glb2/Serp1/Sec61a1/Ap3m2/Trappc3/Umod/Gsn/Surf4/Stx18/Tbc1d20/Myh10/Mvb12a/Ykt6/Col5a1/Clptm1l/Tram1/Nsfl1c/Sirt2/Preb/Casp7/Cln3/Nek6/Uqcc3/Stxbp6/C3/Stx7/Osbpl2/Ctsl/Kcnn4/Reln/Rab20/Bet1/Ndrg1/Arhgap12/Slc25a5/Rft1/Ap3d1/Exoc8/Rab34/Vamp8/Abcd2/Tlcd2/Trappc11/Ap3s1/Sec13/Azin2/Vps18/Anxa2/Emc8/Ephb2/Grin3b/Pitpna/C2cd2l/Pltp/Naxe/Snx33/Vps37d/Ubl4a/Get4/Shisa7/Sytl4/Sptbn4/Tmeff2/Stam2/Laptm4b/Snap29/Esyt1/Rab5if/Bak1/Wdr83os/Mfsd2a/Golph3l/Tomm40/Lemd2/Ppt1/Csnk1d/Vps28/Tmem41b/Timm13/Cd9/Cltrn/Clcn3/Dlg4/Tmem30b/Atp9a/Dnm2/Cd24a/Cplx2/Vps37b/Nkd2/Dmkn/Emc9/Cr1l/Zmynd8/Gas6/Rab31/Rph3al/Kcnb1/Syt7/Fcgr1/Ncln/Golph3/Exoc4/Sec16a/Cidea/Exoc7"
"GOBP_MACROMOLECULE_METHYLATION",0.977627318221961,0.996786656627034,0.0204620983829335,0.161153109054868,0.68289967714317,69,"Fdxacb1/Zcchc4/Nsun6/Mettl16/Trdmt1/Trmt44/Mrm1/Tarbp1/Trmt1l/Etf1/Trmt10c/Mettl2/Rbm15b/Wdr4/Thada/Trmt10a/Snrpd3/Mettl14/Trmt5/Nsun7/Mettl21a/Mrm3/Slc25a26/Mettl22/Kmt5a/Ehmt1/Vcpkmt"
"GOBP_PHOSPHATIDYLSERINE_METABOLIC_PROCESS",0.978396543446951,0.996786656627034,0.0173947186535218,0.182375192844204,0.542804965461831,16,"Osbpl8/Serinc1/Pla2g10/Lpcat4"
"GOBP_BRANCHING_MORPHOGENESIS_OF_AN_EPITHELIAL_TUBE",0.978427895981087,0.996786656627034,0.010305749577261,-0.166597649698784,-0.664724290470749,86,"Cited1/Maged1/Foxd1/Ctsz/Sfrp2/Wt1/Casr/Lama1/Foxc2/Tfap2c/Dchs1/Rasip1/Ednra/Ext1/Greb1l/Pml/Ptch1/Ddr1/Fgf1/Col4a1/Lrp5"
"GOBP_INCLUSION_BODY_ASSEMBLY",0.9785149535923,0.996786656627034,0.0125501815541025,-0.192843346548745,-0.527489710775843,15,"Hsp90aa1/Sorl1/Vcp/Dnaja4/Trim37/Hspa1a/Bag3/Hspa1b/Dnajb1/Mapt/Hdac6/Mfsd8/Psmc6/Sncaip/Dyrk1a"
"GOBP_LATE_ENDOSOME_TO_VACUOLE_TRANSPORT",0.978876739562624,0.996822813121272,0.0178980707780776,0.176117349631429,0.571930782694938,22,"Leprotl1/Vps36/Chmp2b/Stam/Chmp7/Chmp1b"
"GOBP_POSITIVE_REGULATION_OF_PROTEIN_BINDING",0.979356697071531,0.996979243436697,0.017380318947709,0.179842362011679,0.535266477737003,16,"Nmd3/Dtx3l/Tiam1/Aktip"
"GOBP_CELLULAR_RESPONSE_TO_UV",0.979790067366442,0.997088159828275,0.0111671911582421,-0.169767029552094,-0.620377720289187,53,"Rhbdd1/Mfap4/Actr5/Crip1/Mmp2/Pik3r1/Stk11/Parp1/Bak1/Hyal1/Bmf/Mapk11/Ei24/Ddb1/Polk"
"GOBP_REGULATION_OF_PROTEIN_LOCALIZATION_TO_MEMBRANE",0.980749037451873,0.997666252376523,0.0231262093146766,0.156643608489186,0.743409673334707,131,"Vamp4/Itgam/Pik3ca/Stom/Kif5b/Rac1/Picalm/Appl1/Numb/Map2k1/Tnfaip6/Csrp3/Ppp2r5a/Wnk1/Dsg3/Rhoq/Camk2b/Tnf/Slc7a11/Ldlrap1/Dmtn/Crkl/Epha3/Gpc3/Cplx1/Wnk3/Slc30a1/Ogt/Stac2/Gpc4/Epm2a/Ssh1/Atp2b4/Arf6/Tcaf1/Crk/Camk2a/Itgb2/Rab11fip2/Kif2c/Traf6/Itgb1bp1/Zdhhc5/Erbb2/Dlg1"
"GOBP_ARP2_3_COMPLEX_MEDIATED_ACTIN_NUCLEATION",0.981199351701783,0.997666252376523,0.0116491428443926,-0.177114049963773,-0.574122046004145,30,"Arfip2/Brk1/Trim27"
"GOBP_EMBRYONIC_EYE_MORPHOGENESIS",0.981662591687042,0.997666252376523,0.0176163652112012,0.175734770670192,0.548472696480848,19,"Aldh1a3/Tbx2/Prox1/Hipk1/Sp3/Kdm2b/Phactr4/Tfap2a/Hipk2/Th/Frs2/Efemp1/Bmp7/Cited2/Ift172/Wnt16/Fzd5/Fbn1/Sox11"
"GOBP_NEGATIVE_REGULATION_OF_PEPTIDYL_TYROSINE_PHOSPHORYLATION",0.981665524331734,0.997666252376523,0.0124583017066168,-0.187226779831157,-0.520631783186845,16,"Sfrp2/Snx6/Sfrp1/Mvp/Chmp6"
"GOBP_REGULATION_OF_INTRINSIC_APOPTOTIC_SIGNALING_PATHWAY_IN_RESPONSE_TO_DNA_DAMAGE",0.98270013568521,0.997666252376523,0.0122936099902904,-0.187038666583319,-0.534742806801261,18,"Sfrp2/Cd74"
"GOBP_REGULATION_OF_EXECUTION_PHASE_OF_APOPTOSIS",0.982761563406725,0.997666252376523,0.0123846353366712,-0.184287314860737,-0.519739818222233,17,"Sirt2/Ptgis"
"GOBP_REGULATION_OF_VESICLE_FUSION",0.98319532391622,0.997666252376523,0.0175359790962896,0.175617746812809,0.539805591123837,18,"Coro1a/Cplx1/Snca/Syt5/Syt9/Stxbp1/C2cd5/Syt8/Syt2"
"GOBP_EMBRYONIC_HEART_TUBE_MORPHOGENESIS",0.983407785577537,0.997666252376523,0.0113827154774558,-0.170211532121751,-0.58652499738924,40,"Folr1/Sox18/Hes1/Ovol2/Sufu/Aplnr/Ccdc103/Dvl2"
"GOBP_LATE_ENDOSOME_TO_VACUOLE_TRANSPORT_VIA_MULTIVESICULAR_BODY_SORTING_PATHWAY",0.983550376970528,0.997666252376523,0.0124303231129488,-0.185849571779578,-0.516802105165574,16,"Mvb12a/Vps37d/Stam2/Vps28/Vps37b"
"GOBP_REGULATION_OF_LEUKOCYTE_DIFFERENTIATION",0.984024701302188,0.997666252376523,0.00870890294238793,-0.160334660008888,-0.714762630744301,184,"Bglap3/Lrrc17/Adipoq/Xbp1/Card11/Ddrgk1/Gata3/Lgals1/Slamf8/Irf7/Tox/H2-M3/Smarcc2/Jak3/H2-Eb1/Id2/Cd74/Gpr137/Ap3d1/Tcta/Zfp36l2/Tesc/Pik3r1/Tlr3/Sart1/Tlr9/Sox4/Ptpn6/Ltf/Vsir/Pias3/Pnp2/Tespa1/Prdm16/Zfp36l1/Cr1l/Taok3/Sfrp1/Gas6/Adam8/Fbn1"
"GOBP_REGULATION_OF_NON_CANONICAL_NF_KAPPAB_SIGNAL_TRANSDUCTION",0.984526414504533,0.997666252376523,0.0110602086836924,-0.164966702882877,-0.605111319491469,54,"Calr/Pdcd4/C1qtnf3/App/Rtkn2/Ptpn22"
"GOBP_EMBRYONIC_CAMERA_TYPE_EYE_MORPHOGENESIS",0.98455225681873,0.997666252376523,0.0173839173438648,0.175699034062023,0.532401716375686,17,"Aldh1a3/Tbx2/Prox1/Hipk1/Sp3/Kdm2b/Phactr4/Tfap2a/Hipk2/Th/Frs2/Bmp7/Cited2/Ift172/Wnt16/Fzd5/Sox11"
"GOBP_PROTEIN_LOCALIZATION_TO_CELL_PERIPHERY",0.984726347051336,0.997666252376523,0.02624541843463,0.152601392732597,0.777253599624819,221,"Slc4a1/Zdhhc23/Rock2/Atp1b1/Rab10/Grin2c/Fgf13/Rock1/Large1/Nectin3/Vamp4/Dennd4c/Kif5b/Fcho2/Rac1/Abca12/Rab38/Picalm/Appl1/Rdx/Numb/Map2k1/Exoc5/Csrp3/Ppp2r5a/Wnk1/Actn2/Rab7/Rhoq/Camk2b/Lgi1/Tnf/Tnfrsf1a/Nptx1/Ehd3/Cacng7/Rapgef6/Ldlrap1/Tspan5/Gga3/Epha3/Slmap/Efr3a/Flot2/Cplx1/Wnk3/Ogt/Snca/Stac2/Gpc4/Epm2a/Atp2b4/Arf6/Bbs2/Ank2"
"GOBP_ENDODERM_FORMATION",0.985251215559157,0.997666252376523,0.0115882875996984,-0.170815544157244,-0.553705195725169,30,"Col5a1/Mmp2/Col4a2/Sox7/Dusp4/Sox2/Vtn"
"GOBP_ESTROGEN_RECEPTOR_SIGNALING_PATHWAY",0.985284605433376,0.997666252376523,0.0115542880269042,-0.173176656340341,-0.565088547998295,31,"Ddrgk1/Uba5/Cnot2/Vps18/Parp1/Ccdc62/Safb"
"GOBP_REGULATION_OF_MITOCHONDRIAL_GENE_EXPRESSION",0.985583224115334,0.997666252376523,0.011741997354215,-0.172439772837121,-0.537834755773387,25,"Rpusd4/Mtg2/Alkbh1/Mettl8/Uqcc2/Mpv17l2/Shmt2"
"GOBP_REGULATION_OF_CILIUM_DEPENDENT_CELL_MOTILITY",0.986249570299072,0.997898252397123,0.0124354068268193,-0.181868769900169,-0.497470649367461,15,"Cfap206/Bbs4/Cfap45/Defb1"
"GOBP_PEPTIDYL_LYSINE_MODIFICATION",0.986465702860658,0.997898252397123,0.0209995906252555,0.156093002911628,0.685992733553713,84,"Esco1/Eya1/Uspl1/Hdac4/Smc5/Sae1/Capn3/Smc6/Ifih1/Kat7/Rangap1/Plod2/Sumo1/Slf2/Uhrf2/Senp2/Senp5"
"GOBP_LAMELLIPODIUM_ORGANIZATION",0.987765216044603,0.997979999370389,0.0108735815093551,-0.160816846475788,-0.596403106619909,57,"Arfip2/Brk1/Vil1/Enpp2/Hsp90aa1/Snx1/Pik3r1/Cfl1/Coro1b/Snx2/P2ry12/Vav2/Golph3/Plekho1/Cttn/Sh2b1/Fscn1/Nck2"
"GOBP_NEGATIVE_REGULATION_OF_CELL_KILLING",0.988286479250335,0.997979999370389,0.0120132992927535,-0.170474486245999,-0.50816325590918,21,"H2-M3/Cx3cr1/Cr1l/Il7r/H2-D1/Pvr/H2-Q2/H2-Q1/H2-T23/Inpp5d/Mill2/Fcgr2b/Ceacam1"
"GOBP_NEGATIVE_REGULATION_OF_TRANSMEMBRANE_RECEPTOR_PROTEIN_SERINE_THREONINE_KINASE_SIGNALING_PATHWAY",0.988446156125019,0.997979999370389,0.0101885187396859,-0.157736249585016,-0.626923282634186,84,"Hspa5/Htra3/Xbp1/Sfrp2/Lrp2/Pmepa1/Htra1/Ovol2/Sorl1/Brms1/Slc2a10/Snx6/Bcl9l/Prdm16/Bmper/Sfrp1/Fbn1/Ncln/Cidea"
"GOBP_POSITIVE_REGULATION_OF_CELL_ADHESION",0.988802646647156,0.997979999370389,0.00772843627489143,-0.158886216561399,-0.741749982737908,284,"Gcnt1/Calr/Ccdc80/Cd209b/P4hb/Xbp1/Card11/Agr2/Gata3/Lgals1/Efnb3/Cd1d1/Hsd17b12/Sfrp2/St3gal4/H2-M3/H2-DMa/Triobp/Smarcc2/Icos/H2-Eb1/Hes1/Cspg5/Cd74/Irak1/Klhl22/Rras/Hsph1/Ap3d1/Vit/Thy1/Lama1/Foxc2/Hacd1/Vtcn1/Rsu1/Sart1/Cfl1/Ret/Sox4/Col26a1/Cd276/Cib1/Sox2/Ptpn6/Dsg2/Chst4/Vsir/Hyal1/Map4k4/Pnp2/Vtn/Tespa1/Fyn/Cd24a/Fgg/P2ry12/Cr1l/Sfrp1/Epha1/Fut1/Ebi3/Adam8/Arid1b/Slc7a1/Cd27/Plekha2/Prss2/Prex1/Rps3/Ptk2b/Sox13/Efemp2/Il7r"
"GOBP_RUFFLE_ASSEMBLY",0.988831168831169,0.997979999370389,0.0184029041188573,0.159173176207215,0.550152889790124,28,"Icam1/Rac1/Rdx/Pfn2"
"GOBP_EPITHELIAL_TO_MESENCHYMAL_TRANSITION",0.988971121753011,0.997979999370389,0.00986437488562807,-0.157353101436126,-0.644260370643656,100,"Foxc1/Aplf/Pdcd4/Gata3/Sfrp2/Fuz/Efna1/Msx1/Hnrnpab/Tcf7l2/Col1a1/Loxl2/Ovol2/Cul7/Ednra/Mcrip1/Dsg2/Trim62/Tcof1/Bcl9l"
"GOBP_NON_CANONICAL_NF_KAPPAB_SIGNAL_TRANSDUCTION",0.989316239316239,0.997979999370389,0.0106300559823653,-0.159506748524444,-0.604523534555465,64,"Calr/Pdcd4/C1qtnf3/App/Rtkn2/Letmd1/Ptpn22/Tlr3/Tnfsf15/Chil1/Vcp/Actn4/Cd27/Rps3/Uaca/Trim15/Nr3c2/Nod1/Ripk1/Ndufc2"
"GOBP_RIBOSOMAL_SMALL_SUBUNIT_ASSEMBLY",0.989343707713126,0.997979999370389,0.0121554238274782,-0.173946431826244,-0.502960818824462,19,"Rps15/Rps27l/Rps28/Rrp7a"
"GOBP_CALCIUM_DEPENDENT_CELL_CELL_ADHESION_VIA_PLASMA_MEMBRANE_CELL_ADHESION_MOLECULES",0.989486552567237,0.997979999370389,0.017499608102393,0.166856301545739,0.520762768145438,19,"Selp/Cdh19/Pcdhb17/Pcdhb5/Cdh5/Pcdhb13/Cdh2/Cdh13"
"GOBP_MAMMARY_GLAND_MORPHOGENESIS",0.990498034076016,0.998037283334219,0.0116686553369572,-0.164073744255848,-0.511741350146762,25,"Ntn1/Tfap2c/Pml/Ptch1/Ddr1/Lrp5/Scrib/Cav1/Igfbp5/Gli3/Ar/Cav3"
"GOBP_REGULATION_OF_CATION_CHANNEL_ACTIVITY",0.990535771575233,0.998037283334219,0.0113562584101601,-0.161731925158443,-0.536751484817995,33,"Selenon/Gnb5/Ctss/Gpr35/Ednra"
"GOBP_NEGATIVE_REGULATION_OF_NON_CANONICAL_NF_KAPPAB_SIGNAL_TRANSDUCTION",0.990747087045922,0.998037283334219,0.0123239003653007,-0.175479642986755,-0.487965874986338,16,"C1qtnf3"
"GOBP_POSITIVE_REGULATION_OF_MUSCLE_CONTRACTION",0.990850108135086,0.998037283334219,0.0118895065192727,-0.167220904719919,-0.508894002102094,23,"Abat/Chrm3/Hsp90aa1/Adra1a/Cacna1c/Cttn/Atp1a1"
"GOBP_NEGATIVE_REGULATION_OF_NATURAL_KILLER_CELL_MEDIATED_IMMUNITY",0.991749742179443,0.998227867620404,0.0123542420120312,-0.17280316288515,-0.472673245111926,15,"H2-M3/H2-D1/Pvr/H2-Q2/H2-Q1/H2-T23/Inpp5d/Mill2/Ceacam1"
"GOBP_ORGANELLE_FUSION",0.992141453831041,0.998227867620404,0.0218839514223438,0.14688235847888,0.677514145650831,111,"Gdap1/Mcl1/Tfrc/Vcpip1/Yipf7/Atl2/Bnip3/Pcdhga3/Vamp4/Mfn1/Zdhhc6/Stx17/Coro1a/Stx12/Rab7/Opa1/Stx16/Chmp2b/Huwe1/Pikfyve/Cplx1/Snca/Chmp7/Cdk1/Adck1/Chmp1b"
"GOBP_POSITIVE_REGULATION_OF_SMOOTHENED_SIGNALING_PATHWAY",0.992300049677099,0.998227867620404,0.0176898899556033,0.15899230254624,0.509102316797228,21,"Ulk3"
"GOBP_MAPK_CASCADE",0.992346328629514,0.998227867620404,0.00653577924152631,-0.155889093329001,-0.756224754064064,431,"Diras2/Adora1/Drd1/Cdc42ep5/Cbs/Bcar3/Cdk5rap3/Kl/Epha7/Arhgap8/Adipoq/Hmgcr/Xbp1/Lamtor2/Mapk8ip1/Sema4c/Ksr2/Pdcd4/Cdk10/Ghr/Stk39/Zfp622/Mapk3/Nrtn/Efna1/Alkal2/Mydgf/Acta2/H2-Eb1/Cd74/Casr/Irak1/Ffar4/App/Rras/Nkd1/Gpnmb/Dusp15/Dbndd2/Map3k21/Map2k6/Mid1/Zfp36l2/Tpd52l1/Ptpn22/Map3k13/Trib3/Shc1/Tmem106a/Chrna7/Pea15a/Ppia/Ephb2/Fgfr4/Ephb1/Tlr3/Cd40/Flt4/Tlr7/Htr2b/Tlr9/Scimp/Ret/Ksr1/Igfbp4/Adrb1/Dusp4/Gba/Cib1/Grik2/Pebp1/Sox2/Ptpn6/Lemd2/Fgf22/Map4k4/Chil1/Irak4/Map3k6/Pak4/Tnip1/Zfp36l1/Cd24a/Dvl2/Fgg/Mapk11/Bmper/Lamtor1/Cdon/Taok3"
"GOBP_POSITIVE_REGULATION_OF_PROTEIN_LOCALIZATION_TO_CELL_PERIPHERY",0.992760465848285,0.998315741661129,0.0110388721935013,-0.157368071300781,-0.572405657988446,52,"Agr2/Vil1/Cln3/Prnp/Ephb2/Pik3r1/Cib1"
"GOBP_NEGATIVE_REGULATION_OF_EPITHELIAL_CELL_DIFFERENTIATION",0.993283093053735,0.998512619045463,0.0116272138719506,-0.157675544648714,-0.491785547222209,25,"Msx1/Hes1/Ovol2/Dsg2"
"GOBP_TELOMERE_MAINTENANCE_IN_RESPONSE_TO_DNA_DAMAGE",0.994330786295292,0.99923702372767,0.0175469108023954,0.158131213896986,0.499139553973372,20,"Rif1/Cdk2/Dclre1b/Yy1"
"GOBP_METHYLATION",0.994670219853431,0.999249431651507,0.0221140852246087,0.144694874438399,0.675269169839637,119,"Fdxacb1/Zcchc4/Nsun6/Mettl16/Trdmt1/Trmt44/Prdm15/Dph5/Mrm1/Tarbp1/Cmtr2/Trmt1l/Etf1/Trmt10c/Mettl4/Hemk1/Smyd1/Mettl2/Armt1/Rbm15b/Wdr4/Ezh1/Setdb2/Thada/Rrp8/Ezh2/Trmt10a/Snrpd3/Trmt11/Mecom/Dnmt3b/Mettl14/Trmt5/Mettl7a1/Prmt9/Nsun7/Mettl21a/Dot1l/Mrm3/Slc25a26/Mettl22/Mettl25/Kmt5a/Ehmt1/Vcpkmt/Fbl/Prdm2/Mettl23/Ndufaf5/Bmt2/Prmt6/Mto1"
"GOBP_REGULATION_OF_CELL_PROJECTION_ASSEMBLY",0.995832754549243,0.99976496280075,0.00906767948641699,-0.150448149497255,-0.647154359757805,141,"Cdc42ep5/Tbc1d10a/Ift20/Cdk10/Tbc1d20/Fuz/Brk1/Dync2li1/Mien1/Cln3/Atg3/Arf4/Sh3yl1/Hsp90aa1/Ephb2/Pik3r1/Tbc1d30/Cfl1/Cdkl5/Pld1/P2rx4/Rabep2/Eps8l2/Bbs4/Evi5l/Tbc1d16/P2ry12/Zmynd8/Tbc1d13/Dpysl3/Hras/P2rx7/Sgsm3/Ift88/Arap1/Palm/Cttn/Cdc42ep4/Fscn1/Akt1/Arhgap24/Tbc1d22a"
"GOBP_RIBONUCLEOSIDE_MONOPHOSPHATE_BIOSYNTHETIC_PROCESS",0.996744345442084,0.99976496280075,0.0122356952758989,-0.154105573193164,-0.428529825930575,16,"Upp2/Cmpk1/Cad/Umps"
"GOBP_AXONAL_TRANSPORT",0.996840941399463,0.99976496280075,0.0110317644059308,-0.147531761687399,-0.523510620196505,46,"Ap3m2/Armcx3/Ap3m1/Arl8a/Ap3d1/Ap3s1/Bloc1s3"
"GOBP_VASCULAR_ENDOTHELIAL_GROWTH_FACTOR_RECEPTOR_SIGNALING_PATHWAY",0.9969769291965,0.99976496280075,0.0111386130453848,-0.146128096657449,-0.506061747249456,41,"Foxc1/Xbp1/Foxc2/Flt4/Mmrn2/Vtn/Fyn/Vav2/Ptk2b/Axl/Slc31a1"
"GOBP_TRNA_METABOLIC_PROCESS",0.997621046739435,0.99976496280075,0.00915707606789114,-0.147096911559912,-0.627229070231151,133,"Ears2/Trmt12/Qtrt1/Rpusd4/Sars/Ang/Trmt6/Pop7/Aars/Polr2e/Tars/Lcmt2/Dtd2/Exosc3/Cdkal1/Polr3d/Alkbh1/Rars/2210016F16Rik/Thg1l/Lars/Lage3/Yars"
"GOBP_REGULATION_OF_CALCIUM_ION_DEPENDENT_EXOCYTOSIS",0.997658079625293,0.99976496280075,0.0118697738277244,-0.151366412803931,-0.455412265614886,22,"Cdk5/Scamp5/Rph3al/Kcnb1/Syt7/Atp2a2/Adra2a"
"GOBP_AUTOPHAGOSOME_MATURATION",0.997820757286843,0.99976496280075,0.018978023522324,0.13589149327542,0.527963914338649,46,"Irgm2/Fyco1/Stx17/Clec16a/Lamp2/Chmp2b/Chmp7/Chmp1b/Smcr8/Lix1/Mfsd8"
"GOBP_REGULATION_OF_CENTRIOLE_REPLICATION",0.998281196287384,0.99976496280075,0.0122583354819121,-0.150752902843044,-0.412358562234324,15,"Poc1b/Cdk5rap2/Cep295nl/Npm1/Ppp1r35"
"GOBP_CYTOPLASMIC_MICROTUBULE_ORGANIZATION",0.998366902558519,0.99976496280075,0.018957600308321,0.135238641379352,0.521839472800767,45,"Trdn/Cep126/Pafah1b1/Tubg2/Camsap2/Ccdc88b/Pde4dip"
"GOBP_REGULATION_OF_EXOCYTOSIS",0.998992660814506,0.99976496280075,0.00957693975719769,-0.136254631970587,-0.567179181019196,113,"Ppfia2/Stxbp2/Cftr/Rab27a/H2-M3/Cdk5/Stxbp6/Snx4/Cspg5/Cadps2/Scamp5/Rab15/Vamp8/Vps18/Anxa2"
"GOBP_GLAND_MORPHOGENESIS",0.999091597274792,0.99976496280075,0.0103587708290227,-0.132173592627403,-0.508144286967487,69,"Sulf2/Xbp1/Ntn1/Crip1/Lama1/Nkx2-3/Mmp2/Tfap2c"
"GOBP_ORGANELLE_MEMBRANE_FUSION",0.999110452186805,0.99976496280075,0.0100374649788335,-0.134787194958457,-0.53080020347047,79,"Cln3/Stxbp6/Stx7/Rab20/Bet1/Rab34/Vamp8/Vps18/Anxa2/Snap29/Cltrn/Cplx2/Nkd2/Rph3al/Syt7/Rab2a/Rufy1/Chmp6/Cav2/Vps11/Vipas39/Ankrd27/Snap47/Rab39"
"GOBP_TRNA_PROCESSING",0.999705058250995,1,0.0099462563622374,-0.131108288168432,-0.524792472391241,88,"Trmt12/Qtrt1/Rpusd4/Sars/Trmt6/Pop7/Aars/Lcmt2/Cdkal1/Alkbh1/2210016F16Rik/Thg1l/Lage3"
"GOBP_POSITIVE_REGULATION_OF_CELL_PROJECTION_ORGANIZATION",1,1,0.025983059916707,0.137629501656349,0.700996391064503,221,"Slitrk1/Fut9/Bmpr2/Lcn2/Map1b/Mtor/Tapt1/Abi2/Myo3b/Setx/Atf1/Pum2/Dock11/Pafah1b1/Apc/Magi2/Pik3ca/Rab21/Rac1/Itpka/Amigo1/Robo2/Fzd4/Crabp2/L1cam/Neurl1a/Map2k1/Srf/Rp1/Nckap1/Rhoq/Camk2b/Nin/Tnfrsf12a/Stau2/Ankrd1/Nrd1/Epha3/Cdc42/Slc30a1/Negr1/Ppp2r5b/Rala/Cdc42ep3/Lpar3/Arf6/Wasl/Ddr2/Rgs2/Ttbk2"
