ASV0,271688.0
ASV1,181430.0
ASV2,121998.0
ASV3,106411.0
ASV4,96499.0
ASV5,47904.0
ASV6,43348.0
ASV7,40115.0
ASV8,38991.0
ASV9,37091.0
ASV10,32146.0
ASV11,28830.0
ASV12,28226.0
ASV13,27564.0
ASV14,25418.0
ASV15,20533.0
ASV16,20456.0
ASV17,18368.0
ASV18,16997.0
ASV19,16858.0
ASV20,16712.0
ASV21,16640.0
ASV22,16618.0
ASV23,16327.0
ASV24,16134.0
ASV25,15594.0
ASV26,14109.0
ASV27,13909.0
ASV28,13447.0
ASV29,13191.0
ASV30,12591.0
ASV31,12200.0
ASV32,11797.0
ASV33,11664.0
ASV34,11564.0
ASV35,11383.0
ASV36,11352.0
ASV37,10783.0
ASV38,10213.0
ASV39,9445.0
ASV40,9333.0
ASV41,8841.0
ASV42,8666.0
ASV43,8519.0
ASV44,8336.0
ASV45,8268.0
ASV46,8163.0
ASV47,8114.0
ASV48,7865.0
ASV49,7776.0
ASV50,7720.0
ASV51,7553.0
ASV52,7523.0
ASV53,7186.0
ASV54,7020.0
ASV55,6851.0
ASV56,6839.0
ASV57,6804.0
ASV58,6734.0
ASV59,6698.0
ASV60,6678.0
ASV61,6535.0
ASV62,6455.0
ASV63,6424.0
ASV64,6219.0
ASV65,6142.0
ASV66,6138.0
ASV67,6034.0
ASV68,5711.0
ASV69,5642.0
ASV70,5470.0
ASV71,5437.0
ASV72,5388.0
ASV73,5221.0
ASV74,5175.0
ASV75,5087.0
ASV76,5029.0
ASV77,5022.0
ASV78,4964.0
ASV79,4898.0
ASV80,4876.0
ASV81,4707.0
ASV82,4640.0
ASV83,4576.0
ASV84,4493.0
ASV85,4385.0
ASV86,4374.0
ASV87,4301.0
ASV88,4285.0
ASV89,4242.0
ASV90,4240.0
ASV91,4225.0
ASV92,4135.0
ASV93,4124.0
ASV94,4056.0
ASV95,4032.0
ASV96,3970.0
ASV97,3813.0
ASV98,3804.0
ASV99,3789.0
ASV100,3715.0
ASV101,3646.0
ASV102,3629.0
ASV103,3521.0
ASV104,3511.0
ASV105,3409.0
ASV106,3377.0
ASV107,3372.0
ASV108,3372.0
ASV109,3173.0
ASV110,3107.0
ASV111,3101.0
ASV112,3080.0
ASV113,3061.0
ASV114,3009.0
ASV115,2948.0
ASV116,2904.0
ASV117,2889.0
ASV118,2859.0
ASV119,2782.0
ASV120,2741.0
ASV121,2726.0
ASV122,2719.0
ASV123,2707.0
ASV124,2680.0
ASV125,2675.0
ASV126,2672.0
ASV127,2642.0
ASV128,2639.0
ASV129,2580.0
ASV130,2576.0
ASV131,2562.0
ASV132,2523.0
ASV133,2493.0
ASV134,2481.0
ASV135,2461.0
ASV136,2442.0
ASV137,2437.0
ASV138,2431.0
ASV139,2426.0
ASV140,2423.0
ASV141,2423.0
ASV142,2406.0
ASV143,2397.0
ASV144,2392.0
ASV145,2390.0
ASV146,2372.0
ASV147,2303.0
ASV148,2285.0
ASV149,2269.0
ASV150,2227.0
ASV151,2216.0
ASV152,2157.0
ASV153,2155.0
ASV154,2153.0
ASV155,2137.0
ASV156,2126.0
ASV157,2110.0
ASV158,2099.0
ASV159,2057.0
ASV160,2047.0
ASV161,2032.0
ASV162,2028.0
ASV163,2014.0
ASV164,2004.0
ASV165,1978.0
ASV166,1977.0
ASV167,1962.0
ASV168,1953.0
ASV169,1942.0
ASV170,1939.0
ASV171,1931.0
ASV172,1923.0
ASV173,1903.0
ASV174,1889.0
ASV175,1850.0
ASV176,1839.0
ASV177,1829.0
ASV178,1811.0
ASV179,1809.0
ASV180,1795.0
ASV181,1782.0
ASV182,1778.0
ASV183,1758.0
ASV184,1735.0
ASV185,1728.0
ASV186,1696.0
ASV187,1690.0
ASV188,1684.0
ASV189,1675.0
ASV190,1671.0
ASV191,1667.0
ASV192,1656.0
ASV193,1648.0
ASV194,1640.0
ASV195,1625.0
ASV196,1622.0
ASV197,1620.0
ASV198,1598.0
ASV199,1593.0
ASV200,1573.0
ASV201,1558.0
ASV202,1545.0
ASV203,1509.0
ASV204,1505.0
ASV205,1505.0
ASV206,1499.0
ASV207,1494.0
ASV208,1482.0
ASV209,1479.0
ASV210,1476.0
ASV211,1474.0
ASV212,1457.0
ASV213,1448.0
ASV214,1433.0
ASV215,1408.0
ASV216,1396.0
ASV217,1395.0
ASV218,1374.0
ASV219,1370.0
ASV220,1355.0
ASV221,1353.0
ASV222,1346.0
ASV223,1338.0
ASV224,1337.0
ASV225,1327.0
ASV226,1324.0
ASV227,1307.0
ASV228,1306.0
ASV229,1294.0
ASV231,1293.0
ASV230,1293.0
ASV232,1286.0
ASV233,1284.0
ASV234,1275.0
ASV235,1264.0
ASV236,1255.0
ASV237,1230.0
ASV238,1227.0
ASV239,1217.0
ASV240,1208.0
ASV241,1208.0
ASV242,1195.0
ASV243,1190.0
ASV244,1189.0
ASV245,1186.0
ASV246,1160.0
ASV247,1158.0
ASV248,1155.0
ASV249,1150.0
ASV250,1147.0
ASV251,1127.0
ASV252,1125.0
ASV253,1121.0
ASV254,1118.0
ASV255,1112.0
ASV256,1105.0
ASV257,1103.0
ASV258,1085.0
ASV259,1082.0
ASV260,1080.0
ASV261,1072.0
ASV262,1053.0
ASV263,1045.0
ASV264,1042.0
ASV265,1041.0
ASV266,1034.0
ASV267,1016.0
ASV268,1006.0
ASV269,1004.0
ASV270,991.0
ASV271,989.0
ASV272,986.0
ASV273,972.0
ASV274,968.0
ASV275,967.0
ASV276,961.0
ASV277,952.0
ASV278,952.0
ASV279,951.0
ASV280,948.0
ASV281,944.0
ASV282,943.0
ASV283,942.0
ASV284,933.0
ASV285,924.0
ASV286,916.0
ASV287,916.0
ASV288,912.0
ASV289,907.0
ASV290,904.0
ASV293,903.0
ASV292,903.0
ASV291,903.0
ASV294,899.0
ASV295,899.0
ASV296,897.0
ASV297,895.0
ASV298,889.0
ASV299,889.0
ASV300,884.0
ASV301,881.0
ASV302,880.0
ASV303,878.0
ASV304,873.0
ASV305,872.0
ASV306,871.0
ASV307,871.0
ASV308,863.0
ASV309,863.0
ASV310,860.0
ASV311,859.0
ASV312,857.0
ASV313,844.0
ASV314,841.0
ASV315,827.0
ASV316,824.0
ASV317,822.0
ASV318,820.0
ASV319,818.0
ASV320,811.0
ASV321,803.0
ASV322,796.0
ASV323,790.0
ASV324,788.0
ASV325,788.0
ASV326,786.0
ASV327,786.0
ASV328,785.0
ASV329,778.0
ASV330,776.0
ASV331,774.0
ASV332,773.0
ASV333,772.0
ASV334,770.0
ASV335,759.0
ASV336,754.0
ASV338,748.0
ASV339,748.0
ASV337,748.0
ASV340,746.0
ASV341,743.0
ASV342,735.0
ASV343,729.0
ASV344,727.0
ASV345,726.0
ASV346,725.0
ASV347,724.0
ASV348,721.0
ASV349,721.0
ASV350,718.0
ASV351,706.0
ASV352,706.0
ASV353,704.0
ASV354,704.0
ASV355,701.0
ASV356,700.0
ASV357,699.0
ASV358,697.0
ASV359,697.0
ASV360,694.0
ASV361,694.0
ASV362,693.0
ASV363,693.0
ASV364,690.0
ASV365,688.0
ASV366,687.0
ASV367,683.0
ASV368,682.0
ASV369,682.0
ASV372,678.0
ASV370,678.0
ASV371,678.0
ASV374,675.0
ASV375,675.0
ASV373,675.0
ASV376,674.0
ASV377,672.0
ASV378,671.0
ASV379,671.0
ASV380,669.0
ASV381,668.0
ASV382,668.0
ASV383,661.0
ASV384,659.0
ASV385,658.0
ASV386,657.0
ASV387,657.0
ASV391,653.0
ASV388,653.0
ASV389,653.0
ASV390,653.0
ASV392,651.0
ASV393,644.0
ASV394,644.0
ASV395,641.0
ASV396,640.0
ASV397,636.0
ASV398,635.0
ASV399,632.0
ASV400,632.0
ASV401,628.0
ASV402,627.0
ASV403,625.0
ASV404,622.0
ASV405,622.0
ASV406,621.0
ASV407,619.0
ASV408,617.0
ASV409,615.0
ASV410,614.0
ASV411,613.0
ASV412,613.0
ASV413,612.0
ASV414,609.0
ASV415,606.0
ASV416,604.0
ASV417,600.0
ASV418,594.0
ASV419,592.0
ASV420,590.0
ASV421,590.0
ASV422,589.0
ASV423,589.0
ASV424,588.0
ASV425,587.0
ASV426,583.0
ASV427,582.0
ASV428,582.0
ASV429,578.0
ASV430,576.0
ASV431,573.0
ASV432,572.0
ASV433,566.0
ASV434,565.0
ASV435,564.0
ASV436,561.0
ASV437,560.0
ASV438,559.0
ASV439,558.0
ASV440,557.0
ASV441,555.0
ASV442,553.0
ASV443,553.0
ASV444,552.0
ASV445,551.0
ASV446,550.0
ASV447,550.0
ASV448,550.0
ASV449,549.0
ASV450,549.0
ASV451,544.0
ASV452,543.0
ASV453,541.0
ASV454,539.0
ASV455,539.0
ASV456,538.0
ASV457,536.0
ASV458,536.0
ASV459,536.0
ASV460,532.0
ASV461,532.0
ASV462,531.0
ASV463,531.0
ASV464,531.0
ASV465,530.0
ASV466,528.0
ASV467,527.0
ASV469,526.0
ASV468,526.0
ASV470,521.0
ASV471,520.0
ASV472,520.0
ASV473,516.0
ASV474,515.0
ASV475,514.0
ASV476,511.0
ASV477,510.0
ASV478,508.0
ASV479,508.0
ASV480,506.0
ASV481,502.0
ASV482,502.0
ASV483,500.0
ASV485,498.0
ASV484,498.0
ASV486,497.0
ASV487,497.0
ASV488,497.0
ASV489,496.0
ASV490,496.0
ASV492,494.0
ASV491,494.0
ASV493,486.0
ASV494,485.0
ASV495,483.0
ASV496,481.0
ASV497,480.0
ASV498,479.0
ASV499,479.0
ASV500,477.0
ASV501,475.0
ASV503,474.0
ASV502,474.0
ASV504,474.0
ASV505,471.0
ASV506,469.0
ASV507,468.0
ASV508,465.0
ASV509,465.0
ASV510,464.0
ASV511,464.0
ASV512,463.0
ASV513,461.0
ASV514,458.0
ASV515,456.0
ASV516,455.0
ASV517,455.0
ASV518,455.0
ASV519,454.0
ASV520,453.0
ASV521,450.0
ASV522,450.0
ASV523,444.0
ASV524,443.0
ASV525,442.0
ASV526,442.0
ASV527,439.0
ASV528,438.0
ASV529,438.0
ASV530,437.0
ASV531,433.0
ASV532,431.0
ASV533,431.0
ASV535,430.0
ASV534,430.0
ASV536,427.0
ASV537,425.0
ASV538,425.0
ASV539,425.0
ASV540,424.0
ASV541,424.0
ASV542,423.0
ASV543,421.0
ASV544,421.0
ASV545,417.0
ASV546,417.0
ASV547,414.0
ASV548,413.0
ASV549,412.0
ASV550,411.0
ASV551,410.0
ASV552,409.0
ASV553,408.0
ASV554,408.0
ASV556,407.0
ASV555,407.0
ASV557,404.0
ASV558,403.0
ASV559,403.0
ASV560,402.0
ASV561,402.0
ASV562,402.0
ASV563,402.0
ASV564,401.0
ASV565,398.0
ASV566,398.0
ASV567,398.0
ASV568,398.0
ASV569,397.0
ASV570,396.0
ASV571,393.0
ASV572,391.0
ASV573,391.0
ASV575,388.0
ASV574,388.0
ASV576,386.0
ASV577,386.0
ASV578,386.0
ASV579,384.0
ASV580,384.0
ASV581,381.0
ASV582,381.0
ASV583,380.0
ASV584,379.0
ASV585,379.0
ASV586,378.0
ASV587,377.0
ASV588,376.0
ASV589,376.0
ASV590,373.0
ASV591,372.0
ASV593,372.0
ASV592,372.0
ASV594,371.0
ASV595,370.0
ASV596,368.0
ASV597,366.0
ASV598,362.0
ASV599,362.0
ASV600,360.0
ASV601,359.0
ASV602,358.0
ASV603,357.0
ASV604,357.0
ASV605,357.0
ASV606,356.0
ASV607,356.0
ASV608,354.0
ASV610,353.0
ASV609,353.0
ASV612,352.0
ASV613,352.0
ASV611,352.0
ASV614,351.0
ASV615,350.0
ASV616,349.0
ASV617,348.0
ASV618,348.0
ASV619,347.0
ASV620,347.0
ASV621,345.0
ASV622,343.0
ASV623,342.0
ASV624,342.0
ASV625,341.0
ASV626,341.0
ASV627,341.0
ASV628,340.0
ASV630,339.0
ASV629,339.0
ASV631,338.0
ASV632,337.0
ASV634,337.0
ASV633,337.0
ASV636,328.0
ASV637,328.0
ASV635,328.0
ASV639,326.0
ASV640,326.0
ASV638,326.0
ASV641,323.0
ASV642,322.0
ASV643,320.0
ASV644,320.0
ASV645,320.0
ASV646,319.0
ASV647,318.0
ASV648,318.0
ASV649,318.0
ASV650,316.0
ASV651,316.0
ASV652,316.0
ASV653,315.0
ASV655,314.0
ASV656,314.0
ASV654,314.0
ASV657,313.0
ASV658,313.0
ASV659,311.0
ASV660,310.0
ASV661,309.0
ASV662,309.0
ASV663,309.0
ASV664,309.0
ASV665,308.0
ASV666,308.0
ASV667,307.0
ASV668,307.0
ASV669,306.0
ASV671,305.0
ASV670,305.0
ASV672,304.0
ASV675,303.0
ASV674,303.0
ASV673,303.0
ASV676,302.0
ASV677,301.0
ASV678,301.0
ASV679,299.0
ASV680,299.0
ASV683,298.0
ASV681,298.0
ASV682,298.0
ASV684,296.0
ASV685,296.0
ASV686,295.0
ASV687,295.0
ASV688,295.0
ASV690,294.0
ASV691,294.0
ASV689,294.0
ASV693,293.0
ASV692,293.0
ASV695,292.0
ASV696,292.0
ASV694,292.0
ASV697,291.0
ASV698,290.0
ASV699,290.0
ASV700,290.0
ASV701,289.0
ASV702,288.0
ASV703,287.0
ASV704,287.0
ASV705,286.0
ASV706,286.0
ASV708,285.0
ASV707,285.0
ASV710,284.0
ASV709,284.0
ASV711,283.0
ASV712,282.0
ASV713,281.0
ASV714,280.0
ASV715,279.0
ASV716,278.0
ASV717,277.0
ASV718,277.0
ASV719,277.0
ASV720,277.0
ASV721,275.0
ASV722,275.0
ASV725,272.0
ASV727,272.0
ASV726,272.0
ASV723,272.0
ASV724,272.0
ASV728,271.0
ASV729,271.0
ASV730,271.0
ASV732,269.0
ASV731,269.0
ASV733,268.0
ASV734,267.0
ASV735,266.0
ASV736,266.0
ASV737,266.0
ASV738,266.0
ASV739,264.0
ASV740,264.0
ASV741,261.0
ASV742,261.0
ASV743,261.0
ASV744,259.0
ASV745,259.0
ASV746,258.0
ASV747,258.0
ASV749,256.0
ASV750,256.0
ASV748,256.0
ASV753,255.0
ASV752,255.0
ASV751,255.0
ASV754,254.0
ASV755,254.0
ASV756,253.0
ASV757,253.0
ASV758,250.0
ASV759,250.0
ASV761,249.0
ASV760,249.0
ASV762,248.0
ASV763,248.0
ASV764,248.0
ASV765,248.0
ASV766,248.0
ASV767,247.0
ASV768,247.0
ASV769,246.0
ASV771,245.0
ASV772,245.0
ASV770,245.0
ASV773,244.0
ASV774,244.0
ASV775,243.0
ASV776,243.0
ASV777,241.0
ASV778,241.0
ASV779,241.0
ASV780,240.0
ASV781,240.0
ASV782,240.0
ASV783,240.0
ASV784,239.0
ASV785,239.0
ASV788,238.0
ASV786,238.0
ASV787,238.0
ASV789,237.0
ASV790,236.0
ASV791,236.0
ASV797,235.0
ASV795,235.0
ASV796,235.0
ASV794,235.0
ASV792,235.0
ASV793,235.0
ASV798,234.0
ASV799,234.0
ASV800,234.0
ASV801,233.0
ASV802,233.0
ASV803,233.0
ASV804,232.0
ASV805,232.0
ASV806,232.0
ASV807,232.0
ASV811,231.0
ASV808,231.0
ASV809,231.0
ASV810,231.0
ASV814,230.0
ASV815,230.0
ASV813,230.0
ASV812,230.0
ASV816,228.0
ASV817,227.0
ASV818,227.0
ASV819,227.0
ASV820,226.0
ASV821,226.0
ASV822,226.0
ASV823,225.0
ASV824,225.0
ASV825,225.0
ASV826,225.0
ASV827,225.0
ASV828,224.0
ASV829,224.0
ASV830,223.0
ASV831,222.0
ASV836,221.0
ASV834,221.0
ASV835,221.0
ASV832,221.0
ASV833,221.0
ASV837,220.0
ASV838,220.0
ASV839,220.0
ASV840,219.0
ASV841,219.0
ASV842,219.0
ASV843,218.0
ASV844,218.0
ASV845,218.0
ASV846,217.0
ASV847,217.0
ASV850,216.0
ASV851,216.0
ASV852,216.0
ASV849,216.0
ASV848,216.0
ASV853,215.0
ASV854,215.0
ASV855,214.0
ASV856,213.0
ASV857,213.0
ASV858,212.0
ASV859,212.0
ASV860,211.0
ASV861,211.0
ASV862,210.0
ASV863,210.0
ASV864,210.0
ASV865,209.0
ASV866,209.0
ASV867,208.0
ASV868,208.0
ASV870,207.0
ASV871,207.0
ASV869,207.0
ASV872,207.0
ASV874,206.0
ASV873,206.0
ASV875,205.0
ASV876,205.0
ASV877,204.0
ASV878,203.0
ASV879,203.0
ASV880,203.0
ASV881,203.0
ASV883,200.0
ASV882,200.0
ASV884,199.0
ASV885,199.0
ASV886,198.0
ASV887,198.0
ASV888,198.0
ASV889,198.0
ASV892,197.0
ASV893,197.0
ASV891,197.0
ASV890,197.0
ASV894,196.0
ASV895,196.0
ASV896,194.0
ASV897,193.0
ASV898,193.0
ASV899,192.0
ASV900,192.0
ASV901,192.0
ASV902,192.0
ASV903,191.0
ASV904,191.0
ASV905,191.0
ASV906,191.0
ASV908,190.0
ASV910,190.0
ASV909,190.0
ASV907,190.0
ASV911,189.0
ASV912,189.0
ASV913,189.0
ASV914,189.0
ASV915,189.0
ASV916,188.0
ASV917,188.0
ASV918,188.0
ASV919,188.0
ASV927,187.0
ASV923,187.0
ASV926,187.0
ASV924,187.0
ASV925,187.0
ASV922,187.0
ASV921,187.0
ASV920,187.0
ASV928,186.0
ASV929,186.0
ASV930,186.0
ASV931,186.0
ASV932,186.0
ASV934,185.0
ASV935,185.0
ASV933,185.0
ASV936,184.0
ASV937,183.0
ASV938,183.0
ASV939,183.0
ASV940,183.0
ASV942,182.0
ASV943,182.0
ASV944,182.0
ASV941,182.0
ASV949,181.0
ASV947,181.0
ASV948,181.0
ASV951,181.0
ASV946,181.0
ASV945,181.0
ASV950,181.0
ASV954,180.0
ASV955,180.0
ASV953,180.0
ASV952,180.0
ASV956,179.0
ASV957,179.0
ASV958,179.0
ASV959,179.0
ASV961,178.0
ASV962,178.0
ASV963,178.0
ASV960,178.0
ASV964,177.0
ASV965,176.0
ASV966,176.0
ASV967,176.0
ASV968,176.0
ASV969,175.0
ASV970,175.0
ASV974,174.0
ASV976,174.0
ASV975,174.0
ASV973,174.0
ASV971,174.0
ASV972,174.0
ASV977,173.0
ASV978,173.0
ASV979,172.0
ASV980,172.0
ASV981,172.0
ASV983,171.0
ASV982,171.0
ASV984,171.0
ASV985,170.0
ASV986,170.0
ASV987,170.0
ASV988,170.0
ASV989,170.0
ASV995,169.0
ASV993,169.0
ASV994,169.0
ASV991,169.0
ASV992,169.0
ASV990,169.0
ASV996,168.0
ASV997,168.0
ASV998,168.0
ASV999,168.0
ASV1002,167.0
ASV1004,167.0
ASV1003,167.0
ASV1001,167.0
ASV1000,167.0
ASV1005,166.0
ASV1006,166.0
ASV1007,165.0
ASV1008,165.0
ASV1009,165.0
ASV1010,165.0
ASV1014,164.0
ASV1016,164.0
ASV1015,164.0
ASV1011,164.0
ASV1013,164.0
ASV1012,164.0
ASV1017,163.0
ASV1018,163.0
ASV1019,163.0
ASV1020,163.0
ASV1021,163.0
ASV1022,163.0
ASV1023,162.0
ASV1024,162.0
ASV1025,162.0
ASV1026,162.0
ASV1027,162.0
ASV1030,161.0
ASV1031,161.0
ASV1032,161.0
ASV1029,161.0
ASV1028,161.0
ASV1037,160.0
ASV1035,160.0
ASV1036,160.0
ASV1033,160.0
ASV1034,160.0
ASV1038,159.0
ASV1039,159.0
ASV1040,159.0
ASV1041,159.0
ASV1042,159.0
ASV1043,159.0
ASV1046,158.0
ASV1048,158.0
ASV1047,158.0
ASV1044,158.0
ASV1045,158.0
ASV1049,157.0
ASV1050,157.0
ASV1051,157.0
ASV1054,156.0
ASV1055,156.0
ASV1052,156.0
ASV1053,156.0
ASV1056,155.0
ASV1057,155.0
ASV1058,154.0
ASV1059,154.0
ASV1060,153.0
ASV1061,153.0
ASV1062,153.0
ASV1063,153.0
ASV1069,152.0
ASV1074,152.0
ASV1072,152.0
ASV1071,152.0
ASV1070,152.0
ASV1073,152.0
ASV1068,152.0
ASV1066,152.0
ASV1065,152.0
ASV1067,152.0
ASV1064,152.0
ASV1075,151.0
ASV1076,151.0
ASV1079,150.0
ASV1081,150.0
ASV1080,150.0
ASV1078,150.0
ASV1077,150.0
ASV1087,149.0
ASV1092,149.0
ASV1091,149.0
ASV1090,149.0
ASV1093,149.0
ASV1088,149.0
ASV1089,149.0
ASV1086,149.0
ASV1085,149.0
ASV1084,149.0
ASV1083,149.0
ASV1082,149.0
ASV1094,148.0
ASV1095,148.0
ASV1096,148.0
ASV1101,147.0
ASV1100,147.0
ASV1099,147.0
ASV1098,147.0
ASV1097,147.0
ASV1102,146.0
ASV1103,146.0
ASV1104,146.0
ASV1105,145.0
ASV1106,145.0
ASV1107,145.0
ASV1108,145.0
ASV1109,144.0
ASV1116,143.0
ASV1111,143.0
ASV1114,143.0
ASV1115,143.0
ASV1110,143.0
ASV1113,143.0
ASV1112,143.0
ASV1117,142.0
ASV1118,142.0
ASV1119,142.0
ASV1120,142.0
ASV1121,142.0
ASV1122,141.0
ASV1123,141.0
ASV1124,141.0
ASV1125,141.0
ASV1126,141.0
ASV1127,141.0
ASV1131,140.0
ASV1134,140.0
ASV1133,140.0
ASV1132,140.0
ASV1130,140.0
ASV1129,140.0
ASV1128,140.0
ASV1141,139.0
ASV1147,139.0
ASV1146,139.0
ASV1145,139.0
ASV1144,139.0
ASV1143,139.0
ASV1142,139.0
ASV1140,139.0
ASV1139,139.0
ASV1138,139.0
ASV1137,139.0
ASV1136,139.0
ASV1135,139.0
ASV1150,138.0
ASV1152,138.0
ASV1151,138.0
ASV1153,138.0
ASV1149,138.0
ASV1148,138.0
ASV1159,137.0
ASV1164,137.0
ASV1163,137.0
ASV1161,137.0
ASV1160,137.0
ASV1162,137.0
ASV1158,137.0
ASV1157,137.0
ASV1156,137.0
ASV1155,137.0
ASV1154,137.0
ASV1165,136.0
ASV1166,136.0
ASV1167,136.0
ASV1168,136.0
ASV1169,136.0
ASV1170,136.0
ASV1173,135.0
ASV1175,135.0
ASV1174,135.0
ASV1171,135.0
ASV1172,135.0
ASV1180,134.0
ASV1184,134.0
ASV1182,134.0
ASV1181,134.0
ASV1183,134.0
ASV1179,134.0
ASV1178,134.0
ASV1177,134.0
ASV1176,134.0
ASV1185,133.0
ASV1186,133.0
ASV1187,133.0
ASV1192,132.0
ASV1195,132.0
ASV1194,132.0
ASV1196,132.0
ASV1193,132.0
ASV1190,132.0
ASV1191,132.0
ASV1188,132.0
ASV1189,132.0
ASV1198,131.0
ASV1199,131.0
ASV1200,131.0
ASV1201,131.0
ASV1202,131.0
ASV1203,131.0
ASV1204,131.0
ASV1197,131.0
ASV1210,130.0
ASV1208,130.0
ASV1209,130.0
ASV1205,130.0
ASV1207,130.0
ASV1206,130.0
ASV1217,129.0
ASV1216,129.0
ASV1214,129.0
ASV1215,129.0
ASV1212,129.0
ASV1213,129.0
ASV1211,129.0
ASV1218,128.0
ASV1219,128.0
ASV1220,128.0
ASV1221,128.0
ASV1222,128.0
ASV1223,128.0
ASV1224,128.0
ASV1225,128.0
ASV1226,128.0
ASV1228,127.0
ASV1230,127.0
ASV1229,127.0
ASV1227,127.0
ASV1234,126.0
ASV1237,126.0
ASV1236,126.0
ASV1235,126.0
ASV1238,126.0
ASV1233,126.0
ASV1232,126.0
ASV1231,126.0
ASV1239,125.0
ASV1240,125.0
ASV1241,125.0
ASV1242,125.0
ASV1243,125.0
ASV1244,125.0
ASV1245,125.0
ASV1248,124.0
ASV1249,124.0
ASV1247,124.0
ASV1246,124.0
ASV1250,123.0
ASV1251,123.0
ASV1252,123.0
ASV1253,123.0
ASV1254,123.0
ASV1255,123.0
ASV1257,122.0
ASV1264,122.0
ASV1256,122.0
ASV1258,122.0
ASV1259,122.0
ASV1260,122.0
ASV1261,122.0
ASV1262,122.0
ASV1263,122.0
ASV1266,121.0
ASV1267,121.0
ASV1269,121.0
ASV1265,121.0
ASV1268,121.0
ASV1273,120.0
ASV1274,120.0
ASV1272,120.0
ASV1271,120.0
ASV1270,120.0
ASV1275,119.0
ASV1276,119.0
ASV1277,119.0
ASV1278,119.0
ASV1279,119.0
ASV1280,118.0
ASV1281,118.0
ASV1282,118.0
ASV1283,118.0
ASV1284,118.0
ASV1285,118.0
ASV1288,117.0
ASV1289,117.0
ASV1290,117.0
ASV1287,117.0
ASV1286,117.0
ASV1291,116.0
ASV1292,116.0
ASV1293,116.0
ASV1294,116.0
ASV1295,116.0
ASV1296,116.0
ASV1299,115.0
ASV1298,115.0
ASV1297,115.0
ASV1300,114.0
ASV1301,114.0
ASV1302,114.0
ASV1303,114.0
ASV1304,114.0
ASV1305,114.0
ASV1309,113.0
ASV1313,113.0
ASV1312,113.0
ASV1310,113.0
ASV1311,113.0
ASV1308,113.0
ASV1307,113.0
ASV1306,113.0
ASV1318,112.0
ASV1323,112.0
ASV1322,112.0
ASV1321,112.0
ASV1320,112.0
ASV1319,112.0
ASV1317,112.0
ASV1316,112.0
ASV1315,112.0
ASV1314,112.0
ASV1331,111.0
ASV1336,111.0
ASV1335,111.0
ASV1334,111.0
ASV1333,111.0
ASV1332,111.0
ASV1330,111.0
ASV1328,111.0
ASV1327,111.0
ASV1326,111.0
ASV1325,111.0
ASV1324,111.0
ASV1329,111.0
ASV1340,110.0
ASV1342,110.0
ASV1345,110.0
ASV1344,110.0
ASV1343,110.0
ASV1338,110.0
ASV1341,110.0
ASV1339,110.0
ASV1337,110.0
ASV1354,109.0
ASV1353,109.0
ASV1351,109.0
ASV1355,109.0
ASV1352,109.0
ASV1349,109.0
ASV1350,109.0
ASV1348,109.0
ASV1347,109.0
ASV1346,109.0
ASV1356,108.0
ASV1357,108.0
ASV1358,108.0
ASV1359,108.0
ASV1360,108.0
ASV1361,108.0
ASV1366,107.0
ASV1370,107.0
ASV1369,107.0
ASV1368,107.0
ASV1367,107.0
ASV1371,107.0
ASV1365,107.0
ASV1363,107.0
ASV1362,107.0
ASV1364,107.0
ASV1377,106.0
ASV1383,106.0
ASV1382,106.0
ASV1381,106.0
ASV1380,106.0
ASV1378,106.0
ASV1379,106.0
ASV1376,106.0
ASV1375,106.0
ASV1374,106.0
ASV1373,106.0
ASV1372,106.0
ASV1384,105.0
ASV1385,105.0
ASV1386,105.0
ASV1387,105.0
ASV1393,104.0
ASV1397,104.0
ASV1396,104.0
ASV1395,104.0
ASV1394,104.0
ASV1389,104.0
ASV1392,104.0
ASV1390,104.0
ASV1388,104.0
ASV1391,104.0
ASV1404,103.0
ASV1411,103.0
ASV1409,103.0
ASV1408,103.0
ASV1407,103.0
ASV1406,103.0
ASV1405,103.0
ASV1410,103.0
ASV1403,103.0
ASV1402,103.0
ASV1401,103.0
ASV1400,103.0
ASV1399,103.0
ASV1398,103.0
ASV1420,102.0
ASV1419,102.0
ASV1418,102.0
ASV1417,102.0
ASV1416,102.0
ASV1415,102.0
ASV1414,102.0
ASV1413,102.0
ASV1412,102.0
ASV1427,101.0
ASV1434,101.0
ASV1433,101.0
ASV1432,101.0
ASV1431,101.0
ASV1430,101.0
ASV1428,101.0
ASV1429,101.0
ASV1426,101.0
ASV1425,101.0
ASV1424,101.0
ASV1423,101.0
ASV1422,101.0
ASV1421,101.0
ASV1440,100.0
ASV1445,100.0
ASV1444,100.0
ASV1443,100.0
ASV1442,100.0
ASV1441,100.0
ASV1446,100.0
ASV1439,100.0
ASV1437,100.0
ASV1436,100.0
ASV1435,100.0
ASV1438,100.0
ASV1451,99.0
ASV1456,99.0
ASV1455,99.0
ASV1454,99.0
ASV1452,99.0
ASV1453,99.0
ASV1450,99.0
ASV1449,99.0
ASV1448,99.0
ASV1447,99.0
ASV1465,98.0
ASV1474,98.0
ASV1473,98.0
ASV1472,98.0
ASV1471,98.0
ASV1470,98.0
ASV1468,98.0
ASV1467,98.0
ASV1466,98.0
ASV1469,98.0
ASV1464,98.0
ASV1462,98.0
ASV1463,98.0
ASV1461,98.0
ASV1460,98.0
ASV1459,98.0
ASV1458,98.0
ASV1457,98.0
ASV1478,97.0
ASV1480,97.0
ASV1479,97.0
ASV1475,97.0
ASV1477,97.0
ASV1476,97.0
ASV1484,96.0
ASV1487,96.0
ASV1486,96.0
ASV1485,96.0
ASV1481,96.0
ASV1483,96.0
ASV1482,96.0
ASV1497,95.0
ASV1505,95.0
ASV1504,95.0
ASV1503,95.0
ASV1502,95.0
ASV1501,95.0
ASV1500,95.0
ASV1499,95.0
ASV1498,95.0
ASV1488,95.0
ASV1496,95.0
ASV1495,95.0
ASV1494,95.0
ASV1493,95.0
ASV1492,95.0
ASV1491,95.0
ASV1490,95.0
ASV1489,95.0
ASV1510,94.0
ASV1514,94.0
ASV1513,94.0
ASV1512,94.0
ASV1511,94.0
ASV1507,94.0
ASV1509,94.0
ASV1506,94.0
ASV1508,94.0
ASV1531,93.0
ASV1523,93.0
ASV1515,93.0
ASV1529,93.0
ASV1528,93.0
ASV1527,93.0
ASV1526,93.0
ASV1525,93.0
ASV1524,93.0
ASV1530,93.0
ASV1522,93.0
ASV1520,93.0
ASV1519,93.0
ASV1518,93.0
ASV1517,93.0
ASV1516,93.0
ASV1521,93.0
ASV1537,92.0
ASV1542,92.0
ASV1541,92.0
ASV1540,92.0
ASV1539,92.0
ASV1538,92.0
ASV1536,92.0
ASV1535,92.0
ASV1534,92.0
ASV1533,92.0
ASV1532,92.0
ASV1550,91.0
ASV1555,91.0
ASV1554,91.0
ASV1553,91.0
ASV1552,91.0
ASV1551,91.0
ASV1556,91.0
ASV1548,91.0
ASV1549,91.0
ASV1546,91.0
ASV1545,91.0
ASV1544,91.0
ASV1543,91.0
ASV1547,91.0
ASV1563,90.0
ASV1570,90.0
ASV1569,90.0
ASV1567,90.0
ASV1566,90.0
ASV1565,90.0
ASV1564,90.0
ASV1568,90.0
ASV1562,90.0
ASV1561,90.0
ASV1560,90.0
ASV1559,90.0
ASV1558,90.0
ASV1557,90.0
ASV1580,89.0
ASV1579,89.0
ASV1578,89.0
ASV1577,89.0
ASV1576,89.0
ASV1575,89.0
ASV1574,89.0
ASV1573,89.0
ASV1572,89.0
ASV1571,89.0
ASV1586,88.0
ASV1592,88.0
ASV1591,88.0
ASV1590,88.0
ASV1588,88.0
ASV1587,88.0
ASV1589,88.0
ASV1585,88.0
ASV1584,88.0
ASV1583,88.0
ASV1582,88.0
ASV1581,88.0
ASV1600,87.0
ASV1607,87.0
ASV1606,87.0
ASV1605,87.0
ASV1604,87.0
ASV1603,87.0
ASV1602,87.0
ASV1601,87.0
ASV1593,87.0
ASV1599,87.0
ASV1597,87.0
ASV1596,87.0
ASV1595,87.0
ASV1594,87.0
ASV1598,87.0
ASV1613,86.0
ASV1619,86.0
ASV1617,86.0
ASV1616,86.0
ASV1615,86.0
ASV1614,86.0
ASV1618,86.0
ASV1612,86.0
ASV1610,86.0
ASV1609,86.0
ASV1608,86.0
ASV1611,86.0
ASV1624,85.0
ASV1629,85.0
ASV1628,85.0
ASV1627,85.0
ASV1626,85.0
ASV1625,85.0
ASV1623,85.0
ASV1622,85.0
ASV1621,85.0
ASV1620,85.0
ASV1637,84.0
ASV1643,84.0
ASV1642,84.0
ASV1641,84.0
ASV1640,84.0
ASV1639,84.0
ASV1638,84.0
ASV1634,84.0
ASV1636,84.0
ASV1633,84.0
ASV1632,84.0
ASV1631,84.0
ASV1630,84.0
ASV1635,84.0
ASV1651,83.0
ASV1658,83.0
ASV1657,83.0
ASV1656,83.0
ASV1655,83.0
ASV1654,83.0
ASV1653,83.0
ASV1652,83.0
ASV1650,83.0
ASV1649,83.0
ASV1648,83.0
ASV1647,83.0
ASV1646,83.0
ASV1645,83.0
ASV1644,83.0
ASV1667,82.0
ASV1676,82.0
ASV1675,82.0
ASV1673,82.0
ASV1672,82.0
ASV1671,82.0
ASV1670,82.0
ASV1669,82.0
ASV1668,82.0
ASV1674,82.0
ASV1666,82.0
ASV1664,82.0
ASV1663,82.0
ASV1662,82.0
ASV1661,82.0
ASV1665,82.0
ASV1660,82.0
ASV1659,82.0
ASV1683,81.0
ASV1688,81.0
ASV1687,81.0
ASV1686,81.0
ASV1685,81.0
ASV1684,81.0
ASV1682,81.0
ASV1681,81.0
ASV1680,81.0
ASV1679,81.0
ASV1678,81.0
ASV1677,81.0
ASV1698,80.0
ASV1706,80.0
ASV1705,80.0
ASV1704,80.0
ASV1703,80.0
ASV1702,80.0
ASV1701,80.0
ASV1700,80.0
ASV1699,80.0
ASV1707,80.0
ASV1697,80.0
ASV1695,80.0
ASV1694,80.0
ASV1693,80.0
ASV1692,80.0
ASV1691,80.0
ASV1690,80.0
ASV1689,80.0
ASV1696,80.0
ASV1723,79.0
ASV1719,79.0
ASV1720,79.0
ASV1721,79.0
ASV1727,79.0
ASV1724,79.0
ASV1725,79.0
ASV1726,79.0
ASV1717,79.0
ASV1718,79.0
ASV1722,79.0
ASV1716,79.0
ASV1714,79.0
ASV1713,79.0
ASV1712,79.0
ASV1711,79.0
ASV1710,79.0
ASV1709,79.0
ASV1708,79.0
ASV1715,79.0
ASV1733,78.0
ASV1738,78.0
ASV1737,78.0
ASV1736,78.0
ASV1735,78.0
ASV1734,78.0
ASV1732,78.0
ASV1731,78.0
ASV1730,78.0
ASV1729,78.0
ASV1728,78.0
ASV1748,77.0
ASV1756,77.0
ASV1755,77.0
ASV1757,77.0
ASV1753,77.0
ASV1752,77.0
ASV1751,77.0
ASV1750,77.0
ASV1749,77.0
ASV1754,77.0
ASV1747,77.0
ASV1742,77.0
ASV1739,77.0
ASV1740,77.0
ASV1741,77.0
ASV1746,77.0
ASV1743,77.0
ASV1745,77.0
ASV1744,77.0
ASV1766,76.0
ASV1774,76.0
ASV1773,76.0
ASV1772,76.0
ASV1771,76.0
ASV1770,76.0
ASV1769,76.0
ASV1767,76.0
ASV1768,76.0
ASV1765,76.0
ASV1764,76.0
ASV1763,76.0
ASV1762,76.0
ASV1761,76.0
ASV1760,76.0
ASV1759,76.0
ASV1758,76.0
ASV1782,75.0
ASV1791,75.0
ASV1789,75.0
ASV1788,75.0
ASV1786,75.0
ASV1785,75.0
ASV1784,75.0
ASV1783,75.0
ASV1790,75.0
ASV1781,75.0
ASV1777,75.0
ASV1780,75.0
ASV1775,75.0
ASV1776,75.0
ASV1787,75.0
ASV1778,75.0
ASV1779,75.0
ASV1799,74.0
ASV1792,74.0
ASV1793,74.0
ASV1794,74.0
ASV1795,74.0
ASV1796,74.0
ASV1797,74.0
ASV1798,74.0
ASV1815,73.0
ASV1812,73.0
ASV1813,73.0
ASV1814,73.0
ASV1807,73.0
ASV1816,73.0
ASV1817,73.0
ASV1818,73.0
ASV1810,73.0
ASV1819,73.0
ASV1811,73.0
ASV1804,73.0
ASV1809,73.0
ASV1808,73.0
ASV1806,73.0
ASV1805,73.0
ASV1803,73.0
ASV1802,73.0
ASV1801,73.0
ASV1800,73.0
ASV1833,72.0
ASV1832,72.0
ASV1831,72.0
ASV1830,72.0
ASV1829,72.0
ASV1828,72.0
ASV1826,72.0
ASV1827,72.0
ASV1825,72.0
ASV1823,72.0
ASV1822,72.0
ASV1821,72.0
ASV1820,72.0
ASV1824,72.0
ASV1841,71.0
ASV1848,71.0
ASV1847,71.0
ASV1846,71.0
ASV1845,71.0
ASV1844,71.0
ASV1843,71.0
ASV1842,71.0
ASV1849,71.0
ASV1840,71.0
ASV1838,71.0
ASV1837,71.0
ASV1836,71.0
ASV1835,71.0
ASV1834,71.0
ASV1839,71.0
ASV1856,70.0
ASV1862,70.0
ASV1861,70.0
ASV1860,70.0
ASV1859,70.0
ASV1858,70.0
ASV1857,70.0
ASV1855,70.0
ASV1854,70.0
ASV1853,70.0
ASV1852,70.0
ASV1851,70.0
ASV1850,70.0
ASV1872,69.0
ASV1880,69.0
ASV1879,69.0
ASV1878,69.0
ASV1877,69.0
ASV1881,69.0
ASV1876,69.0
ASV1875,69.0
ASV1874,69.0
ASV1873,69.0
ASV1867,69.0
ASV1871,69.0
ASV1869,69.0
ASV1868,69.0
ASV1866,69.0
ASV1865,69.0
ASV1864,69.0
ASV1863,69.0
ASV1870,69.0
ASV1898,68.0
ASV1895,68.0
ASV1896,68.0
ASV1897,68.0
ASV1902,68.0
ASV1899,68.0
ASV1900,68.0
ASV1901,68.0
ASV1893,68.0
ASV1903,68.0
ASV1894,68.0
ASV1890,68.0
ASV1892,68.0
ASV1891,68.0
ASV1889,68.0
ASV1888,68.0
ASV1887,68.0
ASV1886,68.0
ASV1885,68.0
ASV1884,68.0
ASV1883,68.0
ASV1882,68.0
ASV1917,67.0
ASV1918,67.0
ASV1919,67.0
ASV1920,67.0
ASV1909,67.0
ASV1921,67.0
ASV1922,67.0
ASV1923,67.0
ASV1924,67.0
ASV1915,67.0
ASV1916,67.0
ASV1904,67.0
ASV1914,67.0
ASV1908,67.0
ASV1905,67.0
ASV1906,67.0
ASV1907,67.0
ASV1913,67.0
ASV1910,67.0
ASV1912,67.0
ASV1911,67.0
ASV1933,66.0
ASV1941,66.0
ASV1940,66.0
ASV1939,66.0
ASV1938,66.0
ASV1937,66.0
ASV1936,66.0
ASV1934,66.0
ASV1935,66.0
ASV1932,66.0
ASV1931,66.0
ASV1930,66.0
ASV1929,66.0
ASV1928,66.0
ASV1927,66.0
ASV1926,66.0
ASV1925,66.0
ASV1950,65.0
ASV1958,65.0
ASV1956,65.0
ASV1955,65.0
ASV1954,65.0
ASV1953,65.0
ASV1952,65.0
ASV1951,65.0
ASV1957,65.0
ASV1949,65.0
ASV1944,65.0
ASV1942,65.0
ASV1943,65.0
ASV1948,65.0
ASV1945,65.0
ASV1947,65.0
ASV1946,65.0
ASV1979,64.0
ASV1974,64.0
ASV1975,64.0
ASV1976,64.0
ASV1977,64.0
ASV1978,64.0
ASV1981,64.0
ASV1980,64.0
ASV1982,64.0
ASV1973,64.0
ASV1984,64.0
ASV1985,64.0
ASV1986,64.0
ASV1983,64.0
ASV1971,64.0
ASV1972,64.0
ASV1964,64.0
ASV1959,64.0
ASV1960,64.0
ASV1970,64.0
ASV1962,64.0
ASV1963,64.0
ASV1961,64.0
ASV1965,64.0
ASV1966,64.0
ASV1967,64.0
ASV1968,64.0
ASV1969,64.0
ASV2001,63.0
ASV2000,63.0
ASV1999,63.0
ASV1998,63.0
ASV1997,63.0
ASV1996,63.0
ASV1995,63.0
ASV1994,63.0
ASV1993,63.0
ASV1988,63.0
ASV1992,63.0
ASV1987,63.0
ASV1991,63.0
ASV1989,63.0
ASV1990,63.0
ASV2014,62.0
ASV2027,62.0
ASV2026,62.0
ASV2025,62.0
ASV2024,62.0
ASV2023,62.0
ASV2022,62.0
ASV2020,62.0
ASV2019,62.0
ASV2018,62.0
ASV2017,62.0
ASV2016,62.0
ASV2015,62.0
ASV2021,62.0
ASV2013,62.0
ASV2007,62.0
ASV2012,62.0
ASV2002,62.0
ASV2003,62.0
ASV2004,62.0
ASV2006,62.0
ASV2005,62.0
ASV2008,62.0
ASV2009,62.0
ASV2010,62.0
ASV2011,62.0
ASV2045,61.0
ASV2051,61.0
ASV2046,61.0
ASV2047,61.0
ASV2048,61.0
ASV2049,61.0
ASV2050,61.0
ASV2056,61.0
ASV2052,61.0
ASV2058,61.0
ASV2053,61.0
ASV2054,61.0
ASV2055,61.0
ASV2057,61.0
ASV2043,61.0
ASV2044,61.0
ASV2033,61.0
ASV2042,61.0
ASV2035,61.0
ASV2028,61.0
ASV2041,61.0
ASV2030,61.0
ASV2032,61.0
ASV2034,61.0
ASV2029,61.0
ASV2036,61.0
ASV2037,61.0
ASV2038,61.0
ASV2039,61.0
ASV2040,61.0
ASV2031,61.0
ASV2069,60.0
ASV2079,60.0
ASV2078,60.0
ASV2077,60.0
ASV2076,60.0
ASV2075,60.0
ASV2074,60.0
ASV2073,60.0
ASV2072,60.0
ASV2071,60.0
ASV2070,60.0
ASV2068,60.0
ASV2066,60.0
ASV2065,60.0
ASV2064,60.0
ASV2063,60.0
ASV2062,60.0
ASV2061,60.0
ASV2060,60.0
ASV2059,60.0
ASV2067,60.0
ASV2098,59.0
ASV2094,59.0
ASV2095,59.0
ASV2096,59.0
ASV2097,59.0
ASV2103,59.0
ASV2099,59.0
ASV2100,59.0
ASV2101,59.0
ASV2102,59.0
ASV2091,59.0
ASV2093,59.0
ASV2092,59.0
ASV2083,59.0
ASV2089,59.0
ASV2088,59.0
ASV2087,59.0
ASV2086,59.0
ASV2085,59.0
ASV2084,59.0
ASV2082,59.0
ASV2081,59.0
ASV2080,59.0
ASV2090,59.0
ASV2120,58.0
ASV2121,58.0
ASV2117,58.0
ASV2119,58.0
ASV2123,58.0
ASV2122,58.0
ASV2129,58.0
ASV2124,58.0
ASV2125,58.0
ASV2126,58.0
ASV2127,58.0
ASV2128,58.0
ASV2118,58.0
ASV2106,58.0
ASV2116,58.0
ASV2109,58.0
ASV2115,58.0
ASV2104,58.0
ASV2105,58.0
ASV2108,58.0
ASV2107,58.0
ASV2110,58.0
ASV2111,58.0
ASV2112,58.0
ASV2113,58.0
ASV2114,58.0
ASV2151,57.0
ASV2146,57.0
ASV2158,57.0
ASV2148,57.0
ASV2149,57.0
ASV2150,57.0
ASV2157,57.0
ASV2152,57.0
ASV2153,57.0
ASV2154,57.0
ASV2155,57.0
ASV2156,57.0
ASV2144,57.0
ASV2145,57.0
ASV2147,57.0
ASV2143,57.0
ASV2135,57.0
ASV2142,57.0
ASV2130,57.0
ASV2132,57.0
ASV2133,57.0
ASV2134,57.0
ASV2131,57.0
ASV2136,57.0
ASV2137,57.0
ASV2138,57.0
ASV2139,57.0
ASV2140,57.0
ASV2141,57.0
ASV2168,56.0
ASV2178,56.0
ASV2177,56.0
ASV2176,56.0
ASV2175,56.0
ASV2174,56.0
ASV2173,56.0
ASV2172,56.0
ASV2171,56.0
ASV2170,56.0
ASV2169,56.0
ASV2160,56.0
ASV2166,56.0
ASV2165,56.0
ASV2164,56.0
ASV2163,56.0
ASV2162,56.0
ASV2161,56.0
ASV2159,56.0
ASV2167,56.0
ASV2200,55.0
ASV2202,55.0
ASV2201,55.0
ASV2196,55.0
ASV2199,55.0
ASV2198,55.0
ASV2204,55.0
ASV2203,55.0
ASV2208,55.0
ASV2205,55.0
ASV2206,55.0
ASV2212,55.0
ASV2207,55.0
ASV2209,55.0
ASV2210,55.0
ASV2211,55.0
ASV2197,55.0
ASV2184,55.0
ASV2195,55.0
ASV2186,55.0
ASV2179,55.0
ASV2194,55.0
ASV2181,55.0
ASV2182,55.0
ASV2183,55.0
ASV2185,55.0
ASV2180,55.0
ASV2187,55.0
ASV2189,55.0
ASV2190,55.0
ASV2191,55.0
ASV2192,55.0
ASV2193,55.0
ASV2188,55.0
ASV2232,54.0
ASV2227,54.0
ASV2228,54.0
ASV2229,54.0
ASV2230,54.0
ASV2231,54.0
ASV2235,54.0
ASV2233,54.0
ASV2234,54.0
ASV2236,54.0
ASV2237,54.0
ASV2238,54.0
ASV2226,54.0
ASV2225,54.0
ASV2224,54.0
ASV2217,54.0
ASV2213,54.0
ASV2214,54.0
ASV2215,54.0
ASV2216,54.0
ASV2223,54.0
ASV2218,54.0
ASV2220,54.0
ASV2221,54.0
ASV2222,54.0
ASV2219,54.0
ASV2256,53.0
ASV2252,53.0
ASV2253,53.0
ASV2254,53.0
ASV2255,53.0
ASV2259,53.0
ASV2257,53.0
ASV2258,53.0
ASV2260,53.0
ASV2261,53.0
ASV2250,53.0
ASV2251,53.0
ASV2249,53.0
ASV2247,53.0
ASV2246,53.0
ASV2245,53.0
ASV2244,53.0
ASV2243,53.0
ASV2242,53.0
ASV2241,53.0
ASV2240,53.0
ASV2239,53.0
ASV2248,53.0
ASV2273,52.0
ASV2279,52.0
ASV2275,52.0
ASV2276,52.0
ASV2277,52.0
ASV2278,52.0
ASV2284,52.0
ASV2280,52.0
ASV2281,52.0
ASV2282,52.0
ASV2283,52.0
ASV2274,52.0
ASV2262,52.0
ASV2272,52.0
ASV2266,52.0
ASV2271,52.0
ASV2263,52.0
ASV2265,52.0
ASV2264,52.0
ASV2267,52.0
ASV2268,52.0
ASV2269,52.0
ASV2270,52.0
ASV2307,51.0
ASV2301,51.0
ASV2302,51.0
ASV2303,51.0
ASV2304,51.0
ASV2305,51.0
ASV2306,51.0
ASV2312,51.0
ASV2308,51.0
ASV2309,51.0
ASV2310,51.0
ASV2311,51.0
ASV2313,51.0
ASV2299,51.0
ASV2300,51.0
ASV2293,51.0
ASV2298,51.0
ASV2290,51.0
ASV2297,51.0
ASV2286,51.0
ASV2287,51.0
ASV2288,51.0
ASV2289,51.0
ASV2285,51.0
ASV2291,51.0
ASV2294,51.0
ASV2295,51.0
ASV2296,51.0
ASV2292,51.0
ASV2335,50.0
ASV2329,50.0
ASV2331,50.0
ASV2332,50.0
ASV2333,50.0
ASV2334,50.0
ASV2337,50.0
ASV2336,50.0
ASV2338,50.0
ASV2339,50.0
ASV2340,50.0
ASV2327,50.0
ASV2341,50.0
ASV2328,50.0
ASV2330,50.0
ASV2326,50.0
ASV2319,50.0
ASV2325,50.0
ASV2314,50.0
ASV2316,50.0
ASV2317,50.0
ASV2318,50.0
ASV2315,50.0
ASV2320,50.0
ASV2321,50.0
ASV2322,50.0
ASV2323,50.0
ASV2324,50.0
ASV2372,49.0
ASV2364,49.0
ASV2365,49.0
ASV2366,49.0
ASV2367,49.0
ASV2368,49.0
ASV2369,49.0
ASV2370,49.0
ASV2371,49.0
ASV2379,49.0
ASV2373,49.0
ASV2374,49.0
ASV2375,49.0
ASV2376,49.0
ASV2377,49.0
ASV2378,49.0
ASV2380,49.0
ASV2382,49.0
ASV2362,49.0
ASV2363,49.0
ASV2381,49.0
ASV2361,49.0
ASV2350,49.0
ASV2360,49.0
ASV2342,49.0
ASV2343,49.0
ASV2344,49.0
ASV2346,49.0
ASV2347,49.0
ASV2348,49.0
ASV2349,49.0
ASV2345,49.0
ASV2351,49.0
ASV2353,49.0
ASV2354,49.0
ASV2355,49.0
ASV2356,49.0
ASV2357,49.0
ASV2358,49.0
ASV2359,49.0
ASV2352,49.0
ASV2403,48.0
ASV2398,48.0
ASV2399,48.0
ASV2400,48.0
ASV2401,48.0
ASV2402,48.0
ASV2407,48.0
ASV2404,48.0
ASV2405,48.0
ASV2406,48.0
ASV2408,48.0
ASV2396,48.0
ASV2397,48.0
ASV2394,48.0
ASV2395,48.0
ASV2388,48.0
ASV2383,48.0
ASV2384,48.0
ASV2386,48.0
ASV2387,48.0
ASV2385,48.0
ASV2389,48.0
ASV2390,48.0
ASV2391,48.0
ASV2392,48.0
ASV2393,48.0
ASV2435,47.0
ASV2428,47.0
ASV2429,47.0
ASV2430,47.0
ASV2431,47.0
ASV2432,47.0
ASV2433,47.0
ASV2434,47.0
ASV2441,47.0
ASV2436,47.0
ASV2437,47.0
ASV2438,47.0
ASV2439,47.0
ASV2440,47.0
ASV2426,47.0
ASV2442,47.0
ASV2443,47.0
ASV2427,47.0
ASV2412,47.0
ASV2425,47.0
ASV2416,47.0
ASV2424,47.0
ASV2409,47.0
ASV2410,47.0
ASV2411,47.0
ASV2414,47.0
ASV2415,47.0
ASV2413,47.0
ASV2417,47.0
ASV2418,47.0
ASV2419,47.0
ASV2420,47.0
ASV2421,47.0
ASV2422,47.0
ASV2423,47.0
ASV2473,46.0
ASV2465,46.0
ASV2466,46.0
ASV2467,46.0
ASV2468,46.0
ASV2469,46.0
ASV2470,46.0
ASV2471,46.0
ASV2472,46.0
ASV2480,46.0
ASV2474,46.0
ASV2475,46.0
ASV2476,46.0
ASV2482,46.0
ASV2477,46.0
ASV2478,46.0
ASV2479,46.0
ASV2481,46.0
ASV2463,46.0
ASV2464,46.0
ASV2449,46.0
ASV2462,46.0
ASV2452,46.0
ASV2461,46.0
ASV2444,46.0
ASV2445,46.0
ASV2446,46.0
ASV2448,46.0
ASV2450,46.0
ASV2451,46.0
ASV2447,46.0
ASV2453,46.0
ASV2455,46.0
ASV2456,46.0
ASV2457,46.0
ASV2458,46.0
ASV2459,46.0
ASV2454,46.0
ASV2460,46.0
ASV2498,45.0
ASV2495,45.0
ASV2496,45.0
ASV2497,45.0
ASV2502,45.0
ASV2499,45.0
ASV2501,45.0
ASV2503,45.0
ASV2493,45.0
ASV2494,45.0
ASV2500,45.0
ASV2492,45.0
ASV2490,45.0
ASV2489,45.0
ASV2488,45.0
ASV2487,45.0
ASV2486,45.0
ASV2485,45.0
ASV2484,45.0
ASV2483,45.0
ASV2491,45.0
ASV2522,44.0
ASV2518,44.0
ASV2519,44.0
ASV2520,44.0
ASV2521,44.0
ASV2527,44.0
ASV2523,44.0
ASV2524,44.0
ASV2525,44.0
ASV2526,44.0
ASV2516,44.0
ASV2528,44.0
ASV2517,44.0
ASV2514,44.0
ASV2515,44.0
ASV2508,44.0
ASV2504,44.0
ASV2513,44.0
ASV2506,44.0
ASV2507,44.0
ASV2505,44.0
ASV2509,44.0
ASV2510,44.0
ASV2511,44.0
ASV2512,44.0
ASV2556,43.0
ASV2548,43.0
ASV2549,43.0
ASV2550,43.0
ASV2552,43.0
ASV2553,43.0
ASV2554,43.0
ASV2555,43.0
ASV2546,43.0
ASV2557,43.0
ASV2558,43.0
ASV2559,43.0
ASV2560,43.0
ASV2561,43.0
ASV2562,43.0
ASV2563,43.0
ASV2564,43.0
ASV2547,43.0
ASV2551,43.0
ASV2545,43.0
ASV2537,43.0
ASV2529,43.0
ASV2530,43.0
ASV2531,43.0
ASV2533,43.0
ASV2534,43.0
ASV2535,43.0
ASV2536,43.0
ASV2532,43.0
ASV2538,43.0
ASV2540,43.0
ASV2541,43.0
ASV2544,43.0
ASV2542,43.0
ASV2543,43.0
ASV2539,43.0
ASV2597,42.0
ASV2601,42.0
ASV2600,42.0
ASV2599,42.0
ASV2598,42.0
ASV2593,42.0
ASV2596,42.0
ASV2595,42.0
ASV2594,42.0
ASV2592,42.0
ASV2603,42.0
ASV2602,42.0
ASV2611,42.0
ASV2604,42.0
ASV2605,42.0
ASV2606,42.0
ASV2607,42.0
ASV2608,42.0
ASV2609,42.0
ASV2610,42.0
ASV2590,42.0
ASV2612,42.0
ASV2613,42.0
ASV2614,42.0
ASV2591,42.0
ASV2589,42.0
ASV2568,42.0
ASV2576,42.0
ASV2565,42.0
ASV2566,42.0
ASV2567,42.0
ASV2588,42.0
ASV2569,42.0
ASV2570,42.0
ASV2571,42.0
ASV2572,42.0
ASV2574,42.0
ASV2575,42.0
ASV2573,42.0
ASV2577,42.0
ASV2583,42.0
ASV2587,42.0
ASV2586,42.0
ASV2578,42.0
ASV2584,42.0
ASV2585,42.0
ASV2582,42.0
ASV2581,42.0
ASV2580,42.0
ASV2579,42.0
ASV2641,41.0
ASV2634,41.0
ASV2635,41.0
ASV2636,41.0
ASV2637,41.0
ASV2638,41.0
ASV2639,41.0
ASV2640,41.0
ASV2632,41.0
ASV2642,41.0
ASV2643,41.0
ASV2644,41.0
ASV2645,41.0
ASV2646,41.0
ASV2647,41.0
ASV2648,41.0
ASV2649,41.0
ASV2633,41.0
ASV2625,41.0
ASV2631,41.0
ASV2622,41.0
ASV2630,41.0
ASV2615,41.0
ASV2616,41.0
ASV2617,41.0
ASV2618,41.0
ASV2620,41.0
ASV2621,41.0
ASV2619,41.0
ASV2623,41.0
ASV2624,41.0
ASV2626,41.0
ASV2627,41.0
ASV2628,41.0
ASV2629,41.0
ASV2678,40.0
ASV2670,40.0
ASV2671,40.0
ASV2672,40.0
ASV2673,40.0
ASV2674,40.0
ASV2675,40.0
ASV2676,40.0
ASV2677,40.0
ASV2686,40.0
ASV2679,40.0
ASV2680,40.0
ASV2681,40.0
ASV2682,40.0
ASV2683,40.0
ASV2684,40.0
ASV2685,40.0
ASV2687,40.0
ASV2669,40.0
ASV2668,40.0
ASV2667,40.0
ASV2657,40.0
ASV2666,40.0
ASV2651,40.0
ASV2652,40.0
ASV2653,40.0
ASV2654,40.0
ASV2655,40.0
ASV2656,40.0
ASV2650,40.0
ASV2658,40.0
ASV2660,40.0
ASV2661,40.0
ASV2662,40.0
ASV2663,40.0
ASV2664,40.0
ASV2665,40.0
ASV2659,40.0
ASV2714,39.0
ASV2707,39.0
ASV2708,39.0
ASV2709,39.0
ASV2710,39.0
ASV2711,39.0
ASV2712,39.0
ASV2713,39.0
ASV2719,39.0
ASV2715,39.0
ASV2716,39.0
ASV2718,39.0
ASV2720,39.0
ASV2721,39.0
ASV2722,39.0
ASV2705,39.0
ASV2706,39.0
ASV2717,39.0
ASV2704,39.0
ASV2695,39.0
ASV2688,39.0
ASV2689,39.0
ASV2690,39.0
ASV2692,39.0
ASV2703,39.0
ASV2693,39.0
ASV2694,39.0
ASV2691,39.0
ASV2696,39.0
ASV2698,39.0
ASV2699,39.0
ASV2700,39.0
ASV2701,39.0
ASV2702,39.0
ASV2697,39.0
ASV2756,38.0
ASV2760,38.0
ASV2759,38.0
ASV2758,38.0
ASV2757,38.0
ASV2752,38.0
ASV2755,38.0
ASV2754,38.0
ASV2753,38.0
ASV2750,38.0
ASV2762,38.0
ASV2761,38.0
ASV2771,38.0
ASV2763,38.0
ASV2764,38.0
ASV2765,38.0
ASV2766,38.0
ASV2767,38.0
ASV2768,38.0
ASV2769,38.0
ASV2770,38.0
ASV2748,38.0
ASV2772,38.0
ASV2773,38.0
ASV2774,38.0
ASV2749,38.0
ASV2751,38.0
ASV2747,38.0
ASV2734,38.0
ASV2723,38.0
ASV2746,38.0
ASV2725,38.0
ASV2726,38.0
ASV2727,38.0
ASV2728,38.0
ASV2729,38.0
ASV2730,38.0
ASV2731,38.0
ASV2732,38.0
ASV2733,38.0
ASV2724,38.0
ASV2735,38.0
ASV2737,38.0
ASV2738,38.0
ASV2739,38.0
ASV2740,38.0
ASV2741,38.0
ASV2742,38.0
ASV2743,38.0
ASV2744,38.0
ASV2745,38.0
ASV2736,38.0
ASV2804,37.0
ASV2807,37.0
ASV2806,37.0
ASV2805,37.0
ASV2821,37.0
ASV2803,37.0
ASV2802,37.0
ASV2801,37.0
ASV2800,37.0
ASV2809,37.0
ASV2808,37.0
ASV2815,37.0
ASV2810,37.0
ASV2811,37.0
ASV2812,37.0
ASV2813,37.0
ASV2814,37.0
ASV2816,37.0
ASV2817,37.0
ASV2818,37.0
ASV2819,37.0
ASV2820,37.0
ASV2798,37.0
ASV2799,37.0
ASV2796,37.0
ASV2797,37.0
ASV2784,37.0
ASV2795,37.0
ASV2775,37.0
ASV2777,37.0
ASV2778,37.0
ASV2779,37.0
ASV2780,37.0
ASV2781,37.0
ASV2782,37.0
ASV2783,37.0
ASV2776,37.0
ASV2785,37.0
ASV2791,37.0
ASV2786,37.0
ASV2794,37.0
ASV2792,37.0
ASV2793,37.0
ASV2790,37.0
ASV2789,37.0
ASV2788,37.0
ASV2787,37.0
ASV2851,36.0
ASV2844,36.0
ASV2845,36.0
ASV2846,36.0
ASV2847,36.0
ASV2848,36.0
ASV2849,36.0
ASV2850,36.0
ASV2856,36.0
ASV2852,36.0
ASV2853,36.0
ASV2854,36.0
ASV2855,36.0
ASV2857,36.0
ASV2858,36.0
ASV2859,36.0
ASV2860,36.0
ASV2841,36.0
ASV2842,36.0
ASV2843,36.0
ASV2840,36.0
ASV2830,36.0
ASV2839,36.0
ASV2822,36.0
ASV2823,36.0
ASV2825,36.0
ASV2826,36.0
ASV2827,36.0
ASV2828,36.0
ASV2829,36.0
ASV2824,36.0
ASV2831,36.0
ASV2833,36.0
ASV2834,36.0
ASV2835,36.0
ASV2836,36.0
ASV2837,36.0
ASV2832,36.0
ASV2838,36.0
ASV2894,35.0
ASV2899,35.0
ASV2898,35.0
ASV2897,35.0
ASV2896,35.0
ASV2895,35.0
ASV2891,35.0
ASV2893,35.0
ASV2892,35.0
ASV2890,35.0
ASV2889,35.0
ASV2901,35.0
ASV2900,35.0
ASV2910,35.0
ASV2902,35.0
ASV2903,35.0
ASV2904,35.0
ASV2905,35.0
ASV2906,35.0
ASV2907,35.0
ASV2908,35.0
ASV2909,35.0
ASV2911,35.0
ASV2912,35.0
ASV2913,35.0
ASV2887,35.0
ASV2888,35.0
ASV2867,35.0
ASV2886,35.0
ASV2873,35.0
ASV2861,35.0
ASV2862,35.0
ASV2863,35.0
ASV2864,35.0
ASV2865,35.0
ASV2866,35.0
ASV2868,35.0
ASV2869,35.0
ASV2870,35.0
ASV2871,35.0
ASV2872,35.0
ASV2885,35.0
ASV2874,35.0
ASV2880,35.0
ASV2875,35.0
ASV2884,35.0
ASV2883,35.0
ASV2882,35.0
ASV2881,35.0
ASV2879,35.0
ASV2878,35.0
ASV2877,35.0
ASV2876,35.0
ASV2950,34.0
ASV2955,34.0
ASV2954,34.0
ASV2953,34.0
ASV2952,34.0
ASV2951,34.0
ASV2945,34.0
ASV2949,34.0
ASV2948,34.0
ASV2947,34.0
ASV2946,34.0
ASV2957,34.0
ASV2956,34.0
ASV2970,34.0
ASV2958,34.0
ASV2959,34.0
ASV2960,34.0
ASV2961,34.0
ASV2962,34.0
ASV2963,34.0
ASV2964,34.0
ASV2965,34.0
ASV2966,34.0
ASV2967,34.0
ASV2968,34.0
ASV2969,34.0
ASV2942,34.0
ASV2943,34.0
ASV2944,34.0
ASV2941,34.0
ASV2927,34.0
ASV2940,34.0
ASV2914,34.0
ASV2915,34.0
ASV2916,34.0
ASV2917,34.0
ASV2918,34.0
ASV2919,34.0
ASV2920,34.0
ASV2922,34.0
ASV2923,34.0
ASV2924,34.0
ASV2925,34.0
ASV2926,34.0
ASV2921,34.0
ASV2928,34.0
ASV2934,34.0
ASV2929,34.0
ASV2939,34.0
ASV2938,34.0
ASV2937,34.0
ASV2935,34.0
ASV2936,34.0
ASV2933,34.0
ASV2932,34.0
ASV2931,34.0
ASV2930,34.0
ASV3008,33.0
ASV3013,33.0
ASV3012,33.0
ASV3011,33.0
ASV3010,33.0
ASV3009,33.0
ASV3002,33.0
ASV3007,33.0
ASV3006,33.0
ASV3005,33.0
ASV3004,33.0
ASV3003,33.0
ASV3015,33.0
ASV3014,33.0
ASV3029,33.0
ASV3016,33.0
ASV3017,33.0
ASV3018,33.0
ASV3019,33.0
ASV3020,33.0
ASV3021,33.0
ASV3022,33.0
ASV3023,33.0
ASV3024,33.0
ASV3025,33.0
ASV3026,33.0
ASV3027,33.0
ASV3028,33.0
ASV3000,33.0
ASV3001,33.0
ASV2973,33.0
ASV2999,33.0
ASV2984,33.0
ASV2998,33.0
ASV2971,33.0
ASV2972,33.0
ASV2974,33.0
ASV2975,33.0
ASV2976,33.0
ASV2977,33.0
ASV2979,33.0
ASV2980,33.0
ASV2981,33.0
ASV2982,33.0
ASV2983,33.0
ASV2978,33.0
ASV2985,33.0
ASV2992,33.0
ASV2997,33.0
ASV2986,33.0
ASV2995,33.0
ASV2994,33.0
ASV2993,33.0
ASV2996,33.0
ASV2991,33.0
ASV2990,33.0
ASV2989,33.0
ASV2988,33.0
ASV2987,33.0
ASV3067,32.0
ASV3072,32.0
ASV3071,32.0
ASV3070,32.0
ASV3069,32.0
ASV3068,32.0
ASV3064,32.0
ASV3066,32.0
ASV3065,32.0
ASV3074,32.0
ASV3063,32.0
ASV3062,32.0
ASV3061,32.0
ASV3073,32.0
ASV3087,32.0
ASV3075,32.0
ASV3076,32.0
ASV3077,32.0
ASV3078,32.0
ASV3079,32.0
ASV3080,32.0
ASV3088,32.0
ASV3081,32.0
ASV3082,32.0
ASV3083,32.0
ASV3084,32.0
ASV3085,32.0
ASV3086,32.0
ASV3059,32.0
ASV3060,32.0
ASV3037,32.0
ASV3058,32.0
ASV3043,32.0
ASV3057,32.0
ASV3030,32.0
ASV3031,32.0
ASV3032,32.0
ASV3033,32.0
ASV3034,32.0
ASV3035,32.0
ASV3038,32.0
ASV3039,32.0
ASV3040,32.0
ASV3041,32.0
ASV3042,32.0
ASV3036,32.0
ASV3044,32.0
ASV3051,32.0
ASV3045,32.0
ASV3056,32.0
ASV3055,32.0
ASV3054,32.0
ASV3052,32.0
ASV3053,32.0
ASV3050,32.0
ASV3049,32.0
ASV3048,32.0
ASV3047,32.0
ASV3046,32.0
ASV3136,31.0
ASV3130,31.0
ASV3135,31.0
ASV3134,31.0
ASV3133,31.0
ASV3132,31.0
ASV3131,31.0
ASV3124,31.0
ASV3129,31.0
ASV3128,31.0
ASV3127,31.0
ASV3126,31.0
ASV3125,31.0
ASV3138,31.0
ASV3137,31.0
ASV3152,31.0
ASV3139,31.0
ASV3148,31.0
ASV3154,31.0
ASV3153,31.0
ASV3121,31.0
ASV3151,31.0
ASV3150,31.0
ASV3149,31.0
ASV3147,31.0
ASV3140,31.0
ASV3146,31.0
ASV3145,31.0
ASV3144,31.0
ASV3143,31.0
ASV3142,31.0
ASV3141,31.0
ASV3122,31.0
ASV3123,31.0
ASV3120,31.0
ASV3103,31.0
ASV3119,31.0
ASV3089,31.0
ASV3090,31.0
ASV3091,31.0
ASV3092,31.0
ASV3093,31.0
ASV3094,31.0
ASV3095,31.0
ASV3097,31.0
ASV3098,31.0
ASV3099,31.0
ASV3100,31.0
ASV3101,31.0
ASV3102,31.0
ASV3096,31.0
ASV3104,31.0
ASV3112,31.0
ASV3105,31.0
ASV3117,31.0
ASV3116,31.0
ASV3115,31.0
ASV3114,31.0
ASV3113,31.0
ASV3118,31.0
ASV3111,31.0
ASV3110,31.0
ASV3109,31.0
ASV3108,31.0
ASV3107,31.0
ASV3106,31.0
ASV3196,30.0
ASV3202,30.0
ASV3201,30.0
ASV3200,30.0
ASV3199,30.0
ASV3198,30.0
ASV3197,30.0
ASV3193,30.0
ASV3195,30.0
ASV3194,30.0
ASV3204,30.0
ASV3192,30.0
ASV3191,30.0
ASV3190,30.0
ASV3189,30.0
ASV3203,30.0
ASV3187,30.0
ASV3205,30.0
ASV3206,30.0
ASV3207,30.0
ASV3208,30.0
ASV3209,30.0
ASV3210,30.0
ASV3211,30.0
ASV3212,30.0
ASV3213,30.0
ASV3214,30.0
ASV3215,30.0
ASV3216,30.0
ASV3218,30.0
ASV3219,30.0
ASV3220,30.0
ASV3188,30.0
ASV3217,30.0
ASV3186,30.0
ASV3169,30.0
ASV3155,30.0
ASV3157,30.0
ASV3185,30.0
ASV3158,30.0
ASV3159,30.0
ASV3160,30.0
ASV3161,30.0
ASV3162,30.0
ASV3163,30.0
ASV3164,30.0
ASV3165,30.0
ASV3166,30.0
ASV3167,30.0
ASV3168,30.0
ASV3156,30.0
ASV3170,30.0
ASV3178,30.0
ASV3171,30.0
ASV3183,30.0
ASV3182,30.0
ASV3181,30.0
ASV3180,30.0
ASV3179,30.0
ASV3184,30.0
ASV3177,30.0
ASV3175,30.0
ASV3174,30.0
ASV3173,30.0
ASV3176,30.0
ASV3172,30.0
ASV3262,29.0
ASV3267,29.0
ASV3266,29.0
ASV3265,29.0
ASV3264,29.0
ASV3263,29.0
ASV3258,29.0
ASV3261,29.0
ASV3260,29.0
ASV3257,29.0
ASV3256,29.0
ASV3255,29.0
ASV3269,29.0
ASV3254,29.0
ASV3268,29.0
ASV3276,29.0
ASV3270,29.0
ASV3271,29.0
ASV3272,29.0
ASV3273,29.0
ASV3274,29.0
ASV3275,29.0
ASV3277,29.0
ASV3278,29.0
ASV3279,29.0
ASV3280,29.0
ASV3281,29.0
ASV3282,29.0
ASV3283,29.0
ASV3252,29.0
ASV3253,29.0
ASV3259,29.0
ASV3251,29.0
ASV3235,29.0
ASV3250,29.0
ASV3221,29.0
ASV3222,29.0
ASV3223,29.0
ASV3224,29.0
ASV3226,29.0
ASV3227,29.0
ASV3228,29.0
ASV3229,29.0
ASV3230,29.0
ASV3231,29.0
ASV3232,29.0
ASV3233,29.0
ASV3234,29.0
ASV3225,29.0
ASV3236,29.0
ASV3244,29.0
ASV3249,29.0
ASV3237,29.0
ASV3248,29.0
ASV3247,29.0
ASV3245,29.0
ASV3246,29.0
ASV3243,29.0
ASV3239,29.0
ASV3242,29.0
ASV3238,29.0
ASV3241,29.0
ASV3240,29.0
ASV3344,28.0
ASV3345,28.0
ASV3346,28.0
ASV3347,28.0
ASV3349,28.0
ASV3348,28.0
ASV3352,28.0
ASV3350,28.0
ASV3342,28.0
ASV3351,28.0
ASV3343,28.0
ASV3336,28.0
ASV3341,28.0
ASV3340,28.0
ASV3339,28.0
ASV3338,28.0
ASV3337,28.0
ASV3335,28.0
ASV3334,28.0
ASV3333,28.0
ASV3354,28.0
ASV3332,28.0
ASV3353,28.0
ASV3369,28.0
ASV3355,28.0
ASV3367,28.0
ASV3330,28.0
ASV3376,28.0
ASV3375,28.0
ASV3374,28.0
ASV3373,28.0
ASV3372,28.0
ASV3371,28.0
ASV3370,28.0
ASV3368,28.0
ASV3366,28.0
ASV3356,28.0
ASV3365,28.0
ASV3364,28.0
ASV3363,28.0
ASV3362,28.0
ASV3361,28.0
ASV3360,28.0
ASV3359,28.0
ASV3358,28.0
ASV3357,28.0
ASV3331,28.0
ASV3299,28.0
ASV3329,28.0
ASV3294,28.0
ASV3304,28.0
ASV3303,28.0
ASV3302,28.0
ASV3301,28.0
ASV3300,28.0
ASV3298,28.0
ASV3297,28.0
ASV3296,28.0
ASV3295,28.0
ASV3293,28.0
ASV3306,28.0
ASV3292,28.0
ASV3291,28.0
ASV3290,28.0
ASV3328,28.0
ASV3288,28.0
ASV3287,28.0
ASV3286,28.0
ASV3285,28.0
ASV3284,28.0
ASV3305,28.0
ASV3289,28.0
ASV3307,28.0
ASV3318,28.0
ASV3308,28.0
ASV3327,28.0
ASV3326,28.0
ASV3324,28.0
ASV3323,28.0
ASV3322,28.0
ASV3321,28.0
ASV3320,28.0
ASV3319,28.0
ASV3325,28.0
ASV3317,28.0
ASV3312,28.0
ASV3316,28.0
ASV3310,28.0
ASV3311,28.0
ASV3313,28.0
ASV3314,28.0
ASV3315,28.0
ASV3309,28.0
ASV3428,27.0
ASV3427,27.0
ASV3421,27.0
ASV3426,27.0
ASV3425,27.0
ASV3424,27.0
ASV3423,27.0
ASV3422,27.0
ASV3418,27.0
ASV3420,27.0
ASV3419,27.0
ASV3417,27.0
ASV3416,27.0
ASV3415,27.0
ASV3430,27.0
ASV3414,27.0
ASV3429,27.0
ASV3440,27.0
ASV3431,27.0
ASV3441,27.0
ASV3412,27.0
ASV3446,27.0
ASV3445,27.0
ASV3444,27.0
ASV3443,27.0
ASV3442,27.0
ASV3439,27.0
ASV3432,27.0
ASV3438,27.0
ASV3437,27.0
ASV3436,27.0
ASV3435,27.0
ASV3434,27.0
ASV3433,27.0
ASV3413,27.0
ASV3378,27.0
ASV3411,27.0
ASV3384,27.0
ASV3391,27.0
ASV3390,27.0
ASV3389,27.0
ASV3388,27.0
ASV3387,27.0
ASV3386,27.0
ASV3383,27.0
ASV3393,27.0
ASV3382,27.0
ASV3381,27.0
ASV3380,27.0
ASV3379,27.0
ASV3377,27.0
ASV3410,27.0
ASV3392,27.0
ASV3385,27.0
ASV3394,27.0
ASV3402,27.0
ASV3395,27.0
ASV3408,27.0
ASV3407,27.0
ASV3406,27.0
ASV3405,27.0
ASV3404,27.0
ASV3403,27.0
ASV3409,27.0
ASV3400,27.0
ASV3399,27.0
ASV3398,27.0
ASV3397,27.0
ASV3396,27.0
ASV3401,27.0
ASV3508,26.0
ASV3499,26.0
ASV3506,26.0
ASV3505,26.0
ASV3504,26.0
ASV3503,26.0
ASV3502,26.0
ASV3501,26.0
ASV3500,26.0
ASV3495,26.0
ASV3498,26.0
ASV3497,26.0
ASV3496,26.0
ASV3494,26.0
ASV3493,26.0
ASV3492,26.0
ASV3491,26.0
ASV3489,26.0
ASV3507,26.0
ASV3525,26.0
ASV3509,26.0
ASV3520,26.0
ASV3528,26.0
ASV3527,26.0
ASV3526,26.0
ASV3487,26.0
ASV3524,26.0
ASV3523,26.0
ASV3522,26.0
ASV3521,26.0
ASV3519,26.0
ASV3510,26.0
ASV3518,26.0
ASV3517,26.0
ASV3516,26.0
ASV3515,26.0
ASV3514,26.0
ASV3513,26.0
ASV3512,26.0
ASV3511,26.0
ASV3488,26.0
ASV3490,26.0
ASV3486,26.0
ASV3465,26.0
ASV3463,26.0
ASV3462,26.0
ASV3461,26.0
ASV3460,26.0
ASV3459,26.0
ASV3458,26.0
ASV3457,26.0
ASV3455,26.0
ASV3454,26.0
ASV3453,26.0
ASV3452,26.0
ASV3451,26.0
ASV3450,26.0
ASV3449,26.0
ASV3448,26.0
ASV3447,26.0
ASV3485,26.0
ASV3464,26.0
ASV3456,26.0
ASV3466,26.0
ASV3476,26.0
ASV3467,26.0
ASV3483,26.0
ASV3482,26.0
ASV3481,26.0
ASV3480,26.0
ASV3479,26.0
ASV3478,26.0
ASV3477,26.0
ASV3484,26.0
ASV3475,26.0
ASV3471,26.0
ASV3469,26.0
ASV3470,26.0
ASV3468,26.0
ASV3472,26.0
ASV3473,26.0
ASV3474,26.0
ASV3581,25.0
ASV3589,25.0
ASV3588,25.0
ASV3587,25.0
ASV3586,25.0
ASV3585,25.0
ASV3584,25.0
ASV3583,25.0
ASV3582,25.0
ASV3577,25.0
ASV3580,25.0
ASV3579,25.0
ASV3578,25.0
ASV3591,25.0
ASV3576,25.0
ASV3575,25.0
ASV3574,25.0
ASV3573,25.0
ASV3572,25.0
ASV3590,25.0
ASV3570,25.0
ASV3592,25.0
ASV3593,25.0
ASV3609,25.0
ASV3608,25.0
ASV3607,25.0
ASV3606,25.0
ASV3605,25.0
ASV3604,25.0
ASV3603,25.0
ASV3602,25.0
ASV3610,25.0
ASV3601,25.0
ASV3600,25.0
ASV3599,25.0
ASV3598,25.0
ASV3597,25.0
ASV3596,25.0
ASV3595,25.0
ASV3594,25.0
ASV3571,25.0
ASV3537,25.0
ASV3569,25.0
ASV3548,25.0
ASV3546,25.0
ASV3545,25.0
ASV3544,25.0
ASV3543,25.0
ASV3542,25.0
ASV3541,25.0
ASV3540,25.0
ASV3539,25.0
ASV3538,25.0
ASV3536,25.0
ASV3534,25.0
ASV3533,25.0
ASV3532,25.0
ASV3531,25.0
ASV3530,25.0
ASV3529,25.0
ASV3568,25.0
ASV3547,25.0
ASV3535,25.0
ASV3549,25.0
ASV3559,25.0
ASV3550,25.0
ASV3567,25.0
ASV3566,25.0
ASV3565,25.0
ASV3563,25.0
ASV3562,25.0
ASV3561,25.0
ASV3560,25.0
ASV3564,25.0
ASV3558,25.0
ASV3557,25.0
ASV3556,25.0
ASV3555,25.0
ASV3554,25.0
ASV3553,25.0
ASV3552,25.0
ASV3551,25.0
ASV3688,24.0
ASV3683,24.0
ASV3684,24.0
ASV3685,24.0
ASV3686,24.0
ASV3687,24.0
ASV3691,24.0
ASV3689,24.0
ASV3690,24.0
ASV3693,24.0
ASV3692,24.0
ASV3681,24.0
ASV3682,24.0
ASV3672,24.0
ASV3680,24.0
ASV3679,24.0
ASV3678,24.0
ASV3677,24.0
ASV3676,24.0
ASV3675,24.0
ASV3674,24.0
ASV3673,24.0
ASV3670,24.0
ASV3669,24.0
ASV3668,24.0
ASV3695,24.0
ASV3694,24.0
ASV3715,24.0
ASV3696,24.0
ASV3697,24.0
ASV3722,24.0
ASV3721,24.0
ASV3720,24.0
ASV3719,24.0
ASV3718,24.0
ASV3717,24.0
ASV3716,24.0
ASV3666,24.0
ASV3714,24.0
ASV3713,24.0
ASV3712,24.0
ASV3711,24.0
ASV3710,24.0
ASV3709,24.0
ASV3708,24.0
ASV3707,24.0
ASV3706,24.0
ASV3705,24.0
ASV3704,24.0
ASV3703,24.0
ASV3702,24.0
ASV3701,24.0
ASV3700,24.0
ASV3699,24.0
ASV3698,24.0
ASV3667,24.0
ASV3671,24.0
ASV3665,24.0
ASV3637,24.0
ASV3635,24.0
ASV3634,24.0
ASV3633,24.0
ASV3632,24.0
ASV3631,24.0
ASV3630,24.0
ASV3629,24.0
ASV3628,24.0
ASV3627,24.0
ASV3626,24.0
ASV3625,24.0
ASV3624,24.0
ASV3623,24.0
ASV3622,24.0
ASV3621,24.0
ASV3620,24.0
ASV3619,24.0
ASV3618,24.0
ASV3617,24.0
ASV3616,24.0
ASV3615,24.0
ASV3614,24.0
ASV3664,24.0
ASV3612,24.0
ASV3611,24.0
ASV3636,24.0
ASV3613,24.0
ASV3638,24.0
ASV3652,24.0
ASV3639,24.0
ASV3663,24.0
ASV3661,24.0
ASV3660,24.0
ASV3659,24.0
ASV3658,24.0
ASV3657,24.0
ASV3656,24.0
ASV3655,24.0
ASV3654,24.0
ASV3653,24.0
ASV3662,24.0
ASV3651,24.0
ASV3649,24.0
ASV3648,24.0
ASV3647,24.0
ASV3646,24.0
ASV3645,24.0
ASV3644,24.0
ASV3643,24.0
ASV3642,24.0
ASV3640,24.0
ASV3641,24.0
ASV3650,24.0
ASV3792,23.0
ASV3789,23.0
ASV3790,23.0
ASV3791,23.0
ASV3797,23.0
ASV3793,23.0
ASV3794,23.0
ASV3795,23.0
ASV3796,23.0
ASV3798,23.0
ASV3788,23.0
ASV3782,23.0
ASV3787,23.0
ASV3786,23.0
ASV3785,23.0
ASV3784,23.0
ASV3783,23.0
ASV3781,23.0
ASV3780,23.0
ASV3779,23.0
ASV3778,23.0
ASV3777,23.0
ASV3800,23.0
ASV3776,23.0
ASV3799,23.0
ASV3813,23.0
ASV3801,23.0
ASV3815,23.0
ASV3774,23.0
ASV3823,23.0
ASV3822,23.0
ASV3821,23.0
ASV3820,23.0
ASV3819,23.0
ASV3824,23.0
ASV3818,23.0
ASV3817,23.0
ASV3816,23.0
ASV3814,23.0
ASV3802,23.0
ASV3812,23.0
ASV3811,23.0
ASV3810,23.0
ASV3809,23.0
ASV3808,23.0
ASV3807,23.0
ASV3806,23.0
ASV3805,23.0
ASV3804,23.0
ASV3803,23.0
ASV3775,23.0
ASV3728,23.0
ASV3773,23.0
ASV3735,23.0
ASV3745,23.0
ASV3744,23.0
ASV3743,23.0
ASV3742,23.0
ASV3741,23.0
ASV3740,23.0
ASV3739,23.0
ASV3738,23.0
ASV3737,23.0
ASV3736,23.0
ASV3734,23.0
ASV3747,23.0
ASV3732,23.0
ASV3731,23.0
ASV3730,23.0
ASV3729,23.0
ASV3727,23.0
ASV3726,23.0
ASV3725,23.0
ASV3724,23.0
ASV3723,23.0
ASV3772,23.0
ASV3746,23.0
ASV3733,23.0
ASV3748,23.0
ASV3761,23.0
ASV3771,23.0
ASV3749,23.0
ASV3770,23.0
ASV3769,23.0
ASV3768,23.0
ASV3767,23.0
ASV3765,23.0
ASV3764,23.0
ASV3763,23.0
ASV3762,23.0
ASV3766,23.0
ASV3760,23.0
ASV3755,23.0
ASV3751,23.0
ASV3752,23.0
ASV3754,23.0
ASV3753,23.0
ASV3756,23.0
ASV3757,23.0
ASV3758,23.0
ASV3759,23.0
ASV3750,23.0
ASV3905,22.0
ASV3911,22.0
ASV3906,22.0
ASV3907,22.0
ASV3908,22.0
ASV3909,22.0
ASV3910,22.0
ASV3914,22.0
ASV3912,22.0
ASV3913,22.0
ASV3917,22.0
ASV3915,22.0
ASV3916,22.0
ASV3903,22.0
ASV3904,22.0
ASV3892,22.0
ASV3902,22.0
ASV3901,22.0
ASV3900,22.0
ASV3899,22.0
ASV3898,22.0
ASV3897,22.0
ASV3896,22.0
ASV3895,22.0
ASV3894,22.0
ASV3893,22.0
ASV3891,22.0
ASV3890,22.0
ASV3889,22.0
ASV3919,22.0
ASV3918,22.0
ASV3944,22.0
ASV3920,22.0
ASV3936,22.0
ASV3887,22.0
ASV3949,22.0
ASV3948,22.0
ASV3947,22.0
ASV3946,22.0
ASV3945,22.0
ASV3943,22.0
ASV3942,22.0
ASV3941,22.0
ASV3940,22.0
ASV3939,22.0
ASV3938,22.0
ASV3937,22.0
ASV3935,22.0
ASV3921,22.0
ASV3934,22.0
ASV3933,22.0
ASV3932,22.0
ASV3931,22.0
ASV3930,22.0
ASV3929,22.0
ASV3928,22.0
ASV3927,22.0
ASV3926,22.0
ASV3925,22.0
ASV3924,22.0
ASV3923,22.0
ASV3922,22.0
ASV3888,22.0
ASV3825,22.0
ASV3886,22.0
ASV3840,22.0
ASV3853,22.0
ASV3852,22.0
ASV3851,22.0
ASV3850,22.0
ASV3849,22.0
ASV3848,22.0
ASV3847,22.0
ASV3846,22.0
ASV3845,22.0
ASV3844,22.0
ASV3843,22.0
ASV3842,22.0
ASV3841,22.0
ASV3839,22.0
ASV3855,22.0
ASV3838,22.0
ASV3837,22.0
ASV3836,22.0
ASV3835,22.0
ASV3834,22.0
ASV3833,22.0
ASV3832,22.0
ASV3831,22.0
ASV3830,22.0
ASV3829,22.0
ASV3828,22.0
ASV3827,22.0
ASV3885,22.0
ASV3854,22.0
ASV3826,22.0
ASV3856,22.0
ASV3871,22.0
ASV3857,22.0
ASV3883,22.0
ASV3882,22.0
ASV3881,22.0
ASV3880,22.0
ASV3879,22.0
ASV3878,22.0
ASV3877,22.0
ASV3876,22.0
ASV3875,22.0
ASV3874,22.0
ASV3873,22.0
ASV3872,22.0
ASV3884,22.0
ASV3870,22.0
ASV3863,22.0
ASV3869,22.0
ASV3859,22.0
ASV3860,22.0
ASV3861,22.0
ASV3862,22.0
ASV3858,22.0
ASV3864,22.0
ASV3866,22.0
ASV3867,22.0
ASV3868,22.0
ASV3865,22.0
ASV4030,21.0
ASV4026,21.0
ASV4027,21.0
ASV4028,21.0
ASV4029,21.0
ASV4032,21.0
ASV4031,21.0
ASV4033,21.0
ASV4034,21.0
ASV4035,21.0
ASV4025,21.0
ASV4037,21.0
ASV4036,21.0
ASV4019,21.0
ASV4024,21.0
ASV4023,21.0
ASV4022,21.0
ASV4021,21.0
ASV4020,21.0
ASV4018,21.0
ASV4017,21.0
ASV4016,21.0
ASV4015,21.0
ASV4014,21.0
ASV4013,21.0
ASV4012,21.0
ASV4039,21.0
ASV4011,21.0
ASV4038,21.0
ASV4054,21.0
ASV4040,21.0
ASV4041,21.0
ASV4009,21.0
ASV4068,21.0
ASV4067,21.0
ASV4066,21.0
ASV4065,21.0
ASV4064,21.0
ASV4063,21.0
ASV4062,21.0
ASV4061,21.0
ASV4060,21.0
ASV4059,21.0
ASV4058,21.0
ASV4057,21.0
ASV4056,21.0
ASV4055,21.0
ASV4053,21.0
ASV4052,21.0
ASV4051,21.0
ASV4050,21.0
ASV4049,21.0
ASV4048,21.0
ASV4047,21.0
ASV4046,21.0
ASV4045,21.0
ASV4044,21.0
ASV4043,21.0
ASV4042,21.0
ASV4010,21.0
ASV4007,21.0
ASV4008,21.0
ASV3964,21.0
ASV3976,21.0
ASV3975,21.0
ASV3974,21.0
ASV3973,21.0
ASV3972,21.0
ASV3971,21.0
ASV3970,21.0
ASV3969,21.0
ASV3968,21.0
ASV3967,21.0
ASV3966,21.0
ASV3965,21.0
ASV3963,21.0
ASV3978,21.0
ASV3962,21.0
ASV3961,21.0
ASV3960,21.0
ASV3959,21.0
ASV3958,21.0
ASV3957,21.0
ASV3956,21.0
ASV3955,21.0
ASV3954,21.0
ASV3953,21.0
ASV3952,21.0
ASV3951,21.0
ASV3977,21.0
ASV3950,21.0
ASV3979,21.0
ASV3994,21.0
ASV3980,21.0
ASV4006,21.0
ASV4005,21.0
ASV4004,21.0
ASV4003,21.0
ASV4002,21.0
ASV4001,21.0
ASV4000,21.0
ASV3998,21.0
ASV3997,21.0
ASV3996,21.0
ASV3995,21.0
ASV3999,21.0
ASV3993,21.0
ASV3987,21.0
ASV3992,21.0
ASV3982,21.0
ASV3983,21.0
ASV3984,21.0
ASV3986,21.0
ASV3985,21.0
ASV3988,21.0
ASV3981,21.0
ASV3989,21.0
ASV3990,21.0
ASV3991,21.0
ASV4147,20.0
ASV4143,20.0
ASV4144,20.0
ASV4145,20.0
ASV4146,20.0
ASV4154,20.0
ASV4148,20.0
ASV4149,20.0
ASV4150,20.0
ASV4152,20.0
ASV4153,20.0
ASV4141,20.0
ASV4142,20.0
ASV4128,20.0
ASV4140,20.0
ASV4139,20.0
ASV4138,20.0
ASV4137,20.0
ASV4136,20.0
ASV4135,20.0
ASV4134,20.0
ASV4133,20.0
ASV4132,20.0
ASV4131,20.0
ASV4130,20.0
ASV4129,20.0
ASV4156,20.0
ASV4155,20.0
ASV4170,20.0
ASV4157,20.0
ASV4173,20.0
ASV4126,20.0
ASV4184,20.0
ASV4183,20.0
ASV4182,20.0
ASV4181,20.0
ASV4180,20.0
ASV4179,20.0
ASV4178,20.0
ASV4177,20.0
ASV4176,20.0
ASV4175,20.0
ASV4174,20.0
ASV4172,20.0
ASV4158,20.0
ASV4171,20.0
ASV4169,20.0
ASV4168,20.0
ASV4167,20.0
ASV4166,20.0
ASV4165,20.0
ASV4164,20.0
ASV4163,20.0
ASV4162,20.0
ASV4161,20.0
ASV4160,20.0
ASV4159,20.0
ASV4127,20.0
ASV4151,20.0
ASV4125,20.0
ASV4082,20.0
ASV4094,20.0
ASV4093,20.0
ASV4092,20.0
ASV4091,20.0
ASV4090,20.0
ASV4089,20.0
ASV4088,20.0
ASV4087,20.0
ASV4086,20.0
ASV4085,20.0
ASV4084,20.0
ASV4083,20.0
ASV4080,20.0
ASV4096,20.0
ASV4079,20.0
ASV4078,20.0
ASV4077,20.0
ASV4076,20.0
ASV4075,20.0
ASV4074,20.0
ASV4073,20.0
ASV4072,20.0
ASV4071,20.0
ASV4070,20.0
ASV4069,20.0
ASV4124,20.0
ASV4095,20.0
ASV4081,20.0
ASV4097,20.0
ASV4111,20.0
ASV4123,20.0
ASV4098,20.0
ASV4122,20.0
ASV4121,20.0
ASV4120,20.0
ASV4119,20.0
ASV4118,20.0
ASV4117,20.0
ASV4115,20.0
ASV4114,20.0
ASV4113,20.0
ASV4112,20.0
ASV4116,20.0
ASV4103,20.0
ASV4110,20.0
ASV4109,20.0
ASV4108,20.0
ASV4107,20.0
ASV4106,20.0
ASV4099,20.0
ASV4105,20.0
ASV4104,20.0
ASV4102,20.0
ASV4101,20.0
ASV4100,20.0
ASV4279,19.0
ASV4278,19.0
ASV4288,19.0
ASV4277,19.0
ASV4276,19.0
ASV4281,19.0
ASV4280,19.0
ASV4286,19.0
ASV4282,19.0
ASV4283,19.0
ASV4284,19.0
ASV4285,19.0
ASV4287,19.0
ASV4289,19.0
ASV4274,19.0
ASV4275,19.0
ASV4260,19.0
ASV4273,19.0
ASV4263,19.0
ASV4257,19.0
ASV4291,19.0
ASV4258,19.0
ASV4259,19.0
ASV4261,19.0
ASV4262,19.0
ASV4264,19.0
ASV4272,19.0
ASV4265,19.0
ASV4266,19.0
ASV4267,19.0
ASV4268,19.0
ASV4269,19.0
ASV4270,19.0
ASV4290,19.0
ASV4319,19.0
ASV4292,19.0
ASV4293,19.0
ASV4312,19.0
ASV4313,19.0
ASV4314,19.0
ASV4315,19.0
ASV4316,19.0
ASV4317,19.0
ASV4318,19.0
ASV4255,19.0
ASV4320,19.0
ASV4321,19.0
ASV4322,19.0
ASV4323,19.0
ASV4324,19.0
ASV4325,19.0
ASV4326,19.0
ASV4311,19.0
ASV4310,19.0
ASV4309,19.0
ASV4300,19.0
ASV4294,19.0
ASV4295,19.0
ASV4296,19.0
ASV4297,19.0
ASV4298,19.0
ASV4299,19.0
ASV4301,19.0
ASV4308,19.0
ASV4302,19.0
ASV4303,19.0
ASV4304,19.0
ASV4305,19.0
ASV4306,19.0
ASV4307,19.0
ASV4256,19.0
ASV4271,19.0
ASV4254,19.0
ASV4209,19.0
ASV4203,19.0
ASV4204,19.0
ASV4205,19.0
ASV4206,19.0
ASV4207,19.0
ASV4208,19.0
ASV4210,19.0
ASV4201,19.0
ASV4211,19.0
ASV4212,19.0
ASV4213,19.0
ASV4214,19.0
ASV4215,19.0
ASV4216,19.0
ASV4202,19.0
ASV4200,19.0
ASV4218,19.0
ASV4190,19.0
ASV4253,19.0
ASV4185,19.0
ASV4186,19.0
ASV4187,19.0
ASV4188,19.0
ASV4189,19.0
ASV4191,19.0
ASV4199,19.0
ASV4192,19.0
ASV4193,19.0
ASV4194,19.0
ASV4195,19.0
ASV4196,19.0
ASV4198,19.0
ASV4217,19.0
ASV4197,19.0
ASV4219,19.0
ASV4246,19.0
ASV4239,19.0
ASV4240,19.0
ASV4241,19.0
ASV4242,19.0
ASV4243,19.0
ASV4244,19.0
ASV4247,19.0
ASV4237,19.0
ASV4248,19.0
ASV4249,19.0
ASV4250,19.0
ASV4251,19.0
ASV4220,19.0
ASV4252,19.0
ASV4238,19.0
ASV4245,19.0
ASV4236,19.0
ASV4228,19.0
ASV4222,19.0
ASV4235,19.0
ASV4223,19.0
ASV4224,19.0
ASV4226,19.0
ASV4227,19.0
ASV4225,19.0
ASV4221,19.0
ASV4230,19.0
ASV4231,19.0
ASV4232,19.0
ASV4233,19.0
ASV4229,19.0
ASV4234,19.0
ASV4445,18.0
ASV4448,18.0
ASV4447,18.0
ASV4446,18.0
ASV4441,18.0
ASV4444,18.0
ASV4440,18.0
ASV4442,18.0
ASV4449,18.0
ASV4443,18.0
ASV4455,18.0
ASV4450,18.0
ASV4451,18.0
ASV4452,18.0
ASV4453,18.0
ASV4454,18.0
ASV4456,18.0
ASV4457,18.0
ASV4438,18.0
ASV4458,18.0
ASV4439,18.0
ASV4422,18.0
ASV4437,18.0
ASV4436,18.0
ASV4460,18.0
ASV4417,18.0
ASV4418,18.0
ASV4419,18.0
ASV4420,18.0
ASV4421,18.0
ASV4423,18.0
ASV4424,18.0
ASV4425,18.0
ASV4426,18.0
ASV4427,18.0
ASV4428,18.0
ASV4429,18.0
ASV4430,18.0
ASV4431,18.0
ASV4432,18.0
ASV4433,18.0
ASV4434,18.0
ASV4435,18.0
ASV4459,18.0
ASV4495,18.0
ASV4461,18.0
ASV4462,18.0
ASV4485,18.0
ASV4486,18.0
ASV4487,18.0
ASV4488,18.0
ASV4489,18.0
ASV4490,18.0
ASV4491,18.0
ASV4492,18.0
ASV4493,18.0
ASV4494,18.0
ASV4504,18.0
ASV4497,18.0
ASV4498,18.0
ASV4499,18.0
ASV4500,18.0
ASV4501,18.0
ASV4502,18.0
ASV4503,18.0
ASV4415,18.0
ASV4484,18.0
ASV4483,18.0
ASV4482,18.0
ASV4471,18.0
ASV4463,18.0
ASV4464,18.0
ASV4465,18.0
ASV4466,18.0
ASV4467,18.0
ASV4468,18.0
ASV4469,18.0
ASV4470,18.0
ASV4472,18.0
ASV4481,18.0
ASV4473,18.0
ASV4474,18.0
ASV4475,18.0
ASV4476,18.0
ASV4477,18.0
ASV4478,18.0
ASV4479,18.0
ASV4480,18.0
ASV4416,18.0
ASV4496,18.0
ASV4414,18.0
ASV4369,18.0
ASV4349,18.0
ASV4350,18.0
ASV4351,18.0
ASV4352,18.0
ASV4353,18.0
ASV4354,18.0
ASV4355,18.0
ASV4356,18.0
ASV4357,18.0
ASV4358,18.0
ASV4359,18.0
ASV4360,18.0
ASV4361,18.0
ASV4362,18.0
ASV4363,18.0
ASV4364,18.0
ASV4365,18.0
ASV4366,18.0
ASV4367,18.0
ASV4347,18.0
ASV4346,18.0
ASV4345,18.0
ASV4334,18.0
ASV4413,18.0
ASV4327,18.0
ASV4328,18.0
ASV4329,18.0
ASV4330,18.0
ASV4331,18.0
ASV4332,18.0
ASV4333,18.0
ASV4335,18.0
ASV4344,18.0
ASV4336,18.0
ASV4337,18.0
ASV4338,18.0
ASV4339,18.0
ASV4340,18.0
ASV4341,18.0
ASV4342,18.0
ASV4343,18.0
ASV4368,18.0
ASV4348,18.0
ASV4370,18.0
ASV4392,18.0
ASV4394,18.0
ASV4395,18.0
ASV4396,18.0
ASV4397,18.0
ASV4398,18.0
ASV4399,18.0
ASV4400,18.0
ASV4402,18.0
ASV4403,18.0
ASV4404,18.0
ASV4405,18.0
ASV4406,18.0
ASV4407,18.0
ASV4408,18.0
ASV4409,18.0
ASV4410,18.0
ASV4411,18.0
ASV4412,18.0
ASV4371,18.0
ASV4393,18.0
ASV4401,18.0
ASV4391,18.0
ASV4382,18.0
ASV4373,18.0
ASV4374,18.0
ASV4375,18.0
ASV4376,18.0
ASV4377,18.0
ASV4378,18.0
ASV4379,18.0
ASV4380,18.0
ASV4381,18.0
ASV4372,18.0
ASV4383,18.0
ASV4384,18.0
ASV4385,18.0
ASV4386,18.0
ASV4387,18.0
ASV4388,18.0
ASV4389,18.0
ASV4390,18.0
ASV4625,17.0
ASV4628,17.0
ASV4627,17.0
ASV4626,17.0
ASV4621,17.0
ASV4624,17.0
ASV4623,17.0
ASV4622,17.0
ASV4630,17.0
ASV4629,17.0
ASV4634,17.0
ASV4631,17.0
ASV4632,17.0
ASV4633,17.0
ASV4619,17.0
ASV4635,17.0
ASV4636,17.0
ASV4637,17.0
ASV4638,17.0
ASV4639,17.0
ASV4640,17.0
ASV4620,17.0
ASV4597,17.0
ASV4618,17.0
ASV4617,17.0
ASV4642,17.0
ASV4599,17.0
ASV4600,17.0
ASV4601,17.0
ASV4602,17.0
ASV4603,17.0
ASV4604,17.0
ASV4605,17.0
ASV4606,17.0
ASV4607,17.0
ASV4608,17.0
ASV4609,17.0
ASV4610,17.0
ASV4611,17.0
ASV4612,17.0
ASV4613,17.0
ASV4614,17.0
ASV4615,17.0
ASV4616,17.0
ASV4641,17.0
ASV4686,17.0
ASV4643,17.0
ASV4666,17.0
ASV4668,17.0
ASV4669,17.0
ASV4670,17.0
ASV4671,17.0
ASV4672,17.0
ASV4673,17.0
ASV4674,17.0
ASV4675,17.0
ASV4676,17.0
ASV4677,17.0
ASV4678,17.0
ASV4679,17.0
ASV4680,17.0
ASV4681,17.0
ASV4682,17.0
ASV4683,17.0
ASV4684,17.0
ASV4685,17.0
ASV4595,17.0
ASV4667,17.0
ASV4665,17.0
ASV4644,17.0
ASV4664,17.0
ASV4645,17.0
ASV4646,17.0
ASV4647,17.0
ASV4648,17.0
ASV4649,17.0
ASV4650,17.0
ASV4651,17.0
ASV4652,17.0
ASV4653,17.0
ASV4654,17.0
ASV4655,17.0
ASV4656,17.0
ASV4657,17.0
ASV4658,17.0
ASV4659,17.0
ASV4660,17.0
ASV4661,17.0
ASV4662,17.0
ASV4663,17.0
ASV4596,17.0
ASV4598,17.0
ASV4594,17.0
ASV4537,17.0
ASV4528,17.0
ASV4529,17.0
ASV4530,17.0
ASV4531,17.0
ASV4532,17.0
ASV4533,17.0
ASV4534,17.0
ASV4535,17.0
ASV4536,17.0
ASV4538,17.0
ASV4549,17.0
ASV4539,17.0
ASV4540,17.0
ASV4541,17.0
ASV4542,17.0
ASV4543,17.0
ASV4544,17.0
ASV4545,17.0
ASV4546,17.0
ASV4547,17.0
ASV4526,17.0
ASV4525,17.0
ASV4524,17.0
ASV4523,17.0
ASV4593,17.0
ASV4505,17.0
ASV4506,17.0
ASV4507,17.0
ASV4508,17.0
ASV4509,17.0
ASV4510,17.0
ASV4511,17.0
ASV4512,17.0
ASV4513,17.0
ASV4514,17.0
ASV4515,17.0
ASV4516,17.0
ASV4517,17.0
ASV4518,17.0
ASV4519,17.0
ASV4520,17.0
ASV4521,17.0
ASV4522,17.0
ASV4548,17.0
ASV4527,17.0
ASV4550,17.0
ASV4572,17.0
ASV4574,17.0
ASV4575,17.0
ASV4576,17.0
ASV4577,17.0
ASV4578,17.0
ASV4579,17.0
ASV4580,17.0
ASV4581,17.0
ASV4583,17.0
ASV4584,17.0
ASV4585,17.0
ASV4586,17.0
ASV4587,17.0
ASV4588,17.0
ASV4589,17.0
ASV4590,17.0
ASV4591,17.0
ASV4592,17.0
ASV4551,17.0
ASV4573,17.0
ASV4582,17.0
ASV4571,17.0
ASV4562,17.0
ASV4552,17.0
ASV4553,17.0
ASV4554,17.0
ASV4555,17.0
ASV4556,17.0
ASV4557,17.0
ASV4559,17.0
ASV4560,17.0
ASV4561,17.0
ASV4558,17.0
ASV4564,17.0
ASV4565,17.0
ASV4566,17.0
ASV4567,17.0
ASV4568,17.0
ASV4569,17.0
ASV4563,17.0
ASV4570,17.0
ASV4807,16.0
ASV4812,16.0
ASV4815,16.0
ASV4814,16.0
ASV4813,16.0
ASV4808,16.0
ASV4811,16.0
ASV4810,16.0
ASV4809,16.0
ASV4817,16.0
ASV4816,16.0
ASV4826,16.0
ASV4818,16.0
ASV4819,16.0
ASV4820,16.0
ASV4821,16.0
ASV4822,16.0
ASV4823,16.0
ASV4824,16.0
ASV4825,16.0
ASV4827,16.0
ASV4805,16.0
ASV4806,16.0
ASV4784,16.0
ASV4804,16.0
ASV4793,16.0
ASV4829,16.0
ASV4785,16.0
ASV4786,16.0
ASV4787,16.0
ASV4788,16.0
ASV4789,16.0
ASV4790,16.0
ASV4791,16.0
ASV4792,16.0
ASV4794,16.0
ASV4803,16.0
ASV4795,16.0
ASV4796,16.0
ASV4797,16.0
ASV4798,16.0
ASV4799,16.0
ASV4800,16.0
ASV4801,16.0
ASV4802,16.0
ASV4876,16.0
ASV4828,16.0
ASV4874,16.0
ASV4830,16.0
ASV4865,16.0
ASV4856,16.0
ASV4857,16.0
ASV4858,16.0
ASV4859,16.0
ASV4860,16.0
ASV4861,16.0
ASV4862,16.0
ASV4863,16.0
ASV4864,16.0
ASV4866,16.0
ASV4854,16.0
ASV4867,16.0
ASV4868,16.0
ASV4869,16.0
ASV4870,16.0
ASV4871,16.0
ASV4872,16.0
ASV4873,16.0
ASV4875,16.0
ASV4782,16.0
ASV4855,16.0
ASV4853,16.0
ASV4831,16.0
ASV4841,16.0
ASV4832,16.0
ASV4833,16.0
ASV4834,16.0
ASV4835,16.0
ASV4836,16.0
ASV4837,16.0
ASV4838,16.0
ASV4839,16.0
ASV4840,16.0
ASV4842,16.0
ASV4852,16.0
ASV4843,16.0
ASV4844,16.0
ASV4845,16.0
ASV4846,16.0
ASV4847,16.0
ASV4848,16.0
ASV4849,16.0
ASV4850,16.0
ASV4851,16.0
ASV4783,16.0
ASV4760,16.0
ASV4781,16.0
ASV4720,16.0
ASV4711,16.0
ASV4712,16.0
ASV4713,16.0
ASV4714,16.0
ASV4715,16.0
ASV4716,16.0
ASV4717,16.0
ASV4718,16.0
ASV4719,16.0
ASV4721,16.0
ASV4708,16.0
ASV4722,16.0
ASV4723,16.0
ASV4724,16.0
ASV4725,16.0
ASV4726,16.0
ASV4727,16.0
ASV4728,16.0
ASV4729,16.0
ASV4730,16.0
ASV4709,16.0
ASV4707,16.0
ASV4732,16.0
ASV4695,16.0
ASV4780,16.0
ASV4687,16.0
ASV4688,16.0
ASV4689,16.0
ASV4690,16.0
ASV4691,16.0
ASV4692,16.0
ASV4693,16.0
ASV4694,16.0
ASV4696,16.0
ASV4706,16.0
ASV4697,16.0
ASV4698,16.0
ASV4699,16.0
ASV4700,16.0
ASV4701,16.0
ASV4702,16.0
ASV4703,16.0
ASV4704,16.0
ASV4705,16.0
ASV4731,16.0
ASV4710,16.0
ASV4733,16.0
ASV4756,16.0
ASV4758,16.0
ASV4759,16.0
ASV4761,16.0
ASV4762,16.0
ASV4763,16.0
ASV4764,16.0
ASV4765,16.0
ASV4766,16.0
ASV4768,16.0
ASV4769,16.0
ASV4770,16.0
ASV4771,16.0
ASV4772,16.0
ASV4773,16.0
ASV4774,16.0
ASV4775,16.0
ASV4776,16.0
ASV4777,16.0
ASV4778,16.0
ASV4734,16.0
ASV4779,16.0
ASV4757,16.0
ASV4767,16.0
ASV4755,16.0
ASV4745,16.0
ASV4735,16.0
ASV4737,16.0
ASV4738,16.0
ASV4739,16.0
ASV4740,16.0
ASV4741,16.0
ASV4742,16.0
ASV4743,16.0
ASV4744,16.0
ASV4736,16.0
ASV4746,16.0
ASV4748,16.0
ASV4749,16.0
ASV4750,16.0
ASV4751,16.0
ASV4752,16.0
ASV4753,16.0
ASV4747,16.0
ASV4754,16.0
ASV5005,15.0
ASV5008,15.0
ASV5007,15.0
ASV5006,15.0
ASV5002,15.0
ASV5004,15.0
ASV5003,15.0
ASV5010,15.0
ASV5001,15.0
ASV5009,15.0
ASV5014,15.0
ASV5011,15.0
ASV5012,15.0
ASV5013,15.0
ASV5015,15.0
ASV5016,15.0
ASV5017,15.0
ASV5018,15.0
ASV5019,15.0
ASV5020,15.0
ASV4999,15.0
ASV5000,15.0
ASV4976,15.0
ASV4998,15.0
ASV4997,15.0
ASV5022,15.0
ASV4977,15.0
ASV4978,15.0
ASV4979,15.0
ASV4980,15.0
ASV4981,15.0
ASV4982,15.0
ASV4983,15.0
ASV4984,15.0
ASV4985,15.0
ASV4986,15.0
ASV4987,15.0
ASV4988,15.0
ASV4989,15.0
ASV4990,15.0
ASV4991,15.0
ASV4992,15.0
ASV4993,15.0
ASV4994,15.0
ASV4995,15.0
ASV4996,15.0
ASV5021,15.0
ASV5069,15.0
ASV5023,15.0
ASV5048,15.0
ASV5050,15.0
ASV5051,15.0
ASV5052,15.0
ASV5053,15.0
ASV5054,15.0
ASV5055,15.0
ASV5056,15.0
ASV5057,15.0
ASV5058,15.0
ASV5059,15.0
ASV5060,15.0
ASV5061,15.0
ASV5062,15.0
ASV5063,15.0
ASV5064,15.0
ASV5065,15.0
ASV5066,15.0
ASV5067,15.0
ASV5068,15.0
ASV4974,15.0
ASV5070,15.0
ASV5049,15.0
ASV5047,15.0
ASV5024,15.0
ASV5046,15.0
ASV5025,15.0
ASV5026,15.0
ASV5027,15.0
ASV5028,15.0
ASV5029,15.0
ASV5030,15.0
ASV5031,15.0
ASV5032,15.0
ASV5033,15.0
ASV5034,15.0
ASV5035,15.0
ASV5036,15.0
ASV5037,15.0
ASV5038,15.0
ASV5039,15.0
ASV5040,15.0
ASV5041,15.0
ASV5042,15.0
ASV5043,15.0
ASV5044,15.0
ASV5045,15.0
ASV4975,15.0
ASV4943,15.0
ASV4973,15.0
ASV4923,15.0
ASV4901,15.0
ASV4902,15.0
ASV4903,15.0
ASV4904,15.0
ASV4905,15.0
ASV4906,15.0
ASV4972,15.0
ASV4908,15.0
ASV4909,15.0
ASV4910,15.0
ASV4911,15.0
ASV4912,15.0
ASV4913,15.0
ASV4914,15.0
ASV4915,15.0
ASV4916,15.0
ASV4917,15.0
ASV4918,15.0
ASV4919,15.0
ASV4920,15.0
ASV4921,15.0
ASV4900,15.0
ASV4899,15.0
ASV4898,15.0
ASV4886,15.0
ASV4877,15.0
ASV4878,15.0
ASV4879,15.0
ASV4880,15.0
ASV4881,15.0
ASV4882,15.0
ASV4883,15.0
ASV4884,15.0
ASV4885,15.0
ASV4887,15.0
ASV4897,15.0
ASV4888,15.0
ASV4889,15.0
ASV4890,15.0
ASV4891,15.0
ASV4892,15.0
ASV4893,15.0
ASV4894,15.0
ASV4895,15.0
ASV4896,15.0
ASV4922,15.0
ASV4907,15.0
ASV4924,15.0
ASV4949,15.0
ASV4951,15.0
ASV4952,15.0
ASV4953,15.0
ASV4954,15.0
ASV4955,15.0
ASV4956,15.0
ASV4957,15.0
ASV4958,15.0
ASV4959,15.0
ASV4960,15.0
ASV4961,15.0
ASV4962,15.0
ASV4963,15.0
ASV4964,15.0
ASV4925,15.0
ASV4966,15.0
ASV4967,15.0
ASV4968,15.0
ASV4969,15.0
ASV4970,15.0
ASV4971,15.0
ASV4950,15.0
ASV4965,15.0
ASV4948,15.0
ASV4935,15.0
ASV4947,15.0
ASV4926,15.0
ASV4927,15.0
ASV4929,15.0
ASV4930,15.0
ASV4931,15.0
ASV4932,15.0
ASV4933,15.0
ASV4934,15.0
ASV4928,15.0
ASV4936,15.0
ASV4941,15.0
ASV4937,15.0
ASV4945,15.0
ASV4942,15.0
ASV4944,15.0
ASV4940,15.0
ASV4939,15.0
ASV4938,15.0
ASV4946,15.0
ASV5089,14.0
ASV5095,14.0
ASV5090,14.0
ASV5091,14.0
ASV5092,14.0
ASV5093,14.0
ASV5094,14.0
ASV5099,14.0
ASV5096,14.0
ASV5097,14.0
ASV5098,14.0
ASV5100,14.0
ASV5101,14.0
ASV5102,14.0
ASV5087,14.0
ASV5088,14.0
ASV5076,14.0
ASV5086,14.0
ASV5077,14.0
ASV5104,14.0
ASV5071,14.0
ASV5072,14.0
ASV5073,14.0
ASV5074,14.0
ASV5075,14.0
ASV5078,14.0
ASV5085,14.0
ASV5079,14.0
ASV5080,14.0
ASV5081,14.0
ASV5082,14.0
ASV5083,14.0
ASV5084,14.0
ASV5103,14.0
ASV5105,14.0
ASV5293,14.0
ASV5225,14.0
ASV5257,14.0
ASV5259,14.0
ASV5260,14.0
ASV5261,14.0
ASV5262,14.0
ASV5263,14.0
ASV5264,14.0
ASV5265,14.0
ASV5266,14.0
ASV5267,14.0
ASV5268,14.0
ASV5269,14.0
ASV5270,14.0
ASV5271,14.0
ASV5272,14.0
ASV5273,14.0
ASV5274,14.0
ASV5275,14.0
ASV5276,14.0
ASV5277,14.0
ASV5278,14.0
ASV5279,14.0
ASV5280,14.0
ASV5281,14.0
ASV5282,14.0
ASV5283,14.0
ASV5284,14.0
ASV5256,14.0
ASV5255,14.0
ASV5254,14.0
ASV5239,14.0
ASV5227,14.0
ASV5228,14.0
ASV5229,14.0
ASV5230,14.0
ASV5231,14.0
ASV5232,14.0
ASV5233,14.0
ASV5234,14.0
ASV5235,14.0
ASV5236,14.0
ASV5237,14.0
ASV5238,14.0
ASV5240,14.0
ASV5253,14.0
ASV5241,14.0
ASV5242,14.0
ASV5243,14.0
ASV5244,14.0
ASV5245,14.0
ASV5246,14.0
ASV5247,14.0
ASV5248,14.0
ASV5249,14.0
ASV5250,14.0
ASV5251,14.0
ASV5252,14.0
ASV5285,14.0
ASV5286,14.0
ASV5287,14.0
ASV5332,14.0
ASV5320,14.0
ASV5321,14.0
ASV5322,14.0
ASV5323,14.0
ASV5324,14.0
ASV5325,14.0
ASV5326,14.0
ASV5327,14.0
ASV5328,14.0
ASV5329,14.0
ASV5330,14.0
ASV5331,14.0
ASV5333,14.0
ASV5318,14.0
ASV5334,14.0
ASV5335,14.0
ASV5336,14.0
ASV5337,14.0
ASV5338,14.0
ASV5339,14.0
ASV5340,14.0
ASV5341,14.0
ASV5342,14.0
ASV5343,14.0
ASV5344,14.0
ASV5106,14.0
ASV5319,14.0
ASV5317,14.0
ASV5288,14.0
ASV5302,14.0
ASV5289,14.0
ASV5290,14.0
ASV5291,14.0
ASV5292,14.0
ASV5294,14.0
ASV5295,14.0
ASV5296,14.0
ASV5297,14.0
ASV5298,14.0
ASV5299,14.0
ASV5300,14.0
ASV5301,14.0
ASV5303,14.0
ASV5316,14.0
ASV5304,14.0
ASV5305,14.0
ASV5306,14.0
ASV5307,14.0
ASV5308,14.0
ASV5309,14.0
ASV5310,14.0
ASV5311,14.0
ASV5312,14.0
ASV5313,14.0
ASV5314,14.0
ASV5315,14.0
ASV5226,14.0
ASV5258,14.0
ASV5224,14.0
ASV5165,14.0
ASV5137,14.0
ASV5138,14.0
ASV5139,14.0
ASV5140,14.0
ASV5141,14.0
ASV5142,14.0
ASV5143,14.0
ASV5144,14.0
ASV5145,14.0
ASV5146,14.0
ASV5147,14.0
ASV5148,14.0
ASV5149,14.0
ASV5150,14.0
ASV5151,14.0
ASV5152,14.0
ASV5153,14.0
ASV5154,14.0
ASV5155,14.0
ASV5156,14.0
ASV5157,14.0
ASV5158,14.0
ASV5159,14.0
ASV5160,14.0
ASV5161,14.0
ASV5162,14.0
ASV5163,14.0
ASV5136,14.0
ASV5135,14.0
ASV5134,14.0
ASV5119,14.0
ASV5107,14.0
ASV5108,14.0
ASV5109,14.0
ASV5110,14.0
ASV5111,14.0
ASV5112,14.0
ASV5113,14.0
ASV5114,14.0
ASV5115,14.0
ASV5116,14.0
ASV5117,14.0
ASV5118,14.0
ASV5120,14.0
ASV5223,14.0
ASV5121,14.0
ASV5122,14.0
ASV5123,14.0
ASV5124,14.0
ASV5125,14.0
ASV5126,14.0
ASV5127,14.0
ASV5128,14.0
ASV5129,14.0
ASV5130,14.0
ASV5131,14.0
ASV5132,14.0
ASV5164,14.0
ASV5133,14.0
ASV5166,14.0
ASV5194,14.0
ASV5196,14.0
ASV5197,14.0
ASV5198,14.0
ASV5199,14.0
ASV5200,14.0
ASV5201,14.0
ASV5202,14.0
ASV5203,14.0
ASV5204,14.0
ASV5205,14.0
ASV5206,14.0
ASV5207,14.0
ASV5208,14.0
ASV5210,14.0
ASV5211,14.0
ASV5212,14.0
ASV5213,14.0
ASV5214,14.0
ASV5215,14.0
ASV5216,14.0
ASV5217,14.0
ASV5218,14.0
ASV5219,14.0
ASV5220,14.0
ASV5221,14.0
ASV5222,14.0
ASV5167,14.0
ASV5195,14.0
ASV5209,14.0
ASV5193,14.0
ASV5180,14.0
ASV5168,14.0
ASV5169,14.0
ASV5170,14.0
ASV5171,14.0
ASV5172,14.0
ASV5173,14.0
ASV5175,14.0
ASV5176,14.0
ASV5177,14.0
ASV5178,14.0
ASV5179,14.0
ASV5174,14.0
ASV5182,14.0
ASV5183,14.0
ASV5184,14.0
ASV5185,14.0
ASV5186,14.0
ASV5187,14.0
ASV5188,14.0
ASV5192,14.0
ASV5189,14.0
ASV5190,14.0
ASV5191,14.0
ASV5181,14.0
ASV5519,13.0
ASV5529,13.0
ASV5528,13.0
ASV5531,13.0
ASV5530,13.0
ASV5526,13.0
ASV5532,13.0
ASV5527,13.0
ASV5521,13.0
ASV5525,13.0
ASV5524,13.0
ASV5523,13.0
ASV5522,13.0
ASV5520,13.0
ASV5534,13.0
ASV5533,13.0
ASV5546,13.0
ASV5535,13.0
ASV5536,13.0
ASV5537,13.0
ASV5538,13.0
ASV5539,13.0
ASV5540,13.0
ASV5541,13.0
ASV5542,13.0
ASV5543,13.0
ASV5544,13.0
ASV5545,13.0
ASV5548,13.0
ASV5547,13.0
ASV5549,13.0
ASV5517,13.0
ASV5518,13.0
ASV5488,13.0
ASV5516,13.0
ASV5491,13.0
ASV5497,13.0
ASV5496,13.0
ASV5495,13.0
ASV5494,13.0
ASV5493,13.0
ASV5492,13.0
ASV5490,13.0
ASV5515,13.0
ASV5489,13.0
ASV5487,13.0
ASV5486,13.0
ASV5485,13.0
ASV5551,13.0
ASV5484,13.0
ASV5498,13.0
ASV5499,13.0
ASV5500,13.0
ASV5501,13.0
ASV5502,13.0
ASV5503,13.0
ASV5504,13.0
ASV5505,13.0
ASV5506,13.0
ASV5507,13.0
ASV5508,13.0
ASV5509,13.0
ASV5510,13.0
ASV5511,13.0
ASV5512,13.0
ASV5513,13.0
ASV5514,13.0
ASV5550,13.0
ASV5608,13.0
ASV5552,13.0
ASV5596,13.0
ASV5602,13.0
ASV5601,13.0
ASV5600,13.0
ASV5599,13.0
ASV5598,13.0
ASV5597,13.0
ASV5595,13.0
ASV5553,13.0
ASV5594,13.0
ASV5593,13.0
ASV5592,13.0
ASV5591,13.0
ASV5590,13.0
ASV5589,13.0
ASV5603,13.0
ASV5604,13.0
ASV5605,13.0
ASV5606,13.0
ASV5607,13.0
ASV5609,13.0
ASV5610,13.0
ASV5611,13.0
ASV5612,13.0
ASV5613,13.0
ASV5614,13.0
ASV5615,13.0
ASV5616,13.0
ASV5617,13.0
ASV5618,13.0
ASV5619,13.0
ASV5482,13.0
ASV5588,13.0
ASV5587,13.0
ASV5586,13.0
ASV5569,13.0
ASV5554,13.0
ASV5555,13.0
ASV5556,13.0
ASV5557,13.0
ASV5558,13.0
ASV5559,13.0
ASV5560,13.0
ASV5561,13.0
ASV5562,13.0
ASV5563,13.0
ASV5564,13.0
ASV5566,13.0
ASV5567,13.0
ASV5568,13.0
ASV5570,13.0
ASV5585,13.0
ASV5571,13.0
ASV5572,13.0
ASV5573,13.0
ASV5574,13.0
ASV5575,13.0
ASV5576,13.0
ASV5577,13.0
ASV5578,13.0
ASV5579,13.0
ASV5580,13.0
ASV5581,13.0
ASV5582,13.0
ASV5583,13.0
ASV5584,13.0
ASV5483,13.0
ASV5565,13.0
ASV5481,13.0
ASV5388,13.0
ASV5394,13.0
ASV5393,13.0
ASV5392,13.0
ASV5391,13.0
ASV5390,13.0
ASV5389,13.0
ASV5387,13.0
ASV5379,13.0
ASV5386,13.0
ASV5385,13.0
ASV5384,13.0
ASV5383,13.0
ASV5382,13.0
ASV5381,13.0
ASV5395,13.0
ASV5396,13.0
ASV5397,13.0
ASV5398,13.0
ASV5345,13.0
ASV5399,13.0
ASV5400,13.0
ASV5401,13.0
ASV5402,13.0
ASV5403,13.0
ASV5404,13.0
ASV5405,13.0
ASV5406,13.0
ASV5407,13.0
ASV5408,13.0
ASV5409,13.0
ASV5410,13.0
ASV5380,13.0
ASV5378,13.0
ASV5412,13.0
ASV5352,13.0
ASV5358,13.0
ASV5357,13.0
ASV5356,13.0
ASV5355,13.0
ASV5354,13.0
ASV5353,13.0
ASV5351,13.0
ASV5377,13.0
ASV5350,13.0
ASV5349,13.0
ASV5348,13.0
ASV5347,13.0
ASV5346,13.0
ASV5480,13.0
ASV5359,13.0
ASV5360,13.0
ASV5361,13.0
ASV5362,13.0
ASV5363,13.0
ASV5364,13.0
ASV5365,13.0
ASV5366,13.0
ASV5367,13.0
ASV5368,13.0
ASV5369,13.0
ASV5370,13.0
ASV5371,13.0
ASV5372,13.0
ASV5373,13.0
ASV5375,13.0
ASV5376,13.0
ASV5411,13.0
ASV5374,13.0
ASV5413,13.0
ASV5456,13.0
ASV5462,13.0
ASV5461,13.0
ASV5460,13.0
ASV5459,13.0
ASV5458,13.0
ASV5457,13.0
ASV5455,13.0
ASV5447,13.0
ASV5454,13.0
ASV5453,13.0
ASV5452,13.0
ASV5451,13.0
ASV5450,13.0
ASV5449,13.0
ASV5463,13.0
ASV5464,13.0
ASV5466,13.0
ASV5467,13.0
ASV5468,13.0
ASV5469,13.0
ASV5470,13.0
ASV5471,13.0
ASV5472,13.0
ASV5473,13.0
ASV5474,13.0
ASV5475,13.0
ASV5476,13.0
ASV5477,13.0
ASV5478,13.0
ASV5414,13.0
ASV5479,13.0
ASV5448,13.0
ASV5465,13.0
ASV5446,13.0
ASV5421,13.0
ASV5428,13.0
ASV5427,13.0
ASV5426,13.0
ASV5425,13.0
ASV5423,13.0
ASV5422,13.0
ASV5420,13.0
ASV5430,13.0
ASV5419,13.0
ASV5418,13.0
ASV5417,13.0
ASV5445,13.0
ASV5416,13.0
ASV5415,13.0
ASV5429,13.0
ASV5424,13.0
ASV5439,13.0
ASV5431,13.0
ASV5432,13.0
ASV5433,13.0
ASV5434,13.0
ASV5435,13.0
ASV5444,13.0
ASV5436,13.0
ASV5437,13.0
ASV5438,13.0
ASV5440,13.0
ASV5441,13.0
ASV5442,13.0
ASV5443,13.0
ASV5833,12.0
ASV5834,12.0
ASV5823,12.0
ASV5835,12.0
ASV5831,12.0
ASV5836,12.0
ASV5837,12.0
ASV5832,12.0
ASV5826,12.0
ASV5830,12.0
ASV5829,12.0
ASV5822,12.0
ASV5828,12.0
ASV5827,12.0
ASV5825,12.0
ASV5839,12.0
ASV5824,12.0
ASV5838,12.0
ASV5854,12.0
ASV5840,12.0
ASV5841,12.0
ASV5858,12.0
ASV5820,12.0
ASV5857,12.0
ASV5856,12.0
ASV5855,12.0
ASV5853,12.0
ASV5852,12.0
ASV5851,12.0
ASV5850,12.0
ASV5849,12.0
ASV5848,12.0
ASV5847,12.0
ASV5846,12.0
ASV5845,12.0
ASV5844,12.0
ASV5843,12.0
ASV5842,12.0
ASV5821,12.0
ASV5788,12.0
ASV5819,12.0
ASV5790,12.0
ASV5797,12.0
ASV5796,12.0
ASV5795,12.0
ASV5794,12.0
ASV5793,12.0
ASV5792,12.0
ASV5791,12.0
ASV5789,12.0
ASV5799,12.0
ASV5787,12.0
ASV5786,12.0
ASV5785,12.0
ASV5784,12.0
ASV5783,12.0
ASV5782,12.0
ASV5860,12.0
ASV5798,12.0
ASV5800,12.0
ASV5818,12.0
ASV5810,12.0
ASV5817,12.0
ASV5816,12.0
ASV5815,12.0
ASV5814,12.0
ASV5813,12.0
ASV5812,12.0
ASV5811,12.0
ASV5809,12.0
ASV5801,12.0
ASV5808,12.0
ASV5807,12.0
ASV5806,12.0
ASV5805,12.0
ASV5804,12.0
ASV5803,12.0
ASV5802,12.0
ASV5859,12.0
ASV5928,12.0
ASV5861,12.0
ASV5902,12.0
ASV5920,12.0
ASV5919,12.0
ASV5918,12.0
ASV5917,12.0
ASV5916,12.0
ASV5915,12.0
ASV5914,12.0
ASV5913,12.0
ASV5912,12.0
ASV5911,12.0
ASV5910,12.0
ASV5909,12.0
ASV5908,12.0
ASV5907,12.0
ASV5906,12.0
ASV5905,12.0
ASV5904,12.0
ASV5921,12.0
ASV5922,12.0
ASV5923,12.0
ASV5933,12.0
ASV5940,12.0
ASV5939,12.0
ASV5938,12.0
ASV5937,12.0
ASV5936,12.0
ASV5935,12.0
ASV5934,12.0
ASV5932,12.0
ASV5924,12.0
ASV5931,12.0
ASV5930,12.0
ASV5929,12.0
ASV5780,12.0
ASV5927,12.0
ASV5926,12.0
ASV5925,12.0
ASV5903,12.0
ASV5901,12.0
ASV5862,12.0
ASV5900,12.0
ASV5879,12.0
ASV5878,12.0
ASV5877,12.0
ASV5876,12.0
ASV5875,12.0
ASV5874,12.0
ASV5873,12.0
ASV5872,12.0
ASV5871,12.0
ASV5870,12.0
ASV5869,12.0
ASV5868,12.0
ASV5867,12.0
ASV5866,12.0
ASV5865,12.0
ASV5864,12.0
ASV5863,12.0
ASV5880,12.0
ASV5881,12.0
ASV5882,12.0
ASV5892,12.0
ASV5899,12.0
ASV5898,12.0
ASV5897,12.0
ASV5896,12.0
ASV5895,12.0
ASV5894,12.0
ASV5893,12.0
ASV5891,12.0
ASV5883,12.0
ASV5890,12.0
ASV5889,12.0
ASV5888,12.0
ASV5887,12.0
ASV5886,12.0
ASV5885,12.0
ASV5884,12.0
ASV5781,12.0
ASV5753,12.0
ASV5779,12.0
ASV5698,12.0
ASV5676,12.0
ASV5675,12.0
ASV5674,12.0
ASV5673,12.0
ASV5672,12.0
ASV5671,12.0
ASV5670,12.0
ASV5669,12.0
ASV5668,12.0
ASV5667,12.0
ASV5666,12.0
ASV5665,12.0
ASV5664,12.0
ASV5663,12.0
ASV5662,12.0
ASV5661,12.0
ASV5660,12.0
ASV5677,12.0
ASV5678,12.0
ASV5679,12.0
ASV5689,12.0
ASV5696,12.0
ASV5695,12.0
ASV5694,12.0
ASV5693,12.0
ASV5692,12.0
ASV5691,12.0
ASV5690,12.0
ASV5688,12.0
ASV5680,12.0
ASV5687,12.0
ASV5686,12.0
ASV5685,12.0
ASV5684,12.0
ASV5683,12.0
ASV5682,12.0
ASV5681,12.0
ASV5659,12.0
ASV5658,12.0
ASV5657,12.0
ASV5628,12.0
ASV5635,12.0
ASV5634,12.0
ASV5633,12.0
ASV5632,12.0
ASV5631,12.0
ASV5630,12.0
ASV5629,12.0
ASV5627,12.0
ASV5637,12.0
ASV5626,12.0
ASV5625,12.0
ASV5624,12.0
ASV5623,12.0
ASV5622,12.0
ASV5621,12.0
ASV5620,12.0
ASV5636,12.0
ASV5638,12.0
ASV5778,12.0
ASV5648,12.0
ASV5655,12.0
ASV5654,12.0
ASV5653,12.0
ASV5652,12.0
ASV5651,12.0
ASV5650,12.0
ASV5649,12.0
ASV5647,12.0
ASV5639,12.0
ASV5646,12.0
ASV5645,12.0
ASV5644,12.0
ASV5643,12.0
ASV5642,12.0
ASV5641,12.0
ASV5640,12.0
ASV5697,12.0
ASV5656,12.0
ASV5699,12.0
ASV5749,12.0
ASV5757,12.0
ASV5756,12.0
ASV5755,12.0
ASV5754,12.0
ASV5752,12.0
ASV5751,12.0
ASV5750,12.0
ASV5748,12.0
ASV5759,12.0
ASV5747,12.0
ASV5746,12.0
ASV5745,12.0
ASV5744,12.0
ASV5743,12.0
ASV5742,12.0
ASV5741,12.0
ASV5758,12.0
ASV5761,12.0
ASV5739,12.0
ASV5771,12.0
ASV5700,12.0
ASV5777,12.0
ASV5776,12.0
ASV5775,12.0
ASV5774,12.0
ASV5773,12.0
ASV5772,12.0
ASV5770,12.0
ASV5762,12.0
ASV5769,12.0
ASV5768,12.0
ASV5767,12.0
ASV5766,12.0
ASV5765,12.0
ASV5764,12.0
ASV5763,12.0
ASV5740,12.0
ASV5760,12.0
ASV5738,12.0
ASV5708,12.0
ASV5716,12.0
ASV5715,12.0
ASV5714,12.0
ASV5713,12.0
ASV5712,12.0
ASV5711,12.0
ASV5709,12.0
ASV5707,12.0
ASV5718,12.0
ASV5706,12.0
ASV5705,12.0
ASV5704,12.0
ASV5703,12.0
ASV5702,12.0
ASV5737,12.0
ASV5701,12.0
ASV5717,12.0
ASV5710,12.0
ASV5731,12.0
ASV5727,12.0
ASV5735,12.0
ASV5719,12.0
ASV5734,12.0
ASV5733,12.0
ASV5732,12.0
ASV5730,12.0
ASV5729,12.0
ASV5728,12.0
ASV5726,12.0
ASV5725,12.0
ASV5724,12.0
ASV5723,12.0
ASV5722,12.0
ASV5721,12.0
ASV5720,12.0
ASV5736,12.0
ASV6168,11.0
ASV6171,11.0
ASV6169,11.0
ASV6170,11.0
ASV6157,11.0
ASV6172,11.0
ASV6173,11.0
ASV6166,11.0
ASV6174,11.0
ASV6167,11.0
ASV6159,11.0
ASV6165,11.0
ASV6164,11.0
ASV6163,11.0
ASV6162,11.0
ASV6161,11.0
ASV6160,11.0
ASV6158,11.0
ASV6176,11.0
ASV6175,11.0
ASV6194,11.0
ASV6177,11.0
ASV6188,11.0
ASV6155,11.0
ASV6196,11.0
ASV6195,11.0
ASV6193,11.0
ASV6192,11.0
ASV6191,11.0
ASV6190,11.0
ASV6189,11.0
ASV6187,11.0
ASV6178,11.0
ASV6186,11.0
ASV6185,11.0
ASV6184,11.0
ASV6183,11.0
ASV6182,11.0
ASV6181,11.0
ASV6180,11.0
ASV6179,11.0
ASV6156,11.0
ASV6116,11.0
ASV6154,11.0
ASV6123,11.0
ASV6131,11.0
ASV6130,11.0
ASV6129,11.0
ASV6128,11.0
ASV6127,11.0
ASV6126,11.0
ASV6125,11.0
ASV6124,11.0
ASV6122,11.0
ASV6153,11.0
ASV6121,11.0
ASV6120,11.0
ASV6119,11.0
ASV6118,11.0
ASV6117,11.0
ASV6115,11.0
ASV6198,11.0
ASV6114,11.0
ASV6132,11.0
ASV6133,11.0
ASV6134,11.0
ASV6135,11.0
ASV6152,11.0
ASV6151,11.0
ASV6150,11.0
ASV6149,11.0
ASV6148,11.0
ASV6147,11.0
ASV6146,11.0
ASV6145,11.0
ASV6144,11.0
ASV6143,11.0
ASV6142,11.0
ASV6141,11.0
ASV6140,11.0
ASV6139,11.0
ASV6138,11.0
ASV6137,11.0
ASV6136,11.0
ASV6197,11.0
ASV6275,11.0
ASV6199,11.0
ASV6254,11.0
ASV6262,11.0
ASV6261,11.0
ASV6260,11.0
ASV6259,11.0
ASV6258,11.0
ASV6257,11.0
ASV6256,11.0
ASV6255,11.0
ASV6253,11.0
ASV6264,11.0
ASV6252,11.0
ASV6251,11.0
ASV6250,11.0
ASV6249,11.0
ASV6248,11.0
ASV6247,11.0
ASV6246,11.0
ASV6245,11.0
ASV6263,11.0
ASV6265,11.0
ASV6200,11.0
ASV6277,11.0
ASV6112,11.0
ASV6284,11.0
ASV6283,11.0
ASV6282,11.0
ASV6281,11.0
ASV6280,11.0
ASV6279,11.0
ASV6278,11.0
ASV6276,11.0
ASV6266,11.0
ASV6274,11.0
ASV6273,11.0
ASV6272,11.0
ASV6271,11.0
ASV6270,11.0
ASV6269,11.0
ASV6268,11.0
ASV6267,11.0
ASV6244,11.0
ASV6243,11.0
ASV6242,11.0
ASV6211,11.0
ASV6219,11.0
ASV6218,11.0
ASV6217,11.0
ASV6216,11.0
ASV6215,11.0
ASV6214,11.0
ASV6213,11.0
ASV6212,11.0
ASV6210,11.0
ASV6241,11.0
ASV6209,11.0
ASV6208,11.0
ASV6207,11.0
ASV6206,11.0
ASV6205,11.0
ASV6204,11.0
ASV6202,11.0
ASV6201,11.0
ASV6220,11.0
ASV6221,11.0
ASV6222,11.0
ASV6223,11.0
ASV6240,11.0
ASV6239,11.0
ASV6238,11.0
ASV6237,11.0
ASV6236,11.0
ASV6235,11.0
ASV6234,11.0
ASV6233,11.0
ASV6232,11.0
ASV6231,11.0
ASV6230,11.0
ASV6229,11.0
ASV6228,11.0
ASV6227,11.0
ASV6226,11.0
ASV6225,11.0
ASV6224,11.0
ASV6113,11.0
ASV6203,11.0
ASV6111,11.0
ASV5994,11.0
ASV6002,11.0
ASV6001,11.0
ASV6000,11.0
ASV5999,11.0
ASV5998,11.0
ASV5997,11.0
ASV5996,11.0
ASV5995,11.0
ASV5993,11.0
ASV6004,11.0
ASV5992,11.0
ASV5991,11.0
ASV5990,11.0
ASV5989,11.0
ASV5988,11.0
ASV5987,11.0
ASV5986,11.0
ASV5985,11.0
ASV6003,11.0
ASV6005,11.0
ASV6025,11.0
ASV6016,11.0
ASV6023,11.0
ASV6022,11.0
ASV5941,11.0
ASV6021,11.0
ASV6020,11.0
ASV6019,11.0
ASV6018,11.0
ASV6017,11.0
ASV6015,11.0
ASV6006,11.0
ASV6014,11.0
ASV6013,11.0
ASV6012,11.0
ASV6011,11.0
ASV6010,11.0
ASV6009,11.0
ASV6008,11.0
ASV6007,11.0
ASV5984,11.0
ASV5983,11.0
ASV5982,11.0
ASV5950,11.0
ASV5958,11.0
ASV5957,11.0
ASV5956,11.0
ASV5955,11.0
ASV5954,11.0
ASV5953,11.0
ASV5952,11.0
ASV5951,11.0
ASV5949,11.0
ASV5981,11.0
ASV5948,11.0
ASV5947,11.0
ASV5946,11.0
ASV5945,11.0
ASV5944,11.0
ASV5943,11.0
ASV5942,11.0
ASV6110,11.0
ASV5959,11.0
ASV5960,11.0
ASV5961,11.0
ASV5962,11.0
ASV5980,11.0
ASV5979,11.0
ASV5978,11.0
ASV5977,11.0
ASV5976,11.0
ASV5975,11.0
ASV5973,11.0
ASV5972,11.0
ASV5971,11.0
ASV5970,11.0
ASV5969,11.0
ASV5968,11.0
ASV5967,11.0
ASV5966,11.0
ASV5965,11.0
ASV5964,11.0
ASV5963,11.0
ASV6024,11.0
ASV5974,11.0
ASV6026,11.0
ASV6080,11.0
ASV6088,11.0
ASV6087,11.0
ASV6086,11.0
ASV6085,11.0
ASV6084,11.0
ASV6083,11.0
ASV6082,11.0
ASV6081,11.0
ASV6079,11.0
ASV6069,11.0
ASV6078,11.0
ASV6077,11.0
ASV6076,11.0
ASV6075,11.0
ASV6074,11.0
ASV6073,11.0
ASV6072,11.0
ASV6071,11.0
ASV6089,11.0
ASV6090,11.0
ASV6091,11.0
ASV6092,11.0
ASV6027,11.0
ASV6109,11.0
ASV6108,11.0
ASV6107,11.0
ASV6106,11.0
ASV6105,11.0
ASV6104,11.0
ASV6103,11.0
ASV6102,11.0
ASV6101,11.0
ASV6100,11.0
ASV6099,11.0
ASV6098,11.0
ASV6097,11.0
ASV6096,11.0
ASV6095,11.0
ASV6094,11.0
ASV6070,11.0
ASV6093,11.0
ASV6068,11.0
ASV6036,11.0
ASV6045,11.0
ASV6044,11.0
ASV6043,11.0
ASV6042,11.0
ASV6041,11.0
ASV6040,11.0
ASV6039,11.0
ASV6037,11.0
ASV6035,11.0
ASV6047,11.0
ASV6034,11.0
ASV6033,11.0
ASV6032,11.0
ASV6031,11.0
ASV6030,11.0
ASV6029,11.0
ASV6067,11.0
ASV6028,11.0
ASV6046,11.0
ASV6038,11.0
ASV6048,11.0
ASV6057,11.0
ASV6066,11.0
ASV6065,11.0
ASV6049,11.0
ASV6063,11.0
ASV6062,11.0
ASV6061,11.0
ASV6060,11.0
ASV6059,11.0
ASV6058,11.0
ASV6064,11.0
ASV6050,11.0
ASV6056,11.0
ASV6055,11.0
ASV6054,11.0
ASV6053,11.0
ASV6052,11.0
ASV6051,11.0
ASV6570,10.0
ASV6566,10.0
ASV6567,10.0
ASV6568,10.0
ASV6569,10.0
ASV6577,10.0
ASV6571,10.0
ASV6572,10.0
ASV6565,10.0
ASV6574,10.0
ASV6575,10.0
ASV6573,10.0
ASV6562,10.0
ASV6564,10.0
ASV6563,10.0
ASV6555,10.0
ASV6561,10.0
ASV6560,10.0
ASV6559,10.0
ASV6554,10.0
ASV6558,10.0
ASV6557,10.0
ASV6556,10.0
ASV6553,10.0
ASV6576,10.0
ASV6597,10.0
ASV6578,10.0
ASV6579,10.0
ASV6602,10.0
ASV6551,10.0
ASV6601,10.0
ASV6600,10.0
ASV6599,10.0
ASV6598,10.0
ASV6596,10.0
ASV6595,10.0
ASV6594,10.0
ASV6593,10.0
ASV6592,10.0
ASV6591,10.0
ASV6590,10.0
ASV6589,10.0
ASV6588,10.0
ASV6587,10.0
ASV6586,10.0
ASV6585,10.0
ASV6584,10.0
ASV6583,10.0
ASV6582,10.0
ASV6581,10.0
ASV6580,10.0
ASV6552,10.0
ASV6509,10.0
ASV6550,10.0
ASV6523,10.0
ASV6521,10.0
ASV6520,10.0
ASV6519,10.0
ASV6518,10.0
ASV6517,10.0
ASV6516,10.0
ASV6515,10.0
ASV6514,10.0
ASV6513,10.0
ASV6512,10.0
ASV6511,10.0
ASV6510,10.0
ASV6508,10.0
ASV6507,10.0
ASV6506,10.0
ASV6505,10.0
ASV6504,10.0
ASV6503,10.0
ASV6502,10.0
ASV6501,10.0
ASV6500,10.0
ASV6499,10.0
ASV6604,10.0
ASV6522,10.0
ASV6524,10.0
ASV6549,10.0
ASV6525,10.0
ASV6548,10.0
ASV6547,10.0
ASV6546,10.0
ASV6545,10.0
ASV6544,10.0
ASV6543,10.0
ASV6542,10.0
ASV6541,10.0
ASV6540,10.0
ASV6539,10.0
ASV6538,10.0
ASV6537,10.0
ASV6536,10.0
ASV6535,10.0
ASV6534,10.0
ASV6533,10.0
ASV6532,10.0
ASV6531,10.0
ASV6530,10.0
ASV6529,10.0
ASV6528,10.0
ASV6527,10.0
ASV6526,10.0
ASV6603,10.0
ASV6689,10.0
ASV6605,10.0
ASV6684,10.0
ASV6682,10.0
ASV6681,10.0
ASV6680,10.0
ASV6679,10.0
ASV6678,10.0
ASV6677,10.0
ASV6676,10.0
ASV6675,10.0
ASV6674,10.0
ASV6673,10.0
ASV6672,10.0
ASV6671,10.0
ASV6670,10.0
ASV6669,10.0
ASV6668,10.0
ASV6667,10.0
ASV6666,10.0
ASV6665,10.0
ASV6664,10.0
ASV6663,10.0
ASV6662,10.0
ASV6661,10.0
ASV6660,10.0
ASV6683,10.0
ASV6685,10.0
ASV6606,10.0
ASV6686,10.0
ASV6710,10.0
ASV6709,10.0
ASV6708,10.0
ASV6706,10.0
ASV6705,10.0
ASV6704,10.0
ASV6703,10.0
ASV6702,10.0
ASV6701,10.0
ASV6700,10.0
ASV6699,10.0
ASV6698,10.0
ASV6697,10.0
ASV6696,10.0
ASV6695,10.0
ASV6694,10.0
ASV6693,10.0
ASV6692,10.0
ASV6691,10.0
ASV6690,10.0
ASV6497,10.0
ASV6688,10.0
ASV6687,10.0
ASV6659,10.0
ASV6658,10.0
ASV6657,10.0
ASV6656,10.0
ASV6629,10.0
ASV6628,10.0
ASV6627,10.0
ASV6626,10.0
ASV6625,10.0
ASV6624,10.0
ASV6623,10.0
ASV6622,10.0
ASV6621,10.0
ASV6620,10.0
ASV6619,10.0
ASV6618,10.0
ASV6617,10.0
ASV6616,10.0
ASV6615,10.0
ASV6614,10.0
ASV6613,10.0
ASV6612,10.0
ASV6611,10.0
ASV6610,10.0
ASV6609,10.0
ASV6608,10.0
ASV6607,10.0
ASV6630,10.0
ASV6631,10.0
ASV6632,10.0
ASV6645,10.0
ASV6655,10.0
ASV6654,10.0
ASV6653,10.0
ASV6652,10.0
ASV6651,10.0
ASV6650,10.0
ASV6649,10.0
ASV6648,10.0
ASV6647,10.0
ASV6646,10.0
ASV6644,10.0
ASV6633,10.0
ASV6643,10.0
ASV6642,10.0
ASV6641,10.0
ASV6640,10.0
ASV6639,10.0
ASV6638,10.0
ASV6637,10.0
ASV6636,10.0
ASV6635,10.0
ASV6634,10.0
ASV6498,10.0
ASV6707,10.0
ASV6496,10.0
ASV6362,10.0
ASV6360,10.0
ASV6359,10.0
ASV6358,10.0
ASV6357,10.0
ASV6356,10.0
ASV6355,10.0
ASV6354,10.0
ASV6353,10.0
ASV6352,10.0
ASV6351,10.0
ASV6350,10.0
ASV6349,10.0
ASV6348,10.0
ASV6347,10.0
ASV6346,10.0
ASV6345,10.0
ASV6344,10.0
ASV6343,10.0
ASV6342,10.0
ASV6341,10.0
ASV6340,10.0
ASV6339,10.0
ASV6338,10.0
ASV6361,10.0
ASV6363,10.0
ASV6389,10.0
ASV6364,10.0
ASV6387,10.0
ASV6386,10.0
ASV6385,10.0
ASV6384,10.0
ASV6383,10.0
ASV6382,10.0
ASV6381,10.0
ASV6380,10.0
ASV6379,10.0
ASV6378,10.0
ASV6377,10.0
ASV6376,10.0
ASV6375,10.0
ASV6374,10.0
ASV6373,10.0
ASV6372,10.0
ASV6371,10.0
ASV6370,10.0
ASV6369,10.0
ASV6368,10.0
ASV6367,10.0
ASV6366,10.0
ASV6365,10.0
ASV6337,10.0
ASV6336,10.0
ASV6334,10.0
ASV6333,10.0
ASV6306,10.0
ASV6305,10.0
ASV6304,10.0
ASV6303,10.0
ASV6302,10.0
ASV6301,10.0
ASV6300,10.0
ASV6299,10.0
ASV6298,10.0
ASV6297,10.0
ASV6296,10.0
ASV6295,10.0
ASV6294,10.0
ASV6293,10.0
ASV6292,10.0
ASV6291,10.0
ASV6290,10.0
ASV6289,10.0
ASV6288,10.0
ASV6287,10.0
ASV6286,10.0
ASV6285,10.0
ASV6495,10.0
ASV6307,10.0
ASV6308,10.0
ASV6309,10.0
ASV6322,10.0
ASV6332,10.0
ASV6331,10.0
ASV6330,10.0
ASV6329,10.0
ASV6328,10.0
ASV6327,10.0
ASV6326,10.0
ASV6325,10.0
ASV6324,10.0
ASV6323,10.0
ASV6321,10.0
ASV6310,10.0
ASV6320,10.0
ASV6319,10.0
ASV6318,10.0
ASV6317,10.0
ASV6316,10.0
ASV6315,10.0
ASV6314,10.0
ASV6313,10.0
ASV6312,10.0
ASV6311,10.0
ASV6388,10.0
ASV6335,10.0
ASV6390,10.0
ASV6470,10.0
ASV6467,10.0
ASV6466,10.0
ASV6465,10.0
ASV6464,10.0
ASV6463,10.0
ASV6462,10.0
ASV6461,10.0
ASV6460,10.0
ASV6459,10.0
ASV6458,10.0
ASV6457,10.0
ASV6456,10.0
ASV6455,10.0
ASV6454,10.0
ASV6453,10.0
ASV6452,10.0
ASV6451,10.0
ASV6450,10.0
ASV6449,10.0
ASV6448,10.0
ASV6447,10.0
ASV6446,10.0
ASV6445,10.0
ASV6468,10.0
ASV6471,10.0
ASV6443,10.0
ASV6472,10.0
ASV6494,10.0
ASV6391,10.0
ASV6493,10.0
ASV6492,10.0
ASV6491,10.0
ASV6490,10.0
ASV6489,10.0
ASV6488,10.0
ASV6487,10.0
ASV6486,10.0
ASV6485,10.0
ASV6484,10.0
ASV6483,10.0
ASV6482,10.0
ASV6481,10.0
ASV6480,10.0
ASV6479,10.0
ASV6478,10.0
ASV6477,10.0
ASV6476,10.0
ASV6475,10.0
ASV6474,10.0
ASV6473,10.0
ASV6444,10.0
ASV6469,10.0
ASV6405,10.0
ASV6417,10.0
ASV6415,10.0
ASV6414,10.0
ASV6412,10.0
ASV6411,10.0
ASV6410,10.0
ASV6409,10.0
ASV6408,10.0
ASV6407,10.0
ASV6406,10.0
ASV6404,10.0
ASV6403,10.0
ASV6402,10.0
ASV6401,10.0
ASV6400,10.0
ASV6399,10.0
ASV6398,10.0
ASV6397,10.0
ASV6396,10.0
ASV6395,10.0
ASV6394,10.0
ASV6442,10.0
ASV6393,10.0
ASV6392,10.0
ASV6416,10.0
ASV6413,10.0
ASV6433,10.0
ASV6428,10.0
ASV6440,10.0
ASV6439,10.0
ASV6438,10.0
ASV6437,10.0
ASV6436,10.0
ASV6435,10.0
ASV6434,10.0
ASV6418,10.0
ASV6432,10.0
ASV6431,10.0
ASV6430,10.0
ASV6429,10.0
ASV6427,10.0
ASV6426,10.0
ASV6425,10.0
ASV6424,10.0
ASV6423,10.0
ASV6422,10.0
ASV6421,10.0
ASV6420,10.0
ASV6419,10.0
ASV6441,10.0
ASV7012,9.0
ASV7009,9.0
ASV7008,9.0
ASV7010,9.0
ASV7011,9.0
ASV7017,9.0
ASV7013,9.0
ASV7014,9.0
ASV7015,9.0
ASV7016,9.0
ASV7006,9.0
ASV7007,9.0
ASV7046,9.0
ASV7005,9.0
ASV7004,9.0
ASV7003,9.0
ASV7002,9.0
ASV7001,9.0
ASV7000,9.0
ASV6999,9.0
ASV6998,9.0
ASV6997,9.0
ASV6996,9.0
ASV6995,9.0
ASV7019,9.0
ASV6994,9.0
ASV7018,9.0
ASV7043,9.0
ASV7020,9.0
ASV7034,9.0
ASV6992,9.0
ASV7045,9.0
ASV7044,9.0
ASV7042,9.0
ASV7041,9.0
ASV7040,9.0
ASV7039,9.0
ASV7038,9.0
ASV7037,9.0
ASV7036,9.0
ASV7035,9.0
ASV7033,9.0
ASV7021,9.0
ASV7032,9.0
ASV7031,9.0
ASV7030,9.0
ASV7029,9.0
ASV7028,9.0
ASV7027,9.0
ASV7026,9.0
ASV7025,9.0
ASV7024,9.0
ASV7023,9.0
ASV7022,9.0
ASV6993,9.0
ASV6941,9.0
ASV6991,9.0
ASV6950,9.0
ASV6961,9.0
ASV6960,9.0
ASV6959,9.0
ASV6958,9.0
ASV6957,9.0
ASV6956,9.0
ASV6955,9.0
ASV6954,9.0
ASV6953,9.0
ASV6952,9.0
ASV6951,9.0
ASV6949,9.0
ASV6963,9.0
ASV6948,9.0
ASV6947,9.0
ASV6946,9.0
ASV6945,9.0
ASV6944,9.0
ASV6943,9.0
ASV6942,9.0
ASV6940,9.0
ASV6939,9.0
ASV6938,9.0
ASV7048,9.0
ASV6962,9.0
ASV6964,9.0
ASV6990,9.0
ASV6978,9.0
ASV6989,9.0
ASV6988,9.0
ASV6987,9.0
ASV6986,9.0
ASV6985,9.0
ASV6984,9.0
ASV6983,9.0
ASV6982,9.0
ASV6981,9.0
ASV6980,9.0
ASV6979,9.0
ASV6977,9.0
ASV6965,9.0
ASV6976,9.0
ASV6975,9.0
ASV6974,9.0
ASV6973,9.0
ASV6972,9.0
ASV6971,9.0
ASV6970,9.0
ASV6969,9.0
ASV6968,9.0
ASV6967,9.0
ASV6966,9.0
ASV7047,9.0
ASV7154,9.0
ASV7049,9.0
ASV7106,9.0
ASV7132,9.0
ASV7131,9.0
ASV7130,9.0
ASV7129,9.0
ASV7128,9.0
ASV7127,9.0
ASV7126,9.0
ASV7125,9.0
ASV7124,9.0
ASV7123,9.0
ASV7122,9.0
ASV7121,9.0
ASV7120,9.0
ASV7119,9.0
ASV7118,9.0
ASV7117,9.0
ASV7116,9.0
ASV7115,9.0
ASV7114,9.0
ASV7113,9.0
ASV7112,9.0
ASV7111,9.0
ASV7110,9.0
ASV7109,9.0
ASV7108,9.0
ASV7133,9.0
ASV7134,9.0
ASV7135,9.0
ASV7149,9.0
ASV7160,9.0
ASV7159,9.0
ASV7158,9.0
ASV7157,9.0
ASV7156,9.0
ASV7155,9.0
ASV6936,9.0
ASV7153,9.0
ASV7152,9.0
ASV7151,9.0
ASV7150,9.0
ASV7148,9.0
ASV7136,9.0
ASV7147,9.0
ASV7146,9.0
ASV7145,9.0
ASV7144,9.0
ASV7143,9.0
ASV7142,9.0
ASV7141,9.0
ASV7140,9.0
ASV7139,9.0
ASV7138,9.0
ASV7137,9.0
ASV7107,9.0
ASV7105,9.0
ASV7050,9.0
ASV7104,9.0
ASV7075,9.0
ASV7074,9.0
ASV7073,9.0
ASV7072,9.0
ASV7071,9.0
ASV7070,9.0
ASV7069,9.0
ASV7068,9.0
ASV7067,9.0
ASV7066,9.0
ASV7065,9.0
ASV7064,9.0
ASV7063,9.0
ASV7062,9.0
ASV7061,9.0
ASV7060,9.0
ASV7059,9.0
ASV7058,9.0
ASV7057,9.0
ASV7056,9.0
ASV7055,9.0
ASV7054,9.0
ASV7053,9.0
ASV7052,9.0
ASV7051,9.0
ASV7076,9.0
ASV7077,9.0
ASV7078,9.0
ASV7092,9.0
ASV7103,9.0
ASV7102,9.0
ASV7101,9.0
ASV7100,9.0
ASV7099,9.0
ASV7098,9.0
ASV7097,9.0
ASV7096,9.0
ASV7095,9.0
ASV7094,9.0
ASV7093,9.0
ASV7091,9.0
ASV7079,9.0
ASV7090,9.0
ASV7089,9.0
ASV7088,9.0
ASV7087,9.0
ASV7086,9.0
ASV7085,9.0
ASV7084,9.0
ASV7083,9.0
ASV7082,9.0
ASV7081,9.0
ASV7080,9.0
ASV6937,9.0
ASV6900,9.0
ASV6935,9.0
ASV6821,9.0
ASV6791,9.0
ASV6790,9.0
ASV6789,9.0
ASV6788,9.0
ASV6787,9.0
ASV6786,9.0
ASV6785,9.0
ASV6784,9.0
ASV6783,9.0
ASV6782,9.0
ASV6781,9.0
ASV6780,9.0
ASV6779,9.0
ASV6778,9.0
ASV6777,9.0
ASV6776,9.0
ASV6775,9.0
ASV6774,9.0
ASV6773,9.0
ASV6772,9.0
ASV6771,9.0
ASV6770,9.0
ASV6769,9.0
ASV6768,9.0
ASV6767,9.0
ASV6792,9.0
ASV6793,9.0
ASV6794,9.0
ASV6808,9.0
ASV6819,9.0
ASV6818,9.0
ASV6817,9.0
ASV6816,9.0
ASV6815,9.0
ASV6814,9.0
ASV6813,9.0
ASV6812,9.0
ASV6811,9.0
ASV6810,9.0
ASV6809,9.0
ASV6807,9.0
ASV6795,9.0
ASV6806,9.0
ASV6805,9.0
ASV6804,9.0
ASV6803,9.0
ASV6802,9.0
ASV6801,9.0
ASV6800,9.0
ASV6799,9.0
ASV6798,9.0
ASV6797,9.0
ASV6796,9.0
ASV6766,9.0
ASV6765,9.0
ASV6764,9.0
ASV6723,9.0
ASV6734,9.0
ASV6733,9.0
ASV6732,9.0
ASV6731,9.0
ASV6730,9.0
ASV6729,9.0
ASV6728,9.0
ASV6727,9.0
ASV6726,9.0
ASV6725,9.0
ASV6724,9.0
ASV6722,9.0
ASV6736,9.0
ASV6721,9.0
ASV6720,9.0
ASV6719,9.0
ASV6718,9.0
ASV6717,9.0
ASV6716,9.0
ASV6715,9.0
ASV6714,9.0
ASV6713,9.0
ASV6712,9.0
ASV6711,9.0
ASV6735,9.0
ASV6737,9.0
ASV6763,9.0
ASV6934,9.0
ASV6762,9.0
ASV6761,9.0
ASV6760,9.0
ASV6759,9.0
ASV6758,9.0
ASV6757,9.0
ASV6756,9.0
ASV6755,9.0
ASV6754,9.0
ASV6753,9.0
ASV6752,9.0
ASV6750,9.0
ASV6738,9.0
ASV6749,9.0
ASV6748,9.0
ASV6747,9.0
ASV6746,9.0
ASV6745,9.0
ASV6744,9.0
ASV6743,9.0
ASV6742,9.0
ASV6741,9.0
ASV6740,9.0
ASV6739,9.0
ASV6820,9.0
ASV6751,9.0
ASV6822,9.0
ASV6878,9.0
ASV6905,9.0
ASV6904,9.0
ASV6903,9.0
ASV6902,9.0
ASV6901,9.0
ASV6899,9.0
ASV6898,9.0
ASV6897,9.0
ASV6896,9.0
ASV6895,9.0
ASV6894,9.0
ASV6893,9.0
ASV6892,9.0
ASV6891,9.0
ASV6890,9.0
ASV6889,9.0
ASV6888,9.0
ASV6887,9.0
ASV6886,9.0
ASV6885,9.0
ASV6884,9.0
ASV6883,9.0
ASV6882,9.0
ASV6881,9.0
ASV6880,9.0
ASV6906,9.0
ASV6907,9.0
ASV6908,9.0
ASV6923,9.0
ASV6823,9.0
ASV6933,9.0
ASV6932,9.0
ASV6931,9.0
ASV6930,9.0
ASV6929,9.0
ASV6928,9.0
ASV6927,9.0
ASV6926,9.0
ASV6925,9.0
ASV6924,9.0
ASV6922,9.0
ASV6909,9.0
ASV6921,9.0
ASV6920,9.0
ASV6919,9.0
ASV6918,9.0
ASV6917,9.0
ASV6916,9.0
ASV6915,9.0
ASV6914,9.0
ASV6912,9.0
ASV6911,9.0
ASV6910,9.0
ASV6879,9.0
ASV6913,9.0
ASV6877,9.0
ASV6836,9.0
ASV6847,9.0
ASV6846,9.0
ASV6845,9.0
ASV6844,9.0
ASV6843,9.0
ASV6842,9.0
ASV6841,9.0
ASV6840,9.0
ASV6839,9.0
ASV6838,9.0
ASV6837,9.0
ASV6835,9.0
ASV6849,9.0
ASV6833,9.0
ASV6832,9.0
ASV6831,9.0
ASV6830,9.0
ASV6829,9.0
ASV6828,9.0
ASV6827,9.0
ASV6826,9.0
ASV6825,9.0
ASV6876,9.0
ASV6824,9.0
ASV6848,9.0
ASV6834,9.0
ASV6850,9.0
ASV6863,9.0
ASV6874,9.0
ASV6851,9.0
ASV6873,9.0
ASV6872,9.0
ASV6871,9.0
ASV6870,9.0
ASV6868,9.0
ASV6867,9.0
ASV6866,9.0
ASV6865,9.0
ASV6864,9.0
ASV6869,9.0
ASV6862,9.0
ASV6856,9.0
ASV6852,9.0
ASV6853,9.0
ASV6861,9.0
ASV6854,9.0
ASV6855,9.0
ASV6875,9.0
ASV6858,9.0
ASV6859,9.0
ASV6860,9.0
ASV6857,9.0
ASV7536,8.0
ASV7550,8.0
ASV7537,8.0
ASV7538,8.0
ASV7539,8.0
ASV7540,8.0
ASV7541,8.0
ASV7542,8.0
ASV7544,8.0
ASV7543,8.0
ASV7545,8.0
ASV7546,8.0
ASV7548,8.0
ASV7549,8.0
ASV7551,8.0
ASV7547,8.0
ASV7525,8.0
ASV7535,8.0
ASV7526,8.0
ASV7589,8.0
ASV7553,8.0
ASV7521,8.0
ASV7522,8.0
ASV7523,8.0
ASV7524,8.0
ASV7527,8.0
ASV7534,8.0
ASV7528,8.0
ASV7529,8.0
ASV7530,8.0
ASV7531,8.0
ASV7532,8.0
ASV7533,8.0
ASV7552,8.0
ASV7579,8.0
ASV7554,8.0
ASV7581,8.0
ASV7574,8.0
ASV7575,8.0
ASV7576,8.0
ASV7577,8.0
ASV7578,8.0
ASV7580,8.0
ASV7582,8.0
ASV7572,8.0
ASV7583,8.0
ASV7584,8.0
ASV7585,8.0
ASV7586,8.0
ASV7587,8.0
ASV7519,8.0
ASV7573,8.0
ASV7571,8.0
ASV7555,8.0
ASV7562,8.0
ASV7556,8.0
ASV7557,8.0
ASV7558,8.0
ASV7559,8.0
ASV7560,8.0
ASV7561,8.0
ASV7563,8.0
ASV7570,8.0
ASV7564,8.0
ASV7565,8.0
ASV7566,8.0
ASV7567,8.0
ASV7568,8.0
ASV7569,8.0
ASV7520,8.0
ASV7463,8.0
ASV7518,8.0
ASV7473,8.0
ASV7467,8.0
ASV7468,8.0
ASV7469,8.0
ASV7470,8.0
ASV7471,8.0
ASV7472,8.0
ASV7474,8.0
ASV7465,8.0
ASV7475,8.0
ASV7476,8.0
ASV7477,8.0
ASV7478,8.0
ASV7479,8.0
ASV7480,8.0
ASV7466,8.0
ASV7464,8.0
ASV7482,8.0
ASV7454,8.0
ASV7448,8.0
ASV7449,8.0
ASV7450,8.0
ASV7451,8.0
ASV7452,8.0
ASV7453,8.0
ASV7455,8.0
ASV7462,8.0
ASV7456,8.0
ASV7457,8.0
ASV7458,8.0
ASV7459,8.0
ASV7460,8.0
ASV7461,8.0
ASV7481,8.0
ASV7483,8.0
ASV7517,8.0
ASV7509,8.0
ASV7503,8.0
ASV7504,8.0
ASV7505,8.0
ASV7506,8.0
ASV7507,8.0
ASV7508,8.0
ASV7510,8.0
ASV7501,8.0
ASV7511,8.0
ASV7512,8.0
ASV7513,8.0
ASV7514,8.0
ASV7515,8.0
ASV7516,8.0
ASV7502,8.0
ASV7500,8.0
ASV7484,8.0
ASV7491,8.0
ASV7485,8.0
ASV7486,8.0
ASV7487,8.0
ASV7488,8.0
ASV7489,8.0
ASV7490,8.0
ASV7492,8.0
ASV7499,8.0
ASV7493,8.0
ASV7494,8.0
ASV7495,8.0
ASV7496,8.0
ASV7497,8.0
ASV7498,8.0
ASV7588,8.0
ASV7658,8.0
ASV7590,8.0
ASV7688,8.0
ASV7682,8.0
ASV7683,8.0
ASV7684,8.0
ASV7685,8.0
ASV7686,8.0
ASV7687,8.0
ASV7689,8.0
ASV7680,8.0
ASV7690,8.0
ASV7691,8.0
ASV7692,8.0
ASV7693,8.0
ASV7694,8.0
ASV7695,8.0
ASV7681,8.0
ASV7679,8.0
ASV7697,8.0
ASV7670,8.0
ASV7664,8.0
ASV7665,8.0
ASV7666,8.0
ASV7667,8.0
ASV7668,8.0
ASV7669,8.0
ASV7671,8.0
ASV7678,8.0
ASV7672,8.0
ASV7673,8.0
ASV7674,8.0
ASV7675,8.0
ASV7676,8.0
ASV7677,8.0
ASV7696,8.0
ASV7698,8.0
ASV7591,8.0
ASV7724,8.0
ASV7718,8.0
ASV7719,8.0
ASV7720,8.0
ASV7721,8.0
ASV7722,8.0
ASV7723,8.0
ASV7725,8.0
ASV7716,8.0
ASV7726,8.0
ASV7727,8.0
ASV7728,8.0
ASV7729,8.0
ASV7730,8.0
ASV7446,8.0
ASV7717,8.0
ASV7715,8.0
ASV7699,8.0
ASV7706,8.0
ASV7700,8.0
ASV7701,8.0
ASV7702,8.0
ASV7703,8.0
ASV7704,8.0
ASV7705,8.0
ASV7707,8.0
ASV7714,8.0
ASV7708,8.0
ASV7709,8.0
ASV7710,8.0
ASV7711,8.0
ASV7712,8.0
ASV7713,8.0
ASV7663,8.0
ASV7662,8.0
ASV7661,8.0
ASV7616,8.0
ASV7610,8.0
ASV7611,8.0
ASV7612,8.0
ASV7613,8.0
ASV7614,8.0
ASV7615,8.0
ASV7617,8.0
ASV7608,8.0
ASV7618,8.0
ASV7619,8.0
ASV7620,8.0
ASV7621,8.0
ASV7622,8.0
ASV7623,8.0
ASV7609,8.0
ASV7607,8.0
ASV7660,8.0
ASV7598,8.0
ASV7592,8.0
ASV7593,8.0
ASV7594,8.0
ASV7595,8.0
ASV7596,8.0
ASV7597,8.0
ASV7599,8.0
ASV7606,8.0
ASV7600,8.0
ASV7601,8.0
ASV7602,8.0
ASV7603,8.0
ASV7604,8.0
ASV7605,8.0
ASV7624,8.0
ASV7625,8.0
ASV7626,8.0
ASV7651,8.0
ASV7645,8.0
ASV7646,8.0
ASV7647,8.0
ASV7648,8.0
ASV7649,8.0
ASV7650,8.0
ASV7652,8.0
ASV7627,8.0
ASV7653,8.0
ASV7654,8.0
ASV7655,8.0
ASV7656,8.0
ASV7657,8.0
ASV7659,8.0
ASV7644,8.0
ASV7643,8.0
ASV7642,8.0
ASV7641,8.0
ASV7640,8.0
ASV7639,8.0
ASV7638,8.0
ASV7637,8.0
ASV7636,8.0
ASV7635,8.0
ASV7634,8.0
ASV7633,8.0
ASV7632,8.0
ASV7631,8.0
ASV7630,8.0
ASV7629,8.0
ASV7628,8.0
ASV7447,8.0
ASV7409,8.0
ASV7445,8.0
ASV7257,8.0
ASV7251,8.0
ASV7252,8.0
ASV7253,8.0
ASV7254,8.0
ASV7255,8.0
ASV7256,8.0
ASV7258,8.0
ASV7249,8.0
ASV7259,8.0
ASV7260,8.0
ASV7261,8.0
ASV7262,8.0
ASV7263,8.0
ASV7264,8.0
ASV7250,8.0
ASV7248,8.0
ASV7266,8.0
ASV7239,8.0
ASV7233,8.0
ASV7234,8.0
ASV7235,8.0
ASV7236,8.0
ASV7237,8.0
ASV7238,8.0
ASV7240,8.0
ASV7247,8.0
ASV7241,8.0
ASV7242,8.0
ASV7243,8.0
ASV7244,8.0
ASV7245,8.0
ASV7246,8.0
ASV7265,8.0
ASV7267,8.0
ASV7302,8.0
ASV7293,8.0
ASV7287,8.0
ASV7288,8.0
ASV7289,8.0
ASV7290,8.0
ASV7291,8.0
ASV7292,8.0
ASV7294,8.0
ASV7285,8.0
ASV7295,8.0
ASV7296,8.0
ASV7297,8.0
ASV7298,8.0
ASV7299,8.0
ASV7300,8.0
ASV7286,8.0
ASV7284,8.0
ASV7268,8.0
ASV7275,8.0
ASV7269,8.0
ASV7270,8.0
ASV7271,8.0
ASV7272,8.0
ASV7273,8.0
ASV7274,8.0
ASV7276,8.0
ASV7283,8.0
ASV7277,8.0
ASV7278,8.0
ASV7279,8.0
ASV7280,8.0
ASV7281,8.0
ASV7282,8.0
ASV7232,8.0
ASV7231,8.0
ASV7230,8.0
ASV7185,8.0
ASV7179,8.0
ASV7180,8.0
ASV7181,8.0
ASV7182,8.0
ASV7183,8.0
ASV7184,8.0
ASV7186,8.0
ASV7177,8.0
ASV7187,8.0
ASV7188,8.0
ASV7189,8.0
ASV7190,8.0
ASV7191,8.0
ASV7192,8.0
ASV7178,8.0
ASV7176,8.0
ASV7229,8.0
ASV7167,8.0
ASV7161,8.0
ASV7162,8.0
ASV7163,8.0
ASV7164,8.0
ASV7165,8.0
ASV7166,8.0
ASV7168,8.0
ASV7175,8.0
ASV7169,8.0
ASV7170,8.0
ASV7171,8.0
ASV7172,8.0
ASV7173,8.0
ASV7174,8.0
ASV7193,8.0
ASV7194,8.0
ASV7195,8.0
ASV7221,8.0
ASV7214,8.0
ASV7215,8.0
ASV7216,8.0
ASV7217,8.0
ASV7219,8.0
ASV7220,8.0
ASV7222,8.0
ASV7196,8.0
ASV7223,8.0
ASV7224,8.0
ASV7225,8.0
ASV7226,8.0
ASV7227,8.0
ASV7228,8.0
ASV7213,8.0
ASV7212,8.0
ASV7211,8.0
ASV7210,8.0
ASV7209,8.0
ASV7208,8.0
ASV7207,8.0
ASV7206,8.0
ASV7205,8.0
ASV7204,8.0
ASV7203,8.0
ASV7202,8.0
ASV7201,8.0
ASV7200,8.0
ASV7199,8.0
ASV7198,8.0
ASV7197,8.0
ASV7301,8.0
ASV7218,8.0
ASV7303,8.0
ASV7400,8.0
ASV7394,8.0
ASV7395,8.0
ASV7396,8.0
ASV7397,8.0
ASV7398,8.0
ASV7399,8.0
ASV7401,8.0
ASV7392,8.0
ASV7402,8.0
ASV7403,8.0
ASV7404,8.0
ASV7405,8.0
ASV7406,8.0
ASV7407,8.0
ASV7393,8.0
ASV7391,8.0
ASV7444,8.0
ASV7382,8.0
ASV7376,8.0
ASV7377,8.0
ASV7378,8.0
ASV7379,8.0
ASV7380,8.0
ASV7381,8.0
ASV7383,8.0
ASV7390,8.0
ASV7384,8.0
ASV7385,8.0
ASV7386,8.0
ASV7387,8.0
ASV7388,8.0
ASV7389,8.0
ASV7408,8.0
ASV7410,8.0
ASV7374,8.0
ASV7437,8.0
ASV7431,8.0
ASV7432,8.0
ASV7433,8.0
ASV7434,8.0
ASV7435,8.0
ASV7436,8.0
ASV7438,8.0
ASV7429,8.0
ASV7439,8.0
ASV7440,8.0
ASV7441,8.0
ASV7442,8.0
ASV7443,8.0
ASV7304,8.0
ASV7430,8.0
ASV7428,8.0
ASV7411,8.0
ASV7419,8.0
ASV7412,8.0
ASV7413,8.0
ASV7414,8.0
ASV7416,8.0
ASV7417,8.0
ASV7418,8.0
ASV7420,8.0
ASV7427,8.0
ASV7421,8.0
ASV7422,8.0
ASV7423,8.0
ASV7424,8.0
ASV7425,8.0
ASV7426,8.0
ASV7375,8.0
ASV7415,8.0
ASV7373,8.0
ASV7329,8.0
ASV7323,8.0
ASV7324,8.0
ASV7325,8.0
ASV7326,8.0
ASV7327,8.0
ASV7328,8.0
ASV7330,8.0
ASV7321,8.0
ASV7331,8.0
ASV7332,8.0
ASV7333,8.0
ASV7334,8.0
ASV7335,8.0
ASV7336,8.0
ASV7322,8.0
ASV7319,8.0
ASV7338,8.0
ASV7310,8.0
ASV7305,8.0
ASV7372,8.0
ASV7306,8.0
ASV7307,8.0
ASV7308,8.0
ASV7309,8.0
ASV7311,8.0
ASV7318,8.0
ASV7312,8.0
ASV7313,8.0
ASV7314,8.0
ASV7315,8.0
ASV7316,8.0
ASV7317,8.0
ASV7337,8.0
ASV7320,8.0
ASV7339,8.0
ASV7365,8.0
ASV7358,8.0
ASV7359,8.0
ASV7360,8.0
ASV7361,8.0
ASV7363,8.0
ASV7364,8.0
ASV7366,8.0
ASV7356,8.0
ASV7367,8.0
ASV7368,8.0
ASV7369,8.0
ASV7340,8.0
ASV7370,8.0
ASV7371,8.0
ASV7357,8.0
ASV7362,8.0
ASV7355,8.0
ASV7349,8.0
ASV7343,8.0
ASV7341,8.0
ASV7344,8.0
ASV7345,8.0
ASV7347,8.0
ASV7348,8.0
ASV7346,8.0
ASV7350,8.0
ASV7351,8.0
ASV7352,8.0
ASV7353,8.0
ASV7354,8.0
ASV7342,8.0
ASV8186,7.0
ASV8185,7.0
ASV8193,7.0
ASV8187,7.0
ASV8188,7.0
ASV8189,7.0
ASV8190,7.0
ASV8191,7.0
ASV8192,7.0
ASV8198,7.0
ASV8194,7.0
ASV8195,7.0
ASV8196,7.0
ASV8197,7.0
ASV8201,7.0
ASV8199,7.0
ASV8202,7.0
ASV8183,7.0
ASV8200,7.0
ASV8184,7.0
ASV8168,7.0
ASV8182,7.0
ASV8171,7.0
ASV8164,7.0
ASV8204,7.0
ASV8163,7.0
ASV8165,7.0
ASV8166,7.0
ASV8167,7.0
ASV8169,7.0
ASV8170,7.0
ASV8172,7.0
ASV8181,7.0
ASV8173,7.0
ASV8174,7.0
ASV8175,7.0
ASV8176,7.0
ASV8177,7.0
ASV8178,7.0
ASV8179,7.0
ASV8180,7.0
ASV8203,7.0
ASV8237,7.0
ASV8205,7.0
ASV8236,7.0
ASV8228,7.0
ASV8229,7.0
ASV8230,7.0
ASV8231,7.0
ASV8232,7.0
ASV8233,7.0
ASV8234,7.0
ASV8235,7.0
ASV8238,7.0
ASV8206,7.0
ASV8239,7.0
ASV8240,7.0
ASV8241,7.0
ASV8242,7.0
ASV8243,7.0
ASV8244,7.0
ASV8161,7.0
ASV8245,7.0
ASV8227,7.0
ASV8226,7.0
ASV8225,7.0
ASV8224,7.0
ASV8207,7.0
ASV8208,7.0
ASV8209,7.0
ASV8210,7.0
ASV8211,7.0
ASV8212,7.0
ASV8213,7.0
ASV8214,7.0
ASV8215,7.0
ASV8216,7.0
ASV8217,7.0
ASV8218,7.0
ASV8219,7.0
ASV8220,7.0
ASV8221,7.0
ASV8222,7.0
ASV8223,7.0
ASV8162,7.0
ASV8090,7.0
ASV8160,7.0
ASV8105,7.0
ASV8097,7.0
ASV8098,7.0
ASV8099,7.0
ASV8100,7.0
ASV8101,7.0
ASV8102,7.0
ASV8103,7.0
ASV8104,7.0
ASV8106,7.0
ASV8116,7.0
ASV8107,7.0
ASV8108,7.0
ASV8109,7.0
ASV8110,7.0
ASV8111,7.0
ASV8112,7.0
ASV8113,7.0
ASV8114,7.0
ASV8096,7.0
ASV8095,7.0
ASV8094,7.0
ASV8093,7.0
ASV8247,7.0
ASV8076,7.0
ASV8077,7.0
ASV8078,7.0
ASV8079,7.0
ASV8080,7.0
ASV8081,7.0
ASV8082,7.0
ASV8083,7.0
ASV8084,7.0
ASV8085,7.0
ASV8086,7.0
ASV8087,7.0
ASV8088,7.0
ASV8089,7.0
ASV8091,7.0
ASV8092,7.0
ASV8115,7.0
ASV8117,7.0
ASV8159,7.0
ASV8149,7.0
ASV8141,7.0
ASV8142,7.0
ASV8143,7.0
ASV8144,7.0
ASV8145,7.0
ASV8146,7.0
ASV8147,7.0
ASV8148,7.0
ASV8150,7.0
ASV8118,7.0
ASV8151,7.0
ASV8152,7.0
ASV8153,7.0
ASV8154,7.0
ASV8155,7.0
ASV8156,7.0
ASV8157,7.0
ASV8158,7.0
ASV8140,7.0
ASV8139,7.0
ASV8138,7.0
ASV8137,7.0
ASV8119,7.0
ASV8120,7.0
ASV8121,7.0
ASV8122,7.0
ASV8123,7.0
ASV8124,7.0
ASV8125,7.0
ASV8126,7.0
ASV8127,7.0
ASV8128,7.0
ASV8129,7.0
ASV8130,7.0
ASV8132,7.0
ASV8133,7.0
ASV8134,7.0
ASV8135,7.0
ASV8136,7.0
ASV8246,7.0
ASV8389,7.0
ASV8248,7.0
ASV8365,7.0
ASV8357,7.0
ASV8358,7.0
ASV8359,7.0
ASV8360,7.0
ASV8361,7.0
ASV8362,7.0
ASV8363,7.0
ASV8364,7.0
ASV8366,7.0
ASV8376,7.0
ASV8367,7.0
ASV8368,7.0
ASV8369,7.0
ASV8370,7.0
ASV8371,7.0
ASV8372,7.0
ASV8373,7.0
ASV8374,7.0
ASV8356,7.0
ASV8355,7.0
ASV8354,7.0
ASV8353,7.0
ASV8336,7.0
ASV8337,7.0
ASV8338,7.0
ASV8339,7.0
ASV8340,7.0
ASV8341,7.0
ASV8342,7.0
ASV8343,7.0
ASV8344,7.0
ASV8345,7.0
ASV8346,7.0
ASV8347,7.0
ASV8348,7.0
ASV8349,7.0
ASV8350,7.0
ASV8351,7.0
ASV8352,7.0
ASV8375,7.0
ASV8377,7.0
ASV8334,7.0
ASV8408,7.0
ASV8400,7.0
ASV8401,7.0
ASV8402,7.0
ASV8403,7.0
ASV8404,7.0
ASV8405,7.0
ASV8406,7.0
ASV8407,7.0
ASV8409,7.0
ASV8378,7.0
ASV8410,7.0
ASV8411,7.0
ASV8412,7.0
ASV8413,7.0
ASV8414,7.0
ASV8415,7.0
ASV8416,7.0
ASV8417,7.0
ASV8399,7.0
ASV8398,7.0
ASV8397,7.0
ASV8396,7.0
ASV8379,7.0
ASV8380,7.0
ASV8381,7.0
ASV8382,7.0
ASV8383,7.0
ASV8384,7.0
ASV8385,7.0
ASV8386,7.0
ASV8387,7.0
ASV8388,7.0
ASV8074,7.0
ASV8390,7.0
ASV8391,7.0
ASV8392,7.0
ASV8393,7.0
ASV8394,7.0
ASV8395,7.0
ASV8335,7.0
ASV8333,7.0
ASV8249,7.0
ASV8279,7.0
ASV8271,7.0
ASV8272,7.0
ASV8273,7.0
ASV8274,7.0
ASV8275,7.0
ASV8276,7.0
ASV8277,7.0
ASV8278,7.0
ASV8280,7.0
ASV8290,7.0
ASV8281,7.0
ASV8282,7.0
ASV8283,7.0
ASV8284,7.0
ASV8285,7.0
ASV8286,7.0
ASV8287,7.0
ASV8288,7.0
ASV8270,7.0
ASV8269,7.0
ASV8268,7.0
ASV8267,7.0
ASV8250,7.0
ASV8251,7.0
ASV8252,7.0
ASV8253,7.0
ASV8254,7.0
ASV8255,7.0
ASV8256,7.0
ASV8257,7.0
ASV8258,7.0
ASV8259,7.0
ASV8260,7.0
ASV8261,7.0
ASV8262,7.0
ASV8263,7.0
ASV8264,7.0
ASV8265,7.0
ASV8266,7.0
ASV8289,7.0
ASV8291,7.0
ASV8332,7.0
ASV8322,7.0
ASV8314,7.0
ASV8315,7.0
ASV8316,7.0
ASV8317,7.0
ASV8318,7.0
ASV8319,7.0
ASV8320,7.0
ASV8321,7.0
ASV8323,7.0
ASV8292,7.0
ASV8324,7.0
ASV8325,7.0
ASV8326,7.0
ASV8327,7.0
ASV8328,7.0
ASV8329,7.0
ASV8330,7.0
ASV8331,7.0
ASV8313,7.0
ASV8312,7.0
ASV8311,7.0
ASV8310,7.0
ASV8293,7.0
ASV8294,7.0
ASV8295,7.0
ASV8296,7.0
ASV8297,7.0
ASV8298,7.0
ASV8299,7.0
ASV8300,7.0
ASV8301,7.0
ASV8302,7.0
ASV8303,7.0
ASV8304,7.0
ASV8305,7.0
ASV8306,7.0
ASV8307,7.0
ASV8308,7.0
ASV8309,7.0
ASV8075,7.0
ASV8131,7.0
ASV8073,7.0
ASV7847,7.0
ASV7839,7.0
ASV7840,7.0
ASV7841,7.0
ASV7842,7.0
ASV7843,7.0
ASV7844,7.0
ASV7845,7.0
ASV7846,7.0
ASV7848,7.0
ASV7837,7.0
ASV7849,7.0
ASV7850,7.0
ASV7851,7.0
ASV7852,7.0
ASV7853,7.0
ASV7854,7.0
ASV7855,7.0
ASV7856,7.0
ASV7838,7.0
ASV7836,7.0
ASV7901,7.0
ASV7825,7.0
ASV7817,7.0
ASV7818,7.0
ASV7819,7.0
ASV7820,7.0
ASV7821,7.0
ASV7822,7.0
ASV7823,7.0
ASV7824,7.0
ASV7826,7.0
ASV7835,7.0
ASV7827,7.0
ASV7828,7.0
ASV7829,7.0
ASV7830,7.0
ASV7831,7.0
ASV7832,7.0
ASV7833,7.0
ASV7834,7.0
ASV7857,7.0
ASV7858,7.0
ASV7859,7.0
ASV7890,7.0
ASV7882,7.0
ASV7883,7.0
ASV7884,7.0
ASV7885,7.0
ASV7886,7.0
ASV7887,7.0
ASV7888,7.0
ASV7889,7.0
ASV7891,7.0
ASV7860,7.0
ASV7892,7.0
ASV7893,7.0
ASV7894,7.0
ASV7895,7.0
ASV7896,7.0
ASV7897,7.0
ASV7898,7.0
ASV7899,7.0
ASV7881,7.0
ASV7880,7.0
ASV7879,7.0
ASV7878,7.0
ASV7861,7.0
ASV7862,7.0
ASV7863,7.0
ASV7864,7.0
ASV7865,7.0
ASV7866,7.0
ASV7867,7.0
ASV7868,7.0
ASV7869,7.0
ASV7870,7.0
ASV7871,7.0
ASV7872,7.0
ASV7873,7.0
ASV7874,7.0
ASV7875,7.0
ASV7876,7.0
ASV7877,7.0
ASV7816,7.0
ASV7815,7.0
ASV7814,7.0
ASV7759,7.0
ASV7751,7.0
ASV7752,7.0
ASV7753,7.0
ASV7754,7.0
ASV7755,7.0
ASV7756,7.0
ASV7757,7.0
ASV7758,7.0
ASV7760,7.0
ASV7770,7.0
ASV7761,7.0
ASV7762,7.0
ASV7763,7.0
ASV7764,7.0
ASV7765,7.0
ASV7766,7.0
ASV7767,7.0
ASV7768,7.0
ASV7750,7.0
ASV7749,7.0
ASV7748,7.0
ASV7747,7.0
ASV8072,7.0
ASV7731,7.0
ASV7732,7.0
ASV7733,7.0
ASV7734,7.0
ASV7735,7.0
ASV7736,7.0
ASV7737,7.0
ASV7738,7.0
ASV7739,7.0
ASV7740,7.0
ASV7741,7.0
ASV7742,7.0
ASV7743,7.0
ASV7744,7.0
ASV7745,7.0
ASV7746,7.0
ASV7769,7.0
ASV7771,7.0
ASV7813,7.0
ASV7802,7.0
ASV7794,7.0
ASV7795,7.0
ASV7796,7.0
ASV7797,7.0
ASV7798,7.0
ASV7799,7.0
ASV7800,7.0
ASV7801,7.0
ASV7804,7.0
ASV7772,7.0
ASV7805,7.0
ASV7806,7.0
ASV7807,7.0
ASV7808,7.0
ASV7809,7.0
ASV7810,7.0
ASV7811,7.0
ASV7812,7.0
ASV7793,7.0
ASV7792,7.0
ASV7791,7.0
ASV7790,7.0
ASV7773,7.0
ASV7774,7.0
ASV7775,7.0
ASV7776,7.0
ASV7777,7.0
ASV7778,7.0
ASV7779,7.0
ASV7780,7.0
ASV7781,7.0
ASV7782,7.0
ASV7783,7.0
ASV7784,7.0
ASV7785,7.0
ASV7786,7.0
ASV7787,7.0
ASV7788,7.0
ASV7789,7.0
ASV7900,7.0
ASV7803,7.0
ASV7902,7.0
ASV8019,7.0
ASV8011,7.0
ASV8012,7.0
ASV8013,7.0
ASV8014,7.0
ASV8015,7.0
ASV8016,7.0
ASV8017,7.0
ASV8018,7.0
ASV8020,7.0
ASV8030,7.0
ASV8021,7.0
ASV8022,7.0
ASV8023,7.0
ASV8024,7.0
ASV8025,7.0
ASV8026,7.0
ASV8027,7.0
ASV8028,7.0
ASV8010,7.0
ASV8009,7.0
ASV8008,7.0
ASV8007,7.0
ASV7990,7.0
ASV7991,7.0
ASV7992,7.0
ASV7993,7.0
ASV7994,7.0
ASV7995,7.0
ASV7996,7.0
ASV7997,7.0
ASV7998,7.0
ASV7999,7.0
ASV8000,7.0
ASV8001,7.0
ASV8002,7.0
ASV8003,7.0
ASV8004,7.0
ASV8005,7.0
ASV8006,7.0
ASV8029,7.0
ASV8031,7.0
ASV7988,7.0
ASV8063,7.0
ASV8055,7.0
ASV8056,7.0
ASV8057,7.0
ASV8058,7.0
ASV8059,7.0
ASV8060,7.0
ASV8061,7.0
ASV8062,7.0
ASV8064,7.0
ASV8032,7.0
ASV8065,7.0
ASV8066,7.0
ASV8067,7.0
ASV8068,7.0
ASV8069,7.0
ASV8070,7.0
ASV7903,7.0
ASV8071,7.0
ASV8054,7.0
ASV8053,7.0
ASV8052,7.0
ASV8051,7.0
ASV8033,7.0
ASV8035,7.0
ASV8036,7.0
ASV8037,7.0
ASV8038,7.0
ASV8039,7.0
ASV8040,7.0
ASV8041,7.0
ASV8042,7.0
ASV8043,7.0
ASV8044,7.0
ASV8045,7.0
ASV8046,7.0
ASV8047,7.0
ASV8048,7.0
ASV8049,7.0
ASV8050,7.0
ASV7989,7.0
ASV8034,7.0
ASV7987,7.0
ASV7934,7.0
ASV7926,7.0
ASV7927,7.0
ASV7928,7.0
ASV7929,7.0
ASV7930,7.0
ASV7931,7.0
ASV7932,7.0
ASV7933,7.0
ASV7935,7.0
ASV7923,7.0
ASV7936,7.0
ASV7937,7.0
ASV7938,7.0
ASV7939,7.0
ASV7940,7.0
ASV7941,7.0
ASV7942,7.0
ASV7943,7.0
ASV7925,7.0
ASV7922,7.0
ASV7945,7.0
ASV7911,7.0
ASV7904,7.0
ASV7905,7.0
ASV7986,7.0
ASV7906,7.0
ASV7907,7.0
ASV7908,7.0
ASV7909,7.0
ASV7910,7.0
ASV7912,7.0
ASV7921,7.0
ASV7913,7.0
ASV7914,7.0
ASV7915,7.0
ASV7916,7.0
ASV7917,7.0
ASV7918,7.0
ASV7919,7.0
ASV7920,7.0
ASV7944,7.0
ASV7924,7.0
ASV7946,7.0
ASV7977,7.0
ASV7968,7.0
ASV7969,7.0
ASV7970,7.0
ASV7971,7.0
ASV7972,7.0
ASV7973,7.0
ASV7975,7.0
ASV7976,7.0
ASV7978,7.0
ASV7966,7.0
ASV7979,7.0
ASV7980,7.0
ASV7981,7.0
ASV7982,7.0
ASV7947,7.0
ASV7983,7.0
ASV7984,7.0
ASV7985,7.0
ASV7967,7.0
ASV7974,7.0
ASV7955,7.0
ASV7950,7.0
ASV7951,7.0
ASV7952,7.0
ASV7953,7.0
ASV7954,7.0
ASV7956,7.0
ASV7957,7.0
ASV7948,7.0
ASV7958,7.0
ASV7949,7.0
ASV7959,7.0
ASV7960,7.0
ASV7961,7.0
ASV7962,7.0
ASV7963,7.0
ASV7964,7.0
ASV7965,7.0
ASV8951,6.0
ASV8950,6.0
ASV8949,6.0
ASV8963,6.0
ASV8948,6.0
ASV8947,6.0
ASV8953,6.0
ASV8946,6.0
ASV8945,6.0
ASV8952,6.0
ASV8960,6.0
ASV8954,6.0
ASV8955,6.0
ASV8956,6.0
ASV8965,6.0
ASV8957,6.0
ASV8958,6.0
ASV8959,6.0
ASV8961,6.0
ASV8962,6.0
ASV8943,6.0
ASV8964,6.0
ASV8944,6.0
ASV8925,6.0
ASV8942,6.0
ASV8929,6.0
ASV8921,6.0
ASV8920,6.0
ASV8967,6.0
ASV8919,6.0
ASV8922,6.0
ASV8923,6.0
ASV8924,6.0
ASV8926,6.0
ASV8927,6.0
ASV8928,6.0
ASV8930,6.0
ASV8941,6.0
ASV8931,6.0
ASV8932,6.0
ASV8933,6.0
ASV8934,6.0
ASV8935,6.0
ASV8936,6.0
ASV8937,6.0
ASV8938,6.0
ASV8939,6.0
ASV8940,6.0
ASV8966,6.0
ASV9007,6.0
ASV8968,6.0
ASV8993,6.0
ASV8995,6.0
ASV8996,6.0
ASV8997,6.0
ASV8998,6.0
ASV8999,6.0
ASV9000,6.0
ASV9001,6.0
ASV9002,6.0
ASV9003,6.0
ASV9004,6.0
ASV9005,6.0
ASV9006,6.0
ASV9008,6.0
ASV9009,6.0
ASV9010,6.0
ASV9011,6.0
ASV9012,6.0
ASV9013,6.0
ASV8917,6.0
ASV9014,6.0
ASV9015,6.0
ASV8994,6.0
ASV8992,6.0
ASV8969,6.0
ASV8991,6.0
ASV8970,6.0
ASV8971,6.0
ASV8972,6.0
ASV8973,6.0
ASV8974,6.0
ASV8975,6.0
ASV8976,6.0
ASV8977,6.0
ASV8978,6.0
ASV8979,6.0
ASV8980,6.0
ASV8981,6.0
ASV8982,6.0
ASV8983,6.0
ASV8984,6.0
ASV8985,6.0
ASV8986,6.0
ASV8987,6.0
ASV8988,6.0
ASV8989,6.0
ASV8990,6.0
ASV8918,6.0
ASV8833,6.0
ASV8916,6.0
ASV8842,6.0
ASV8844,6.0
ASV8845,6.0
ASV8846,6.0
ASV8847,6.0
ASV8848,6.0
ASV8849,6.0
ASV8850,6.0
ASV8851,6.0
ASV8852,6.0
ASV8853,6.0
ASV8854,6.0
ASV8855,6.0
ASV8856,6.0
ASV8857,6.0
ASV8858,6.0
ASV8859,6.0
ASV8860,6.0
ASV8861,6.0
ASV8862,6.0
ASV8863,6.0
ASV8864,6.0
ASV8843,6.0
ASV8841,6.0
ASV8866,6.0
ASV8840,6.0
ASV9017,6.0
ASV8819,6.0
ASV8820,6.0
ASV8821,6.0
ASV8822,6.0
ASV8823,6.0
ASV8824,6.0
ASV8825,6.0
ASV8826,6.0
ASV8827,6.0
ASV8828,6.0
ASV8829,6.0
ASV8830,6.0
ASV8831,6.0
ASV8832,6.0
ASV8834,6.0
ASV8835,6.0
ASV8836,6.0
ASV8837,6.0
ASV8838,6.0
ASV8839,6.0
ASV8865,6.0
ASV8867,6.0
ASV8915,6.0
ASV8892,6.0
ASV8894,6.0
ASV8895,6.0
ASV8896,6.0
ASV8897,6.0
ASV8898,6.0
ASV8899,6.0
ASV8900,6.0
ASV8901,6.0
ASV8902,6.0
ASV8903,6.0
ASV8904,6.0
ASV8905,6.0
ASV8906,6.0
ASV8907,6.0
ASV8908,6.0
ASV8909,6.0
ASV8910,6.0
ASV8911,6.0
ASV8912,6.0
ASV8913,6.0
ASV8914,6.0
ASV8893,6.0
ASV8891,6.0
ASV8868,6.0
ASV8890,6.0
ASV8869,6.0
ASV8870,6.0
ASV8871,6.0
ASV8872,6.0
ASV8873,6.0
ASV8874,6.0
ASV8875,6.0
ASV8876,6.0
ASV8877,6.0
ASV8878,6.0
ASV8879,6.0
ASV8880,6.0
ASV8881,6.0
ASV8882,6.0
ASV8883,6.0
ASV8884,6.0
ASV8885,6.0
ASV8886,6.0
ASV8887,6.0
ASV8888,6.0
ASV8889,6.0
ASV9016,6.0
ASV9188,6.0
ASV9018,6.0
ASV9154,6.0
ASV9144,6.0
ASV9145,6.0
ASV9146,6.0
ASV9147,6.0
ASV9148,6.0
ASV9149,6.0
ASV9150,6.0
ASV9151,6.0
ASV9152,6.0
ASV9153,6.0
ASV9155,6.0
ASV9019,6.0
ASV9156,6.0
ASV9157,6.0
ASV9158,6.0
ASV9159,6.0
ASV9160,6.0
ASV9161,6.0
ASV9162,6.0
ASV9163,6.0
ASV9164,6.0
ASV9165,6.0
ASV9143,6.0
ASV9142,6.0
ASV9141,6.0
ASV9140,6.0
ASV9119,6.0
ASV9120,6.0
ASV9121,6.0
ASV9122,6.0
ASV9123,6.0
ASV9124,6.0
ASV9125,6.0
ASV9126,6.0
ASV9127,6.0
ASV9128,6.0
ASV9129,6.0
ASV9130,6.0
ASV9131,6.0
ASV9132,6.0
ASV9133,6.0
ASV9134,6.0
ASV9135,6.0
ASV9136,6.0
ASV9137,6.0
ASV9138,6.0
ASV9139,6.0
ASV9166,6.0
ASV9167,6.0
ASV9168,6.0
ASV9194,6.0
ASV9196,6.0
ASV9197,6.0
ASV9198,6.0
ASV9199,6.0
ASV9200,6.0
ASV9201,6.0
ASV9202,6.0
ASV9203,6.0
ASV9204,6.0
ASV9205,6.0
ASV9206,6.0
ASV9207,6.0
ASV9208,6.0
ASV9209,6.0
ASV9210,6.0
ASV9211,6.0
ASV9212,6.0
ASV9213,6.0
ASV9214,6.0
ASV9215,6.0
ASV8817,6.0
ASV9195,6.0
ASV9193,6.0
ASV9169,6.0
ASV9192,6.0
ASV9170,6.0
ASV9171,6.0
ASV9172,6.0
ASV9173,6.0
ASV9174,6.0
ASV9175,6.0
ASV9176,6.0
ASV9177,6.0
ASV9178,6.0
ASV9179,6.0
ASV9180,6.0
ASV9181,6.0
ASV9182,6.0
ASV9183,6.0
ASV9184,6.0
ASV9185,6.0
ASV9186,6.0
ASV9187,6.0
ASV9189,6.0
ASV9190,6.0
ASV9191,6.0
ASV9118,6.0
ASV9117,6.0
ASV9116,6.0
ASV9043,6.0
ASV9045,6.0
ASV9046,6.0
ASV9047,6.0
ASV9048,6.0
ASV9049,6.0
ASV9050,6.0
ASV9051,6.0
ASV9052,6.0
ASV9053,6.0
ASV9054,6.0
ASV9216,6.0
ASV9055,6.0
ASV9056,6.0
ASV9057,6.0
ASV9058,6.0
ASV9059,6.0
ASV9060,6.0
ASV9061,6.0
ASV9062,6.0
ASV9063,6.0
ASV9064,6.0
ASV9044,6.0
ASV9042,6.0
ASV9066,6.0
ASV9041,6.0
ASV9020,6.0
ASV9021,6.0
ASV9022,6.0
ASV9023,6.0
ASV9024,6.0
ASV9025,6.0
ASV9026,6.0
ASV9027,6.0
ASV9028,6.0
ASV9029,6.0
ASV9030,6.0
ASV9031,6.0
ASV9032,6.0
ASV9033,6.0
ASV9034,6.0
ASV9035,6.0
ASV9036,6.0
ASV9037,6.0
ASV9038,6.0
ASV9039,6.0
ASV9040,6.0
ASV9065,6.0
ASV9067,6.0
ASV9115,6.0
ASV9092,6.0
ASV9094,6.0
ASV9095,6.0
ASV9096,6.0
ASV9097,6.0
ASV9098,6.0
ASV9099,6.0
ASV9100,6.0
ASV9101,6.0
ASV9102,6.0
ASV9103,6.0
ASV9104,6.0
ASV9105,6.0
ASV9106,6.0
ASV9107,6.0
ASV9108,6.0
ASV9109,6.0
ASV9110,6.0
ASV9111,6.0
ASV9112,6.0
ASV9113,6.0
ASV9114,6.0
ASV9093,6.0
ASV9091,6.0
ASV9068,6.0
ASV9090,6.0
ASV9069,6.0
ASV9070,6.0
ASV9071,6.0
ASV9072,6.0
ASV9073,6.0
ASV9074,6.0
ASV9075,6.0
ASV9076,6.0
ASV9077,6.0
ASV9078,6.0
ASV9079,6.0
ASV9080,6.0
ASV9081,6.0
ASV9082,6.0
ASV9083,6.0
ASV9084,6.0
ASV9085,6.0
ASV9086,6.0
ASV9087,6.0
ASV9088,6.0
ASV9089,6.0
ASV8818,6.0
ASV8579,6.0
ASV8816,6.0
ASV8541,6.0
ASV8543,6.0
ASV8544,6.0
ASV8545,6.0
ASV8546,6.0
ASV8547,6.0
ASV8548,6.0
ASV8549,6.0
ASV8550,6.0
ASV8551,6.0
ASV8552,6.0
ASV8553,6.0
ASV8554,6.0
ASV8555,6.0
ASV8556,6.0
ASV8557,6.0
ASV8558,6.0
ASV8559,6.0
ASV8560,6.0
ASV8561,6.0
ASV8562,6.0
ASV8563,6.0
ASV8542,6.0
ASV8540,6.0
ASV8565,6.0
ASV8539,6.0
ASV8518,6.0
ASV8519,6.0
ASV8520,6.0
ASV8521,6.0
ASV8522,6.0
ASV8523,6.0
ASV8524,6.0
ASV8525,6.0
ASV8526,6.0
ASV8527,6.0
ASV8528,6.0
ASV8529,6.0
ASV8530,6.0
ASV8531,6.0
ASV8532,6.0
ASV8533,6.0
ASV8534,6.0
ASV8535,6.0
ASV8536,6.0
ASV8537,6.0
ASV8538,6.0
ASV8564,6.0
ASV8566,6.0
ASV8516,6.0
ASV8592,6.0
ASV8594,6.0
ASV8595,6.0
ASV8596,6.0
ASV8597,6.0
ASV8598,6.0
ASV8599,6.0
ASV8600,6.0
ASV8601,6.0
ASV8602,6.0
ASV8603,6.0
ASV8604,6.0
ASV8605,6.0
ASV8606,6.0
ASV8607,6.0
ASV8608,6.0
ASV8609,6.0
ASV8610,6.0
ASV8611,6.0
ASV8612,6.0
ASV8613,6.0
ASV8614,6.0
ASV8593,6.0
ASV8591,6.0
ASV8567,6.0
ASV8590,6.0
ASV8568,6.0
ASV8569,6.0
ASV8570,6.0
ASV8571,6.0
ASV8572,6.0
ASV8573,6.0
ASV8574,6.0
ASV8575,6.0
ASV8576,6.0
ASV8577,6.0
ASV8578,6.0
ASV8580,6.0
ASV8581,6.0
ASV8582,6.0
ASV8583,6.0
ASV8584,6.0
ASV8585,6.0
ASV8586,6.0
ASV8587,6.0
ASV8588,6.0
ASV8589,6.0
ASV8517,6.0
ASV8515,6.0
ASV8616,6.0
ASV8440,6.0
ASV8442,6.0
ASV8443,6.0
ASV8444,6.0
ASV8445,6.0
ASV8446,6.0
ASV8447,6.0
ASV8448,6.0
ASV8449,6.0
ASV8450,6.0
ASV8451,6.0
ASV8452,6.0
ASV8453,6.0
ASV8454,6.0
ASV8455,6.0
ASV8456,6.0
ASV8457,6.0
ASV8458,6.0
ASV8459,6.0
ASV8460,6.0
ASV8461,6.0
ASV8462,6.0
ASV8441,6.0
ASV8439,6.0
ASV8464,6.0
ASV8438,6.0
ASV8815,6.0
ASV8418,6.0
ASV8419,6.0
ASV8420,6.0
ASV8421,6.0
ASV8422,6.0
ASV8423,6.0
ASV8424,6.0
ASV8425,6.0
ASV8426,6.0
ASV8427,6.0
ASV8428,6.0
ASV8429,6.0
ASV8430,6.0
ASV8431,6.0
ASV8432,6.0
ASV8433,6.0
ASV8434,6.0
ASV8435,6.0
ASV8436,6.0
ASV8437,6.0
ASV8463,6.0
ASV8465,6.0
ASV8514,6.0
ASV8490,6.0
ASV8493,6.0
ASV8494,6.0
ASV8495,6.0
ASV8496,6.0
ASV8497,6.0
ASV8498,6.0
ASV8499,6.0
ASV8500,6.0
ASV8501,6.0
ASV8502,6.0
ASV8503,6.0
ASV8504,6.0
ASV8505,6.0
ASV8506,6.0
ASV8507,6.0
ASV8508,6.0
ASV8509,6.0
ASV8510,6.0
ASV8511,6.0
ASV8512,6.0
ASV8513,6.0
ASV8491,6.0
ASV8489,6.0
ASV8466,6.0
ASV8488,6.0
ASV8467,6.0
ASV8468,6.0
ASV8469,6.0
ASV8470,6.0
ASV8471,6.0
ASV8472,6.0
ASV8473,6.0
ASV8474,6.0
ASV8475,6.0
ASV8476,6.0
ASV8477,6.0
ASV8478,6.0
ASV8479,6.0
ASV8480,6.0
ASV8481,6.0
ASV8482,6.0
ASV8483,6.0
ASV8484,6.0
ASV8485,6.0
ASV8486,6.0
ASV8487,6.0
ASV8615,6.0
ASV8492,6.0
ASV8617,6.0
ASV8742,6.0
ASV8744,6.0
ASV8745,6.0
ASV8746,6.0
ASV8747,6.0
ASV8748,6.0
ASV8749,6.0
ASV8750,6.0
ASV8751,6.0
ASV8752,6.0
ASV8753,6.0
ASV8754,6.0
ASV8755,6.0
ASV8756,6.0
ASV8757,6.0
ASV8758,6.0
ASV8759,6.0
ASV8760,6.0
ASV8761,6.0
ASV8762,6.0
ASV8763,6.0
ASV8764,6.0
ASV8743,6.0
ASV8741,6.0
ASV8766,6.0
ASV8740,6.0
ASV8719,6.0
ASV8720,6.0
ASV8721,6.0
ASV8722,6.0
ASV8723,6.0
ASV8724,6.0
ASV8725,6.0
ASV8726,6.0
ASV8727,6.0
ASV8728,6.0
ASV8729,6.0
ASV8730,6.0
ASV8731,6.0
ASV8732,6.0
ASV8733,6.0
ASV8734,6.0
ASV8735,6.0
ASV8736,6.0
ASV8737,6.0
ASV8738,6.0
ASV8739,6.0
ASV8765,6.0
ASV8767,6.0
ASV8717,6.0
ASV8793,6.0
ASV8795,6.0
ASV8796,6.0
ASV8797,6.0
ASV8798,6.0
ASV8799,6.0
ASV8800,6.0
ASV8801,6.0
ASV8802,6.0
ASV8803,6.0
ASV8804,6.0
ASV8805,6.0
ASV8806,6.0
ASV8807,6.0
ASV8808,6.0
ASV8809,6.0
ASV8810,6.0
ASV8811,6.0
ASV8812,6.0
ASV8813,6.0
ASV8618,6.0
ASV8814,6.0
ASV8794,6.0
ASV8792,6.0
ASV8768,6.0
ASV8791,6.0
ASV8769,6.0
ASV8770,6.0
ASV8771,6.0
ASV8772,6.0
ASV8773,6.0
ASV8774,6.0
ASV8775,6.0
ASV8777,6.0
ASV8778,6.0
ASV8779,6.0
ASV8780,6.0
ASV8781,6.0
ASV8782,6.0
ASV8783,6.0
ASV8784,6.0
ASV8785,6.0
ASV8786,6.0
ASV8787,6.0
ASV8788,6.0
ASV8789,6.0
ASV8790,6.0
ASV8718,6.0
ASV8776,6.0
ASV8716,6.0
ASV8654,6.0
ASV8644,6.0
ASV8645,6.0
ASV8646,6.0
ASV8647,6.0
ASV8648,6.0
ASV8649,6.0
ASV8650,6.0
ASV8651,6.0
ASV8652,6.0
ASV8653,6.0
ASV8655,6.0
ASV8667,6.0
ASV8656,6.0
ASV8657,6.0
ASV8658,6.0
ASV8659,6.0
ASV8660,6.0
ASV8661,6.0
ASV8662,6.0
ASV8663,6.0
ASV8664,6.0
ASV8665,6.0
ASV8643,6.0
ASV8642,6.0
ASV8641,6.0
ASV8640,6.0
ASV8619,6.0
ASV8620,6.0
ASV8715,6.0
ASV8621,6.0
ASV8622,6.0
ASV8623,6.0
ASV8624,6.0
ASV8625,6.0
ASV8626,6.0
ASV8627,6.0
ASV8628,6.0
ASV8629,6.0
ASV8630,6.0
ASV8631,6.0
ASV8632,6.0
ASV8633,6.0
ASV8634,6.0
ASV8635,6.0
ASV8636,6.0
ASV8637,6.0
ASV8638,6.0
ASV8666,6.0
ASV8639,6.0
ASV8668,6.0
ASV8692,6.0
ASV8694,6.0
ASV8695,6.0
ASV8696,6.0
ASV8697,6.0
ASV8698,6.0
ASV8699,6.0
ASV8700,6.0
ASV8701,6.0
ASV8702,6.0
ASV8704,6.0
ASV8705,6.0
ASV8706,6.0
ASV8707,6.0
ASV8708,6.0
ASV8709,6.0
ASV8710,6.0
ASV8711,6.0
ASV8669,6.0
ASV8714,6.0
ASV8712,6.0
ASV8713,6.0
ASV8693,6.0
ASV8703,6.0
ASV8691,6.0
ASV8681,6.0
ASV8672,6.0
ASV8673,6.0
ASV8690,6.0
ASV8674,6.0
ASV8675,6.0
ASV8676,6.0
ASV8678,6.0
ASV8679,6.0
ASV8680,6.0
ASV8670,6.0
ASV8677,6.0
ASV8682,6.0
ASV8686,6.0
ASV8689,6.0
ASV8683,6.0
ASV8688,6.0
ASV8687,6.0
ASV8671,6.0
ASV8685,6.0
ASV8684,6.0
ASV9874,5.0
ASV9884,5.0
ASV9875,5.0
ASV9876,5.0
ASV9878,5.0
ASV9879,5.0
ASV9880,5.0
ASV9873,5.0
ASV9872,5.0
ASV9881,5.0
ASV9882,5.0
ASV9883,5.0
ASV9877,5.0
ASV9892,5.0
ASV9885,5.0
ASV9886,5.0
ASV9887,5.0
ASV9888,5.0
ASV9889,5.0
ASV9890,5.0
ASV9891,5.0
ASV9893,5.0
ASV9894,5.0
ASV9895,5.0
ASV9898,5.0
ASV9870,5.0
ASV9896,5.0
ASV9897,5.0
ASV9871,5.0
ASV9849,5.0
ASV9869,5.0
ASV9853,5.0
ASV9841,5.0
ASV9840,5.0
ASV9900,5.0
ASV9842,5.0
ASV9843,5.0
ASV9844,5.0
ASV9845,5.0
ASV9846,5.0
ASV9847,5.0
ASV9848,5.0
ASV9850,5.0
ASV9851,5.0
ASV9852,5.0
ASV9854,5.0
ASV9868,5.0
ASV9855,5.0
ASV9856,5.0
ASV9857,5.0
ASV9858,5.0
ASV9859,5.0
ASV9860,5.0
ASV9861,5.0
ASV9862,5.0
ASV9863,5.0
ASV9864,5.0
ASV9865,5.0
ASV9866,5.0
ASV9867,5.0
ASV9899,5.0
ASV9947,5.0
ASV9901,5.0
ASV9932,5.0
ASV9934,5.0
ASV9935,5.0
ASV9936,5.0
ASV9937,5.0
ASV9938,5.0
ASV9939,5.0
ASV9940,5.0
ASV9941,5.0
ASV9942,5.0
ASV9943,5.0
ASV9944,5.0
ASV9945,5.0
ASV9946,5.0
ASV9948,5.0
ASV9949,5.0
ASV9950,5.0
ASV9951,5.0
ASV9952,5.0
ASV9953,5.0
ASV9954,5.0
ASV9955,5.0
ASV9956,5.0
ASV9957,5.0
ASV9958,5.0
ASV9959,5.0
ASV9838,5.0
ASV9960,5.0
ASV9933,5.0
ASV9931,5.0
ASV9902,5.0
ASV9930,5.0
ASV9903,5.0
ASV9904,5.0
ASV9905,5.0
ASV9906,5.0
ASV9907,5.0
ASV9908,5.0
ASV9909,5.0
ASV9910,5.0
ASV9911,5.0
ASV9912,5.0
ASV9913,5.0
ASV9914,5.0
ASV9915,5.0
ASV9916,5.0
ASV9917,5.0
ASV9918,5.0
ASV9919,5.0
ASV9920,5.0
ASV9921,5.0
ASV9922,5.0
ASV9923,5.0
ASV9924,5.0
ASV9925,5.0
ASV9926,5.0
ASV9927,5.0
ASV9928,5.0
ASV9929,5.0
ASV9839,5.0
ASV9740,5.0
ASV9837,5.0
ASV9759,5.0
ASV9746,5.0
ASV9747,5.0
ASV9748,5.0
ASV9749,5.0
ASV9750,5.0
ASV9751,5.0
ASV9752,5.0
ASV9753,5.0
ASV9754,5.0
ASV9755,5.0
ASV9756,5.0
ASV9757,5.0
ASV9758,5.0
ASV9760,5.0
ASV9836,5.0
ASV9761,5.0
ASV9762,5.0
ASV9763,5.0
ASV9764,5.0
ASV9765,5.0
ASV9766,5.0
ASV9767,5.0
ASV9768,5.0
ASV9769,5.0
ASV9770,5.0
ASV9771,5.0
ASV9772,5.0
ASV9773,5.0
ASV9745,5.0
ASV9744,5.0
ASV9743,5.0
ASV9742,5.0
ASV9962,5.0
ASV9715,5.0
ASV9716,5.0
ASV9717,5.0
ASV9718,5.0
ASV9719,5.0
ASV9720,5.0
ASV9721,5.0
ASV9722,5.0
ASV9723,5.0
ASV9724,5.0
ASV9725,5.0
ASV9726,5.0
ASV9727,5.0
ASV9728,5.0
ASV9729,5.0
ASV9730,5.0
ASV9731,5.0
ASV9732,5.0
ASV9733,5.0
ASV9734,5.0
ASV9735,5.0
ASV9736,5.0
ASV9737,5.0
ASV9738,5.0
ASV9739,5.0
ASV9741,5.0
ASV9774,5.0
ASV9775,5.0
ASV9776,5.0
ASV9807,5.0
ASV9809,5.0
ASV9810,5.0
ASV9811,5.0
ASV9812,5.0
ASV9813,5.0
ASV9814,5.0
ASV9815,5.0
ASV9816,5.0
ASV9817,5.0
ASV9818,5.0
ASV9819,5.0
ASV9820,5.0
ASV9821,5.0
ASV9822,5.0
ASV9823,5.0
ASV9824,5.0
ASV9825,5.0
ASV9826,5.0
ASV9827,5.0
ASV9828,5.0
ASV9829,5.0
ASV9830,5.0
ASV9831,5.0
ASV9832,5.0
ASV9833,5.0
ASV9834,5.0
ASV9835,5.0
ASV9808,5.0
ASV9806,5.0
ASV9777,5.0
ASV9805,5.0
ASV9778,5.0
ASV9779,5.0
ASV9780,5.0
ASV9781,5.0
ASV9782,5.0
ASV9783,5.0
ASV9784,5.0
ASV9785,5.0
ASV9786,5.0
ASV9787,5.0
ASV9788,5.0
ASV9789,5.0
ASV9790,5.0
ASV9791,5.0
ASV9792,5.0
ASV9793,5.0
ASV9794,5.0
ASV9795,5.0
ASV9796,5.0
ASV9797,5.0
ASV9798,5.0
ASV9799,5.0
ASV9800,5.0
ASV9801,5.0
ASV9802,5.0
ASV9803,5.0
ASV9804,5.0
ASV9961,5.0
ASV10161,5.0
ASV9963,5.0
ASV10133,5.0
ASV10120,5.0
ASV10121,5.0
ASV10122,5.0
ASV10123,5.0
ASV10124,5.0
ASV10125,5.0
ASV10126,5.0
ASV10127,5.0
ASV10128,5.0
ASV10129,5.0
ASV10130,5.0
ASV10131,5.0
ASV10132,5.0
ASV10134,5.0
ASV9964,5.0
ASV10135,5.0
ASV10136,5.0
ASV10137,5.0
ASV10138,5.0
ASV10139,5.0
ASV10140,5.0
ASV10141,5.0
ASV10142,5.0
ASV10143,5.0
ASV10144,5.0
ASV10145,5.0
ASV10146,5.0
ASV10147,5.0
ASV10119,5.0
ASV10118,5.0
ASV10117,5.0
ASV10116,5.0
ASV10089,5.0
ASV10090,5.0
ASV10091,5.0
ASV10092,5.0
ASV10093,5.0
ASV10094,5.0
ASV10095,5.0
ASV10096,5.0
ASV10097,5.0
ASV10098,5.0
ASV10099,5.0
ASV10100,5.0
ASV10101,5.0
ASV10102,5.0
ASV10103,5.0
ASV10104,5.0
ASV10105,5.0
ASV10106,5.0
ASV10107,5.0
ASV10108,5.0
ASV10109,5.0
ASV10110,5.0
ASV10111,5.0
ASV10112,5.0
ASV10113,5.0
ASV10114,5.0
ASV10115,5.0
ASV10148,5.0
ASV10149,5.0
ASV10150,5.0
ASV10182,5.0
ASV10184,5.0
ASV10185,5.0
ASV10186,5.0
ASV10187,5.0
ASV10188,5.0
ASV10189,5.0
ASV10190,5.0
ASV10191,5.0
ASV10192,5.0
ASV10193,5.0
ASV10194,5.0
ASV10195,5.0
ASV10196,5.0
ASV10197,5.0
ASV10198,5.0
ASV10199,5.0
ASV10200,5.0
ASV10201,5.0
ASV10202,5.0
ASV10203,5.0
ASV10204,5.0
ASV10205,5.0
ASV10206,5.0
ASV10207,5.0
ASV10208,5.0
ASV10209,5.0
ASV9713,5.0
ASV10183,5.0
ASV10181,5.0
ASV10151,5.0
ASV10180,5.0
ASV10152,5.0
ASV10153,5.0
ASV10154,5.0
ASV10155,5.0
ASV10156,5.0
ASV10157,5.0
ASV10158,5.0
ASV10159,5.0
ASV10160,5.0
ASV10162,5.0
ASV10163,5.0
ASV10164,5.0
ASV10165,5.0
ASV10166,5.0
ASV10167,5.0
ASV10168,5.0
ASV10169,5.0
ASV10170,5.0
ASV10171,5.0
ASV10172,5.0
ASV10173,5.0
ASV10174,5.0
ASV10175,5.0
ASV10176,5.0
ASV10177,5.0
ASV10178,5.0
ASV10179,5.0
ASV10088,5.0
ASV10087,5.0
ASV10086,5.0
ASV9994,5.0
ASV9996,5.0
ASV9997,5.0
ASV9998,5.0
ASV9999,5.0
ASV10000,5.0
ASV10001,5.0
ASV10002,5.0
ASV10003,5.0
ASV10004,5.0
ASV10005,5.0
ASV10006,5.0
ASV10007,5.0
ASV10008,5.0
ASV10009,5.0
ASV10010,5.0
ASV10011,5.0
ASV10012,5.0
ASV10013,5.0
ASV10014,5.0
ASV10015,5.0
ASV10016,5.0
ASV10017,5.0
ASV10018,5.0
ASV10019,5.0
ASV10020,5.0
ASV10021,5.0
ASV10022,5.0
ASV9995,5.0
ASV9993,5.0
ASV10024,5.0
ASV9992,5.0
ASV9965,5.0
ASV9966,5.0
ASV9967,5.0
ASV9968,5.0
ASV9969,5.0
ASV9970,5.0
ASV9971,5.0
ASV9972,5.0
ASV9973,5.0
ASV9974,5.0
ASV9975,5.0
ASV9976,5.0
ASV9977,5.0
ASV9978,5.0
ASV9979,5.0
ASV9980,5.0
ASV9981,5.0
ASV9982,5.0
ASV9983,5.0
ASV9984,5.0
ASV9985,5.0
ASV9986,5.0
ASV9987,5.0
ASV9988,5.0
ASV9989,5.0
ASV9990,5.0
ASV9991,5.0
ASV10023,5.0
ASV10025,5.0
ASV10085,5.0
ASV10056,5.0
ASV10058,5.0
ASV10059,5.0
ASV10060,5.0
ASV10061,5.0
ASV10062,5.0
ASV10063,5.0
ASV10064,5.0
ASV10065,5.0
ASV10066,5.0
ASV10067,5.0
ASV10068,5.0
ASV10069,5.0
ASV10070,5.0
ASV10071,5.0
ASV10072,5.0
ASV10073,5.0
ASV10074,5.0
ASV10075,5.0
ASV10076,5.0
ASV10077,5.0
ASV10078,5.0
ASV10079,5.0
ASV10080,5.0
ASV10081,5.0
ASV10082,5.0
ASV10083,5.0
ASV10084,5.0
ASV10057,5.0
ASV10055,5.0
ASV10026,5.0
ASV10054,5.0
ASV10027,5.0
ASV10028,5.0
ASV10029,5.0
ASV10030,5.0
ASV10031,5.0
ASV10032,5.0
ASV10033,5.0
ASV10034,5.0
ASV10035,5.0
ASV10036,5.0
ASV10037,5.0
ASV10038,5.0
ASV10039,5.0
ASV10040,5.0
ASV10041,5.0
ASV10042,5.0
ASV10043,5.0
ASV10044,5.0
ASV10045,5.0
ASV10046,5.0
ASV10047,5.0
ASV10048,5.0
ASV10049,5.0
ASV10050,5.0
ASV10051,5.0
ASV10052,5.0
ASV10053,5.0
ASV9714,5.0
ASV10210,5.0
ASV9712,5.0
ASV9385,5.0
ASV9372,5.0
ASV9373,5.0
ASV9374,5.0
ASV9375,5.0
ASV9376,5.0
ASV9377,5.0
ASV9378,5.0
ASV9379,5.0
ASV9380,5.0
ASV9381,5.0
ASV9382,5.0
ASV9383,5.0
ASV9384,5.0
ASV9386,5.0
ASV9463,5.0
ASV9387,5.0
ASV9388,5.0
ASV9389,5.0
ASV9390,5.0
ASV9391,5.0
ASV9392,5.0
ASV9393,5.0
ASV9394,5.0
ASV9395,5.0
ASV9396,5.0
ASV9397,5.0
ASV9398,5.0
ASV9399,5.0
ASV9371,5.0
ASV9370,5.0
ASV9369,5.0
ASV9368,5.0
ASV9341,5.0
ASV9342,5.0
ASV9343,5.0
ASV9344,5.0
ASV9345,5.0
ASV9346,5.0
ASV9347,5.0
ASV9348,5.0
ASV9349,5.0
ASV9350,5.0
ASV9351,5.0
ASV9352,5.0
ASV9353,5.0
ASV9354,5.0
ASV9355,5.0
ASV9356,5.0
ASV9357,5.0
ASV9358,5.0
ASV9359,5.0
ASV9360,5.0
ASV9361,5.0
ASV9362,5.0
ASV9363,5.0
ASV9364,5.0
ASV9365,5.0
ASV9366,5.0
ASV9367,5.0
ASV9400,5.0
ASV9401,5.0
ASV9402,5.0
ASV9433,5.0
ASV9435,5.0
ASV9436,5.0
ASV9437,5.0
ASV9438,5.0
ASV9439,5.0
ASV9440,5.0
ASV9441,5.0
ASV9442,5.0
ASV9443,5.0
ASV9444,5.0
ASV9445,5.0
ASV9446,5.0
ASV9447,5.0
ASV9448,5.0
ASV9449,5.0
ASV9450,5.0
ASV9451,5.0
ASV9452,5.0
ASV9453,5.0
ASV9454,5.0
ASV9455,5.0
ASV9456,5.0
ASV9457,5.0
ASV9458,5.0
ASV9459,5.0
ASV9460,5.0
ASV9461,5.0
ASV9434,5.0
ASV9432,5.0
ASV9403,5.0
ASV9431,5.0
ASV9404,5.0
ASV9405,5.0
ASV9406,5.0
ASV9407,5.0
ASV9408,5.0
ASV9409,5.0
ASV9410,5.0
ASV9411,5.0
ASV9412,5.0
ASV9413,5.0
ASV9414,5.0
ASV9415,5.0
ASV9416,5.0
ASV9417,5.0
ASV9418,5.0
ASV9419,5.0
ASV9420,5.0
ASV9421,5.0
ASV9422,5.0
ASV9423,5.0
ASV9424,5.0
ASV9425,5.0
ASV9426,5.0
ASV9427,5.0
ASV9428,5.0
ASV9429,5.0
ASV9430,5.0
ASV9340,5.0
ASV9339,5.0
ASV9338,5.0
ASV9246,5.0
ASV9248,5.0
ASV9249,5.0
ASV9250,5.0
ASV9251,5.0
ASV9252,5.0
ASV9253,5.0
ASV9254,5.0
ASV9255,5.0
ASV9256,5.0
ASV9257,5.0
ASV9258,5.0
ASV9259,5.0
ASV9260,5.0
ASV9261,5.0
ASV9262,5.0
ASV9263,5.0
ASV9264,5.0
ASV9265,5.0
ASV9266,5.0
ASV9267,5.0
ASV9268,5.0
ASV9269,5.0
ASV9270,5.0
ASV9271,5.0
ASV9272,5.0
ASV9273,5.0
ASV9274,5.0
ASV9247,5.0
ASV9245,5.0
ASV9276,5.0
ASV9244,5.0
ASV9217,5.0
ASV9218,5.0
ASV9219,5.0
ASV9220,5.0
ASV9221,5.0
ASV9222,5.0
ASV9223,5.0
ASV9224,5.0
ASV9225,5.0
ASV9226,5.0
ASV9227,5.0
ASV9228,5.0
ASV9229,5.0
ASV9230,5.0
ASV9231,5.0
ASV9232,5.0
ASV9233,5.0
ASV9234,5.0
ASV9235,5.0
ASV9236,5.0
ASV9237,5.0
ASV9238,5.0
ASV9239,5.0
ASV9240,5.0
ASV9241,5.0
ASV9242,5.0
ASV9243,5.0
ASV9275,5.0
ASV9277,5.0
ASV9337,5.0
ASV9308,5.0
ASV9310,5.0
ASV9311,5.0
ASV9312,5.0
ASV9313,5.0
ASV9314,5.0
ASV9315,5.0
ASV9316,5.0
ASV9317,5.0
ASV9318,5.0
ASV9319,5.0
ASV9320,5.0
ASV9321,5.0
ASV9322,5.0
ASV9323,5.0
ASV9324,5.0
ASV9325,5.0
ASV9326,5.0
ASV9327,5.0
ASV9328,5.0
ASV9329,5.0
ASV9330,5.0
ASV9331,5.0
ASV9332,5.0
ASV9333,5.0
ASV9334,5.0
ASV9335,5.0
ASV9336,5.0
ASV9309,5.0
ASV9307,5.0
ASV9278,5.0
ASV9306,5.0
ASV9279,5.0
ASV9280,5.0
ASV9281,5.0
ASV9282,5.0
ASV9283,5.0
ASV9284,5.0
ASV9285,5.0
ASV9286,5.0
ASV9287,5.0
ASV9288,5.0
ASV9289,5.0
ASV9290,5.0
ASV9291,5.0
ASV9292,5.0
ASV9293,5.0
ASV9294,5.0
ASV9295,5.0
ASV9296,5.0
ASV9297,5.0
ASV9298,5.0
ASV9299,5.0
ASV9300,5.0
ASV9301,5.0
ASV9302,5.0
ASV9303,5.0
ASV9304,5.0
ASV9305,5.0
ASV9462,5.0
ASV9464,5.0
ASV9711,5.0
ASV9634,5.0
ASV9621,5.0
ASV9622,5.0
ASV9623,5.0
ASV9624,5.0
ASV9625,5.0
ASV9626,5.0
ASV9627,5.0
ASV9628,5.0
ASV9629,5.0
ASV9630,5.0
ASV9631,5.0
ASV9632,5.0
ASV9633,5.0
ASV9635,5.0
ASV9465,5.0
ASV9636,5.0
ASV9637,5.0
ASV9638,5.0
ASV9639,5.0
ASV9640,5.0
ASV9641,5.0
ASV9642,5.0
ASV9643,5.0
ASV9644,5.0
ASV9645,5.0
ASV9646,5.0
ASV9647,5.0
ASV9648,5.0
ASV9620,5.0
ASV9619,5.0
ASV9618,5.0
ASV9617,5.0
ASV9590,5.0
ASV9591,5.0
ASV9592,5.0
ASV9593,5.0
ASV9594,5.0
ASV9595,5.0
ASV9596,5.0
ASV9597,5.0
ASV9598,5.0
ASV9599,5.0
ASV9600,5.0
ASV9601,5.0
ASV9602,5.0
ASV9603,5.0
ASV9604,5.0
ASV9605,5.0
ASV9606,5.0
ASV9607,5.0
ASV9608,5.0
ASV9609,5.0
ASV9610,5.0
ASV9611,5.0
ASV9612,5.0
ASV9613,5.0
ASV9614,5.0
ASV9615,5.0
ASV9616,5.0
ASV9649,5.0
ASV9650,5.0
ASV9651,5.0
ASV9682,5.0
ASV9684,5.0
ASV9685,5.0
ASV9686,5.0
ASV9687,5.0
ASV9688,5.0
ASV9689,5.0
ASV9690,5.0
ASV9691,5.0
ASV9692,5.0
ASV9693,5.0
ASV9694,5.0
ASV9695,5.0
ASV9696,5.0
ASV9697,5.0
ASV9698,5.0
ASV9699,5.0
ASV9700,5.0
ASV9701,5.0
ASV9702,5.0
ASV9703,5.0
ASV9704,5.0
ASV9705,5.0
ASV9706,5.0
ASV9707,5.0
ASV9708,5.0
ASV9709,5.0
ASV9710,5.0
ASV9683,5.0
ASV9681,5.0
ASV9652,5.0
ASV9680,5.0
ASV9653,5.0
ASV9654,5.0
ASV9655,5.0
ASV9656,5.0
ASV9657,5.0
ASV9658,5.0
ASV9659,5.0
ASV9660,5.0
ASV9661,5.0
ASV9662,5.0
ASV9663,5.0
ASV9664,5.0
ASV9665,5.0
ASV9666,5.0
ASV9667,5.0
ASV9668,5.0
ASV9669,5.0
ASV9670,5.0
ASV9671,5.0
ASV9672,5.0
ASV9673,5.0
ASV9674,5.0
ASV9675,5.0
ASV9676,5.0
ASV9677,5.0
ASV9678,5.0
ASV9679,5.0
ASV9589,5.0
ASV9588,5.0
ASV9587,5.0
ASV9495,5.0
ASV9497,5.0
ASV9498,5.0
ASV9499,5.0
ASV9500,5.0
ASV9501,5.0
ASV9502,5.0
ASV9503,5.0
ASV9504,5.0
ASV9505,5.0
ASV9506,5.0
ASV9507,5.0
ASV9508,5.0
ASV9509,5.0
ASV9510,5.0
ASV9511,5.0
ASV9512,5.0
ASV9513,5.0
ASV9514,5.0
ASV9515,5.0
ASV9516,5.0
ASV9517,5.0
ASV9518,5.0
ASV9519,5.0
ASV9520,5.0
ASV9521,5.0
ASV9522,5.0
ASV9523,5.0
ASV9496,5.0
ASV9494,5.0
ASV9525,5.0
ASV9493,5.0
ASV9466,5.0
ASV9467,5.0
ASV9468,5.0
ASV9469,5.0
ASV9470,5.0
ASV9471,5.0
ASV9472,5.0
ASV9473,5.0
ASV9474,5.0
ASV9475,5.0
ASV9476,5.0
ASV9477,5.0
ASV9478,5.0
ASV9479,5.0
ASV9480,5.0
ASV9481,5.0
ASV9482,5.0
ASV9483,5.0
ASV9484,5.0
ASV9485,5.0
ASV9486,5.0
ASV9487,5.0
ASV9488,5.0
ASV9489,5.0
ASV9490,5.0
ASV9491,5.0
ASV9492,5.0
ASV9524,5.0
ASV9526,5.0
ASV9586,5.0
ASV9557,5.0
ASV9559,5.0
ASV9560,5.0
ASV9561,5.0
ASV9562,5.0
ASV9563,5.0
ASV9564,5.0
ASV9565,5.0
ASV9566,5.0
ASV9567,5.0
ASV9568,5.0
ASV9569,5.0
ASV9570,5.0
ASV9571,5.0
ASV9572,5.0
ASV9573,5.0
ASV9574,5.0
ASV9575,5.0
ASV9576,5.0
ASV9577,5.0
ASV9578,5.0
ASV9579,5.0
ASV9580,5.0
ASV9581,5.0
ASV9582,5.0
ASV9583,5.0
ASV9584,5.0
ASV9585,5.0
ASV9558,5.0
ASV9556,5.0
ASV9527,5.0
ASV9555,5.0
ASV9528,5.0
ASV9529,5.0
ASV9530,5.0
ASV9531,5.0
ASV9532,5.0
ASV9533,5.0
ASV9534,5.0
ASV9535,5.0
ASV9536,5.0
ASV9537,5.0
ASV9538,5.0
ASV9539,5.0
ASV9540,5.0
ASV9541,5.0
ASV9542,5.0
ASV9543,5.0
ASV9544,5.0
ASV9545,5.0
ASV9546,5.0
ASV9547,5.0
ASV9548,5.0
ASV9549,5.0
ASV9550,5.0
ASV9551,5.0
ASV9552,5.0
ASV9553,5.0
ASV9554,5.0
ASV10211,5.0
