"ID","Description","GeneRatio","BgRatio","RichFactor","FoldEnrichment","zScore","pvalue","p.adjust","qvalue","geneID","Count"
"GO:0035456","response to interferon-beta","6/32","41/9187",0.146341463414634,42.0137195121951,15.5601766188399,4.48863136127163e-09,4.48863136127163e-06,3.92164634721627e-06,"Ifi203/Ifit1/Irgm2/Gbp2/Oas1g/Ifitm1",6
"GO:0051607","defense response to virus","8/32","174/9187",0.0459770114942529,13.1997126436782,9.60502667371669,1.00615004920023e-07,4.30488611242641e-05,3.76111102454097e-05,"Ifit1bl1/Ifi203/Pmaip1/Ifit1/Irgm2/Gbp2/Oas1g/Ifitm1",8
"GO:0035458","cellular response to interferon-beta","5/32","36/9187",0.138888888888889,39.8741319444444,13.816139591506,1.29146583372792e-07,4.30488611242641e-05,3.76111102454097e-05,"Ifi203/Ifit1/Irgm2/Gbp2/Oas1g",5
"GO:0009615","response to virus","8/32","218/9187",0.036697247706422,10.5355504587156,8.42385802739951,5.69336552706412e-07,0.000142334138176603,0.000124355089143769,"Ifit1bl1/Ifi203/Pmaip1/Ifit1/Irgm2/Gbp2/Oas1g/Ifitm1",8
"GO:0035455","response to interferon-alpha","3/32","14/9187",0.214285714285714,61.5200892857143,13.3972887121407,1.36154482128623e-05,0.00272308964257247,0.00237912042456331,"Ifit1/Oas1g/Ifitm1",3
"GO:0030261","chromosome condensation","3/32","24/9187",0.125,35.88671875,10.1170975380662,7.39358784906325e-05,0.0123226464151054,0.0107661016047763,"Ccnb1/Nusap1/Ncapg",3
"GO:0045071","negative regulation of viral genome replication","3/32","30/9187",0.1,28.709375,8.98710437989871,0.000146218699139687,0.0177788319552742,0.0155330847609238,"Ifi203/Oas1g/Ifitm1",3
"GO:0031640","killing of cells of another organism","3/32","31/9187",0.0967741935483871,27.7832661290323,8.83080971905143,0.000161502359947941,0.0177788319552742,0.0155330847609238,"Hmgn2/Irgm2/Gbp2",3
"GO:0141061","disruption of cell in another organism","3/32","31/9187",0.0967741935483871,27.7832661290323,8.83080971905143,0.000161502359947941,0.0177788319552742,0.0155330847609238,"Hmgn2/Irgm2/Gbp2",3
"GO:0141085","regulation of inflammasome-mediated signaling pathway","3/32","32/9187",0.09375,26.9150390625,8.68173885135392,0.000177788319552742,0.0177788319552742,0.0155330847609238,"Ifi203/Irgm2/Gbp2",3
"GO:0141060","disruption of anatomical structure in another organism","3/32","34/9187",0.0882352941176471,25.3318014705882,8.4031289298414,0.000213480449835695,0.017790037486308,0.0155428748564585,"Hmgn2/Irgm2/Gbp2",3
"GO:0141084","inflammasome-mediated signaling pathway","3/32","34/9187",0.0882352941176471,25.3318014705882,8.4031289298414,0.000213480449835695,0.017790037486308,0.0155428748564585,"Ifi203/Irgm2/Gbp2",3
"GO:1902043","positive regulation of extrinsic apoptotic signaling pathway via death domain receptors","2/32","10/9187",0.2,57.41875,10.553150442016,0.000519823109435132,0.0372801417768355,0.0325710712366037,"Pmaip1/Thbs1",2
"GO:0045069","regulation of viral genome replication","3/32","46/9187",0.0652173913043478,18.7235054347826,7.12427572924364,0.000526398588871738,0.0372801417768355,0.0325710712366037,"Ifi203/Oas1g/Ifitm1",3
"GO:0002753","cytoplasmic pattern recognition receptor signaling pathway","4/32","111/9187",0.036036036036036,10.3457207207207,5.85647211769865,0.000559202126652533,0.0372801417768355,0.0325710712366037,"Ifi203/Irgm2/Gbp2/Oas1g",4
"GO:0061635","regulation of protein complex stability","2/32","11/9187",0.181818181818182,52.1988636363636,10.0447468813737,0.000633958052184698,0.0373163218709904,0.0326026812136022,"Scoc/Irgm2",2
"GO:0140888","interferon-mediated signaling pathway","3/32","49/9187",0.0612244897959184,17.5771683673469,6.87846999218373,0.000634377471806837,0.0373163218709904,0.0326026812136022,"Irgm2/Oas1g/Ifitm1",3
"GO:0048525","negative regulation of viral process","3/32","51/9187",0.0588235294117647,16.8878676470588,6.7263845315777,0.000713668438087698,0.0396482465604277,0.0346400469949,"Ifi203/Oas1g/Ifitm1",3
"GO:0032102","negative regulation of response to external stimulus","5/32","214/9187",0.0233644859813084,6.70779789719626,4.99477207885102,0.0007890401958529,0.0406892637152503,0.0355495672459556,"Ifi203/Pbk/Irgm2/Oas1g/Thbs1",5
"GO:0007076","mitotic chromosome condensation","2/32","13/9187",0.153846153846154,44.1682692307692,9.20801419727869,0.000895163801735508,0.0406892637152503,0.0355495672459556,"Nusap1/Ncapg",2
"GO:0060623","regulation of chromosome condensation","2/32","13/9187",0.153846153846154,44.1682692307692,9.20801419727869,0.000895163801735508,0.0406892637152503,0.0355495672459556,"Ccnb1/Ncapg",2
"GO:0141086","negative regulation of inflammasome-mediated signaling pathway","2/32","13/9187",0.153846153846154,44.1682692307692,9.20801419727869,0.000895163801735508,0.0406892637152503,0.0355495672459556,"Ifi203/Irgm2",2
"GO:0031348","negative regulation of defense response","4/32","139/9187",0.0287769784172662,8.26169064748201,5.1000905079829,0.00129872281280463,0.0564662092523752,0.0493336354520752,"Ifi203/Pbk/Irgm2/Oas1g",4
"GO:0019079","viral genome replication","3/32","69/9187",0.0434782608695652,12.4823369565217,5.65996928213633,0.00172082410915631,0.0717010045481795,0.06264403555262,"Ifi203/Oas1g/Ifitm1",3
"GO:1903900","regulation of viral life cycle","3/32","73/9187",0.0410958904109589,11.7983732876712,5.47613681298798,0.00202357607384493,0.0809273473961485,0.0707049456197929,"Ifi203/Oas1g/Ifitm1",3
"GO:0002832","negative regulation of response to biotic stimulus","3/32","74/9187",0.0405405405405405,11.6389358108108,5.4324082329449,0.00210411103229986,0.0809273473961485,0.0707049456197929,"Ifi203/Irgm2/Oas1g",3
"GO:0042832","defense response to protozoan","2/32","21/9187",0.0952380952380952,27.3422619047619,7.14466416602363,0.00236850799190462,0.0825307840857437,0.0721058429380708,"Irgm2/Gbp2",2
"GO:0002221","pattern recognition receptor signaling pathway","4/32","164/9187",0.024390243902439,7.00228658536585,4.58534701365523,0.00238389744988256,0.0825307840857437,0.0721058429380708,"Ifi203/Irgm2/Gbp2/Oas1g",4
"GO:0039531","regulation of cytoplasmic pattern recognition receptor signaling pathway","3/32","78/9187",0.0384615384615385,11.0420673076923,5.26555451732409,0.00244615695882816,0.0825307840857437,0.0721058429380708,"Ifi203/Irgm2/Gbp2",3
"GO:0009617","response to bacterium","6/32","407/9187",0.0147420147420147,4.2323402948403,3.94344745400405,0.00247592352257231,0.0825307840857437,0.0721058429380708,"Ifi44/Ifit1/Irgm2/Gbp2/Oas1g/B3galt5",6
"GO:0002758","innate immune response-activating signaling pathway","4/32","168/9187",0.0238095238095238,6.83556547619048,4.51302177614363,0.00260197357210336,0.0839346313581729,0.0733323621339826,"Ifi203/Irgm2/Gbp2/Oas1g",4
"GO:0001562","response to protozoan","2/32","24/9187",0.0833333333333333,23.9244791666667,6.64806551170803,0.0030926840505477,0.09466353044175,0.0827060318596342,"Irgm2/Gbp2",2
"GO:0034341","response to type II interferon","3/32","85/9187",0.0352941176470588,10.1327205882353,5.00092398740075,0.00312389650457775,0.09466353044175,0.0827060318596342,"Irgm2/Gbp2/Ifitm1",3
"GO:0002218","activation of innate immune response","4/32","184/9187",0.0217391304347826,6.24116847826087,4.2457306816453,0.00361233418471904,0.106245123079972,0.0928246864803963,"Ifi203/Irgm2/Gbp2/Oas1g",4
"GO:0050792","regulation of viral process","3/32","98/9187",0.0306122448979592,8.78858418367347,4.58271173597387,0.00466545414893747,0.133298689969642,0.116460960710319,"Ifi203/Oas1g/Ifitm1",3
"GO:0010638","positive regulation of organelle organization","5/32","325/9187",0.0153846153846154,4.41682692307692,3.70772763145338,0.00492832312202422,0.136897864500673,0.119605502669009,"Pmaip1/Nusap1/Irgm2/Ncapg/Syt8",5
"GO:1902041","regulation of extrinsic apoptotic signaling pathway via death domain receptors","2/32","31/9187",0.0645161290322581,18.5221774193548,5.77730191337844,0.00513197723133309,0.138702087333327,0.12118182367017,"Pmaip1/Thbs1",2
"GO:0001906","cell killing","3/32","110/9187",0.0272727272727273,7.82982954545454,4.26033818998608,0.00643588309240146,0.169120736333115,0.147758117006827,"Hmgn2/Irgm2/Gbp2",3
"GO:0030522","intracellular receptor signaling pathway","4/32","219/9187",0.0182648401826484,5.24372146118721,3.75776973270126,0.00669277018670959,0.169120736333115,0.147758117006827,"Ifi203/Irgm2/Gbp2/Oas1g",4
"GO:0062207","regulation of pattern recognition receptor signaling pathway","3/32","112/9187",0.0267857142857143,7.69001116071429,4.21135228424121,0.0067648294533246,0.169120736333115,0.147758117006827,"Ifi203/Irgm2/Gbp2",3
"GO:0039532","negative regulation of cytoplasmic pattern recognition receptor signaling pathway","2/32","37/9187",0.0540540540540541,15.5185810810811,5.23146741606854,0.00725538857119958,0.171031735088959,0.149427726446143,"Ifi203/Irgm2",2
"GO:0042149","cellular response to glucose starvation","2/32","37/9187",0.0540540540540541,15.5185810810811,5.23146741606854,0.00725538857119958,0.171031735088959,0.149427726446143,"Ifi203/Pmaip1",2
"GO:0045089","positive regulation of innate immune response","4/32","225/9187",0.0177777777777778,5.10388888888889,3.68462605309105,0.00735436460882524,0.171031735088959,0.149427726446143,"Ifi203/Irgm2/Gbp2/Oas1g",4
"GO:0060337","type I interferon-mediated signaling pathway","2/32","39/9187",0.0512820512820513,14.7227564102564,5.07714556715736,0.00803756288570171,0.178612508571149,0.156050928541109,"Oas1g/Ifitm1",2
"GO:0071357","cellular response to type I interferon","2/32","39/9187",0.0512820512820513,14.7227564102564,5.07714556715736,0.00803756288570171,0.178612508571149,0.156050928541109,"Oas1g/Ifitm1",2
"GO:0000070","mitotic sister chromatid segregation","3/32","122/9187",0.0245901639344262,7.05968237704918,3.98340906530844,0.00855942858230817,0.186074534398004,0.162570382684572,"Ccnb1/Nusap1/Ncapg",3
"GO:0034340","response to type I interferon","2/32","42/9187",0.0476190476190476,13.671130952381,4.86583306125454,0.00927876837685608,0.190723023477503,0.166631694196134,"Oas1g/Ifitm1",2
"GO:0002833","positive regulation of response to biotic stimulus","4/32","241/9187",0.016597510373444,4.76504149377593,3.50165114214194,0.00932765466508945,0.190723023477503,0.166631694196134,"Ifi203/Irgm2/Gbp2/Oas1g",4
"GO:0032103","positive regulation of response to external stimulus","5/32","379/9187",0.0131926121372032,3.78751649076517,3.27647933147487,0.00934542815039766,0.190723023477503,0.166631694196134,"Ifi203/Irgm2/Gbp2/Oas1g/Thbs1",5
"GO:0017156","calcium-ion regulated exocytosis","2/32","43/9187",0.0465116279069767,13.3531976744186,4.80014708889036,0.00971036703470021,0.194207340694004,0.169675887132656,"Syn2/Syt8",2
"GO:0140962","multicellular organismal-level chemical homeostasis","2/32","44/9187",0.0454545454545455,13.0497159090909,4.73661211656295,0.0101507921305383,0.199035139814477,0.173893858995806,"Sctr/Oas1g",2
"GO:2001238","positive regulation of extrinsic apoptotic signaling pathway","2/32","47/9187",0.0425531914893617,12.2167553191489,4.55776692864595,0.011524400338453,0.221623083431789,0.19362858868251,"Pmaip1/Thbs1",2
"GO:0002757","immune response-activating signaling pathway","4/32","264/9187",0.0151515151515152,4.3499053030303,3.2650368159179,0.0127294893926403,0.234968039138731,0.205287865773838,"Ifi203/Irgm2/Gbp2/Oas1g",4
"GO:0045088","regulation of innate immune response","4/32","264/9187",0.0151515151515152,4.3499053030303,3.2650368159179,0.0127294893926403,0.234968039138731,0.205287865773838,"Ifi203/Irgm2/Gbp2/Oas1g",4
"GO:0000819","sister chromatid segregation","3/32","142/9187",0.0211267605633803,6.06536091549296,3.5963281876888,0.0129232421526302,0.234968039138731,0.205287865773838,"Ccnb1/Nusap1/Ncapg",3
"GO:0019058","viral life cycle","3/32","146/9187",0.0205479452054795,5.89918664383562,3.52777772505873,0.0139234650738074,0.248633304889417,0.217226992692859,"Ifi203/Oas1g/Ifitm1",3
"GO:0048285","organelle fission","4/32","274/9187",0.0145985401459854,4.1911496350365,3.17043995539116,0.0144284383166788,0.251826129126262,0.220016512815576,"Ccnb1/Nusap1/Irgm2/Ncapg",4
"GO:0002764","immune response-regulating signaling pathway","4/32","275/9187",0.0145454545454545,4.17590909090909,3.16122826092411,0.0146059154893232,0.251826129126262,0.220016512815576,"Ifi203/Irgm2/Gbp2/Oas1g",4
"GO:0042742","defense response to bacterium","3/32","154/9187",0.0194805194805195,5.59273538961039,3.39801127012094,0.0160538882404592,0.265081177391255,0.231597239194465,"Irgm2/Gbp2/Oas1g",3
"GO:0045824","negative regulation of innate immune response","2/32","56/9187",0.0357142857142857,10.2533482142857,4.10622537997748,0.0161018278868528,0.265081177391255,0.231597239194465,"Ifi203/Oas1g",2
"GO:0002683","negative regulation of immune system process","4/32","287/9187",0.0139372822299652,4.00130662020906,3.05397407906949,0.0168453803277746,0.265081177391255,0.231597239194465,"Ifi203/Irgm2/Oas1g/Thbs1",4
"GO:0008625","extrinsic apoptotic signaling pathway via death domain receptors","2/32","58/9187",0.0344827586206897,9.89978448275862,4.01967479383901,0.0172089457666807,0.265081177391255,0.231597239194465,"Pmaip1/Thbs1",2
"GO:0016239","positive regulation of macroautophagy","2/32","59/9187",0.0338983050847458,9.73199152542373,3.97796109219285,0.0177744097090776,0.265081177391255,0.231597239194465,"Scoc/Irgm2",2
"GO:0018107","peptidyl-threonine phosphorylation","2/32","59/9187",0.0338983050847458,9.73199152542373,3.97796109219285,0.0177744097090776,0.265081177391255,0.231597239194465,"Pbk/Irgm2",2
"GO:0031349","positive regulation of defense response","4/32","292/9187",0.0136986301369863,3.93279109589041,3.01098515257817,0.0178391691647594,0.265081177391255,0.231597239194465,"Ifi203/Irgm2/Gbp2/Oas1g",4
"GO:0006954","inflammatory response","5/32","446/9187",0.0112107623318386,3.21853979820628,2.83963897588474,0.0179514390262015,0.265081177391255,0.231597239194465,"Ifi203/Pbk/Irgm2/Gbp2/Thbs1",5
"GO:0072332","intrinsic apoptotic signaling pathway by p53 class mediator","2/32","60/9187",0.0333333333333333,9.56979166666667,3.93723103342865,0.0183477325390356,0.265081177391255,0.231597239194465,"Ifi203/Pmaip1",2
"GO:0001818","negative regulation of cytokine production","3/32","165/9187",0.0181818181818182,5.21988636363636,3.23370465788333,0.0192689521861659,0.265081177391255,0.231597239194465,"Irgm2/Oas1g/Thbs1",3
"GO:0071900","regulation of protein serine/threonine kinase activity","3/32","165/9187",0.0181818181818182,5.21988636363636,3.23370465788333,0.0192689521861659,0.265081177391255,0.231597239194465,"Chordc1/Irgm2/Thbs1",3
"GO:0002253","activation of immune response","4/32","302/9187",0.0132450331125828,3.80256622516556,2.92778832500284,0.0199360177420475,0.265081177391255,0.231597239194465,"Ifi203/Irgm2/Gbp2/Oas1g",4
"GO:0031347","regulation of defense response","5/32","459/9187",0.0108932461873638,3.12738289760349,2.76441775033331,0.0200841687301844,0.265081177391255,0.231597239194465,"Ifi203/Pbk/Irgm2/Gbp2/Oas1g",5
"GO:0018210","peptidyl-threonine modification","2/32","63/9187",0.0317460317460317,9.1140873015873,3.82055404815617,0.0201142760269336,0.265081177391255,0.231597239194465,"Pbk/Irgm2",2
"GO:0019882","antigen processing and presentation","2/32","64/9187",0.03125,8.9716796875,3.78338053217949,0.0207184575069132,0.265081177391255,0.231597239194465,"Psme2/Thbs1",2
"GO:0032760","positive regulation of tumor necrosis factor production","2/32","64/9187",0.03125,8.9716796875,3.78338053217949,0.0207184575069132,0.265081177391255,0.231597239194465,"Oas1g/Thbs1",2
"GO:0140014","mitotic nuclear division","3/32","170/9187",0.0176470588235294,5.06636029411765,3.16379486832783,0.0208405344772445,0.265081177391255,0.231597239194465,"Ccnb1/Nusap1/Ncapg",3
"GO:1903557","positive regulation of tumor necrosis factor superfamily cytokine production","2/32","65/9187",0.0307692307692308,8.83365384615385,3.74701176546394,0.0213302108473055,0.265081177391255,0.231597239194465,"Oas1g/Thbs1",2
"GO:0048145","regulation of fibroblast proliferation","2/32","68/9187",0.0294117647058824,8.44393382352941,3.64243983971207,0.0232103378741242,0.265081177391255,0.231597239194465,"Ccnb1/Pmaip1",2
"GO:0002831","regulation of response to biotic stimulus","4/32","319/9187",0.0125391849529781,3.59992163009404,2.79416334978111,0.0238421101371907,0.265081177391255,0.231597239194465,"Ifi203/Irgm2/Gbp2/Oas1g",4
"GO:0098813","nuclear chromosome segregation","3/32","179/9187",0.0167597765363128,4.81162709497207,3.0446106877786,0.0238437558882952,0.265081177391255,0.231597239194465,"Ccnb1/Nusap1/Ncapg",3
"GO:0007088","regulation of mitotic nuclear division","2/32","70/9187",0.0285714285714286,8.20267857142857,3.57623551902885,0.0245005857941487,0.265081177391255,0.231597239194465,"Ccnb1/Nusap1",2
"GO:0071346","cellular response to type II interferon","2/32","71/9187",0.028169014084507,8.08714788732394,3.54411288848382,0.0251565924005414,0.265081177391255,0.231597239194465,"Irgm2/Gbp2",2
"GO:0050878","regulation of body fluid levels","3/32","183/9187",0.0163934426229508,4.70645491803279,2.99416382655405,0.0252506021986191,0.265081177391255,0.231597239194465,"Sctr/Csn3/Thbs1",3
"GO:0010821","regulation of mitochondrion organization","2/32","74/9187",0.027027027027027,7.75929054054054,3.45140023722923,0.0271674849363438,0.265081177391255,0.231597239194465,"Pmaip1/Irgm2",2
"GO:0001933","negative regulation of protein phosphorylation","3/32","192/9187",0.015625,4.48583984375,2.88580177064675,0.028578206477348,0.265081177391255,0.231597239194465,"Ccnb1/Pbk/Chordc1",3
"GO:0032479","regulation of type I interferon production","2/32","78/9187",0.0256410256410256,7.36137820512821,3.33558646024624,0.0299466900190617,0.265081177391255,0.231597239194465,"Irgm2/Oas1g",2
"GO:0016032","viral process","3/32","199/9187",0.0150753768844221,4.32804648241206,2.80603720570258,0.0313213563097955,0.265081177391255,0.231597239194465,"Ifi203/Oas1g/Ifitm1",3
"GO:0032606","type I interferon production","2/32","80/9187",0.025,7.17734375,3.28071217056065,0.0313773365703163,0.265081177391255,0.231597239194465,"Irgm2/Oas1g",2
"GO:0048144","fibroblast proliferation","2/32","81/9187",0.0246913580246914,7.08873456790123,3.25397913375693,0.0321027360442097,0.265081177391255,0.231597239194465,"Ccnb1/Pmaip1",2
"GO:0050728","negative regulation of inflammatory response","2/32","81/9187",0.0246913580246914,7.08873456790123,3.25397913375693,0.0321027360442097,0.265081177391255,0.231597239194465,"Pbk/Irgm2",2
"GO:0042326","negative regulation of phosphorylation","3/32","202/9187",0.0148514851485149,4.26376856435644,2.77296912782614,0.0325383967433475,0.265081177391255,0.231597239194465,"Ccnb1/Pbk/Chordc1",3
"GO:0001959","regulation of cytokine-mediated signaling pathway","2/32","82/9187",0.024390243902439,7.00228658536585,3.22769666818794,0.0328347832872768,0.265081177391255,0.231597239194465,"Irgm2/Oas1g",2
"GO:0099003","vesicle-mediated transport in synapse","3/32","204/9187",0.0147058823529412,4.22196691176471,2.75127812608594,0.0333635245831613,0.265081177391255,0.231597239194465,"Syn2/Arc/Syt8",3
"GO:0016241","regulation of macroautophagy","2/32","83/9187",0.0240963855421687,6.91792168674699,3.20185138985186,0.0335734263553624,0.265081177391255,0.231597239194465,"Scoc/Irgm2",2
"GO:0050727","regulation of inflammatory response","3/32","205/9187",0.0146341463414634,4.20137195121951,2.74053640836273,0.0337802128130749,0.265081177391255,0.231597239194465,"Pbk/Irgm2/Gbp2",3
"GO:0002577","regulation of antigen processing and presentation","1/32","10/9187",0.1,28.709375,5.18305001491945,0.0343074479356535,0.265081177391255,0.231597239194465,"Thbs1",1
"GO:0003091","renal water homeostasis","1/32","10/9187",0.1,28.709375,5.18305001491945,0.0343074479356535,0.265081177391255,0.231597239194465,"Sctr",1
"GO:0003417","growth plate cartilage development","1/32","10/9187",0.1,28.709375,5.18305001491945,0.0343074479356535,0.265081177391255,0.231597239194465,"Thbs1",1
"GO:0030194","positive regulation of blood coagulation","1/32","10/9187",0.1,28.709375,5.18305001491945,0.0343074479356535,0.265081177391255,0.231597239194465,"Thbs1",1
"GO:0042730","fibrinolysis","1/32","10/9187",0.1,28.709375,5.18305001491945,0.0343074479356535,0.265081177391255,0.231597239194465,"Thbs1",1
"GO:0044406","adhesion of symbiont to host","1/32","10/9187",0.1,28.709375,5.18305001491945,0.0343074479356535,0.265081177391255,0.231597239194465,"Gbp2",1
"GO:0045837","negative regulation of membrane potential","1/32","10/9187",0.1,28.709375,5.18305001491945,0.0343074479356535,0.265081177391255,0.231597239194465,"Pmaip1",1
"GO:0070486","leukocyte aggregation","1/32","10/9187",0.1,28.709375,5.18305001491945,0.0343074479356535,0.265081177391255,0.231597239194465,"Thbs1",1
"GO:0071731","response to nitric oxide","1/32","10/9187",0.1,28.709375,5.18305001491945,0.0343074479356535,0.265081177391255,0.231597239194465,"Thbs1",1
"GO:1900048","positive regulation of hemostasis","1/32","10/9187",0.1,28.709375,5.18305001491945,0.0343074479356535,0.265081177391255,0.231597239194465,"Thbs1",1
"GO:1901857","positive regulation of cellular respiration","1/32","10/9187",0.1,28.709375,5.18305001491945,0.0343074479356535,0.265081177391255,0.231597239194465,"Oas1g",1
"GO:1903671","negative regulation of sprouting angiogenesis","1/32","10/9187",0.1,28.709375,5.18305001491945,0.0343074479356535,0.265081177391255,0.231597239194465,"Thbs1",1
"GO:1904415","regulation of xenophagy","1/32","10/9187",0.1,28.709375,5.18305001491945,0.0343074479356535,0.265081177391255,0.231597239194465,"Irgm2",1
"GO:1904417","positive regulation of xenophagy","1/32","10/9187",0.1,28.709375,5.18305001491945,0.0343074479356535,0.265081177391255,0.231597239194465,"Irgm2",1
"GO:2000271","positive regulation of fibroblast apoptotic process","1/32","10/9187",0.1,28.709375,5.18305001491945,0.0343074479356535,0.265081177391255,0.231597239194465,"Pmaip1",1
"GO:0051783","regulation of nuclear division","2/32","84/9187",0.0238095238095238,6.83556547619048,3.1764304699159,0.0343186135654657,0.265081177391255,0.231597239194465,"Ccnb1/Nusap1",2
"GO:0043467","regulation of generation of precursor metabolites and energy","2/32","86/9187",0.0232558139534884,6.6765988372093,3.12681299150413,0.0358284149789169,0.265081177391255,0.231597239194465,"Ccnb1/Oas1g",2
"GO:0031333","negative regulation of protein-containing complex assembly","2/32","87/9187",0.0229885057471264,6.59985632183908,3.10259329625872,0.0365929271121802,0.265081177391255,0.231597239194465,"Ifi203/Irgm2",2
"GO:0060759","regulation of response to cytokine stimulus","2/32","88/9187",0.0227272727272727,6.52485795454546,3.07875163600311,0.0373637792451173,0.265081177391255,0.231597239194465,"Irgm2/Oas1g",2
"GO:0006833","water transport","1/32","11/9187",0.0909090909090909,26.0994318181818,4.92427803223486,0.0376747969239999,0.265081177391255,0.231597239194465,"Sctr",1
"GO:0009301","snRNA transcription","1/32","11/9187",0.0909090909090909,26.0994318181818,4.92427803223486,0.0376747969239999,0.265081177391255,0.231597239194465,"Uspl1",1
"GO:0018410","C-terminal protein amino acid modification","1/32","11/9187",0.0909090909090909,26.0994318181818,4.92427803223486,0.0376747969239999,0.265081177391255,0.231597239194465,"Irgm2",1
"GO:0032098","regulation of appetite","1/32","11/9187",0.0909090909090909,26.0994318181818,4.92427803223486,0.0376747969239999,0.265081177391255,0.231597239194465,"Sctr",1
"GO:0043278","response to morphine","1/32","11/9187",0.0909090909090909,26.0994318181818,4.92427803223486,0.0376747969239999,0.265081177391255,0.231597239194465,"Arc",1
"GO:0090051","negative regulation of cell migration involved in sprouting angiogenesis","1/32","11/9187",0.0909090909090909,26.0994318181818,4.92427803223486,0.0376747969239999,0.265081177391255,0.231597239194465,"Thbs1",1
"GO:0140354","lipid import into cell","1/32","11/9187",0.0909090909090909,26.0994318181818,4.92427803223486,0.0376747969239999,0.265081177391255,0.231597239194465,"Thbs1",1
"GO:1901096","regulation of autophagosome maturation","1/32","11/9187",0.0909090909090909,26.0994318181818,4.92427803223486,0.0376747969239999,0.265081177391255,0.231597239194465,"Irgm2",1
"GO:0010212","response to ionizing radiation","2/32","90/9187",0.0222222222222222,6.37986111111111,3.03216099384525,0.038924302190212,0.265081177391255,0.231597239194465,"Ifi203/Pmaip1",2
"GO:0001522","pseudouridine synthesis","1/32","12/9187",0.0833333333333333,23.9244791666667,4.69781704633,0.041030769733332,0.265081177391255,0.231597239194465,"Rpusd4",1
"GO:0014072","response to isoquinoline alkaloid","1/32","12/9187",0.0833333333333333,23.9244791666667,4.69781704633,0.041030769733332,0.265081177391255,0.231597239194465,"Arc",1
"GO:0032682","negative regulation of chemokine production","1/32","12/9187",0.0833333333333333,23.9244791666667,4.69781704633,0.041030769733332,0.265081177391255,0.231597239194465,"Oas1g",1
"GO:0043129","surfactant homeostasis","1/32","12/9187",0.0833333333333333,23.9244791666667,4.69781704633,0.041030769733332,0.265081177391255,0.231597239194465,"Oas1g",1
"GO:0060333","type II interferon-mediated signaling pathway","1/32","12/9187",0.0833333333333333,23.9244791666667,4.69781704633,0.041030769733332,0.265081177391255,0.231597239194465,"Irgm2",1
"GO:0071605","monocyte chemotactic protein-1 production","1/32","12/9187",0.0833333333333333,23.9244791666667,4.69781704633,0.041030769733332,0.265081177391255,0.231597239194465,"Oas1g",1
"GO:0071637","regulation of monocyte chemotactic protein-1 production","1/32","12/9187",0.0833333333333333,23.9244791666667,4.69781704633,0.041030769733332,0.265081177391255,0.231597239194465,"Oas1g",1
"GO:0160049","negative regulation of cGAS/STING signaling pathway","1/32","12/9187",0.0833333333333333,23.9244791666667,4.69781704633,0.041030769733332,0.265081177391255,0.231597239194465,"Irgm2",1
"GO:1902001","fatty acid transmembrane transport","1/32","12/9187",0.0833333333333333,23.9244791666667,4.69781704633,0.041030769733332,0.265081177391255,0.231597239194465,"Thbs1",1
"GO:2000353","positive regulation of endothelial cell apoptotic process","1/32","12/9187",0.0833333333333333,23.9244791666667,4.69781704633,0.041030769733332,0.265081177391255,0.231597239194465,"Thbs1",1
"GO:0045861","negative regulation of proteolysis","2/32","93/9187",0.021505376344086,6.17405913978495,2.96486158549081,0.0413113850182006,0.265081177391255,0.231597239194465,"Pbk/Thbs1",2
"GO:0045727","positive regulation of translation","2/32","96/9187",0.0208333333333333,5.98111979166667,2.90045284568342,0.0437528422668041,0.265081177391255,0.231597239194465,"Rpusd4/Thbs1",2
"GO:0002043","blood vessel endothelial cell proliferation involved in sprouting angiogenesis","1/32","13/9187",0.0769230769230769,22.0841346153846,4.49735452301656,0.0443754035609654,0.265081177391255,0.231597239194465,"Thbs1",1
"GO:0010759","positive regulation of macrophage chemotaxis","1/32","13/9187",0.0769230769230769,22.0841346153846,4.49735452301656,0.0443754035609654,0.265081177391255,0.231597239194465,"Thbs1",1
"GO:0010955","negative regulation of protein processing","1/32","13/9187",0.0769230769230769,22.0841346153846,4.49735452301656,0.0443754035609654,0.265081177391255,0.231597239194465,"Thbs1",1
"GO:0018149","peptide cross-linking","1/32","13/9187",0.0769230769230769,22.0841346153846,4.49735452301656,0.0443754035609654,0.265081177391255,0.231597239194465,"Thbs1",1
"GO:0031630","regulation of synaptic vesicle fusion to presynaptic active zone membrane","1/32","13/9187",0.0769230769230769,22.0841346153846,4.49735452301656,0.0443754035609654,0.265081177391255,0.231597239194465,"Syt8",1
"GO:0031639","plasminogen activation","1/32","13/9187",0.0769230769230769,22.0841346153846,4.49735452301656,0.0443754035609654,0.265081177391255,0.231597239194465,"Thbs1",1
"GO:0043032","positive regulation of macrophage activation","1/32","13/9187",0.0769230769230769,22.0841346153846,4.49735452301656,0.0443754035609654,0.265081177391255,0.231597239194465,"Thbs1",1
"GO:0050820","positive regulation of coagulation","1/32","13/9187",0.0769230769230769,22.0841346153846,4.49735452301656,0.0443754035609654,0.265081177391255,0.231597239194465,"Thbs1",1
"GO:0060045","positive regulation of cardiac muscle cell proliferation","1/32","13/9187",0.0769230769230769,22.0841346153846,4.49735452301656,0.0443754035609654,0.265081177391255,0.231597239194465,"Ccnb1",1
"GO:0060339","negative regulation of type I interferon-mediated signaling pathway","1/32","13/9187",0.0769230769230769,22.0841346153846,4.49735452301656,0.0443754035609654,0.265081177391255,0.231597239194465,"Oas1g",1
"GO:0070525","tRNA threonylcarbamoyladenosine metabolic process","1/32","13/9187",0.0769230769230769,22.0841346153846,4.49735452301656,0.0443754035609654,0.265081177391255,0.231597239194465,"Rpusd4",1
"GO:0071634","regulation of transforming growth factor beta production","1/32","13/9187",0.0769230769230769,22.0841346153846,4.49735452301656,0.0443754035609654,0.265081177391255,0.231597239194465,"Thbs1",1
"GO:0097091","synaptic vesicle clustering","1/32","13/9187",0.0769230769230769,22.0841346153846,4.49735452301656,0.0443754035609654,0.265081177391255,0.231597239194465,"Syn2",1
"GO:0098792","xenophagy","1/32","13/9187",0.0769230769230769,22.0841346153846,4.49735452301656,0.0443754035609654,0.265081177391255,0.231597239194465,"Irgm2",1
"GO:1900452","regulation of long-term synaptic depression","1/32","13/9187",0.0769230769230769,22.0841346153846,4.49735452301656,0.0443754035609654,0.265081177391255,0.231597239194465,"Arc",1
"GO:1901632","regulation of synaptic vesicle membrane organization","1/32","13/9187",0.0769230769230769,22.0841346153846,4.49735452301656,0.0443754035609654,0.265081177391255,0.231597239194465,"Syt8",1
"GO:1903318","negative regulation of protein maturation","1/32","13/9187",0.0769230769230769,22.0841346153846,4.49735452301656,0.0443754035609654,0.265081177391255,0.231597239194465,"Thbs1",1
"GO:0009411","response to UV","2/32","98/9187",0.0204081632653061,5.85905612244898,2.85901172703254,0.0454100391588679,0.265081177391255,0.231597239194465,"Pbk/Pmaip1",2
"GO:0072331","signal transduction by p53 class mediator","2/32","98/9187",0.0204081632653061,5.85905612244898,2.85901172703254,0.0454100391588679,0.265081177391255,0.231597239194465,"Ifi203/Pmaip1",2
"GO:0010563","negative regulation of phosphorus metabolic process","3/32","231/9187",0.012987012987013,3.72849025974026,2.48302098883705,0.0455702579016829,0.265081177391255,0.231597239194465,"Ccnb1/Pbk/Chordc1",3
"GO:0045936","negative regulation of phosphate metabolic process","3/32","231/9187",0.012987012987013,3.72849025974026,2.48302098883705,0.0455702579016829,0.265081177391255,0.231597239194465,"Ccnb1/Pbk/Chordc1",3
"GO:0010508","positive regulation of autophagy","2/32","99/9187",0.0202020202020202,5.79987373737374,2.83871822971582,0.0462473608008776,0.265081177391255,0.231597239194465,"Scoc/Irgm2",2
"GO:0071902","positive regulation of protein serine/threonine kinase activity","2/32","99/9187",0.0202020202020202,5.79987373737374,2.83871822971582,0.0462473608008776,0.265081177391255,0.231597239194465,"Irgm2/Thbs1",2
"GO:0007263","nitric oxide mediated signal transduction","1/32","14/9187",0.0714285714285714,20.5066964285714,4.3181833827093,0.0477087354866301,0.265081177391255,0.231597239194465,"Thbs1",1
"GO:0030575","nuclear body organization","1/32","14/9187",0.0714285714285714,20.5066964285714,4.3181833827093,0.0477087354866301,0.265081177391255,0.231597239194465,"Uspl1",1
"GO:0031340","positive regulation of vesicle fusion","1/32","14/9187",0.0714285714285714,20.5066964285714,4.3181833827093,0.0477087354866301,0.265081177391255,0.231597239194465,"Syt8",1
"GO:0040037","negative regulation of fibroblast growth factor receptor signaling pathway","1/32","14/9187",0.0714285714285714,20.5066964285714,4.3181833827093,0.0477087354866301,0.265081177391255,0.231597239194465,"Thbs1",1
"GO:0050687","negative regulation of defense response to virus","1/32","14/9187",0.0714285714285714,20.5066964285714,4.3181833827093,0.0477087354866301,0.265081177391255,0.231597239194465,"Irgm2",1
"GO:0070131","positive regulation of mitochondrial translation","1/32","14/9187",0.0714285714285714,20.5066964285714,4.3181833827093,0.0477087354866301,0.265081177391255,0.231597239194465,"Rpusd4",1
"GO:0072567","chemokine (C-X-C motif) ligand 2 production","1/32","14/9187",0.0714285714285714,20.5066964285714,4.3181833827093,0.0477087354866301,0.265081177391255,0.231597239194465,"Oas1g",1
"GO:2000341","regulation of chemokine (C-X-C motif) ligand 2 production","1/32","14/9187",0.0714285714285714,20.5066964285714,4.3181833827093,0.0477087354866301,0.265081177391255,0.231597239194465,"Oas1g",1
"GO:0007269","neurotransmitter secretion","2/32","102/9187",0.0196078431372549,5.62928921568627,2.77946346450986,0.0487936474245577,0.265081177391255,0.231597239194465,"Syn2/Syt8",2
"GO:0032680","regulation of tumor necrosis factor production","2/32","102/9187",0.0196078431372549,5.62928921568627,2.77946346450986,0.0487936474245577,0.265081177391255,0.231597239194465,"Oas1g/Thbs1",2
"GO:0099643","signal release from synapse","2/32","102/9187",0.0196078431372549,5.62928921568627,2.77946346450986,0.0487936474245577,0.265081177391255,0.231597239194465,"Syn2/Syt8",2
"GO:0007059","chromosome segregation","3/32","238/9187",0.0126050420168067,3.61882878151261,2.42001113984816,0.0490547942101896,0.265081177391255,0.231597239194465,"Ccnb1/Nusap1/Ncapg",3
"GO:0000280","nuclear division","3/32","239/9187",0.0125523012552301,3.60368723849372,2.41120320710674,0.0495631530701369,0.265081177391255,0.231597239194465,"Ccnb1/Nusap1/Ncapg",3
"GO:0050777","negative regulation of immune response","2/32","104/9187",0.0192307692307692,5.52103365384615,2.74125090334376,0.0505193021943447,0.265081177391255,0.231597239194465,"Ifi203/Oas1g",2
"GO:1903555","regulation of tumor necrosis factor superfamily cytokine production","2/32","104/9187",0.0192307692307692,5.52103365384615,2.74125090334376,0.0505193021943447,0.265081177391255,0.231597239194465,"Oas1g/Thbs1",2
"GO:2001235","positive regulation of apoptotic signaling pathway","2/32","104/9187",0.0192307692307692,5.52103365384615,2.74125090334376,0.0505193021943447,0.265081177391255,0.231597239194465,"Pmaip1/Thbs1",2
"GO:0000963","mitochondrial RNA processing","1/32","15/9187",0.0666666666666667,19.1395833333333,4.1567121315106,0.0510308024728318,0.265081177391255,0.231597239194465,"Rpusd4",1
"GO:0002504","antigen processing and presentation of peptide or polysaccharide antigen via MHC class II","1/32","15/9187",0.0666666666666667,19.1395833333333,4.1567121315106,0.0510308024728318,0.265081177391255,0.231597239194465,"Thbs1",1
"GO:0003416","endochondral bone growth","1/32","15/9187",0.0666666666666667,19.1395833333333,4.1567121315106,0.0510308024728318,0.265081177391255,0.231597239194465,"Thbs1",1
"GO:0010800","positive regulation of peptidyl-threonine phosphorylation","1/32","15/9187",0.0666666666666667,19.1395833333333,4.1567121315106,0.0510308024728318,0.265081177391255,0.231597239194465,"Irgm2",1
"GO:0019934","cGMP-mediated signaling","1/32","15/9187",0.0666666666666667,19.1395833333333,4.1567121315106,0.0510308024728318,0.265081177391255,0.231597239194465,"Thbs1",1
"GO:0032026","response to magnesium ion","1/32","15/9187",0.0666666666666667,19.1395833333333,4.1567121315106,0.0510308024728318,0.265081177391255,0.231597239194465,"Thbs1",1
"GO:0032369","negative regulation of lipid transport","1/32","15/9187",0.0666666666666667,19.1395833333333,4.1567121315106,0.0510308024728318,0.265081177391255,0.231597239194465,"Thbs1",1
"GO:0032891","negative regulation of organic acid transport","1/32","15/9187",0.0666666666666667,19.1395833333333,4.1567121315106,0.0510308024728318,0.265081177391255,0.231597239194465,"Thbs1",1
"GO:0042044","fluid transport","1/32","15/9187",0.0666666666666667,19.1395833333333,4.1567121315106,0.0510308024728318,0.265081177391255,0.231597239194465,"Sctr",1
"GO:0043949","regulation of cAMP-mediated signaling","1/32","15/9187",0.0666666666666667,19.1395833333333,4.1567121315106,0.0510308024728318,0.265081177391255,0.231597239194465,"Sctr",1
"GO:0051988","regulation of attachment of spindle microtubules to kinetochore","1/32","15/9187",0.0666666666666667,19.1395833333333,4.1567121315106,0.0510308024728318,0.265081177391255,0.231597239194465,"Ccnb1",1
"GO:0070431","nucleotide-binding oligomerization domain containing 2 signaling pathway","1/32","15/9187",0.0666666666666667,19.1395833333333,4.1567121315106,0.0510308024728318,0.265081177391255,0.231597239194465,"Irgm2",1
"GO:0071604","transforming growth factor beta production","1/32","15/9187",0.0666666666666667,19.1395833333333,4.1567121315106,0.0510308024728318,0.265081177391255,0.231597239194465,"Thbs1",1
"GO:0140896","cGAS/STING signaling pathway","1/32","15/9187",0.0666666666666667,19.1395833333333,4.1567121315106,0.0510308024728318,0.265081177391255,0.231597239194465,"Irgm2",1
"GO:1903747","regulation of establishment of protein localization to mitochondrion","1/32","15/9187",0.0666666666666667,19.1395833333333,4.1567121315106,0.0510308024728318,0.265081177391255,0.231597239194465,"Pmaip1",1
"GO:2001026","regulation of endothelial cell chemotaxis","1/32","15/9187",0.0666666666666667,19.1395833333333,4.1567121315106,0.0510308024728318,0.265081177391255,0.231597239194465,"Thbs1",1
"GO:0071478","cellular response to radiation","2/32","105/9187",0.019047619047619,5.46845238095238,2.72251367757205,0.0513904286292246,0.265081177391255,0.231597239194465,"Ifi203/Pbk",2
"GO:2001236","regulation of extrinsic apoptotic signaling pathway","2/32","105/9187",0.019047619047619,5.46845238095238,2.72251367757205,0.0513904286292246,0.265081177391255,0.231597239194465,"Pmaip1/Thbs1",2
"GO:1902532","negative regulation of intracellular signal transduction","4/32","409/9187",0.0097799511002445,2.80776283618582,2.21113039757068,0.0520460588967019,0.265081177391255,0.231597239194465,"Ifi203/Pbk/Irgm2/Thbs1",4
"GO:0032640","tumor necrosis factor production","2/32","106/9187",0.0188679245283019,5.41686320754717,2.70401489344281,0.0522670260739758,0.265081177391255,0.231597239194465,"Oas1g/Thbs1",2
"GO:1902850","microtubule cytoskeleton organization involved in mitosis","2/32","107/9187",0.0186915887850467,5.36623831775701,2.68574908607809,0.0531490485574226,0.265081177391255,0.231597239194465,"Ccnb1/Nusap1",2
"GO:0035265","organ growth","2/32","108/9187",0.0185185185185185,5.31655092592593,2.66771096641125,0.0540364503443125,0.265081177391255,0.231597239194465,"Ccnb1/Thbs1",2
"GO:0071706","tumor necrosis factor superfamily cytokine production","2/32","108/9187",0.0185185185185185,5.31655092592593,2.66771096641125,0.0540364503443125,0.265081177391255,0.231597239194465,"Oas1g/Thbs1",2
"GO:0016556","mRNA modification","1/32","16/9187",0.0625,17.943359375,4.01014616550336,0.0543416413652074,0.265081177391255,0.231597239194465,"Rpusd4",1
"GO:0034138","toll-like receptor 3 signaling pathway","1/32","16/9187",0.0625,17.943359375,4.01014616550336,0.0543416413652074,0.265081177391255,0.231597239194465,"Oas1g",1
"GO:0035872","nucleotide-binding domain, leucine rich repeat containing receptor signaling pathway","1/32","16/9187",0.0625,17.943359375,4.01014616550336,0.0543416413652074,0.265081177391255,0.231597239194465,"Irgm2",1
"GO:0046597","host-mediated suppression of symbiont invasion","1/32","16/9187",0.0625,17.943359375,4.01014616550336,0.0543416413652074,0.265081177391255,0.231597239194465,"Ifitm1",1
"GO:0050891","multicellular organismal-level water homeostasis","1/32","16/9187",0.0625,17.943359375,4.01014616550336,0.0543416413652074,0.265081177391255,0.231597239194465,"Sctr",1
"GO:0090141","positive regulation of mitochondrial fission","1/32","16/9187",0.0625,17.943359375,4.01014616550336,0.0543416413652074,0.265081177391255,0.231597239194465,"Irgm2",1
"GO:0090266","regulation of mitotic cell cycle spindle assembly checkpoint","1/32","16/9187",0.0625,17.943359375,4.01014616550336,0.0543416413652074,0.265081177391255,0.231597239194465,"Ccnb1",1
"GO:1901526","positive regulation of mitophagy","1/32","16/9187",0.0625,17.943359375,4.01014616550336,0.0543416413652074,0.265081177391255,0.231597239194465,"Irgm2",1
"GO:1903504","regulation of mitotic spindle checkpoint","1/32","16/9187",0.0625,17.943359375,4.01014616550336,0.0543416413652074,0.265081177391255,0.231597239194465,"Ccnb1",1
"GO:0050778","positive regulation of immune response","4/32","416/9187",0.00961538461538462,2.76051682692308,2.17255773036979,0.0547827043790999,0.265935458150971,0.232343610805585,"Ifi203/Irgm2/Gbp2/Oas1g",4
"GO:0009952","anterior/posterior pattern specification","2/32","110/9187",0.0181818181818182,5.21988636363636,2.63229746990779,0.0558272100610154,0.266857818948532,0.233149462870823,"Arc/Ifitm1",2
"GO:0009314","response to radiation","3/32","253/9187",0.0118577075098814,3.40427371541502,2.29261025371011,0.0569539697651766,0.266857818948532,0.233149462870823,"Ifi203/Pbk/Pmaip1",3
"GO:0030162","regulation of proteolysis","3/32","253/9187",0.0118577075098814,3.40427371541502,2.29261025371011,0.0569539697651766,0.266857818948532,0.233149462870823,"Pbk/Psme2/Thbs1",3
"GO:0010971","positive regulation of G2/M transition of mitotic cell cycle","1/32","17/9187",0.0588235294117647,16.8878676470588,3.87627376208791,0.0576412888928829,0.266857818948532,0.233149462870823,"Ccnb1",1
"GO:0048266","behavioral response to pain","1/32","17/9187",0.0588235294117647,16.8878676470588,3.87627376208791,0.0576412888928829,0.266857818948532,0.233149462870823,"Thbs1",1
"GO:0050996","positive regulation of lipid catabolic process","1/32","17/9187",0.0588235294117647,16.8878676470588,3.87627376208791,0.0576412888928829,0.266857818948532,0.233149462870823,"Sctr",1
"GO:0090200","positive regulation of release of cytochrome c from mitochondria","1/32","17/9187",0.0588235294117647,16.8878676470588,3.87627376208791,0.0576412888928829,0.266857818948532,0.233149462870823,"Pmaip1",1
"GO:0098868","bone growth","1/32","17/9187",0.0588235294117647,16.8878676470588,3.87627376208791,0.0576412888928829,0.266857818948532,0.233149462870823,"Thbs1",1
"GO:1903599","positive regulation of autophagy of mitochondrion","1/32","17/9187",0.0588235294117647,16.8878676470588,3.87627376208791,0.0576412888928829,0.266857818948532,0.233149462870823,"Irgm2",1
"GO:2000269","regulation of fibroblast apoptotic process","1/32","17/9187",0.0588235294117647,16.8878676470588,3.87627376208791,0.0576412888928829,0.266857818948532,0.233149462870823,"Pmaip1",1
"GO:0043254","regulation of protein-containing complex assembly","3/32","256/9187",0.01171875,3.3643798828125,2.2682777299377,0.0586034351216657,0.268413135104973,0.234508318039081,"Ifi203/Irgm2/Gbp2",3
"GO:0031400","negative regulation of protein modification process","3/32","258/9187",0.0116279069767442,3.33829941860465,2.25225520139317,0.0597157960421905,0.268413135104973,0.234508318039081,"Ccnb1/Pbk/Chordc1",3
"GO:0061136","regulation of proteasomal protein catabolic process","2/32","115/9187",0.0173913043478261,4.9929347826087,2.54740884033401,0.0603950906702157,0.268413135104973,0.234508318039081,"Pbk/Psme2",2
"GO:0001556","oocyte maturation","1/32","18/9187",0.0555555555555556,15.9496527777778,3.75331839572845,0.0609297816688288,0.268413135104973,0.234508318039081,"Ccnb1",1
"GO:0007340","acrosome reaction","1/32","18/9187",0.0555555555555556,15.9496527777778,3.75331839572845,0.0609297816688288,0.268413135104973,0.234508318039081,"Syt8",1
"GO:0010763","positive regulation of fibroblast migration","1/32","18/9187",0.0555555555555556,15.9496527777778,3.75331839572845,0.0609297816688288,0.268413135104973,0.234508318039081,"Thbs1",1
"GO:0030511","positive regulation of transforming growth factor beta receptor signaling pathway","1/32","18/9187",0.0555555555555556,15.9496527777778,3.75331839572845,0.0609297816688288,0.268413135104973,0.234508318039081,"Thbs1",1
"GO:0043516","regulation of DNA damage response, signal transduction by p53 class mediator","1/32","18/9187",0.0555555555555556,15.9496527777778,3.75331839572845,0.0609297816688288,0.268413135104973,0.234508318039081,"Pmaip1",1
"GO:0090231","regulation of spindle checkpoint","1/32","18/9187",0.0555555555555556,15.9496527777778,3.75331839572845,0.0609297816688288,0.268413135104973,0.234508318039081,"Ccnb1",1
"GO:1903846","positive regulation of cellular response to transforming growth factor beta stimulus","1/32","18/9187",0.0555555555555556,15.9496527777778,3.75331839572845,0.0609297816688288,0.268413135104973,0.234508318039081,"Thbs1",1
"GO:1905523","positive regulation of macrophage migration","1/32","18/9187",0.0555555555555556,15.9496527777778,3.75331839572845,0.0609297816688288,0.268413135104973,0.234508318039081,"Thbs1",1
"GO:0019221","cytokine-mediated signaling pathway","3/32","263/9187",0.0114068441064639,3.27483365019011,2.2128744411865,0.0625408802616999,0.273387547745288,0.238854383819567,"Irgm2/Oas1g/Ifitm1",3
"GO:0010564","regulation of cell cycle process","4/32","435/9187",0.00919540229885057,2.63994252873563,2.07170845255401,0.0626057484336709,0.273387547745288,0.238854383819567,"Ccnb1/Nusap1/Chordc1/Psme2",4
"GO:0010758","regulation of macrophage chemotaxis","1/32","19/9187",0.0526315789473684,15.1101973684211,3.63983437413147,0.0642071561902161,0.273447237515388,0.238906533829233,"Thbs1",1
"GO:0055023","positive regulation of cardiac muscle tissue growth","1/32","19/9187",0.0526315789473684,15.1101973684211,3.63983437413147,0.0642071561902161,0.273447237515388,0.238906533829233,"Ccnb1",1
"GO:0060351","cartilage development involved in endochondral bone morphogenesis","1/32","19/9187",0.0526315789473684,15.1101973684211,3.63983437413147,0.0642071561902161,0.273447237515388,0.238906533829233,"Thbs1",1
"GO:0141087","positive regulation of inflammasome-mediated signaling pathway","1/32","19/9187",0.0526315789473684,15.1101973684211,3.63983437413147,0.0642071561902161,0.273447237515388,0.238906533829233,"Gbp2",1
"GO:1902751","positive regulation of cell cycle G2/M phase transition","1/32","19/9187",0.0526315789473684,15.1101973684211,3.63983437413147,0.0642071561902161,0.273447237515388,0.238906533829233,"Ccnb1",1
"GO:0006006","glucose metabolic process","2/32","120/9187",0.0166666666666667,4.78489583333333,2.46729899607763,0.0650885275104168,0.273447237515388,0.238906533829233,"Pmaip1/Oas1g",2
"GO:0000154","rRNA modification","1/32","20/9187",0.05,14.3546875,3.53463153274298,0.067473448838767,0.273447237515388,0.238906533829233,"Rpusd4",1
"GO:0010165","response to X-ray","1/32","20/9187",0.05,14.3546875,3.53463153274298,0.067473448838767,0.273447237515388,0.238906533829233,"Pmaip1",1
"GO:0030224","monocyte differentiation","1/32","20/9187",0.05,14.3546875,3.53463153274298,0.067473448838767,0.273447237515388,0.238906533829233,"Ifi203",1
"GO:0032435","negative regulation of proteasomal ubiquitin-dependent protein catabolic process","1/32","20/9187",0.05,14.3546875,3.53463153274298,0.067473448838767,0.273447237515388,0.238906533829233,"Pbk",1
"GO:0044090","positive regulation of vacuole organization","1/32","20/9187",0.05,14.3546875,3.53463153274298,0.067473448838767,0.273447237515388,0.238906533829233,"Irgm2",1
"GO:0070129","regulation of mitochondrial translation","1/32","20/9187",0.05,14.3546875,3.53463153274298,0.067473448838767,0.273447237515388,0.238906533829233,"Rpusd4",1
"GO:1901798","positive regulation of signal transduction by p53 class mediator","1/32","20/9187",0.05,14.3546875,3.53463153274298,0.067473448838767,0.273447237515388,0.238906533829233,"Pmaip1",1
"GO:2000191","regulation of fatty acid transport","1/32","20/9187",0.05,14.3546875,3.53463153274298,0.067473448838767,0.273447237515388,0.238906533829233,"Thbs1",1
"GO:0007268","chemical synaptic transmission","4/32","447/9187",0.00894854586129754,2.56907158836689,2.0107118582961,0.0678420230201222,0.273447237515388,0.238906533829233,"Syn2/Arc/Sctr/Syt8",4
"GO:0098916","anterograde trans-synaptic signaling","4/32","447/9187",0.00894854586129754,2.56907158836689,2.0107118582961,0.0678420230201222,0.273447237515388,0.238906533829233,"Syn2/Arc/Sctr/Syt8",4
"GO:1903047","mitotic cell cycle process","4/32","449/9187",0.0089086859688196,2.5576280623608,2.00073674600106,0.0687367981181327,0.273447237515388,0.238906533829233,"Ccnb1/Nusap1/Psme2/Ncapg",4
"GO:0099537","trans-synaptic signaling","4/32","452/9187",0.00884955752212389,2.54065265486726,1.98587329089944,0.070090723398573,0.273447237515388,0.238906533829233,"Syn2/Arc/Sctr/Syt8",4
"GO:0031629","synaptic vesicle fusion to presynaptic active zone membrane","1/32","21/9187",0.0476190476190476,13.671130952381,3.43671988327258,0.0707286958811102,0.273447237515388,0.238906533829233,"Syt8",1
"GO:0043277","apoptotic cell clearance","1/32","21/9187",0.0476190476190476,13.671130952381,3.43671988327258,0.0707286958811102,0.273447237515388,0.238906533829233,"Thbs1",1
"GO:0060421","positive regulation of heart growth","1/32","21/9187",0.0476190476190476,13.671130952381,3.43671988327258,0.0707286958811102,0.273447237515388,0.238906533829233,"Ccnb1",1
"GO:0099500","vesicle fusion to plasma membrane","1/32","21/9187",0.0476190476190476,13.671130952381,3.43671988327258,0.0707286958811102,0.273447237515388,0.238906533829233,"Syt8",1
"GO:0018105","peptidyl-serine phosphorylation","2/32","128/9187",0.015625,4.48583984375,2.34790932149983,0.0728457545162046,0.273447237515388,0.238906533829233,"Pbk/Irgm2",2
"GO:0000082","G1/S transition of mitotic cell cycle","2/32","129/9187",0.0155038759689922,4.45106589147287,2.33367827776335,0.073835964160147,0.273447237515388,0.238906533829233,"Ccnb1/Psme2",2
"GO:0009267","cellular response to starvation","2/32","129/9187",0.0155038759689922,4.45106589147287,2.33367827776335,0.073835964160147,0.273447237515388,0.238906533829233,"Ifi203/Pmaip1",2
"GO:0001779","natural killer cell differentiation","1/32","22/9187",0.0454545454545455,13.0497159090909,3.34526825266181,0.0739729334691317,0.273447237515388,0.238906533829233,"Nfil3",1
"GO:0009225","nucleotide-sugar metabolic process","1/32","22/9187",0.0454545454545455,13.0497159090909,3.34526825266181,0.0739729334691317,0.273447237515388,0.238906533829233,"Cmah",1
"GO:0031338","regulation of vesicle fusion","1/32","22/9187",0.0454545454545455,13.0497159090909,3.34526825266181,0.0739729334691317,0.273447237515388,0.238906533829233,"Syt8",1
"GO:0035767","endothelial cell chemotaxis","1/32","22/9187",0.0454545454545455,13.0497159090909,3.34526825266181,0.0739729334691317,0.273447237515388,0.238906533829233,"Thbs1",1
"GO:0043537","negative regulation of blood vessel endothelial cell migration","1/32","22/9187",0.0454545454545455,13.0497159090909,3.34526825266181,0.0739729334691317,0.273447237515388,0.238906533829233,"Thbs1",1
"GO:0044346","fibroblast apoptotic process","1/32","22/9187",0.0454545454545455,13.0497159090909,3.34526825266181,0.0739729334691317,0.273447237515388,0.238906533829233,"Pmaip1",1
"GO:0048147","negative regulation of fibroblast proliferation","1/32","22/9187",0.0454545454545455,13.0497159090909,3.34526825266181,0.0739729334691317,0.273447237515388,0.238906533829233,"Pmaip1",1
"GO:0050685","positive regulation of mRNA processing","1/32","22/9187",0.0454545454545455,13.0497159090909,3.34526825266181,0.0739729334691317,0.273447237515388,0.238906533829233,"Ccnb1",1
"GO:0070293","renal absorption","1/32","22/9187",0.0454545454545455,13.0497159090909,3.34526825266181,0.0739729334691317,0.273447237515388,0.238906533829233,"Sctr",1
"GO:0001817","regulation of cytokine production","4/32","461/9187",0.00867678958785249,2.49105206073753,1.94197976816911,0.0742368164811638,0.273447237515388,0.238906533829233,"Ifi203/Irgm2/Oas1g/Thbs1",4
"GO:0051248","negative regulation of protein metabolic process","4/32","464/9187",0.00862068965517241,2.47494612068966,1.92757482412684,0.0756468111738453,0.273447237515388,0.238906533829233,"Ccnb1/Pbk/Chordc1/Thbs1",4
"GO:0006836","neurotransmitter transport","2/32","131/9187",0.0152671755725191,4.3831106870229,2.3056462929182,0.0758296353521154,0.273447237515388,0.238906533829233,"Syn2/Syt8",2
"GO:0071222","cellular response to lipopolysaccharide","2/32","132/9187",0.0151515151515152,4.3499053030303,2.29184004748753,0.0768330159567696,0.273447237515388,0.238906533829233,"Irgm2/Gbp2",2
"GO:0001953","negative regulation of cell-matrix adhesion","1/32","23/9187",0.0434782608695652,12.4823369565217,3.25957291550284,0.0772061976403249,0.273447237515388,0.238906533829233,"Thbs1",1
"GO:0002021","response to dietary excess","1/32","23/9187",0.0434782608695652,12.4823369565217,3.25957291550284,0.0772061976403249,0.273447237515388,0.238906533829233,"Sctr",1
"GO:0045840","positive regulation of mitotic nuclear division","1/32","23/9187",0.0434782608695652,12.4823369565217,3.25957291550284,0.0772061976403249,0.273447237515388,0.238906533829233,"Nusap1",1
"GO:0048246","macrophage chemotaxis","1/32","23/9187",0.0434782608695652,12.4823369565217,3.25957291550284,0.0772061976403249,0.273447237515388,0.238906533829233,"Thbs1",1
"GO:0051984","positive regulation of chromosome segregation","1/32","23/9187",0.0434782608695652,12.4823369565217,3.25957291550284,0.0772061976403249,0.273447237515388,0.238906533829233,"Ccnb1",1
"GO:0070269","pyroptotic inflammatory response","1/32","23/9187",0.0434782608695652,12.4823369565217,3.25957291550284,0.0772061976403249,0.273447237515388,0.238906533829233,"Gbp2",1
"GO:0018209","peptidyl-serine modification","2/32","133/9187",0.0150375939849624,4.3171992481203,2.27817021239169,0.0778407062921876,0.273447237515388,0.238906533829233,"Pbk/Irgm2",2
"GO:0050821","protein stabilization","2/32","133/9187",0.0150375939849624,4.3171992481203,2.27817021239169,0.0778407062921876,0.273447237515388,0.238906533829233,"Irgm2/Csn3",2
"GO:0045333","cellular respiration","2/32","135/9187",0.0148148148148148,4.25324074074074,2.25122990574034,0.0798688565966419,0.273447237515388,0.238906533829233,"Ccnb1/Oas1g",2
"GO:0071219","cellular response to molecule of bacterial origin","2/32","135/9187",0.0148148148148148,4.25324074074074,2.25122990574034,0.0798688565966419,0.273447237515388,0.238906533829233,"Irgm2/Gbp2",2
"GO:1903050","regulation of proteolysis involved in protein catabolic process","2/32","135/9187",0.0148148148148148,4.25324074074074,2.25122990574034,0.0798688565966419,0.273447237515388,0.238906533829233,"Pbk/Psme2",2
"GO:0045859","regulation of protein kinase activity","3/32","292/9187",0.0102739726027397,2.94959332191781,2.00157336609679,0.0801350523538616,0.273447237515388,0.238906533829233,"Chordc1/Irgm2/Thbs1",3
"GO:0030195","negative regulation of blood coagulation","1/32","24/9187",0.0416666666666667,11.9622395833333,3.17903348534987,0.0804285243181414,0.273447237515388,0.238906533829233,"Thbs1",1
"GO:0032480","negative regulation of type I interferon production","1/32","24/9187",0.0416666666666667,11.9622395833333,3.17903348534987,0.0804285243181414,0.273447237515388,0.238906533829233,"Irgm2",1
"GO:0032872","regulation of stress-activated MAPK cascade","1/32","24/9187",0.0416666666666667,11.9622395833333,3.17903348534987,0.0804285243181414,0.273447237515388,0.238906533829233,"Pbk",1
"GO:0040036","regulation of fibroblast growth factor receptor signaling pathway","1/32","24/9187",0.0416666666666667,11.9622395833333,3.17903348534987,0.0804285243181414,0.273447237515388,0.238906533829233,"Thbs1",1
"GO:0043331","response to dsRNA","1/32","24/9187",0.0416666666666667,11.9622395833333,3.17903348534987,0.0804285243181414,0.273447237515388,0.238906533829233,"Pmaip1",1
"GO:0048265","response to pain","1/32","24/9187",0.0416666666666667,11.9622395833333,3.17903348534987,0.0804285243181414,0.273447237515388,0.238906533829233,"Thbs1",1
"GO:0048499","synaptic vesicle membrane organization","1/32","24/9187",0.0416666666666667,11.9622395833333,3.17903348534987,0.0804285243181414,0.273447237515388,0.238906533829233,"Syt8",1
"GO:0070302","regulation of stress-activated protein kinase signaling cascade","1/32","24/9187",0.0416666666666667,11.9622395833333,3.17903348534987,0.0804285243181414,0.273447237515388,0.238906533829233,"Pbk",1
"GO:0090140","regulation of mitochondrial fission","1/32","24/9187",0.0416666666666667,11.9622395833333,3.17903348534987,0.0804285243181414,0.273447237515388,0.238906533829233,"Irgm2",1
"GO:0007346","regulation of mitotic cell cycle","3/32","295/9187",0.0101694915254237,2.91959745762712,1.98120986790026,0.0820689802982736,0.273447237515388,0.238906533829233,"Ccnb1/Nusap1/Psme2",3
"GO:0099536","synaptic signaling","4/32","478/9187",0.00836820083682008,2.40245815899582,1.86178167681155,0.0824098654115416,0.273447237515388,0.238906533829233,"Syn2/Arc/Sctr/Syt8",4
"GO:0001819","positive regulation of cytokine production","3/32","296/9187",0.0101351351351351,2.9097339527027,1.97447870952193,0.0827182157847301,0.273447237515388,0.238906533829233,"Ifi203/Oas1g/Thbs1",3
"GO:0019318","hexose metabolic process","2/32","138/9187",0.0144927536231884,4.16077898550725,2.2117824807389,0.0829424132899241,0.273447237515388,0.238906533829233,"Pmaip1/Oas1g",2
"GO:0001937","negative regulation of endothelial cell proliferation","1/32","25/9187",0.04,11.48375,3.10313415908639,0.0836399493123376,0.273447237515388,0.238906533829233,"Thbs1",1
"GO:0006884","cell volume homeostasis","1/32","25/9187",0.04,11.48375,3.10313415908639,0.0836399493123376,0.273447237515388,0.238906533829233,"Sctr",1
"GO:0007595","lactation","1/32","25/9187",0.04,11.48375,3.10313415908639,0.0836399493123376,0.273447237515388,0.238906533829233,"Csn3",1
"GO:0019884","antigen processing and presentation of exogenous antigen","1/32","25/9187",0.04,11.48375,3.10313415908639,0.0836399493123376,0.273447237515388,0.238906533829233,"Psme2",1
"GO:0040001","establishment of mitotic spindle localization","1/32","25/9187",0.04,11.48375,3.10313415908639,0.0836399493123376,0.273447237515388,0.238906533829233,"Nusap1",1
"GO:0045601","regulation of endothelial cell differentiation","1/32","25/9187",0.04,11.48375,3.10313415908639,0.0836399493123376,0.273447237515388,0.238906533829233,"Apold1",1
"GO:0060043","regulation of cardiac muscle cell proliferation","1/32","25/9187",0.04,11.48375,3.10313415908639,0.0836399493123376,0.273447237515388,0.238906533829233,"Ccnb1",1
"GO:0060292","long-term synaptic depression","1/32","25/9187",0.04,11.48375,3.10313415908639,0.0836399493123376,0.273447237515388,0.238906533829233,"Arc",1
"GO:1900047","negative regulation of hemostasis","1/32","25/9187",0.04,11.48375,3.10313415908639,0.0836399493123376,0.273447237515388,0.238906533829233,"Thbs1",1
"GO:1900225","regulation of NLRP3 inflammasome complex assembly","1/32","25/9187",0.04,11.48375,3.10313415908639,0.0836399493123376,0.273447237515388,0.238906533829233,"Irgm2",1
"GO:1901524","regulation of mitophagy","1/32","25/9187",0.04,11.48375,3.10313415908639,0.0836399493123376,0.273447237515388,0.238906533829233,"Irgm2",1
"GO:0009749","response to glucose","2/32","139/9187",0.0143884892086331,4.13084532374101,2.19888112737368,0.0839751305473973,0.273447237515388,0.238906533829233,"Thbs1/Nnat",2
"GO:0051276","chromosome organization","3/32","302/9187",0.00993377483443709,2.85192466887417,1.93467093681051,0.086661351689354,0.273447237515388,0.238906533829233,"Ccnb1/Nusap1/Ncapg",3
"GO:0007616","long-term memory","1/32","26/9187",0.0384615384615385,11.0420673076923,3.03142896360247,0.0868405083193237,0.273447237515388,0.238906533829233,"Arc",1
"GO:0044546","NLRP3 inflammasome complex assembly","1/32","26/9187",0.0384615384615385,11.0420673076923,3.03142896360247,0.0868405083193237,0.273447237515388,0.238906533829233,"Irgm2",1
"GO:0050819","negative regulation of coagulation","1/32","26/9187",0.0384615384615385,11.0420673076923,3.03142896360247,0.0868405083193237,0.273447237515388,0.238906533829233,"Thbs1",1
"GO:0050922","negative regulation of chemotaxis","1/32","26/9187",0.0384615384615385,11.0420673076923,3.03142896360247,0.0868405083193237,0.273447237515388,0.238906533829233,"Thbs1",1
"GO:0060338","regulation of type I interferon-mediated signaling pathway","1/32","26/9187",0.0384615384615385,11.0420673076923,3.03142896360247,0.0868405083193237,0.273447237515388,0.238906533829233,"Oas1g",1
"GO:0071353","cellular response to interleukin-4","1/32","26/9187",0.0384615384615385,11.0420673076923,3.03142896360247,0.0868405083193237,0.273447237515388,0.238906533829233,"Nfil3",1
"GO:1903146","regulation of autophagy of mitochondrion","1/32","26/9187",0.0384615384615385,11.0420673076923,3.03142896360247,0.0868405083193237,0.273447237515388,0.238906533829233,"Irgm2",1
"GO:0045055","regulated exocytosis","2/32","143/9187",0.013986013986014,4.0152972027972,2.1484581681088,0.0881459608661247,0.273447237515388,0.238906533829233,"Syn2/Syt8",2
"GO:0006040","amino sugar metabolic process","1/32","27/9187",0.037037037037037,10.6331018518519,2.96353003271396,0.090030236922509,0.273447237515388,0.238906533829233,"Cmah",1
"GO:0043243","positive regulation of protein-containing complex disassembly","1/32","27/9187",0.037037037037037,10.6331018518519,2.96353003271396,0.090030236922509,0.273447237515388,0.238906533829233,"Irgm2",1
"GO:0062125","regulation of mitochondrial gene expression","1/32","27/9187",0.037037037037037,10.6331018518519,2.96353003271396,0.090030236922509,0.273447237515388,0.238906533829233,"Rpusd4",1
"GO:0140632","canonical inflammasome complex assembly","1/32","27/9187",0.037037037037037,10.6331018518519,2.96353003271396,0.090030236922509,0.273447237515388,0.238906533829233,"Irgm2",1
"GO:0009746","response to hexose","2/32","145/9187",0.0137931034482759,3.95991379310345,2.12392828042587,0.0902548189176466,0.273447237515388,0.238906533829233,"Thbs1/Nnat",2
"GO:0033044","regulation of chromosome organization","2/32","146/9187",0.0136986301369863,3.93279109589041,2.11182709549367,0.0913149766099221,0.273447237515388,0.238906533829233,"Ccnb1/Ncapg",2
"GO:0072593","reactive oxygen species metabolic process","2/32","146/9187",0.0136986301369863,3.93279109589041,2.11182709549367,0.0913149766099221,0.273447237515388,0.238906533829233,"Pmaip1/Thbs1",2
"GO:0043549","regulation of kinase activity","3/32","310/9187",0.00967741935483871,2.77832661290323,1.8830779593886,0.0920440833522238,0.273447237515388,0.238906533829233,"Chordc1/Irgm2/Thbs1",3
"GO:0010799","regulation of peptidyl-threonine phosphorylation","1/32","28/9187",0.0357142857142857,10.2533482142857,2.89909820492974,0.0932091705926487,0.273447237515388,0.238906533829233,"Irgm2",1
"GO:0017158","regulation of calcium ion-dependent exocytosis","1/32","28/9187",0.0357142857142857,10.2533482142857,2.89909820492974,0.0932091705926487,0.273447237515388,0.238906533829233,"Syt8",1
"GO:0043392","negative regulation of DNA binding","1/32","28/9187",0.0357142857142857,10.2533482142857,2.89909820492974,0.0932091705926487,0.273447237515388,0.238906533829233,"Ifi203",1
"GO:0043457","regulation of cellular respiration","1/32","28/9187",0.0357142857142857,10.2533482142857,2.89909820492974,0.0932091705926487,0.273447237515388,0.238906533829233,"Oas1g",1
"GO:0048599","oocyte development","1/32","28/9187",0.0357142857142857,10.2533482142857,2.89909820492974,0.0932091705926487,0.273447237515388,0.238906533829233,"Ccnb1",1
"GO:0070670","response to interleukin-4","1/32","28/9187",0.0357142857142857,10.2533482142857,2.89909820492974,0.0932091705926487,0.273447237515388,0.238906533829233,"Nfil3",1
"GO:0099149","regulation of postsynaptic neurotransmitter receptor internalization","1/32","28/9187",0.0357142857142857,10.2533482142857,2.89909820492974,0.0932091705926487,0.273447237515388,0.238906533829233,"Arc",1
"GO:1905521","regulation of macrophage migration","1/32","28/9187",0.0357142857142857,10.2533482142857,2.89909820492974,0.0932091705926487,0.273447237515388,0.238906533829233,"Thbs1",1
"GO:0044843","cell cycle G1/S phase transition","2/32","149/9187",0.0134228187919463,3.85360738255034,2.0761571386603,0.0945179175890746,0.273447237515388,0.238906533829233,"Ccnb1/Psme2",2
"GO:0071216","cellular response to biotic stimulus","2/32","149/9187",0.0134228187919463,3.85360738255034,2.0761571386603,0.0945179175890746,0.273447237515388,0.238906533829233,"Irgm2/Gbp2",2
"GO:0005996","monosaccharide metabolic process","2/32","150/9187",0.0133333333333333,3.82791666666667,2.0644726381433,0.0955929309377306,0.273447237515388,0.238906533829233,"Pmaip1/Oas1g",2
"GO:0034284","response to monosaccharide","2/32","150/9187",0.0133333333333333,3.82791666666667,2.0644726381433,0.0955929309377306,0.273447237515388,0.238906533829233,"Thbs1/Nnat",2
"GO:0048167","regulation of synaptic plasticity","2/32","150/9187",0.0133333333333333,3.82791666666667,2.0644726381433,0.0955929309377306,0.273447237515388,0.238906533829233,"Arc/Sctr",2
"GO:0097191","extrinsic apoptotic signaling pathway","2/32","150/9187",0.0133333333333333,3.82791666666667,2.0644726381433,0.0955929309377306,0.273447237515388,0.238906533829233,"Pmaip1/Thbs1",2
"GO:0006911","phagocytosis, engulfment","1/32","29/9187",0.0344827586206897,9.89978448275862,2.83783541768638,0.0963773446881868,0.273447237515388,0.238906533829233,"Thbs1",1
"GO:0009994","oocyte differentiation","1/32","29/9187",0.0344827586206897,9.89978448275862,2.83783541768638,0.0963773446881868,0.273447237515388,0.238906533829233,"Ccnb1",1
"GO:0019933","cAMP-mediated signaling","1/32","29/9187",0.0344827586206897,9.89978448275862,2.83783541768638,0.0963773446881868,0.273447237515388,0.238906533829233,"Sctr",1
"GO:0031124","mRNA 3'-end processing","1/32","29/9187",0.0344827586206897,9.89978448275862,2.83783541768638,0.0963773446881868,0.273447237515388,0.238906533829233,"Ccnb1",1
"GO:0031638","zymogen activation","1/32","29/9187",0.0344827586206897,9.89978448275862,2.83783541768638,0.0963773446881868,0.273447237515388,0.238906533829233,"Thbs1",1
"GO:0042771","intrinsic apoptotic signaling pathway in response to DNA damage by p53 class mediator","1/32","29/9187",0.0344827586206897,9.89978448275862,2.83783541768638,0.0963773446881868,0.273447237515388,0.238906533829233,"Pmaip1",1
"GO:0090049","regulation of cell migration involved in sprouting angiogenesis","1/32","29/9187",0.0344827586206897,9.89978448275862,2.83783541768638,0.0963773446881868,0.273447237515388,0.238906533829233,"Thbs1",1
"GO:1901799","negative regulation of proteasomal protein catabolic process","1/32","29/9187",0.0344827586206897,9.89978448275862,2.83783541768638,0.0963773446881868,0.273447237515388,0.238906533829233,"Pbk",1
"GO:1905953","negative regulation of lipid localization","1/32","29/9187",0.0344827586206897,9.89978448275862,2.83783541768638,0.0963773446881868,0.273447237515388,0.238906533829233,"Thbs1",1
"GO:0042594","response to starvation","2/32","151/9187",0.0132450331125828,3.80256622516556,2.0528881213154,0.0966715664835456,0.273447237515388,0.238906533829233,"Ifi203/Pmaip1",2
"GO:0007160","cell-matrix adhesion","2/32","152/9187",0.0131578947368421,3.77754934210526,2.04140198938483,0.097753787931507,0.273447237515388,0.238906533829233,"Msln/Thbs1",2
"GO:0051259","protein complex oligomerization","2/32","152/9187",0.0131578947368421,3.77754934210526,2.04140198938483,0.097753787931507,0.273447237515388,0.238906533829233,"Arc/Oas1g",2
"GO:0023061","signal release","3/32","319/9187",0.00940438871473354,2.69994122257053,1.82694486091755,0.098266334979974,0.273447237515388,0.238906533829233,"Syn2/Syt8/Nnat",3
"GO:0080135","regulation of cellular response to stress","3/32","320/9187",0.009375,2.69150390625,1.82082696100774,0.0989683618935128,0.273447237515388,0.238906533829233,"Pbk/Pmaip1/Chordc1",3
"GO:0000266","mitochondrial fission","1/32","30/9187",0.0333333333333333,9.56979166666667,2.77947850582409,0.0995347944556011,0.273447237515388,0.238906533829233,"Irgm2",1
"GO:0001825","blastocyst formation","1/32","30/9187",0.0333333333333333,9.56979166666667,2.77947850582409,0.0995347944556011,0.273447237515388,0.238906533829233,"Uspl1",1
"GO:0006623","protein targeting to vacuole","1/32","30/9187",0.0333333333333333,9.56979166666667,2.77947850582409,0.0995347944556011,0.273447237515388,0.238906533829233,"Irgm2",1
"GO:0007094","mitotic spindle assembly checkpoint signaling","1/32","30/9187",0.0333333333333333,9.56979166666667,2.77947850582409,0.0995347944556011,0.273447237515388,0.238906533829233,"Ccnb1",1
"GO:0010824","regulation of centrosome duplication","1/32","30/9187",0.0333333333333333,9.56979166666667,2.77947850582409,0.0995347944556011,0.273447237515388,0.238906533829233,"Chordc1",1
"GO:0030330","DNA damage response, signal transduction by p53 class mediator","1/32","30/9187",0.0333333333333333,9.56979166666667,2.77947850582409,0.0995347944556011,0.273447237515388,0.238906533829233,"Pmaip1",1
"GO:0031424","keratinization","1/32","30/9187",0.0333333333333333,9.56979166666667,2.77947850582409,0.0995347944556011,0.273447237515388,0.238906533829233,"Krt79",1
"GO:0032728","positive regulation of interferon-beta production","1/32","30/9187",0.0333333333333333,9.56979166666667,2.77947850582409,0.0995347944556011,0.273447237515388,0.238906533829233,"Oas1g",1
"GO:0046622","positive regulation of organ growth","1/32","30/9187",0.0333333333333333,9.56979166666667,2.77947850582409,0.0995347944556011,0.273447237515388,0.238906533829233,"Ccnb1",1
"GO:0071173","spindle assembly checkpoint signaling","1/32","30/9187",0.0333333333333333,9.56979166666667,2.77947850582409,0.0995347944556011,0.273447237515388,0.238906533829233,"Ccnb1",1
"GO:0090199","regulation of release of cytochrome c from mitochondria","1/32","30/9187",0.0333333333333333,9.56979166666667,2.77947850582409,0.0995347944556011,0.273447237515388,0.238906533829233,"Pmaip1",1
"GO:0098586","cellular response to virus","1/32","30/9187",0.0333333333333333,9.56979166666667,2.77947850582409,0.0995347944556011,0.273447237515388,0.238906533829233,"Irgm2",1
"GO:0140894","endolysosomal toll-like receptor signaling pathway","1/32","30/9187",0.0333333333333333,9.56979166666667,2.77947850582409,0.0995347944556011,0.273447237515388,0.238906533829233,"Oas1g",1
"GO:1901976","regulation of cell cycle checkpoint","1/32","30/9187",0.0333333333333333,9.56979166666667,2.77947850582409,0.0995347944556011,0.273447237515388,0.238906533829233,"Ccnb1",1
"GO:1903670","regulation of sprouting angiogenesis","1/32","30/9187",0.0333333333333333,9.56979166666667,2.77947850582409,0.0995347944556011,0.273447237515388,0.238906533829233,"Thbs1",1
"GO:0008608","attachment of spindle microtubules to kinetochore","1/32","31/9187",0.032258064516129,9.26108870967742,2.72379410770546,0.102681555029743,0.279025964754737,0.243780579733086,"Ccnb1",1
"GO:0043029","T cell homeostasis","1/32","31/9187",0.032258064516129,9.26108870967742,2.72379410770546,0.102681555029743,0.279025964754737,0.243780579733086,"Pmaip1",1
"GO:0071174","mitotic spindle checkpoint signaling","1/32","31/9187",0.032258064516129,9.26108870967742,2.72379410770546,0.102681555029743,0.279025964754737,0.243780579733086,"Ccnb1",1
"GO:0140374","antiviral innate immune response","1/32","31/9187",0.032258064516129,9.26108870967742,2.72379410770546,0.102681555029743,0.279025964754737,0.243780579733086,"Oas1g",1
"GO:0009896","positive regulation of catabolic process","3/32","327/9187",0.00917431192660551,2.6338876146789,1.77864072286531,0.103941047328328,0.279341406619348,0.244056176309535,"Scoc/Irgm2/Sctr",3
"GO:0010498","proteasomal protein catabolic process","3/32","329/9187",0.00911854103343465,2.61787613981763,1.76678790096815,0.10538038162746,0.279341406619348,0.244056176309535,"Pbk/Pmaip1/Psme2",3
"GO:0090068","positive regulation of cell cycle process","2/32","159/9187",0.0125786163522013,3.61124213836478,1.96362687682796,0.105426735157297,0.279341406619348,0.244056176309535,"Ccnb1/Nusap1",2
"GO:0016073","snRNA metabolic process","1/32","32/9187",0.03125,8.9716796875,2.67057445240992,0.105817661434183,0.279341406619348,0.244056176309535,"Uspl1",1
"GO:0030193","regulation of blood coagulation","1/32","32/9187",0.03125,8.9716796875,2.67057445240992,0.105817661434183,0.279341406619348,0.244056176309535,"Thbs1",1
"GO:0033046","negative regulation of sister chromatid segregation","1/32","32/9187",0.03125,8.9716796875,2.67057445240992,0.105817661434183,0.279341406619348,0.244056176309535,"Ccnb1",1
"GO:0033048","negative regulation of mitotic sister chromatid segregation","1/32","32/9187",0.03125,8.9716796875,2.67057445240992,0.105817661434183,0.279341406619348,0.244056176309535,"Ccnb1",1
"GO:0043030","regulation of macrophage activation","1/32","32/9187",0.03125,8.9716796875,2.67057445240992,0.105817661434183,0.279341406619348,0.244056176309535,"Thbs1",1
"GO:0045841","negative regulation of mitotic metaphase/anaphase transition","1/32","32/9187",0.03125,8.9716796875,2.67057445240992,0.105817661434183,0.279341406619348,0.244056176309535,"Ccnb1",1
"GO:2000816","negative regulation of mitotic sister chromatid separation","1/32","32/9187",0.03125,8.9716796875,2.67057445240992,0.105817661434183,0.279341406619348,0.244056176309535,"Ccnb1",1
"GO:0031667","response to nutrient levels","3/32","330/9187",0.00909090909090909,2.60994318181818,1.76089407494559,0.106103103753714,0.279341406619348,0.244056176309535,"Ifi203/Pmaip1/Sctr",3
"GO:0033002","muscle cell proliferation","2/32","160/9187",0.0125,3.588671875,1.95287439289217,0.106536360352993,0.279341406619348,0.244056176309535,"Ccnb1/Thbs1",2
"GO:0003197","endocardial cushion development","1/32","33/9187",0.0303030303030303,8.69981060606061,2.61963385329577,0.108943148581546,0.279341406619348,0.244056176309535,"Thbs1",1
"GO:0010762","regulation of fibroblast migration","1/32","33/9187",0.0303030303030303,8.69981060606061,2.61963385329577,0.108943148581546,0.279341406619348,0.244056176309535,"Thbs1",1
"GO:0032655","regulation of interleukin-12 production","1/32","33/9187",0.0303030303030303,8.69981060606061,2.61963385329577,0.108943148581546,0.279341406619348,0.244056176309535,"Thbs1",1
"GO:0051403","stress-activated MAPK cascade","1/32","33/9187",0.0303030303030303,8.69981060606061,2.61963385329577,0.108943148581546,0.279341406619348,0.244056176309535,"Pbk",1
"GO:0051785","positive regulation of nuclear division","1/32","33/9187",0.0303030303030303,8.69981060606061,2.61963385329577,0.108943148581546,0.279341406619348,0.244056176309535,"Nusap1",1
"GO:0051985","negative regulation of chromosome segregation","1/32","33/9187",0.0303030303030303,8.69981060606061,2.61963385329577,0.108943148581546,0.279341406619348,0.244056176309535,"Ccnb1",1
"GO:0090303","positive regulation of wound healing","1/32","33/9187",0.0303030303030303,8.69981060606061,2.61963385329577,0.108943148581546,0.279341406619348,0.244056176309535,"Thbs1",1
"GO:1900046","regulation of hemostasis","1/32","33/9187",0.0303030303030303,8.69981060606061,2.61963385329577,0.108943148581546,0.279341406619348,0.244056176309535,"Thbs1",1
"GO:1902100","negative regulation of metaphase/anaphase transition of cell cycle","1/32","33/9187",0.0303030303030303,8.69981060606061,2.61963385329577,0.108943148581546,0.279341406619348,0.244056176309535,"Ccnb1",1
"GO:1905819","negative regulation of chromosome separation","1/32","33/9187",0.0303030303030303,8.69981060606061,2.61963385329577,0.108943148581546,0.279341406619348,0.244056176309535,"Ccnb1",1
"GO:0099504","synaptic vesicle cycle","2/32","164/9187",0.0121951219512195,3.50114329268293,1.91070682226154,0.111007197121177,0.281552892647874,0.245988316734459,"Syn2/Syt8",2
"GO:0010907","positive regulation of glucose metabolic process","1/32","34/9187",0.0294117647058824,8.44393382352941,2.57080577202378,0.112058051273854,0.281552892647874,0.245988316734459,"Pmaip1",1
"GO:0015909","long-chain fatty acid transport","1/32","34/9187",0.0294117647058824,8.44393382352941,2.57080577202378,0.112058051273854,0.281552892647874,0.245988316734459,"Thbs1",1
"GO:0031577","spindle checkpoint signaling","1/32","34/9187",0.0294117647058824,8.44393382352941,2.57080577202378,0.112058051273854,0.281552892647874,0.245988316734459,"Ccnb1",1
"GO:0032615","interleukin-12 production","1/32","34/9187",0.0294117647058824,8.44393382352941,2.57080577202378,0.112058051273854,0.281552892647874,0.245988316734459,"Thbs1",1
"GO:0071622","regulation of granulocyte chemotaxis","1/32","34/9187",0.0294117647058824,8.44393382352941,2.57080577202378,0.112058051273854,0.281552892647874,0.245988316734459,"Thbs1",1
"GO:2000059","negative regulation of ubiquitin-dependent protein catabolic process","1/32","34/9187",0.0294117647058824,8.44393382352941,2.57080577202378,0.112058051273854,0.281552892647874,0.245988316734459,"Pbk",1
"GO:2000351","regulation of endothelial cell apoptotic process","1/32","34/9187",0.0294117647058824,8.44393382352941,2.57080577202378,0.112058051273854,0.281552892647874,0.245988316734459,"Thbs1",1
"GO:0009743","response to carbohydrate","2/32","167/9187",0.0119760479041916,3.43824850299401,1.87993125535146,0.114393324978247,0.284372829921134,0.248452051404781,"Thbs1/Nnat",2
"GO:0042220","response to cocaine","1/32","35/9187",0.0285714285714286,8.20267857142857,2.5239403464501,0.115162404202865,0.284372829921134,0.248452051404781,"Arc",1
"GO:0044088","regulation of vacuole organization","1/32","35/9187",0.0285714285714286,8.20267857142857,2.5239403464501,0.115162404202865,0.284372829921134,0.248452051404781,"Irgm2",1
"GO:0007080","mitotic metaphase chromosome alignment","1/32","36/9187",0.0277777777777778,7.97482638888889,2.47890229814329,0.118256241950407,0.284372829921134,0.248452051404781,"Ccnb1",1
"GO:0032731","positive regulation of interleukin-1 beta production","1/32","36/9187",0.0277777777777778,7.97482638888889,2.47890229814329,0.118256241950407,0.284372829921134,0.248452051404781,"Ifi203",1
"GO:0046605","regulation of centrosome cycle","1/32","36/9187",0.0277777777777778,7.97482638888889,2.47890229814329,0.118256241950407,0.284372829921134,0.248452051404781,"Chordc1",1
"GO:0046902","regulation of mitochondrial membrane permeability","1/32","36/9187",0.0277777777777778,7.97482638888889,2.47890229814329,0.118256241950407,0.284372829921134,0.248452051404781,"Pmaip1",1
"GO:0051293","establishment of spindle localization","1/32","36/9187",0.0277777777777778,7.97482638888889,2.47890229814329,0.118256241950407,0.284372829921134,0.248452051404781,"Nusap1",1
"GO:0060038","cardiac muscle cell proliferation","1/32","36/9187",0.0277777777777778,7.97482638888889,2.47890229814329,0.118256241950407,0.284372829921134,0.248452051404781,"Ccnb1",1
"GO:0061844","antimicrobial humoral immune response mediated by antimicrobial peptide","1/32","36/9187",0.0277777777777778,7.97482638888889,2.47890229814329,0.118256241950407,0.284372829921134,0.248452051404781,"Hmgn2",1
"GO:0070613","regulation of protein processing","1/32","36/9187",0.0277777777777778,7.97482638888889,2.47890229814329,0.118256241950407,0.284372829921134,0.248452051404781,"Thbs1",1
"GO:0099024","plasma membrane invagination","1/32","36/9187",0.0277777777777778,7.97482638888889,2.47890229814329,0.118256241950407,0.284372829921134,0.248452051404781,"Thbs1",1
"GO:1905517","macrophage migration","1/32","36/9187",0.0277777777777778,7.97482638888889,2.47890229814329,0.118256241950407,0.284372829921134,0.248452051404781,"Thbs1",1
"GO:0045860","positive regulation of protein kinase activity","2/32","171/9187",0.0116959064327485,3.3578216374269,1.83997146522316,0.118950444500424,0.284372829921134,0.248452051404781,"Irgm2/Thbs1",2
"GO:0050804","modulation of chemical synaptic transmission","3/32","348/9187",0.00862068965517241,2.47494612068966,1.65833874030706,0.11945076213283,0.284372829921134,0.248452051404781,"Arc/Sctr/Syt8",3
"GO:0099177","regulation of trans-synaptic signaling","3/32","349/9187",0.00859598853868195,2.46785458452722,1.65282846573421,0.120210599525142,0.284372829921134,0.248452051404781,"Arc/Sctr/Syt8",3
"GO:0001960","negative regulation of cytokine-mediated signaling pathway","1/32","37/9187",0.027027027027027,7.75929054054054,2.43556915246053,0.121339598988719,0.284372829921134,0.248452051404781,"Oas1g",1
"GO:0001961","positive regulation of cytokine-mediated signaling pathway","1/32","37/9187",0.027027027027027,7.75929054054054,2.43556915246053,0.121339598988719,0.284372829921134,0.248452051404781,"Irgm2",1
"GO:0010965","regulation of mitotic sister chromatid separation","1/32","37/9187",0.027027027027027,7.75929054054054,2.43556915246053,0.121339598988719,0.284372829921134,0.248452051404781,"Ccnb1",1
"GO:0031098","stress-activated protein kinase signaling cascade","1/32","37/9187",0.027027027027027,7.75929054054054,2.43556915246053,0.121339598988719,0.284372829921134,0.248452051404781,"Pbk",1
"GO:0033047","regulation of mitotic sister chromatid segregation","1/32","37/9187",0.027027027027027,7.75929054054054,2.43556915246053,0.121339598988719,0.284372829921134,0.248452051404781,"Ccnb1",1
"GO:0050818","regulation of coagulation","1/32","37/9187",0.027027027027027,7.75929054054054,2.43556915246053,0.121339598988719,0.284372829921134,0.248452051404781,"Thbs1",1
"GO:0072577","endothelial cell apoptotic process","1/32","37/9187",0.027027027027027,7.75929054054054,2.43556915246053,0.121339598988719,0.284372829921134,0.248452051404781,"Thbs1",1
"GO:0098884","postsynaptic neurotransmitter receptor internalization","1/32","37/9187",0.027027027027027,7.75929054054054,2.43556915246053,0.121339598988719,0.284372829921134,0.248452051404781,"Arc",1
"GO:0140239","postsynaptic endocytosis","1/32","37/9187",0.027027027027027,7.75929054054054,2.43556915246053,0.121339598988719,0.284372829921134,0.248452051404781,"Arc",1
"GO:0000959","mitochondrial RNA metabolic process","1/32","38/9187",0.0263157894736842,7.55509868421053,2.39382971743174,0.12441250968078,0.284372829921134,0.248452051404781,"Rpusd4",1
"GO:0002042","cell migration involved in sprouting angiogenesis","1/32","38/9187",0.0263157894736842,7.55509868421053,2.39382971743174,0.12441250968078,0.284372829921134,0.248452051404781,"Thbs1",1
"GO:0010596","negative regulation of endothelial cell migration","1/32","38/9187",0.0263157894736842,7.55509868421053,2.39382971743174,0.12441250968078,0.284372829921134,0.248452051404781,"Thbs1",1
"GO:0050829","defense response to Gram-negative bacterium","1/32","38/9187",0.0263157894736842,7.55509868421053,2.39382971743174,0.12441250968078,0.284372829921134,0.248452051404781,"Irgm2",1
"GO:0061077","chaperone-mediated protein folding","1/32","38/9187",0.0263157894736842,7.55509868421053,2.39382971743174,0.12441250968078,0.284372829921134,0.248452051404781,"Chordc1",1
"GO:0072666","establishment of protein localization to vacuole","1/32","38/9187",0.0263157894736842,7.55509868421053,2.39382971743174,0.12441250968078,0.284372829921134,0.248452051404781,"Irgm2",1
"GO:0051338","regulation of transferase activity","3/32","355/9187",0.00845070422535211,2.42614436619718,1.62015726420591,0.124808643743263,0.284372829921134,0.248452051404781,"Chordc1/Irgm2/Thbs1",3
"GO:0010506","regulation of autophagy","2/32","177/9187",0.0112994350282486,3.24399717514124,1.782196469265,0.125872477923647,0.284372829921134,0.248452051404781,"Scoc/Irgm2",2
"GO:0033674","positive regulation of kinase activity","2/32","178/9187",0.0112359550561798,3.22577247191011,1.77280721227958,0.127035813151392,0.284372829921134,0.248452051404781,"Irgm2/Thbs1",2
"GO:0034976","response to endoplasmic reticulum stress","2/32","178/9187",0.0112359550561798,3.22577247191011,1.77280721227958,0.127035813151392,0.284372829921134,0.248452051404781,"Pmaip1/Thbs1",2
"GO:0001756","somitogenesis","1/32","39/9187",0.0256410256410256,7.36137820512821,2.35358277809543,0.12747500828065,0.284372829921134,0.248452051404781,"Ifitm1",1
"GO:0010324","membrane invagination","1/32","39/9187",0.0256410256410256,7.36137820512821,2.35358277809543,0.12747500828065,0.284372829921134,0.248452051404781,"Thbs1",1
"GO:0010812","negative regulation of cell-substrate adhesion","1/32","39/9187",0.0256410256410256,7.36137820512821,2.35358277809543,0.12747500828065,0.284372829921134,0.248452051404781,"Thbs1",1
"GO:0031648","protein destabilization","1/32","39/9187",0.0256410256410256,7.36137820512821,2.35358277809543,0.12747500828065,0.284372829921134,0.248452051404781,"Irgm2",1
"GO:0045839","negative regulation of mitotic nuclear division","1/32","39/9187",0.0256410256410256,7.36137820512821,2.35358277809543,0.12747500828065,0.284372829921134,0.248452051404781,"Ccnb1",1
"GO:0048168","regulation of neuronal synaptic plasticity","1/32","39/9187",0.0256410256410256,7.36137820512821,2.35358277809543,0.12747500828065,0.284372829921134,0.248452051404781,"Arc",1
"GO:0050994","regulation of lipid catabolic process","1/32","39/9187",0.0256410256410256,7.36137820512821,2.35358277809543,0.12747500828065,0.284372829921134,0.248452051404781,"Sctr",1
"GO:0051306","mitotic sister chromatid separation","1/32","39/9187",0.0256410256410256,7.36137820512821,2.35358277809543,0.12747500828065,0.284372829921134,0.248452051404781,"Ccnb1",1
"GO:0099590","neurotransmitter receptor internalization","1/32","39/9187",0.0256410256410256,7.36137820512821,2.35358277809543,0.12747500828065,0.284372829921134,0.248452051404781,"Arc",1
"GO:1903317","regulation of protein maturation","1/32","39/9187",0.0256410256410256,7.36137820512821,2.35358277809543,0.12747500828065,0.284372829921134,0.248452051404781,"Thbs1",1
"GO:2000300","regulation of synaptic vesicle exocytosis","1/32","39/9187",0.0256410256410256,7.36137820512821,2.35358277809543,0.12747500828065,0.284372829921134,0.248452051404781,"Syt8",1
"GO:0031669","cellular response to nutrient levels","2/32","179/9187",0.0111731843575419,3.20775139664804,1.76348402682399,0.128201825097868,0.284372829921134,0.248452051404781,"Ifi203/Pmaip1",2
"GO:0001836","release of cytochrome c from mitochondria","1/32","40/9187",0.025,7.17734375,2.31473597110306,0.130527128933801,0.284372829921134,0.248452051404781,"Pmaip1",1
"GO:0006497","protein lipidation","1/32","40/9187",0.025,7.17734375,2.31473597110306,0.130527128933801,0.284372829921134,0.248452051404781,"Irgm2",1
"GO:0032608","interferon-beta production","1/32","40/9187",0.025,7.17734375,2.31473597110306,0.130527128933801,0.284372829921134,0.248452051404781,"Oas1g",1
"GO:0032648","regulation of interferon-beta production","1/32","40/9187",0.025,7.17734375,2.31473597110306,0.130527128933801,0.284372829921134,0.248452051404781,"Oas1g",1
"GO:0034605","cellular response to heat","1/32","40/9187",0.025,7.17734375,2.31473597110306,0.130527128933801,0.284372829921134,0.248452051404781,"Chordc1",1
"GO:0043124","negative regulation of canonical NF-kappaB signal transduction","1/32","40/9187",0.025,7.17734375,2.31473597110306,0.130527128933801,0.284372829921134,0.248452051404781,"Irgm2",1
"GO:0051653","spindle localization","1/32","40/9187",0.025,7.17734375,2.31473597110306,0.130527128933801,0.284372829921134,0.248452051404781,"Nusap1",1
"GO:0055021","regulation of cardiac muscle tissue growth","1/32","40/9187",0.025,7.17734375,2.31473597110306,0.130527128933801,0.284372829921134,0.248452051404781,"Ccnb1",1
"GO:0060350","endochondral bone morphogenesis","1/32","40/9187",0.025,7.17734375,2.31473597110306,0.130527128933801,0.284372829921134,0.248452051404781,"Thbs1",1
"GO:0060760","positive regulation of response to cytokine stimulus","1/32","40/9187",0.025,7.17734375,2.31473597110306,0.130527128933801,0.284372829921134,0.248452051404781,"Irgm2",1
"GO:0060761","negative regulation of response to cytokine stimulus","1/32","40/9187",0.025,7.17734375,2.31473597110306,0.130527128933801,0.284372829921134,0.248452051404781,"Oas1g",1
"GO:0061045","negative regulation of wound healing","1/32","40/9187",0.025,7.17734375,2.31473597110306,0.130527128933801,0.284372829921134,0.248452051404781,"Thbs1",1
"GO:1900271","regulation of long-term synaptic potentiation","1/32","40/9187",0.025,7.17734375,2.31473597110306,0.130527128933801,0.284372829921134,0.248452051404781,"Arc",1
"GO:2001244","positive regulation of intrinsic apoptotic signaling pathway","1/32","40/9187",0.025,7.17734375,2.31473597110306,0.130527128933801,0.284372829921134,0.248452051404781,"Pmaip1",1
"GO:0034142","toll-like receptor 4 signaling pathway","1/32","41/9187",0.024390243902439,7.00228658536585,2.27720481087835,0.133568905677445,0.289737322510727,0.253138923877793,"Oas1g",1
"GO:0051784","negative regulation of nuclear division","1/32","41/9187",0.024390243902439,7.00228658536585,2.27720481087835,0.133568905677445,0.289737322510727,0.253138923877793,"Ccnb1",1
"GO:0009416","response to light stimulus","2/32","185/9187",0.0108108108108108,3.10371621621622,1.70888386769234,0.135252374873087,0.29125878985261,0.254468205871228,"Pbk/Pmaip1",2
"GO:0007492","endoderm development","1/32","42/9187",0.0238095238095238,6.83556547619048,2.24091184377095,0.136600372440874,0.29125878985261,0.254468205871228,"Arc",1
"GO:0042158","lipoprotein biosynthetic process","1/32","42/9187",0.0238095238095238,6.83556547619048,2.24091184377095,0.136600372440874,0.29125878985261,0.254468205871228,"Irgm2",1
"GO:0043536","positive regulation of blood vessel endothelial cell migration","1/32","42/9187",0.0238095238095238,6.83556547619048,2.24091184377095,0.136600372440874,0.29125878985261,0.254468205871228,"Thbs1",1
"GO:0045109","intermediate filament organization","1/32","42/9187",0.0238095238095238,6.83556547619048,2.24091184377095,0.136600372440874,0.29125878985261,0.254468205871228,"Krt79",1
"GO:0050805","negative regulation of synaptic transmission","1/32","42/9187",0.0238095238095238,6.83556547619048,2.24091184377095,0.136600372440874,0.29125878985261,0.254468205871228,"Arc",1
"GO:0061001","regulation of dendritic spine morphogenesis","1/32","42/9187",0.0238095238095238,6.83556547619048,2.24091184377095,0.136600372440874,0.29125878985261,0.254468205871228,"Arc",1
"GO:1903051","negative regulation of proteolysis involved in protein catabolic process","1/32","42/9187",0.0238095238095238,6.83556547619048,2.24091184377095,0.136600372440874,0.29125878985261,0.254468205871228,"Pbk",1
"GO:0016236","macroautophagy","2/32","188/9187",0.0106382978723404,3.05418882978723,1.68240750650082,0.138811299862765,0.295183008553453,0.257896733788807,"Scoc/Irgm2",2
"GO:0032732","positive regulation of interleukin-1 production","1/32","43/9187",0.0232558139534884,6.6765988372093,2.20578591077319,0.139621563045783,0.295183008553453,0.257896733788807,"Ifi203",1
"GO:0045669","positive regulation of osteoblast differentiation","1/32","43/9187",0.0232558139534884,6.6765988372093,2.20578591077319,0.139621563045783,0.295183008553453,0.257896733788807,"Ifitm1",1
"GO:0097479","synaptic vesicle localization","1/32","43/9187",0.0232558139534884,6.6765988372093,2.20578591077319,0.139621563045783,0.295183008553453,0.257896733788807,"Syn2",1
"GO:0032722","positive regulation of chemokine production","1/32","44/9187",0.0227272727272727,6.52485795454546,2.17176150269617,0.142632511206603,0.299648132786981,0.261797842329678,"Oas1g",1
"GO:0060420","regulation of heart growth","1/32","44/9187",0.0227272727272727,6.52485795454546,2.17176150269617,0.142632511206603,0.299648132786981,0.261797842329678,"Ccnb1",1
"GO:0071479","cellular response to ionizing radiation","1/32","44/9187",0.0227272727272727,6.52485795454546,2.17176150269617,0.142632511206603,0.299648132786981,0.261797842329678,"Ifi203",1
"GO:0051640","organelle localization","3/32","380/9187",0.00789473684210526,2.26652960526316,1.49074094977835,0.144652750415047,0.303255241960266,0.264949316660021,"Ccnb1/Nusap1/Syn2",3
"GO:0048146","positive regulation of fibroblast proliferation","1/32","45/9187",0.0222222222222222,6.37986111111111,2.13877819439744,0.145633250530828,0.304036013634297,0.265631464543649,"Ccnb1",1
"GO:0140895","cell surface toll-like receptor signaling pathway","1/32","45/9187",0.0222222222222222,6.37986111111111,2.13877819439744,0.145633250530828,0.304036013634297,0.265631464543649,"Oas1g",1
"GO:0006605","protein targeting","2/32","196/9187",0.0102040816326531,2.92952806122449,1.6142997189213,0.148404029337857,0.30644085467906,0.267732536193284,"Irgm2/Gbp2",2
"GO:0033138","positive regulation of peptidyl-serine phosphorylation","1/32","46/9187",0.0217391304347826,6.24116847826087,2.10678014684789,0.148623814519344,0.30644085467906,0.267732536193284,"Irgm2",1
"GO:0050688","regulation of defense response to virus","1/32","46/9187",0.0217391304347826,6.24116847826087,2.10678014684789,0.148623814519344,0.30644085467906,0.267732536193284,"Irgm2",1
"GO:0070059","intrinsic apoptotic signaling pathway in response to endoplasmic reticulum stress","1/32","46/9187",0.0217391304347826,6.24116847826087,2.10678014684789,0.148623814519344,0.30644085467906,0.267732536193284,"Pmaip1",1
"GO:0097352","autophagosome maturation","1/32","46/9187",0.0217391304347826,6.24116847826087,2.10678014684789,0.148623814519344,0.30644085467906,0.267732536193284,"Irgm2",1
"GO:1903036","positive regulation of response to wounding","1/32","46/9187",0.0217391304347826,6.24116847826087,2.10678014684789,0.148623814519344,0.30644085467906,0.267732536193284,"Thbs1",1
"GO:0032496","response to lipopolysaccharide","2/32","197/9187",0.0101522842639594,2.91465736040609,1.60602894512477,0.149613057487795,0.30721367040615,0.268407733091689,"Irgm2/Gbp2",2
"GO:1901990","regulation of mitotic cell cycle phase transition","2/32","197/9187",0.0101522842639594,2.91465736040609,1.60602894512477,0.149613057487795,0.30721367040615,0.268407733091689,"Ccnb1/Psme2",2
"GO:0045787","positive regulation of cell cycle","2/32","198/9187",0.0101010101010101,2.89993686868687,1.597809911019,0.150824198987432,0.309065981531623,0.270026068074997,"Ccnb1/Nusap1",2
"GO:0002752","cell surface pattern recognition receptor signaling pathway","1/32","47/9187",0.0212765957446809,6.10837765957447,2.07571566762222,0.151604236566755,0.309396401156642,0.270314750484224,"Oas1g",1
"GO:0006493","protein O-linked glycosylation","1/32","47/9187",0.0212765957446809,6.10837765957447,2.07571566762222,0.151604236566755,0.309396401156642,0.270314750484224,"B3galt5",1
"GO:0015980","energy derivation by oxidation of organic compounds","2/32","200/9187",0.01,2.8709375,1.58152456579987,0.153252710113377,0.311642237826022,0.272276902521683,"Ccnb1/Oas1g",2
"GO:0019730","antimicrobial humoral response","1/32","48/9187",0.0208333333333333,5.98111979166667,2.04553682187436,0.154574549961707,0.311642237826022,0.272276902521683,"Hmgn2",1
"GO:0030101","natural killer cell activation","1/32","48/9187",0.0208333333333333,5.98111979166667,2.04553682187436,0.154574549961707,0.311642237826022,0.272276902521683,"Nfil3",1
"GO:0031123","RNA 3'-end processing","1/32","48/9187",0.0208333333333333,5.98111979166667,2.04553682187436,0.154574549961707,0.311642237826022,0.272276902521683,"Ccnb1",1
"GO:0051298","centrosome duplication","1/32","48/9187",0.0208333333333333,5.98111979166667,2.04553682187436,0.154574549961707,0.311642237826022,0.272276902521683,"Chordc1",1
"GO:2000379","positive regulation of reactive oxygen species metabolic process","1/32","48/9187",0.0208333333333333,5.98111979166667,2.04553682187436,0.154574549961707,0.311642237826022,0.272276902521683,"Thbs1",1
"GO:0051347","positive regulation of transferase activity","2/32","203/9187",0.00985221674876847,2.82850985221675,1.55746927340576,0.156910631544168,0.311950075024189,0.272545855021134,"Irgm2/Thbs1",2
"GO:0097190","apoptotic signaling pathway","3/32","395/9187",0.00759493670886076,2.18045886075949,1.41779878522672,0.157051320011244,0.311950075024189,0.272545855021134,"Ifi203/Pmaip1/Thbs1",3
"GO:0010761","fibroblast migration","1/32","49/9187",0.0204081632653061,5.85905612244898,2.01619908707913,0.157534787887216,0.311950075024189,0.272545855021134,"Thbs1",1
"GO:0014855","striated muscle cell proliferation","1/32","49/9187",0.0204081632653061,5.85905612244898,2.01619908707913,0.157534787887216,0.311950075024189,0.272545855021134,"Ccnb1",1
"GO:0042775","mitochondrial ATP synthesis coupled electron transport","1/32","49/9187",0.0204081632653061,5.85905612244898,2.01619908707913,0.157534787887216,0.311950075024189,0.272545855021134,"Ccnb1",1
"GO:0061053","somite development","1/32","49/9187",0.0204081632653061,5.85905612244898,2.01619908707913,0.157534787887216,0.311950075024189,0.272545855021134,"Ifitm1",1
"GO:0097009","energy homeostasis","1/32","49/9187",0.0204081632653061,5.85905612244898,2.01619908707913,0.157534787887216,0.311950075024189,0.272545855021134,"Sctr",1
"GO:1901796","regulation of signal transduction by p53 class mediator","1/32","49/9187",0.0204081632653061,5.85905612244898,2.01619908707913,0.157534787887216,0.311950075024189,0.272545855021134,"Pmaip1",1
"GO:1905818","regulation of chromosome separation","1/32","49/9187",0.0204081632653061,5.85905612244898,2.01619908707913,0.157534787887216,0.311950075024189,0.272545855021134,"Ccnb1",1
"GO:0030336","negative regulation of cell migration","2/32","205/9187",0.00975609756097561,2.80091463414634,1.54167406925371,0.159359029413294,0.314060632917785,0.27438981612817,"Ifitm1/Thbs1",2
"GO:0030071","regulation of mitotic metaphase/anaphase transition","1/32","50/9187",0.02,5.741875,1.98766104583261,0.160484983420988,0.314060632917785,0.27438981612817,"Ccnb1",1
"GO:0042773","ATP synthesis coupled electron transport","1/32","50/9187",0.02,5.741875,1.98766104583261,0.160484983420988,0.314060632917785,0.27438981612817,"Ccnb1",1
"GO:0062208","positive regulation of pattern recognition receptor signaling pathway","1/32","50/9187",0.02,5.741875,1.98766104583261,0.160484983420988,0.314060632917785,0.27438981612817,"Gbp2",1
"GO:0072665","protein localization to vacuole","1/32","50/9187",0.02,5.741875,1.98766104583261,0.160484983420988,0.314060632917785,0.27438981612817,"Irgm2",1
"GO:0090559","regulation of membrane permeability","1/32","50/9187",0.02,5.741875,1.98766104583261,0.160484983420988,0.314060632917785,0.27438981612817,"Pmaip1",1
"GO:0002237","response to molecule of bacterial origin","2/32","207/9187",0.00966183574879227,2.77385265700483,1.5260669347547,0.161815001736318,0.314815178475327,0.275049050667918,"Irgm2/Gbp2",2
"GO:0071214","cellular response to abiotic stimulus","2/32","207/9187",0.00966183574879227,2.77385265700483,1.5260669347547,0.161815001736318,0.314815178475327,0.275049050667918,"Ifi203/Pbk",2
"GO:0104004","cellular response to environmental stimulus","2/32","207/9187",0.00966183574879227,2.77385265700483,1.5260669347547,0.161815001736318,0.314815178475327,0.275049050667918,"Ifi203/Pbk",2
"GO:0008285","negative regulation of cell population proliferation","3/32","402/9187",0.00746268656716418,2.14249067164179,1.384853528118,0.162953419859456,0.316414407494089,0.276446271810625,"Pmaip1/Ifitm1/Thbs1",3
"GO:0032651","regulation of interleukin-1 beta production","1/32","51/9187",0.0196078431372549,5.62928921568627,1.95988411184656,0.163425169535744,0.316715444836713,0.276709283383655,"Ifi203",1
"GO:0000226","microtubule cytoskeleton organization","3/32","403/9187",0.00744416873449132,2.13717431761787,1.38020131788169,0.163802348181688,0.316832394935568,0.276811460838443,"Ccnb1/Nusap1/Chordc1",3
"GO:0002220","innate immune response activating cell surface receptor signaling pathway","1/32","52/9187",0.0192307692307692,5.52103365384615,1.93283228497573,0.166355379099542,0.318688465707934,0.278433080565879,"Oas1g",1
"GO:0032481","positive regulation of type I interferon production","1/32","52/9187",0.0192307692307692,5.52103365384615,1.93283228497573,0.166355379099542,0.318688465707934,0.278433080565879,"Oas1g",1
"GO:0032890","regulation of organic acid transport","1/32","52/9187",0.0192307692307692,5.52103365384615,1.93283228497573,0.166355379099542,0.318688465707934,0.278433080565879,"Thbs1",1
"GO:0042157","lipoprotein metabolic process","1/32","52/9187",0.0192307692307692,5.52103365384615,1.93283228497573,0.166355379099542,0.318688465707934,0.278433080565879,"Irgm2",1
"GO:1902099","regulation of metaphase/anaphase transition of cell cycle","1/32","52/9187",0.0192307692307692,5.52103365384615,1.93283228497573,0.166355379099542,0.318688465707934,0.278433080565879,"Ccnb1",1
"GO:0031647","regulation of protein stability","2/32","211/9187",0.00947867298578199,2.72126777251185,1.4953996634166,0.166748817801848,0.318831391590531,0.27855795265278,"Irgm2/Csn3",2
"GO:1904951","positive regulation of establishment of protein localization","2/32","213/9187",0.00938967136150235,2.69571596244131,1.48033126916077,0.169226241624706,0.320597812265332,0.280101246505501,"Pmaip1/Nnat",2
"GO:0000423","mitophagy","1/32","53/9187",0.0188679245283019,5.41686320754717,1.90647193170807,0.169275644876095,0.320597812265332,0.280101246505501,"Irgm2",1
"GO:0003151","outflow tract morphogenesis","1/32","53/9187",0.0188679245283019,5.41686320754717,1.90647193170807,0.169275644876095,0.320597812265332,0.280101246505501,"Thbs1",1
"GO:0045104","intermediate filament cytoskeleton organization","1/32","53/9187",0.0188679245283019,5.41686320754717,1.90647193170807,0.169275644876095,0.320597812265332,0.280101246505501,"Krt79",1
"GO:0051881","regulation of mitochondrial membrane potential","1/32","53/9187",0.0188679245283019,5.41686320754717,1.90647193170807,0.169275644876095,0.320597812265332,0.280101246505501,"Pmaip1",1
"GO:2000146","negative regulation of cell motility","2/32","214/9187",0.00934579439252336,2.6831191588785,1.47286164148788,0.170467491805918,0.321842989766533,0.281189138427602,"Ifitm1/Thbs1",2
"GO:0007091","metaphase/anaphase transition of mitotic cell cycle","1/32","54/9187",0.0185185185185185,5.31655092592593,1.88077158804513,0.172185999525095,0.321842989766533,0.281189138427602,"Ccnb1",1
"GO:0007589","body fluid secretion","1/32","54/9187",0.0185185185185185,5.31655092592593,1.88077158804513,0.172185999525095,0.321842989766533,0.281189138427602,"Csn3",1
"GO:0045103","intermediate filament-based process","1/32","54/9187",0.0185185185185185,5.31655092592593,1.88077158804513,0.172185999525095,0.321842989766533,0.281189138427602,"Krt79",1
"GO:0045913","positive regulation of carbohydrate metabolic process","1/32","54/9187",0.0185185185185185,5.31655092592593,1.88077158804513,0.172185999525095,0.321842989766533,0.281189138427602,"Pmaip1",1
"GO:0060997","dendritic spine morphogenesis","1/32","54/9187",0.0185185185185185,5.31655092592593,1.88077158804513,0.172185999525095,0.321842989766533,0.281189138427602,"Arc",1
"GO:1903035","negative regulation of response to wounding","1/32","54/9187",0.0185185185185185,5.31655092592593,1.88077158804513,0.172185999525095,0.321842989766533,0.281189138427602,"Thbs1",1
"GO:0097193","intrinsic apoptotic signaling pathway","2/32","216/9187",0.00925925925925926,2.65827546296296,1.45804912725147,0.172954940836962,0.322677128427167,0.281917912204788,"Ifi203/Pmaip1",2
"GO:0002090","regulation of receptor internalization","1/32","55/9187",0.0181818181818182,5.21988636363636,1.85570178212005,0.175086475602529,0.324234214078757,0.283278313353019,"Arc",1
"GO:0032611","interleukin-1 beta production","1/32","55/9187",0.0181818181818182,5.21988636363636,1.85570178212005,0.175086475602529,0.324234214078757,0.283278313353019,"Ifi203",1
"GO:0048477","oogenesis","1/32","55/9187",0.0181818181818182,5.21988636363636,1.85570178212005,0.175086475602529,0.324234214078757,0.283278313353019,"Ccnb1",1
"GO:0051304","chromosome separation","1/32","55/9187",0.0181818181818182,5.21988636363636,1.85570178212005,0.175086475602529,0.324234214078757,0.283278313353019,"Ccnb1",1
"GO:0003002","regionalization","2/32","219/9187",0.0091324200913242,2.62186073059361,1.43614024148899,0.176698106844306,0.326563496442193,0.28531337057581,"Arc/Ifitm1",2
"GO:0002260","lymphocyte homeostasis","1/32","56/9187",0.0178571428571429,5.12667410714286,1.83123487425723,0.177977105560995,0.326563496442193,0.28531337057581,"Pmaip1",1
"GO:0002690","positive regulation of leukocyte chemotaxis","1/32","56/9187",0.0178571428571429,5.12667410714286,1.83123487425723,0.177977105560995,0.326563496442193,0.28531337057581,"Thbs1",1
"GO:0035282","segmentation","1/32","56/9187",0.0178571428571429,5.12667410714286,1.83123487425723,0.177977105560995,0.326563496442193,0.28531337057581,"Ifitm1",1
"GO:0044784","metaphase/anaphase transition of cell cycle","1/32","56/9187",0.0178571428571429,5.12667410714286,1.83123487425723,0.177977105560995,0.326563496442193,0.28531337057581,"Ccnb1",1
"GO:0032642","regulation of chemokine production","1/32","57/9187",0.0175438596491228,5.03673245614035,1.80734491248025,0.180857921750027,0.328832585000049,0.287295837421095,"Oas1g",1
"GO:0034644","cellular response to UV","1/32","57/9187",0.0175438596491228,5.03673245614035,1.80734491248025,0.180857921750027,0.328832585000049,0.287295837421095,"Pbk",1
"GO:0051101","regulation of DNA binding","1/32","57/9187",0.0175438596491228,5.03673245614035,1.80734491248025,0.180857921750027,0.328832585000049,0.287295837421095,"Ifi203",1
"GO:0071677","positive regulation of mononuclear cell migration","1/32","57/9187",0.0175438596491228,5.03673245614035,1.80734491248025,0.180857921750027,0.328832585000049,0.287295837421095,"Thbs1",1
"GO:1901992","positive regulation of mitotic cell cycle phase transition","1/32","57/9187",0.0175438596491228,5.03673245614035,1.80734491248025,0.180857921750027,0.328832585000049,0.287295837421095,"Ccnb1",1
"GO:0040013","negative regulation of locomotion","2/32","223/9187",0.00896860986547085,2.57483183856502,1.40748809251404,0.181710334232485,0.329782820748612,0.288126043390893,"Ifitm1/Thbs1",2
"GO:0050830","defense response to Gram-positive bacterium","1/32","58/9187",0.0172413793103448,4.94989224137931,1.78400750173349,0.183728956416401,0.331640715553071,0.289749256746367,"Gbp2",1
"GO:0071901","negative regulation of protein serine/threonine kinase activity","1/32","58/9187",0.0172413793103448,4.94989224137931,1.78400750173349,0.183728956416401,0.331640715553071,0.289749256746367,"Chordc1",1
"GO:0090100","positive regulation of transmembrane receptor protein serine/threonine kinase signaling pathway","1/32","58/9187",0.0172413793103448,4.94989224137931,1.78400750173349,0.183728956416401,0.331640715553071,0.289749256746367,"Thbs1",1
"GO:0006417","regulation of translation","2/32","225/9187",0.00888888888888889,2.55194444444444,1.39339418969945,0.184225151961826,0.331937210742028,0.290008299911456,"Rpusd4/Thbs1",2
"GO:0042176","regulation of protein catabolic process","2/32","226/9187",0.00884955752212389,2.54065265486726,1.38640384112627,0.185484652248014,0.333605489654701,0.291465848856213,"Pbk/Psme2",2
"GO:0015908","fatty acid transport","1/32","59/9187",0.0169491525423729,4.86599576271186,1.76119968530363,0.186590241704458,0.334391114165696,0.292152236586871,"Thbs1",1
"GO:0072655","establishment of protein localization to mitochondrion","1/32","59/9187",0.0169491525423729,4.86599576271186,1.76119968530363,0.186590241704458,0.334391114165696,0.292152236586871,"Pmaip1",1
"GO:0046928","regulation of neurotransmitter secretion","1/32","60/9187",0.0166666666666667,4.78489583333333,1.73889983711718,0.189441809656415,0.338288945815027,0.295557710554181,"Syt8",1
"GO:0051310","metaphase chromosome alignment","1/32","60/9187",0.0166666666666667,4.78489583333333,1.73889983711718,0.189441809656415,0.338288945815027,0.295557710554181,"Ccnb1",1
"GO:0006887","exocytosis","2/32","230/9187",0.00869565217391304,2.49646739130435,1.35881059366412,0.190536041287808,0.339636437233169,0.296734992530032,"Syn2/Syt8",2
"GO:0022904","respiratory electron transport chain","1/32","61/9187",0.0163934426229508,4.70645491803279,1.71708756375311,0.192283692212676,0.339723837831583,0.296811353052856,"Ccnb1",1
"GO:0043525","positive regulation of neuron apoptotic process","1/32","61/9187",0.0163934426229508,4.70645491803279,1.71708756375311,0.192283692212676,0.339723837831583,0.296811353052856,"Pmaip1",1
"GO:0046620","regulation of organ growth","1/32","61/9187",0.0163934426229508,4.70645491803279,1.71708756375311,0.192283692212676,0.339723837831583,0.296811353052856,"Ccnb1",1
"GO:0051851","host-mediated perturbation of symbiont process","1/32","61/9187",0.0163934426229508,4.70645491803279,1.71708756375311,0.192283692212676,0.339723837831583,0.296811353052856,"Ifitm1",1
"GO:0055017","cardiac muscle tissue growth","1/32","61/9187",0.0163934426229508,4.70645491803279,1.71708756375311,0.192283692212676,0.339723837831583,0.296811353052856,"Ccnb1",1
"GO:0018193","peptidyl-amino acid modification","3/32","438/9187",0.00684931506849315,1.96639554794521,1.22524179509064,0.194347509232313,0.341111750370891,0.298023950324041,"Pbk/Irgm2/Uspl1",3
"GO:0000422","autophagy of mitochondrion","1/32","62/9187",0.0161290322580645,4.63054435483871,1.69574361515058,0.195115921212149,0.341111750370891,0.298023950324041,"Irgm2",1
"GO:0009408","response to heat","1/32","62/9187",0.0161290322580645,4.63054435483871,1.69574361515058,0.195115921212149,0.341111750370891,0.298023950324041,"Chordc1",1
"GO:0033045","regulation of sister chromatid segregation","1/32","62/9187",0.0161290322580645,4.63054435483871,1.69574361515058,0.195115921212149,0.341111750370891,0.298023950324041,"Ccnb1",1
"GO:0033555","multicellular organismal response to stress","1/32","62/9187",0.0161290322580645,4.63054435483871,1.69574361515058,0.195115921212149,0.341111750370891,0.298023950324041,"Thbs1",1
"GO:0042116","macrophage activation","1/32","62/9187",0.0161290322580645,4.63054435483871,1.69574361515058,0.195115921212149,0.341111750370891,0.298023950324041,"Thbs1",1
"GO:0006400","tRNA modification","1/32","63/9187",0.0158730158730159,4.55704365079365,1.67484980311333,0.197938528392556,0.344240918943576,0.300757855498072,"Rpusd4",1
"GO:0071621","granulocyte chemotaxis","1/32","63/9187",0.0158730158730159,4.55704365079365,1.67484980311333,0.197938528392556,0.344240918943576,0.300757855498072,"Thbs1",1
"GO:2001251","negative regulation of chromosome organization","1/32","63/9187",0.0158730158730159,4.55704365079365,1.67484980311333,0.197938528392556,0.344240918943576,0.300757855498072,"Ccnb1",1
"GO:0010389","regulation of G2/M transition of mitotic cell cycle","1/32","64/9187",0.015625,4.48583984375,1.65438892681792,0.200751545390741,0.344342273397498,0.30084640728413,"Ccnb1",1
"GO:0022900","electron transport chain","1/32","64/9187",0.015625,4.48583984375,1.65438892681792,0.200751545390741,0.344342273397498,0.30084640728413,"Ccnb1",1
"GO:0032602","chemokine production","1/32","64/9187",0.015625,4.48583984375,1.65438892681792,0.200751545390741,0.344342273397498,0.30084640728413,"Oas1g",1
"GO:0032652","regulation of interleukin-1 production","1/32","64/9187",0.015625,4.48583984375,1.65438892681792,0.200751545390741,0.344342273397498,0.30084640728413,"Ifi203",1
"GO:0033135","regulation of peptidyl-serine phosphorylation","1/32","64/9187",0.015625,4.48583984375,1.65438892681792,0.200751545390741,0.344342273397498,0.30084640728413,"Irgm2",1
"GO:0043535","regulation of blood vessel endothelial cell migration","1/32","64/9187",0.015625,4.48583984375,1.65438892681792,0.200751545390741,0.344342273397498,0.30084640728413,"Thbs1",1
"GO:0060349","bone morphogenesis","1/32","64/9187",0.015625,4.48583984375,1.65438892681792,0.200751545390741,0.344342273397498,0.30084640728413,"Thbs1",1
"GO:0090288","negative regulation of cellular response to growth factor stimulus","1/32","64/9187",0.015625,4.48583984375,1.65438892681792,0.200751545390741,0.344342273397498,0.30084640728413,"Thbs1",1
"GO:0031589","cell-substrate adhesion","2/32","239/9187",0.00836820083682008,2.40245815899582,1.29877796411525,0.201973643727942,0.345845280356066,0.302159560732142,"Msln/Thbs1",2
"GO:0007389","pattern specification process","2/32","240/9187",0.00833333333333333,2.39244791666667,1.29227486501406,0.203250110142377,0.346181979154731,0.302453729156238,"Arc/Ifitm1",2
"GO:0010906","regulation of glucose metabolic process","1/32","65/9187",0.0153846153846154,4.41682692307692,1.63434470462454,0.203555003742982,0.346181979154731,0.302453729156238,"Pmaip1",1
"GO:0016525","negative regulation of angiogenesis","1/32","65/9187",0.0153846153846154,4.41682692307692,1.63434470462454,0.203555003742982,0.346181979154731,0.302453729156238,"Thbs1",1
"GO:0070585","protein localization to mitochondrion","1/32","65/9187",0.0153846153846154,4.41682692307692,1.63434470462454,0.203555003742982,0.346181979154731,0.302453729156238,"Pmaip1",1
"GO:0007040","lysosome organization","1/32","66/9187",0.0151515151515152,4.3499053030303,1.61470171156903,0.2063489348853,0.347388779268182,0.303508091360622,"Irgm2",1
"GO:0035821","modulation of process of another organism","1/32","66/9187",0.0151515151515152,4.3499053030303,1.61470171156903,0.2063489348853,0.347388779268182,0.303508091360622,"Ifitm1",1
"GO:0051303","establishment of chromosome localization","1/32","66/9187",0.0151515151515152,4.3499053030303,1.61470171156903,0.2063489348853,0.347388779268182,0.303508091360622,"Ccnb1",1
"GO:0071482","cellular response to light stimulus","1/32","66/9187",0.0151515151515152,4.3499053030303,1.61470171156903,0.2063489348853,0.347388779268182,0.303508091360622,"Pbk",1
"GO:0080171","lytic vacuole organization","1/32","66/9187",0.0151515151515152,4.3499053030303,1.61470171156903,0.2063489348853,0.347388779268182,0.303508091360622,"Irgm2",1
"GO:2000181","negative regulation of blood vessel morphogenesis","1/32","66/9187",0.0151515151515152,4.3499053030303,1.61470171156903,0.2063489348853,0.347388779268182,0.303508091360622,"Thbs1",1
"GO:0060419","heart growth","1/32","67/9187",0.0149253731343284,4.28498134328358,1.59544532198447,0.209133370153765,0.350894916365378,0.306571347982383,"Ccnb1",1
"GO:1901343","negative regulation of vasculature development","1/32","67/9187",0.0149253731343284,4.28498134328358,1.59544532198447,0.209133370153765,0.350894916365378,0.306571347982383,"Thbs1",1
"GO:0008543","fibroblast growth factor receptor signaling pathway","1/32","68/9187",0.0147058823529412,4.22196691176471,1.57656165676141,0.211908340784804,0.35377018494959,0.309083424745431,"Thbs1",1
"GO:0032612","interleukin-1 production","1/32","68/9187",0.0147058823529412,4.22196691176471,1.57656165676141,0.211908340784804,0.35377018494959,0.309083424745431,"Ifi203",1
"GO:0043279","response to alkaloid","1/32","68/9187",0.0147058823529412,4.22196691176471,1.57656165676141,0.211908340784804,0.35377018494959,0.309083424745431,"Arc",1
"GO:0007006","mitochondrial membrane organization","1/32","69/9187",0.0144927536231884,4.16077898550725,1.55803753480966,0.214673877915508,0.354832856058691,0.310011863714436,"Pmaip1",1
"GO:0008630","intrinsic apoptotic signaling pathway in response to DNA damage","1/32","69/9187",0.0144927536231884,4.16077898550725,1.55803753480966,0.214673877915508,0.354832856058691,0.310011863714436,"Pmaip1",1
"GO:0032024","positive regulation of insulin secretion","1/32","69/9187",0.0144927536231884,4.16077898550725,1.55803753480966,0.214673877915508,0.354832856058691,0.310011863714436,"Nnat",1
"GO:0051028","mRNA transport","1/32","69/9187",0.0144927536231884,4.16077898550725,1.55803753480966,0.214673877915508,0.354832856058691,0.310011863714436,"Arc",1
"GO:0140029","exocytic process","1/32","69/9187",0.0144927536231884,4.16077898550725,1.55803753480966,0.214673877915508,0.354832856058691,0.310011863714436,"Syt8",1
"GO:1902749","regulation of cell cycle G2/M phase transition","1/32","69/9187",0.0144927536231884,4.16077898550725,1.55803753480966,0.214673877915508,0.354832856058691,0.310011863714436,"Ccnb1",1
"GO:0003014","renal system process","1/32","70/9187",0.0142857142857143,4.10133928571429,1.53986042833106,0.217430012583934,0.355859267731479,0.31090862338645,"Sctr",1
"GO:0007338","single fertilization","1/32","70/9187",0.0142857142857143,4.10133928571429,1.53986042833106,0.217430012583934,0.355859267731479,0.31090862338645,"Syt8",1
"GO:0008637","apoptotic mitochondrial changes","1/32","70/9187",0.0142857142857143,4.10133928571429,1.53986042833106,0.217430012583934,0.355859267731479,0.31090862338645,"Pmaip1",1
"GO:0042177","negative regulation of protein catabolic process","1/32","70/9187",0.0142857142857143,4.10133928571429,1.53986042833106,0.217430012583934,0.355859267731479,0.31090862338645,"Pbk",1
"GO:0051588","regulation of neurotransmitter transport","1/32","70/9187",0.0142857142857143,4.10133928571429,1.53986042833106,0.217430012583934,0.355859267731479,0.31090862338645,"Syt8",1
"GO:2001252","positive regulation of chromosome organization","1/32","70/9187",0.0142857142857143,4.10133928571429,1.53986042833106,0.217430012583934,0.355859267731479,0.31090862338645,"Ncapg",1
"GO:0043009","chordate embryonic development","3/32","465/9187",0.00645161290322581,1.85221774193548,1.11500815047517,0.218870247554695,0.356850527924491,0.311774671765608,"Ccnb1/Uspl1/Ifitm1",3
"GO:0044772","mitotic cell cycle phase transition","2/32","253/9187",0.00790513833992095,2.26951581027668,1.21055474891511,0.219931258496562,0.356850527924491,0.311774671765608,"Ccnb1/Psme2",2
"GO:0000281","mitotic cytokinesis","1/32","71/9187",0.0140845070422535,4.04357394366197,1.52201842155419,0.220176775729411,0.356850527924491,0.311774671765608,"Nusap1",1
"GO:0043406","positive regulation of MAP kinase activity","1/32","71/9187",0.0140845070422535,4.04357394366197,1.52201842155419,0.220176775729411,0.356850527924491,0.311774671765608,"Thbs1",1
"GO:0050000","chromosome localization","1/32","71/9187",0.0140845070422535,4.04357394366197,1.52201842155419,0.220176775729411,0.356850527924491,0.311774671765608,"Ccnb1",1
"GO:0097061","dendritic spine organization","1/32","71/9187",0.0140845070422535,4.04357394366197,1.52201842155419,0.220176775729411,0.356850527924491,0.311774671765608,"Arc",1
"GO:0051129","negative regulation of cellular component organization","3/32","467/9187",0.00642398286937901,1.84428533190578,1.1071296388445,0.220714888139521,0.357143831940973,0.312030926853692,"Ccnb1/Ifi203/Irgm2",3
"GO:2001233","regulation of apoptotic signaling pathway","2/32","254/9187",0.0078740157480315,2.26058070866142,1.20447525808346,0.221220385621816,0.357383498581286,0.312240319813123,"Pmaip1/Thbs1",2
"GO:0051603","proteolysis involved in protein catabolic process","3/32","468/9187",0.00641025641025641,1.84034455128205,1.10320446674276,0.221638542721697,0.357481520518866,0.312325960032273,"Pbk/Pmaip1/Psme2",3
"GO:1901989","positive regulation of cell cycle phase transition","1/32","72/9187",0.0138888888888889,3.98741319444444,1.50450017261835,0.222914198192844,0.358960061502164,0.313617737943996,"Ccnb1",1
"GO:0002688","regulation of leukocyte chemotaxis","1/32","73/9187",0.0136986301369863,3.93279109589041,1.48729487832629,0.225642310717017,0.360450975586288,0.314920326038547,"Thbs1",1
"GO:0007189","adenylate cyclase-activating G protein-coupled receptor signaling pathway","1/32","73/9187",0.0136986301369863,3.93279109589041,1.48729487832629,0.225642310717017,0.360450975586288,0.314920326038547,"Sctr",1
"GO:0016079","synaptic vesicle exocytosis","1/32","73/9187",0.0136986301369863,3.93279109589041,1.48729487832629,0.225642310717017,0.360450975586288,0.314920326038547,"Syt8",1
"GO:0032368","regulation of lipid transport","1/32","73/9187",0.0136986301369863,3.93279109589041,1.48729487832629,0.225642310717017,0.360450975586288,0.314920326038547,"Thbs1",1
"GO:0048661","positive regulation of smooth muscle cell proliferation","1/32","73/9187",0.0136986301369863,3.93279109589041,1.48729487832629,0.225642310717017,0.360450975586288,0.314920326038547,"Thbs1",1
"GO:0009792","embryo development ending in birth or egg hatching","3/32","475/9187",0.00631578947368421,1.81322368421053,1.07598675485854,0.228128286429404,0.363632394819886,0.317699881790005,"Ccnb1/Uspl1/Ifitm1",3
"GO:0061041","regulation of wound healing","1/32","74/9187",0.0135135135135135,3.87964527027027,1.47039224151357,0.228361143946888,0.363632394819886,0.317699881790005,"Thbs1",1
"GO:1901987","regulation of cell cycle phase transition","2/32","261/9187",0.00766283524904215,2.19995210727969,1.16269220419239,0.230264130954954,0.366079699451438,0.319838053204941,"Ccnb1/Psme2",2
"GO:0060291","long-term synaptic potentiation","1/32","75/9187",0.0133333333333333,3.82791666666667,1.45378244080783,0.231070728429902,0.366778934015717,0.320448963403205,"Arc",1
"GO:0001952","regulation of cell-matrix adhesion","1/32","76/9187",0.0131578947368421,3.77754934210526,1.43745610257348,0.233771094616276,0.369306626565997,0.32265736847345,"Thbs1",1
"GO:0010595","positive regulation of endothelial cell migration","1/32","76/9187",0.0131578947368421,3.77754934210526,1.43745610257348,0.233771094616276,0.369306626565997,0.32265736847345,"Thbs1",1
"GO:0032434","regulation of proteasomal ubiquitin-dependent protein catabolic process","1/32","76/9187",0.0131578947368421,3.77754934210526,1.43745610257348,0.233771094616276,0.369306626565997,0.32265736847345,"Pbk",1
"GO:0061024","membrane organization","3/32","483/9187",0.0062111801242236,1.78319099378882,1.04542009611601,0.23559437422172,0.370050505257136,0.323307283540445,"Pmaip1/Thbs1/Syt8",3
"GO:0006906","vesicle fusion","1/32","77/9187",0.012987012987013,3.72849025974026,1.42140427485731,0.23646227285931,0.370050505257136,0.323307283540445,"Syt8",1
"GO:0045446","endothelial cell differentiation","1/32","77/9187",0.012987012987013,3.72849025974026,1.42140427485731,0.23646227285931,0.370050505257136,0.323307283540445,"Apold1",1
"GO:0070646","protein modification by small protein removal","1/32","77/9187",0.012987012987013,3.72849025974026,1.42140427485731,0.23646227285931,0.370050505257136,0.323307283540445,"Uspl1",1
"GO:0106027","neuron projection organization","1/32","77/9187",0.012987012987013,3.72849025974026,1.42140427485731,0.23646227285931,0.370050505257136,0.323307283540445,"Arc",1
"GO:1903313","positive regulation of mRNA metabolic process","1/32","77/9187",0.012987012987013,3.72849025974026,1.42140427485731,0.23646227285931,0.370050505257136,0.323307283540445,"Ccnb1",1
"GO:0001824","blastocyst development","1/32","78/9187",0.0128205128205128,3.6806891025641,1.40561840316838,0.239144293415677,0.373662958461995,0.326463426866795,"Uspl1",1
"GO:0051983","regulation of chromosome segregation","1/32","79/9187",0.0126582278481013,3.63409810126582,1.39009030794116,0.241817186445723,0.37666228418337,0.329083890391786,"Ccnb1",1
"GO:0090174","organelle membrane fusion","1/32","79/9187",0.0126582278481013,3.63409810126582,1.39009030794116,0.241817186445723,0.37666228418337,0.329083890391786,"Syt8",1
"GO:0000045","autophagosome assembly","1/32","80/9187",0.0125,3.588671875,1.3748121635453,0.244480982013767,0.37736693406706,0.329699531869115,"Irgm2",1
"GO:0006612","protein targeting to membrane","1/32","80/9187",0.0125,3.588671875,1.3748121635453,0.244480982013767,0.37736693406706,0.329699531869115,"Irgm2",1
"GO:0006986","response to unfolded protein","1/32","80/9187",0.0125,3.588671875,1.3748121635453,0.244480982013767,0.37736693406706,0.329699531869115,"Thbs1",1
"GO:0045931","positive regulation of mitotic cell cycle","1/32","80/9187",0.0125,3.588671875,1.3748121635453,0.244480982013767,0.37736693406706,0.329699531869115,"Ccnb1",1
"GO:0048259","regulation of receptor-mediated endocytosis","1/32","80/9187",0.0125,3.588671875,1.3748121635453,0.244480982013767,0.37736693406706,0.329699531869115,"Arc",1
"GO:0006091","generation of precursor metabolites and energy","2/32","272/9187",0.00735294117647059,2.11098345588235,1.09961436673124,0.244533773275455,0.37736693406706,0.329699531869115,"Ccnb1/Oas1g",2
"GO:0001776","leukocyte homeostasis","1/32","81/9187",0.0123456790123457,3.54436728395062,1.35977647871797,0.247135710088386,0.378968480843454,0.331098778000071,"Pmaip1",1
"GO:0001936","regulation of endothelial cell proliferation","1/32","81/9187",0.0123456790123457,3.54436728395062,1.35977647871797,0.247135710088386,0.378968480843454,0.331098778000071,"Thbs1",1
"GO:0050657","nucleic acid transport","1/32","81/9187",0.0123456790123457,3.54436728395062,1.35977647871797,0.247135710088386,0.378968480843454,0.331098778000071,"Arc",1
"GO:0050658","RNA transport","1/32","81/9187",0.0123456790123457,3.54436728395062,1.35977647871797,0.247135710088386,0.378968480843454,0.331098778000071,"Arc",1
"GO:0000086","G2/M transition of mitotic cell cycle","1/32","82/9187",0.0121951219512195,3.50114329268293,1.34497607830587,0.249781400542721,0.378968480843454,0.331098778000071,"Ccnb1",1
"GO:0006119","oxidative phosphorylation","1/32","82/9187",0.0121951219512195,3.50114329268293,1.34497607830587,0.249781400542721,0.378968480843454,0.331098778000071,"Ccnb1",1
"GO:0032543","mitochondrial translation","1/32","82/9187",0.0121951219512195,3.50114329268293,1.34497607830587,0.249781400542721,0.378968480843454,0.331098778000071,"Rpusd4",1
"GO:0043534","blood vessel endothelial cell migration","1/32","82/9187",0.0121951219512195,3.50114329268293,1.34497607830587,0.249781400542721,0.378968480843454,0.331098778000071,"Thbs1",1
"GO:0050729","positive regulation of inflammatory response","1/32","82/9187",0.0121951219512195,3.50114329268293,1.34497607830587,0.249781400542721,0.378968480843454,0.331098778000071,"Gbp2",1
"GO:0061640","cytoskeleton-dependent cytokinesis","1/32","82/9187",0.0121951219512195,3.50114329268293,1.34497607830587,0.249781400542721,0.378968480843454,0.331098778000071,"Nusap1",1
"GO:1905037","autophagosome organization","1/32","82/9187",0.0121951219512195,3.50114329268293,1.34497607830587,0.249781400542721,0.378968480843454,0.331098778000071,"Irgm2",1
"GO:0048871","multicellular organismal-level homeostasis","3/32","500/9187",0.006,1.7225625,0.982278289567401,0.251616465294555,0.378968480843454,0.331098778000071,"Pmaip1/Sctr/Oas1g",3
"GO:0007292","female gamete generation","1/32","83/9187",0.0120481927710843,3.45896084337349,1.33040408621469,0.252418083154762,0.378968480843454,0.331098778000071,"Ccnb1",1
"GO:0030879","mammary gland development","1/32","83/9187",0.0120481927710843,3.45896084337349,1.33040408621469,0.252418083154762,0.378968480843454,0.331098778000071,"Csn3",1
"GO:0034763","negative regulation of transmembrane transport","1/32","83/9187",0.0120481927710843,3.45896084337349,1.33040408621469,0.252418083154762,0.378968480843454,0.331098778000071,"Thbs1",1
"GO:0051236","establishment of RNA localization","1/32","83/9187",0.0120481927710843,3.45896084337349,1.33040408621469,0.252418083154762,0.378968480843454,0.331098778000071,"Arc",1
"GO:0072594","establishment of protein localization to organelle","2/32","280/9187",0.00714285714285714,2.05066964285714,1.0555735739149,0.254943998727132,0.378968480843454,0.331098778000071,"Pmaip1/Irgm2",2
"GO:0006997","nucleus organization","1/32","84/9187",0.0119047619047619,3.41778273809524,1.31605390947236,0.255045787607645,0.378968480843454,0.331098778000071,"Uspl1",1
"GO:0008033","tRNA processing","1/32","84/9187",0.0119047619047619,3.41778273809524,1.31605390947236,0.255045787607645,0.378968480843454,0.331098778000071,"Rpusd4",1
"GO:0017015","regulation of transforming growth factor beta receptor signaling pathway","1/32","84/9187",0.0119047619047619,3.41778273809524,1.31605390947236,0.255045787607645,0.378968480843454,0.331098778000071,"Thbs1",1
"GO:0045471","response to ethanol","1/32","84/9187",0.0119047619047619,3.41778273809524,1.31605390947236,0.255045787607645,0.378968480843454,0.331098778000071,"Arc",1
"GO:0051100","negative regulation of binding","1/32","84/9187",0.0119047619047619,3.41778273809524,1.31605390947236,0.255045787607645,0.378968480843454,0.331098778000071,"Ifi203",1
"GO:0090277","positive regulation of peptide hormone secretion","1/32","84/9187",0.0119047619047619,3.41778273809524,1.31605390947236,0.255045787607645,0.378968480843454,0.331098778000071,"Nnat",1
"GO:0097530","granulocyte migration","1/32","84/9187",0.0119047619047619,3.41778273809524,1.31605390947236,0.255045787607645,0.378968480843454,0.331098778000071,"Thbs1",1
"GO:1903844","regulation of cellular response to transforming growth factor beta stimulus","1/32","84/9187",0.0119047619047619,3.41778273809524,1.31605390947236,0.255045787607645,0.378968480843454,0.331098778000071,"Thbs1",1
"GO:0051701","biological process involved in interaction with host","1/32","85/9187",0.0117647058823529,3.37757352941176,1.30191922332115,0.257664543489943,0.382194391036644,0.333917204800436,"Gbp2",1
"GO:0002040","sprouting angiogenesis","1/32","86/9187",0.0116279069767442,3.33829941860465,1.28799395726085,0.260274380295955,0.382194391036644,0.333917204800436,"Thbs1",1
"GO:0002793","positive regulation of peptide secretion","1/32","86/9187",0.0116279069767442,3.33829941860465,1.28799395726085,0.260274380295955,0.382194391036644,0.333917204800436,"Nnat",1
"GO:0007093","mitotic cell cycle checkpoint signaling","1/32","86/9187",0.0116279069767442,3.33829941860465,1.28799395726085,0.260274380295955,0.382194391036644,0.333917204800436,"Ccnb1",1
"GO:0030216","keratinocyte differentiation","1/32","86/9187",0.0116279069767442,3.33829941860465,1.28799395726085,0.260274380295955,0.382194391036644,0.333917204800436,"Krt79",1
"GO:0035966","response to topologically incorrect protein","1/32","86/9187",0.0116279069767442,3.33829941860465,1.28799395726085,0.260274380295955,0.382194391036644,0.333917204800436,"Thbs1",1
"GO:0044344","cellular response to fibroblast growth factor stimulus","1/32","86/9187",0.0116279069767442,3.33829941860465,1.28799395726085,0.260274380295955,0.382194391036644,0.333917204800436,"Thbs1",1
"GO:0071675","regulation of mononuclear cell migration","1/32","86/9187",0.0116279069767442,3.33829941860465,1.28799395726085,0.260274380295955,0.382194391036644,0.333917204800436,"Thbs1",1
"GO:0007052","mitotic spindle organization","1/32","87/9187",0.0114942528735632,3.29992816091954,1.27427228197207,0.262875327425999,0.384320654131577,0.335774887293904,"Ccnb1",1
"GO:0015718","monocarboxylic acid transport","1/32","87/9187",0.0114942528735632,3.29992816091954,1.27427228197207,0.262875327425999,0.384320654131577,0.335774887293904,"Thbs1",1
"GO:1903305","regulation of regulated secretory pathway","1/32","87/9187",0.0114942528735632,3.29992816091954,1.27427228197207,0.262875327425999,0.384320654131577,0.335774887293904,"Syt8",1
"GO:0018205","peptidyl-lysine modification","1/32","88/9187",0.0113636363636364,3.26242897727273,1.26074859705462,0.265467414186698,0.386978737881484,0.338097213096455,"Uspl1",1
"GO:0043244","regulation of protein-containing complex disassembly","1/32","88/9187",0.0113636363636364,3.26242897727273,1.26074859705462,0.265467414186698,0.386978737881484,0.338097213096455,"Irgm2",1
"GO:0007005","mitochondrion organization","2/32","289/9187",0.0069204152249135,1.98680795847751,1.00773049138,0.266675442846101,0.387356459235944,0.338427222279825,"Pmaip1/Irgm2",2
"GO:0006959","humoral immune response","1/32","89/9187",0.0112359550561798,3.22577247191011,1.24741751952165,0.268050669791273,0.387356459235944,0.338427222279825,"Hmgn2",1
"GO:0030856","regulation of epithelial cell differentiation","1/32","89/9187",0.0112359550561798,3.22577247191011,1.24741751952165,0.268050669791273,0.387356459235944,0.338427222279825,"Apold1",1
"GO:0044839","cell cycle G2/M phase transition","1/32","89/9187",0.0112359550561798,3.22577247191011,1.24741751952165,0.268050669791273,0.387356459235944,0.338427222279825,"Ccnb1",1
"GO:0045667","regulation of osteoblast differentiation","1/32","89/9187",0.0112359550561798,3.22577247191011,1.24741751952165,0.268050669791273,0.387356459235944,0.338427222279825,"Ifitm1",1
"GO:0050684","regulation of mRNA processing","1/32","89/9187",0.0112359550561798,3.22577247191011,1.24741751952165,0.268050669791273,0.387356459235944,0.338427222279825,"Ccnb1",1
"GO:0051656","establishment of organelle localization","2/32","291/9187",0.00687285223367698,1.9731529209622,0.997330804538766,0.269284127817759,0.388577385018411,0.339493925858191,"Ccnb1/Nusap1",2
"GO:0007098","centrosome cycle","1/32","90/9187",0.0111111111111111,3.18993055555556,1.23427387299484,0.270625123359824,0.388829200229633,0.339713932832206,"Chordc1",1
"GO:0009566","fertilization","1/32","90/9187",0.0111111111111111,3.18993055555556,1.23427387299484,0.270625123359824,0.388829200229633,0.339713932832206,"Syt8",1
"GO:1905039","carboxylic acid transmembrane transport","1/32","90/9187",0.0111111111111111,3.18993055555556,1.23427387299484,0.270625123359824,0.388829200229633,0.339713932832206,"Thbs1",1
"GO:0045834","positive regulation of lipid metabolic process","1/32","91/9187",0.010989010989011,3.15487637362637,1.22131267755082,0.273190803919623,0.390840837304661,0.341471468381967,"Sctr",1
"GO:1903825","organic acid transmembrane transport","1/32","91/9187",0.010989010989011,3.15487637362637,1.22131267755082,0.273190803919623,0.390840837304661,0.341471468381967,"Thbs1",1
"GO:0006397","mRNA processing","2/32","294/9187",0.00680272108843537,1.95301870748299,0.981883541178445,0.273197745275958,0.390840837304661,0.341471468381967,"Ccnb1/Rpusd4",2
"GO:0003158","endothelium development","1/32","92/9187",0.0108695652173913,3.12058423913043,1.20852914017271,0.275747740405394,0.392803049010532,0.343185821767097,"Apold1",1
"GO:0010811","positive regulation of cell-substrate adhesion","1/32","92/9187",0.0108695652173913,3.12058423913043,1.20852914017271,0.275747740405394,0.392803049010532,0.343185821767097,"Thbs1",1
"GO:0071774","response to fibroblast growth factor","1/32","92/9187",0.0108695652173913,3.12058423913043,1.20852914017271,0.275747740405394,0.392803049010532,0.343185821767097,"Thbs1",1
"GO:0002687","positive regulation of leukocyte migration","1/32","93/9187",0.010752688172043,3.08702956989247,1.19591864576461,0.278295961659602,0.395306763721025,0.345373277777317,"Thbs1",1
"GO:0050921","positive regulation of chemotaxis","1/32","93/9187",0.010752688172043,3.08702956989247,1.19591864576461,0.278295961659602,0.395306763721025,0.345373277777317,"Thbs1",1
"GO:1903131","mononuclear cell differentiation","2/32","299/9187",0.00668896321070234,1.92035953177258,0.956533360002915,0.279720966535909,0.396660305695957,0.346555846029099,"Nfil3/Ifi203",2
"GO:0007613","memory","1/32","94/9187",0.0106382978723404,3.05418882978723,1.18347674869012,0.280835496432738,0.396660305695957,0.346555846029099,"Arc",1
"GO:1905952","regulation of lipid localization","1/32","94/9187",0.0106382978723404,3.05418882978723,1.18347674869012,0.280835496432738,0.396660305695957,0.346555846029099,"Thbs1",1
"GO:2000045","regulation of G1/S transition of mitotic cell cycle","1/32","94/9187",0.0106382978723404,3.05418882978723,1.18347674869012,0.280835496432738,0.396660305695957,0.346555846029099,"Psme2",1
"GO:0009451","RNA modification","1/32","95/9187",0.0105263157894737,3.02203947368421,1.17119916479921,0.283366373383596,0.398546235419966,0.348203553051128,"Rpusd4",1
"GO:0050680","negative regulation of epithelial cell proliferation","1/32","95/9187",0.0105263157894737,3.02203947368421,1.17119916479921,0.283366373383596,0.398546235419966,0.348203553051128,"Thbs1",1
"GO:0051592","response to calcium ion","1/32","95/9187",0.0105263157894737,3.02203947368421,1.17119916479921,0.283366373383596,0.398546235419966,0.348203553051128,"Thbs1",1
"GO:0001701","in utero embryonic development","2/32","303/9187",0.0066006600660066,1.89500825082508,0.936597757611682,0.284938910327981,0.400195098775254,0.349644138929959,"Ccnb1/Uspl1",2
"GO:0001935","endothelial cell proliferation","1/32","97/9187",0.0103092783505155,2.9597293814433,1.14712056271676,0.288402267996893,0.40335981538027,0.352409101858551,"Thbs1",1
"GO:0031023","microtubule organizing center organization","1/32","97/9187",0.0103092783505155,2.9597293814433,1.14712056271676,0.288402267996893,0.40335981538027,0.352409101858551,"Chordc1",1
"GO:0045814","negative regulation of gene expression, epigenetic","1/32","97/9187",0.0103092783505155,2.9597293814433,1.14712056271676,0.288402267996893,0.40335981538027,0.352409101858551,"Ifi203",1
"GO:0060996","dendritic spine development","1/32","99/9187",0.0101010101010101,2.89993686868687,1.12365152075888,0.293403872946711,0.408640491569236,0.357022745265753,"Arc",1
"GO:1990845","adaptive thermogenesis","1/32","99/9187",0.0101010101010101,2.89993686868687,1.12365152075888,0.293403872946711,0.408640491569236,0.357022745265753,"Sctr",1
"GO:2000058","regulation of ubiquitin-dependent protein catabolic process","1/32","99/9187",0.0101010101010101,2.89993686868687,1.12365152075888,0.293403872946711,0.408640491569236,0.357022745265753,"Pbk",1
"GO:0005975","carbohydrate metabolic process","2/32","310/9187",0.00645161290322581,1.85221774193548,0.902417157115313,0.294065899741259,0.408992906455159,0.357330644587139,"Pmaip1/Oas1g",2
"GO:0031623","receptor internalization","1/32","100/9187",0.01,2.8709375,1.11213638931881,0.295891887478589,0.410390967376684,0.358552108339629,"Arc",1
"GO:0044403","biological process involved in symbiotic interaction","1/32","100/9187",0.01,2.8709375,1.11213638931881,0.295891887478589,0.410390967376684,0.358552108339629,"Gbp2",1
"GO:0051604","protein maturation","2/32","313/9187",0.00638977635782748,1.83446485623003,0.888033895826259,0.297974737444718,0.410979909409322,0.359066657694461,"Chordc1/Thbs1",2
"GO:0007596","blood coagulation","1/32","101/9187",0.0099009900990099,2.84251237623762,1.10076286458894,0.298371414231168,0.410979909409322,0.359066657694461,"Thbs1",1
"GO:0043409","negative regulation of MAPK cascade","1/32","101/9187",0.0099009900990099,2.84251237623762,1.10076286458894,0.298371414231168,0.410979909409322,0.359066657694461,"Pbk",1
"GO:0061025","membrane fusion","1/32","101/9187",0.0099009900990099,2.84251237623762,1.10076286458894,0.298371414231168,0.410979909409322,0.359066657694461,"Syt8",1
"GO:2000377","regulation of reactive oxygen species metabolic process","1/32","101/9187",0.0099009900990099,2.84251237623762,1.10076286458894,0.298371414231168,0.410979909409322,0.359066657694461,"Thbs1",1
"GO:0006914","autophagy","2/32","316/9187",0.00632911392405063,1.81704905063291,0.873804781321258,0.301881390613688,0.413222229438954,0.361025737299297,"Scoc/Irgm2",2
"GO:0010608","post-transcriptional regulation of gene expression","2/32","316/9187",0.00632911392405063,1.81704905063291,0.873804781321258,0.301881390613688,0.413222229438954,0.361025737299297,"Rpusd4/Thbs1",2
"GO:0044770","cell cycle phase transition","2/32","316/9187",0.00632911392405063,1.81704905063291,0.873804781321258,0.301881390613688,0.413222229438954,0.361025737299297,"Ccnb1/Psme2",2
"GO:0061919","process utilizing autophagic mechanism","2/32","316/9187",0.00632911392405063,1.81704905063291,0.873804781321258,0.301881390613688,0.413222229438954,0.361025737299297,"Scoc/Irgm2",2
"GO:0006403","RNA localization","1/32","103/9187",0.00970873786407767,2.78731796116505,1.07842737780364,0.303305116408193,0.413222229438954,0.361025737299297,"Arc",1
"GO:0007034","vacuolar transport","1/32","103/9187",0.00970873786407767,2.78731796116505,1.07842737780364,0.303305116408193,0.413222229438954,0.361025737299297,"Irgm2",1
"GO:0046887","positive regulation of hormone secretion","1/32","103/9187",0.00970873786407767,2.78731796116505,1.07842737780364,0.303305116408193,0.413222229438954,0.361025737299297,"Nnat",1
"GO:0099072","regulation of postsynaptic membrane neurotransmitter receptor levels","1/32","103/9187",0.00970873786407767,2.78731796116505,1.07842737780364,0.303305116408193,0.413222229438954,0.361025737299297,"Arc",1
"GO:0007599","hemostasis","1/32","104/9187",0.00961538461538462,2.76051682692308,1.06745906172345,0.305759347614152,0.41374742572957,0.361484593005835,"Thbs1",1
"GO:0009266","response to temperature stimulus","1/32","104/9187",0.00961538461538462,2.76051682692308,1.06745906172345,0.305759347614152,0.41374742572957,0.361484593005835,"Chordc1",1
"GO:0050714","positive regulation of protein secretion","1/32","104/9187",0.00961538461538462,2.76051682692308,1.06745906172345,0.305759347614152,0.41374742572957,0.361484593005835,"Nnat",1
"GO:0050817","coagulation","1/32","104/9187",0.00961538461538462,2.76051682692308,1.06745906172345,0.305759347614152,0.41374742572957,0.361484593005835,"Thbs1",1
"GO:1903034","regulation of response to wounding","1/32","104/9187",0.00961538461538462,2.76051682692308,1.06745906172345,0.305759347614152,0.41374742572957,0.361484593005835,"Thbs1",1
"GO:0007612","learning","1/32","105/9187",0.00952380952380952,2.73422619047619,1.05661963495486,0.308205202604392,0.415931447509301,0.363392738350232,"Arc",1
"GO:0042770","signal transduction in response to DNA damage","1/32","105/9187",0.00952380952380952,2.73422619047619,1.05661963495486,0.308205202604392,0.415931447509301,0.363392738350232,"Pmaip1",1
"GO:0006839","mitochondrial transport","1/32","106/9187",0.00943396226415094,2.70843160377358,1.04590617457623,0.310642709047539,0.416970079258442,0.364300174510007,"Pmaip1",1
"GO:0043405","regulation of MAP kinase activity","1/32","106/9187",0.00943396226415094,2.70843160377358,1.04590617457623,0.310642709047539,0.416970079258442,0.364300174510007,"Thbs1",1
"GO:0062013","positive regulation of small molecule metabolic process","1/32","106/9187",0.00943396226415094,2.70843160377358,1.04590617457623,0.310642709047539,0.416970079258442,0.364300174510007,"Pmaip1",1
"GO:1901991","negative regulation of mitotic cell cycle phase transition","1/32","106/9187",0.00943396226415094,2.70843160377358,1.04590617457623,0.310642709047539,0.416970079258442,0.364300174510007,"Ccnb1",1
"GO:0007188","adenylate cyclase-modulating G protein-coupled receptor signaling pathway","1/32","107/9187",0.00934579439252336,2.6831191588785,1.03531585171024,0.313071894523861,0.419667418932789,0.366656797593911,"Sctr",1
"GO:0006457","protein folding","1/32","108/9187",0.00925925925925926,2.65827546296296,1.02484592763795,0.315492786525539,0.421781800167832,0.368504099094001,"Chordc1",1
"GO:0051897","positive regulation of phosphatidylinositol 3-kinase/protein kinase B signal transduction","1/32","108/9187",0.00925925925925926,2.65827546296296,1.02484592763795,0.315492786525539,0.421781800167832,0.368504099094001,"Thbs1",1
"GO:0009060","aerobic respiration","1/32","109/9187",0.00917431192660551,2.6338876146789,1.01449375010799,0.317905412456939,0.42443980301327,0.370826354211594,"Ccnb1",1
"GO:0006109","regulation of carbohydrate metabolic process","1/32","110/9187",0.00909090909090909,2.60994318181818,1.0042567498295,0.320309799634883,0.425943882493196,0.372140444704582,"Pmaip1",1
"GO:0048284","organelle fusion","1/32","110/9187",0.00909090909090909,2.60994318181818,1.0042567498295,0.320309799634883,0.425943882493196,0.372140444704582,"Syt8",1
"GO:0051260","protein homooligomerization","1/32","110/9187",0.00909090909090909,2.60994318181818,1.0042567498295,0.320309799634883,0.425943882493196,0.372140444704582,"Arc",1
"GO:0140053","mitochondrial gene expression","1/32","111/9187",0.00900900900900901,2.58643018018018,0.994132437137965,0.322705975288919,0.428560392149959,0.374426447878385,"Rpusd4",1
"GO:1903829","positive regulation of protein localization","2/32","333/9187",0.00600600600600601,1.72428678678679,0.795924651092319,0.323960448056617,0.429655766653338,0.375383459286601,"Pmaip1/Nnat",2
"GO:0000075","cell cycle checkpoint signaling","1/32","113/9187",0.00884955752212389,2.54065265486726,0.974212295115874,0.3274738005087,0.432594188254558,0.377950711843456,"Ccnb1",1
"GO:0048660","regulation of smooth muscle cell proliferation","1/32","113/9187",0.00884955752212389,2.54065265486726,0.974212295115874,0.3274738005087,0.432594188254558,0.377950711843456,"Thbs1",1
"GO:1902806","regulation of cell cycle G1/S phase transition","1/32","113/9187",0.00884955752212389,2.54065265486726,0.974212295115874,0.3274738005087,0.432594188254558,0.377950711843456,"Psme2",1
"GO:2001242","regulation of intrinsic apoptotic signaling pathway","1/32","114/9187",0.0087719298245614,2.51836622807018,0.96441185680658,0.329845504099589,0.435152380078613,0.38018576364763,"Pmaip1",1
"GO:0006399","tRNA metabolic process","1/32","115/9187",0.00869565217391304,2.49646739130435,0.954714882517992,0.33220910421739,0.436542843912471,0.38140058994458,"Rpusd4",1
"GO:0045766","positive regulation of angiogenesis","1/32","115/9187",0.00869565217391304,2.49646739130435,0.954714882517992,0.33220910421739,0.436542843912471,0.38140058994458,"Thbs1",1
"GO:0098739","import across plasma membrane","1/32","115/9187",0.00869565217391304,2.49646739130435,0.954714882517992,0.33220910421739,0.436542843912471,0.38140058994458,"Thbs1",1
"GO:0015931","nucleobase-containing compound transport","1/32","116/9187",0.00862068965517241,2.47494612068966,0.945119236093799,0.334564627659304,0.437911816307989,0.382596639511191,"Arc",1
"GO:0051216","cartilage development","1/32","116/9187",0.00862068965517241,2.47494612068966,0.945119236093799,0.334564627659304,0.437911816307989,0.382596639511191,"Thbs1",1
"GO:1904018","positive regulation of vasculature development","1/32","116/9187",0.00862068965517241,2.47494612068966,0.945119236093799,0.334564627659304,0.437911816307989,0.382596639511191,"Thbs1",1
"GO:0006469","negative regulation of protein kinase activity","1/32","117/9187",0.00854700854700855,2.45379273504274,0.935622844114472,0.336912101136859,0.439833030204777,0.384275173757858,"Chordc1",1
"GO:0048659","smooth muscle cell proliferation","1/32","117/9187",0.00854700854700855,2.45379273504274,0.935622844114472,0.336912101136859,0.439833030204777,0.384275173757858,"Thbs1",1
"GO:0000910","cytokinesis","1/32","118/9187",0.00847457627118644,2.43299788135593,0.926223693527417,0.339251551276178,0.441159364468371,0.38543397106184,"Nusap1",1
"GO:0007623","circadian rhythm","1/32","118/9187",0.00847457627118644,2.43299788135593,0.926223693527417,0.339251551276178,0.441159364468371,0.38543397106184,"Nfil3",1
"GO:0010594","regulation of endothelial cell migration","1/32","118/9187",0.00847457627118644,2.43299788135593,0.926223693527417,0.339251551276178,0.441159364468371,0.38543397106184,"Thbs1",1
"GO:0030595","leukocyte chemotaxis","1/32","120/9187",0.00833333333333333,2.39244791666667,0.907709352692108,0.343906487619146,0.445474724895267,0.389204233329549,"Thbs1",1
"GO:0050796","regulation of insulin secretion","1/32","120/9187",0.00833333333333333,2.39244791666667,0.907709352692108,0.343906487619146,0.445474724895267,0.389204233329549,"Nnat",1
"GO:0050806","positive regulation of synaptic transmission","1/32","120/9187",0.00833333333333333,2.39244791666667,0.907709352692108,0.343906487619146,0.445474724895267,0.389204233329549,"Arc",1
"GO:0001934","positive regulation of protein phosphorylation","2/32","349/9187",0.00573065902578797,1.64523638968481,0.726546814132907,0.344610143090925,0.44580872327416,0.389496042439529,"Irgm2/Thbs1",2
"GO:0007179","transforming growth factor beta receptor signaling pathway","1/32","121/9187",0.00826446280991736,2.37267561983471,0.89859041833505,0.346222026650379,0.446162405477292,0.38980504899595,"Thbs1",1
"GO:0048639","positive regulation of developmental growth","1/32","121/9187",0.00826446280991736,2.37267561983471,0.89859041833505,0.346222026650379,0.446162405477292,0.38980504899595,"Ccnb1",1
"GO:0099175","regulation of postsynapse organization","1/32","121/9187",0.00826446280991736,2.37267561983471,0.89859041833505,0.346222026650379,0.446162405477292,0.38980504899595,"Arc",1
"GO:0070201","regulation of establishment of protein localization","2/32","351/9187",0.0056980056980057,1.63586182336182,0.718120775296893,0.347179999871191,0.446246786466826,0.389878771334174,"Pmaip1/Nnat",2
"GO:1903530","regulation of secretion by cell","2/32","351/9187",0.0056980056980057,1.63586182336182,0.718120775296893,0.347179999871191,0.446246786466826,0.389878771334174,"Syt8/Nnat",2
"GO:0033673","negative regulation of kinase activity","1/32","122/9187",0.00819672131147541,2.35322745901639,0.889561233124423,0.348529647999065,0.446832882050083,0.390390833791125,"Chordc1",1
"GO:0048813","dendrite morphogenesis","1/32","122/9187",0.00819672131147541,2.35322745901639,0.889561233124423,0.348529647999065,0.446832882050083,0.390390833791125,"Arc",1
"GO:0048469","cell maturation","1/32","123/9187",0.00813008130081301,2.33409552845528,0.880620053909273,0.350829377868236,0.449205349383144,0.39246362104001,"Ccnb1",1
"GO:0006486","protein glycosylation","1/32","124/9187",0.00806451612903226,2.31527217741935,0.871765185780656,0.353121242377085,0.45043585383359,0.393538693349348,"B3galt5",1
"GO:0043413","macromolecule glycosylation","1/32","124/9187",0.00806451612903226,2.31527217741935,0.871765185780656,0.353121242377085,0.45043585383359,0.393538693349348,"B3galt5",1
"GO:0001525","angiogenesis","2/32","356/9187",0.00561797752808989,1.61288623595506,0.697282812288719,0.353592145259369,0.45043585383359,0.393538693349348,"Apold1/Thbs1",2
"GO:0071396","cellular response to lipid","2/32","356/9187",0.00561797752808989,1.61288623595506,0.697282812288719,0.353592145259369,0.45043585383359,0.393538693349348,"Irgm2/Gbp2",2
"GO:0017157","regulation of exocytosis","1/32","125/9187",0.008,2.29675,0.862994980352762,0.355405267561233,0.451595003254426,0.394551423895972,"Syt8",1
"GO:0071674","mononuclear cell migration","1/32","125/9187",0.008,2.29675,0.862994980352762,0.355405267561233,0.451595003254426,0.394551423895972,"Thbs1",1
"GO:0031334","positive regulation of protein-containing complex assembly","1/32","126/9187",0.00793650793650794,2.27852182539683,0.854307834118606,0.357681479372979,0.453910506818501,0.396574442799322,"Gbp2",1
"GO:0043085","positive regulation of catalytic activity","2/32","362/9187",0.00552486187845304,1.58615331491713,0.672693434600038,0.361261682470808,0.457872854842596,0.400036283704584,"Irgm2/Thbs1",2
"GO:0007051","spindle organization","1/32","128/9187",0.0078125,2.242919921875,0.837176520223816,0.362210566273415,0.458494387687867,0.40057930713782,"Ccnb1",1
"GO:0060627","regulation of vesicle-mediated transport","2/32","364/9187",0.00549450549450549,1.57743818681319,0.664595029090477,0.363811778102396,0.459600873710498,0.401546026504961,"Arc/Syt8",2
"GO:0006909","phagocytosis","1/32","129/9187",0.00775193798449612,2.22553294573643,0.828729356114333,0.364463492852425,0.459600873710498,0.401546026504961,"Thbs1",1
"GO:0009913","epidermal cell differentiation","1/32","129/9187",0.00775193798449612,2.22553294573643,0.828729356114333,0.364463492852425,0.459600873710498,0.401546026504961,"Krt79",1
"GO:0050920","regulation of chemotaxis","1/32","130/9187",0.00769230769230769,2.20841346153846,0.820359255476562,0.366708709040184,0.461268816402747,0.403003281699242,"Thbs1",1
"GO:0097529","myeloid leukocyte migration","1/32","130/9187",0.00769230769230769,2.20841346153846,0.820359255476562,0.366708709040184,0.461268816402747,0.403003281699242,"Thbs1",1
"GO:0042327","positive regulation of phosphorylation","2/32","367/9187",0.00544959128065395,1.56454359673025,0.65253717850349,0.367630638590581,0.461847535917815,0.403508899801881,"Irgm2/Thbs1",2
"GO:0002521","leukocyte differentiation","2/32","371/9187",0.00539083557951483,1.54767520215633,0.636624395289205,0.372710327663427,0.46764156544972,0.408571051919229,"Nfil3/Ifi203",2
"GO:0001649","osteoblast differentiation","1/32","134/9187",0.00746268656716418,2.14249067164179,0.787621997684777,0.375612979444524,0.47010385412331,0.410722314655102,"Ifitm1",1
"GO:0070085","glycosylation","1/32","134/9187",0.00746268656716418,2.14249067164179,0.787621997684777,0.375612979444524,0.47010385412331,0.410722314655102,"B3galt5",1
"GO:0007254","JNK cascade","1/32","136/9187",0.00735294117647059,2.11098345588235,0.771680984861827,0.380019512454653,0.47383979109059,0.413986343794936,"Pbk",1
"GO:0009612","response to mechanical stimulus","1/32","136/9187",0.00735294117647059,2.11098345588235,0.771680984861827,0.380019512454653,0.47383979109059,0.413986343794936,"Thbs1",1
"GO:0060348","bone development","1/32","136/9187",0.00735294117647059,2.11098345588235,0.771680984861827,0.380019512454653,0.47383979109059,0.413986343794936,"Thbs1",1
"GO:0008361","regulation of cell size","1/32","137/9187",0.0072992700729927,2.09557481751825,0.763813043587519,0.382211466448847,0.475387396080655,0.415338461838888,"Sctr",1
"GO:0090276","regulation of peptide hormone secretion","1/32","137/9187",0.0072992700729927,2.09557481751825,0.763813043587519,0.382211466448847,0.475387396080655,0.415338461838888,"Nnat",1
"GO:0043065","positive regulation of apoptotic process","2/32","380/9187",0.00526315789473684,1.51101973684211,0.601484595930308,0.384086115598755,0.477125609439447,0.416857111404991,"Pmaip1/Thbs1",2
"GO:0002685","regulation of leukocyte migration","1/32","139/9187",0.00719424460431655,2.0654226618705,0.748276437069071,0.386572874277451,0.478030644116832,0.4176478259126,"Thbs1",1
"GO:0019722","calcium-mediated signaling","1/32","139/9187",0.00719424460431655,2.0654226618705,0.748276437069071,0.386572874277451,0.478030644116832,0.4176478259126,"Irgm2",1
"GO:0002791","regulation of peptide secretion","1/32","140/9187",0.00714285714285714,2.05066964285714,0.740605516064846,0.3887423778167,0.478030644116832,0.4176478259126,"Nnat",1
"GO:0006364","rRNA processing","1/32","140/9187",0.00714285714285714,2.05066964285714,0.740605516064846,0.3887423778167,0.478030644116832,0.4176478259126,"Rpusd4",1
"GO:0048705","skeletal system morphogenesis","1/32","140/9187",0.00714285714285714,2.05066964285714,0.740605516064846,0.3887423778167,0.478030644116832,0.4176478259126,"Thbs1",1
"GO:0051348","negative regulation of transferase activity","1/32","140/9187",0.00714285714285714,2.05066964285714,0.740605516064846,0.3887423778167,0.478030644116832,0.4176478259126,"Chordc1",1
"GO:0051648","vesicle localization","1/32","140/9187",0.00714285714285714,2.05066964285714,0.740605516064846,0.3887423778167,0.478030644116832,0.4176478259126,"Syn2",1
"GO:0051046","regulation of secretion","2/32","384/9187",0.00520833333333333,1.49527994791667,0.586151717648036,0.389116944311101,0.478030644116832,0.4176478259126,"Syt8/Nnat",2
"GO:0051301","cell division","2/32","384/9187",0.00520833333333333,1.49527994791667,0.586151717648036,0.389116944311101,0.478030644116832,0.4176478259126,"Ccnb1/Nusap1",2
"GO:0043068","positive regulation of programmed cell death","2/32","385/9187",0.00519480519480519,1.4913961038961,0.582345101685155,0.3903721413525,0.478463215964603,0.418025757105916,"Pmaip1/Thbs1",2
"GO:0040029","epigenetic regulation of gene expression","1/32","141/9187",0.00709219858156028,2.03612588652482,0.732998058358135,0.39090444744308,0.478463215964603,0.418025757105916,"Ifi203",1
"GO:0045930","negative regulation of mitotic cell cycle","1/32","141/9187",0.00709219858156028,2.03612588652482,0.732998058358135,0.39090444744308,0.478463215964603,0.418025757105916,"Ccnb1",1
"GO:0016485","protein processing","1/32","142/9187",0.00704225352112676,2.02178697183099,0.725453003234092,0.393059107810295,0.479925650562021,0.419303463122607,"Thbs1",1
"GO:0090087","regulation of peptide transport","1/32","142/9187",0.00704225352112676,2.02178697183099,0.725453003234092,0.393059107810295,0.479925650562021,0.419303463122607,"Nnat",1
"GO:0030073","insulin secretion","1/32","143/9187",0.00699300699300699,2.0076486013986,0.717969315346405,0.395206383493,0.481959004259756,0.421079972142735,"Nnat",1
"GO:0010810","regulation of cell-substrate adhesion","1/32","144/9187",0.00694444444444444,1.99370659722222,0.710545983934306,0.397346298987054,0.483978439691905,0.422844320993981,"Thbs1",1
"GO:0090092","regulation of transmembrane receptor protein serine/threonine kinase signaling pathway","1/32","145/9187",0.00689655172413793,1.97995689655172,0.703182022069057,0.399478878709759,0.485984037359804,0.424596580009092,"Thbs1",1
"GO:0002274","myeloid leukocyte activation","1/32","146/9187",0.00684931506849315,1.96639554794521,0.695876465928618,0.401604147000102,0.487975877278374,0.426336819095843,"Thbs1",1
"GO:0007033","vacuole organization","1/32","147/9187",0.00680272108843537,1.95301870748299,0.688628374099242,0.403722128119005,0.489954038979374,0.428065107739875,"Irgm2",1
"GO:0043542","endothelial cell migration","1/32","149/9187",0.00671140939597315,1.92680369127517,0.674300925748926,0.407936325497263,0.494468273330015,0.432009123014645,"Thbs1",1
"GO:0006412","translation","2/32","400/9187",0.005,1.43546875,0.526472526176114,0.409073210318267,0.495208441896473,0.432655796604287,"Rpusd4/Thbs1",2
"GO:0002429","immune response-activating cell surface receptor signaling pathway","1/32","150/9187",0.00666666666666667,1.91395833333333,0.667219792510289,0.41003258989028,0.495208441896473,0.432655796604287,"Oas1g",1
"GO:0002573","myeloid leukocyte differentiation","1/32","150/9187",0.00666666666666667,1.91395833333333,0.667219792510289,0.41003258989028,0.495208441896473,0.432655796604287,"Ifi203",1
"GO:0043122","regulation of canonical NF-kappaB signal transduction","1/32","151/9187",0.00662251655629139,1.90128311258278,0.660192568921029,0.412121663379658,0.496134097395523,0.433464527198194,"Irgm2",1
"GO:0010562","positive regulation of phosphorus metabolic process","2/32","403/9187",0.00496277915632754,1.42478287841191,0.515563779021881,0.412783569033075,0.496134097395523,0.433464527198194,"Irgm2/Thbs1",2
"GO:0045937","positive regulation of phosphate metabolic process","2/32","403/9187",0.00496277915632754,1.42478287841191,0.515563779021881,0.412783569033075,0.496134097395523,0.433464527198194,"Irgm2/Thbs1",2
"GO:0050808","synapse organization","2/32","403/9187",0.00496277915632754,1.42478287841191,0.515563779021881,0.412783569033075,0.496134097395523,0.433464527198194,"Syn2/Arc",2
"GO:0043408","regulation of MAPK cascade","2/32","405/9187",0.00493827160493827,1.41774691358025,0.508338590623956,0.415251369125608,0.498501043368077,0.435532490521583,"Pbk/Thbs1",2
"GO:1901988","negative regulation of cell cycle phase transition","1/32","153/9187",0.0065359477124183,1.87642973856209,0.646296513472974,0.416278333067596,0.498782654467086,0.435778529692296,"Ccnb1",1
"GO:0044092","negative regulation of molecular function","2/32","406/9187",0.00492610837438424,1.41425492610837,0.504740025271398,0.416483516480017,0.498782654467086,0.435778529692296,"Ifi203/Chordc1",2
"GO:0051896","regulation of phosphatidylinositol 3-kinase/protein kinase B signal transduction","1/32","155/9187",0.00645161290322581,1.85221774193548,0.632606268965296,0.4204065246364,0.502878617986125,0.439357108345772,"Thbs1",1
"GO:0007507","heart development","2/32","411/9187",0.0048661800486618,1.3970498783455,0.486885349066198,0.422626453126423,0.504930051524997,0.441149413437629,"Ccnb1/Thbs1",2
"GO:0048738","cardiac muscle tissue development","1/32","157/9187",0.00636942675159236,1.82862261146497,0.619115627680997,0.424506426942896,0.506570915206319,0.442583010127626,"Ccnb1",1
"GO:0071560","cellular response to transforming growth factor beta stimulus","1/32","159/9187",0.00628930817610063,1.80562106918239,0.605818648812119,0.428578227632957,0.510820295152511,0.446295626291142,"Thbs1",1
"GO:0002768","immune response-regulating cell surface receptor signaling pathway","1/32","160/9187",0.00625,1.7943359375,0.599240995615849,0.430603648181888,0.512013850394634,0.447338416660575,"Oas1g",1
"GO:0016072","rRNA metabolic process","1/32","160/9187",0.00625,1.7943359375,0.599240995615849,0.430603648181888,0.512013850394634,0.447338416660575,"Rpusd4",1
"GO:0071559","response to transforming growth factor beta","1/32","162/9187",0.00617283950617284,1.77218364197531,0.586223919188931,0.434633645652799,0.51580153916462,0.4506476605333,"Thbs1",1
"GO:0048514","blood vessel morphogenesis","2/32","421/9187",0.00475059382422803,1.36386579572447,0.451846146585573,0.434820697515775,0.51580153916462,0.4506476605333,"Apold1/Thbs1",2
"GO:0007249","canonical NF-kappaB signal transduction","1/32","163/9187",0.00613496932515337,1.76131134969325,0.579783162181223,0.436638268737465,0.517343920305053,0.45199521458231,"Irgm2",1
"GO:0030072","peptide hormone secretion","1/32","164/9187",0.00609756097560976,1.75057164634146,0.573386726564697,0.438636005373148,0.51909586434692,0.453525860429414,"Nnat",1
"GO:0030855","epithelial cell differentiation","2/32","427/9187",0.00468384074941452,1.34470140515222,0.431234971870467,0.442076497852224,0.52254905183478,0.456542855813544,"Apold1/Krt79",2
"GO:0007610","behavior","2/32","428/9187",0.00467289719626168,1.34155957943925,0.42782890874642,0.443281250299191,0.523354486775905,0.457246551604211,"Arc/Thbs1",2
"GO:0090150","establishment of protein localization to membrane","1/32","167/9187",0.00598802395209581,1.71912425149701,0.554457084751777,0.44458812518171,0.523974521748605,0.457788266369833,"Irgm2",1
"GO:0006897","endocytosis","2/32","430/9187",0.00465116279069767,1.33531976744186,0.421041345247726,0.445686805898884,0.523974521748605,0.457788266369833,"Arc/Thbs1",2
"GO:0006898","receptor-mediated endocytosis","1/32","168/9187",0.00595238095238095,1.70889136904762,0.548231734951019,0.446558544249802,0.523974521748605,0.457788266369833,"Arc",1
"GO:0046883","regulation of hormone secretion","1/32","168/9187",0.00595238095238095,1.70889136904762,0.548231734951019,0.446558544249802,0.523974521748605,0.457788266369833,"Nnat",1
"GO:0060326","cell chemotaxis","1/32","168/9187",0.00595238095238095,1.70889136904762,0.548231734951019,0.446558544249802,0.523974521748605,0.457788266369833,"Thbs1",1
"GO:0001667","ameboidal-type cell migration","1/32","169/9187",0.00591715976331361,1.69877958579882,0.542047669060448,0.448522190616806,0.523974521748605,0.457788266369833,"Thbs1",1
"GO:0002790","peptide secretion","1/32","169/9187",0.00591715976331361,1.69877958579882,0.542047669060448,0.448522190616806,0.523974521748605,0.457788266369833,"Nnat",1
"GO:0003007","heart morphogenesis","1/32","169/9187",0.00591715976331361,1.69877958579882,0.542047669060448,0.448522190616806,0.523974521748605,0.457788266369833,"Thbs1",1
"GO:0032984","protein-containing complex disassembly","1/32","169/9187",0.00591715976331361,1.69877958579882,0.542047669060448,0.448522190616806,0.523974521748605,0.457788266369833,"Irgm2",1
"GO:0031503","protein-containing complex localization","1/32","170/9187",0.00588235294117647,1.68878676470588,0.535904315881939,0.450479086813331,0.525033900714838,0.458713829045595,"Arc",1
"GO:0061448","connective tissue development","1/32","170/9187",0.00588235294117647,1.68878676470588,0.535904315881939,0.450479086813331,0.525033900714838,0.458713829045595,"Thbs1",1
"GO:0016042","lipid catabolic process","1/32","172/9187",0.00581395348837209,1.66914970930233,0.523737519424049,0.454372718455297,0.527726734558998,0.461066515456809,"Sctr",1
"GO:0045927","positive regulation of growth","1/32","172/9187",0.00581395348837209,1.66914970930233,0.523737519424049,0.454372718455297,0.527726734558998,0.461066515456809,"Ccnb1",1
"GO:0071695","anatomical structure maturation","1/32","172/9187",0.00581395348837209,1.66914970930233,0.523737519424049,0.454372718455297,0.527726734558998,0.461066515456809,"Ccnb1",1
"GO:0032886","regulation of microtubule-based process","1/32","173/9187",0.00578034682080925,1.65950144508671,0.517712989434267,0.456309498600547,0.529361367286018,0.462494668260416,"Chordc1",1
"GO:0050708","regulation of protein secretion","1/32","174/9187",0.00574712643678161,1.64996408045977,0.511726998177198,0.458239617975384,0.53036992821225,0.463375832017019,"Nnat",1
"GO:0097305","response to alcohol","1/32","174/9187",0.00574712643678161,1.64996408045977,0.511726998177198,0.458239617975384,0.53036992821225,0.463375832017019,"Arc",1
"GO:0016071","mRNA metabolic process","2/32","441/9187",0.00453514739229025,1.30201247165533,0.384280609805964,0.458821419914049,0.530429387183872,0.463427780381699,"Ccnb1/Rpusd4",2
"GO:0009101","glycoprotein biosynthetic process","1/32","175/9187",0.00571428571428571,1.64053571428571,0.50577902846426,0.460163098750353,0.531366164838745,0.464246228227535,"B3galt5",1
"GO:0031401","positive regulation of protein modification process","2/32","443/9187",0.00451467268623025,1.29613431151242,0.377697885710154,0.461191746826856,0.531939731057504,0.464747343976556,"Irgm2/Thbs1",2
"GO:0022604","regulation of cell morphogenesis","1/32","176/9187",0.00568181818181818,1.63121448863636,0.499868573100754,0.462079963024652,0.53235018781642,0.465105953565925,"Arc",1
"GO:0010948","negative regulation of cell cycle process","1/32","177/9187",0.00564971751412429,1.62199858757062,0.493995134635766,0.463990232826362,0.533322106696968,0.465955103745772,"Ccnb1",1
"GO:0048511","rhythmic process","1/32","177/9187",0.00564971751412429,1.62199858757062,0.493995134635766,0.463990232826362,0.533322106696968,0.465955103745772,"Nfil3",1
"GO:0007281","germ cell development","1/32","178/9187",0.00561797752808989,1.61288623595506,0.488158225119735,0.465893930112662,0.534282029945713,0.466793773531518,"Ccnb1",1
"GO:0043491","phosphatidylinositol 3-kinase/protein kinase B signal transduction","1/32","178/9187",0.00561797752808989,1.61288623595506,0.488158225119735,0.465893930112662,0.534282029945713,0.466793773531518,"Thbs1",1
"GO:0007162","negative regulation of cell adhesion","1/32","181/9187",0.00552486187845304,1.58615331491713,0.470861928403149,0.471565805391992,0.539548976421044,0.471395421504701,"Thbs1",1
"GO:0051222","positive regulation of protein transport","1/32","181/9187",0.00552486187845304,1.58615331491713,0.470861928403149,0.471565805391992,0.539548976421044,0.471395421504701,"Nnat",1
"GO:0033500","carbohydrate homeostasis","1/32","183/9187",0.00546448087431694,1.56881830601093,0.459505169603849,0.475314592378907,0.542596566642588,0.474058052961419,"Oas1g",1
"GO:0042593","glucose homeostasis","1/32","183/9187",0.00546448087431694,1.56881830601093,0.459505169603849,0.475314592378907,0.542596566642588,0.474058052961419,"Oas1g",1
"GO:0030111","regulation of Wnt signaling pathway","1/32","184/9187",0.00543478260869565,1.56029211956522,0.453877690173294,0.477179311730737,0.543484409716101,0.474833747436173,"Cmah",1
"GO:0043523","regulation of neuron apoptotic process","1/32","184/9187",0.00543478260869565,1.56029211956522,0.453877690173294,0.477179311730737,0.543484409716101,0.474833747436173,"Pmaip1",1
"GO:0007611","learning or memory","1/32","186/9187",0.00537634408602151,1.54351478494624,0.442722392855861,0.480889509486394,0.545845073196815,0.476896221845639,"Arc",1
"GO:0015833","peptide transport","1/32","186/9187",0.00537634408602151,1.54351478494624,0.442722392855861,0.480889509486394,0.545845073196815,0.476896221845639,"Nnat",1
"GO:1903311","regulation of mRNA metabolic process","1/32","186/9187",0.00537634408602151,1.54351478494624,0.442722392855861,0.480889509486394,0.545845073196815,0.476896221845639,"Ccnb1",1
"GO:0000165","MAPK cascade","2/32","462/9187",0.00432900432900433,1.24283008658009,0.316628351669136,0.483426653048743,0.547482053282835,0.47832642549974,"Pbk/Thbs1",2
"GO:0048589","developmental growth","2/32","462/9187",0.00432900432900433,1.24283008658009,0.316628351669136,0.483426653048743,0.547482053282835,0.47832642549974,"Ccnb1/Thbs1",2
"GO:0045765","regulation of angiogenesis","1/32","190/9187",0.00526315789473684,1.51101973684211,0.420798952062691,0.488233537937106,0.551676314053227,0.481990884909661,"Thbs1",1
"GO:0046942","carboxylic acid transport","1/32","190/9187",0.00526315789473684,1.51101973684211,0.420798952062691,0.488233537937106,0.551676314053227,0.481990884909661,"Thbs1",1
"GO:0015849","organic acid transport","1/32","192/9187",0.00520833333333333,1.49527994791667,0.410024503342114,0.49186770715506,0.553905075625067,0.483938118704006,"Thbs1",1
"GO:0051098","regulation of binding","1/32","192/9187",0.00520833333333333,1.49527994791667,0.410024503342114,0.49186770715506,0.553905075625067,0.483938118704006,"Ifi203",1
"GO:0141091","transforming growth factor beta receptor superfamily signaling pathway","1/32","192/9187",0.00520833333333333,1.49527994791667,0.410024503342114,0.49186770715506,0.553905075625067,0.483938118704006,"Thbs1",1
"GO:1901342","regulation of vasculature development","1/32","194/9187",0.00515463917525773,1.47986469072165,0.399370883089352,0.495476870235477,0.5573418112885,0.4869407403889,"Thbs1",1
"GO:0022412","cellular process involved in reproduction in multicellular organism","1/32","195/9187",0.00512820512820513,1.47227564102564,0.394088478520516,0.497272126562894,0.55810564148473,0.487608086770869,"Ccnb1",1
"GO:0060485","mesenchyme development","1/32","195/9187",0.00512820512820513,1.47227564102564,0.394088478520516,0.497272126562894,0.55810564148473,0.487608086770869,"Thbs1",1
"GO:0090287","regulation of cellular response to growth factor stimulus","1/32","196/9187",0.00510204081632653,1.46476403061224,0.388835207457906,0.499061193728151,0.559485643192994,0.488813772473879,"Thbs1",1
"GO:0043588","skin development","1/32","197/9187",0.0050761421319797,1.45732868020305,0.383610724838004,0.500844092382439,0.560855646564881,0.490010722788264,"Krt79",1
"GO:0019216","regulation of lipid metabolic process","1/32","200/9187",0.005,1.43546875,0.368106644804095,0.506155982793397,0.565648784445019,0.494198411673016,"Sctr",1
"GO:0001568","blood vessel development","2/32","482/9187",0.004149377593361,1.19126037344398,0.255019368628096,0.506255662078292,0.565648784445019,0.494198411673016,"Apold1/Thbs1",2
"GO:0099173","postsynapse organization","1/32","201/9187",0.00497512437810945,1.42832711442786,0.362993981491167,0.507914412586499,0.566868764047432,0.495264288588809,"Arc",1
"GO:0046879","hormone secretion","1/32","203/9187",0.00492610837438424,1.41425492610837,0.352849790767376,0.511413093676933,0.570137228179412,0.498119894093592,"Nnat",1
"GO:0002696","positive regulation of leukocyte activation","1/32","204/9187",0.00490196078431373,1.40732230392157,0.347817645474374,0.513153385418066,0.570170428242296,0.498148900464321,"Thbs1",1
"GO:0030100","regulation of endocytosis","1/32","204/9187",0.00490196078431373,1.40732230392157,0.347817645474374,0.513153385418066,0.570170428242296,0.498148900464321,"Arc",1
"GO:1903532","positive regulation of secretion by cell","1/32","204/9187",0.00490196078431373,1.40732230392157,0.347817645474374,0.513153385418066,0.570170428242296,0.498148900464321,"Nnat",1
"GO:0007178","cell surface receptor protein serine/threonine kinase signaling pathway","1/32","206/9187",0.00485436893203883,1.39365898058252,0.337831748431364,0.516615971912533,0.572744979947375,0.500398245638233,"Thbs1",1
"GO:0009914","hormone transport","1/32","206/9187",0.00485436893203883,1.39365898058252,0.337831748431364,0.516615971912533,0.572744979947375,0.500398245638233,"Nnat",1
"GO:0042254","ribosome biogenesis","1/32","207/9187",0.00483091787439614,1.38692632850242,0.332877408832025,0.518338306719213,0.574018058382296,0.501510514165585,"Rpusd4",1
"GO:0050890","cognition","1/32","210/9187",0.00476190476190476,1.3671130952381,0.318165398223144,0.52346971634116,0.57841957606758,0.50535605066957,"Arc",1
"GO:0062012","regulation of small molecule metabolic process","1/32","210/9187",0.00476190476190476,1.3671130952381,0.318165398223144,0.52346971634116,0.57841957606758,0.50535605066957,"Pmaip1",1
"GO:0019953","sexual reproduction","2/32","498/9187",0.00401606425702811,1.15298694779116,0.207535878795236,0.524074304822996,0.578448460069532,0.505381286166012,"Ccnb1/Syt8",2
"GO:0042886","amide transport","1/32","211/9187",0.004739336492891,1.36063388625592,0.313310805405217,0.525168387286585,0.579016965034824,0.505877979977794,"Nnat",1
"GO:0009100","glycoprotein metabolic process","1/32","213/9187",0.00469483568075117,1.34785798122066,0.303674116558245,0.528548148921236,0.581461109924352,0.508013390776012,"B3galt5",1
"GO:0016358","dendrite development","1/32","213/9187",0.00469483568075117,1.34785798122066,0.303674116558245,0.528548148921236,0.581461109924352,0.508013390776012,"Arc",1
"GO:0008544","epidermis development","1/32","215/9187",0.00465116279069767,1.33531976744186,0.294132347544038,0.531904600630155,0.584510550143028,0.510677638546014,"Krt79",1
"GO:0009895","negative regulation of catabolic process","1/32","216/9187",0.00462962962962963,1.32913773148148,0.289396419865389,0.533574133931519,0.585059357381051,0.511157122764497,"Pbk",1
"GO:0050867","positive regulation of cell activation","1/32","216/9187",0.00462962962962963,1.32913773148148,0.289396419865389,0.533574133931519,0.585059357381051,0.511157122764497,"Thbs1",1
"GO:0050900","leukocyte migration","1/32","218/9187",0.00458715596330275,1.31694380733945,0.279993236599223,0.536895912216154,0.587293561316286,0.513109111465808,"Thbs1",1
"GO:0051402","neuron apoptotic process","1/32","218/9187",0.00458715596330275,1.31694380733945,0.279993236599223,0.536895912216154,0.587293561316286,0.513109111465808,"Pmaip1",1
"GO:0016050","vesicle organization","1/32","219/9187",0.0045662100456621,1.3109303652968,0.275325495882853,0.538548195727034,0.587293561316286,0.513109111465808,"Syt8",1
"GO:0043086","negative regulation of catalytic activity","1/32","219/9187",0.0045662100456621,1.3109303652968,0.275325495882853,0.538548195727034,0.587293561316286,0.513109111465808,"Chordc1",1
"GO:0051047","positive regulation of secretion","1/32","219/9187",0.0045662100456621,1.3109303652968,0.275325495882853,0.538548195727034,0.587293561316286,0.513109111465808,"Nnat",1
"GO:0048638","regulation of developmental growth","1/32","222/9187",0.0045045045045045,1.29321509009009,0.261454844227581,0.543470853593517,0.592016180385095,0.517235189178557,"Ccnb1",1
"GO:0045786","negative regulation of cell cycle","1/32","226/9187",0.00442477876106195,1.27032632743363,0.243261488907006,0.549955323881621,0.597777525958284,0.522268785837237,"Ccnb1",1
"GO:0048872","homeostasis of number of cells","1/32","226/9187",0.00442477876106195,1.27032632743363,0.243261488907006,0.549955323881621,0.597777525958284,0.522268785837237,"Pmaip1",1
"GO:0021700","developmental maturation","1/32","227/9187",0.00440528634361234,1.26473017621145,0.238765408460889,0.551562446929918,0.598873449435307,0.523226276875058,"Ccnb1",1
"GO:0006869","lipid transport","1/32","228/9187",0.0043859649122807,1.25918311403509,0.23428980672834,0.553164009619454,0.599310953000492,0.523608516832009,"Thbs1",1
"GO:0051336","regulation of hydrolase activity","1/32","228/9187",0.0043859649122807,1.25918311403509,0.23428980672834,0.553164009619454,0.599310953000492,0.523608516832009,"Oas1g",1
"GO:0042060","wound healing","1/32","232/9187",0.00431034482758621,1.23747306034483,0.216588095172694,0.559515028273979,0.605535744885258,0.529047019215542,"Thbs1",1
"GO:0010038","response to metal ion","1/32","233/9187",0.00429184549356223,1.23216201716738,0.212211844121567,0.561089067257254,0.606582775413248,0.529961793255785,"Thbs1",1
"GO:0032535","regulation of cellular component size","1/32","235/9187",0.00425531914893617,1.22167553191489,0.203516998509563,0.564220814855156,0.609309735264747,0.532344295020779,"Sctr",1
"GO:0009306","protein secretion","1/32","238/9187",0.00420168067226891,1.2062762605042,0.190616069225443,0.568877883351727,0.613676249570363,0.536159249624633,"Nnat",1
"GO:0007159","leukocyte cell-cell adhesion","1/32","239/9187",0.00418410041841004,1.20122907949791,0.186352721123752,0.570419497803928,0.614014529390665,0.53645479936237,"Thbs1",1
"GO:0035592","establishment of protein localization to extracellular region","1/32","239/9187",0.00418410041841004,1.20122907949791,0.186352721123752,0.570419497803928,0.614014529390665,0.53645479936237,"Nnat",1
"GO:0015711","organic anion transport","1/32","241/9187",0.004149377593361,1.19126037344398,0.177880404830533,0.573486722025692,0.61599003439924,0.538180766896178,"Thbs1",1
"GO:0071692","protein localization to extracellular region","1/32","241/9187",0.004149377593361,1.19126037344398,0.177880404830533,0.573486722025692,0.61599003439924,0.538180766896178,"Nnat",1
"GO:0010876","lipid localization","1/32","243/9187",0.00411522633744856,1.18145576131687,0.169479447190627,0.576532725769451,0.617272725663224,0.539301434000501,"Thbs1",1
"GO:0050678","regulation of epithelial cell proliferation","1/32","243/9187",0.00411522633744856,1.18145576131687,0.169479447190627,0.576532725769451,0.617272725663224,0.539301434000501,"Thbs1",1
"GO:0050807","regulation of synapse organization","1/32","243/9187",0.00411522633744856,1.18145576131687,0.169479447190627,0.576532725769451,0.617272725663224,0.539301434000501,"Arc",1
"GO:0006935","chemotaxis","1/32","245/9187",0.00408163265306122,1.1718112244898,0.161148503882357,0.579557651144125,0.618524707731191,0.540395270965145,"Thbs1",1
"GO:0010639","negative regulation of organelle organization","1/32","245/9187",0.00408163265306122,1.1718112244898,0.161148503882357,0.579557651144125,0.618524707731191,0.540395270965145,"Ccnb1",1
"GO:0042330","taxis","1/32","245/9187",0.00408163265306122,1.1718112244898,0.161148503882357,0.579557651144125,0.618524707731191,0.540395270965145,"Thbs1",1
"GO:0030098","lymphocyte differentiation","1/32","247/9187",0.00404858299595142,1.16232287449393,0.152886267253981,0.58256163933848,0.620406431670373,0.542039303459378,"Nfil3",1
"GO:0050803","regulation of synapse structure or activity","1/32","247/9187",0.00404858299595142,1.16232287449393,0.152886267253981,0.58256163933848,0.620406431670373,0.542039303459378,"Arc",1
"GO:0043161","proteasome-mediated ubiquitin-dependent protein catabolic process","1/32","250/9187",0.004,1.148375,0.1406189635905,0.587028671018457,0.624498586189848,0.545614554250078,"Pbk",1
"GO:0051051","negative regulation of transport","1/32","253/9187",0.00395256916996047,1.13475790513834,0.128499244120099,0.591449379045525,0.628532815138709,0.549139196384346,"Thbs1",1
"GO:0001503","ossification","1/32","259/9187",0.00386100386100386,1.10847007722008,0.104686764129313,0.600153679791821,0.637105817188769,0.556629292912293,"Ifitm1",1
"GO:0043603","amide metabolic process","1/32","264/9187",0.00378787878787879,1.08747632575758,0.0852601486559479,0.607269784037903,0.643976441185475,0.562632048614678,"Cmah",1
"GO:0016055","Wnt signaling pathway","1/32","266/9187",0.0037593984962406,1.07929981203008,0.0775916954833746,0.610081738289327,0.646273027848863,0.564638540120586,"Cmah",1
"GO:0022411","cellular component disassembly","1/32","271/9187",0.003690036900369,1.05938653136531,0.0586673687977473,0.617026559161016,0.652938157842345,0.570461758956996,"Irgm2",1
"GO:0014706","striated muscle tissue development","1/32","272/9187",0.00367647058823529,1.05549172794118,0.0549238613372479,0.618401071286055,0.6537009210212,0.571128173102733,"Ccnb1",1
"GO:0008380","RNA splicing","1/32","275/9187",0.00363636363636364,1.04397727272727,0.0437739851501943,0.622495994525,0.657334735506863,0.574302979442839,"Rpusd4",1
"GO:0030099","myeloid cell differentiation","1/32","276/9187",0.0036231884057971,1.04019474637681,0.0400838702116347,0.623851484670332,0.65807118636111,0.574946404926022,"Ifi203",1
"GO:0042391","regulation of membrane potential","1/32","280/9187",0.00357142857142857,1.02533482142857,0.0254530700317275,0.629226448346155,0.663041568331038,0.579288949173433,"Pmaip1",1
"GO:0048732","gland development","1/32","284/9187",0.00352112676056338,1.01089348591549,0.011024702906769,0.634526973519086,0.667923130020091,0.583553892543869,"Csn3",1
"GO:0022613","ribonucleoprotein complex biogenesis","1/32","288/9187",0.00347222222222222,0.996853298611111,-0.00320767387993045,0.639754058288018,0.672717201144078,0.587742396789037,"Rpusd4",1
"GO:0060537","muscle tissue development","1/32","289/9187",0.00346020761245675,0.993403979238754,-0.00673587113458031,0.641049470147192,0.67337129217142,0.588313865791872,"Ccnb1",1
"GO:0043410","positive regulation of MAPK cascade","1/32","292/9187",0.00342465753424658,0.983197773972603,-0.0172502068659601,0.64490868780927,0.676714257932077,0.591234562193289,"Thbs1",1
"GO:0001501","skeletal system development","1/32","294/9187",0.00340136054421769,0.976509353741497,-0.0242021260986433,0.647459136214315,0.678678339847291,0.592950549550791,"Thbs1",1
"GO:0050673","epithelial cell proliferation","1/32","295/9187",0.00338983050847458,0.973199152542373,-0.0276610615627597,0.648727696614759,0.679296017397653,0.593490204673739,"Thbs1",1
"GO:0034762","regulation of transmembrane transport","1/32","299/9187",0.00334448160535117,0.960179765886288,-0.0413853293392132,0.653757861634114,0.683847135600537,0.597466444787838,"Thbs1",1
"GO:0051223","regulation of protein transport","1/32","302/9187",0.0033112582781457,0.950641556291391,-0.0515638395741528,0.657484620101575,0.687026771266014,0.600244442263991,"Nnat",1
"GO:0045785","positive regulation of cell adhesion","1/32","305/9187",0.00327868852459016,0.941290983606557,-0.0616464929758538,0.661172506244575,0.690159192322103,0.602981189081416,"Thbs1",1
"GO:0010817","regulation of hormone levels","1/32","321/9187",0.00311526479750779,0.894373052959502,-0.113886544395398,0.680200756181023,0.709281289031306,0.619687863048405,"Nnat",1
"GO:0002694","regulation of leukocyte activation","1/32","328/9187",0.00304878048780488,0.875285823170732,-0.13597824476576,0.688196216892462,0.716125095621709,0.625667188806335,"Thbs1",1
"GO:0009611","response to wounding","1/32","328/9187",0.00304878048780488,0.875285823170732,-0.13597824476576,0.688196216892462,0.716125095621709,0.625667188806335,"Thbs1",1
"GO:0090066","regulation of anatomical structure size","1/32","332/9187",0.00301204819277108,0.864740210843373,-0.148406355699978,0.69267774359779,0.720039234509137,0.629086910150088,"Sctr",1
"GO:1901137","carbohydrate derivative biosynthetic process","1/32","333/9187",0.003003003003003,0.862143393393393,-0.151491748180178,0.693788337861468,0.72044479528709,0.629441242198195,"B3galt5",1
"GO:0010256","endomembrane system organization","1/32","335/9187",0.00298507462686567,0.856996268656716,-0.157636979885804,0.69599787418648,0.721989496044067,0.630790822859553,"Syt8",1
"GO:0044089","positive regulation of cellular component biogenesis","1/32","340/9187",0.00294117647058824,0.844393382352941,-0.172853645391277,0.701454355719648,0.726895705408961,0.635077300515198,"Gbp2",1
"GO:0006753","nucleoside phosphate metabolic process","1/32","351/9187",0.00284900284900285,0.817930911680912,-0.205622652685823,0.713126710528813,0.737462989171472,0.644309769486655,"Cmah",1
"GO:0010975","regulation of neuron projection development","1/32","351/9187",0.00284900284900285,0.817930911680912,-0.205622652685823,0.713126710528813,0.737462989171472,0.644309769486655,"Arc",1
"GO:0050865","regulation of cell activation","1/32","355/9187",0.0028169014084507,0.808714788732394,-0.217307680706095,0.717260589685556,0.740971683559458,0.647375260373001,"Thbs1",1
"GO:0055086","nucleobase-containing small molecule metabolic process","1/32","360/9187",0.00277777777777778,0.797482638888889,-0.231747993241663,0.722346841650982,0.745455976935998,0.651293116691451,"Cmah",1
"GO:0030335","positive regulation of cell migration","1/32","365/9187",0.00273972602739726,0.786558219178082,-0.246009215809453,0.727344405448341,0.749839593245713,0.655123013046255,"Thbs1",1
"GO:0007276","gamete generation","1/32","367/9187",0.00272479564032698,0.782271798365123,-0.251664791166429,0.729318934523578,0.751100859447557,0.656224961412076,"Ccnb1",1
"GO:0007186","G protein-coupled receptor signaling pathway","1/32","372/9187",0.00268817204301075,0.771757392473118,-0.265684407475442,0.734194845026825,0.755344490768339,0.659932555092338,"Sctr",1
"GO:0006511","ubiquitin-dependent protein catabolic process","1/32","374/9187",0.00267379679144385,0.767630347593583,-0.2712453862376,0.736121290179583,0.756548088571,0.660984119488347,"Pbk",1
"GO:2000147","positive regulation of cell motility","1/32","379/9187",0.00263852242744063,0.757503298153034,-0.285033446146289,0.740878415465888,0.760421982805824,0.664368679714562,"Thbs1",1
"GO:0019941","modification-dependent protein catabolic process","1/32","380/9187",0.00263157894736842,0.755509868421053,-0.287771757917735,0.741819819951026,0.760421982805824,0.664368679714562,"Pbk",1
"GO:0040008","regulation of growth","1/32","381/9187",0.0026246719160105,0.753526902887139,-0.290503724648415,0.742757910760787,0.760421982805824,0.664368679714562,"Ccnb1",1
"GO:0043632","modification-dependent macromolecule catabolic process","1/32","382/9187",0.00261780104712042,0.751554319371728,-0.293229383553156,0.743692699184096,0.760421982805824,0.664368679714562,"Pbk",1
"GO:0048667","cell morphogenesis involved in neuron differentiation","1/32","382/9187",0.00261780104712042,0.751554319371728,-0.293229383553156,0.743692699184096,0.760421982805824,0.664368679714562,"Arc",1
"GO:0007169","cell surface receptor protein tyrosine kinase signaling pathway","1/32","387/9187",0.00258397932816537,0.741844315245478,-0.306764340956498,0.748317498020115,0.76436925231881,0.66781734676275,"Thbs1",1
"GO:0040017","positive regulation of locomotion","1/32","390/9187",0.00256410256410256,0.736137820512821,-0.314811934645471,0.75105346311383,0.766381084810031,0.669575053044553,"Thbs1",1
"GO:1901699","cellular response to nitrogen compound","1/32","407/9187",0.00245700245700246,0.705390049140049,-0.359423437717078,0.766021404476246,0.780857700791281,0.682223043849224,"Thbs1",1
"GO:0007420","brain development","1/32","409/9187",0.00244498777506112,0.701940709046455,-0.364565497925749,0.767723931953676,0.781796264718611,0.683043052333102,"Nnat",1
"GO:0072657","protein localization to membrane","1/32","410/9187",0.0024390243902439,0.700228658536585,-0.367128437495074,0.768570689093968,0.781862349027434,0.683100789150285,"Irgm2",1
"GO:0006886","intracellular protein transport","1/32","412/9187",0.00242718446601942,0.696829490291262,-0.372238281671156,0.770255241464732,0.782779716935703,0.683902279006983,"Irgm2",1
"GO:0048812","neuron projection morphogenesis","1/32","416/9187",0.00240384615384615,0.690129206730769,-0.382394633801646,0.773588783644367,0.785369323496819,0.686164777370905,"Arc",1
"GO:0120039","plasma membrane bounded cell projection morphogenesis","1/32","428/9187",0.00233644859813084,0.670779789719626,-0.412372926365457,0.783310682867077,0.7944327412445,0.694083342350458,"Arc",1
"GO:0048858","cell projection morphogenesis","1/32","432/9187",0.00231481481481481,0.664568865740741,-0.422207753337656,0.786460506479867,0.796783356337315,0.696137037642075,"Arc",1
"GO:0071363","cellular response to growth factor stimulus","1/32","433/9187",0.0023094688221709,0.663034064665127,-0.424654481499092,0.787241004914206,0.796783356337315,0.696137037642075,"Thbs1",1
"GO:0055082","intracellular chemical homeostasis","1/32","434/9187",0.00230414746543779,0.66150633640553,-0.427096467355674,0.788018739417604,0.796783356337315,0.696137037642075,"Sctr",1
"GO:0060322","head development","1/32","444/9187",0.00225225225225225,0.646607545045045,-0.451260743060047,0.795646136870402,0.80368296653576,0.702165118131243,"Nnat",1
"GO:0070848","response to growth factor","1/32","451/9187",0.00221729490022173,0.636571507760532,-0.467907456366601,0.800826403456728,0.808099297130906,0.706023596440687,"Thbs1",1
"GO:0051668","localization within membrane","1/32","457/9187",0.00218818380743982,0.628213894967177,-0.482006803334489,0.805165184361793,0.811658451977614,0.709133173833073,"Irgm2",1
"GO:0046649","lymphocyte activation","1/32","459/9187",0.00217864923747277,0.625476579520697,-0.486672706006451,0.806590990359392,0.812276928861422,0.709673527321032,"Nfil3",1
"GO:0048609","multicellular organismal reproductive process","1/32","464/9187",0.0021551724137931,0.618736530172414,-0.4982648894695,0.810111424328443,0.815001432925999,0.712053883503768,"Ccnb1",1
"GO:0120035","regulation of plasma membrane bounded cell projection organization","1/32","470/9187",0.00212765957446809,0.610837765957447,-0.512041462345475,0.814254051056393,0.818345779956173,0.714975786698552,"Arc",1
"GO:0031344","regulation of cell projection organization","1/32","479/9187",0.00208768267223382,0.599360647181628,-0.532440628672907,0.820304281677067,0.823598676382597,0.719565159365848,"Arc",1
"GO:0030155","regulation of cell adhesion","1/32","481/9187",0.00207900207900208,0.596868503118503,-0.536931611225173,0.82162261573797,0.824094900439288,0.719998702489063,"Thbs1",1
"GO:0019725","cellular homeostasis","1/32","492/9187",0.00203252032520325,0.583523882113821,-0.561367022180408,0.828707650617541,0.829537187805346,0.724753543029934,"Sctr",1
"GO:0019752","carboxylic acid metabolic process","1/32","492/9187",0.00203252032520325,0.583523882113821,-0.561367022180408,0.828707650617541,0.829537187805346,0.724753543029934,"Cmah",1
"GO:0003006","developmental process involved in reproduction","1/32","496/9187",0.00201612903225806,0.578818044354839,-0.570144258802177,0.831215807239434,0.831215807239434,0.72622012632498,"Ccnb1",1
