"pathway","pval","padj","log2err","ES","NES","size","leadingEdge"
"GOBP_AXONEME_ASSEMBLY",2.26900948759362e-05,0.0151002581399355,0.575610261071129,-0.66273036043658,-2.29815821503094,27,"Spag16/Dnaaf3/Ttc12/Cfap206/Iqcg/Rsph9/Hydin/Ccdc103/Rsph1"
"GOBP_MICROTUBULE_BUNDLE_FORMATION",2.26900948759362e-05,0.0151002581399355,0.575610261071129,-0.66273036043658,-2.29815821503094,27,"Spag16/Dnaaf3/Ttc12/Cfap206/Iqcg/Rsph9/Hydin/Ccdc103/Rsph1"
"GOBP_INTERMEDIATE_FILAMENT_ORGANIZATION",0.000151442256325057,0.0671898810562167,0.518848077743792,0.78686418836369,1.89558718772778,15,"Krt10/Krt20/Krt25/Krt27/Agfg2/Krt79"
"GOBP_INTERMEDIATE_FILAMENT_BASED_PROCESS",0.000245879690138725,0.0818164668936607,0.49849310876659,0.731749865022583,1.87737431295152,20,"Krt10/Krt20/Krt25/Krt27/Agfg2/Krt79"
"GOBP_CILIUM_MOVEMENT",0.000476402316165746,0.126818296563322,0.49849310876659,-0.462207942472935,-1.86251349138744,53,"Spag16/Celf3/Dnaaf3/Ttc12/Cfap206/Iqcg/Rsph9/Hydin/Ccdc103/Catsperz/Dnah10/Ccdc159/Drc1/Dnah6/Dnah3/Pla2g3/Dnah2/Zmynd12/Dnah9/Ccdc146/Cfap54/Cfap126/Tubb4b"
"GOBP_MOTILE_CILIUM_ASSEMBLY",0.000957692584819707,0.212448138399172,0.477270815362862,-0.625048145888005,-2.06580742853161,22,"Spag16/Dnaaf3/Ttc12/Cfap206/Iqcg/Rsph9"
"GOBP_ADENYLATE_CYCLASE_MODULATING_G_PROTEIN_COUPLED_RECEPTOR_SIGNALING_PATHWAY",0.00368069933287325,0.589707268445646,0.256635016972443,0.566071841472068,1.66096558774787,43,"Htr7/Ffar4/Drd1/Fpr2/Mc5r/Gabbr2/Adora2b/Adcyap1/Tshr/Adgrb3/Prkar2b/Mrap/P2ry12/Adora1/S1pr1/Npy1r/Sctr/Adgrf3"
"GOBP_ADENYLATE_CYCLASE_ACTIVATING_G_PROTEIN_COUPLED_RECEPTOR_SIGNALING_PATHWAY",0.00371702637889688,0.589707268445646,0.260820567718869,0.618673636755779,1.70510081505878,29,"Htr7/Ffar4/Drd1/Mc5r/Adora2b/Adcyap1/Tshr/Adgrb3/Prkar2b/Mrap/S1pr1/Sctr/Adgrf3"
"GOBP_CILIUM_OR_FLAGELLUM_DEPENDENT_CELL_MOTILITY",0.00398750219084208,0.589707268445646,0.407017918923954,-0.421213577312598,-1.67038128063068,49,"Spag16/Celf3/Ttc12/Cfap206/Iqcg/Rsph9/Catsperz/Dnah10/Ccdc159/Drc1/Dnah6/Dnah3/Pla2g3/Dnah2/Zmynd12/Dnah9/Ccdc146/Cfap54/Cfap126/Tubb4b"
"GOBP_RESPONSE_TO_ETHANOL",0.00487456901676376,0.648805136131257,0.22623238004642,0.59048829605462,1.65460480345152,32,"Gria1/Grin2a/Bglap/Cldn1/Gata3/Cdo1/Bglap2/Bglap3/Car3/Ccl7/Vcam1/Gnrh1/Rbp4/mt-Cytb"
"GOBP_NUCLEOSIDE_TRIPHOSPHATE_METABOLIC_PROCESS",0.00748450473628815,0.823308270676692,0.180467893079923,0.553583133550459,1.59092042845067,38,"Fbp1/Atp6v1b1/Slc4a1/Gck/Fignl1/Ndufs6/mt-Atp6/mt-Atp8/Nme7/Pklr/mt-Nd2"
"GOBP_MALE_GAMETE_GENERATION",0.00820165965678315,0.823308270676692,0.380730400722792,-0.319887359516828,-1.42265369246583,95,"Spag16/Cldn11/Celf3/Cftr/Tdrd9/Ccno/Dnaaf3/Ttc12/Cfap206/Nup210l/Iqcg/Wfdc2/Catsperz/Rsph1/Tex15"
"GOBP_SPERM_FLAGELLUM_ASSEMBLY",0.00825309491059147,0.823308270676692,0.34452128726268,-0.593530409513624,-1.81991569045436,17,"Spag16/Ttc12/Cfap206/Iqcg"
"GOBP_INTRACELLULAR_MONOATOMIC_ION_HOMEOSTASIS",0.00934298470623803,0.823308270676692,0.380730400722792,-0.344873643644339,-1.50144340267827,79,"Umod/Rgn/Cftr/Plch1/Slc39a7/Chrna7/Scnn1g/Slamf8/Hsp90b1/Slc1a3/Aplnr/Tmem178/Cd19/Csrp3/Slc4a11"
"GOBP_REGULATION_OF_BODY_FLUID_LEVELS",0.00942298317988586,0.823308270676692,0.380730400722792,-0.356107424822145,-1.50794419977199,67,"Angpt4/Umod/Cftr/Serpind1/Slc22a2/Scnn1g/Adamts18/Col3a1/Aplnr/Angptl4"
"GOBP_CEREBRAL_CORTEX_DEVELOPMENT",0.00996884735202492,0.823308270676692,0.161159145661682,0.614810806678209,1.60413597886415,22,"Pou3f3/Gria1/Ccdc141/Cntnap2/Arx/P2ry12/Aspm"
"GOBP_CELL_DIVISION",0.0106257378984652,0.823308270676692,0.144645572264101,0.464017110600369,1.48624965191958,84,"Pou3f3/Brsk2/Susd2/Ccnb2/Sox5/Cdc25c/Knl1/Ndufs6/2610528A11Rik/Hells/Timeless/Cdk2ap2/Zfyve19/Mastl/Ncaph/Aspm/Nuf2/Unc119/Stox1/Cks2/Cdca8/Ckap2/Vegfc/Tpx2/Sirt2/Ppbp/Bub1/Igf2/Ncapg/Arl8a/Il1b/Anapc10/Haus5/Arl3/Smc4/Trp63/Cdk1/Ccnb1/Ect2/Nusap1/Ccnf/Bora/Ncapd2"
"GOBP_ATP_METABOLIC_PROCESS",0.011343495214463,0.823308270676692,0.146922135732098,0.556889509780831,1.57389824712752,34,"Fbp1/Atp6v1b1/Slc4a1/Gck/Fignl1/Ndufs6/mt-Atp6/mt-Atp8/Pklr/mt-Nd2"
"GOBP_MYELOID_LEUKOCYTE_ACTIVATION",0.0122416891284816,0.823308270676692,0.137749272114041,0.504217936362364,1.52830588086647,54,"Il18rap/Camp/Fpr2/Fgr/Adora2b/Nr1d1/Clec4d/Shpk/2610528A11Rik/Ldlr/Cxcr2/Cst7/Sucnr1/Lcp2/Ccl5/Snca/Grp/Vamp8/Cd177/Ptpn6/C1qa/Cd93/Tnf"
"GOBP_RESPONSE_TO_NUTRIENT_LEVELS",0.0128477383733277,0.823308270676692,0.13063133623686,0.450830700535848,1.46002841038283,93,"Fbp1/Cbs/Krt20/Gria1/Vgf/Lcn2/Pcsk1n/Stc1/Bglap/Nnt/Asns/Mpo/Sp7/Ldlr/Bglap2/Bglap3/Vcam1/Pklr/Mafb/Dsc2/Ghr/Nprl3/Fasn/mt-Cytb/Sirt2/Mt3/Fut1/Nprl2/Slc27a4/Sctr"
"GOBP_PALLIUM_DEVELOPMENT",0.0130486358244365,0.823308270676692,0.137111915255226,0.556922570737478,1.56667275104189,33,"Pou3f3/Gria1/Drd1/Ccdc141/Cntnap2/Arx/Atat1/P2ry12/Aspm"
"GOBP_MONOATOMIC_ION_HOMEOSTASIS",0.0138517572271553,0.823308270676692,0.380730400722792,-0.318384572118409,-1.4145470296077,94,"Umod/Rgn/Cftr/Plch1/Slc39a7/Chrna7/Scnn1g/Slamf8/Hsp90b1/Slc1a3/Aplnr/Alpl/Tmem178/Cd19/Csrp3/Slc4a11"
"GOBP_FATTY_ACID_DERIVATIVE_METABOLIC_PROCESS",0.0153028141615873,0.823308270676692,0.132308522605383,0.663158222630703,1.59757458637076,15,"Alox15/Awat2/Alox8/Cyp4f18/Ggt7/Elovl4/Far2/Fasn/Ggt5/Acot8"
"GOBP_RESPONSE_TO_IONIZING_RADIATION",0.0154931351555612,0.823308270676692,0.129547467550097,0.625034074085075,1.58517266856511,19,"Bbc3/Lcn2/Mrnip/Fignl1/Gata3/Rad1/Rad9b/Ccl7/Rad54b/Vcam1"
"GOBP_POSITIVE_REGULATION_OF_MAPK_CASCADE",0.0162468651183077,0.823308270676692,0.117506481856722,0.473046387794275,1.48602140659031,70,"Diras2/Alox15/Ffar4/Epgn/Drd1/Fpr2/Alkal2/Adcyap1/Tnfaip8l3/Fgf22/Lamtor2/Adora1/Dsc2/Ghr/Tnfsf11/Efna1/Gadd45g/Cdk10/Mt3/Ddt/Wnt16/Igf2/Gdf6"
"GOBP_REGULATION_OF_TUBE_SIZE",0.0175288060799215,0.823308270676692,0.119991298354729,0.583055642686083,1.56144448666241,25,"Kcnmb4/Cbs/Htr7/Drd1/Adora2b/Kel/Adora1/Foxc2/Oxtr"
"GOBP_SPERMATID_DIFFERENTIATION",0.0186078566505858,0.823308270676692,0.279865652661932,-0.420197590447932,-1.57375570749219,38,"Spag16/Cftr/Ttc12/Cfap206/Nup210l/Iqcg/Catsperz/Rsph1"
"GOBP_NEUTROPHIL_MIGRATION",0.0192210419828022,0.823308270676692,0.235141995561108,-0.494002943445886,-1.63269814813569,22,"Umod/Csf3r/Slamf8"
"GOBP_LEUKOCYTE_HOMEOSTASIS",0.0196498299533946,0.823308270676692,0.114790404232843,0.615242823030781,1.5603407046677,19,"Gcnt4/Tnfsf14/Sash3/Ccnb2/Rag1/2610528A11Rik/Kitl"
"GOBP_RNA_SPLICING",0.0205949656750572,0.823308270676692,0.279865652661932,-0.392747553564735,-1.53148849777916,44,"Umod/Celf3/Elavl4"
"GOBP_CELLULAR_RESPONSE_TO_INSULIN_STIMULUS",0.0208751031961316,0.823308270676692,0.107630389664896,0.530125273507356,1.50853129529637,36,"Fbp1/Bglap/Gck/Gpr21/Bglap2/Bglap3/Pnpla3/Pklr/Ghr/Foxc2/Slc27a4/Igf2/Insig1/Il1b/Eef2k/Ahsg/Adipoq"
"GOBP_SMALL_MOLECULE_BIOSYNTHETIC_PROCESS",0.0214804675160577,0.823308270676692,0.100098503124201,0.427759560438009,1.40137017716013,105,"Fbp1/Cbs/Alox15/Gad2/Plek/Acot4/Bglap/Haao/Nnmt/Gck/Asns/Nr1d1/Gls2/Fads3/Scd1/Mpo/Hacd4/Thnsl2/Cdo1/Bglap2/Bglap3/Slc25a10/Dhcr7/Pcx/Fa2h/Alox8/Ebp/Itpka/Ggt7/Pklr/Elovl4/Rbp4/Fasn/Dhcr24/Sirt2/Snca/Aldh1a3/Noxred1/Ass1/Insig1/Fdps/Il1b/Ggt5/Pdxk/Mvd/Adipoq/Acot8/Tnf/Cth/Hmgcr"
"GOBP_REGULATION_OF_ACTIN_FILAMENT_LENGTH",0.021696494238784,0.823308270676692,0.107630389664896,0.575555500640276,1.5413588300128,25,"Alox15/Plek/Myo3b/Cdc42ep5/Vil1/Sptbn4/Hck"
"GOBP_POSITIVE_REGULATION_OF_CELL_CYCLE_PROCESS",0.0226596475165942,0.823308270676692,0.101638713652309,0.501588420200805,1.4832667618569,46,"Fen1/Epgn/Cdc25c/Knl1/Ddrgk1/Ncaph/Stox1/Crnn/Cdca8/Sirt2/Gen1/Cdk10/Bub1/Igf2/Ncapg/Il1b/Tnf/Smc4/Trp63/Cdk1/Ccnb1/Ect2/Nusap1/Ncapd2/Kif20b/Ppp1r35/Tert/Cenpv/Paf1"
"GOBP_RESPONSE_TO_INSULIN",0.0228610230873699,0.823308270676692,0.100604308574775,0.490023050270632,1.47334025921823,51,"Fbp1/Vgf/Bglap/Gck/Gpr21/Sp7/Bglap2/Bglap3/Gcnt1/Pnpla3/Pklr/Ghr/Rbp4/Foxc2/Slc27a4/Igf2/Insig1/Il1b/Eef2k/Acvr1c/Ahsg/Adipoq"
"GOBP_AMINO_ACID_CATABOLIC_PROCESS",0.0230507620607129,0.823308270676692,0.105814018510618,0.610650422873158,1.54869374410218,19,"Cbs/Gad2/Sardh/Fah/Haao/Gls2/Thnsl2/Cdo1"
"GOBP_RESPONSE_TO_TOPOLOGICALLY_INCORRECT_PROTEIN",0.0234657039711191,0.823308270676692,0.232056818075608,-0.440160967301789,-1.55037322387706,29,"Umod/Chac1/Hspa5/Serpinh1/Edem1/Comp/Ppp1r15a"
"GOBP_OSSIFICATION",0.0235054201996351,0.823308270676692,0.0965275765869161,0.442817173008509,1.41834612175482,84,"Cbs/Atp6v1b1/Panx3/Alox15/Ffar4/Dmp1/Stc1/Fgr/Bglap/Nab2/Col13a1/Fignl1/Sp7/Bglap2/Bglap3/Ebp/Tob2/Phospho1/Tnfsf11/Fasn/Vegfc/Foxc2/P3h1/Igsf10/Rpl38/S1pr1"
"GOBP_POSITIVE_REGULATION_OF_CELL_CYCLE",0.0250113173381621,0.853591368643429,0.0960789906091538,0.48625539988107,1.4620121574105,51,"Fen1/Epgn/Cdc25c/Knl1/Asns/Ddrgk1/Ncaph/Stox1/Crnn/Ccpg1/Cdca8/Sirt2/Gen1/Cdk10/Bub1/Igf2/Ncapg/Il1b/Tnf/Smc4/Trp63/Cdk1/Ccnb1/Ect2/Nusap1/Ncapd2/Kif20b/Ppp1r35/Tert/Cenpv/Paf1"
"GOBP_CILIUM_ORGANIZATION",0.0279823269513991,0.886879418670234,0.335068558717014,-0.31923901810566,-1.39179408436064,82,"Spag16/Ccno/Dnaaf3/Ttc12/Cfap206/Iqcg/Rsph9/Hydin/Ccdc103/Rsph1/Ubxn10/Elmod3"
"GOBP_CALCIUM_ION_HOMEOSTASIS",0.0280210157618214,0.886879418670234,0.256635016972443,-0.364363654325721,-1.45823290484474,52,"Umod/Rgn/Plch1/Chrna7/Hsp90b1/Aplnr/Alpl/Tmem178/Cd19/Csrp3/F2rl3/Cacna1c/Calcb"
"GOBP_NUCLEOTIDE_METABOLIC_PROCESS",0.0282832712124534,0.886879418670234,0.0887403498066145,0.461307480836786,1.43961285797944,66,"Neil2/Fbp1/Atp6v1b1/Haao/Nnt/Slc4a1/Gck/Fignl1/Ndufs6/Shpk/mt-Atp6/mt-Atp8/Pcx/Nme7/Pklr/mt-Nd2"
"GOBP_ORGANIC_ACID_BIOSYNTHETIC_PROCESS",0.0286520022560632,0.886879418670234,0.0894560863550852,0.478440615244141,1.44539047093881,53,"Cbs/Alox15/Gad2/Acot4/Haao/Asns/Nr1d1/Gls2/Fads3/Scd1/Hacd4/Thnsl2/Cdo1/Fa2h/Alox8/Ggt7/Pklr/Elovl4/Fasn/Sirt2/Aldh1a3/Noxred1/Ass1/Insig1"
"GOBP_POSITIVE_REGULATION_OF_SUPRAMOLECULAR_FIBER_ORGANIZATION",0.0309831666260063,0.890487382190252,0.0894560863550852,0.552964856282571,1.49272481320229,26,"Alox15/Plek/Cdc42ep5/Vil1/Hck/Slain1"
"GOBP_RESPONSE_TO_VITAMIN",0.0311980565145122,0.890487382190252,0.0913212902305258,0.614585069088105,1.51943501407103,17,"Cbs/Stc1/Bglap/Nnt/Bglap2/Bglap3"
"GOBP_GRANULOCYTE_MIGRATION",0.0314267756128221,0.890487382190252,0.204544131818546,-0.414912477182324,-1.50082579942264,32,"Umod/Csf3r/Slamf8/Cxcl17"
"GOBP_PROTEIN_FOLDING",0.0317022742935906,0.890487382190252,0.213387923018053,-0.390853661419293,-1.46385461134398,38,"Umod/Hsp90b1/Fkbp4/Lyrm7/Hspa5/Ahsa1/Ppil3"
"GOBP_RESPONSE_TO_PEPTIDE_HORMONE",0.03318512091964,0.890487382190252,0.0812702847276304,0.441939600549267,1.39888893777568,75,"Fbp1/Gria1/Vgf/Bglap/Gck/Tshr/Gpr21/Sp7/Cdo1/Bglap2/Bglap3/Gcnt1/Pnpla3/Gnrh1/Pklr/Ghr/Rbp4/mt-Cytb/Foxc2/Fut1/Slc27a4/Igf2/Ass1/Insig1/Il1b/Eef2k/Acvr1c/Ahsg/Adipoq"
"GOBP_POSITIVE_REGULATION_OF_PROTEIN_CONTAINING_COMPLEX_ASSEMBLY",0.0332897396266793,0.890487382190252,0.0850801033973234,0.523044511781982,1.46562085547817,32,"Alox15/Bbc3/Plek/Cdc42ep5/Atat1/Hck/Slain1/P2ry12"
"GOBP_ACTIN_POLYMERIZATION_OR_DEPOLYMERIZATION",0.0334532374100719,0.890487382190252,0.0852370970743608,0.537830107020178,1.48229130733958,29,"Alox15/Plek/Cdc42ep5/Vil1/Sptbn4/Ang/Hck"
"GOBP_CHAPERONE_MEDIATED_PROTEIN_FOLDING",0.0343878954607978,0.890487382190252,0.166521148019972,-0.513249054367562,-1.57375256967849,17,"Umod/Fkbp4/Hspa5"
"GOBP_MAPK_CASCADE",0.0352009997917101,0.890487382190252,0.0771938352436617,0.403199105306289,1.34092529227064,125,"Diras2/Cbs/Alox15/Ffar4/Epgn/Drd1/Fpr2/Alkal2/Adcyap1/Tnfaip8l3/Epha7/Cdc42ep5/Fgf22/Ephb1/Nrtn/Lamtor2/Adora1/Dsc2/Ghr/Tnfsf11/Efna1/Gadd45g/Map3k21/Cdk10/Mt3/Ddt/Klhl31/Rras/Wnt16/Igf2/Gdf6/Pdcd4/Mapk10/Il1b/Ptpn6/Adipoq/Tnf/Gpnmb/Hmgcr/Spry4/Pp2d1/Cdk1"
"GOBP_CELLULAR_RESPONSE_TO_PEPTIDE_HORMONE_STIMULUS",0.0360045146726862,0.890487382190252,0.0795410497699044,0.472350145567463,1.4242178762583,52,"Fbp1/Gria1/Bglap/Gck/Tshr/Gpr21/Bglap2/Bglap3/Pnpla3/Pklr/Ghr/Foxc2/Fut1/Slc27a4/Igf2/Ass1/Insig1/Il1b/Eef2k/Ahsg/Adipoq"
"GOBP_ALPHA_BETA_T_CELL_ACTIVATION",0.037037037037037,0.890487382190252,0.191387828756382,-0.398225773207346,-1.45626382278586,34,"Pla2g2d/Card11/Tnfsf4/Il23r/Icos"
"GOBP_POSITIVE_REGULATION_OF_CHEMOTAXIS",0.037106681709916,0.890487382190252,0.0826765785309944,0.584779144631555,1.50030686353069,20,"Tnfsf14/Fpr2/Ccl7/P2ry12/Sucnr1/Vegfc/Ccl5/S1pr1"
"GOBP_PHOSPHOLIPASE_C_ACTIVATING_G_PROTEIN_COUPLED_RECEPTOR_SIGNALING_PATHWAY",0.0377697841726619,0.890487382190252,0.0800618093065621,0.532036532114773,1.46632387522931,29,"Ffar4/Drd1/Fpr2/Plek/Nmbr/Cxcr2/P2ry12/S1pr1/Grp/Homer1/Ano1/Sele/Bicd1"
"GOBP_VESICLE_LOCALIZATION",0.0381350719645713,0.890487382190252,0.0807267478771111,0.554930663945344,1.4755081971069,24,"Brsk2/Ap3b2/Ap3m2/Unc13c/Lin7a/Syn2/Rab27a/Nlgn1/Snca/Mlph"
"GOBP_MEMORY",0.0398396391881734,0.891156742013793,0.079670326613859,0.574085488944398,1.48376855194861,21,"Fen1/Gria1/Grin2a/Drd1/Lcn2/Ldlr/Sgk1"
"GOBP_CARBOHYDRATE_DERIVATIVE_CATABOLIC_PROCESS",0.0402170067224909,0.891156742013793,0.0768410915258218,0.506138489670704,1.43701776421906,35,"Neil2/Fbp1/Chia1/Slc4a1/Gck"
"GOBP_TEMPERATURE_HOMEOSTASIS",0.0403349451586272,0.891156742013793,0.0767245323920217,0.503362148525901,1.43237380269591,36,"Ffar4/Drd1/Lcn2/Pctp/Adcyap1/Nr1d1/Tshr/Scd1/Esrrg/Adora1/Tnfsf11/Gadd45g/Foxc2/Oxtr/Il1b/Adipoq/Tnf/Apln/Clstn3/Acot13"
"GOBP_NUCLEOSIDE_PHOSPHATE_CATABOLIC_PROCESS",0.0408418942620897,0.891156742013793,0.0786526746440488,0.573230610740848,1.4815590528085,21,"Neil2/Fbp1/Slc4a1/Gck"
"GOBP_CELL_CELL_JUNCTION_ASSEMBLY",0.0445544554455446,0.916150300097074,0.151812881287453,-0.462083874832557,-1.51315565739885,21,"Cldn11/Cdh24/Aplnr/Cdh11/Ephb2"
"GOBP_PHENOL_CONTAINING_COMPOUND_METABOLIC_PROCESS",0.0451090953665114,0.916150300097074,0.07386107958716,0.543563702036658,1.45568361500605,25,"Gcnt4/Grin2a/Drd1/Fah/Gata3/Slitrk1/Snca/Ddt/Slc5a5/Aldh2/Gnat2/Slc16a10/Ednra"
"GOBP_GAMETE_GENERATION",0.0457516339869281,0.916150300097074,0.318279675040437,-0.270800041931472,-1.24039638176161,111,"Spag16/Cldn11/Celf3/Cftr/Tdrd9/Ccno/Dnaaf3/Ttc12/Cfap206/Nup210l/Iqcg/Wfdc2/Catsperz/Rsph1/Tex15/Wee2"
"GOBP_NEURAL_PRECURSOR_CELL_PROLIFERATION",0.0457620863574855,0.916150300097074,0.0734471130740274,0.549425447080965,1.46087034568148,24,"Pou3f3/Sox5/Arx/Ephb1/Aspm/Vegfc/Sirt2/Tox/Sox10"
"GOBP_POSITIVE_REGULATION_OF_CYTOSKELETON_ORGANIZATION",0.0460431654676259,0.916150300097074,0.0722438159950612,0.523469884387536,1.44271369183984,29,"Alox15/Plek/Cdc42ep5/Vil1/Hck/Slain1"
"GOBP_G_PROTEIN_COUPLED_RECEPTOR_SIGNALING_PATHWAY",0.0461172577809947,0.916150300097074,0.0668120931524977,0.389914707036997,1.30711232697415,136,"Gprc5d/Htr7/Ffar4/Drd1/Celsr3/Fpr2/Plek/Nmbr/Pcsk1n/Mc5r/Gabbr2/Adora2b/Adcyap1/Tshr/Gpr162/Hc/Gpr21/Tas1r3/2610528A11Rik/Adgrb3/Prkar2b/Mrap/Ccl7/Fzd2/Alox8/Cxcr2/P2ry12/Adora1/Sucnr1/Hcar1/Ccl5/Oxtr/S1pr1/Snca/Grp/Npy4r/Npy1r/Sctr/Adgrf3"
"GOBP_MONONUCLEAR_CELL_DIFFERENTIATION",0.0469208211143695,0.918406072106262,0.256635016972443,-0.301071874234256,-1.31546641053604,83,"Pla2g2d/Card11/Tnfsf4/Slc39a7/Il23r/Icos/Pou2af1/Slamf8/Lag3/Loxl3/Cd19/Irf7/Hoxa7/Ucp2/H2-Eb1"
"GOBP_CARBOHYDRATE_CATABOLIC_PROCESS",0.0476837554045707,0.91981273106498,0.072048676645702,0.552526776241861,1.45673544301247,23,"Fbp1/Chia1/Slc4a1/Gck/Amy1/Mgam/Gk5/Pklr"
"GOBP_CD4_POSITIVE_ALPHA_BETA_T_CELL_ACTIVATION",0.0498891352549889,0.948606271777004,0.151812881287453,-0.424957153240384,-1.46471513247888,26,"Pla2g2d/Card11/Tnfsf4/Il23r/Icos"
"GOBP_RESPONSE_TO_METAL_ION",0.0530311246068756,0.951174436258186,0.0636600886299947,0.427804467999768,1.35414644234664,75,"Kcnmb4/Fbp1/Gria1/Alox15/Lcn2/Bglap/Haao/Cldn1/Bglap2/Bglap3/Vcam1/Gnrh1/Trf/Itpka/Pklr/Sucnr1/Nlgn1/mt-Cytb/Adamts13/Snca/Mnat1/Mt3/Guca1a/mt-Co1/Ass1/Nptx1/Homer1"
"GOBP_AEROBIC_RESPIRATION",0.055462786259542,0.951174436258186,0.0653662929462658,0.50638901386803,1.41065022537498,31,"Nnt/Ndufs6/mt-Atp6/mt-Atp8/mt-Nd2/mt-Cytb/Mtfr2/Snca/mt-Co1/1700066M21Rik/mt-Co2/Uqcc3/Nop53/mt-Co3/Uqcc2/Tnf/Cdk1/Ccnb1"
"GOBP_B_CELL_ACTIVATION",0.0564448188711036,0.951174436258186,0.17632375173773,-0.339517274466763,-1.34780272560397,50,"Card11/Tnfsf4/Slc39a7/Pou2af1/Cd22/Slamf8/Cd19/Cd320/Ephb2/Gapt/Bst2/Cd27"
"GOBP_POSITIVE_REGULATION_OF_CELLULAR_COMPONENT_BIOGENESIS",0.0569606571552097,0.951174436258186,0.0611971384770468,0.421560805371871,1.34168538394654,79,"Alox15/Bbc3/Plek/Myo3b/Cdc42ep5/Vil1/Cldn1/Cntnap2/Adgrb3/Slitrk1/Atat1/Ephb1/Slitrk5/Hck/Slain1/P2ry12/Flrt1/Nlgn1/Thbs2/Snca"
"GOBP_ENDOTHELIUM_DEVELOPMENT",0.0607997994233421,0.951174436258186,0.0639357739676871,0.558757497317588,1.43354583686974,20,"Lcn2/Stc1/Cldn1/Fzd2/Fasn/Foxc2/S1pr1/Il1b/Tnf/Ednra/Icam1/Sox18"
"GOBP_POSITIVE_REGULATION_OF_REGULATED_SECRETORY_PATHWAY",0.0614706263779017,0.951174436258186,0.0647115329729563,0.596832733759582,1.43779384048966,15,"Fgr/Adora2b/Rab27a/Syt10/Nlgn1/Vamp8/Scamp5/Cd177/Slc4a8"
"GOBP_REGULATION_OF_POTASSIUM_ION_TRANSPORT",0.0614706263779017,0.951174436258186,0.0647115329729563,0.596880892197197,1.43790985608508,15,"Drd1/Gck/Kcns1/Kel/Adora1/Grp/Kcnab3"
"GOBP_MITOTIC_NUCLEAR_DIVISION",0.0625284220100046,0.951174436258186,0.0598299516205161,0.457720011021043,1.36801355737166,49,"Epgn/Cdc25c/Kif15/Knl1/Ncaph/Nuf2/Cdca8/Tpx2/Sirt2/Gen1/Ccdc61/Mki67/Bub1/Igf2/Ncapg/Il1b/Tnf/Cep85/Arhgef10/Smc4/Cdk1/Ccnb1/Nusap1/Bora/Ncapd2"
"GOBP_CELL_CELL_JUNCTION_ORGANIZATION",0.0630005339028297,0.951174436258186,0.132308522605383,-0.423564312209235,-1.42882872180012,24,"Cldn11/Cdh24/Aplnr/Cdh11/Ephb2"
"GOBP_LYMPHOCYTE_DIFFERENTIATION",0.0636704119850187,0.951174436258186,0.202498775969141,-0.302768383807098,-1.29713090989757,73,"Pla2g2d/Card11/Tnfsf4/Slc39a7/Il23r/Icos/Pou2af1/Slamf8/Lag3/Loxl3/Cd19"
"GOBP_ORGANOPHOSPHATE_CATABOLIC_PROCESS",0.0645007166746297,0.951174436258186,0.0604138360818294,0.503986519024069,1.39758336404549,30,"Neil2/Fbp1/Slc4a1/Gck/Ldlr/Smpd2/Pklr"
"GOBP_MONOCARBOXYLIC_ACID_METABOLIC_PROCESS",0.0645811240721103,0.951174436258186,0.0566777211926817,0.403823071900053,1.30860688341742,94,"Fbp1/Atp6v1b1/Alox15/Gad2/Fah/Acot4/Haao/Slc4a1/Gck/Nr1d1/Fads3/Scd1/Ndufs6/Hacd4/Thnsl2/Cyp1b1/Prkar2b/Cpt1b/Pcx/Fa2h/Alox8/Cyp4f18/Pnpla3/Dbi/Echdc1/Pklr/Elovl4/Fasn/Sirt2/Snca/Cyp2w1/Aldh1a3/Slc27a4"
"GOBP_REGULATION_OF_CHROMOSOME_SEGREGATION",0.065772989225758,0.951174436258186,0.0613201759333526,0.549483557190355,1.42018294778893,21,"Knl1/Ncaph/Nuf2/Cdca8/Sirt2/Gen1/Bub1/Ncapg/Smc4/Cdk1/Ccnb1/Ncapd2"
"GOBP_REGULATION_OF_CARBOHYDRATE_BIOSYNTHETIC_PROCESS",0.0659410201240349,0.951174436258186,0.0615683355795463,0.570768496288517,1.42973325870914,18,"Fbp1/Plek/Nnmt/Gck"
"GOBP_MICROTUBULE_BASED_MOVEMENT",0.0688468158347676,0.951174436258186,0.229089382980959,-0.281811457537498,-1.24448696431876,92,"Spag16/Celf3/Dnaaf3/Ttc12/Cfap206/Iqcg/Rsph9/Hydin/Ccdc103/Catsperz/Dnah10/Ccdc159/Kif5c/Dnah12/Kif6/Drc1/Dnah6/Bloc1s5/Dnah3/Pla2g3/Dnah2/Ift88/Zmynd12/Dnah9/Ccdc146/Cfap54/Cfap126/Tubb4b"
"GOBP_RESPONSE_TO_ALCOHOL",0.0702031602708804,0.951174436258186,0.0560429946064997,0.448529142589933,1.35239340750484,52,"Fbp1/Gria1/Grin2a/Bglap/Cldn1/Gata3/Cdo1/Bglap2/Bglap3/Car3/Ccl7/Sgk1/Vcam1/Gnrh1/Ghr/Rbp4/mt-Cytb"
"GOBP_CHROMOSOME_SEPARATION",0.0704118906663308,0.951174436258186,0.0593176626465992,0.559261522177652,1.41836440010703,19,"Knl1/Ncaph/Nuf2/Cdca8/Gen1/Bub1/Ncapg/Smc4/Ccnb1/Ncapd2"
"GOBP_RESPONSE_TO_INTERLEUKIN_1",0.0704974053917226,0.951174436258186,0.0594304508449092,0.566871959664967,1.41997271999565,18,"Camp/Lcn2/Nr1d1/Ghr/Ccl5/Snca/Il1r2/Il1b/Nfkbia/Sele"
"GOBP_EPIDERMIS_DEVELOPMENT",0.0723537293434569,0.951174436258186,0.0548301225441775,0.439055731650955,1.34160381258375,57,"Flg2/Krt10/Krt25/Krt27/Ivl/Krt79/Nab2/Cldn1/Fa2h/Alox8/Ovol2/Mafb/Cst6/Klk7"
"GOBP_INORGANIC_ANION_TRANSPORT",0.0725190839694656,0.951174436258186,0.0567273700625101,0.494093846640394,1.37639952098428,31,"Slc17a1/Gabrq/Gabra3/Slc34a2/Gabra4/Slc4a1"
"GOBP_BONE_DEVELOPMENT",0.0734041311704983,0.951174436258186,0.0557092269421475,0.472993854762087,1.36473078331262,39,"Cbs/Stc1/Bglap/Nab2/Col13a1/Bglap2/Bglap3/Ebp/Slc9b2/Ghr/Phospho1/Tnfsf11/P3h1/Sulf2"
"GOBP_CELLULAR_HOMEOSTASIS",0.0735104853741429,0.951174436258186,0.287805130535564,-0.266567663643785,-1.2525246049916,127,"Umod/Rgn/Cftr/Plch1/Slc39a7/Chrna7/Scnn1g/Slamf8/Gnb3/Hsp90b1/Slc1a3/Aplnr/Alpl/Tmem178/Col1a1/C1qtnf3/Cd19/Csrp3/Slc4a11/Ucp2/C2cd2l/H2-Eb1/F2rl3"
"GOBP_PERIPHERAL_NERVOUS_SYSTEM_DEVELOPMENT",0.0742943931147956,0.951174436258186,0.0577985195763119,0.563900564229345,1.41252959216587,18,"Hoxd9/Nab2/Scn8a/Cldn1/Fa2h/Vcam1/Sirt2/Pou4f1/Sox10/Arhgef10/Cdk1/Isl2"
"GOBP_REGULATION_OF_MITOTIC_NUCLEAR_DIVISION",0.0746523542327397,0.951174436258186,0.0565294902385424,0.515564001271895,1.39176146322606,26,"Epgn/Cdc25c/Knl1/Nuf2/Cdca8/Gen1/Mki67/Bub1/Igf2/Il1b/Tnf/Ccnb1/Nusap1/Bora/Kif20b"
"GOBP_SECONDARY_ALCOHOL_METABOLIC_PROCESS",0.0750636132315522,0.951174436258186,0.132308522605383,-0.371825478506708,-1.35708545695286,33,"Cftr/Apol8/Sult1c1/Gnb3/Tm7sf2"
"GOBP_REGULATION_OF_SECRETION",0.0765695184372715,0.951174436258186,0.0513160055618241,0.385191504832218,1.27459170370743,117,"Kcnmb4/Brsk2/Krt20/Ffar4/Stc1/Fgr/Bglap/Slc18a3/Adora2b/Adcyap1/Gck/Nr1d1/Bglap2/Bglap3/Ang/Sgk1/Rab27a/Adora1/Syt10/Slc9b2/Nlgn1/Rbp4/Tnfsf11/Vegfc/Ccl5/P3h1/Snca/Grp/Rab37/Vamp8/Scamp5/Wnk3/Cd177/Il1b/Rab2b/Acvr1c/Ano1/Slc4a8/Arfip1/Adipoq/Hap1/Uqcc2/Tnf/Apln/Sncg/Hmgcr/Stxbp2/Nnat/Tspoap1"
"GOBP_PYRIDINE_CONTAINING_COMPOUND_METABOLIC_PROCESS",0.0772182254196643,0.951174436258186,0.0550120303971731,0.500813963318319,1.38027264508116,29,"Fbp1/Haao/Nnt/Slc4a1/Nnmt/Gck/Shpk/Pcx/Pklr"
"GOBP_REGULATION_OF_NUCLEAR_DIVISION",0.0778786430960344,0.951174436258186,0.0546498540116765,0.494948561587484,1.37252059255949,30,"Epgn/Cdc25c/Knl1/Rad1/Nuf2/Cdca8/Sirt2/Gen1/Mki67/Bub1/Igf2/Il1b/Tnf/Ccnb1/Nusap1/Bora"
"GOBP_UNSATURATED_FATTY_ACID_METABOLIC_PROCESS",0.0782214384683209,0.951174436258186,0.0560911259623886,0.553846343420131,1.40463075946611,19,"Atp6v1b1/Alox15/Fads3/Scd1/Cyp1b1/Alox8/Cyp4f18/Elovl4"
"GOBP_MUSCLE_CELL_PROLIFERATION",0.0787147634973722,0.951174436258186,0.054338253937587,0.494303436172415,1.37073162298632,30,"Six5/Ephb1/Ang/Rbp4/Foxc2/Ccl5/S1pr1/Mnat1/Pdcd4/Adipoq/Tnf/Apln/Cdk1/Ccnb1/Stat1/Rbpms2/Tert/Thbs1/Calcrl/Cdkn1a"
"GOBP_PROTEIN_O_LINKED_GLYCOSYLATION",0.0794785006894823,0.951174436258186,0.0554741407704174,0.545107507315232,1.39852548110694,20,"Gcnt4/Galnt2/Chst4/Gcnt1/Gxylt2/B3galt5/B3gnt9"
"GOBP_GRANULOCYTE_ACTIVATION",0.0796265075865646,0.951174436258186,0.0564312611344041,0.581372331922112,1.40054911633825,15,"Il18rap/Camp/Cxcr2/Ccl5/Vamp8/Cd177/Ptpn6/Tnf/Stxbp2/Fcer1a"
"GOBP_RAS_PROTEIN_SIGNAL_TRANSDUCTION",0.0797146020420716,0.951174436258186,0.0548301225441775,0.52304260976269,1.39072087430557,24,"Fbp1/Trim67/Dok1/Kitl/Dhcr24/Rras/Rapgef5/Rgl3"
"GOBP_POSITIVE_REGULATION_OF_PROTEIN_POLYMERIZATION",0.0801164409568409,0.951174436258186,0.0555209399162646,0.558655911865183,1.3993921223087,18,"Alox15/Cdc42ep5/Hck/Slain1"
"GOBP_DEFENSE_RESPONSE_TO_GRAM_NEGATIVE_BACTERIUM",0.0816237450894806,0.951174436258186,0.104651813957764,-0.480453155957619,-1.42789871151218,15,"Umod/Il23r"
"GOBP_COLLAGEN_FIBRIL_ORGANIZATION",0.0823282642894599,0.951174436258186,0.114417265153214,-0.415028387474311,-1.38332984512893,23,"Col3a1/Col1a1/Loxl3/Loxl2/Col5a1/Col5a3/Serpinh1/Comp/Col1a2"
"GOBP_NUCLEAR_EXPORT",0.0842951627545065,0.951174436258186,0.0547397849350589,0.577484416341503,1.3911829727641,15,"Nxf7/Sarnp/Rita1/Ranbp17/Ankle1"
"GOBP_INORGANIC_ION_HOMEOSTASIS",0.0850439882697947,0.951174436258186,0.189706833450518,-0.283031612602435,-1.23664351060791,83,"Umod/Rgn/Plch1/Slc39a7/Chrna7/Scnn1g/Hsp90b1/Slc1a3/Aplnr/Alpl/Tmem178/Cd19/Csrp3"
"GOBP_POSITIVE_REGULATION_OF_LEUKOCYTE_MIGRATION",0.0853333333333333,0.951174436258186,0.0524448692657274,0.503115286426795,1.36746732341877,27,"Tnfsf14/Fpr2/Spn/Tnfrsf18/Ccl7/Kitl/P2ry12/Vegfc/Ccl5"
"GOBP_CELL_CELL_SIGNALING",0.0858585858585859,0.951174436258186,0.0473495919352473,0.349280850444051,1.20840479681605,226,"Kcnmb4/Brsk2/Panx3/Gria1/Vgf/Grin2a/Gabra3/Gad2/Htr7/Ffar4/Drd1/Gabra4/Bglap/Slc18a3/Cacna1e/Gabbr2/Adora2b/Adcyap1/Pcdhb5/Gck/Nr1d1/Epha7/Tshr/Gata3/Bglap2/Bglap3/Fgf22/Prkar2b/Unc13c/Lin7a/Ccl7/Ephb1/Chst4/Fzd2/Slitrk5/Syn2/Gria4/Gnrh1/Itpka/Adora1/Sucnr1/Syt10/Unc119/Slc9b2/Nlgn1/Rbp4/P2rx2/Tnfsf11/Efna1/Ccl5/Kcnc4/Snca/Foxd1/Grp/Grin2c/Sctr/Trhde/Vamp8/Cxcl14/Stab1/Nptx1/Homer1/Ntng1/Il1b/Cacng4/Tmem108/Jph4/Acvr1c/Ano1/Slc4a8/Fam3b/Adipoq/Hap1/C1qa/Uqcc2/Tnf/Gpnmb/Apln/Sncg/Tfap2c/Hmgcr/Clstn3/Trp63/Slc16a10/Stxbp2/Ace/Nnat/Tspoap1"
"GOBP_LEUKOCYTE_DEGRANULATION",0.0863733233045004,0.951174436258186,0.0530558347956872,0.540646702248353,1.38708085877362,20,"Fgr/Adora2b/2610528A11Rik/Hck/Rab27a/Grp/Vamp8/Cd177/Coro1a/Stxbp2/Fcer1a"
"GOBP_CELL_CELL_ADHESION_VIA_PLASMA_MEMBRANE_ADHESION_MOLECULES",0.0867733782645324,0.951174436258186,0.141766537975907,-0.321857596135795,-1.27769800817788,50,"Umod/Cldn11/Cntn2/Cdh24/Lrrc4/Pcdhga7/Lrrc4b/Cdh11/Mag/Ret/Pcdh15/Amigo3"
"GOBP_SODIUM_ION_TRANSMEMBRANE_TRANSPORT",0.0873923811770256,0.951174436258186,0.0510160239838462,0.471339612240512,1.34125006165698,36,"Slc17a1/Slc6a13/Grin2a/Slc34a2/Slc6a20a/Slc13a3/Scn8a"
"GOBP_CELLULAR_RESPONSE_TO_NITROGEN_COMPOUND",0.0874920365258017,0.951174436258186,0.0481595274507768,0.393905144941918,1.27567333353207,93,"Fbp1/Gria1/Grin2a/Htr7/Camp/Drd1/Fpr2/Lcn2/Stc1/Bglap/Gck/Tshr/Gpr21/Irf5/Bglap2/Bglap3/Timeless/Pnpla3/Vcam1/P2ry12/Pklr/Ghr/Foxc2/Fut1/Slc27a4/Igf2/Casp7/Ass1/Insig1/Slc5a5/Il1b/Eef2k/Ahsg/Adipoq"
"GOBP_RESPONSE_TO_HORMONE",0.087636288829459,0.951174436258186,0.0472887835303581,0.367918025395962,1.24016724230449,145,"Fbp1/Gria1/Vgf/Slc34a2/Stc1/Bglap/Scgb1a1/Gck/Nr1d1/Tshr/Ddrgk1/Gpr21/Cldn1/Sp7/Gata3/Esrrg/Cdo1/Bglap2/Bglap3/Ccdc62/Ang/Gcnt1/Sgk1/Pnpla3/Gnrh1/Pklr/Ghr/Rbp4/mt-Cytb/Foxc2/Dhcr24/Pgrmc2/Oxtr/Sox10/Mt3/Fut1/Slc27a4/Igf2/Cited4/Ass1/Insig1/Slc5a5/Il1b/Eef2k/Acvr1c/Ahsg/Adipoq"
"GOBP_POSITIVE_REGULATION_OF_COLD_INDUCED_THERMOGENESIS",0.0882240122746452,0.951174436258186,0.0530144999143884,0.559416697881094,1.3830425777797,17,"Ffar4/Lcn2/Adcyap1/Tshr/Scd1/Esrrg/Gadd45g/Oxtr"
"GOBP_ORGANIC_ACID_METABOLIC_PROCESS",0.0892820407323596,0.951174436258186,0.0468096768126003,0.367515650179622,1.23881092777795,145,"Fbp1/Cbs/Atp6v1b1/Alox15/Gad2/Sardh/Fah/Acot4/Haao/Slc4a1/Gck/Asns/Nr1d1/Gls2/Fads3/Scd1/Ndufs6/Mpo/Sp7/Hacd4/Thnsl2/Cyp1b1/Cdo1/Prkar2b/Cpt1b/Pcx/Fa2h/Alox8/Cyp4f18/Pnpla3/Dbi/Echdc1/Ggt7/Pklr/Elovl4/Ghr/Lipf/Fasn/Sirt2/Snca/Cyp2w1/Aldh1a3/Slc27a4/Noxred1/Ass1/Bckdha/Insig1/N6amt1/Npl/Mccc2/Il1b/Fpgs/Ggt5/Tigar"
"GOBP_RESPONSE_TO_RADIATION",0.0894397728513705,0.951174436258186,0.0483195582060627,0.415257439970417,1.302415338654,69,"Fen1/Grin2a/Drd1/Bbc3/Lcn2/Tulp1/Ivl/Rag1/Mrnip/Fignl1/Gata3/Rad1/Fbxl21/Rad9b/Cpt1b/Ccl7/Rad54b/Vcam1/Elovl4/Unc119/Rbp4/Sema5b/Guca1a/Casp7/Serpinb13/Mapk10"
"GOBP_ACTIN_FILAMENT_POLYMERIZATION",0.0895757575757576,0.951174436258186,0.051090574302609,0.50092975588087,1.36152705150393,27,"Alox15/Cdc42ep5/Vil1/Sptbn4/Ang/Hck"
"GOBP_POSITIVE_REGULATION_OF_UBIQUITIN_DEPENDENT_PROTEIN_CATABOLIC_PROCESS",0.0902697864723181,0.951174436258186,0.0523648460142054,0.557941864939452,1.37939635706242,17,"Trim67/Ddrgk1/Trf/Sirt2"
"GOBP_REGULATION_OF_CHEMOTAXIS",0.0929150763358779,0.951174436258186,0.0496531608165045,0.48384590250223,1.34785177545223,31,"Tnfsf14/Fpr2/Hc/Ccl7/P2ry12/Sucnr1/Vegfc/Ccl5/S1pr1/Ddt"
"GOBP_MONOSACCHARIDE_BIOSYNTHETIC_PROCESS",0.0965700544234907,0.951174436258186,0.0502149116750946,0.546948707327348,1.37006643281621,18,"Fbp1/Nnmt/Gck/Slc25a10/Pcx/Rbp4"
"GOBP_REACTIVE_OXYGEN_SPECIES_METABOLIC_PROCESS",0.0968660968660969,0.951174436258186,0.0473495919352473,0.441709542572113,1.31662446179169,48,"Cbs/Fpr2/Lcn2/Nnt/Gls2/Ndufs6/Mpo/Cyp1b1/Rab27a/Noxo1/mt-Nd2/Sirt2/Snca/Mt3/Hba-a1/Cd177/Tigar/Hp/Tnf"
"GOBP_POSITIVE_REGULATION_OF_CELLULAR_COMPONENT_ORGANIZATION",0.0972928963973133,0.951174436258186,0.0443866736274428,0.353388455160302,1.21125424526222,187,"Trim67/Tnfsf14/Fen1/Alox15/Epgn/Fpr2/Bbc3/Plek/Lcn2/Tulp1/Alkal2/Slc18a3/Myo3b/Cdc42ep5/Vil1/Cldn1/Zdhhc15/Cntnap2/Adgrb3/Slitrk1/Atat1/Ephb1/Slitrk5/Hck/Ncaph/Slain1/P2ry12/Rab27a/Trf/Itpka/Flrt1/Nlgn1/C4b/Sirt2/P3h1/Thbs2/Snca/Tox/Nckipsd/Bub1/Igf2/Ncapg/Casp7/Mien1/Mcrs1/Il1b/Eef2k/Ahsg/Sele/Bicd1/Hap1/Tnf/Apln/Arhgef10/Smc4/Clstn3/Cdk1/Nusap1/Ncapd2/Cd300lf/Grem1/Syt9/Vps28/Gbp5/Tnfrsf12a"
"GOBP_MYELOID_CELL_ACTIVATION_INVOLVED_IN_IMMUNE_RESPONSE",0.0973674266280388,0.951174436258186,0.0498618281870214,0.540490565637988,1.37075866387088,19,"Fgr/Adora2b/2610528A11Rik/Sucnr1/Grp/Vamp8/Cd177/Ptpn6/Tnf/Stxbp2/Fcer1a"
"GOBP_BEHAVIOR",0.097823812513078,0.951174436258186,0.0449347017586579,0.378672264417589,1.25026594515397,114,"Gcnt4/Dmrta1/Fen1/Atp6v1b1/Gria1/Grin2a/Drd1/Morc1/Lcn2/Bglap/Rag1/Hoxd9/Nr1d1/Ldlr/Bglap2/Cntnap2/Adgrb3/Slitrk1/Bglap3/Prkar2b/Sptbn4/Slitrk5/Sgk1/Adora1/Nlgn1/P2rx2/Pou4f1/Snca/Grp/Aldh1a3/Npy1r"
"GOBP_PROTEIN_DEPOLYMERIZATION",0.0984308131241084,0.951174436258186,0.05035804219297,0.568246292037748,1.36892796316041,15,"Plek/Vil1/Sptbn4/Stmn4/Ckap2/Tpx2"
"GOBP_SIGNAL_RELEASE",0.0992779783393502,0.951174436258186,0.0449347017586579,0.389145623631812,1.26025948455436,93,"Kcnmb4/Brsk2/Vgf/Ffar4/Bglap/Slc18a3/Adcyap1/Gck/Nr1d1/Gata3/Bglap2/Bglap3/Unc13c/Lin7a/Syn2/Adora1/Sucnr1/Syt10/Slc9b2/Nlgn1/Rbp4/Tnfsf11/Ccl5/Snca/Foxd1/Grp/Vamp8/Il1b/Acvr1c/Ano1/Slc4a8/Fam3b/Adipoq/Uqcc2/Tnf/Apln/Sncg/Slc16a10/Stxbp2/Nnat/Tspoap1"
"GOBP_ANTIMICROBIAL_HUMORAL_IMMUNE_RESPONSE_MEDIATED_BY_ANTIMICROBIAL_PEPTIDE",0.0998496617389125,0.951174436258186,0.0490409715974691,0.526866733803202,1.36172801044408,21,"Camp/Dmbt1/Ccl7/Ang/Klk7/Ccl5/Ppbp/Cxcl14/Klk1"
"GOBP_PURINE_CONTAINING_COMPOUND_METABOLIC_PROCESS",0.100999247877941,0.951174436258186,0.0448026117999576,0.398343708956078,1.27214400648702,81,"Slc17a1/Fbp1/Atp6v1b1/Acot4/Haao/Nnt/Slc4a1/Gck/Fignl1/Ndufs6/Shpk/mt-Atp6/mt-Atp8/Pcx/Nme7/Pklr/Elovl4/Far2/mt-Nd2/Fasn"
"GOBP_REGULATION_OF_LEUKOCYTE_MIGRATION",0.101880341880342,0.951174436258186,0.0460578909158033,0.438901999190989,1.30825588484947,48,"Tnfsf14/Fpr2/Spn/Hc/2610528A11Rik/Tnfrsf18/Ccl7/Chst4/Gcnt1/Kitl/P2ry12/Adora1/Vegfc/Ccl5/Ddt"
"GOBP_ESTABLISHMENT_OF_ORGANELLE_LOCALIZATION",0.102170576627932,0.951174436258186,0.045014448139004,0.412299988404446,1.28667404997453,66,"Fgr/Ap3b2/Adora2b/Knl1/Ap3m2/2610528A11Rik/Gpsm1/Unc13c/Lin7a/Lmnb2/Rab27a/Nuf2/Nlgn1/Cdca8/Sirt2/Snca/Grp/Vamp8/Mlph/Bicd1/Hap1/Borcs8/Cdk1/Stxbp2/Ccnb1/Ect2/Nusap1"
"GOBP_POSITIVE_REGULATION_OF_SECRETION",0.102483069977427,0.951174436258186,0.0456661013731298,0.431838115583237,1.30206705689583,52,"Ffar4/Fgr/Bglap/Slc18a3/Adora2b/Adcyap1/Gck/Bglap2/Bglap3/Ang/Rab27a/Adora1/Syt10/Nlgn1/Rbp4/Tnfsf11/Vegfc/Snca/Grp/Vamp8/Scamp5/Cd177/Il1b/Rab2b/Ano1/Slc4a8"
"GOBP_POSITIVE_REGULATION_OF_PROTEOLYSIS_INVOLVED_IN_PROTEIN_CATABOLIC_PROCESS",0.103296978814091,0.951174436258186,0.0481595274507768,0.531004437973845,1.36234270693659,20,"Trim67/Ddrgk1/Trf/Sirt2"
"GOBP_MITOTIC_CELL_CYCLE_PROCESS",0.106182655089445,0.951174436258186,0.0429359269874217,0.374878688162766,1.2385034257542,115,"Brsk2/Epgn/Ccnb2/Cdc25c/Kif15/Knl1/Mrnip/Psme2/Gpsm1/Rad9b/Cdk2ap2/Zfyve19/Mastl/Cdkn2c/Ncaph/Nuf2/Unc119/Stox1/Cks2/Donson/Cdca8/Ckap2/Eme1/Tpx2/Sirt2/Gen1/Ccdc61/Cdk10/Mnat1/Mki67/Bub1/Igf2/Ncapg/Aven/Il1b/Ptpn6/Nop53/Tnf/Gpnmb/Slfn9/Cep85/Arl3/Arhgef10/Smc4/Cdk1/Ccnb1/Ect2/Nusap1/Ccnf/Bora/Ncapd2"
"GOBP_CELLULAR_EXTRAVASATION",0.106314432989691,0.951174436258186,0.0481276908996666,0.552641310583086,1.34871474720198,16,"Spn/Chst4/Gcnt1/Vcam1/Cd177/Itgal/Sele/Tnf/Icam1/Selp"
"GOBP_REGULATION_OF_EPITHELIAL_CELL_PROLIFERATION",0.106662290777814,0.951174436258186,0.0439056492517661,0.408802039027441,1.27946976819054,68,"Epgn/St8sia1/Nr1d1/Cldn1/2610528A11Rik/Odam/Gata3/Arx/Ang/Fa2h/Ovol2/Crnn/Vegfc/Serpinb5/Ccl5/Hlx/Sulf2/Fut1/Apoh/Igf2"
"GOBP_CARBOHYDRATE_BIOSYNTHETIC_PROCESS",0.107088100011794,0.951174436258186,0.0456661013731298,0.463584209928408,1.31619854738177,35,"Fbp1/Plek/Nnmt/Gck/Nr1d1/Slc25a10/Pcx/Rbp4/B3galt5/Snca/Fut1/Igf2"
"GOBP_TRANSMISSION_OF_NERVE_IMPULSE",0.107897808325768,0.951174436258186,0.0479063974146957,0.562384571801117,1.35480684551022,15,"Kcnmb4/Gria1/Drd1/Cntnap2/Sptbn4"
"GOBP_FATTY_ACID_BIOSYNTHETIC_PROCESS",0.107953159307148,0.951174436258186,0.0463144910700218,0.496544889163429,1.34041950135122,26,"Alox15/Acot4/Fads3/Scd1/Hacd4/Thnsl2/Fa2h/Alox8/Elovl4/Fasn/Sirt2/Insig1/Il1b/Acot8"
"GOBP_POSITIVE_REGULATION_OF_MONONUCLEAR_CELL_MIGRATION",0.108087583850146,0.951174436258186,0.0472281823651549,0.541208921420494,1.35568868971676,18,"Tnfsf14/Fpr2/Spn/Ccl7/P2ry12/Ccl5"
"GOBP_OXIDATIVE_PHOSPHORYLATION",0.108929007074896,0.951174436258186,0.0460862164815482,0.495441430975643,1.3374407235889,26,"Ndufs6/mt-Atp6/mt-Atp8/mt-Nd2/mt-Cytb/Snca/mt-Co1/1700066M21Rik/mt-Co2/Uqcc3/mt-Co3/Uqcc2/Tnf/Cdk1/Ccnb1"
"GOBP_ICOSANOID_METABOLIC_PROCESS",0.109832502237566,0.951174436258186,0.0470775782332911,0.545797369233479,1.34937159249847,17,"Atp6v1b1/Alox15/Cyp1b1/Alox8/Cyp4f18/Ggt7"
"GOBP_OLEFINIC_COMPOUND_METABOLIC_PROCESS",0.11074419153202,0.951174436258186,0.0448289482319963,0.459844386698061,1.30853910003361,36,"Cyp17a1/Alox15/Bglap/Awat2/Cyp1b1/Bglap2/Bglap3/Alox8/Cyp4f18/Rbp4"
"GOBP_CARBOHYDRATE_DERIVATIVE_METABOLIC_PROCESS",0.112944816915936,0.951174436258186,0.0411525856398984,0.362941473964129,1.21987931607855,140,"Neil2/Fbp1/Gcnt4/Chia1/Atp6v1b1/Galnt2/Slc4a1/Pigz/Gck/St8sia1/Fignl1/Ndufs6/Shpk/Tmem258/mt-Atp6/mt-Atp8/Gk5/Slc25a10/Chst4/Gcnt1/Fa2h/Gxylt2/Nme7/Pklr/mt-Nd2/Rft1/Hs3st6/B3galt5/Adamts13/B3gnt9/Sulf2/Chpf2"
"GOBP_MAMMARY_GLAND_DEVELOPMENT",0.113140475606766,0.951174436258186,0.0452559369048511,0.497841823643057,1.33323874060497,25,"Elf5/Hoxd9/Gata3/Cdo1/Tnfsf11/Fasn/Oxtr/mt-Co2/Apln/Tfap2c/Csn3"
"GOBP_REGULATION_OF_SYNAPSE_STRUCTURE_OR_ACTIVITY",0.113435507327442,0.951174436258186,0.0429594939252289,0.421220426150689,1.2835932728355,56,"Slc18a3/Epha7/Zdhhc15/Adgrb3/Slitrk1/Fgf22/Lin7a/Ephb1/Slitrk5/Itpka/Flrt1/Nlgn1/Efna1/Thbs2/Snca/Nckipsd/Homer1/Eef2k/Nedd8/C1ql3/Tnf/Crmp1/Clstn3"
"GOBP_COGNITION",0.113555158552925,0.951174436258186,0.0428888935597728,0.420059801221218,1.28355876078069,57,"Fen1/Gria1/Grin2a/Drd1/Lcn2/Bglap/Rag1/Ldlr/Bglap2/Cntnap2/Adgrb3/Bglap3/Prkar2b/Sgk1/Adora1"
"GOBP_FATTY_ACID_METABOLIC_PROCESS",0.114560071460473,0.951174436258186,0.0426788844272162,0.419735470136543,1.28256771616295,57,"Atp6v1b1/Alox15/Acot4/Fads3/Scd1/Ndufs6/Hacd4/Thnsl2/Cyp1b1/Prkar2b/Cpt1b/Fa2h/Alox8/Cyp4f18/Pnpla3/Dbi/Echdc1/Elovl4/Fasn/Sirt2/Snca/Slc27a4/Insig1/Il1b/Ggt5/Adipoq/Acot8"
"GOBP_REGULATION_OF_CALCIUM_MEDIATED_SIGNALING",0.116135173726797,0.951174436258186,0.0913212902305258,-0.43479648673504,-1.35156070610184,18,"Rgn/Cd22"
"GOBP_REGULATION_OF_PHOSPHORUS_METABOLIC_PROCESS",0.116222504230118,0.951174436258186,0.0410683665294573,0.381671912399952,1.24158072741977,98,"Fbp1/Diras2/Plek/Fgr/Slc4a1/Adcyap1/Cdc25c/Gck/Epha7/Ddrgk1/Mrnip/Odam/Ldlr/Tnfrsf18/Ang/Adora1/Lcp2/Unc119/Stox1/Efna1/Tpx2/Sirt2/Snca/Mt3/Nprl2/Klhl31/Guca1a/Traf3ip1/Pdcd4/Mmd/Wnk3/Tcim/Ropn1l/Tigar/Nop53/Adipoq/Tnf/Cep85/Apln/Nlrc5/Ect2/Samsn1"
"GOBP_SUPEROXIDE_METABOLIC_PROCESS",0.116353407492648,0.951174436258186,0.0456108467661738,0.54265340156607,1.34159877991769,17,"Cbs/Fpr2/Mpo/Noxo1/Mt3/Cd177"
"GOBP_LYMPHOCYTE_MIGRATION",0.117232859789994,0.951174436258186,0.0445673965109315,0.505915994504293,1.33384623527947,23,"Tnfsf14/Spn/2610528A11Rik/Gata3/Ccl7/Ccl5/S1pr1/Tbx21/Itgal/Coro1a"
"GOBP_ADAPTIVE_THERMOGENESIS",0.11741519350215,0.951174436258186,0.0437071508618789,0.473781190463496,1.31382226507099,30,"Ffar4/Lcn2/Pctp/Adcyap1/Nr1d1/Tshr/Scd1/Esrrg/Gadd45g/Foxc2/Oxtr/Sctr"
"GOBP_VASCULAR_PROCESS_IN_CIRCULATORY_SYSTEM",0.117473970122227,0.951174436258186,0.0424029731264084,0.427822660022604,1.28632387490551,51,"Kcnmb4/Cbs/Slc6a13/Htr7/Drd1/Slc6a20a/Adora2b/Slc13a3"
"GOBP_POSITIVE_REGULATION_OF_CELL_PROJECTION_ORGANIZATION",0.118395088796317,0.951174436258186,0.0414723944801625,0.405685225689535,1.26603120793868,66,"Trim67/Lcn2/Alkal2/Myo3b/Cdc42ep5/Vil1/Zdhhc15/Slitrk1/P2ry12/Itpka/Nlgn1/P3h1/Tox/Nckipsd"
"GOBP_EXPORT_FROM_CELL",0.11869618696187,0.951174436258186,0.0398752096349173,0.35543694216813,1.20415435584584,156,"Kcnmb4/Brsk2/Krt20/Vgf/Ffar4/Plek/Fgr/Bglap/Slc18a3/Adora2b/Adcyap1/Gck/Nr1d1/Tmem163/2610528A11Rik/Gata3/Bglap2/Bglap3/Unc13c/Furin/Lin7a/Ang/Hck/Syn2/Rab27a/Adora1/Sucnr1/Syt10/Slc9b2/Nlgn1/Rbp4/Tnfsf11/Vegfc/Ccl5/P3h1/Snca/Foxd1/Grp/Rab37/Vamp8/Ap1s1/Scamp5/Creb3l1/Cd177/Il1b/Rab2b/Acvr1c/Ano1/Slc4a8/Arfip1/Fam3b/Adipoq/Hap1/Coro1a/Uqcc2/Tnf/Apln/Sncg/Hmgcr/Clstn3/Slc16a10/Stxbp2/Nnat/Tspoap1/Tnfaip2"
"GOBP_REGULATION_OF_CELL_SHAPE",0.119351980761929,0.951174436258186,0.0447238454595963,0.534783244060472,1.33959283878753,18,"Fgr/Cdc42ep5/Vil1/Ccl7/Hck/Ypel4/Cfdp1/Coro1a"
"GOBP_REGULATION_OF_CYTOSKELETON_ORGANIZATION",0.120436784070228,0.951174436258186,0.0405314912401909,0.388845525444542,1.24803672157742,85,"Alox15/Plek/Myo3b/Cdc42ep5/Vil1/Odam/Atat1/Sptbn4/Hck/Cdk2ap2/Rhpn1/Slain1/Stmn4/Nme7/Ckap2/Tpx2/S1pr1/Snca/Schip1/Cdk10/Traf3ip1/Arfip1/Haus5/Bicd1/Coro1a/Arhgef10/Ect2/Ccnf/Bora/Gmfg"
"GOBP_SYNAPSE_ASSEMBLY",0.122641509433962,0.951174436258186,0.0412160410872884,0.421028561284222,1.27615536818387,54,"Gria1/Gabra3/Drd1/Gabra4/Pcdhb5/Epha7/Adgrb3/Slitrk1/Lin7a/Ephb1/Slitrk5/Flrt1/Nlgn1/Thbs2/Pou4f1/Snca/Nckipsd/Nptx1/Eef2k/Nedd8/C1ql3/Crmp1/Clstn3"
"GOBP_ALPHA_BETA_T_CELL_DIFFERENTIATION",0.124803356056633,0.951174436258186,0.0924960508813,-0.393807787652825,-1.3125995289613,23,"Pla2g2d/Tnfsf4/Il23r/Icos/Loxl3/H2-Eb1"
"GOBP_CELL_CYCLE_PHASE_TRANSITION",0.125145950536037,0.951174436258186,0.0394713881731683,0.381525708115776,1.23500007173109,92,"Brsk2/Susd2/Ccnb2/Cdc25c/Knl1/Ddrgk1/Mrnip/Psme2/2610528A11Rik/Rad1/Rad9b/Timeless/Cdk2ap2/Zfyve19/Mastl/Cdkn2c/Nuf2/Stox1/Crnn/Cks2/Donson/Cdca8/Eme1/Sirt2/Gen1/Cdk10/Mnat1/Bub1/Aven/Tcim/Ptpn6/Cdk18/Nop53/Gpnmb/Slfn9/Trp63/Cdk1/Ccnb1/Ccnf"
"GOBP_RESPIRATORY_SYSTEM_DEVELOPMENT",0.125153374233129,0.951174436258186,0.100098503124201,-0.362089551749391,-1.2862945910391,30,"Lama1/Dnaaf3/Col3a1/Hydin/Loxl3/Slc23a1/Chil1/Rpgrip1l/Prox1/Dlx5"
"GOBP_CD4_POSITIVE_ALPHA_BETA_T_CELL_DIFFERENTIATION",0.125948406676783,0.951174436258186,0.0903747338112327,-0.396506778715462,-1.31046968833071,22,"Pla2g2d/Tnfsf4/Il23r/Icos/Loxl3/H2-Eb1"
"GOBP_VASOCONSTRICTION",0.126159793814433,0.951174436258186,0.0438061067672831,0.54356764773251,1.32657057762335,16,"Kcnmb4/Htr7"
"GOBP_ENDOTHELIAL_CELL_DIFFERENTIATION",0.126439691178332,0.951174436258186,0.043317075833437,0.531395926132501,1.33110785559219,18,"Stc1/Cldn1/Fzd2/Fasn/S1pr1/Il1b/Tnf/Ednra/Icam1/Sox18"
"GOBP_VESICLE_ORGANIZATION",0.127145799954223,0.951174436258186,0.0408183330044312,0.432037524329607,1.27759508374715,46,"Atp6v1b1/Agfg2/Ap3b2/Knl1/Rnf26/Ap3m2/Rab34/Zdhhc15/Hps1/Rab27a/Rfx2/Snca/Vamp8/Ap1s1/Pfn4/Insig1"
"GOBP_DEVELOPMENTAL_PROCESS_INVOLVED_IN_REPRODUCTION",0.128617363344051,0.951174436258186,0.229089382980959,-0.240183477069757,-1.14105776674152,141,"Spag16/Cldn11/Celf3/Cftr/Tdrd9/Lrp2/Ccno/Dnaaf3/Ttc12/Krt8/Cfap206/Nup210l/Iqcg/Fkbp4/E2f8/Alpl/Wfdc2/Catsperz/Rsph1/Tex15"
"GOBP_POSITIVE_REGULATION_OF_MRNA_METABOLIC_PROCESS",0.129637712789175,0.951174436258186,0.082532787767263,-0.445675176591199,-1.32453914084326,15,"Celf3/Zc3h12d"
"GOBP_ACTIN_FILAMENT_BASED_PROCESS",0.131092787809206,0.951174436258186,0.038074588399225,0.366702362766978,1.21506399166522,119,"Brsk2/Alox15/Plek/Stc1/Myo3b/Tmsb10/Cdc42ep5/Vil1/Scn8a/Odam/Myl9/Sptbn4/Ang/Hck/Rhpn1/Myl6/Itpka/Adora1/Dsc2/Kcnc3/Cyth2/S1pr1/Tesk2/Cdk10"
"GOBP_NEUROINFLAMMATORY_RESPONSE",0.132975322848741,0.951174436258186,0.042357435191323,0.534187888447032,1.32066954214068,17,"Fpr2/Nr1d1/Ldlr/Cst7/Snca/Il1b/C1qa/Tnf/Gnat2"
"GOBP_SKIN_EPIDERMIS_DEVELOPMENT",0.133021136564992,0.951174436258186,0.042109215724516,0.527624073907759,1.32165964216114,18,"Flg2/Krt25/Krt27/Cldn1/Fa2h"
"GOBP_REGULATION_OF_ALPHA_BETA_T_CELL_ACTIVATION",0.13371788148925,0.951174436258186,0.0892755851408452,-0.387941119932529,-1.29304535677967,23,"Card11/Tnfsf4/Il23r/Loxl3/H2-Eb1"
"GOBP_XENOBIOTIC_METABOLIC_PROCESS",0.134320987654321,0.951174436258186,0.0863599961425958,-0.407116874364744,-1.30784966760919,20,"Sult1c1/Gsto2/Cyp2f2/Acaa1a/Abcb11/Cyp2r1"
"GOBP_ALPHA_AMINO_ACID_METABOLIC_PROCESS",0.134449817195424,0.951174436258186,0.0402297996453422,0.449614188957349,1.27942791779016,36,"Cbs/Gad2/Sardh/Fah/Haao/Asns/Gls2/Thnsl2/Cdo1"
"GOBP_REGULATION_OF_ACTIN_FILAMENT_POLYMERIZATION",0.136323987538941,0.951174436258186,0.0411737096254411,0.502719623363224,1.31167283716935,22,"Alox15/Cdc42ep5/Vil1/Sptbn4/Hck"
"GOBP_REGULATION_OF_ANATOMICAL_STRUCTURE_SIZE",0.137202027828713,0.951174436258186,0.0377996460819896,0.388237478830572,1.23555361921124,78,"Kcnmb4/Cbs/Alox15/Htr7/Drd1/Plek/Adora2b/Myo3b/Epha7/Cdc42ep5/Vil1/Sptbn4/Hck/Kel/Adora1"
"GOBP_B_CELL_PROLIFERATION",0.137283950617284,0.951174436258186,0.0853949304825912,-0.404894242274041,-1.30070953458086,20,"Card11/Cd22/Cd19/Cd320/Ephb2/Gapt"
"GOBP_MONONUCLEAR_CELL_MIGRATION",0.138026224982747,0.951174436258186,0.0390777501597469,0.432202374851753,1.26816636860939,43,"Tnfsf14/Fpr2/Spn/Hc/2610528A11Rik/Gata3/Ccl7/Cxcr2/P2ry12/Tnfsf11/Ccl5/S1pr1/Ddt/Tbx21/Itgal/Coro1a/Tnf"
"GOBP_HEMATOPOIETIC_PROGENITOR_CELL_DIFFERENTIATION",0.138052651467439,0.951174436258186,0.0411314894003624,0.519537380772622,1.31761849544632,19,"Wdr38/Plek/Sp7/Gata3/Kitl/Ankle1/Sipa1l3/Ptpn6/Ace/Tcf15/Esco2/Mlf1"
"GOBP_REGULATION_OF_B_CELL_ACTIVATION",0.138698630136986,0.951174436258186,0.0915140765993025,-0.365805746937795,-1.26850908396111,27,"Card11/Tnfsf4/Cd22/Slamf8/Cd19/Cd320/Ephb2/Cd27"
"GOBP_ACTIN_MEDIATED_CELL_CONTRACTION",0.138816199376947,0.951174436258186,0.0407564308684108,0.501102370317201,1.30745317516947,22,"Stc1/Vil1/Scn8a/Myl6/Adora1/Dsc2"
"GOBP_TUMOR_NECROSIS_FACTOR_MEDIATED_SIGNALING_PATHWAY",0.14009900990099,0.951174436258186,0.0846140864395758,-0.394553759442204,-1.29201923236186,21,"Umod/Krt8"
"GOBP_NEGATIVE_REGULATION_OF_INFLAMMATORY_RESPONSE",0.140450771055753,0.951174436258186,0.0393767579926886,0.454483998634937,1.27850393188958,33,"Ffar4/Fpr2/Fgr/Spn/Nr1d1/Gata3/Ldlr/Furin/Hck/Cst7/Adora1"
"GOBP_CELLULAR_RESPIRATION",0.142023573345781,0.951174436258186,0.0387662484583825,0.439772745347315,1.2688778029458,39,"Nnt/Ndufs6/mt-Atp6/mt-Atp8/Hccs/mt-Nd2/mt-Cytb/Mtfr2/Snca/mt-Co1/1700066M21Rik/mt-Co2/Uqcc3/Nop53/mt-Co3/Uqcc2/Tnf/Cdk1/Ccnb1"
"GOBP_POLYSACCHARIDE_METABOLIC_PROCESS",0.142393982622228,0.951174436258186,0.041089379907776,0.544469920422585,1.31164973640811,15,"Chia1/Gck/Nr1d1/Mgam"
"GOBP_REGULATION_OF_CELL_CYCLE_PROCESS",0.143434971997511,0.951174436258186,0.0360192234752379,0.3595023031861,1.19980898497677,129,"Fen1/Epgn/Susd2/Cdc25c/Knl1/Ddrgk1/Mrnip/Psme2/2610528A11Rik/Rad1/Rad9b/Timeless/Cep131/Cdk2ap2/Zfyve19/Cdkn2c/Ncaph/Nuf2/Stox1/Crnn/Donson/Cdca8/Eme1/Tpx2/Sirt2/Gen1/Cdk10/Mnat1/Mki67/Bub1/Igf2/Ncapg/Aven/Tcim/Il1b/Ptpn6/Cdk18/Nop53/Tnf/Gpnmb/Slfn9/Cep85/Smc4/Trp63/Cdk1/Ccnb1/Ect2/Nusap1/Ccnf/Bora/Ncapd2"
"GOBP_CARBOHYDRATE_METABOLIC_PROCESS",0.143558544134913,0.951174436258186,0.0366051247216999,0.379245466824943,1.22327049988391,89,"Fbp1/Gcnt4/Chia1/Plek/Slc4a1/Nnmt/Gck/St8sia1/Amy1/Nr1d1/Mgam/Shpk/Gk5/Slc25a10/Chst4/Pcx/Pklr/Rbp4/B3galt5/Snca/Fut1/Npy1r/Igf2/Gusb/Aldh2/Glyctk/Npl/Tigar/Lancl3/A3galt2/Adipoq/Tnf/Chst12/B4galt5/Clstn3"
"GOBP_MALE_SEX_DIFFERENTIATION",0.145787139689579,0.951174436258186,0.0878685871563087,-0.3644270281527,-1.25608376926797,26,"Lrp2/Ccno/Dnaaf3/Nup210l/Fkbp4/Sox8/Akr1c18/Fndc3a"
"GOBP_ACTIN_FILAMENT_BASED_MOVEMENT",0.146016059295862,0.951174436258186,0.0394145411934656,0.491843729290507,1.29674474376474,23,"Stc1/Vil1/Scn8a/Myl6/Adora1/Dsc2"
"GOBP_MAST_CELL_ACTIVATION",0.146017133358906,0.951174436258186,0.0401900048998496,0.526775876145959,1.30234486817539,17,"Fgr/Adora2b/2610528A11Rik/Lcp2/Grp/Vamp8/Ptpn6/Stxbp2/Cd300lf/Fcer1a"
"GOBP_NEGATIVE_REGULATION_OF_ORGANELLE_ORGANIZATION",0.147707034728406,0.951174436258186,0.036890942579715,0.4062716978384,1.24462620466745,58,"Knl1/Vil1/Rad1/Sptbn4/Rhpn1/Nuf2/Cdca8/Ckap2/Tpx2/S1pr1/Snca/Schip1/Gen1/Cdk10/Bub1/Mcrs1/Coro1a/Clstn3/Ten1/Ccnb1/Ccnf/Kif24/Gmfg"
"GOBP_ESTABLISHMENT_OR_MAINTENANCE_OF_CELL_POLARITY",0.148328860697731,0.951174436258186,0.0387843992887662,0.475555268672216,1.28375816569679,26,"Brsk2/Sfrp5/Spn/Gata3/Gpsm1/Ephb1"
"GOBP_RESPONSE_TO_ABIOTIC_STIMULUS",0.148556962025316,0.951174436258186,0.0348015796932357,0.338082507813471,1.16600214146249,209,"Fbp1/Cbs/Tnfsf14/Fen1/Gria1/Vgf/Grin2a/Drd1/Bbc3/Lcn2/Pcsk1n/Stc1/Tulp1/Bglap/Ivl/Rag1/St8sia1/Mrnip/Fignl1/Mpo/Gata3/Bglap2/Cntnap2/Rad1/Fbxl21/mt-Atp6/Bglap3/Ccdc115/Rad9b/Cpt1b/Ccl7/Atat1/Ephb1/Ang/Timeless/Smpd2/Rad54b/Vcam1/Adora1/Pklr/Elovl4/Unc119/mt-Nd2/Crnn/Ghr/Rbp4/P2rx2/Vegfc/mt-Cytb/Sirt2/Cradd/Hif3a/Sema5b/Mt3/Guca1a/Plin1/mt-Co1/Casp7/Serpinb13/Mapk10/Wnk3/Tcim/Il1b/Kcnk4/Eef2k/Alas2/Ano1/mt-Co2/Tigar/Tsc22d2/Nfkbia/Nop53/Adipoq"
"GOBP_PROTEINOGENIC_AMINO_ACID_METABOLIC_PROCESS",0.148848484848485,0.951174436258186,0.0385679879229386,0.470886297027323,1.27986893183819,27,"Cbs/Gad2/Fah/Haao/Asns/Gls2/Cdo1"
"GOBP_REGULATION_OF_CD4_POSITIVE_ALPHA_BETA_T_CELL_ACTIVATION",0.148976677772489,0.951174436258186,0.0803258897498862,-0.414434861532063,-1.28826678957696,18,"Card11/Tnfsf4/Il23r/Loxl3/H2-Eb1"
"GOBP_ORGANELLE_LOCALIZATION",0.149672289674439,0.951174436258186,0.0358688289733687,0.382562147215834,1.22174426694181,81,"Brsk2/Plek/Fgr/Ap3b2/Adora2b/Knl1/Ap3m2/Rab34/2610528A11Rik/Gpsm1/Unc13c/Lin7a/Syn2/Lmnb2/Rab27a/Aspm/Nuf2/Nlgn1/Cdca8/Sirt2/Snca/Grp/Vamp8/Cep290/Mlph/Bicd1/Hap1/Borcs8/Cdk1/Stxbp2/Ccnb1/Ect2/Nusap1"
"GOBP_INORGANIC_ANION_TRANSMEMBRANE_TRANSPORT",0.150545454545455,0.951174436258186,0.0383193002410292,0.470281855753492,1.27822606048606,27,"Slc17a1/Gabrq/Gabra3/Gabra4/Slc4a1"
"GOBP_MACROPHAGE_ACTIVATION",0.152727272727273,0.951174436258186,0.0380053855849536,0.469440499511454,1.27593925426216,27,"Fpr2/Nr1d1/Shpk/Ldlr/Cst7/Sucnr1/Snca/C1qa/Cd93/Tnf"
"GOBP_ACTION_POTENTIAL",0.153132802282725,0.951174436258186,0.0375295975721658,0.452829333261876,1.26887119518715,32,"Kcnmb4/Gria1/Drd1/Scn8a/Kcns1/Dsc2/Kcnc3/Kcnc4"
"GOBP_RIBOSE_PHOSPHATE_METABOLIC_PROCESS",0.153261486103233,0.951174436258186,0.0365110590073531,0.416226105396487,1.2477060256617,50,"Fbp1/Atp6v1b1/Slc4a1/Gck/Fignl1/Ndufs6/mt-Atp6/mt-Atp8/Nme7/Pklr/mt-Nd2"
"GOBP_POSITIVE_REGULATION_OF_VASCULATURE_DEVELOPMENT",0.153644123440578,0.951174436258186,0.0933040495921608,-0.330549964950152,-1.22364623904166,36,"Angpt4/Chrna7/Aplnr/Angptl4"
"GOBP_PHOSPHORUS_METABOLIC_PROCESS",0.153645310303274,0.951174436258186,0.0339512894340968,0.326481690512848,1.14228044802578,293,"Neil2/Fbp1/Diras2/Brsk2/Atp6v1b1/Alox15/Plek/Ppm1m/Acot4/Fgr/Mast1/Haao/Nnt/Slc4a1/Adcyap1/Tnfaip8l3/Pigz/Cdc25c/Gck/Epha7/Ddrgk1/Mrnip/Fignl1/Tmem86b/Ndufs6/Shpk/Sp7/Odam/Pik3c2g/Ldlr/mt-Atp6/mt-Atp8/Gk5/Plppr3/Slc25a10/Tec/Tnfrsf18/Ephb1/Pcx/Ang/Hck/Smpd2/Sgk1/Alox8/Pnpla3/Dbi/Itpka/Adora1/Nme7/Pklr/Lcp2/Elovl4/Far2/Unc119/Stox1/mt-Nd2/Mtmr7/Pla2g12b/Fasn/Efna1/Tpx2/Sirt2/Map3k21/Snca/Tesk2/Cdk10/Cyp2w1/Mt3/Nprl2/Klhl31/Guca1a/Traf3ip1/Nudt17/Pdcd4/Mmd/Mapk10/Wnk3/Glyctk/Stk26/Fdps/Tcim/Mccc2/Ropn1l/Ptpn6/Eef2k/Acvr1c/Tigar/Pdxk/Mvd/Uqcc3/Nop53/Adipoq/Acot8/Nmnat2/Tnf/Cep85/Apln"
"GOBP_CENTRAL_NERVOUS_SYSTEM_DEVELOPMENT",0.154271665642286,0.951174436258186,0.0342692803320296,0.347536296779246,1.1780372315719,157,"Pou3f3/Brsk2/Cbs/Gria1/Grin2a/Drd1/Fpr2/Gabra4/Mast1/Bglap/Nr1d1/Epha7/Ccdc141/Ldlr/Bglap2/Cntnap2/Rad1/Arx/Bglap3/Atat1/Ephb1/Sptbn4/Slitrk5/Fa2h/Cdkn2c/P2ry12/Aspm/Pcdh9/Nme7/Mafb/Efna1/Vps51/Sirt2/Pou4f1/S1pr1/Tox/Sox10/Mnat1/Aldh1a3/Grin2c/Fut1/Gsc/mt-Co1"
"GOBP_NEGATIVE_REGULATION_OF_NUCLEAR_DIVISION",0.154324990273635,0.951174436258186,0.0392639551356622,0.538961348321571,1.29837936669022,15,"Knl1/Rad1/Nuf2/Cdca8/Gen1/Bub1"
"GOBP_RESPONSE_TO_NUTRIENT",0.154567022538553,0.951174436258186,0.0372807383739711,0.449425580687016,1.26427415206238,33,"Cbs/Stc1/Bglap/Nnt/Bglap2/Bglap3/Vcam1/Pklr/Mafb/Fasn/mt-Cytb/Slc27a4/Ass1"
"GOBP_REGULATION_OF_GENERATION_OF_PRECURSOR_METABOLITES_AND_ENERGY",0.155528103767758,0.951174436258186,0.0380226568364937,0.487592684647363,1.28553687535406,23,"Fbp1/Slc4a1/Gck/Snca/Igf2/Tigar/Nop53/Uqcc2/Tnf/Cdk1/Ccnb1"
"GOBP_VITAMIN_METABOLIC_PROCESS",0.155899626268019,0.951174436258186,0.0832590466084807,-0.371121390401865,-1.25192063305521,24,"Mthfs/Lrp2/Gsto2/Alpl/Cd320/Cyp2r1/Akr1c18"
"GOBP_REGULATION_OF_CHROMOSOME_ORGANIZATION",0.156563866241286,0.951174436258186,0.0369230408146938,0.446396207890696,1.26161868159457,34,"Fen1/Knl1/Ncaph/Nuf2/Cdca8/Gen1/Bub1/Ncapg/Mcrs1/Smc4/Ten1/Cdk1/Ccnb1/Ncapd2"
"GOBP_CARBOHYDRATE_DERIVATIVE_BIOSYNTHETIC_PROCESS",0.156763726227571,0.951174436258186,0.0349132468253096,0.38075767871447,1.21598154561023,81,"Gcnt4/Galnt2/Pigz/St8sia1/Ndufs6/Tmem258/mt-Atp6/mt-Atp8/Gk5/Slc25a10/Chst4/Gcnt1/Fa2h/Gxylt2/Nme7/mt-Nd2/Rft1/Hs3st6/B3galt5/B3gnt9/Chpf2/Fut1/Il1b/Uqcc3/A3galt2/Acot8/Chst12/B4galt5/Ndst2/Large2"
"GOBP_B_CELL_DIFFERENTIATION",0.157055214723926,0.951174436258186,0.0890961354495908,-0.34765085370406,-1.23500225435712,30,"Card11/Slc39a7/Pou2af1/Slamf8/Cd19"
"GOBP_REGULATION_OF_CELL_CYCLE_PHASE_TRANSITION",0.157138260216668,0.951174436258186,0.0348294155746012,0.380119717554342,1.21561490395678,82,"Susd2/Cdc25c/Knl1/Ddrgk1/Mrnip/Psme2/2610528A11Rik/Rad1/Rad9b/Timeless/Cdk2ap2/Zfyve19/Cdkn2c/Nuf2/Stox1/Crnn/Donson/Cdca8/Eme1/Sirt2/Gen1/Cdk10/Mnat1/Bub1/Aven/Tcim/Ptpn6/Cdk18/Nop53/Gpnmb/Slfn9/Trp63/Cdk1/Ccnb1"
"GOBP_MRNA_PROCESSING",0.15838247683235,0.951174436258186,0.104367053045525,-0.29686881309539,-1.17849849043823,50,"Celf3/Elavl4/Zfp473"
"GOBP_SMOOTH_MUSCLE_CELL_PROLIFERATION",0.158606865447256,0.951174436258186,0.0379021677023624,0.497542216042813,1.28593651581158,21,"Ang/Ccl5/S1pr1/Mnat1/Pdcd4/Adipoq/Tnf/Apln/Stat1/Rbpms2/Tert/Thbs1/Calcrl/Cdkn1a/Tnfaip3/Ddr2"
"GOBP_ERK1_AND_ERK2_CASCADE",0.158844353088957,0.951174436258186,0.0358987850072238,0.419549723576751,1.2448002095803,47,"Alox15/Ffar4/Fpr2/Alkal2/Adcyap1/Tnfaip8l3/Epha7/Ephb1/Tnfsf11/Mt3/Ddt/Rras/Il1b/Ptpn6/Adipoq/Tnf/Gpnmb/Hmgcr/Spry4/Cdk1"
"GOBP_ACIDIC_AMINO_ACID_TRANSPORT",0.159512384904682,0.951174436258186,0.038532213432583,0.536559323312711,1.29259279271884,15,"Slc7a13/Slc6a13/Adora1/Snca/Slc7a14/Tnf/Gnat2"
"GOBP_REGULATION_OF_HORMONE_LEVELS",0.15984343594626,0.951174436258186,0.0342024449747538,0.36900155635421,1.2012095884766,99,"Cyp17a1/Gcnt4/Brsk2/Vgf/Ffar4/Pcsk1n/Awat2/Adcyap1/Gck/Nr1d1/Gata3/Cyp1b1/Furin/Adora1/Slc9b2/Ghr/Rbp4/Tnfsf11/Ccl5/Foxd1/Grp/Cyp2w1/Aldh1a3/Vamp8/Slc5a5/Il1b/Acvr1c/Ano1/Fam3b/Adipoq/Uqcc2/Tnf/Cyp3a13/Apln/Ndst2/Slc16a10/Ace/Nnat"
"GOBP_B_CELL_MEDIATED_IMMUNITY",0.162971175166297,0.951174436258186,0.0829663391489805,-0.360371841159564,-1.2421066101389,26,"Tnfsf4/Il2rb/Fcgr1/Cd19/Irf7/C7/Cd27"
"GOBP_REGULATION_OF_CELLULAR_COMPONENT_BIOGENESIS",0.163149768399382,0.951174436258186,0.0332483742936268,0.348951913846201,1.17657691745221,147,"Alox15/Bbc3/Plek/Tmc8/Myo3b/Epha7/Cdc42ep5/Vil1/Cldn1/Cntnap2/Adgrb3/Slitrk1/Lin7a/Atat1/Ephb1/Sptbn4/Slitrk5/Hck/Rhpn1/Slain1/P2ry12/Nme7/Flrt1/Nlgn1/Sirt2/Thbs2/S1pr1/Snca/Nckipsd/Cdk10/Traf3ip1/Mien1/Il1b/Eef2k/Nedd8/Nop53/Haus5/Hap1/Coro1a/Tnf/Crmp1/Arhgef10/Clstn3/Ect2/Ace/Kif24/Caskin1/Osbpl2/Grem1/Icam1/Gbp5/Pld1/Irgm2/Lrfn1/Ppp1r35/Selp/Ikbke"
"GOBP_REGULATION_OF_CELL_CYCLE",0.163790462575309,0.951174436258186,0.0330134770815452,0.341455816003312,1.16615297374791,177,"Fen1/Epgn/Susd2/Adcyap1/Cdc25c/Knl1/Asns/Ddrgk1/Mrnip/Fignl1/Psme2/2610528A11Rik/Thap1/Gata3/Rad1/Rad9b/Timeless/Cep131/Cdk2ap2/Zfyve19/Alox8/Mastl/Cdkn2c/Ncaph/Aspm/Nuf2/Ovol2/Stox1/Crnn/Ccpg1/Cks2/Donson/Cdca8/Gadd45g/Eme1/Tpx2/Sirt2/Pou4f1/Gen1/Cdk10/Mnat1/Mki67/Bub1/Igf2/Ncapg/Aven/Mcrs1/Tcim/Il1b/Ptpn6/Cdk18/Anapc10/Tsc22d2/Nop53/Tnf/Gpnmb/Slfn9/Cep85/Smc4/Trp63/Cdk1/Ccnb1/Ect2/Nusap1/Ccnf/Bora/Ncapd2"
"GOBP_REGULATION_OF_ACTIN_FILAMENT_BASED_PROCESS",0.165449313855688,0.951174436258186,0.0344174271530624,0.396436827642907,1.22293113107844,61,"Alox15/Plek/Stc1/Myo3b/Cdc42ep5/Vil1/Odam/Sptbn4/Hck/Rhpn1/Adora1/Dsc2/S1pr1/Cdk10"
"GOBP_PEPTIDE_TRANSPORT",0.166251697600724,0.951174436258186,0.034773797441902,0.410677537853044,1.23477405754962,51,"Brsk2/Vgf/Ffar4/Adcyap1/Slc13a3/Gck/Nr1d1/Adora1/Slc9b2/Rbp4/Tnfsf11/Ccl5/Mgst1/Grp/Cd209b/Il1b/Acvr1c/Ano1/Fam3b/Uqcc2/Tnf/Apln/Slc16a10/Nnat"
"GOBP_NEUROTRANSMITTER_TRANSPORT",0.167966062829626,0.951174436258186,0.0348294155746012,0.419875142725964,1.23860441136749,45,"Kcnmb4/Gabrq/Slc6a13/Drd1/Bglap/Slc18a3/Bglap2/Bglap3/Unc13c/Lin7a/Syn2/Syt10/Nlgn1"
"GOBP_RECOMBINATIONAL_REPAIR",0.168359032217626,0.951174436258186,0.0366366127360231,0.497614531848423,1.27667770709434,20,"Fen1/Tonsl/Mrnip/Fignl1/Timeless/Rad54b/Ankle1/Gen1/Fus/Ube2n/Rif1/Swi5"
"GOBP_POSITIVE_REGULATION_OF_INTRACELLULAR_SIGNAL_TRANSDUCTION",0.169288925214548,0.951174436258186,0.032378378945755,0.340694762053686,1.16241971617481,174,"Diras2/Tnfsf14/Alox15/Ffar4/Epgn/Drd1/Fpr2/Bbc3/Fgr/Alkal2/Rtkn2/Adora2b/Adcyap1/Tnfaip8l3/Knl1/Ddrgk1/Clec4d/Gata3/Fgf22/Ticam2/Atat1/Alox8/S100a4/Kitl/P2ry12/Lamtor2/Adora1/Stox1/Nlgn1/Dsc2/Ghr/P2rx2/Cdca8/Tnfsf11/Efna1/Gadd45g/Ccl5/Schip1/Gen1/Cdk10/Mt3/Ddt/Guca1a/Wnt16/Igf2/Gdf6/Pdcd4/Lgals1/Tcim/Il1b/Ptpn6/Hic1/Adipoq/Rasgef1a/Ube2n/Tnf/Gpnmb/Arhgef10/Cth/Ect2/Rundc3a/Ednra/Tbk1/Mcf2l/Pim2/Grem1/Icam1/Gbp5"
"GOBP_LEARNING",0.169675530617224,0.951174436258186,0.0358987850072238,0.466612873083629,1.25961823052208,26,"Gria1/Grin2a/Drd1/Rag1/Cntnap2/Adgrb3/Prkar2b"
"GOBP_CHONDROCYTE_DIFFERENTIATION",0.170383586083854,0.951174436258186,0.0724404674044223,-0.416516873414434,-1.26193627030161,16,"Wnt9a/Col3a1/Cytl1/Loxl2/Serpinh1/Comp"
"GOBP_REGULATION_OF_MACROAUTOPHAGY",0.171244146310594,0.951174436258186,0.0364798357316103,0.51102913400645,1.28009053374422,18,"Atp6v1b1/Ddrgk1/Gpsm1/Tigar/Nrbp2/Sptlc1/Tbk1/Pim2/Irgm2"
"GOBP_DNA_REPAIR",0.171329051921193,0.951174436258186,0.0333861850760725,0.384364855246483,1.21092270152214,72,"Neil2/Fen1/Tonsl/Mrnip/Fignl1/Rad1/Ggn/Rad9b/Timeless/Rfc4/Tex264/Rad54b/Exo5/Rnaseh2c/Ankle1/Eme1/Gen1/Mnat1/Taf5l/Fus/Mcrs1/Tigar/Nop53/Ube2n/Rif1/Swi5/Cdk1/Faap24/Vcpip1/4930447C04Rik/Esco2/Atrip"
"GOBP_HORMONE_METABOLIC_PROCESS",0.171418677132633,0.951174436258186,0.0345534485302443,0.42252135684294,1.23436877650424,42,"Cyp17a1/Gcnt4/Pcsk1n/Awat2/Gata3/Cyp1b1/Furin/Ghr/Rbp4/Cyp2w1/Aldh1a3"
"GOBP_REGULATION_OF_MITOTIC_CELL_CYCLE",0.171888412017167,0.951174436258186,0.0330380185456275,0.375802814938834,1.20246853916487,83,"Epgn/Cdc25c/Knl1/Asns/Mrnip/Psme2/Thap1/Rad9b/Cdk2ap2/Zfyve19/Mastl/Cdkn2c/Nuf2/Stox1/Cks2/Donson/Cdca8/Eme1/Sirt2/Gen1/Cdk10/Mnat1/Mki67/Bub1/Igf2/Aven/Il1b/Ptpn6/Anapc10/Nop53/Tnf/Gpnmb/Slfn9/Cdk1/Ccnb1/Nusap1/Bora/Pim2"
"GOBP_REGULATION_OF_MONONUCLEAR_CELL_MIGRATION",0.174868609651218,0.951174436258186,0.0348433536834516,0.450010234641046,1.24790404870829,30,"Tnfsf14/Fpr2/Spn/Hc/2610528A11Rik/Ccl7/P2ry12/Ccl5/Ddt"
"GOBP_EXTERNAL_ENCAPSULATING_STRUCTURE_ORGANIZATION",0.176470588235294,0.951174436258186,0.126448470699906,-0.269711359322729,-1.16490236117185,78,"Lama1/Myf5/Adamts18/Col8a2/Serac1/Adamts15/Col3a1/Col1a1/Loxl3/Loxl2/Col5a1/Col5a3/Try5/Serpinh1/Adamtsl4/Vwa1/Comp/Matn3"
"GOBP_RIBOSOME_BIOGENESIS",0.177698695136418,0.951174436258186,0.0343768711554883,0.441019432411848,1.24062690891603,33,"Zfp593/Pin4/Fam207a/Exosc2/Nop58/Rpl38/Rpusd4/Mrm1/Rps17/Rrp36/Rps23/Nop53/Rps9/Rps25/Rpusd1/Rpl11/Nhp2/Rnasel/Rps28/Xpo1"
"GOBP_POSITIVE_REGULATION_OF_PROGRAMMED_CELL_DEATH",0.177872795296633,0.951174436258186,0.0322966273283658,0.371699541405214,1.19484270396431,86,"Tnfsf14/Grin2a/Bbc3/Lcn2/Tmc8/Epha7/Irf5/Cyp1b1/Dhcr7/Rnf122/Tnfsf11/Gadd45g/Ccl5/Pnma1/Sirt2/Cradd/Pou4f1/Snca/Aldh1a3/Slc27a4/Casp7/Pdcd4/Lgals1/Ifi204/Acvr1c/Tigar/Adipoq/Tnf"
"GOBP_ORGANOPHOSPHATE_METABOLIC_PROCESS",0.178156786191308,0.951174436258186,0.0315047269846711,0.344705735134272,1.16514957565687,152,"Neil2/Fbp1/Atp6v1b1/Alox15/Plek/Acot4/Haao/Nnt/Slc4a1/Tnfaip8l3/Pigz/Gck/Fignl1/Tmem86b/Ndufs6/Shpk/Pik3c2g/Ldlr/mt-Atp6/mt-Atp8/Gk5/Plppr3/Slc25a10/Pcx/Smpd2/Alox8/Pnpla3/Dbi/Itpka/Nme7/Pklr/Elovl4/Far2/mt-Nd2/Mtmr7/Pla2g12b/Fasn"
"GOBP_ORGANIC_ACID_TRANSPORT",0.180368098159509,0.951174436258186,0.11831785640414,-0.27215105125891,-1.16640682331476,72,"Umod/Pla2g2d/Slc22a2/Lrp2/Slc13a2/Slc1a3/Slc25a20/Slc6a12/Abcb11/Ucp2"
"GOBP_SMALL_GTPASE_MEDIATED_SIGNAL_TRANSDUCTION",0.180396017941144,0.951174436258186,0.0324724039604577,0.384427305618128,1.20318165920969,68,"Fbp1/Trim67/Rab9b/Dok1/Cdc42ep5/Kitl/Garnl3/Dhcr24/Sipa1l3/Dock3/Cyth2/Rras/Rapgef5/Rgl3/Tagap/Rasgef1a/Arl3/Arhgef10/Spry4/Ect2/Rundc3a/Cyth4/Mcf2l"
"GOBP_ENDOTHELIAL_CELL_PROLIFERATION",0.181705809641533,0.951174436258186,0.0829663391489805,-0.335745130905837,-1.20249296604741,31,"Angpt4/Col8a2/Aplnr/Loxl2"
"GOBP_CELL_ADHESION_MEDIATED_BY_INTEGRIN",0.181941198179358,0.951174436258186,0.0346356843186521,0.470962723252161,1.25224537737709,24,"Lpxn/Cyp1b1/Vcam1/P2ry12/Efna1/Foxc2/Ccl5/Itga10/Ptpn6/Itgal"
"GOBP_CELL_PROJECTION_ASSEMBLY",0.182156133828996,0.951174436258186,0.145392780236481,-0.252930334387693,-1.13696021643932,100,"Spag16/Ccno/Dnaaf3/Ttc12/Cfap206/Iqcg/Rsph9/Hydin/Ccdc103/Rsph1/Ubxn10/Elmod3/Ephb2/Ccdc159"
"GOBP_REGULATION_OF_ORGANELLE_ORGANIZATION",0.183192075972634,0.951174436258186,0.0308606593896151,0.337733072975625,1.1534389192531,177,"Fen1/Alox15/Epgn/Bbc3/Plek/Cdc25c/Knl1/Myo3b/Cdc42ep5/Vil1/Odam/Rad1/Atat1/Sptbn4/Hck/Cdk2ap2/Rhpn1/Ncaph/Slain1/Stmn4/Nme7/Nuf2/Stox1/Cdca8/Ckap2/Tpx2/Sirt2/S1pr1/Snca/Schip1/Gen1/Cdk10/Mki67/Bub1/Igf2/Ncapg/Traf3ip1/Mcrs1/Il1b/Arfip1/Haus5/Bicd1/Hap1/Coro1a/Tnf/Arhgef10/Smc4/Clstn3/Ten1/Cdk1/Ccnb1/Ect2/Nusap1/Ccnf/Bora/Ncapd2/Kif24/Gmfg/Caskin1/Syt9"
"GOBP_ESTABLISHMENT_OF_PROTEIN_LOCALIZATION_TO_MEMBRANE",0.183481152993348,0.951174436258186,0.0780352840716953,-0.351635549967411,-1.21199492049368,26,"Umod/Grin3b/Hspa5/Srp54a/Tram1l1/Emc9"
"GOBP_RESPONSE_TO_ENDOPLASMIC_RETICULUM_STRESS",0.184504267892318,0.951174436258186,0.0849239419737563,-0.324863792482276,-1.19410607163635,35,"Umod/Cftr/Chac1/Hsp90b1/Hspa5/Ubxn10/Txndc12/Edem1/Ppp1r15a"
"GOBP_NEGATIVE_REGULATION_OF_CELL_ADHESION",0.18546845124283,0.951174436258186,0.102704812014747,-0.280974930899922,-1.1535804813164,57,"Pla2g2d/Tnfsf4/Btla/Adamts18/Lag3/Col1a1/Loxl3/Hoxa7/Arhgdig/H2-Eb1/Ephb2"
"GOBP_RRNA_METABOLIC_PROCESS",0.186545801526718,0.951174436258186,0.0335126487672167,0.443280666156436,1.23484900835726,31,"Pin4/Fam207a/Ang/Exosc2/Nop58/Rpusd4/Mrm1/Rps17/Rrp36/Nop53/Slfn9/Slfn8/Rps25/Polr2e/Rpusd1/Rpl11/Nhp2/Rnasel/Rps28"
"GOBP_CELL_CYCLE_G2_M_PHASE_TRANSITION",0.186984868987575,0.951174436258186,0.0340829244633745,0.468490959223443,1.24567319039474,24,"Brsk2/Ccnb2/Cdc25c/Mrnip/Zfyve19/Mastl/Stox1/Donson/Cdk10/Aven/Nop53/Cdk1/Ccnb1"
"GOBP_TELENCEPHALON_DEVELOPMENT",0.187255578559926,0.951174436258186,0.0327222923721584,0.415364241567605,1.218759989599,43,"Pou3f3/Gria1/Drd1/Ccdc141/Cntnap2/Arx/Atat1/Slitrk5/P2ry12/Aspm"
"GOBP_REGULATION_OF_PROTEOLYSIS_INVOLVED_IN_PROTEIN_CATABOLIC_PROCESS",0.187888198757764,0.951174436258186,0.0333987805039715,0.444667541056759,1.23308845465817,30,"Trim67/Ddrgk1/Psme2/Trf/Efna1/Sirt2/Nop53/Pbk/Bag2/Rpl11/Rybp/Sufu/Xpo1"
"GOBP_NEGATIVE_REGULATION_OF_PROTEIN_CATABOLIC_PROCESS",0.188310870386699,0.951174436258186,0.0344174271530624,0.49600304277555,1.25793216647244,19,"Grin2a/Ddrgk1/Furin/Sirt2/Snca/Grin2c/Nop53/Hmgcr/Pbk/Rpl11/Rybp"
"GOBP_NEGATIVE_REGULATION_OF_TRANSPORT",0.188471790315415,0.951174436258186,0.0319176135859475,0.39258999936902,1.20647994590505,59,"Ffar4/Stc1/Kel/Adora1/Unc119/Snca/Grp/Vamp8/Scamp5/Lrpap1/Insig1/Wnk3/Il1b/Acvr1c/Arfip1/Nfkbia/Adipoq/Coro1a/Tnf/Hmgcr/Cd300lf/Rem1/Sufu/Thbs1/Slc43a2/Kcnj11/Rgs2/Kcnh2/Ptger3/Ptk2b"
"GOBP_MULTICELLULAR_ORGANISMAL_LEVEL_HOMEOSTASIS",0.188879719414071,0.951174436258186,0.0304782366580794,0.345406771454174,1.16172193864846,142,"Gcnt4/Tnfsf14/Atp6v1b1/Nxnl2/Vgf/Ffar4/Drd1/Sash3/Lcn2/Pcsk1n/Tulp1/Bglap/Ascl3/Pctp/Slc4a1/Ccnb2/Adcyap1/Rag1/Nr1d1/Tshr/Scd1/Cldn1/2610528A11Rik/Gata3/Esrrg/Bglap2/Bglap3/Kitl/Trf/Adora1/Sucnr1/Mafb/Rbp4/Tnfsf11/Gadd45g/Foxc2/Arsg/Ypel4/Oxtr/S1pr1"
"GOBP_MONOSACCHARIDE_TRANSMEMBRANE_TRANSPORT",0.189544941707409,0.951174436258186,0.034189115358795,0.487712696516132,1.25127360086557,20,"Ffar4/Drd1/Ppbp/Slc27a4/Il1b/Adipoq/Slc5a9/Tnf/Ednra/Tert/Rnasel"
"GOBP_ENDOCYTOSIS",0.189978031174809,0.951174436258186,0.0306319673508428,0.354140774948276,1.16999065783716,115,"Rab9b/Gria1/Alox15/Fpr2/Dmbt1/Fgr/Tulp1/Ap3b2/Ap3m2/Rab34/Ldlr/Slitrk1/Ticam2/Hck/Cxcr2/Rab27a/Trf/Adora1/Unc119/Slc9b2/Nlgn1/Ghr/C4b/Cyth2/Snca/Nckipsd/Pstpip1/Ap1s1/Cd209b/Scamp5/Lrpap1/Stab1/Hmmr/Cd177/Eef2k/Tmem108/Ahsg/Itgal/Sele/Adipoq/Bicd1/Coro1a/Cd93/Apln/Sncg/Neurl1b"
"GOBP_REGULATION_OF_CARBOHYDRATE_METABOLIC_PROCESS",0.191009881899253,0.951174436258186,0.0332483742936268,0.451018996174008,1.23457218892563,28,"Fbp1/Plek/Slc4a1/Nnmt/Gck"
"GOBP_SMALL_MOLECULE_METABOLIC_PROCESS",0.191318327974277,0.951174436258186,0.0297542703547708,0.321932221069743,1.12405672525508,282,"Slc17a1/Neil2/Fbp1/Cbs/Atp6v1b1/Alox15/Gad2/Sardh/Plek/Fah/Acot4/Bglap/Haao/Nnt/Slc4a1/Awat2/Degs2/Nnmt/Gck/Asns/Nr1d1/Gls2/Fignl1/Tmem86b/Fads3/Scd1/Ndufs6/Shpk/Mpo/Sp7/Hacd4/Thnsl2/Cyp1b1/Ldlr/Cdo1/Bglap2/mt-Atp6/mt-Atp8/Bglap3/Gk5/Prkar2b/Slc25a10/Dhcr7/Cpt1b/Pcx/Fa2h/Alox8/Cyp4f18/Pnpla3/Dbi/Ebp/Echdc1/Itpka/Ggt7/Nme7/Pklr/Elovl4/Far2/mt-Nd2/Ghr/Lipf/Rbp4/Fasn/Dhcr24/Sirt2/Snca/Cyp2w1/Aldh1a3/Fut1/Npy1r/Slc27a4/Guca1a/Igf2/Noxred1/Nudt17/Ass1/Bckdha/Insig1/Aldh2/Glyctk/Fdps/N6amt1/Npl/Mccc2/Il1b/Pxmp4/Fpgs/Ggt5/Tigar/Pdxk/Mvd/Uqcc3/Adipoq/Acot8/Nmnat2/Tnf/Cyp3a13/Crmp1/Cth/Hmgcr/Clstn3"
"GOBP_ORGAN_GROWTH",0.192307692307692,0.951174436258186,0.0338859260319688,0.48175527970292,1.24513395221462,21,"Sash3/Stc1/Arx/Rbp4/Foxc2/Hlx/S1pr1/Igf2"
"GOBP_PHOSPHORYLATION",0.192387043532082,0.951174436258186,0.0301361626814606,0.344648912501186,1.15917299796505,142,"Diras2/Brsk2/Fgr/Mast1/Adcyap1/Cdc25c/Gck/Epha7/Ddrgk1/Mrnip/Shpk/Odam/Tec/Tnfrsf18/Ephb1/Ang/Hck/Sgk1/Lcp2/Unc119/Stox1/Efna1/Tpx2/Sirt2/Map3k21/Tesk2/Cdk10/Mt3/Nprl2/Klhl31/Traf3ip1/Pdcd4/Mmd/Mapk10/Wnk3/Glyctk/Stk26/Tcim/Ropn1l/Ptpn6/Eef2k/Acvr1c/Tigar/Nop53/Adipoq/Tnf/Cep85/Apln/Cdk1/Nlrc5/Ect2/Samsn1/Tbk1/Gmfg/Pim2"
"GOBP_SYNAPSE_ORGANIZATION",0.192397043294615,0.951174436258186,0.0305702641619783,0.360169330164458,1.17610178055548,102,"Gria1/Gabra3/Drd1/Gabra4/Slc18a3/Sez6l/Pcdhb5/Epha7/Zdhhc15/Adgrb3/Slitrk1/Fgf22/Lin7a/Ephb1/Sptbn4/Slitrk5/Syn2/Itpka/Flrt1/Nlgn1/P2rx2/Efna1/Thbs2/Pou4f1/Snca/Nckipsd/Nptx1/Homer1/Ntng1/Eef2k/Tmem108/Nedd8/C1ql3/C1qa/Tnf/Sncg/Crmp1/Clstn3"
"GOBP_SECRETION",0.192748873412536,0.951174436258186,0.0299683501934778,0.337547841379517,1.14852733784083,169,"Kcnmb4/Brsk2/Krt20/Vgf/Ffar4/Plek/Stc1/Fgr/Bglap/Slc18a3/Adora2b/Adcyap1/Gck/Nr1d1/2610528A11Rik/Gata3/Cdo1/Bglap2/Bglap3/Unc13c/Furin/Lin7a/Ang/Hck/Sgk1/Syn2/Rab27a/Adora1/Sucnr1/Syt10/Slc9b2/Nlgn1/Rbp4/Pla2g12b/Tnfsf11/Vegfc/Ccl5/P3h1/Oxtr/Snca/Foxd1/Grp/Rab37/Vamp8/Ap1s1/Scamp5/Wnk3/Creb3l1/Cd177/Il1b/Rab2b/Acvr1c/Ano1/Slc4a8/mt-Co2/Arfip1/Fam3b/Adipoq/Hap1/Coro1a/Uqcc2/Tnf/Apln/Sncg/Hmgcr/Clstn3/Csn3/Slc16a10/Stxbp2/Ace/Nnat/Tspoap1/Tnfaip2"
"GOBP_REGULATION_OF_INTRINSIC_APOPTOTIC_SIGNALING_PATHWAY",0.193769470404984,0.951174436258186,0.0336274432455028,0.477472853644061,1.24580013093729,22,"Bbc3/Rtkn2/Fignl1/Hells"
"GOBP_NUCLEOBASE_CONTAINING_SMALL_MOLECULE_METABOLIC_PROCESS",0.193937453303448,0.951174436258186,0.0306216638324597,0.365504444279903,1.17894831547308,89,"Neil2/Fbp1/Atp6v1b1/Acot4/Haao/Nnt/Slc4a1/Gck/Fignl1/Ndufs6/Shpk/mt-Atp6/mt-Atp8/Pcx/Nme7/Pklr/Elovl4/Far2/mt-Nd2/Fasn"
"GOBP_HEAD_DEVELOPMENT",0.194513975803087,0.951174436258186,0.0301361626814606,0.351132495693849,1.16541994376294,121,"Pou3f3/Cbs/Gria1/Grin2a/Drd1/Mast1/Bglap/Epha7/Ccdc141/Bglap2/Cntnap2/Rad1/Arx/Bglap3/Atat1/Ephb1/Slitrk5/P2ry12/Aspm/Pcdh9/Nme7/Mafb/Vps51/Sirt2/Pou4f1/S1pr1/Tox/Mnat1/Aldh1a3/Grin2c/Fut1/Rras/Gsc/mt-Co1"
"GOBP_NEGATIVE_REGULATION_OF_CHROMOSOME_ORGANIZATION",0.194732131440992,0.951174436258186,0.0340433059732153,0.504780129958385,1.24796491558786,17,"Knl1/Nuf2/Cdca8/Gen1/Bub1/Mcrs1/Ten1/Ccnb1"
"GOBP_GLYCOSYLATION",0.194848162590098,0.951174436258186,0.0324724039604577,0.433317190982707,1.22465436205884,34,"Gcnt4/Galnt2/St8sia1/Tmem258/Chst4/Gcnt1/Gxylt2/Rft1/B3galt5/B3gnt9/Fut1"
"GOBP_NEGATIVE_REGULATION_OF_IMMUNE_EFFECTOR_PROCESS",0.195776255707763,0.951174436258186,0.0766084781008854,-0.341826767155629,-1.18535688109818,27,"Tnfsf4/Cd22/Slamf8/A2m/Loxl3"
"GOBP_POSITIVE_REGULATION_OF_AUTOPHAGY",0.195824147322008,0.951174436258186,0.0342157870484692,0.519592696307254,1.25171951211195,15,"Ddrgk1/Gpsm1/Nprl3/Nprl2/Rab37/Sptlc1/Tbk1/Pim2/Irgm2/Endog/Elavl1"
"GOBP_POSITIVE_REGULATION_OF_ORGANELLE_ORGANIZATION",0.196833315258649,0.951174436258186,0.0306422787557872,0.375218425346955,1.18769375682809,75,"Fen1/Alox15/Epgn/Bbc3/Plek/Cdc42ep5/Vil1/Hck/Ncaph/Slain1/Sirt2/Snca/Bub1/Igf2/Ncapg/Mcrs1/Il1b/Hap1/Tnf/Arhgef10/Smc4/Cdk1/Nusap1/Ncapd2"
"GOBP_CELLULAR_RESPONSE_TO_STARVATION",0.19696607740086,0.951174436258186,0.0324724039604577,0.440653668172859,1.22195775620458,30,"Krt20/Bglap/Asns/Sp7/Bglap2/Bglap3/Dsc2/Nprl3/Nprl2/Stk26"
"GOBP_SKIN_DEVELOPMENT",0.198000898472597,0.951174436258186,0.0311896144173204,0.396150494241916,1.20074889526137,54,"Flg2/Krt10/Krt25/Krt27/Ivl/Krt79/Cldn1/Slitrk5/Fa2h/Alox8/Ovol2/Mafb/Dhcr24/Slc27a4/Wnt16"
"GOBP_RESPONSE_TO_NITROGEN_COMPOUND",0.199139520590043,0.951174436258186,0.0293736614671865,0.338167798323326,1.14820457619721,162,"Fbp1/Brsk2/Cbs/Gria1/Vgf/Grin2a/Htr7/Camp/Drd1/Fpr2/Lcn2/Stc1/Bglap/Gck/Tshr/Gpr21/Irf5/Sp7/Ldlr/Cdo1/Bglap2/Bglap3/Timeless/Gcnt1/Pnpla3/Vcam1/Gnrh1/P2ry12/Adora1/Pklr/Ghr/Rbp4/P2rx2/mt-Cytb/Foxc2/Adamts13/Snca/Fut1/Slc27a4/Igf2/Casp7/Ass1/Calr3/Insig1/Slc5a5/Homer1/Il1b/Cacng4/Eef2k/Acvr1c/Ahsg/Nfkbia/Adipoq"
"GOBP_REGULATION_OF_KINASE_ACTIVITY",0.202262291410012,0.951174436258186,0.0307354380864671,0.394247879867952,1.19798631910988,55,"Diras2/Fgr/Adcyap1/Cdc25c/Mrnip/Lcp2/Unc119/Stox1/Tpx2/Mt3/Nprl2/Pdcd4/Mmd/Tcim/Tigar/Adipoq/Tnf/Cep85/Nlrc5/Ect2"
"GOBP_BLOOD_VESSEL_ENDOTHELIAL_CELL_MIGRATION",0.202962962962963,0.951174436258186,0.0697294585228188,-0.377638415418226,-1.2131510806371,20,"Angpt4"
"GOBP_NEGATIVE_REGULATION_OF_CATABOLIC_PROCESS",0.202992407324699,0.951174436258186,0.0306113681898464,0.390758502306341,1.19402403545086,57,"Fbp1/Grin2a/Slc4a1/Dnd1/Ddrgk1/Furin/Tent5c/Adora1/Hcar1/Sirt2/Snca/Grin2c/Mt3/Fus/Hnrnpab/Il1b/Tigar/Nop53/Hp/Tnf/Nrbp2/Hmgcr/Slc7a5/Pbk/Mfsd2a/Rpl11/Rybp/Ikbke/Sufu"
"GOBP_REGULATION_OF_PROTEIN_SERINE_THREONINE_KINASE_ACTIVITY",0.203048242851745,0.951174436258186,0.0329157394447551,0.48894702704257,1.24003713682104,19,"Diras2/Cdc25c/Pdcd4/Tcim/Adipoq/Tnf/Irgm2/Mst1"
"GOBP_REGULATION_OF_AUTOPHAGY",0.203207925462908,0.951174436258186,0.0316261823222395,0.42563246209502,1.21118520744413,36,"Atp6v1b1/Ddrgk1/Gpsm1/Nprl3/Sirt2/Snca/Nprl2/Rab37/Tigar/Nrbp2/Sptlc1/Tbk1/Pim2/Slc7a5/Irgm2"
"GOBP_POSITIVE_REGULATION_OF_CELL_JUNCTION_ASSEMBLY",0.203358666339789,0.951174436258186,0.0323549720388035,0.458558532151984,1.22803663907979,25,"Cldn1/Cntnap2/Adgrb3/Slitrk1/Ephb1/Slitrk5/Flrt1/Nlgn1/Thbs2"
"GOBP_MOLTING_CYCLE_PROCESS",0.205809881986772,0.951174436258186,0.0332234622685563,0.515112905040121,1.24092751642165,15,"Krt25/Krt27/Tspear"
"GOBP_INFLAMMATORY_RESPONSE",0.2059902200489,0.951174436258186,0.0286616399503485,0.332823490784293,1.13802811389246,180,"Il18rap/Chia1/Alox15/Ffar4/Camp/Fpr2/Lcn2/Fgr/Gsdmc2/Scgb1a1/Adora2b/Spn/Nr1d1/Hc/Shpk/Irf5/Odam/Gata3/Tmem258/Ldlr/Cdo1/Ticam2/Furin/Ccl7/Atat1/Chst4/Hck/Cxcr2/Cst7/Vcam1/Adora1/Sucnr1/Spink7/Tnfsf11/C4b/Fasn/Ccl5/Pnma1/Sirt2/Snca/Il1r2/Tnfaip8l2/Ppbp/Ddt/Vamp8/Pstpip1/Ass1/Pdcd4/Stab1/Il5ra/Hba-a1/Lgals1/Il1b/Ptpn6/Ggt5/Serpina3c/Orm1/Ahsg/Cela1/Nfkbia/Itgal/Sele/Adipoq/Hp/C1qa/Tnf/Gnat2"
"GOBP_PURINE_NUCLEOTIDE_CATABOLIC_PROCESS",0.20841324638793,0.951174436258186,0.0326982991152533,0.498393713184551,1.23217581534985,17,"Fbp1/Slc4a1/Gck"
"GOBP_SYNAPTIC_SIGNALING",0.208462974486621,0.951174436258186,0.0287686999295148,0.345631704339574,1.15351701695437,129,"Kcnmb4/Gria1/Vgf/Grin2a/Gabra3/Gad2/Htr7/Drd1/Gabra4/Bglap/Slc18a3/Cacna1e/Gabbr2/Adora2b/Pcdhb5/Epha7/Bglap2/Bglap3/Fgf22/Prkar2b/Unc13c/Lin7a/Ephb1/Slitrk5/Syn2/Gria4/Itpka/Adora1/Syt10/Unc119/Nlgn1/P2rx2"
"GOBP_RNA_PROCESSING",0.208646616541353,0.951174436258186,0.136483198012004,-0.245876102748857,-1.11740356173109,102,"Umod/Celf3/Tdrd9/Elavl4/Zfp473"
"GOBP_PROTEIN_HOMOOLIGOMERIZATION",0.208798424162837,0.951174436258186,0.079670326613859,-0.320357535451102,-1.17754236399702,35,"Rnf112/Card11/Trpm3/Ikzf4/Vwa1/Comp"
"GOBP_CELLULAR_RESPONSE_TO_HORMONE_STIMULUS",0.208856088560886,0.951174436258186,0.0290310963363371,0.355378977381916,1.16249057274724,104,"Fbp1/Gria1/Stc1/Bglap/Gck/Nr1d1/Tshr/Ddrgk1/Gpr21/Esrrg/Bglap2/Bglap3/Ccdc62/Sgk1/Pnpla3/Pklr/Ghr/Foxc2/Pgrmc2/Oxtr/Sox10/Mt3/Fut1/Slc27a4/Igf2/Ass1/Insig1/Slc5a5/Il1b/Eef2k/Ahsg/Adipoq"
"GOBP_EAR_MORPHOGENESIS",0.208893116157413,0.951174436258186,0.0312542145615791,0.432860693667382,1.21291715306268,32,"Atp6v1b1/Myo3b/Gata3/Fzd2/Stox1/Mafb/Rpl38/Aldh1a3/Gsc/Cep290/Insig1"
"GOBP_PROTEIN_CONTAINING_COMPLEX_DISASSEMBLY",0.209208015267176,0.951174436258186,0.0312866300545677,0.435258270011535,1.21250098219569,31,"Nfe2/Plek/Vil1/Sptbn4/Mtrf1/Stmn4/Ckap2/Tpx2/Vamp8/Eef2k/Tnf/Lix1/Kif24/Irgm2/Kif18a"
"GOBP_REGULATION_OF_CATALYTIC_ACTIVITY",0.209248310810811,0.951174436258186,0.0290219603585485,0.356572336599941,1.1635252302561,101,"Diras2/Fgr/Gabbr2/Adora2b/Adcyap1/Cdc25c/Mrnip/Odam/Gpsm1/Rfc4/Sgk1/Dbi/Lcp2/Unc119/Stox1/Tpx2/Adap1/Snca/Mt3/Nprl2/Guca1a/Pdcd4/Serpinb13/Mmd/Tcim/Il1b/Tigar/Adipoq/Tnf/Cep85/Nlrc5/Ect2/Ednra"
"GOBP_RESPONSE_TO_ALKALOID",0.209536082474227,0.951174436258186,0.0327463270264009,0.50594133546821,1.23474399632752,16,"Gria1/Drd1/Snca/Casp7/Homer1/Cacng4"
"GOBP_JNK_CASCADE",0.209606467720842,0.951174436258186,0.0311896144173204,0.432567633999233,1.21209597178296,32,"Cbs/Cdc42ep5/Ephb1/Tnfsf11/Gadd45g/Klhl31/Wnt16/Pdcd4/Mapk10/Il1b/Tnf"
"GOBP_STEM_CELL_PROLIFERATION",0.210089482557386,0.951174436258186,0.0328186806430492,0.513079768297626,1.23602960898481,15,"Ndufs6/Ang/Cdkn2c/Kitl/Ovol2/Vegfc/Trp63/Ace/Sox18/Tert/Rnf43"
"GOBP_MITOTIC_CELL_CYCLE_PHASE_TRANSITION",0.21043956043956,0.951174436258186,0.0296485090705704,0.378842258360749,1.17931408445041,65,"Brsk2/Ccnb2/Cdc25c/Knl1/Mrnip/Psme2/Cdk2ap2/Zfyve19/Mastl/Cdkn2c/Nuf2/Stox1/Cks2/Donson/Cdca8/Sirt2/Gen1/Cdk10/Mnat1/Bub1/Aven/Ptpn6/Nop53/Gpnmb/Slfn9/Cdk1/Ccnb1/Ccnf/Pim2"
"GOBP_REGULATION_OF_BLOOD_PRESSURE",0.212538226299694,0.951174436258186,0.0853949304825912,-0.295604919020417,-1.14050758731564,43,"Umod/Scnn1g/Gnb3/Klk1b1"
"GOBP_SPHINGOLIPID_BIOSYNTHETIC_PROCESS",0.21263265567063,0.951174436258186,0.0323082766086448,0.497026383829294,1.22879537511034,17,"Degs2/St8sia1/Hacd4/Smpd2/Fa2h/Elovl4/Fut1/A3galt2/Cerkl/B4galt5/Sptlc1"
"GOBP_GENERATION_OF_PRECURSOR_METABOLITES_AND_ENERGY",0.212691847175356,0.951174436258186,0.0292801952825913,0.373475722860973,1.17661702183913,72,"Fbp1/Vgf/Nnt/Slc4a1/Gck/Nr1d1/Ndufs6/Shpk/mt-Atp6/mt-Atp8/Hccs/Pklr/mt-Nd2/mt-Cytb/Mtfr2/Snca/Mt3/Igf2/mt-Co1/1700066M21Rik/mt-Co2/Tigar/Uqcc3/Nop53/Adipoq/mt-Co3/Uqcc2/Tnf"
"GOBP_RESPONSE_TO_STARVATION",0.2141162514828,0.951174436258186,0.030745828955149,0.428884832217078,1.20649119873146,33,"Krt20/Bglap/Asns/Sp7/Bglap2/Bglap3/Dsc2/Nprl3/Nprl2"
"GOBP_MEMBRANE_LIPID_METABOLIC_PROCESS",0.214268585131894,0.951174436258186,0.0309342445128075,0.439640649463153,1.21167540557172,29,"Degs2/Pigz/St8sia1/Fads3/Hacd4/Cyp1b1/Smpd2/Fa2h/Elovl4/Fut1/A3galt2/Tnf/Cerkl/B4galt5/Sptlc1"
"GOBP_ENDOCHONDRAL_BONE_MORPHOGENESIS",0.214369083127999,0.951174436258186,0.0324253117366674,0.511226906377837,1.23156599078014,15,"Cbs/Stc1/Nab2/Col13a1/Ghr/Phospho1"
"GOBP_FATTY_ACID_TRANSPORT",0.214997378080755,0.951174436258186,0.069818186147199,-0.357013438577223,-1.18996039692959,23,"Pla2g2d/Slc22a2/Slc25a20/Ucp2"
"GOBP_POSITIVE_REGULATION_OF_TRANSFERASE_ACTIVITY",0.216238128329859,0.951174436258186,0.030116310246396,0.409802979820484,1.19246314240485,41,"Diras2/Adcyap1/Mrnip/Rfc4/Dbi/Lcp2/Unc119/Stox1/Tpx2/Mt3/Mmd/Tcim/Tigar/Adipoq/Tnf"
"GOBP_LONG_CHAIN_FATTY_ACID_METABOLIC_PROCESS",0.218200227819263,0.951174436258186,0.0316150962454774,0.487329966808993,1.22072585653053,18,"Alox15/Acot4/Cyp1b1/Alox8/Cyp4f18/Pnpla3"
"GOBP_REGULATION_OF_T_CELL_MEDIATED_CYTOTOXICITY",0.219554779572239,0.951174436258186,0.0627208096593469,-0.404075440162355,-1.20090542273894,15,"Il23r/H2-Eb1/B2m/Pvr/H2-D1/Ceacam1/H2-Q2/H2-T23"
"GOBP_POSITIVE_REGULATION_OF_CHROMOSOME_ORGANIZATION",0.219665004475131,0.951174436258186,0.0316817477874826,0.493409349074144,1.21985300157979,17,"Fen1/Ncaph/Bub1/Ncapg/Mcrs1/Smc4/Cdk1/Ncapd2"
"GOBP_POSITIVE_REGULATION_OF_SYNAPTIC_TRANSMISSION",0.219898381188704,0.951174436258186,0.0301759562044332,0.424663521237205,1.20019709467554,34,"Gria1/Grin2a/Drd1/Bglap/Slc18a3/Bglap2/Bglap3/Adora1/Nlgn1/Snca/Grin2c/Cacng4/Slc4a8/Hap1/Tnf/Hmgcr/Clstn3"
"GOBP_ORGANELLE_FISSION",0.221016439239282,0.951174436258186,0.0283543004756709,0.364473413332693,1.16397637987092,81,"Epgn/Ccnb2/Cdc25c/Kif15/Knl1/Fignl1/Rad1/Mastl/Rad54b/Ncaph/Aspm/Nuf2/Cks2/Cdca8/Ankle1/Mtfr2/Eme1/Tpx2/Sirt2/Gen1/Ccdc61/Mki67/Bub1/Igf2/Ncapg/Il1b/Acot8/Tnf/Cep85/Arhgef10/Smc4/Cdk1/Ccnb1/Nusap1/Bora/Ncapd2/4930447C04Rik/Kif20b/Irgm2/Klhdc3/Kif18a"
"GOBP_PHAGOCYTOSIS",0.221134567755632,0.951174436258186,0.0300371941845563,0.419769251008176,1.19450077857901,36,"Alox15/Fpr2/Fgr/Tulp1/Rab34/Ldlr/Ticam2/Hck/Rab27a/Adora1/C4b/Ahsg/Itgal/Adipoq/Coro1a/Cd93"
"GOBP_RESPONSE_TO_ACTIVITY",0.221511846558857,0.951174436258186,0.0311467176047931,0.474907604035785,1.21842091055885,20,"Bglap/Bglap2/Bglap3/Rbp4/Fut1/Adipoq/Tnf/Cdk1/Slc7a5"
"GOBP_SISTER_CHROMATID_SEGREGATION",0.221606321500177,0.951174436258186,0.0299978112712157,0.419644780461215,1.19414658358999,36,"Kif15/Knl1/Ncaph/Nuf2/Cdca8/Tpx2/Gen1/Ccdc61/Bub1/Ncapg/Arhgef10/Smc4/Cdk1/Ccnb1/Nusap1/Ncapd2/Kif18a/Cep55/Bcl7b/Kif11/Top2a/Cenpf/Cdt1/Prc1/Prickle1"
"GOBP_MONOCARBOXYLIC_ACID_BIOSYNTHETIC_PROCESS",0.223266745005875,0.951174436258186,0.0297929386876958,0.417206870638937,1.19285232121774,37,"Alox15/Acot4/Nr1d1/Fads3/Scd1/Hacd4/Thnsl2/Fa2h/Alox8/Pklr/Elovl4/Fasn/Sirt2/Aldh1a3/Insig1/Il1b"
"GOBP_MACROAUTOPHAGY",0.223493336478358,0.951174436258186,0.0298414327424622,0.418968769370093,1.19222291773611,36,"Atp6v1b1/Spata33/Ddrgk1/Gpsm1/Tex264/Ap4m1/Vamp8/Rab2b/Tigar/Nrbp2/Lix1/Sptlc1/Tbk1/Pim2/Vps28/Irgm2/Vps37d/Ubxn6/Stam2/Elavl1/Rubcnl"
"GOBP_REGULATION_OF_LEUKOCYTE_CHEMOTAXIS",0.223551401869159,0.951174436258186,0.0308606593896151,0.465434278645427,1.21438963671729,22,"Tnfsf14/Fpr2/Hc/Ccl7/Vegfc/Ccl5/Ddt"
"GOBP_NEGATIVE_REGULATION_OF_PHOSPHORUS_METABOLIC_PROCESS",0.223721930243669,0.951174436258186,0.0300569293043262,0.432588246706641,1.19959188243671,30,"Fbp1/Plek/Slc4a1/Sirt2/Nprl2/Klhl31/Traf3ip1/Pdcd4/Tigar/Adipoq/Cep85/Samsn1"
"GOBP_NUCLEOBASE_CONTAINING_COMPOUND_CATABOLIC_PROCESS",0.22503285151117,0.951174436258186,0.0283716689736199,0.374596216990348,1.17054796303023,67,"Neil2/Fbp1/Fen1/Slc4a1/Dnd1/Scgb1a1/Gck/Tent5c/Ang/Pklr/Exosc2"
"GOBP_NEGATIVE_REGULATION_OF_VASCULATURE_DEVELOPMENT",0.225055432372506,0.951174436258186,0.0701763259905319,-0.338308215432078,-1.16605911632928,26,"Angpt4/Klk1b1"
"GOBP_FEMALE_SEX_DIFFERENTIATION",0.225651666450525,0.951174436258186,0.0314389309023268,0.506724149418895,1.22071866982305,15,"Dmrta1/Vgf/Ang/Kitl/Gnrh1/Rbp4"
"GOBP_PROTON_TRANSMEMBRANE_TRANSPORT",0.226571767497034,0.951174436258186,0.0296964779948796,0.424779638059618,1.19494292225254,33,"Atp6v1b1/Nnt/Slc18a3/Ndufs6/mt-Atp6/mt-Atp8/mt-Nd2/Slc9b2/mt-Cytb"
"GOBP_MITOTIC_CELL_CYCLE",0.227070623513597,0.951174436258186,0.0272009085336373,0.339875406413572,1.13936541848978,136,"Brsk2/Epgn/Ccnb2/Cdc25c/Kif15/Knl1/Asns/Mrnip/Psme2/Thap1/Gpsm1/Rad9b/Cdk2ap2/Zfyve19/Mastl/Cdkn2c/Ncaph/Nuf2/Unc119/Stox1/Cks2/Donson/Cdca8/Ckap2/Eme1/Tpx2/Sirt2/Gen1/Ccdc61/Cdk10/Mnat1/Mki67/Bub1/Igf2/Ncapg/Aven/Il1b/Ptpn6/Anapc10/Tube1/Nop53/Tnf/Gpnmb/Slfn9/Cep85/Arl3/Arhgef10/Smc4/Cdk1/Ccnb1/Ect2/Ednra/Nusap1/Ccnf/Bora/Ncapd2"
"GOBP_CHROMOSOME_SEGREGATION",0.227110317105851,0.951174436258186,0.0285554492181889,0.384435889229887,1.17470429720951,57,"Ccnb2/Kif15/Knl1/Ncaph/Aspm/Nuf2/Cdca8/Tpx2/Sirt2/Gen1/Ccdc61/Mki67/Bub1/Ncapg/Arl8a/Haus5/Cep85/Arhgef10/Smc4/Cdk1/Ccnb1/Ect2/Nusap1/Ncapd2/4930447C04Rik/Esco2/Kif18a/Cep55/Bcl7b/Kif11/Top2a/Cenpf/Cdt1/Zcwpw1/Prc1/Prickle1/Haus3"
"GOBP_REGULATION_OF_TRANSFERASE_ACTIVITY",0.227252795439597,0.951174436258186,0.0282161806856713,0.374500349822904,1.16871184907925,66,"Diras2/Fgr/Adcyap1/Cdc25c/Mrnip/Rfc4/Dbi/Lcp2/Unc119/Stox1/Tpx2/Mt3/Nprl2/Pdcd4/Mmd/Tcim/Tigar/Adipoq/Tnf/Cep85/Nlrc5/Ect2/Irgm2/Mst1/Rpl11/Tnfrsf10b/Ppia/Rps2/Cdkn1a/Dtx3l/Ptk2b"
"GOBP_NEUROTRANSMITTER_SECRETION",0.228642325416519,0.953990392255131,0.0294583499947959,0.421987946464775,1.1926353030267,34,"Kcnmb4/Bglap/Slc18a3/Bglap2/Bglap3/Unc13c/Lin7a/Syn2/Syt10/Nlgn1"
"GOBP_CELLULAR_PROCESS_INVOLVED_IN_REPRODUCTION_IN_MULTICELLULAR_ORGANISM",0.229862475442043,0.956084233791748,0.0933040495921608,-0.273137246068149,-1.12314193514851,58,"Spag16/Cftr/Ttc12/Cfap206/Nup210l/Iqcg/Catsperz/Rsph1/Wee2"
"GOBP_REGULATION_OF_ACTIN_FILAMENT_ORGANIZATION",0.231139835487662,0.95840224621208,0.0291596706476492,0.414360965290619,1.1847154830216,37,"Alox15/Plek/Cdc42ep5/Vil1/Sptbn4/Hck/Rhpn1"
"GOBP_MITOTIC_SISTER_CHROMATID_SEGREGATION",0.233028177386755,0.960776912103588,0.0292244316056432,0.425236364545742,1.19155305207703,32,"Kif15/Knl1/Ncaph/Nuf2/Cdca8/Tpx2/Gen1/Ccdc61/Bub1/Ncapg/Arhgef10/Smc4/Cdk1/Ccnb1/Nusap1/Ncapd2"
"GOBP_RESPONSE_TO_TEMPERATURE_STIMULUS",0.233890773009005,0.960776912103588,0.0288585899410337,0.411879245147311,1.18368329063257,38,"Vgf/Pcsk1n/St8sia1/Ephb1/Adora1/Crnn/Plin1/Tcim/Kcnk4/Ano1/Nfkbia"
"GOBP_MOLTING_CYCLE",0.234298608499436,0.960776912103588,0.030096487257355,0.469532241762688,1.20462990418264,20,"Krt25/Krt27/Tspear/Fa2h"
"GOBP_KIDNEY_MORPHOGENESIS",0.234599922189081,0.960776912103588,0.0307043134101922,0.503633958629696,1.21327427706218,15,"Gcnt4/Gata3/Gcnt1/Foxd1"
"GOBP_POSITIVE_REGULATION_OF_ERK1_AND_ERK2_CASCADE",0.236091127098321,0.962340522323697,0.0291412258267377,0.431999067020118,1.19061475634108,29,"Alox15/Ffar4/Fpr2/Alkal2/Adcyap1/Tnfaip8l3"
"GOBP_VACUOLAR_LOCALIZATION",0.236427761682832,0.962340522323697,0.0300174881992431,0.474360478150917,1.20304363584178,19,"Fgr/Adora2b/Rab34/2610528A11Rik/Grp/Vamp8/Borcs8/Stxbp2/Fcer1a/Rnf167"
"GOBP_HORMONE_TRANSPORT",0.237717731129969,0.962387279616607,0.0277440202188223,0.381607897261461,1.16606292315768,57,"Brsk2/Vgf/Ffar4/Adcyap1/Gck/Nr1d1/Gata3/Adora1/Slc9b2/Rbp4/Tnfsf11/Ccl5/Foxd1/Grp/Vamp8/Il1b/Acvr1c/Ano1/Fam3b/Adipoq/Uqcc2/Tnf/Apln/Slc16a10/Nnat"
"GOBP_CATECHOL_CONTAINING_COMPOUND_METABOLIC_PROCESS",0.241017772663342,0.962387279616607,0.0299389540634201,0.484368591355688,1.19750158999809,17,"Grin2a/Drd1/Gata3/Slitrk1/Snca/Aldh2/Gnat2/Ednra"
"GOBP_CELLULAR_RESPONSE_TO_TYPE_II_INTERFERON",0.241522322517687,0.962387279616607,0.0290402386662062,0.440390164805159,1.18883021050253,26,"Cldn1/Hck/Ccl5/Adamts13/Ass1/Tnf/Stxbp2/Nlrc5/Gbp5/Stat1/Irgm2/Gbp4/Ifngr1/Gbp9/Mrc1"
"GOBP_MEMBRANE_LIPID_BIOSYNTHETIC_PROCESS",0.242741433021807,0.962387279616607,0.0293361955812739,0.458084799739363,1.19521371558665,22,"Degs2/Pigz/St8sia1/Hacd4/Smpd2/Fa2h/Elovl4/Fut1/A3galt2/Cerkl/B4galt5/Sptlc1"
"GOBP_CYTOPLASMIC_TRANSLATION",0.24355266329236,0.962387279616607,0.0286705282376607,0.432291301924804,1.18330895904196,28,"Rpl38/Rps17/Rps23/Rpl27a/Nmnat2/Rps9/Rps25/Cpeb4/Rps26/Rpl11/Rps28/Rpl32/Rpl36a/Rps2/Rps16/Rpl31/Rpl28/Rps24/Ybx1/Rps11/Rpl35/Rpl34"
"GOBP_CELLULAR_RESPONSE_TO_OXYGEN_CONTAINING_COMPOUND",0.243744301489211,0.962387279616607,0.0256345020849711,0.321855658954603,1.10991583328843,208,"Fbp1/Brsk2/Il18rap/Gria1/Grin2a/Htr7/Camp/Drd1/Fpr2/Lcn2/Stc1/Bglap/Gck/Nr1d1/Tshr/Gpr21/Shpk/Irf5/Cldn1/Mpo/Cyp1b1/Ldlr/Bglap2/Bglap3/Ticam2/Ccdc62/Ccl7/Timeless/Hck/Sgk1/Pnpla3/Vcam1/P2ry12/Pklr/Slc9b2/Ghr/Foxc2/Mgst1/Adamts13/Pou4f1/Sox10/Ppbp/Mt3/Fut1/Slc27a4/Igf2/Casp7/Ass1/Pdcd4/Insig1/Slc5a5/Nptx1/Il1b/Kcnk4/Ptpn6/Eef2k/Ano1/Ahsg/Nfkbia/Adipoq"
"GOBP_REGULATION_OF_UBIQUITIN_DEPENDENT_PROTEIN_CATABOLIC_PROCESS",0.244177494483942,0.962387279616607,0.0289309481977095,0.442169451994374,1.18414607876264,25,"Trim67/Ddrgk1/Trf/Sirt2/Nop53/Pbk/Bag2/Rpl11/Rybp/Sufu/Xpo1"
"GOBP_POSITIVE_REGULATION_OF_T_CELL_PROLIFERATION",0.245061398825414,0.962387279616607,0.0658132939529589,-0.342544800272851,-1.15552192435741,24,"Card11/Tnfsf4/Il23r/Gpam"
"GOBP_REGULATION_OF_PHOSPHORYLATION",0.246634356488961,0.962387279616607,0.0264757764277132,0.359799488934774,1.14767677470434,80,"Diras2/Fgr/Adcyap1/Cdc25c/Epha7/Ddrgk1/Mrnip/Odam/Tnfrsf18/Ang/Lcp2/Unc119/Stox1/Efna1/Tpx2/Sirt2/Mt3/Nprl2/Klhl31/Traf3ip1/Pdcd4/Mmd/Wnk3/Tcim/Ropn1l/Tigar/Nop53/Adipoq/Tnf/Cep85/Apln/Nlrc5/Ect2/Samsn1"
"GOBP_STEM_CELL_DIFFERENTIATION",0.246681288237331,0.962387279616607,0.0276779538407045,0.397877330785351,1.16237285061747,42,"Bglap/Sox5/Ndufs6/Sp7/Bglap2/Bglap3/Nrtn/Kitl/Ovol2/Foxc2/Sema5b/Sox10/Gsc/Tfap2c/Trp63/Ace/Ednra/Tcf15/Sema4g/Grem1/Sox18/Sema4f"
"GOBP_POSITIVE_REGULATION_OF_PLASMA_MEMBRANE_BOUNDED_CELL_PROJECTION_ASSEMBLY",0.246804201999747,0.962387279616607,0.0293175024119253,0.475260755951001,1.19049336773296,18,"Myo3b/Cdc42ep5/P2ry12/Nlgn1/Mien1/Hap1"
"GOBP_CARBOHYDRATE_TRANSPORT",0.248301420630019,0.962387279616607,0.0287686999295148,0.450101180443416,1.18669061968983,23,"Ffar4/Drd1/Ppbp/Slc27a4/Il1b/Adipoq/Slc5a9/Tnf/Ednra/Mfsd2a/Tert/Rnasel"
"GOBP_POSITIVE_REGULATION_OF_NEURON_PROJECTION_DEVELOPMENT",0.249084249084249,0.962387279616607,0.0279190692869019,0.415918148370917,1.17548065311401,34,"Trim67/Alkal2/Zdhhc15/Itpka/P3h1/Tox/Nckipsd"
"GOBP_NEGATIVE_REGULATION_OF_CELL_CELL_ADHESION",0.249127704117237,0.962387279616607,0.0750347375750997,-0.29683096863283,-1.12309904643926,39,"Pla2g2d/Tnfsf4/Btla/Adamts18/Lag3/Loxl3"
"GOBP_INTERLEUKIN_1_PRODUCTION",0.250990921876998,0.962387279616607,0.0291966379375075,0.4799074548258,1.18647234866602,17,"Panx3/Ffar4/Il1r2/Orm1/Tnf/Arg2/Gbp5/Lpl/Panx2/Acp5/Tnfaip3"
"GOBP_REGULATION_OF_NEUROTRANSMITTER_TRANSPORT",0.251199409521466,0.962387279616607,0.0284851320236227,0.445188976088011,1.18371541916485,24,"Kcnmb4/Drd1/Bglap/Slc18a3/Bglap2/Bglap3"
"GOBP_MITOCHONDRIAL_RESPIRATORY_CHAIN_COMPLEX_ASSEMBLY",0.251546391752577,0.962387279616607,0.0292988356681409,0.488656637618232,1.192560890496,16,"Ndufs6/Ndufaf6/Timm21/Pet100/mt-Nd2/Uqcc3/Uqcc2/Ndufaf8/Tmem70/Sdhaf1"
"GOBP_REGULATION_OF_SISTER_CHROMATID_SEGREGATION",0.25360824742268,0.962387279616607,0.0291504450086787,0.488088745849677,1.19117495718194,16,"Knl1/Nuf2/Cdca8/Gen1/Bub1/Cdk1/Ccnb1"
"GOBP_REGULATION_OF_JNK_CASCADE",0.254452305440351,0.962387279616607,0.0281050290912532,0.436443904778519,1.17817730879605,26,"Cbs/Ephb1/Tnfsf11/Gadd45g/Klhl31/Wnt16/Pdcd4/Il1b/Tnf"
"GOBP_INNER_EAR_MORPHOGENESIS",0.254760183176669,0.962387279616607,0.0278688129775025,0.429206723188333,1.17486555609241,28,"Atp6v1b1/Myo3b/Gata3/Fzd2/Stox1/Mafb/Aldh1a3/Cep290/Insig1"
"GOBP_LIPID_BIOSYNTHETIC_PROCESS",0.254865034526051,0.962387279616607,0.02542576783648,0.342094541403631,1.12949691680708,114,"Cyp17a1/Alox15/Acot4/Bglap/Awat2/Degs2/Pigz/St8sia1/Nr1d1/Fads3/Scd1/Hacd4/Pik3c2g/Thnsl2/Ldlr/Bglap2/Bglap3/Dhcr7/Smpd2/Fa2h/Alox8/Pnpla3/Ebp/Itpka/Ggt7/Elovl4/Far2/Mtmr7/Fasn/Dhcr24/Sirt2/Aldh1a3/Fut1/Insig1/Fdps/Il1b/Ggt5/Mvd/A3galt2/Acot8/Tnf/Cerkl/Cyp3a13/B4galt5/Hmgcr"
"GOBP_CYTOSKELETON_DEPENDENT_INTRACELLULAR_TRANSPORT",0.256751975468805,0.962387279616607,0.0273526093026244,0.409609443858277,1.16558990070594,36,"Ap3b2/Ccdc88b/Ap3m2/Cep131/Nme7/Traf3ip1/Arl8a/Tmem108/Bicd1/Hap1/Arl3/Borcs8/Kif17"
"GOBP_NUCLEAR_CHROMOSOME_SEGREGATION",0.25693730729702,0.962387279616607,0.0267793201296367,0.389794661299348,1.15651721074235,47,"Ccnb2/Kif15/Knl1/Ncaph/Aspm/Nuf2/Cdca8/Tpx2/Sirt2/Gen1/Ccdc61/Bub1/Ncapg/Arhgef10/Smc4/Cdk1/Ccnb1/Ect2/Nusap1/Ncapd2/4930447C04Rik/Kif18a/Cep55/Bcl7b/Kif11/Top2a/Cenpf/Cdt1/Zcwpw1/Prc1/Prickle1"
"GOBP_POSITIVE_REGULATION_OF_B_CELL_ACTIVATION",0.257092972501091,0.962387279616607,0.0576940932334375,-0.391122681267383,-1.16241004081187,15,"Card11/Tnfsf4/Cd320/Ephb2/Cd27"
"GOBP_REGULATION_OF_SMALL_GTPASE_MEDIATED_SIGNAL_TRANSDUCTION",0.257292271934922,0.962387279616607,0.0270588292029202,0.399920676956156,1.15931257163746,40,"Fbp1/Trim67/Kitl/Garnl3/Sipa1l3/Dock3/Cyth2/Tagap/Rasgef1a/Arhgef10/Spry4/Ect2/Cyth4/Mcf2l"
"GOBP_REGULATION_OF_LEUKOCYTE_PROLIFERATION",0.257965056526208,0.962387279616607,0.0900040036985574,-0.267265311386887,-1.10330602933102,60,"Pla2g2d/Card11/Tnfsf4/Il23r/Gpam/Cd22/Btla"
"GOBP_T_CELL_DIFFERENTIATION",0.258147512864494,0.962387279616607,0.0819647472921866,-0.277884736899595,-1.10559014412378,51,"Pla2g2d/Card11/Tnfsf4/Il23r/Icos/Lag3/Loxl3"
"GOBP_RESPONSE_TO_HYDROGEN_PEROXIDE",0.258574863941273,0.962387279616607,0.028476368955706,0.470462548827225,1.17847421048857,18,"Il18rap/Lcn2/Cyp1b1/Hba-a1/Hp/Il18bp/Cdk1/Ect2/Stat1/Areg"
"GOBP_RESPONSE_TO_LIGHT_STIMULUS",0.259480812641084,0.962387279616607,0.0264084663455774,0.382021157715638,1.15186026093813,52,"Fen1/Grin2a/Drd1/Lcn2/Tulp1/Ivl/Rag1/Fbxl21/Cpt1b/Elovl4/Unc119/Rbp4/Sema5b/Guca1a/Casp7/Serpinb13/Mapk10"
"GOBP_SUPRAMOLECULAR_FIBER_ORGANIZATION",0.26099436186571,0.962387279616607,0.0246888551336636,0.329440849258988,1.11520369599905,154,"Krt10/Krt20/Krt25/Krt27/Alox15/Camp/Plek/Agfg2/Krt79/Tmsb10/Ccdc88b/Cdc42ep5/Vil1/Cyp1b1/Ldlr/Furin/Myl9/Sptbn4/Ang/Adamts19/Hck/Rhpn1/Slain1/Stmn4/Nme7/Ckap2/Foxc2/Tpx2/P3h1/S1pr1/Snca"
"GOBP_CELLULAR_COMPONENT_DISASSEMBLY",0.26193106495802,0.962387279616607,0.0258824847531805,0.370252282591326,1.14485634635204,62,"Nfe2/Plek/Saysd1/Vil1/Ddrgk1/Adgrb3/Furin/Sptbn4/Mtrf1/Stmn4/Noxo1/Ckap2/Klk7/Tpx2/Vamp8/Il1b/Eef2k/Acvr1c/C1qa/Tnf/Cdk1/Lix1/Kif24"
"GOBP_RESPONSE_TO_ENDOGENOUS_STIMULUS",0.261995967741936,0.962387279616607,0.0243487605125742,0.315475875917696,1.0967010416457,247,"Fbp1/Gria1/Vgf/Slc34a2/Lcn2/Lpxn/Stc1/Bglap/Sox5/Scgb1a1/Gck/Nr1d1/Vil1/Tshr/Ddrgk1/Gpr21/Cldn1/Sp7/Gata3/Ldlr/Esrrg/Cdo1/Bglap2/Bglap3/Fgf22/Furin/Ccdc62/Ang/Gcnt1/Sgk1/Pnpla3/Vcam1/Gnrh1/Pklr/Flrt1/Ovol2/Ghr/Rbp4/Vegfc/mt-Cytb/Foxc2/Dhcr24/Eme1/Ccl5/Dock3/Pgrmc2/Oxtr/Snca/Sulf2/Foxd1/Sox10/Mt3/Fut1/Slc27a4/Igf2/Cited4/Gdf6/Ass1/Pdcd4/Insig1/Slc5a5/Creb3l1/Il1b/Eef2k/Tmem108/Acvr1c/Tigar/Ahsg/Adipoq/Hap1/Htra3/Coro1a/Tnf/Apln/Rcan1/Trp63/Spry4"
"GOBP_POSITIVE_REGULATION_OF_TYPE_II_INTERFERON_PRODUCTION",0.264099037138927,0.962387279616607,0.0583823590311228,-0.373918034631592,-1.14652810919584,17,"Tnfsf4/Il23r"
"GOBP_POSITIVE_REGULATION_OF_TRANSPORT",0.264154828083179,0.962387279616607,0.0245594227683537,0.331472124953898,1.11672580813692,144,"Ffar4/Drd1/Fpr2/Lcn2/Stc1/Fgr/Tulp1/Bglap/Slc18a3/Adora2b/Adcyap1/Gck/Bglap2/Bglap3/Ang/Cep131/Sgk1/Dbi/P2ry12/Rab27a/Trf/Adora1/Syt10/Nlgn1/Rbp4/P2rx2/Tnfsf11/C4b/Vegfc/Ccl5/Snca/Grp/Vamp8/Scamp5/Cep290/Wnk3/Homer1/Cd177/Il1b/Rab2b/Eef2k/Ano1/Slc4a8/Ahsg/Sele/Adipoq/Bicd1/Hap1/Tnf/Apln/Cdk1/Ect2/Nnat/Ednra/Zic1/Slc7a5/Cd300lf/Grem1/Syt9/Vps28/Fxyd7/Kif20b/Selenot"
"GOBP_RESPIRATORY_GASEOUS_EXCHANGE_BY_RESPIRATORY_SYSTEM",0.264356435643564,0.962387279616607,0.0607718687747803,-0.350297033185246,-1.1470946432103,21,"Spag16/Ucp3"
"GOBP_TISSUE_MORPHOGENESIS",0.264358108108108,0.962387279616607,0.024965118718487,0.344518090862076,1.12589171477727,103,"Gcnt4/Brsk2/Flg2/Krt25/Krt27/Lcn2/Stc1/Epha7/Astn2/Gata3/Fzd2/Timeless/Gcnt1/Ovol2/Stox1/Vegfc/Foxc2/Serpinb5/Pou4f1/S1pr1/Foxd1/Sox10/Tbx6/Aldh1a3/Wnt16/Traf3ip1/Cep290"
"GOBP_RESPONSE_TO_LEUKEMIA_INHIBITORY_FACTOR",0.264548286604361,0.962387279616607,0.0277937928015159,0.449837618404784,1.17369555071494,22,"Hells/Nme7/Rfx2/Tnfsf11/Vegfc/Msc/Rif1/Cth/Spry4/Icam1/Arid5b/Rnf125/Rps16/Socs3"
"GOBP_RRNA_PROCESSING",0.264608192889654,0.962387279616607,0.027563145766792,0.439711811795451,1.16915215687706,24,"Pin4/Fam207a/Exosc2/Nop58/Rpusd4/Mrm1/Rps17/Rrp36/Nop53/Rps25/Rpusd1/Rpl11/Nhp2/Rnasel/Rps28/Utp23/Rps16"
"GOBP_T_CELL_PROLIFERATION",0.26503164556962,0.962387279616607,0.0775512583160702,-0.281446443342316,-1.10565096416824,46,"Pla2g2d/Card11/Tnfsf4/Il23r/Gpam/Btla"
"GOBP_POSITIVE_REGULATION_OF_KINASE_ACTIVITY",0.265361481306758,0.962387279616607,0.0267793201296367,0.407721346988958,1.15759388078873,35,"Diras2/Adcyap1/Mrnip/Lcp2/Unc119/Stox1/Tpx2/Mt3/Mmd/Tcim/Tigar/Adipoq/Tnf"
"GOBP_DIGESTION",0.269906542056075,0.968413065279909,0.0274412621917787,0.447733609116737,1.16820586679566,22,"Chia1/Amy1/Vil1/Ldlr/Arx/Sgk1/Rbp4"
"GOBP_RESPONSE_TO_FIBROBLAST_GROWTH_FACTOR",0.270031152647975,0.968413065279909,0.0274331775259348,0.447641663956041,1.1679659677263,22,"Scgb1a1/Gata3/Fgf22/Flrt1/Ccl5/Snca/Sulf2/Creb3l1/Apln/Spry4"
"GOBP_NEGATIVE_REGULATION_OF_POST_TRANSLATIONAL_PROTEIN_MODIFICATION",0.270042194092827,0.968413065279909,0.0278855433998514,0.472574416326991,1.16834292116275,17,"P3h1/Bex2/Vps28/Bag2/Pias3/Rpl11/Ppia/Dtx3l/Bex1/Tnfaip3/Isg15/Senp2"
"GOBP_REGULATION_OF_CELL_JUNCTION_ASSEMBLY",0.27042735042735,0.968413065279909,0.0258681820896116,0.384916778020712,1.14733959050336,48,"Epha7/Cldn1/Cntnap2/Adgrb3/Slitrk1/Lin7a/Ephb1/Slitrk5/Flrt1/Nlgn1/Thbs2/Snca/Nckipsd/Il1b/Eef2k/Nedd8/Tnf/Crmp1/Clstn3/Ace/Caskin1/Grem1"
"GOBP_ADULT_BEHAVIOR",0.270660901791229,0.968413065279909,0.0272406562115209,0.442879670732015,1.167651127667,23,"Atp6v1b1/Drd1/Hoxd9/Cntnap2/Slitrk1/Sptbn4/Slitrk5"
"GOBP_IMPORT_ACROSS_PLASMA_MEMBRANE",0.272788203753351,0.972523364485981,0.0700863026681222,-0.296180262895646,-1.10496667741733,37,"Slc22a2/Lrp2/Scnn1g/Kcnj15/Slc1a3"
"GOBP_NEGATIVE_REGULATION_OF_SMALL_MOLECULE_METABOLIC_PROCESS",0.273271028037383,0.972523364485981,0.0272247423525366,0.446530087218952,1.16506569301111,22,"Fbp1/Plek/Slc4a1/Gck"
"GOBP_REGULATION_OF_TISSUE_REMODELING",0.278433406821424,0.985904957241326,0.027595843858204,0.48543579833757,1.16943418368888,15,"Bglap/Bglap2/Bglap3/Tnfsf11/Ypel4/S1pr1"
"GOBP_BIOMINERAL_TISSUE_DEVELOPMENT",0.278563785518963,0.985904957241326,0.0260844424886475,0.411497129648606,1.15305439899882,32,"Alox15/Dmp1/Fgr/Bglap/Sp7/Odam/Bglap2/Bglap3/Tspear"
"GOBP_SPINDLE_ASSEMBLY",0.279253319969932,0.985904957241326,0.0269416229575224,0.448939260402221,1.1603184005656,21,"Ccnb2/Kif15/Aspm/Cdca8/Tpx2/Ccdc61/Haus5/Arhgef10"
"GOBP_SMOOTH_MUSCLE_CONTRACTION",0.280398925968546,0.987330609693479,0.0272247423525366,0.469536780477184,1.16083299210274,17,"Htr7/Drd1/Adora2b/P2rx2/Sulf2"
"GOBP_ESTABLISHMENT_OF_RNA_LOCALIZATION",0.283118556701031,0.9898212577479,0.027192973763518,0.477282417671272,1.16480223784624,16,"Nxf7/Sarnp/Ranbp17"
"GOBP_CELL_CYCLE_PROCESS",0.283768675678423,0.9898212577479,0.023183680090671,0.318599438647368,1.09290307746214,191,"Brsk2/Fen1/Epgn/Susd2/Ccnb2/Cdc25c/Kif15/Knl1/Ddrgk1/Mrnip/Fignl1/Psme2/2610528A11Rik/Gpsm1/Rad1/Rad9b/Timeless/Cep131/Cdk2ap2/Zfyve19/Mastl/Rad54b/Cdkn2c/Ncaph/Aspm/Nuf2/Unc119/Stox1/Crnn/Cks2/Donson/Cdca8/Ckap2/Ankle1/Eme1/Tpx2/Sirt2/Esco1/Gen1/Ccdc61/Cdk10/Mnat1/Mki67/Wnt16/Bub1/Igf2/Ncapg/Aven/Arl8a/Tcim/Zfp503/Il1b/Ptpn6/Cdk18/Tube1/Nop53/Haus5/Tnf/Gpnmb/Slfn9/Cep85/Arl3/Arhgef10/Smc4/Trp63/Cdk1/Ccnb1/Ect2/Ednra/Nusap1/Ccnf/Bora/Ncapd2/4930447C04Rik/Pim2/Cep250/Esco2/Atrip/Kif20b/Cep126/Klhdc3/Kif18a/Ppp1r35/Mlf1/Tert/Cenpv"
"GOBP_ACTIN_FILAMENT_ORGANIZATION",0.284158415841584,0.9898212577479,0.0244504540047781,0.363086286031417,1.12778391616901,64,"Alox15/Plek/Tmsb10/Cdc42ep5/Vil1/Myl9/Sptbn4/Ang/Hck/Rhpn1"
"GOBP_HEMOSTASIS",0.286392405063291,0.9898212577479,0.0744947003424623,-0.275778970340398,-1.0833865258099,46,"Angpt4/Serpind1/Adamts18/Col3a1/Angptl4/Comp/F2rl3/Ephb2"
"GOBP_GLYCOPROTEIN_METABOLIC_PROCESS",0.287181777579276,0.9898212577479,0.0245208540897068,0.369299437864875,1.12845249044245,57,"Gcnt4/Galnt2/St8sia1/Tmem258/Chst4/Gcnt1/Gxylt2/Rft1/Hs3st6/B3galt5/Adamts13/B3gnt9/Sulf2/Chpf2/Fut1/Gusb/Cela1/Acot8/Chst12/B4galt5/Ndst2/Large2/Ednra"
"GOBP_PROTEIN_LOCALIZATION_TO_EXTRACELLULAR_REGION",0.288436268068331,0.9898212577479,0.0241291682637753,0.360693684566358,1.12710496955686,67,"Brsk2/Krt20/Vgf/Plek/Adcyap1/Gck/Nr1d1/Ang/Rab27a/Sucnr1/Slc9b2/Rbp4/Vegfc/Ccl5/P3h1/Ap1s1/Il1b/Acvr1c/Ano1/Slc4a8/Arfip1/Fam3b/Uqcc2/Tnf/Sncg/Hmgcr/Clstn3"
"GOBP_ORGANIC_ANION_TRANSPORT",0.288956127080182,0.9898212577479,0.103526179501938,-0.247419692326353,-1.08405488838076,85,"Umod/Cftr/Pla2g2d/Slc22a2/Lrp2/Slc13a2"
"GOBP_REGULATION_OF_LYMPHOCYTE_DIFFERENTIATION",0.289560078791858,0.9898212577479,0.067207783715993,-0.295625729052339,-1.09436197209518,36,"Card11/Tnfsf4/Il23r/Slamf8/Lag3/Loxl3"
"GOBP_REGULATION_OF_INTRACELLULAR_PROTEIN_TRANSPORT",0.289561457689932,0.9898212577479,0.0260771738436169,0.436472370039918,1.15075829565675,23,"Brsk2/Cep131/Cep290/Insig1/Il1b/Nfkbia/Adipoq/Cdk1/Ect2/Zic1/Kif20b/Sufu/Xpo1"
"GOBP_REGULATED_EXOCYTOSIS",0.29043018173453,0.9898212577479,0.0248262221351105,0.385561468049009,1.13131281839701,43,"Plek/Fgr/Adora2b/2610528A11Rik/Unc13c/Hck/Syn2/Rab27a/Syt10/Nlgn1/Snca/Grp/Vamp8/Scamp5/Cd177/Slc4a8/Coro1a/Stxbp2/Osbpl2/Syt9/Fcer1a"
"GOBP_REGULATION_OF_GROWTH",0.290539100788408,0.9898212577479,0.0235639219698724,0.345200827408542,1.11467246164653,90,"Fbp1/Sash3/Ccnb2/Epha7/Vil1/Gpr21/Arx/Lin7a/Sptbn4/Sgk1/Alox8/Cdkn2c/Lamtor2/Exosc2/Ghr/Rbp4/Foxc2/P3h1/Hlx/Mt3/Npy1r/Igf2"
"GOBP_PHOSPHOLIPID_TRANSPORT",0.292162127605166,0.9898212577479,0.0265133256279299,0.465538820480052,1.15094885936012,17,"Pctp/Slc4a1/Tnfaip8l3/Ldlr/Dbi/Atp11c"
"GOBP_MICROTUBULE_CYTOSKELETON_ORGANIZATION",0.293333333333333,0.9898212577479,0.137111915255226,-0.224700053314052,-1.055800773701,127,"Spag16/Calml4/Cntn2/Dnaaf3/Ttc12/Cfap206/Tubg2/Iqcg/Rsph9/Fkbp4/Hydin/Ccdc103"
"GOBP_CHEMOKINE_PRODUCTION",0.293568597366066,0.9898212577479,0.0264308634155429,0.464948564882005,1.14948957395273,17,"Chia1/Adora2b/Adcyap1/Hc/Ticam2/Alox8"
"GOBP_REGULATION_OF_MICROTUBULE_CYTOSKELETON_ORGANIZATION",0.293717152412805,0.9898212577479,0.0252680562881312,0.411118916781864,1.14005620597025,30,"Atat1/Cdk2ap2/Slain1/Stmn4/Nme7/Ckap2/Tpx2/Snca/Traf3ip1/Haus5/Bicd1"
"GOBP_SPHINGOLIPID_METABOLIC_PROCESS",0.294205607476635,0.9898212577479,0.0259542422898483,0.439259648796983,1.1460960006633,22,"Degs2/St8sia1/Fads3/Hacd4/Smpd2/Fa2h/Elovl4/Fut1/A3galt2/Cerkl/B4galt5/Sptlc1"
"GOBP_ATP_SYNTHESIS_COUPLED_ELECTRON_TRANSPORT",0.294243607507243,0.9898212577479,0.0261354403230065,0.452234180797808,1.14692829225506,19,"Ndufs6/mt-Nd2/mt-Cytb/Snca/mt-Co1/mt-Co2/Uqcc3/mt-Co3/Cdk1/Ccnb1/Ndufa11/Ndufa1/Ndufb6/Uqcrb"
"GOBP_MEIOTIC_CELL_CYCLE_PROCESS",0.294492275032433,0.9898212577479,0.0250117630398711,0.39989191621668,1.13536472546248,35,"Ccnb2/Cdc25c/Knl1/Fignl1/Rad1/Mastl/Rad54b/Ncaph/Aspm/Nuf2/Cks2/Ankle1/Eme1/Sirt2"
"GOBP_METAPHASE_CHROMOSOME_ALIGNMENT",0.297756451822072,0.992388247781714,0.0264308634155429,0.478710934755583,1.15323371932191,15,"Knl1/Nuf2/Cdca8/Sirt2/Cdk1/Ccnb1/Ect2/Kif18a/Cep55"
"GOBP_REGULATION_OF_CELL_DIVISION",0.298201438848921,0.992388247781714,0.0250787012305676,0.412818475460644,1.13775192146603,29,"Susd2/2610528A11Rik/Cdk2ap2/Zfyve19/Aspm/Cdca8/Vegfc/Sirt2/Ppbp/Igf2/Il1b/Trp63/Ect2"
"GOBP_PURINE_CONTAINING_COMPOUND_CATABOLIC_PROCESS",0.299455765093026,0.992388247781714,0.0259183125173421,0.456302329221097,1.14300389800084,18,"Fbp1/Slc4a1/Gck"
"GOBP_RESPONSE_TO_CALCIUM_ION",0.300572519083969,0.992388247781714,0.0248591528194406,0.408312416167113,1.13743779212328,31,"Kcnmb4/Alox15/Itpka/Sucnr1/Nlgn1/mt-Cytb/Mnat1/Guca1a/Homer1/Eef2k/Ect2/Fosb/Thbs1/Fgg/Penk/Adgrv1/Endog"
"GOBP_CELLULAR_RESPONSE_TO_REACTIVE_OXYGEN_SPECIES",0.301059190031153,0.992388247781714,0.025564538051783,0.437016032414704,1.14024206035762,22,"Il18rap/Lcn2/Mpo/Cyp1b1"
"GOBP_LEUKOCYTE_CELL_CELL_ADHESION",0.302571860816944,0.992388247781714,0.101117648743061,-0.245122133968463,-1.07398827102387,85,"Umod/Pla2g2d/Card11/Tnfsf4/Il23r/Gpam/Icos/Btla/Lag3"
"GOBP_ENERGY_DERIVATION_BY_OXIDATION_OF_ORGANIC_COMPOUNDS",0.302609474745212,0.992388247781714,0.0237133479825838,0.368468038331197,1.11965007674329,55,"Nnt/Gck/Nr1d1/Ndufs6/mt-Atp6/mt-Atp8/Hccs/mt-Nd2/mt-Cytb/Mtfr2/Snca/Mt3/Igf2/mt-Co1/1700066M21Rik/mt-Co2/Tigar/Uqcc3/Nop53/mt-Co3/Uqcc2/Tnf/Cdk1/Ccnb1"
"GOBP_KERATINOCYTE_DIFFERENTIATION",0.302787878787879,0.992388247781714,0.0250050888948443,0.417821344317199,1.13563839301831,27,"Krt10/Ivl/Krt79/Alox8/Ovol2/Mafb"
"GOBP_REGULATION_OF_MITOTIC_CELL_CYCLE_PHASE_TRANSITION",0.30328144249076,0.992388247781714,0.0236773204896588,0.368306510484717,1.11915924810445,55,"Cdc25c/Knl1/Mrnip/Psme2/Cdk2ap2/Zfyve19/Cdkn2c/Nuf2/Stox1/Donson/Cdca8/Sirt2/Gen1/Cdk10/Mnat1/Bub1/Aven/Ptpn6/Nop53/Gpnmb/Slfn9/Cdk1/Ccnb1"
"GOBP_POSITIVE_REGULATION_OF_EPITHELIAL_CELL_PROLIFERATION",0.3034282393957,0.992388247781714,0.0242730331357214,0.387598753518603,1.12359308632194,40,"Epgn/St8sia1/Cldn1/Odam/Ang/Crnn/Vegfc/Ccl5/Hlx/Igf2/Tnf/Apln/Vash2/Trp63/Egfl7/Scg2/Areg"
"GOBP_REGULATION_OF_GTPASE_ACTIVITY",0.304629749708209,0.992388247781714,0.0260408931785063,0.476858054328868,1.14877005653332,15,"Adcyap1/Odam/Gpsm1/Adap1"
"GOBP_OSTEOCLAST_DIFFERENTIATION",0.305003088326127,0.992388247781714,0.0252001002150554,0.430634024960973,1.13536551367633,23,"Bglap/Bglap2/Bglap3/Trf/Tob2/Slc9b2/Mafb/Tnfsf11/Pou4f1"
"GOBP_REGULATION_OF_PEPTIDE_TRANSPORT",0.307030796048809,0.992388247781714,0.0240795170552961,0.38648149303851,1.12035430874679,40,"Brsk2/Ffar4/Adcyap1/Gck/Nr1d1/Adora1/Slc9b2/Rbp4/Tnfsf11/Ccl5/Grp/Il1b/Acvr1c/Ano1/Uqcc2/Tnf/Apln"
"GOBP_PURINE_NUCLEOTIDE_BIOSYNTHETIC_PROCESS",0.307796028438343,0.992388247781714,0.0249186479301224,0.42153780810627,1.12889377650989,25,"Haao/Ndufs6/mt-Atp6/mt-Atp8/Nme7/mt-Nd2/Guca1a/Uqcc3/Nmnat2"
"GOBP_TRANSLATION",0.309126594700687,0.992388247781714,0.0229384384694753,0.353826550833585,1.11150585296803,70,"Sarnp/Saysd1/Ddrgk1/Ang/Mtrf1/Ccl5/Rpl38/Rpusd4/Rps17/Eef2k/Rps23/Rpl27a/Mrpl41/Nmnat2/Uqcc2/Tnf/Rps9/Rps25/Pld1/Cpeb4/Lrrc47/Rps26/Selenot/Mrps25/Rpl11/Rps6ka3/Thbs1/Hemk1/Rps28/Rpl32/Abtb1/Rpl36a/Rps2/Rgs2/Elavl1/Eif1b/Rps16/Rpl31/Aimp2/Rpl28/Rps24/Rbms3/Mrpl44/Cirbp/Mrps26/Ybx1"
"GOBP_REGULATION_OF_SYNAPSE_ASSEMBLY",0.309582890228052,0.992388247781714,0.0242165392930001,0.399654217779472,1.12951503264586,34,"Epha7/Adgrb3/Slitrk1/Lin7a/Ephb1/Slitrk5/Flrt1/Nlgn1/Thbs2/Snca/Nckipsd/Eef2k/Nedd8/Crmp1/Clstn3"
"GOBP_DOUBLE_STRAND_BREAK_REPAIR",0.309942210166293,0.992388247781714,0.0241665376312633,0.396286218065951,1.12512750304064,35,"Fen1/Tonsl/Mrnip/Fignl1/Ggn/Timeless/Rad54b/Ankle1/Eme1/Gen1/Fus/Ube2n/Rif1/Swi5/4930447C04Rik/Esco2/Atrip"
"GOBP_EPITHELIAL_CELL_PROLIFERATION",0.310197544046983,0.992388247781714,0.0225493896866513,0.342905930271457,1.10475226996543,88,"Epgn/Bglap/St8sia1/Nr1d1/Cldn1/2610528A11Rik/Odam/Thap1/Gata3/Bglap2/Arx/Bglap3/Ang/Fa2h/Ovol2/Crnn/Tnfsf11/Vegfc/Serpinb5/Ccl5/Hlx/Sulf2/Fut1/Apoh/Wnt16/Igf2"
"GOBP_MONOATOMIC_ANION_TRANSPORT",0.310787878787879,0.992388247781714,0.0245723056101641,0.415531282035227,1.12941400385011,27,"Gabrq/Gabra3/Gabra4/Stc1/Slc4a1"
"GOBP_NUCLEOSIDE_TRIPHOSPHATE_BIOSYNTHETIC_PROCESS",0.312236286919831,0.992388247781714,0.0253844341133135,0.458849442049651,1.13441074881897,17,"Ndufs6/mt-Atp6/mt-Atp8/Nme7/mt-Nd2"
"GOBP_CELL_CYCLE",0.314732593340061,0.992388247781714,0.0214312814210233,0.309123162537872,1.07346063733642,243,"Brsk2/Fen1/Epgn/Susd2/Ccnb2/Adcyap1/Cdc25c/Kif15/Knl1/Exd1/Asns/Ddrgk1/Mrnip/Fignl1/Psme2/2610528A11Rik/Thap1/Gata3/Gpsm1/Rad1/Rad9b/Timeless/Cep131/Cdk2ap2/Zfyve19/Alox8/Mastl/Rad54b/Cdkn2c/Ncaph/Aspm/Nuf2/Ovol2/Unc119/Stox1/Crnn/Ccpg1/Cks2/Donson/Cdca8/Ckap2/Ankle1/Gadd45g/Eme1/Tpx2/Sirt2/Pou4f1/Esco1/Gen1/Ccdc61/Cdk10/Mnat1/Mki67/Wnt16/Bub1/Igf2/Ncapg/Aven/Arl8a/Mcrs1/Tcim/Zfp503/Il1b/Ptpn6/Cdk18/Anapc10/Tube1/Tsc22d2/Nop53/Haus5/Tnf/Gpnmb/Slfn9/Cep85/Arl3/Arhgef10/Smc4/Trp63/Cdk1/Ccnb1/Ect2/Ednra/Nusap1/Ccnf/Bora/Ncapd2/4930447C04Rik/Pim2/Jade3/Pbk/Cep250/Esco2/Atrip/Kif20b/Rnf167/Cep126/Klhdc3/Kif18a/Ppp1r35/Mlf1/Tert/Cenpv"
"GOBP_GLYCEROPHOSPHOLIPID_METABOLIC_PROCESS",0.315026697177727,0.992388247781714,0.0695529583952141,-0.273830019011614,-1.06777883313743,44,"Pla2g2d/Plch1/Gpam/Liph/Pi4k2b/Serac1/Spata18"
"GOBP_CELLULAR_RESPONSE_TO_NUTRIENT_LEVELS",0.317581653926338,0.992388247781714,0.0234751270669149,0.382274418082254,1.11235929530585,41,"Krt20/Lcn2/Bglap/Asns/Sp7/Bglap2/Bglap3/Dsc2/Nprl3/Nprl2/Stk26/Slc7a5/Pld1/Cpeb4/Mfsd2a/Rnf167/Kcnj11/Hrk/Penk/Cdkn1a/Lpl"
"GOBP_GLYCOPROTEIN_BIOSYNTHETIC_PROCESS",0.317720797720798,0.992388247781714,0.0232067437495815,0.373166769622762,1.11231578641501,48,"Gcnt4/Galnt2/St8sia1/Tmem258/Chst4/Gcnt1/Gxylt2/Rft1/Hs3st6/B3galt5/B3gnt9/Chpf2/Fut1"
"GOBP_REGULATION_OF_NERVOUS_SYSTEM_PROCESS",0.317934438678648,0.992388247781714,0.0249120233414924,0.449479402789895,1.12591296725773,18,"Gria1/Grin2a/Cst7/Adora1/Nlgn1/Sox10/Grin2c/Cdk18/Tmem108/Tnf"
"GOBP_REGULATION_OF_CIRCADIAN_RHYTHM",0.318885053062268,0.992388247781714,0.0250318068873382,0.456546627312065,1.12871751362795,17,"Nr1d1/Fbxl21/Timeless/Adora1/Nlgn1/Mapk10"
"GOBP_DEFENSE_RESPONSE_TO_GRAM_POSITIVE_BACTERIUM",0.319151515151515,0.992388247781714,0.024135388674134,0.413287711399581,1.1233159789743,27,"Camp/Dmbt1/Fgr/2610528A11Rik/Ang/Hck"
"GOBP_CARBOHYDRATE_HOMEOSTASIS",0.321469443808652,0.992388247781714,0.023086138883827,0.374615032577079,1.10778878446012,46,"Brsk2/Vgf/Bglap/Gck/Nr1d1/Gpr21/Bglap2/Bglap3/Sucnr1/Slc9b2/Rbp4"
"GOBP_CHEMICAL_SYNAPTIC_TRANSMISSION_POSTSYNAPTIC",0.322785630916872,0.992388247781714,0.0250652848894223,0.470651268074617,1.13381766109518,15,"Gria1/Grin2a/Adora1/Nlgn1/P2rx2/Snca/Grin2c"
"GOBP_REGULATION_OF_CELL_CYCLE_G1_S_PHASE_TRANSITION",0.323237048298445,0.992388247781714,0.0233460402809052,0.387071480192926,1.11238924704962,38,"Susd2/Ddrgk1/Psme2/2610528A11Rik/Cdk2ap2/Cdkn2c/Stox1/Crnn/Cdk10/Mnat1/Tcim/Ptpn6/Gpnmb/Slfn9/Trp63"
"GOBP_NITROGEN_COMPOUND_TRANSPORT",0.323550105538245,0.992388247781714,0.0209418871689618,0.305553008226688,1.06642805034796,278,"Pou3f3/Slc17a1/Brsk2/Slc7a13/Krt20/Rab9b/Nxf7/Slc6a13/Slc23a3/Vgf/Ffar4/Sarnp/Drd1/Slc6a20a/Plek/Dmbt1/Ap3b2/Slc18a3/Adcyap1/Slc13a3/Arrdc5/Rhd/Gck/Nr1d1/Ap3m2/Astn2/Rab34/Sec61a2/Timm21/Lin7a/Ranbp17/Ang/Cep131/Rab3il1/Rab27a/Adora1/Sucnr1/Sprn/Unc119/Slc9b2/Rbp4/Tnfsf11/Vegfc/Kpna2/Ankle1/Vps51/Ccl5/Mgst1/P3h1/Atp11c/Reep2/Pgrmc2/Ap4m1/Snca/Grp/Slc7a14/Rab37/Vamp8/Ap1s1/Cd209b/Scamp5/Cep290/Insig1/Mlph/Arl8a/Hba-a1/Il1b/Rab2b/Acvr1c/Ano1/Slc4a8/Arfip1/Nfkbia/Fam3b/Adipoq/Hap1/Uqcc2/Tnf/Gnat2/Apln/Sncg/Arl3/Neurl1b/Hmgcr/Clstn3/Cdk1/Slc16a10/Kif17/Stxbp2/Ect2/Nnat/Ednra"
"GOBP_RESPONSE_TO_PURINE_CONTAINING_COMPOUND",0.323843416370107,0.992388247781714,0.0235461117901514,0.397039137814413,1.11690642648459,33,"Fbp1/Vgf/Stc1/Cdo1/P2ry12/Adora1/Pklr/P2rx2/Ass1/Slc5a5/Il1b/Eef2k/Adipoq"
"GOBP_RESPONSE_TO_CORTICOSTEROID",0.323861609796695,0.992388247781714,0.0235817578906043,0.39922382725432,1.11866342930224,32,"Stc1/Bglap/Scgb1a1/Cldn1/Cdo1/Bglap2/Bglap3/Sgk1/Ghr"
"GOBP_REGULATION_OF_PROTEIN_CONTAINING_COMPLEX_ASSEMBLY",0.324353920280333,0.992388247781714,0.0222414600414195,0.352719699355033,1.1021876539968,67,"Alox15/Bbc3/Plek/Tmc8/Cdc42ep5/Vil1/Atat1/Sptbn4/Hck/Slain1/P2ry12/Nme7/Sirt2/Snca/Traf3ip1/Nop53/Haus5/Coro1a/Tnf"
"GOBP_T_CELL_DIFFERENTIATION_INVOLVED_IN_IMMUNE_RESPONSE",0.324444444444444,0.992388247781714,0.0544267856756359,-0.340676735983803,-1.09441289215494,20,"Tnfsf4/Il23r/Icos/Loxl3/H2-Eb1"
"GOBP_ORGANIC_ACID_CATABOLIC_PROCESS",0.324473593372454,0.992388247781714,0.0230234336016358,0.376958218522269,1.1081299879604,44,"Cbs/Gad2/Sardh/Fah/Acot4/Haao/Gls2/Thnsl2/Cdo1/Cpt1b/Cyp4f18/Echdc1/Cyp2w1/Slc27a4/Bckdha/Npl/Mccc2/Adipoq/Acot8"
"GOBP_ODONTOGENESIS",0.324621733149931,0.992388247781714,0.0522851537507428,-0.357097009309108,-1.09495055323034,17,"Cftr/Csf3r/Alpl/Col1a1"
"GOBP_LONG_TERM_SYNAPTIC_POTENTIATION",0.325607476635514,0.992388247781714,0.0242604567010187,0.428588319729027,1.11825286141743,22,"Gria1/Grin2a/Drd1/Slc18a3"
"GOBP_REGULATION_OF_NEUROTRANSMITTER_SECRETION",0.326234026559759,0.992388247781714,0.0243171512838986,0.432338056364983,1.1174112988372,21,"Kcnmb4/Bglap/Slc18a3/Bglap2/Bglap3/Nlgn1/Snca"
"GOBP_MUSCLE_CONTRACTION",0.326803895528995,0.992388247781714,0.0222895691377417,0.355923882793453,1.09795651213943,61,"Htr7/Drd1/Stc1/Adora2b/Scn8a/Ndufs6/Myl9/Myl6/Adora1/Dsc2/P2rx2/Oxtr/Sulf2/Trdn/Homer1/Jph4"
"GOBP_REGULATION_OF_GLUCOSE_METABOLIC_PROCESS",0.327942835652501,0.992388247781714,0.0242416159159291,0.435027652493793,1.11610507805183,20,"Fbp1/Nnmt/Gck"
"GOBP_ALCOHOL_METABOLIC_PROCESS",0.328994082840237,0.992388247781714,0.0853949304825912,-0.247991069274195,-1.05239958767744,69,"Cftr/Miox/Apol8/Lrp2/Sult1c1/Gnb3"
"GOBP_NUCLEAR_TRANSPORT",0.330581436490152,0.992388247781714,0.0231204769713147,0.389513990195873,1.10840601935211,36,"Nxf7/Sarnp/Drd1/Rita1/Ranbp17/Sprn/Kpna2/Ankle1/Il1b/Nfkbia/Cdk1/Ect2/Zic1/Tert/Sufu/Xpo1/Snupn/Cdkn1a/Cpsf6/Elavl1"
"GOBP_NEGATIVE_REGULATION_OF_DEFENSE_RESPONSE",0.330964467005076,0.992388247781714,0.0223917573049777,0.363582403133588,1.09839868135392,53,"Ffar4/Fpr2/Fgr/Spn/Rnf26/Nr1d1/Gata3/Ldlr/Furin/Hck/Cst7/Adora1"
"GOBP_SODIUM_ION_TRANSPORT",0.331286948613006,0.992388247781714,0.0225002520992556,0.368841779878817,1.10237818589958,49,"Slc17a1/Atp6v1b1/Slc6a13/Grin2a/Slc34a2/Slc6a20a/Slc13a3/Scn8a/Sptbn4/Sgk1"
"GOBP_RHYTHMIC_PROCESS",0.331777336912125,0.992388247781714,0.0228933469010914,0.3827956001655,1.10448145150904,39,"Htr7/Nr1d1/Fbxl21/Timeless/Car12/Gnrh1/Adora1/Nlgn1/Hebp1/Ass1/Mapk10/Adipoq/Tnf/Cdk1"
"GOBP_REGULATION_OF_BLOOD_CIRCULATION",0.33264320220842,0.992388247781714,0.0226207155008527,0.375673107948114,1.10229843427903,43,"Kcnmb4/Stc1/Sptbn4/Adora1/Dsc2/Oxtr/Trdn/Jph4/Tnf/Apln/Ace/Ednra"
"GOBP_REGULATION_OF_MRNA_METABOLIC_PROCESS",0.332895600787919,0.992388247781714,0.0624594990102385,-0.286652080359941,-1.06114287472033,36,"Celf3/Elavl4/Zc3h12d"
"GOBP_AMINO_ACID_METABOLIC_PROCESS",0.334253825796801,0.992388247781714,0.0225493896866513,0.374964862609305,1.10227019407531,44,"Cbs/Gad2/Sardh/Fah/Haao/Asns/Gls2/Thnsl2/Cdo1"
"GOBP_NEGATIVE_REGULATION_OF_INTRINSIC_APOPTOTIC_SIGNALING_PATHWAY",0.335251246643652,0.992388247781714,0.0242040199657551,0.45106903243048,1.11517528835338,17,"Rtkn2/Fignl1/Hells"
"GOBP_REGULATION_OF_STEROID_METABOLIC_PROCESS",0.337070159969769,0.992388247781714,0.0238706923384388,0.437991664206914,1.11080730466807,19,"Bglap/Nr1d1/Ldlr/Bglap2/Bglap3"
"GOBP_POSITIVE_REGULATION_OF_ENDOTHELIAL_CELL_MIGRATION",0.338227582590456,0.992388247781714,0.0549663983626419,-0.322822996801657,-1.07600034033175,23,"Angpt4"
"GOBP_CELL_SURFACE_RECEPTOR_PROTEIN_TYROSINE_KINASE_SIGNALING_PATHWAY",0.339838421991397,0.992388247781714,0.0208463157678016,0.329408892331186,1.08295459960977,108,"Anks1b/Epgn/Fgr/Dok1/Alkal2/Epha7/Vil1/Gpr21/Gata3/Fgf22/Ephb1/Nrtn/Hck/Lcp2/Flrt1/Ghr/Efna1/Vegfc/Foxc2/Dock3/Snca/Sulf2/Mt3/Slc27a4/Igf2/Creb3l1/Il1b/Tmem108/Ahsg/Adipoq/Hap1"
"GOBP_NEGATIVE_REGULATION_OF_SUPRAMOLECULAR_FIBER_ORGANIZATION",0.339961436490721,0.992388247781714,0.023017748942985,0.404126830838014,1.10621448405418,28,"Vil1/Ldlr/Sptbn4/Rhpn1/Ckap2/Tpx2/S1pr1/Snca"
"GOBP_GLAND_DEVELOPMENT",0.340926184592242,0.992388247781714,0.0211645783237657,0.34047508859404,1.08733571931671,81,"Elf5/Ascl3/Ccnb2/Rag1/Hoxd9/Cldn1/Gata3/Cdo1/Fa2h/Alox8/Mafb/Tnfsf11/Fasn/Serpinb5/Oxtr/Hlx/Sulf2/Sox10/Aldh1a3/Igf2/Ass1/mt-Co2/Cela1/Tnf/Apln/Tfap2c/Trp63/Csn3/Ednra/Slc7a5/Crip1"
"GOBP_BONE_MORPHOGENESIS",0.341983201704902,0.992388247781714,0.0235579823866944,0.430713209626537,1.10503596194966,20,"Cbs/Stc1/Nab2/Col13a1/Ghr/Phospho1"
"GOBP_ACUTE_INFLAMMATORY_RESPONSE",0.342398022249691,0.992388247781714,0.0596007554342557,-0.297588020464825,-1.06583079976009,31,"Pla2g2d/Apol8/Tnfsf4/Fcgr1/C2cd4a"
"GOBP_PROTEIN_STABILIZATION",0.342492166787178,0.992388247781714,0.0228989743073895,0.403380954515552,1.10417280028498,28,"Tmc8/Efna1/P3h1/Mt3/Nop53/Csn3/Pim2/Polr2e/Irgm2/Bag2/Rpl11/Pfdn6"
"GOBP_CELLULAR_RESPONSE_TO_CHEMICAL_STRESS",0.342583192329385,0.992388247781714,0.0218477349088295,0.360718338780046,1.08974621500205,53,"Fbp1/Il18rap/Lcn2/Mpo/Cyp1b1/Stox1/Sirt2/Mgst1/Snca/Mt3/Wnt16/Wnk3/Stk26/Il18bp/Cdk1/Ect2/Ednra/Lrrc8e"
"GOBP_RESPONSE_TO_CARBOHYDRATE",0.34378576333257,0.992388247781714,0.0220194160750257,0.369357993870542,1.0922429894115,46,"Fbp1/Brsk2/Gria1/Lcn2/Gck/Nr1d1/Pnpla3/Pklr/Slc9b2/P2rx2/Fut1/Nptx1/Il1b/Acvr1c/Ano1/Adipoq/Tnf"
"GOBP_MONOATOMIC_ION_TRANSMEMBRANE_TRANSPORT",0.345445240532242,0.992388247781714,0.0202155089217756,0.314131093051428,1.06821023317613,167,"Kcnmb4/Slc17a1/Gabrq/Atp6v1b1/Panx3/Gria1/Slc6a13/Grin2a/Gabra3/Slc34a2/Drd1/Slc6a20a/Gabra4/Lcn2/Nnt/Slc18a3/Slc4a1/Tmc8/Cacna1e/Slc13a3/Scn8a/Ndufs6/Tmem163/mt-Atp6/mt-Atp8/Kcns1/Kel/Gria4/mt-Nd2/Slc9b2/P2rx2/mt-Cytb/Kcnc3/Kcnc4/Atp11c/Snca/Grp/Grin2c/mt-Co1/Kcnab3/Slc5a5/Wnk3/Trdn/Kcnk4/Cacng4/Ptpn6/Jph4/Ano1/Slc4a8/mt-Co2/mt-Co3/Hap1/Kcnd1/Slc5a9/Coro1a"
"GOBP_DNA_DAMAGE_RESPONSE",0.346266166040884,0.992388247781714,0.0204667120238331,0.324345859675683,1.07651424513142,121,"Neil2/Fen1/Bbc3/Tonsl/Mrnip/Fignl1/Ndufs6/Rad1/Ggn/Rad9b/Timeless/Rfc4/Tex264/Sgk1/Mastl/Rad54b/Exo5/Donson/Rnaseh2c/Ankle1/Eme1/Cradd/Gen1/Mnat1/Taf5l/Fus/Wnk3/Mcrs1/Ifi204/Tigar/Hic1/Nop53/Ube2n/Tnf/Slfn9/Nrbp2/Rif1/Swi5/Trp63/Cdk1/Faap24/Vcpip1/4930447C04Rik/Crip1/Esco2/Atrip"
"GOBP_RESPONSE_TO_STEROID_HORMONE",0.346314631463146,0.992388247781714,0.0212873291706118,0.350413142459642,1.08841980896527,64,"Stc1/Bglap/Scgb1a1/Nr1d1/Ddrgk1/Cldn1/Esrrg/Cdo1/Bglap2/Bglap3/Ccdc62/Sgk1/Gnrh1/Ghr/Pgrmc2/Sox10"
"GOBP_PROTEIN_LOCALIZATION_TO_CELL_JUNCTION",0.346780255575044,0.992388247781714,0.0233227145241089,0.4257701650984,1.10043607354123,21,"Grin2a/Zdhhc15/Lamtor2/Nlgn1/Grin2c/Nptx1/Tmem108/C1ql3/Clstn3"
"GOBP_MEIOTIC_CELL_CYCLE",0.346795535611552,0.992388247781714,0.0219671367097621,0.37187840776673,1.09319705811624,44,"Ccnb2/Cdc25c/Knl1/Exd1/Fignl1/Rad1/Mastl/Rad54b/Ncaph/Aspm/Nuf2/Cks2/Ankle1/Eme1/Sirt2"
"GOBP_CIRCADIAN_RHYTHM",0.346926643680894,0.992388247781714,0.0224784762050975,0.393119536632186,1.10155862188686,32,"Htr7/Nr1d1/Fbxl21/Timeless/Adora1/Nlgn1/Hebp1/Ass1/Mapk10/Adipoq/Tnf/Cdk1"
"GOBP_BONE_REMODELING",0.347036700817015,0.992388247781714,0.0238706923384388,0.462431508702388,1.11401593319522,15,"Bglap/Bglap2/Bglap3/Tnfsf11/S1pr1/Wnt16"
"GOBP_REGULATION_OF_SYSTEM_PROCESS",0.347098573420573,0.992388247781714,0.020860603947406,0.33890405339573,1.08380807228269,82,"Kcnmb4/Gria1/Grin2a/Stc1/Adora2b/Myl9/Sptbn4/Sgk1/Cst7/Adora1/Nlgn1/Dsc2/Oxtr/Sox10/Grin2c/Wnk3/Trdn/Cdk18/Tmem108/Jph4/Adipoq/Tnf/Apln/Ace/Ednra"
"GOBP_CHLORIDE_TRANSPORT",0.34791277258567,0.992388247781714,0.023183680090671,0.421694256896039,1.10026519088396,22,"Gabrq/Gabra3/Gabra4/Slc4a1"
"GOBP_INTRINSIC_APOPTOTIC_SIGNALING_PATHWAY",0.348521458980555,0.992388247781714,0.0218891339708054,0.371557577796619,1.0922539262426,44,"Brsk2/Bbc3/Rtkn2/Fignl1/Hells/Cyp1b1"
"GOBP_BONE_MINERALIZATION",0.349474984558369,0.992388247781714,0.0229723660404143,0.416175069594676,1.0972445145561,23,"Alox15/Fgr/Bglap/Bglap2/Bglap3/Phospho1/S1pr1"
"GOBP_NEGATIVE_REGULATION_OF_PROTEIN_UBIQUITINATION",0.349630398132538,0.992388247781714,0.023749480846576,0.461467942511989,1.11169466384269,15,"Bex2/Vps28/Bag2/Rpl11/Ppia/Dtx3l/Bex1/Tnfaip3/Isg15/Senp2"
"GOBP_REGULATION_OF_INFLAMMATORY_RESPONSE",0.35060486029333,0.992388247781714,0.020676147112599,0.336765354799605,1.08088045725731,85,"Alox15/Ffar4/Fpr2/Fgr/Scgb1a1/Adora2b/Spn/Nr1d1/Shpk/Gata3/Ldlr/Furin/Hck/Cst7/Adora1/Sucnr1/Tnfsf11/Ccl5/Snca/Tnfaip8l2/Ddt/Vamp8/Pdcd4/Lgals1/Il1b/Ptpn6/Ahsg/Nfkbia/Sele/Adipoq/Tnf"
"GOBP_POSITIVE_REGULATION_OF_DEVELOPMENTAL_GROWTH",0.351030303030303,0.992388247781714,0.0225987248994441,0.403974175428088,1.09800178866823,27,"Sash3/Vil1/Gpr21/Arx/Sptbn4/Ghr/Hlx/Igf2"
"GOBP_REGULATION_OF_REACTIVE_OXYGEN_SPECIES_METABOLIC_PROCESS",0.351175706014416,0.992388247781714,0.0221882261335861,0.387619407723058,1.0955018826051,34,"Fpr2/Lcn2/Nnt/Cyp1b1/Rab27a/Noxo1/Sirt2/Snca/Mt3/Cd177/Tigar/Hp/Tnf"
"GOBP_NUCLEOBASE_CONTAINING_COMPOUND_TRANSPORT",0.355015576323988,0.997115205833135,0.0228596364782779,0.419373232754249,1.09420928182508,22,"Nxf7/Sarnp/Ranbp17/Adora1"
"GOBP_PROTEIN_LOCALIZATION_TO_SYNAPSE",0.355708988620381,0.997115205833135,0.0232414204542851,0.444988941581547,1.10014351587914,17,"Grin2a/Zdhhc15/Nlgn1/Grin2c/Nptx1/Tmem108/C1ql3/Clstn3"
"GOBP_REGULATION_OF_BINDING",0.356763434218653,0.997115205833135,0.022642745582532,0.413711706948627,1.09074986519286,23,"Tmc8/Zfp593/Gata3/Gpsm1/Sirt2/Pou4f1/Lrpap1/Adipoq/Btaf1/Rpl11/Tert/Dtx3l/Gas8/Mitd1/Cdt1/Efhb/Ifit1bl1"
"GOBP_MYELOID_LEUKOCYTE_MIGRATION",0.35703125,0.997115205833135,0.0659642175442741,-0.266904581674238,-1.04637949925697,45,"Umod/Csf3r/Slamf8/Cxcl17"
"GOBP_POSITIVE_REGULATION_OF_NEURON_DIFFERENTIATION",0.357049323439546,0.997115205833135,0.0483517351609411,-0.361113526621602,-1.07322333713235,15,"Rnf112"
"GOBP_POSITIVE_REGULATION_OF_CELL_CYCLE_PHASE_TRANSITION",0.358180907040842,0.997115205833135,0.0228036571850969,0.422244005225789,1.09132243937197,21,"Cdc25c/Ddrgk1/Stox1/Crnn/Cdk10/Trp63/Cdk1/Ccnb1/Tert/Paf1"
"GOBP_CELL_MATURATION",0.358562691131498,0.997115205833135,0.0650729978323898,-0.270261464860089,-1.0427270704879,43,"Cftr/Cntn2/Kcnq3/Catsperz/Wee2/Ret/Sox8"
"GOBP_STEROID_BIOSYNTHETIC_PROCESS",0.36061684460261,0.997115205833135,0.0218322462988161,0.387286339094335,1.08947093580065,33,"Cyp17a1/Bglap/Nr1d1/Bglap2/Bglap3/Dhcr7/Ebp/Dhcr24/Insig1/Fdps/Mvd/Tnf/Cyp3a13/Hmgcr"
"GOBP_ARTERY_DEVELOPMENT",0.360838537020517,0.997115205833135,0.0486439291756181,-0.352899164701029,-1.06919139204299,16,"Lrp2/Col3a1/Aplnr/Comp"
"GOBP_NUCLEAR_RECEPTOR_MEDIATED_SIGNALING_PATHWAY",0.361031175059952,0.997115205833135,0.0219827970887542,0.394962953565384,1.08854105627294,29,"Alox15/Nr1d1/Ddrgk1/Esrrg/Ccdc62/Alox8"
"GOBP_HOMEOSTASIS_OF_NUMBER_OF_CELLS",0.361089052750993,0.997115205833135,0.0211158209905609,0.360570616636588,1.08086956877795,50,"Gcnt4/Tnfsf14/Sash3/Slc4a1/Ccnb2/Rag1/2610528A11Rik/Gata3/Kitl/Mafb/Arsg/Ypel4"
"GOBP_RESPONSE_TO_ORGANOPHOSPHORUS",0.364026717557252,1,0.0217704871824014,0.39061304971147,1.08813258486981,31,"Fbp1/Vgf/Stc1/Cdo1/P2ry12/Pklr/P2rx2/Ass1/Slc5a5/Il1b/Eef2k/Adipoq"
"GOBP_REGULATION_OF_SMALL_MOLECULE_METABOLIC_PROCESS",0.365538735529831,1,0.0206339723048616,0.35011446814302,1.07258675414141,58,"Fbp1/Plek/Bglap/Slc4a1/Nnmt/Gck/Nr1d1/Ldlr/Bglap2/Bglap3"
"GOBP_REGULATION_OF_PROTEIN_CONTAINING_COMPLEX_DISASSEMBLY",0.366449303158164,1,0.0227646229334164,0.441586135198283,1.09173077787932,17,"Plek/Vil1/Sptbn4/Ckap2/Tpx2"
"GOBP_PROTEIN_AUTOPHOSPHORYLATION",0.366728971962617,1,0.0223432461588525,0.416089419257883,1.08564130722186,22,"Fgr/Epha7/Ephb1/Hck/Map3k21/Stk26/Eef2k/Adipoq"
"GOBP_ESTABLISHMENT_OF_CELL_POLARITY",0.366960746707582,1,0.0227423732290563,0.441388548976774,1.09124228663806,17,"Brsk2/Gata3/Gpsm1/Ephb1/Sipa1l3"
"GOBP_LYMPHOCYTE_ACTIVATION_INVOLVED_IN_IMMUNE_RESPONSE",0.367931281317108,1,0.0620094437915393,-0.272107729192605,-1.03539133608132,40,"Tnfsf4/Il23r/Icos/Pou2af1/Loxl3/Cd19/H2-Eb1/Gapt/Plxna1/Clec4e"
"GOBP_DETECTION_OF_STIMULUS",0.370190131281123,1,0.0206949382468888,0.356637497152467,1.07229319561878,51,"Kcnmb4/Ffar4/Tulp1/Tas1r3/Ephb1/Timeless/Cd1d1/Adora1/Elovl4/Unc119/Rbp4/P2rx2/C4b/Sema5b/Guca1a"
"GOBP_IMPORT_INTO_CELL",0.372567096906372,1,0.0190847717108298,0.311943493941029,1.05838807030046,159,"Rab9b/Gria1/Alox15/Slc6a13/Drd1/Slc6a20a/Fpr2/Lcn2/Dmbt1/Fgr/Tulp1/Ap3b2/Slc18a3/Cacna1e/Ap3m2/Rab34/Ldlr/Slitrk1/Ticam2/Hck/Cxcr2/Rab27a/Trf/Adora1/Unc119/Slc9b2/Nlgn1/Ghr/Rbp4/C4b/Cyth2/Snca/Nckipsd/Slc27a4/Pstpip1/Ap1s1/Cd209b/Scamp5/Lrpap1/Stab1/Hmmr/Cd177/Eef2k/Tmem108/Ahsg/Itgal/Sele/Adipoq/Bicd1/Coro1a/Cd93/Tnf/Apln/Sncg/Neurl1b"
"GOBP_REGULATION_OF_NEURON_DIFFERENTIATION",0.373646209386282,1,0.0560911259623886,-0.295336508810492,-1.04025992604469,29,"Rnf112/Cntn2/Mag/Sox8/Etv5/Prox1/B2m/Sin3a"
"GOBP_POSITIVE_REGULATION_OF_PROTEIN_SECRETION",0.374219446922391,1,0.0476877974326015,-0.347439978493243,-1.05265149769138,16,"Cftr/C1qtnf3/C2cd2l/Ankrd1/H2-Eb1"
"GOBP_MESODERM_DEVELOPMENT",0.374632399948856,1,0.0224133795932476,0.439157851594484,1.08572734675598,17,"Mest/Ikzf3/Hck/Foxc2/Pou4f1/Rpl38/Tbx6"
"GOBP_REGULATION_OF_SUPRAMOLECULAR_FIBER_ORGANIZATION",0.375907590759076,1,0.0200270913221196,0.343863451943793,1.06807578633529,64,"Alox15/Plek/Cdc42ep5/Vil1/Ldlr/Sptbn4/Hck/Rhpn1/Slain1/Nme7/Ckap2/Tpx2/S1pr1/Snca"
"GOBP_LIMBIC_SYSTEM_DEVELOPMENT",0.376038869709756,1,0.0223540098330457,0.438651796826255,1.08447623055977,17,"Drd1/Cntnap2/Atat1/Aldh1a3/Tmem108/Hap1/Zic1/Mfsd2a"
"GOBP_NEGATIVE_REGULATION_OF_LEUKOCYTE_CELL_CELL_ADHESION",0.376492771841609,1,0.0571796738976665,-0.288481859633312,-1.04349963284628,32,"Pla2g2d/Tnfsf4/Btla/Lag3/Loxl3/H2-Eb1"
"GOBP_POSITIVE_REGULATION_OF_CYTOSOLIC_CALCIUM_ION_CONCENTRATION",0.376669847328244,1,0.0212380808461584,0.386421578854326,1.07645638505631,31,"Ffar4/Fpr2/Adcyap1/Cxcr2/P2rx2/Gng3/Jph4/Gnat2/Cxcr6/Ednra"
"GOBP_CALCIUM_ION_TRANSMEMBRANE_TRANSPORT",0.377280265339967,1,0.0661161203199431,-0.259995450292553,-1.0310482771915,49,"Grin3b/Plch1/Trpm3/Chrna7/Aplnr/Trpm6/Cd19/Ucp2/F2rl3/Cacna1c"
"GOBP_REGULATION_OF_DEVELOPMENTAL_GROWTH",0.379810437364394,1,0.0204390562293165,0.360653656701159,1.07005611544724,47,"Sash3/Epha7/Vil1/Gpr21/Arx/Lin7a/Sptbn4/Ghr/Rbp4/Foxc2/Hlx/Mt3/Npy1r/Igf2"
"GOBP_PROTEIN_RNA_COMPLEX_ORGANIZATION",0.380513814832768,1,0.0494468248226716,-0.333762858557532,-1.05708904099959,19,"Celf3"
"GOBP_REGULATION_OF_MEMBRANE_POTENTIAL",0.381480273883274,1,0.0196199032247491,0.337359343974268,1.06470805896806,73,"Kcnmb4/Gria1/Grin2a/Gabra3/Drd1/Gabra4/Nnt/Scn8a/Ndufs6/Kcns1/Gria4/Adora1/Stox1/Nlgn1/Dsc2/Rnf122/P2rx2/Kcnc3/Kcnc4/Snca/Grin2c"
"GOBP_POSITIVE_REGULATION_OF_CATALYTIC_ACTIVITY",0.381806108897742,1,0.0198810539903722,0.3453887250871,1.06545758310067,61,"Diras2/Adora2b/Adcyap1/Mrnip/Odam/Rfc4/Dbi/Lcp2/Unc119/Stox1/Tpx2/Snca/Mt3/Guca1a/Mmd/Tcim/Tigar/Adipoq/Tnf/Ect2/Ednra"
"GOBP_PHOSPHATIDYLINOSITOL_3_KINASE_PROTEIN_KINASE_B_SIGNAL_TRANSDUCTION",0.381828442437923,1,0.0201793957835896,0.353232305559145,1.06505686252068,52,"Fpr2/Sfrp5/Fgr/Epha7/Gata3/Pik3c2g/P2ry12/Stox1/Crnn/Tnfsf11/Ccl5/Rras/Wnt16/Igf2/Il1b/Ptpn6/Nop53/Tnf"
"GOBP_CELLULAR_RESPONSE_TO_STRESS",0.38256585562035,1,0.0184107122511192,0.299242004494518,1.043706427455,274,"Neil2/Fbp1/Brsk2/Cbs/Fen1/Krt20/Il18rap/Nfe2/Alox15/Bbc3/Lcn2/Stc1/Bglap/Tonsl/St8sia1/Asns/Ddrgk1/Mrnip/Fignl1/Ndufs6/Mpo/Sp7/Tmem258/Cyp1b1/Bglap2/Rad1/Ggn/Bglap3/Rad9b/Ang/Timeless/Rfc4/Tex264/Sgk1/Mastl/Rad54b/Exo5/Stox1/Mafb/Dsc2/Donson/Nprl3/Rnaseh2c/Ankle1/Eme1/Sirt2/Cradd/Mgst1/Hif3a/Snca/Gen1/Mnat1/Mt3/Fut1/Nprl2/Wnt16/Plin1/Scamp5/Taf5l/Ass1/Calr3/Insig1/Mapk10/Fus/Wnk3/Stk26/Creb3l1/Mcrs1/Tcim/Ifi204/Eef2k/Ano1/Tigar/Hic1/Nfkbia/Nop53/Ube2n/Tnf/Il18bp/Slfn9/Nrbp2/Rif1/Clgn/Swi5/Cth/Trp63/Cdk1/Ccnb1/Dnajc2/Ect2/Ednra/Faap24/Vcpip1/4930447C04Rik/Lrrc8e/Slc7a5/Grem1/Arg2/Crip1/Pbk/Esco2/Atrip/Cpeb4"
"GOBP_NUCLEOSIDE_DIPHOSPHATE_METABOLIC_PROCESS",0.382815496739547,1,0.0220719196543151,0.436376306076608,1.07885054830175,17,"Fbp1/Slc4a1/Gck"
"GOBP_REGULATION_OF_POSTSYNAPTIC_MEMBRANE_POTENTIAL",0.384239538962666,1,0.0216937241401078,0.413759523803377,1.06939363790145,21,"Gria1/Grin2a/Gabra3/Gabra4/Gria4/Adora1/Nlgn1/P2rx2/Snca/Grin2c"
"GOBP_REGULATION_OF_REPRODUCTIVE_PROCESS",0.384615384615385,1,0.0209370908169415,0.386465871809885,1.07169190608258,30,"Elf5/Cdc25c/Knl1/Rad1/Aspm/Sirt2/Anapc10/Acvr1c"
"GOBP_POSITIVE_REGULATION_OF_EXOCYTOSIS",0.385232543562743,1,0.0216631532939566,0.416551741572787,1.06870336029353,20,"Fgr/Adora2b/Rab27a/Syt10/Nlgn1/Snca/Vamp8/Scamp5/Cd177/Rab2b/Slc4a8"
"GOBP_RENAL_SYSTEM_DEVELOPMENT",0.386346090217271,1,0.0196500862615605,0.342830201632184,1.0619619508767,63,"Pou3f3/Gcnt4/Col4a4/Sim1/Epha7/Ndufs6/Gata3/Hells/Gcnt1/Rbp4/Foxc2/Sulf2/Foxd1/Traf3ip1/Gdf6/Ass1/Cep290"
"GOBP_EPITHELIAL_CELL_DIFFERENTIATION",0.387225130890052,1,0.0188357640747817,0.319890473294331,1.05489315867467,112,"Krt10/Krt20/Krt25/Krt27/Elf5/Dmbt1/Stc1/Ivl/Krt79/Vil1/Cldn1/Gata3/Arx/Fzd2/Fa2h/Alox8/Ovol2/Mafb/Fasn/Foxc2/Sipa1l3/S1pr1"
"GOBP_SYNAPTIC_TRANSMISSION_GLUTAMATERGIC",0.387328378889029,1,0.0216529799672423,0.422037959212392,1.07034650714006,19,"Gria1/Grin2a/Drd1/Unc13c/Gria4/Adora1/Nlgn1/Grin2c/Homer1/Cacng4/Tnf/Clstn3"
"GOBP_CELLULAR_RESPONSE_TO_KETONE",0.387436955524989,1,0.0475025276276735,-0.342699982322635,-1.05080559470994,17,"Cftr/Tnfsf4/Scnn1g"
"GOBP_NEGATIVE_REGULATION_OF_SECRETION",0.388609112709832,1,0.0208367995808407,0.38767415581921,1.06845270235023,29,"Ffar4/Adora1/Snca/Vamp8/Wnk3/Il1b/Acvr1c/Adipoq/Tnf/Hmgcr"
"GOBP_SEX_DIFFERENTIATION",0.388610106196756,1,0.0204206536876808,0.368837885627862,1.06420921012065,39,"Cyp17a1/Dmrta1/Vgf/Gata3/Mea1/Ang/Kitl/Gnrh1/Aspm/Rbp4/Dhcr24"
"GOBP_LIPID_LOCALIZATION",0.388804841149773,1,0.0889177270391536,-0.235300722451773,-1.03095633178993,85,"Cftr/Pla2g2d/Slc22a2/Apol8/Vstm2a/Serac1/Ucp3/Plin5/Slc25a20/Abcb11/Ucp2/C2cd2l/Syt7"
"GOBP_WATER_SOLUBLE_VITAMIN_METABOLIC_PROCESS",0.389349628982977,1,0.0461145881357585,-0.351926632907783,-1.04592004328549,15,"Mthfs/Gsto2/Alpl"
"GOBP_REGULATION_OF_OSTEOCLAST_DIFFERENTIATION",0.389376096216487,1,0.0214863304063947,0.412129425932439,1.06518052329731,21,"Bglap/Bglap2/Bglap3/Tob2/Slc9b2/Mafb/Tnfsf11/Pou4f1"
"GOBP_PROTEIN_LOCALIZATION_TO_PLASMA_MEMBRANE",0.389973164186387,1,0.0210478857374364,0.395079879618573,1.066515408354,26,"Slc4a1/Vil1/Rab34/Mrap/Sptbn4/Ypel4/Vamp8/Wnk3/Adipoq/Tnf"
"GOBP_CELLULAR_RESPONSE_TO_ABIOTIC_STIMULUS",0.389995473064735,1,0.0198986631635978,0.352228441399109,1.05903659607112,51,"Fbp1/Tnfsf14/Bbc3/Lcn2/Fignl1/Gata3/Rad1/Rad9b"
"GOBP_REGULATION_OF_HORMONE_SECRETION",0.391605218377765,1,0.0198722588715572,0.353830233914311,1.06066416592404,50,"Brsk2/Ffar4/Adcyap1/Gck/Nr1d1/Adora1/Slc9b2/Rbp4/Tnfsf11/Ccl5/Grp/Vamp8/Il1b/Acvr1c/Ano1/Adipoq/Uqcc2/Tnf/Apln"
"GOBP_NOTCH_SIGNALING_PATHWAY",0.393077873918418,1,0.0553808666173036,-0.287788689743077,-1.03073386109986,31,"Angpt4/Chac1"
"GOBP_RESPONSE_TO_CAMP",0.395096364967065,1,0.0208463157678016,0.3937202840728,1.06284518956155,26,"Fbp1/Vgf/Stc1/Cdo1/Pklr/Ass1/Slc5a5/Eef2k/Adipoq"
"GOBP_REGULATION_OF_CELL_PROJECTION_ASSEMBLY",0.395365504061156,1,0.0205129443448776,0.383832875957707,1.06439045840154,30,"Myo3b/Cdc42ep5/P2ry12/Nlgn1/Cdk10/Mien1/Hap1/Kif24/Icam1/Pld1/Ppp1r35"
"GOBP_ORGANOPHOSPHATE_ESTER_TRANSPORT",0.396893009270859,1,0.021189030099284,0.41013036671027,1.06001379941305,21,"Pctp/Slc4a1/Tnfaip8l3/Ldlr/Dbi/Atp11c"
"GOBP_VESICLE_MEDIATED_TRANSPORT_IN_SYNAPSE",0.397532314923619,1,0.0201793957835896,0.371278651876172,1.06153717226859,37,"Brsk2/Atp6v1b1/Ap3b2/Ap3m2/Unc13c/Syn2/Syt10/Nlgn1"
"GOBP_REGULATION_OF_PHAGOCYTOSIS",0.397643224269776,1,0.0211694647682954,0.412484069288465,1.05826735773976,20,"Alox15/Fpr2/Fgr/Tulp1/Hck/Rab27a/C4b"
"GOBP_MONOATOMIC_CATION_TRANSMEMBRANE_TRANSPORT",0.39766866102744,1,0.0182169611840869,0.311105582164061,1.04635522492628,142,"Kcnmb4/Slc17a1/Atp6v1b1/Panx3/Slc6a13/Grin2a/Slc34a2/Drd1/Slc6a20a/Lcn2/Nnt/Slc18a3/Cacna1e/Slc13a3/Scn8a/Ndufs6/Tmem163/mt-Atp6/mt-Atp8/Kcns1/Kel/mt-Nd2/Slc9b2/P2rx2/mt-Cytb/Kcnc3/Kcnc4/Snca/Grp/Grin2c/mt-Co1/Kcnab3/Slc5a5/Wnk3/Trdn/Kcnk4/Cacng4/Ptpn6/Jph4/Ano1/Slc4a8/mt-Co2/mt-Co3/Hap1/Kcnd1/Slc5a9/Coro1a"
"GOBP_REGULATION_OF_MICROTUBULE_POLYMERIZATION_OR_DEPOLYMERIZATION",0.398144665914504,1,0.021149930696909,0.412166623675555,1.05745292063779,20,"Slain1/Stmn4/Nme7/Ckap2/Tpx2/Snca"
"GOBP_APOPTOTIC_PROCESS",0.40016054585591,1,0.0177157251566562,0.295846646758146,1.03711380987881,310,"Pou3f3/Brsk2/Cbs/Aifm3/Tnfsf14/Krt20/Chia1/Grin2a/Ffar4/Fpr2/Bbc3/Sfrp5/Lcn2/Nnt/Rtkn2/Tmc8/Spn/Rag1/Tnfaip8l3/Asns/Naa38/Epha7/Vil1/Ddrgk1/Gls2/Fignl1/Ikzf3/Irf5/Mpo/Gata3/Tmem258/Hells/Cyp1b1/Tnfrsf18/Ang/Hck/Sgk1/Alox8/Cxcr2/Gria4/Kitl/Gnrh1/Adora1/Rnf122/Tnfsf11/Ckap2/Efna1/Gadd45g/Foxc2/Tpx2/Ccl5/Pnma1/Sirt2/Cradd/Hif3a/Arsg/Pou4f1/Snca/Tnfaip8l2/Sox10/Mnat1/Aldh1a3/Mt3/Fut1/Apoh/Slc27a4/Wnt16/Bub1/Casp7/Gdf6/Aven/Tnfrsf9/Pdcd4/Serpinb13/Pax3/Nptx1/Mien1/Wnk3/Stk26/Creb3l1/Cfdp1/Lgals1/Tcim/Il1b/Gzmm/Card6/Ifi204/Ptpn6/Eef2k/Acvr1c/Tigar/Hic1/Fam3b/Nop53/Adipoq/Mrpl41/Coro1a/Tnf/Cerkl"
"GOBP_EPITHELIUM_DEVELOPMENT",0.400630593978845,1,0.0178980707780776,0.303468181688844,1.04073213787315,190,"Pou3f3/Brsk2/Flg2/Krt10/Krt20/Krt25/Krt27/Elf5/Sim1/Lcn2/Dmbt1/Stc1/Ascl3/Ivl/Krt79/Epha7/Vil1/Astn2/Cldn1/Gata3/Arx/Fzd2/Timeless/Fa2h/Alox8/Ovol2/Stox1/Mafb/Tnfsf11/Fasn/Vegfc/Foxc2/Serpinb5/Sipa1l3/S1pr1/Foxd1/Sox10/Tbx6/Aldh1a3/Gsc/Wnt16"
"GOBP_NUCLEOTIDE_BIOSYNTHETIC_PROCESS",0.401904073270668,1,0.0203976893480979,0.386823104375092,1.05884907453237,28,"Haao/Ndufs6/mt-Atp6/mt-Atp8/Nme7/mt-Nd2/Guca1a/Uqcc3/Nmnat2/Ndufa11/Naprt/Cmpk2/Ndufa1/Adcy4/Ndufb6"
"GOBP_MITOTIC_CELL_CYCLE_CHECKPOINT_SIGNALING",0.402060606060606,1,0.0204805633909048,0.389163411666533,1.05774613350291,27,"Knl1/Mrnip/Rad9b/Zfyve19/Nuf2/Donson/Cdca8/Eme1/Gen1/Bub1/Nop53/Cdk1/Ccnb1"
"GOBP_REGULATION_OF_CELL_PROJECTION_ORGANIZATION",0.404188481675393,1,0.0181977504878872,0.317187380687349,1.04597925177083,112,"Trim67/Brsk2/Lcn2/Alkal2/Myo3b/Epha7/Cdc42ep5/Vil1/Gata3/Zdhhc15/Adgrb3/Slitrk1/Kel/P2ry12/Itpka/Nlgn1/Efna1/P3h1/Tox/Nckipsd/Cdk10/Tbx6/Mt3"
"GOBP_FEMALE_GAMETE_GENERATION",0.405161613630669,1,0.0208701386835742,0.40779032614359,1.05396578275005,21,"Ccnb2/Ang/Mastl/Ncaph/Aspm/Tob2/Sirt2/Ccnb1/Ednra/4930447C04Rik/Tnfaip6"
"GOBP_NEGATIVE_REGULATION_OF_CYTOSKELETON_ORGANIZATION",0.40546474749939,1,0.0204482678859152,0.390651737384034,1.05456166895305,26,"Vil1/Sptbn4/Rhpn1/Ckap2/Tpx2/S1pr1/Snca/Schip1"
"GOBP_POSITIVE_REGULATION_OF_SMALL_MOLECULE_METABOLIC_PROCESS",0.405939393939394,1,0.0203336174285813,0.388280496129132,1.05534636911628,27,"Nnmt/Gck/Nr1d1/Sirt2/Snca/Guca1a/Igf2/Il1b/Tigar/Adipoq/Tnf"
"GOBP_REGULATION_OF_PROTEASOMAL_UBIQUITIN_DEPENDENT_PROTEIN_CATABOLIC_PROCESS",0.406853343562204,1,0.0211206879834593,0.429368254251059,1.06152458341952,17,"Ddrgk1/Trf/Sirt2/Nop53/Pbk/Bag2/Rpl11/Rybp/Xpo1"
"GOBP_RNA_LOCALIZATION",0.407040841894262,1,0.0207988087104427,0.407124789939304,1.05224565271868,21,"Nxf7/Sarnp/Ranbp17/Nop58/Hnrnpab/Bicd1/Nhp2/Zc3h3/Xpo1/Snupn/Cpsf6"
"GOBP_LEUKOCYTE_CHEMOTAXIS",0.407087791968703,1,0.0194999066997947,0.357660223650301,1.05140039360652,44,"Tnfsf14/Fpr2/Hc/2610528A11Rik/Ccl7/Cxcr2/Tnfsf11/Vegfc/Ccl5/S1pr1/Ppbp/Ddt"
"GOBP_NEGATIVE_REGULATION_OF_CELLULAR_COMPONENT_ORGANIZATION",0.407302783008998,1,0.0180716948046863,0.316348270589865,1.04449020087379,114,"Tmc8/Knl1/Epha7/Vil1/Ldlr/Rad1/Sptbn4/Rhpn1/Nuf2/Unc119/Nlgn1/Cdca8/Ckap2/Efna1/Tpx2/Sirt2/S1pr1/Snca/Schip1/Gen1/Cdk10/Tbx6/Mt3/Bub1/Scamp5/Traf3ip1/Lrpap1/Mcrs1/Il1b/Nop53/Adipoq/Coro1a/Tnf/Crmp1/Clstn3/Ten1/Ccnb1/Ace/Ccnf/Kif24/Gmfg/Cd300lf"
"GOBP_RIBOSE_PHOSPHATE_BIOSYNTHETIC_PROCESS",0.40809968847352,1,0.020676147112599,0.403112465093032,1.05178243739428,22,"Ndufs6/mt-Atp6/mt-Atp8/Nme7/mt-Nd2"
"GOBP_REGULATION_OF_PROTEASOMAL_PROTEIN_CATABOLIC_PROCESS",0.413707165109034,1,0.0204667120238331,0.401373820478793,1.04724604611771,22,"Ddrgk1/Psme2/Trf/Sirt2/Nop53/Pbk/Bag2/Rpl11/Rybp/Xpo1"
"GOBP_CELLULAR_RESPONSE_TO_ALCOHOL",0.414030261348006,1,0.0458050138104871,-0.334209329523246,-1.02477108661376,17,"Cftr/Tnfsf4/Scnn1g"
"GOBP_EPIDERMAL_CELL_DIFFERENTIATION",0.414435664583088,1,0.0196026889962666,0.368988152755659,1.04999743238573,36,"Krt10/Ivl/Krt79/Fa2h/Alox8/Ovol2/Mafb"
"GOBP_HINDBRAIN_DEVELOPMENT",0.414704049844237,1,0.0204298515001083,0.401229322726222,1.04686902925131,22,"Cbs/Ephb1/Mafb/Pou4f1/mt-Co1/Cep290/Hap1"
"GOBP_POSITIVE_REGULATION_OF_SYNAPSE_ASSEMBLY",0.415165637989671,1,0.0205779644482651,0.412427918639983,1.04597411803234,19,"Adgrb3/Slitrk1/Ephb1/Slitrk5/Flrt1/Nlgn1/Thbs2"
"GOBP_PURINE_CONTAINING_COMPOUND_BIOSYNTHETIC_PROCESS",0.419098457888493,1,0.0195212489559016,0.371258009046876,1.04438181704433,33,"Haao/Ndufs6/mt-Atp6/mt-Atp8/Nme7/Elovl4/mt-Nd2/Fasn/Snca/Guca1a"
"GOBP_DNA_TEMPLATED_TRANSCRIPTION_INITIATION",0.419440577142134,1,0.0204944304526461,0.418773513039987,1.04899696348532,18,"Morc1/Mnat1/N6amt1/Nfkbia/Polrmt/Ints8/Gtf2h2/Taf4b"
"GOBP_SENSORY_ORGAN_MORPHOGENESIS",0.419523597506679,1,0.0185521028140741,0.339281458350759,1.03939948578232,58,"Atp6v1b1/Tulp1/Myo3b/Gata3/Ephb1/Fzd2/Stox1/Mafb/Rbp4/Impg2/Rpl38/Aldh1a3/Rab37/Gsc/Wnt16/Cep290/Insig1"
"GOBP_LEUKOCYTE_MIGRATION",0.419543973941368,1,0.0181824031670884,0.329620924525005,1.04178288461598,74,"Tnfsf14/Fpr2/Spn/Hc/2610528A11Rik/Gata3/Tnfrsf18/Ccl7/Chst4/Hck/Gcnt1/Cxcr2/Vcam1/Kitl/P2ry12/Adora1/Tnfsf11/Vegfc/Ccl5/S1pr1/Ppbp/Ddt/Tbx21/Cd177/Il1b/Itgal/Sele/Coro1a/Tnf"
"GOBP_REGULATION_OF_MUSCLE_CONTRACTION",0.421212121212121,1,0.0197715654337766,0.384310877416257,1.04455694565264,27,"Stc1/Adora2b/Myl9/Adora1/Dsc2/Trdn/Jph4"
"GOBP_DNA_RECOMBINATION",0.421241602965022,1,0.0190847717108298,0.358133211038163,1.04211212524902,41,"Fen1/Rag1/Tonsl/Mrnip/Fignl1/Timeless/Rad54b/Kpna2/Ankle1/Eme1/Gen1/Tbx21/Fus/Mcrs1/Ube2n/Rif1/Swi5"
"GOBP_POSITIVE_REGULATION_OF_CALCIUM_ION_TRANSPORT",0.421712423216748,1,0.020265338967833,0.404638946317376,1.03813994391726,20,"Drd1/Stc1/P2rx2/Ccl5/Snca/Wnk3/Homer1/Hap1"
"GOBP_REGULATION_OF_CARDIAC_MUSCLE_CONTRACTION",0.421907216494845,1,0.0206808421906048,0.431037513575064,1.05194208254643,16,"Stc1/Adora1/Dsc2/Trdn/Jph4"
"GOBP_REGULATION_OF_NEURON_PROJECTION_DEVELOPMENT",0.423598308209522,1,0.0180223829644537,0.32828648189582,1.03913821566249,75,"Trim67/Brsk2/Alkal2/Epha7/Gata3/Zdhhc15/Adgrb3/Slitrk1/Kel/Itpka/Nlgn1/Efna1/P3h1/Tox/Nckipsd/Tbx6/Mt3"
"GOBP_CELL_CYCLE_G1_S_PHASE_TRANSITION",0.423985324466865,1,0.0188357640747817,0.352484370102077,1.03980600735745,45,"Susd2/Ccnb2/Ddrgk1/Psme2/2610528A11Rik/Cdk2ap2/Cdkn2c/Stox1/Crnn/Cdk10/Mnat1/Tcim/Ptpn6/Gpnmb/Slfn9/Trp63/Cdk1/Ccnb1/Ccnf/Pim2/Mlf1/Tert/Paf1"
"GOBP_SIGNAL_TRANSDUCTION_BY_P53_CLASS_MEDIATOR",0.424529462418502,1,0.0198766556429578,0.391650690127863,1.04136217591168,24,"Bbc3/Ndufs6/Sgk1/Cradd/Pou4f1/Hic1/Nop53/Trp63/Grem1/Rpl11/Mlf1/Dvl2"
"GOBP_POSITIVE_REGULATION_OF_CELL_DIVISION",0.427190721649485,1,0.0204898063526457,0.42932734085702,1.04776842574424,16,"Cdca8/Vegfc/Sirt2/Ppbp/Igf2/Il1b/Ect2/Kif20b/Cenpv"
"GOBP_REGULATION_OF_CATABOLIC_PROCESS",0.427211588204863,1,0.0172052330312473,0.308395299105438,1.03257780563457,134,"Fbp1/Trim67/Atp6v1b1/Grin2a/Nnt/Slc4a1/Dnd1/Scgb1a1/Gck/Ddrgk1/Psme2/Ldlr/Gpsm1/Furin/Tent5c/Trf/Adora1/Hcar1/Nprl3/Sirt2/Snca/Grin2c/Mt3/Fut1/Nprl2/Rab37/Fus/Hnrnpab/Il1b/Tigar/Nop53/Hp/Tnf/Nrbp2/Hmgcr/Clstn3/Sptlc1/Tbk1/Pim2/Slc7a5/Vps28/Pbk/Irgm2/Bag2/Mfsd2a/Rpl11/Rybp/Ikbke/Sufu/Rnasel"
"GOBP_SMALL_MOLECULE_CATABOLIC_PROCESS",0.429393536963258,1,0.018121201587645,0.335778649056901,1.03581235256233,61,"Cbs/Gad2/Sardh/Fah/Acot4/Haao/Gck/Gls2/Thnsl2/Cdo1/Gk5/Cpt1b/Cyp4f18/Echdc1/Cyp2w1/Fut1/Slc27a4/Bckdha/Aldh2/Glyctk/Npl/Mccc2/Tigar/Adipoq/Acot8"
"GOBP_REGULATION_OF_ACUTE_INFLAMMATORY_RESPONSE",0.429506765604539,1,0.0436825028426649,-0.340980694004794,-1.01338889667513,15,"Pla2g2d/Fcgr1/C2cd4a"
"GOBP_HOMEOSTATIC_PROCESS",0.429590913659664,1,0.016700728570072,0.293979247477148,1.02629566547836,281,"Pou3f3/Gcnt4/Brsk2/Tnfsf14/Atp6v1b1/Nxnl2/Vgf/Ffar4/Tm6sf2/Slc34a2/Drd1/Sash3/Lcn2/Pcsk1n/Stc1/Tulp1/Bglap/Ascl3/Haao/Nnt/Pctp/Slc4a1/Ccnb2/Tmc8/Adcyap1/Rag1/Rhd/Gck/Nr1d1/Tshr/Gpr21/Scd1/Cldn1/2610528A11Rik/Gata3/Ldlr/Esrrg/Bglap2/Slitrk1/Bglap3/Ccdc115/Ccl7/Ang/Kel/Car12/Pnpla3/Kitl/Trf/Adora1/Sucnr1/Slc9b2/Mafb/Rbp4/Pla2g12b/Tnfsf11/Gadd45g/Foxc2/Ccl5/Arsg/Ypel4/Oxtr/S1pr1/Snca"
"GOBP_SEQUESTERING_OF_CALCIUM_ION",0.430325680726108,1,0.0487423816606491,-0.300549549410792,-1.0138574382775,24,"Plch1/Hsp90b1/Aplnr/Cd19/F2rl3/Cacna1c"
"GOBP_HOMOPHILIC_CELL_ADHESION_VIA_PLASMA_MEMBRANE_ADHESION_MOLECULES",0.431478303505761,1,0.0195769127676632,0.387095899821495,1.03665707753269,25,"Pcdh11x/Celsr3/Pcdhb5/Pcdh10/Pcdh9/Dsc2/Pcdhga8"
"GOBP_POSITIVE_REGULATION_OF_PHOSPHATIDYLINOSITOL_3_KINASE_PROTEIN_KINASE_B_SIGNAL_TRANSDUCTION",0.431525463783528,1,0.019023073717829,0.366765412198565,1.03656367955918,34,"Fpr2/Fgr/Gata3/P2ry12/Stox1/Tnfsf11/Ccl5/Wnt16/Igf2/Il1b/Ptpn6/Tnf"
"GOBP_REGULATION_OF_PROTEIN_POLYMERIZATION",0.4328393044696,1,0.0187913895287776,0.358865376078486,1.03543549428504,39,"Alox15/Cdc42ep5/Vil1/Sptbn4/Hck/Slain1/Nme7/Snca"
"GOBP_CELL_CHEMOTAXIS",0.433045595396193,1,0.0179959105846637,0.334797583252333,1.03278595382643,61,"Tnfsf14/Fpr2/Hc/2610528A11Rik/Ccl7/Ephb1/Cxcr2/Vcam1/Tnfsf11/Vegfc/Ccl5/S1pr1/Ppbp/Ddt/Cxcl14"
"GOBP_CHROMOSOME_LOCALIZATION",0.436984536082474,1,0.02014338877967,0.42641790408532,1.04066797884514,16,"Knl1/Nuf2/Cdca8/Sirt2/Cdk1/Ccnb1/Ect2/Kif18a/Cep55"
"GOBP_RESPONSE_TO_OXYGEN_CONTAINING_COMPOUND",0.439622262407073,1,0.0163572804419823,0.292503010093384,1.02202382260274,286,"Fbp1/Brsk2/Cbs/Il18rap/Gria1/Vgf/Grin2a/Htr7/Camp/Drd1/Fpr2/Lcn2/Mest/Stc1/Bglap/Scgb1a1/Gck/Nr1d1/Tshr/Gpr21/Scd1/Shpk/Irf5/Cldn1/Mpo/Sp7/Gata3/Cyp1b1/Ldlr/Cdo1/Bglap2/Bglap3/Ticam2/Car3/Ccdc62/Ccl7/Timeless/Hck/Gcnt1/Sgk1/Pnpla3/Vcam1/Gnrh1/P2ry12/Pklr/Slc9b2/Ghr/Rbp4/P2rx2/mt-Cytb/Foxc2/Mgst1/Adamts13/Pou4f1/Snca/Sox10/Ppbp/Mt3/Fut1/Slc27a4/Igf2/Casp7/Ass1/Pdcd4/Insig1/Slc5a5/Nptx1/Hba-a1/Homer1/Il1b/Kcnk4/Cacng4/Ptpn6/Eef2k/Acvr1c/Ano1/Ahsg/Nfkbia/Sele/Adipoq"
"GOBP_TOLL_LIKE_RECEPTOR_SIGNALING_PATHWAY",0.441540577716644,1,0.0442078566868354,-0.327596296470487,-1.00449383978479,17,"Hsp90b1/Nfkbil1/Irf7"
"GOBP_LEUKOCYTE_DIFFERENTIATION",0.441860465116279,1,0.0988657646175473,-0.221868691762533,-1.00514197912075,107,"Pla2g2d/Card11/Tnfsf4/Slc39a7/Il23r/Icos/Pou2af1/Slamf8/Lag3/Tmem178/Loxl3/Cd19/Irf7/Hoxa7/Ucp2/H2-Eb1/Srp54a"
"GOBP_DICARBOXYLIC_ACID_METABOLIC_PROCESS",0.441881443298969,1,0.0199737854288504,0.425341072697694,1.03803998425818,16,"Gad2/Acot4/Haao/Gls2/Lipf/Ass1/Fpgs/Acot8"
"GOBP_CHROMOSOME_ORGANIZATION",0.442045578453822,1,0.0174742104054182,0.327033796664279,1.02733946408015,70,"Fen1/Kif15/Knl1/Ncaph/Nuf2/Cdca8/Tpx2/Esco1/Gen1/Ccdc61/Bub1/Ncapg/Mcrs1/Rif1/Arhgef10/Smc4/Ten1/Cdk1/Ccnb1/Nusap1/Ncapd2/4930447C04Rik/Esco2/Kif18a/Tert/Nhp2/Cenpv/Cep55/Bcl7b/Kif11/Rad51/Top2a/Cenpf/Slx4/Cdt1/Zcwpw1/Prc1/Prickle1"
"GOBP_MUSCLE_SYSTEM_PROCESS",0.443272054824323,1,0.0173983211326895,0.326697100467429,1.02789753375036,71,"Htr7/Drd1/Stc1/Adora2b/Scn8a/Ndufs6/Myl9/Myl6/Adora1/Dsc2/P2rx2/Oxtr/Sulf2/Trdn/Homer1/Il1b/Jph4"
"GOBP_AMINO_ACID_TRANSMEMBRANE_TRANSPORT",0.44364479141254,1,0.0190847717108298,0.380390478844743,1.02686147234516,26,"Slc7a13/Slc6a13/Slc6a20a"
"GOBP_INSULIN_SECRETION",0.443713278495887,1,0.0185244840418459,0.359261135643275,1.02717742619891,37,"Brsk2/Vgf/Adcyap1/Gck/Nr1d1/Slc9b2/Rbp4/Ccl5/Il1b/Acvr1c/Ano1/Fam3b/Uqcc2/Tnf"
"GOBP_TRNA_METABOLIC_PROCESS",0.444188722669735,1,0.0197759262773248,0.417557153339061,1.03232406882348,17,"Ang/Exosc2/Rpusd4/Qtrt1/Slfn9/Lage3/Slfn8/Polr2e/Lrrc47"
"GOBP_AXO_DENDRITIC_TRANSPORT",0.444587628865979,1,0.0198810539903722,0.424456871284923,1.03588210090407,16,"Ap3b2/Ap3m2/Arl8a/Tmem108/Hap1/Kif17"
"GOBP_NEGATIVE_REGULATION_OF_HEMOPOIESIS",0.447339246119734,1,0.0487095049209452,-0.291716441304745,-1.00546956961152,26,"Tnfsf4/Lag3/Tmem178/Loxl3/Hoxa7"
"GOBP_POSITIVE_REGULATION_OF_CATABOLIC_PROCESS",0.448419210152062,1,0.0173121422935879,0.326634363373566,1.02230114649841,68,"Trim67/Nnt/Dnd1/Ddrgk1/Ldlr/Gpsm1/Furin/Trf/Adora1/Nprl3/Sirt2/Snca/Fut1/Nprl2/Rab37/Il1b/Nop53/Tnf/Clstn3/Sptlc1/Tbk1/Pim2/Vps28/Irgm2/Bag2"
"GOBP_NEGATIVE_REGULATION_OF_NUCLEOBASE_CONTAINING_COMPOUND_METABOLIC_PROCESS",0.448593402145315,1,0.0161692144670156,0.295139266845193,1.01957663304766,219,"Pou3f3/Fbp1/Sarnp/Morc1/Six5/Ascl3/Slc4a1/Dnd1/Scgb1a1/Hoxd9/Rita1/Mxd3/Nab2/Nr1d1/Thap1/Gata3/Arx/Tent5c/Timeless/Zbtb26/Ovol2/Tob2/Mafb/Tnfsf11/Tcfl5/Efna1/Ankle1/Foxc2/Sirt2/Pcgf6/Pou4f1/Snca/Foxd1/Sox10/Tbx6/Gsc/Igf2/Sfmbt2/Phf6/Tbx21/Zbtb6/Pdcd4/Fus/Hnrnpab/Creb3l1/Mcrs1/Zfp503/Magee1/Twist2/Msc/Tigar/Hic1/Cela1/Nfkbia/Nop53/Adipoq/Tnf/Btaf1/Slfn9/Rif1/Tfap2c/Pax5/Trp63/Ten1/Mier2"
"GOBP_NEURON_MATURATION",0.449009900990099,1,0.0456937949406542,-0.305174045786343,-0.999333365701694,21,"Cntn2/Kcnq3"
"GOBP_EXTRINSIC_APOPTOTIC_SIGNALING_PATHWAY_VIA_DEATH_DOMAIN_RECEPTORS",0.450263091956903,1,0.0192633678166889,0.393267105564891,1.01642939072713,21,"Tmc8/Cradd/Tnf/Icam1/Thbs1/Tnfrsf10b/Fgg/Bmp5/Tnfaip3/Faim/Diablo/Pmaip1"
"GOBP_NEGATIVE_REGULATION_OF_CELL_CYCLE",0.451130282843726,1,0.0171981375287292,0.325916722083835,1.02220670145262,69,"Susd2/Adcyap1/Knl1/Mrnip/2610528A11Rik/Gata3/Rad1/Rad9b/Timeless/Cdk2ap2/Zfyve19/Alox8/Nuf2/Donson/Cdca8/Eme1/Gen1/Bub1/Aven/Tsc22d2/Nop53/Tnf/Gpnmb/Slfn9/Cdk1/Ccnb1/Ccnf"
"GOBP_NEGATIVE_REGULATION_OF_DNA_METABOLIC_PROCESS",0.451208707758512,1,0.019385293820482,0.408748436262109,1.02388488076939,18,"Timeless/Ankle1/Mcrs1/Adipoq/Slfn9/Rif1/Ten1/Dnajc2/Cdkn1a/Dach1/Slx4/Cdt1/Bcl6"
"GOBP_FOREBRAIN_DEVELOPMENT",0.451655775833426,1,0.0173875167597753,0.331819174828258,1.02153757874747,60,"Pou3f3/Gria1/Drd1/Ccdc141/Cntnap2/Arx/Atat1/Slitrk5/P2ry12/Aspm/Pcdh9/Pou4f1/Tox/Aldh1a3/Fut1/Gsc"
"GOBP_REGULATION_OF_PROGRAMMED_CELL_DEATH",0.452702702702703,1,0.0159870255880655,0.2929183847601,1.01833160547482,249,"Pou3f3/Cbs/Tnfsf14/Grin2a/Ffar4/Fpr2/Bbc3/Lcn2/Nnt/Rtkn2/Tmc8/Rag1/Tnfaip8l3/Asns/Naa38/Epha7/Ddrgk1/Gls2/Fignl1/Ikzf3/Irf5/Mpo/Gata3/Hells/Cyp1b1/Dhcr7/Tnfrsf18/Ang/Hck/Sgk1/Cxcr2/Gria4/Kitl/Gnrh1/Adora1/Rnf122/Tnfsf11/Efna1/Gadd45g/Foxc2/Ccl5/Pnma1/Sirt2/Cradd/Pou4f1/Snca/Tnfaip8l2/Sox10/Mnat1/Aldh1a3/Mt3/Fut1/Apoh/Slc27a4/Wnt16/Casp7/Aven/Pdcd4/Serpinb13/Mien1/Wnk3/Stk26/Creb3l1/Cfdp1/Lgals1/Tcim/Il1b/Card6/Ifi204/Ptpn6/Eef2k/Acvr1c/Tigar/Nop53/Adipoq/Coro1a/Tnf/Cerkl"
"GOBP_POSITIVE_REGULATION_OF_PHOSPHORUS_METABOLIC_PROCESS",0.453695458593054,1,0.0173947186535218,0.331991784613802,1.01706733957384,58,"Diras2/Adcyap1/Ddrgk1/Mrnip/Odam/Tnfrsf18/Ang/Adora1/Lcp2/Unc119/Stox1/Efna1/Tpx2/Snca/Mt3/Guca1a/Mmd/Wnk3/Tcim/Tigar/Adipoq/Tnf/Apln"
"GOBP_NEGATIVE_REGULATION_OF_RESPONSE_TO_EXTERNAL_STIMULUS",0.454849859580903,1,0.016917497705454,0.321760494964563,1.02081361082205,76,"Ffar4/Drd1/Fpr2/Fgr/Spn/Rnf26/Nr1d1/Hc/Gata3/Ldlr/Cntnap2/Furin/Hck/Cst7/Adora1"
"GOBP_POSITIVE_REGULATION_OF_SIGNALING",0.455897126783203,1,0.0158296372100086,0.291347992937023,1.01739737892646,283,"Diras2/Pcdh11x/Tnfsf14/Gria1/Alox15/Grin2a/Ffar4/Epgn/Drd1/Fpr2/Bbc3/Fgr/Bglap/Alkal2/Rtkn2/Slc18a3/Adora2b/Adcyap1/Tnfaip8l3/Gck/Knl1/Ddrgk1/Rab34/Clec4d/Gata3/Cyp1b1/Bglap2/Bglap3/Fgf22/Mrap/Ticam2/Atat1/Alox8/S100a4/Kitl/P2ry12/Lamtor2/Adora1/Aspm/Stox1/Nlgn1/Dsc2/Ghr/Rbp4/P2rx2/Cdca8/Tnfsf11/Efna1/Gadd45g/Ccl5/Cradd/Snca/Sulf2/Schip1/Gen1/Foxd1/Cdk10/Grp/Nepro/Grin2c/Mt3/Ddt/Guca1a/Vamp8/Wnt16/Igf2/Gdf6/Pdcd4/Homer1/Lgals1/Tcim/Il1b/Cacng4/Ptpn6/Tmem108/Ano1/Slc4a8/Hic1/Adipoq/Rasgef1a/Hap1/Ube2n/Tnf/Gpnmb/Apln/Arhgef10/Cth/Hmgcr/Clstn3/Trp63/Nlrc5/Ect2/Rundc3a/Nnat/Ednra/Tbk1/Mcf2l/Pim2/Cd300lf/Mfng/Grem1/Icam1/Gbp5/Klf14/Tnfrsf12a"
"GOBP_NEGATIVE_REGULATION_OF_RNA_METABOLIC_PROCESS",0.457061745919092,1,0.0159257763385191,0.295319496571579,1.01641894186586,201,"Pou3f3/Fbp1/Sarnp/Morc1/Six5/Ascl3/Dnd1/Scgb1a1/Hoxd9/Rita1/Mxd3/Nab2/Nr1d1/Thap1/Gata3/Arx/Tent5c/Timeless/Zbtb26/Ovol2/Tob2/Mafb/Tnfsf11/Tcfl5/Efna1/Foxc2/Sirt2/Pcgf6/Pou4f1/Snca/Foxd1/Sox10/Tbx6/Gsc/Igf2/Sfmbt2/Phf6/Tbx21/Zbtb6/Pdcd4/Fus/Hnrnpab/Creb3l1/Zfp503/Magee1/Twist2/Msc/Hic1/Cela1/Nfkbia/Nop53/Adipoq/Tnf/Btaf1/Rif1/Tfap2c/Pax5/Trp63/Mier2"
"GOBP_POSITIVE_REGULATION_OF_LEUKOCYTE_CELL_CELL_ADHESION",0.458016971862439,1,0.0173014108910013,0.332074086331061,1.01470457658481,57,"Tnfsf14/Sash3/H2-DMa/Spn/Rag1/Ccdc88b/Gata3/Chst4/Cd1d1/Gcnt1/Vcam1/Kitl/Tnfsf11/Ccl5/Hlx/Igf2/Cd209b/Lgals1/Il1b/Ptpn6/Sele/Coro1a/Tnf"
"GOBP_CELLULAR_RESPONSE_TO_CARBOHYDRATE_STIMULUS",0.458545454545455,1,0.0184969264833752,0.374684691374102,1.0183929724701,27,"Fbp1/Brsk2"
"GOBP_SENSORY_PERCEPTION_OF_CHEMICAL_STIMULUS",0.458604994464264,1,0.0187151148924861,0.382507492852674,1.01705127834586,24,"Nxnl2/Ffar4/Tas1r3/Fzd2/Syt10/P2rx2/Reep2"
"GOBP_LONG_CHAIN_FATTY_ACID_TRANSPORT",0.458963778083448,1,0.0432689513601533,-0.323007404816345,-0.99042312699686,17,"Pla2g2d/Slc25a20/Ucp2"
"GOBP_REGULATION_OF_LIPID_TRANSPORT",0.460194912036451,1,0.0190888958892103,0.406297145481486,1.01774457698841,18,"Furin/Dbi/Tnfsf11/Il1b/Nfkbia/Adipoq"
"GOBP_REGULATION_OF_POSTSYNAPSE_ORGANIZATION",0.461755332189262,1,0.0185600051766358,0.378715307789875,1.01421354339167,25,"Epha7/Zdhhc15/Itpka/Nlgn1/Efna1/Nckipsd/Homer1/Eef2k/Nedd8/Crmp1/Caskin1/Lrfn1"
"GOBP_REGULATION_OF_RNA_SPLICING",0.462822458270106,1,0.0454734777155712,-0.299944172237516,-0.991326673360051,22,"Celf3"
"GOBP_POLYOL_METABOLIC_PROCESS",0.463548830811554,1,0.0430303966229415,-0.321558826736134,-0.985981416960157,17,"Miox/Lrp2"
"GOBP_AMIDE_TRANSPORT",0.463713268032057,1,0.0170746001009855,0.330277265534972,1.01181485611199,58,"Pou3f3/Brsk2/Vgf/Ffar4/Adcyap1/Slc13a3/Gck/Nr1d1/Adora1/Slc9b2/Rbp4/Tnfsf11/Ccl5/Mgst1/Grp/Cd209b/Il1b/Acvr1c/Ano1/Fam3b/Uqcc2/Tnf/Apln/Slc16a10/Nnat"
"GOBP_CELL_CYCLE_CHECKPOINT_SIGNALING",0.465385068993985,1,0.0178718590215315,0.356416481642946,1.01422332340536,36,"Knl1/Mrnip/Rad1/Rad9b/Timeless/Zfyve19/Nuf2/Donson/Cdca8/Eme1/Gen1/Bub1"
"GOBP_SKELETAL_SYSTEM_MORPHOGENESIS",0.465716933055363,1,0.0175943909926015,0.348385932142081,1.0137490547135,41,"Cbs/Stc1/Fgr/Sox5/Hoxd9/Nab2/Col13a1/Ghr/Phospho1/Foxc2"
"GOBP_CELL_SURFACE_TOLL_LIKE_RECEPTOR_SIGNALING_PATHWAY",0.46686551679419,1,0.0192382916559956,0.421664784342408,1.0158072695844,15,"Nr1d1/Ticam2/Bpifb1/Nfkbia/Tbk1"
"GOBP_AMINE_METABOLIC_PROCESS",0.467030303030303,1,0.0182246537416403,0.372249244829816,1.01177342888418,27,"Grin2a/Drd1/Haao/Gata3/Slitrk1/Vcam1/Snca/Aldh2/Gnat2/Ednra/Paox/Slc22a3/Sult1b1/Sult1c2/Pnmt"
"GOBP_ANIMAL_ORGAN_MORPHOGENESIS",0.467046959356219,1,0.0156803957606931,0.29542980890264,1.01101500838991,182,"Gcnt4/Cbs/Atp6v1b1/Dmp1/Stc1/Fgr/Tulp1/Sox5/Hoxd9/Myo3b/Nab2/Col13a1/Sp7/Odam/Gata3/Tspear/Ephb1/Adamts19/Fzd2/Gcnt1/Hccs/Ovol2/Stox1/Mafb/Ghr/Rbp4/Phospho1/Tnfsf11/Efna1/Vegfc/Foxc2/Vps51/Impg2/Serpinb5/Pou4f1/Hlx/Rpl38/S1pr1/Sulf2/Foxd1/Aldh1a3/Rab37/Npy1r/Gsc/Wnt16/Igf2/Pdcd4/Cep290/Insig1/Pax3"
"GOBP_MUSCLE_ORGAN_MORPHOGENESIS",0.468148148148148,1,0.044593371693072,-0.307502573425455,-0.987841977984785,20,"Lrp2/Myf5/Col3a1/Ankrd1"
"GOBP_PEPTIDYL_TYROSINE_MODIFICATION",0.468316831683168,1,0.0446454413139534,-0.301199299350662,-0.986317525107699,21,"Angpt4"
"GOBP_RESPONSE_TO_ESTRADIOL",0.469906542056075,1,0.0185442054727421,0.385003649200568,1.00453375081917,22,"Gria1/Ccdc62/Ghr/Pou4f1/Ass1/Areg/Kif18a/Penk/Endog"
"GOBP_REGULATION_OF_OSSIFICATION",0.470458445697475,1,0.0182824994741841,0.376399683440103,1.00801221609214,25,"Bglap/Bglap2/Bglap3/Tob2/Phospho1/P3h1/S1pr1/Ahsg/Grem1/Gfra4/Adgrv1/Ptk2b/Ddr2/Isg15/Acvr1b/Rflnb/Bmp7/Nell1/Actn3/Gdf10"
"GOBP_RECEPTOR_MEDIATED_ENDOCYTOSIS",0.470561542824731,1,0.0171379844682428,0.33654274469757,1.0088420812815,50,"Rab9b/Gria1/Fpr2/Dmbt1/Ldlr/Cxcr2/Trf/Unc119/Slc9b2/Ghr/Snca/Ap1s1/Cd209b/Lrpap1/Stab1/Hmmr/Tmem108/Sele/Adipoq/Bicd1/Apln"
"GOBP_NEGATIVE_REGULATION_OF_PROTEIN_METABOLIC_PROCESS",0.470878472594658,1,0.0163108385142793,0.316081297634039,1.01082137684953,82,"Grin2a/Ddrgk1/Ldlr/Furin/Ang/Dbi/Efna1/Sirt2/P3h1/Snca/Il1r2/Grin2c/Klhl31/Bex2/Traf3ip1/Pdcd4/Serpinb13/Nop53/Adipoq/Hap1/Acot8/Nmnat2/Cep85/Hmgcr/Samsn1/Vps28/Pbk/Cpeb4/Bag2/Pias3/Rpl11/Rybp/Sufu/Thbs1/Ppia/Pfdn6"
"GOBP_MAINTENANCE_OF_LOCATION",0.47239263803681,1,0.0499670502581102,-0.278234177954045,-0.988404985494312,30,"Plch1/Hsp90b1/Aplnr/Hspa5/Cd19/F2rl3/Cacna1c"
"GOBP_GLYCEROLIPID_BIOSYNTHETIC_PROCESS",0.473640267175573,1,0.0177786891235732,0.361879034917436,1.00808810654371,31,"Alox15/Awat2/Pigz/Pik3c2g/Ldlr/Pnpla3/Itpka/Mtmr7"
"GOBP_LYTIC_VACUOLE_ORGANIZATION",0.474127869277655,1,0.0190066728232557,0.419419841509368,1.01039911283458,15,"Rab34/Ccdc115/Hps1/Arsg/Coro1a/Irgm2/Atp6v1f"
"GOBP_RNA_SPLICING_VIA_TRANSESTERIFICATION_REACTIONS",0.474729241877256,1,0.0493105408604762,-0.279007977986722,-0.982746155276672,29,"Celf3"
"GOBP_POSITIVE_REGULATION_OF_T_CELL_MEDIATED_IMMUNITY",0.477530864197531,1,0.0441065180734917,-0.305654349159092,-0.981904617868721,20,"Tnfsf4/Il23r"
"GOBP_TAXIS",0.479995709535557,1,0.0160323381553125,0.31438178531809,1.00538637201996,82,"Tnfsf14/Fpr2/Spn/Epha7/Hc/2610528A11Rik/Pik3c2g/Ccl7/Ephb1/Cxcr2/S100a4/Vcam1/P2ry12/Sucnr1/Tnfsf11/Vegfc/Ccl5/S1pr1/Sema5b/Ppbp/Ddt/Cxcl14"
"GOBP_MITOCHONDRION_ORGANIZATION",0.480366931424097,1,0.0166326666274074,0.328973719916828,1.00248807419858,56,"Bbc3/Ndufs6/Ndufaf6/Timm21/Pet100/Stox1/mt-Nd2/Mtfr2/Snca/Nptx1/Uqcc3/Uqcc2/Ndufaf8/Ednra/Pim2/Tmem70/Sdhaf1/Irgm2/Ggct/Polrmt/Timm13/Tert/Sirt5/Hrk/Endog/4930550C14Rik"
"GOBP_NEGATIVE_REGULATION_OF_NEURON_PROJECTION_DEVELOPMENT",0.4813843733613,1,0.0453915777867546,-0.294676105699079,-0.982184023942546,23,"Draxin/Fkbp4/Rtn4rl1/Fstl4/Mag/Ephb2/Amigo3/Syngap1"
"GOBP_PIGMENTATION",0.481443298969072,1,0.0186831390984821,0.41288323353394,1.00763677140264,16,"Hps1/Kitl/Rab27a/Sox10/Ap1s1/Mlph/Gnat2/Ednra"
"GOBP_CELLULAR_RESPONSE_TO_RADIATION",0.481735719539103,1,0.0179318521717875,0.37299314822527,0.998889389314722,25,"Bbc3/Lcn2/Fignl1/Gata3/Rad1/Rad9b"
"GOBP_RESPONSE_TO_FATTY_ACID",0.482597139602582,1,0.0183795090452486,0.399126373456418,0.999782318521926,18,"Scd1/Cldn1/Ldlr/Ass1/Kcnk4/Adipoq/Ccnb1"
"GOBP_REGULATION_OF_RESPONSE_TO_CYTOKINE_STIMULUS",0.483182251908397,1,0.0174850888998239,0.359169358893058,1.00053974947079,31,"Tmc8/Ticam2/Ccl5/Il1r2/Ptpn6/Adipoq/Nlrc5/Tbk1/Cd300lf/Irgm2/Pias3/Ikbke"
"GOBP_POSITIVE_REGULATION_OF_ADAPTIVE_IMMUNE_RESPONSE",0.485033259423503,1,0.0466040845253941,-0.284833099122404,-0.981744506085409,26,"Tnfsf4/Il23r/Fcgr1"
"GOBP_INSULIN_RECEPTOR_SIGNALING_PATHWAY",0.485438144329897,1,0.0185600051766358,0.41164028314629,1.00460336531127,16,"Gpr21/Foxc2/Slc27a4/Igf2/Il1b/Ahsg"
"GOBP_OSTEOBLAST_DIFFERENTIATION",0.485444712921413,1,0.0168897685092836,0.339555767542368,0.998179400554395,44,"Panx3/Ffar4/Bglap/Fignl1/Sp7/Bglap2/Bglap3/Fasn/Vegfc/Igf2/Creb3l1/Twist2/Tnf/Trp63/Grem1/Tnfaip6/Areg/Sufu"
"GOBP_ORGANELLE_TRANSPORT_ALONG_MICROTUBULE",0.485824742268041,1,0.0185481535161878,0.411437573010099,1.0041086535609,16,"Ap3b2/Ap3m2/Bicd1/Hap1/Borcs8"
"GOBP_REGULATION_OF_INTRACELLULAR_TRANSPORT",0.486731925934662,1,0.0172123324824924,0.351529734697392,1.00031753345728,36,"Brsk2/Cep131/Reep2/Cep290/Insig1/Il1b/Arfip1/Nfkbia/Adipoq/Hap1/Cdk1/Ect2/Zic1/Kif20b/Sufu/Xpo1"
"GOBP_MEMBRANE_FUSION",0.486963093588613,1,0.0181747365678307,0.392578253063121,0.995632626812586,19,"Tmem95/Rab34/Snca/Vamp8/Coro1a/Vcpip1/Syt9/Gca"
"GOBP_POSITIVE_REGULATION_OF_LOCOMOTION",0.488938287286969,1,0.0155734579003119,0.308294973889806,1.0019815368905,97,"Tnfsf14/Gria1/Drd1/Fpr2/Lcn2/Fgr/Spn/Vil1/Ddrgk1/Cldn1/Gata3/Tnfrsf18/Ccl7/Kitl/P2ry12/Sucnr1/Vegfc/Foxc2/Ccl5/S1pr1/Sema5b/Fut1/Rras/Mien1/Il1b/Twist2/Sele/Coro1a/Tnf/Gpnmb/Sema4g/Grem1/Icam1/Tnfaip6/Scg2/Kif20b/Sema4f/Selp/Tert/Thbs1/Lgr6/Vsir/Ptgs2"
"GOBP_CARDIAC_CHAMBER_DEVELOPMENT",0.488990035674745,1,0.0177638457382139,0.3742495234881,0.99509411814452,24,"Gata3/Adamts19/Fzd2/Ovol2/Rbp4/Nprl3/Foxc2/Pou4f1"
"GOBP_RENAL_SYSTEM_PROCESS",0.489696312364425,1,0.0458050138104871,-0.287787617649468,-0.981869867768179,25,"Umod/Chrna7"
"GOBP_MONOCARBOXYLIC_ACID_TRANSPORT",0.489946380697051,1,0.0513917494830751,-0.26166182345556,-0.976187923003222,37,"Pla2g2d/Slc22a2/Slc25a20/Slc6a12/Abcb11/Ucp2/Slc10a5"
"GOBP_EMBRYONIC_ORGAN_MORPHOGENESIS",0.490830755634114,1,0.0161364959511297,0.32272028930656,0.997882764485184,62,"Atp6v1b1/Hoxd9/Myo3b/Gata3/Fzd2/Ovol2/Stox1/Mafb/Rbp4/Efna1/Foxc2/Hlx/Rpl38/Aldh1a3/Gsc/Wnt16/Cep290/Insig1"
"GOBP_TRANSMEMBRANE_TRANSPORT",0.490877935691967,1,0.0148088898493829,0.2884288415104,1.00302995719519,250,"Pou3f3/Kcnmb4/Slc17a1/Gabrq/Slc7a13/Atp6v1b1/Panx3/Gria1/Slc6a13/Slc23a3/Grin2a/Gabra3/Ffar4/Slc34a2/Drd1/Slc6a20a/Gabra4/Lcn2/Nnt/Slc18a3/Slc4a1/Tmc8/Cacna1e/Gsdmc2/Slc13a3/Rhd/Scn8a/Ndufs6/Tmem163/Sec61a2/Slco5a1/mt-Atp6/mt-Atp8/Slc25a10/Timm21/Cpt1b"
"GOBP_ENSHEATHMENT_OF_NEURONS",0.491724506139883,1,0.0453100651044091,-0.288224109305719,-0.972279471665766,24,"Cldn11/Cntn2"
"GOBP_REPRODUCTIVE_PROCESS",0.493287574442314,1,0.0147585975721717,0.289263946619688,1.00174284607108,229,"Cyp17a1/Cbs/Dmrta1/Pcdh11x/Tmem95/Elf5/Vgf/Drd1/Morc1/Six5/Stc1/Agfg2/Ccnb2/Dnd1/Scgb1a1/Adcyap1/Arrdc5/Cdc25c/Hoxd9/Knl1/Exd1/Fignl1/Gata3/Tdrp/Rad1/Ggn/Mea1/Ccdc62/Atat1/Sptbn4/Ang/Cep131/Ly6k/Alox8/Mastl/Rad54b/Ncaph/Car12/Kitl/Gnrh1/Aspm/Nme7/Nuf2/Tob2/Rfx2/Slc9b2/Cks2/Rbp4/Tcfl5/Ankle1/Dhcr24/Eme1/Serpinb5/Sirt2"
"GOBP_MORPHOGENESIS_OF_AN_EPITHELIUM",0.493523177390001,1,0.0156016825393435,0.310601856612482,0.996906219762557,85,"Brsk2/Flg2/Krt25/Krt27/Lcn2/Epha7/Astn2/Gata3/Timeless/Ovol2/Stox1/Vegfc/Foxc2/Serpinb5/Foxd1/Sox10/Aldh1a3/Wnt16/Traf3ip1/Cep290"
"GOBP_NEGATIVE_REGULATION_OF_HORMONE_SECRETION",0.494099338607185,1,0.0183912010902331,0.412433902516418,0.993569707398273,15,"Ffar4/Adora1/Il1b/Acvr1c/Adipoq"
"GOBP_COLLAGEN_METABOLIC_PROCESS",0.495853339153208,1,0.0403096907892751,-0.323277982484082,-0.960776735307776,15,"Col1a1/Col5a1/Try5/Serpinh1/Col1a2"
"GOBP_RESPONSE_TO_HEAT",0.49592578663658,1,0.0178345082164737,0.383959127237191,0.985083888845185,20,"St8sia1/Crnn/Tcim/Ano1/Dnajc2/Thbs1"
"GOBP_GLUCOSE_METABOLIC_PROCESS",0.497700200495341,1,0.016886306558847,0.348895122276056,0.990575699718604,35,"Fbp1/Nnmt/Gck/Slc25a10/Pcx/Rbp4/Npy1r/Igf2/Tigar/Adipoq/Tnf"
"GOBP_GLIAL_CELL_DEVELOPMENT",0.497847213679419,1,0.017499608102393,0.371623359119071,0.988111395247385,24,"Drd1/Fpr2/Nr1d1/Ldlr/Fa2h/Sirt2/Sox10/Il1b/Ano1/C1qa/Tnf/Arhgef10/B4galt5"
"GOBP_ACTIN_FILAMENT_BUNDLE_ORGANIZATION",0.498038734984065,1,0.0174416308225562,0.368473408545621,0.986785359978132,25,"Plek/Vil1/Myl9/Rhpn1/S1pr1"
"GOBP_POSITIVE_REGULATION_OF_CYTOKINE_PRODUCTION",0.498625211505922,1,0.0152759926185111,0.306078369092129,0.995674535637928,98,"Chia1/Panx3/Camp/Sash3/Nmbr/Fgr/Adora2b/Adcyap1/Spn/Ccdc88b/Hc/Irf5/Gata3/Cyp1b1/Ticam2"
"GOBP_POSITIVE_REGULATION_OF_CELL_ACTIVATION",0.498637007959874,1,0.0157183423226054,0.316446226907551,0.994079818285942,70,"Tnfsf14/Sash3/Plek/H2-DMa/Spn/Rag1/Ccdc88b/Ddrgk1/Clec4d/Gata3/Cd1d1/Vcam1/Kitl/Tnfsf11/Ccl5/Hlx/Tox/Igf2/Cd209b/Tbx21/Lgals1/Il1b/Ptpn6/Coro1a/Tnf/Rif1"
"GOBP_MYELOID_LEUKOCYTE_DIFFERENTIATION",0.499420894139449,1,0.0165717148570017,0.340590510337971,0.991065585732932,41,"Bglap/Gata3/Bglap2/Bglap3/Kitl/Trf/Tob2/Slc9b2/Mafb/Tnfsf11/Fasn/Pou4f1"
"GOBP_MYELOID_CELL_HOMEOSTASIS",0.499634057087094,1,0.0173228827552788,0.365686635981924,0.987168550016762,26,"Gcnt4/Slc4a1/Gata3/Kitl/Mafb/Ypel4/Rps17/Alas2"
"GOBP_REGULATION_OF_NON_CANONICAL_NF_KAPPAB_SIGNAL_TRANSDUCTION",0.501455511960511,1,0.0178121508606044,0.393388020668497,0.985408165280383,18,"Tnfsf14/Rtkn2/Tnfsf11/Pdcd4/Tcim/Il1b/Tnf"
"GOBP_NEGATIVE_REGULATION_OF_MITOTIC_CELL_CYCLE_PHASE_TRANSITION",0.502135231316726,1,0.0168413857218999,0.350613315512003,0.98630645699586,33,"Knl1/Mrnip/Cdk2ap2/Zfyve19/Nuf2/Donson/Cdca8/Gen1/Bub1/Aven/Nop53/Gpnmb/Slfn9/Cdk1/Ccnb1"
"GOBP_REGULATION_OF_BONE_MINERALIZATION",0.502621148190768,1,0.0179280941928514,0.399848996600258,0.988544298150699,17,"Bglap/Bglap2/Bglap3/Phospho1/S1pr1/Ahsg/Grem1/Adgrv1/Ptk2b/Ddr2/Isg15/Rflnb/Bmp7/Nell1/Actn3"
"GOBP_EXOCYTOSIS",0.504758742806552,1,0.0157563964712201,0.320277665181103,0.987994807818144,61,"Brsk2/Plek/Fgr/Adora2b/2610528A11Rik/Unc13c/Lin7a/Hck/Syn2/Rab27a/Syt10/Nlgn1/Ccl5/Snca/Grp/Rab37/Vamp8/Scamp5/Cd177/Rab2b/Slc4a8/Hap1/Coro1a/Stxbp2/Tnfaip2/Osbpl2/Syt9/Fcer1a"
"GOBP_REACTIVE_NITROGEN_SPECIES_METABOLIC_PROCESS",0.504992867332382,1,0.0180678946869229,0.408721120848422,0.984625468399011,15,"Cyp1b1/Ass1/Il1b/Tnf/Arg2/Stat1/Ptgs2/Acp5/Gch1/Ddah2"
"GOBP_REGULATION_OF_OSTEOBLAST_DIFFERENTIATION",0.505003088326127,1,0.0173515684100079,0.371610000005153,0.97974882170852,23,"Ffar4/Vegfc/Twist2/Tnf/Trp63/Grem1/Tnfaip6/Areg/Sufu/Ranbp3l/Lrp3/Ddr2/Ifitm1/Gdpd2/Bmp7/Nell1/Gdf10/Ptch1/Tent5a/Ucma"
"GOBP_POSITIVE_REGULATION_OF_GROWTH",0.505366198844203,1,0.0166632502544052,0.346938321927593,0.985019993288137,35,"Sash3/Vil1/Gpr21/Arx/Sptbn4/Exosc2/Ghr/Hlx/Igf2/N6amt1/Cdk1/Ccnb1/Tnfrsf12a/Mfsd2a/Rps6ka3"
"GOBP_SENSORY_PERCEPTION_OF_MECHANICAL_STIMULUS",0.505581089954038,1,0.0499670502581102,-0.263252679634234,-0.967641301986362,35,"Lrp2/Kcnq3/Ush1g/Slc1a3/Col1a1/Elmod3/Pcdh15"
"GOBP_MAINTENANCE_OF_CELL_NUMBER",0.506099048548426,1,0.0171344548595025,0.363804124019117,0.982086721965478,26,"Elf5/Aspm/Taf5l/Rif1/Tfap2c/Trp63/Brms1l/Zic1/Tcf15/Bcl9/Brms1/Paf1/Bcl7b/Elavl1/Bcl9l"
"GOBP_PROTEIN_POLYMERIZATION",0.507922136713445,1,0.0159902570706937,0.32690316706593,0.982891716294113,51,"Alox15/Cdc42ep5/Vil1/Sptbn4/Ang/Hck/Slain1/Nme7/Tpx2/Snca"
"GOBP_POSITIVE_REGULATION_OF_PROTEASOMAL_PROTEIN_CATABOLIC_PROCESS",0.509531837634548,1,0.0179356112759152,0.407187189299646,0.980930166168066,15,"Ddrgk1/Trf/Sirt2/Nop53/Bag2"
"GOBP_POSITIVE_REGULATION_OF_DNA_REPAIR",0.511606795486967,1,0.0178756002125517,0.406530439202669,0.97934802901177,15,"Mrnip/Timeless/Fus/Mcrs1/Tigar/Ube2n/Rif1"
"GOBP_CARDIAC_CHAMBER_MORPHOGENESIS",0.512097279679077,1,0.0173623422400133,0.380064134061189,0.97509091107057,20,"Gata3/Adamts19/Fzd2/Ovol2/Rbp4/Foxc2/Pou4f1"
"GOBP_MICROTUBULE_BASED_TRANSPORT",0.512585812356979,1,0.0537722460118177,-0.247968096587939,-0.966932280783832,44,"Spag16/Dnaaf3"
"GOBP_POSITIVE_REGULATION_OF_PHOSPHORYLATION",0.513580805794477,1,0.0158296372100086,0.325732315334133,0.979371345174676,51,"Diras2/Adcyap1/Ddrgk1/Mrnip/Odam/Tnfrsf18/Ang/Lcp2/Unc119/Stox1/Efna1/Tpx2/Mt3/Mmd/Wnk3/Tcim/Tigar/Adipoq/Tnf/Apln"
"GOBP_KETONE_METABOLIC_PROCESS",0.514093643118292,1,0.0164138967067338,0.344120593609887,0.979233986302813,36,"Cyp17a1/Bglap/Nr1d1/Bglap2/Bglap3/Cyp4f18/Sirt2/Snca/Insig1/Il1b/Adipoq"
"GOBP_REGULATION_OF_PROTEIN_SECRETION",0.516708628976883,1,0.0159032817562327,0.331697486597508,0.980875628397867,46,"Brsk2/Krt20/Gck/Nr1d1/Ang/Slc9b2/Rbp4/Vegfc/Ccl5/P3h1/Il1b/Acvr1c/Ano1/Arfip1/Uqcc2/Tnf/Hmgcr/Nnat"
"GOBP_LIPID_METABOLIC_PROCESS",0.516860759493671,1,0.014131708584212,0.28811653361037,0.993676062547997,209,"Cyp17a1/Atp6v1b1/Alox15/Tm6sf2/Fah/Acot4/Bglap/Abhd15/Awat2/Degs2/Tnfaip8l3/Pigz/St8sia1/Nr1d1/Tmem86b/Fads3/Scd1/Ndufs6/Hacd4/Pik3c2g/Thnsl2/Cyp1b1/Ldlr/Bglap2/Bglap3/Gk5/Plppr3/Prkar2b/Dhcr7/Cpt1b/Pcx/Smpd2/Fa2h/Alox8/Cyp4f18/Pnpla3/Dbi/Ebp/Echdc1/Itpka/Adora1/Ggt7/Hcar1/Elovl4/Far2/Mtmr7/Lipf/Rbp4/B3galt5/Pla2g12b/Fasn/Dhcr24/Sirt2/Snca/Cyp2w1/Aldh1a3/Fut1/Apoh/Slc27a4"
"GOBP_MONOATOMIC_ION_TRANSPORT",0.51724487725705,1,0.0141458523998793,0.288329714084898,0.993082509987003,205,"Kcnmb4/Slc17a1/Gabrq/Atp6v1b1/Panx3/Gria1/Slc6a13/Grin2a/Gabra3/Slc34a2/Drd1/Slc6a20a/Gabra4/Lcn2/Stc1/Nnt/Slc18a3/Slc4a1/Tmc8/Cacna1e/Slc13a3/Gck/Scn8a/Ndufs6/Tmem163/mt-Atp6/mt-Atp8/Slc25a10/Sptbn4/Kcns1/Sgk1/Kel/Gria4/P2ry12/Trf/Adora1/mt-Nd2/Slc9b2/P2rx2/mt-Cytb/Kcnc3/Ccl5/Kcnc4/Atp11c/Pgrmc2/Snca/Grp/Grin2c/Mt3"
"GOBP_PLASMA_MEMBRANE_ORGANIZATION",0.518616021060549,1,0.0171768746625494,0.378266031759498,0.970477707523004,20,"Tmem95/Slc4a1/Fa2h/Mafb/Casp7/Tlcd2/Ano4/Osbpl2"
"GOBP_REGULATION_OF_MOLECULAR_FUNCTION",0.52079491907396,1,0.014188365605196,0.291929082655342,0.990970765171367,161,"Diras2/Brsk2/Il18rap/Fgr/Rtkn2/Tmc8/Gabbr2/Adora2b/Adcyap1/Cdc25c/Zfp593/Ddrgk1/Mrnip/Odam/Gata3/Cyp1b1/Gpsm1/Rfc4/Hck/Sgk1/Dbi/Lcp2/Unc119/Stox1/Crnn/Tpx2/Sirt2/Adap1/Pou4f1/Snca/Grp/Mt3/Nprl2/Guca1a/Pdcd4/Lrpap1/Serpinb13/Mmd/Wnk3/Tcim/Il1b/Cacng4/Tigar/Nfkbia/Adipoq/Hap1/Ube2n/Tnf/Btaf1/Cep85"
"GOBP_REGULATION_OF_GLIOGENESIS",0.520987654320988,1,0.0420198810407943,-0.298175155091097,-0.957877951101162,20,"Rnf112/Lrp2"
"GOBP_NERVOUS_SYSTEM_PROCESS",0.525463434508046,1,0.0139770125707318,0.288615346449636,0.988407712921707,185,"Kcnmb4/Fen1/Atp6v1b1/Gria1/Nxnl2/Grin2a/Ffar4/Drd1/Sfrp5/Lcn2/Tulp1/Bglap/Rag1/Myo3b/Tas1r3/Ldlr/Bglap2/Cntnap2/Adgrb3/Bglap3/Prkar2b/Tspear/Hps1/Ephb1/Sptbn4/Fzd2/Sgk1/Cst7/Adora1/Syt10/Unc119/Nlgn1/Rbp4/P2rx2/Impg2/Reep2/Pou4f1/Rpl38/S1pr1/Snca/Sema5b/Sox10/Aldh1a3/Grin2c/Npy1r/Guca1a/Crybb1"
"GOBP_REGULATION_OF_TRANSLATION",0.52605459057072,1,0.0161071185043535,0.343957786564509,0.972104067057753,34,"Sarnp/Ang/Ccl5/Rpl38/Rpusd4/Eef2k/Nmnat2/Uqcc2/Tnf/Rps9/Pld1/Cpeb4/Selenot/Rps6ka3/Thbs1/Rgs2/Elavl1/Eif1b"
"GOBP_HOMOTYPIC_CELL_CELL_ADHESION",0.52797507788162,1,0.016827595383871,0.369499347191114,0.964080641650653,22,"Plek/Myl9/P2ry12/Dsc2/Tnfsf11/Ccl5"
"GOBP_REGULATION_OF_PROTEIN_MODIFICATION_PROCESS",0.530781331934976,1,0.0142537927701623,0.297798070558344,0.980029897509108,109,"Diras2/Fgr/Adcyap1/Nnmt/Cdc25c/Epha7/Ddrgk1/Mrnip/Odam/Tnfrsf18/Dbi/Lcp2/Unc119/Stox1/Efna1/Tpx2/Sirt2/P3h1/Mt3/Klhl31/Bex2/Traf3ip1/Pdcd4/Mmd/Wnk3/Tcim/Ropn1l/Nop53/Adipoq/Ube2n/Tnf/Cep85/Ect2/Samsn1/Vps28/Irgm2/Bag2/Pias3/Mst1/Rpl11/Brms1/Tnfrsf10b/Ppia"
"GOBP_REGULATION_OF_DOUBLE_STRAND_BREAK_REPAIR",0.530800155621839,1,0.0173336322937549,0.400716519806687,0.965342065491659,15,"Mrnip/Fignl1/Timeless/Fus/Ube2n/Rif1/Atrip/Bcl7b/Rad51/Zcwpw1"
"GOBP_DNA_METABOLIC_PROCESS",0.531422042173055,1,0.0140978186671157,0.294811177045824,0.982462438742372,127,"Neil2/Cbs/Fen1/Rag1/Tonsl/Mrnip/Fignl1/Rad1/Ggn/Rad9b/Timeless/Rfc4/Tex264/Rad54b/Exo5/Stox1/Donson/Rnaseh2c/Kpna2/Ankle1/Eme1/Esco1/Gen1/Mnat1/Tbx21/Taf5l/Fus/Hnrnpab/Mcrs1/Tigar/Nop53/Adipoq/Ube2n/Tnf/Slfn9/Rif1/Swi5/Ten1/Cdk1/Dnajc2/Faap24/Vcpip1/4930447C04Rik/Jade3/Esco2/Atrip"
"GOBP_MICROTUBULE_ORGANIZING_CENTER_ORGANIZATION",0.532873617881346,1,0.0160096625142323,0.345014280290877,0.966763082762012,32,"Kif15/Cep131/Gen1/Ccdc61/Tube1/Haus5/Cep85/Arhgef10/Cdk1/Ccnf/Cep250/Ppp1r35/Xpo1/Ccnl1"
"GOBP_CENTROSOME_DUPLICATION",0.53389175257732,1,0.0171556471516996,0.395218756406102,0.964526818621893,16,"Cep131/Gen1/Cep85/Arhgef10/Ccnf/Ppp1r35/Xpo1"
"GOBP_MYELOID_LEUKOCYTE_MEDIATED_IMMUNITY",0.534579439252336,1,0.0166462504417904,0.367665002582491,0.95929455436597,22,"Fgr/Adora2b/2610528A11Rik/Grp/Vamp8/Cd177/Ndst2/Stxbp2/Ace/Fcer1a"
"GOBP_REPRODUCTIVE_SYSTEM_DEVELOPMENT",0.535541752933057,1,0.0154580379702625,0.330222737914368,0.968938151986687,43,"Dmrta1/Vgf/Ndufs6/Gata3/Mea1/Ang/Alox8/Kitl/Gnrh1/Aspm/Rbp4/Dhcr24/Serpinb5"
"GOBP_CELL_JUNCTION_ASSEMBLY",0.536238090140242,1,0.0144028066276713,0.303005876551724,0.972526198824015,85,"Gria1/Gabra3/Drd1/Gabra4/Pcdhb5/Epha7/Cldn1/Cntnap2/Adgrb3/Slitrk1/Lin7a/Ephb1/Slitrk5/Flrt1/Nlgn1/Thbs2/Pou4f1/Snca/Nckipsd/Tesk2/Nptx1/Il1b/Eef2k/Nedd8/C1ql3/Tnf/Crmp1/Clstn3/Ect2/Ace/Caskin1/Grem1"
"GOBP_REGULATION_OF_FATTY_ACID_METABOLIC_PROCESS",0.536451169188446,1,0.0396431810797813,-0.304548123329481,-0.933822259587239,17,"Mlycd/Angptl4/Plin5/Abcb11"
"GOBP_NEURAL_CREST_CELL_DIFFERENTIATION",0.537143587776499,1,0.0169522435228145,0.389066938079634,0.961887878943659,17,"Nrtn/Kitl/Ovol2/Foxc2/Sema5b/Sox10/Gsc/Ednra/Sema4g/Sema4f"
"GOBP_MEMBRANELESS_ORGANELLE_ASSEMBLY",0.537468548298873,1,0.0146820246942931,0.30961253039287,0.969026165899485,68,"Ccnb2/Kif15/Vil1/Myl9/Ang/Hck/Aspm/Cdca8/Tpx2/Rpl38/Ccdc61/Fus/Wnk3/Rps23/Nop53/Haus5/Bicd1/Tnf/Cep85/Arhgef10"
"GOBP_CELL_JUNCTION_ORGANIZATION",0.537609932747025,1,0.0138738406515219,0.292986745351229,0.980986453011249,134,"Gria1/Gabra3/Drd1/Gabra4/Slc18a3/Sez6l/Pcdhb5/Epha7/Cldn1/Zdhhc15/Cntnap2/Adgrb3/Slitrk1/Fgf22/Lin7a/Ephb1/Sptbn4/Slitrk5/Syn2/Lamtor2/Itpka/Flrt1/Nlgn1/P2rx2/Efna1/Thbs2/Pou4f1/Snca/Nckipsd/Tesk2/Nptx1/Homer1/Ntng1/Cd177/Il1b/Eef2k/Tmem108/Nedd8/C1ql3/C1qa/Tnf/Sncg/Crmp1/Clstn3"
"GOBP_CYTOSKELETON_ORGANIZATION",0.537872683319903,1,0.0134788529943355,0.283024691634608,0.984852686045831,255,"Brsk2/Krt10/Krt20/Krt25/Krt27/Alox15/Plek/Mast1/Agfg2/Ccnb2/Krt79/Kif15/Myo3b/Tmsb10/Ccdc88b/Cdc42ep5/Vil1/Fignl1/Ttll11/Odam/Gpsm1/Myl9/Ccl7/Atat1/Sptbn4/Ang/Cep131/Hck/Cdk2ap2/Rhpn1/Lmnb2/Slain1/Itpka/Aspm/Stmn4/Nme7/Nuf2/Nlgn1/Cdca8/Ckap2/Kcnc3/Tpx2/Sipa1l3/Cyth2/S1pr1/Snca/Schip1/Gen1/Nckipsd/Ccdc61/Tesk2/Cdk10"
"GOBP_REGULATION_OF_PROTEIN_LOCALIZATION_TO_NUCLEUS",0.53819219297108,1,0.0171309262252782,0.39823930328161,0.959374352161194,15,"Mcrs1/Nfkbia/Cdk1/Ect2/Zic1/Tert/Sufu/Dtx3l"
"GOBP_POSITIVE_REGULATION_OF_APOPTOTIC_SIGNALING_PATHWAY",0.541343021799048,1,0.0165413459014721,0.369166550587677,0.954139633803551,21,"Tnfsf14/Bbc3"
"GOBP_INTRINSIC_APOPTOTIC_SIGNALING_PATHWAY_IN_RESPONSE_TO_DNA_DAMAGE",0.541752577319588,1,0.0169418099085665,0.392629159434282,0.95820693706704,16,"Bbc3/Hic1/Tnf/Trp63/Crip1/Ikbke/Cdkn1a/Ackr3/Dyrk2"
"GOBP_POSITIVE_REGULATION_OF_CELL_ADHESION",0.541849278460716,1,0.0142310023106803,0.301949047419691,0.970627014804622,86,"Tnfsf14/Alox15/Sash3/Dmp1/H2-DMa/Spn/Rag1/Ccdc88b/Gata3/Tnfrsf18/Chst4/Cd1d1/Gcnt1/Vcam1/Kitl/P2ry12/Tnfsf11/Foxc2/Ccl5/Hlx/Fut1/Rras/Igf2/Cd209b/Lgals1/Il1b/Ptpn6/Sele/Coro1a/Tnf"
"GOBP_CARDIAC_MUSCLE_CONTRACTION",0.542063001852996,1,0.0163174630038109,0.361589241690644,0.953329117849286,23,"Stc1/Scn8a/Adora1/Dsc2/Trdn/Jph4"
"GOBP_T_CELL_RECEPTOR_SIGNALING_PATHWAY",0.545621274644658,1,0.0392639551356622,-0.302332401805685,-0.927028291995692,17,"Card11/Btnl10"
"GOBP_RESPONSE_TO_KETONE",0.54797289264059,1,0.0156048222565447,0.340960476409549,0.955403935732154,32,"Fbp1/Bglap/Cldn1/Bglap2/Bglap3/Sgk1/Gnrh1/Ghr/Sox10/Ass1/Slc5a5"
"GOBP_ERYTHROCYTE_HOMEOSTASIS",0.549317147192716,1,0.0413437079847925,-0.281994990211117,-0.932003957485866,22,"Klf1"
"GOBP_CELLULAR_RESPONSE_TO_XENOBIOTIC_STIMULUS",0.550268096514745,1,0.0482553756182689,-0.253675788718106,-0.946394235256066,37,"Kcnq3/Sult1c1/Gsto2/Cyp2f2/Acaa1a/Abcb11/Ankrd1/Cyp2r1"
"GOBP_CELL_ACTIVATION",0.552535496957404,1,0.0131890612898131,0.284359888272201,0.978693337839872,202,"Tnfsf14/Il18rap/Camp/Fpr2/Sash3/Plek/Fgr/H2-DMa/Scgb1a1/Adora2b/Spn/Rag1/Ccdc88b/Nr1d1/Ddrgk1/Treml2/Clec4d/Ikzf3/Shpk/2610528A11Rik/Gata3/Hells/Ldlr/Tec/Myl9/Ephb1/Cd1d1/Cxcr2/Cst7/Vcam1/Kitl/Gnrh1/P2ry12/Rab27a/Sucnr1/Lcp2/Mafb/Tnfsf11/Ccl5/Adamts13/Hlx/Snca/Tox/Tnfaip8l2/Grp/Vamp8/Igf2/Cd209b/Tbx21/Tnfrsf9/Lgals1/Tcim/Cd177/Il1b/Ifi204/Ptpn6/Itgal/Cd48/Coro1a/C1qa/Cd93/Tnf/Gpnmb/Rif1/Pax5"
"GOBP_EMBRYONIC_EPITHELIAL_TUBE_FORMATION",0.552594002855783,1,0.0398168800491465,-0.299198923282415,-0.930056981492859,18,"Lrp2/Gdnf/Ret/Sox8"
"GOBP_NEGATIVE_REGULATION_OF_APOPTOTIC_SIGNALING_PATHWAY",0.553399186519465,1,0.0151326847715948,0.329564994835816,0.955361559679205,40,"Rtkn2/Fignl1/Hells/Wnt16/Creb3l1/Il1b/Tnf/Cth/Icam1/Scg2/Tert/Thbs1/Ppia/Ptgs2/Fgg/Eya4/Bmp5/Ackr3/Mnt/Tnfaip3"
"GOBP_TISSUE_MIGRATION",0.55375437686422,1,0.0167143840009598,0.392827088145878,0.946336110212662,15,"Vil1/Kitl/Gdf6/Coro1a"
"GOBP_FOREBRAIN_GENERATION_OF_NEURONS",0.554973821989529,1,0.0397201431311868,-0.298572631803919,-0.928110160442721,18,"Cntn2/Elavl4"
"GOBP_BLOOD_VESSEL_MORPHOGENESIS",0.555555555555556,1,0.101117648743061,-0.207933203577924,-0.980698818603106,129,"Angpt4/Lrp2/Chrna7/Lama1/Col8a2/Klk1b1/Cxcl17/Col3a1/Aplnr/E2f8/Angptl4"
"GOBP_REGULATION_OF_CELL_CYCLE_G2_M_PHASE_TRANSITION",0.557374984254944,1,0.0161954478944192,0.371465665784568,0.942088191870143,19,"Cdc25c/Mrnip/Zfyve19/Stox1/Donson/Cdk10/Aven/Nop53/Cdk1/Ccnb1"
"GOBP_POSITIVE_REGULATION_OF_CELL_CELL_ADHESION",0.557425742574257,1,0.0142366965957834,0.308061571161328,0.956871406361622,64,"Tnfsf14/Sash3/H2-DMa/Spn/Rag1/Ccdc88b/Gata3/Chst4/Cd1d1/Gcnt1/Vcam1/Kitl/Tnfsf11/Ccl5/Hlx/Igf2/Cd209b/Lgals1/Il1b/Ptpn6/Sele/Coro1a/Tnf"
"GOBP_GROWTH",0.560325303685403,1,0.0132023615640817,0.287698619886627,0.969253368854032,144,"Fbp1/Sash3/Stc1/Ascl3/Ccnb2/Epha7/Vil1/Gpr21/Ndufs6/Gata3/Arx/Slitrk1/Tec/Lin7a/Sptbn4/Sgk1/Alox8/Cdkn2c/Lamtor2/Aspm/Exosc2/Flrt1/Ghr/Rbp4/Foxc2/P3h1/Hlx/S1pr1/Sema5b/Sox10/Mt3/Npy1r/Igf2"
"GOBP_PROTEASOME_MEDIATED_UBIQUITIN_DEPENDENT_PROTEIN_CATABOLIC_PROCESS",0.560488088320744,1,0.0149488775820476,0.328169834060382,0.951317189083699,40,"Ddrgk1/Trf/Rnf122/Sirt2/Spsb1/Fbxl18/Tbx21/Klhl11/Anapc10/Nop53/Ube2n/Ccnf/Pbk/Klhl4/Bag2/Klhdc3/Rpl11/Rybp"
"GOBP_NEGATIVE_REGULATION_OF_TRANSMEMBRANE_TRANSPORT",0.560887044481909,1,0.0165278713214594,0.390905509736357,0.941706951245754,15,"Kel/Grp/Il1b/Tnf/Rem1/Thbs1/Slc43a2/Rgs2/Kcnh2"
"GOBP_L_ALPHA_AMINO_ACID_TRANSMEMBRANE_TRANSPORT",0.563482930571538,1,0.0162546650293177,0.380742231468203,0.941306756258651,17,"Slc7a13/Slc6a20a"
"GOBP_FEEDING_BEHAVIOR",0.564493098524512,1,0.0393390661709319,-0.296523072524412,-0.921739125092805,18,"Cntn2/Gnb3"
"GOBP_RESPONSE_TO_REACTIVE_OXYGEN_SPECIES",0.565717674970344,1,0.0151114679602407,0.336103086200387,0.94548789070257,33,"Il18rap/Lcn2/Scgb1a1/Mpo/Cyp1b1"
"GOBP_ANTIVIRAL_INNATE_IMMUNE_RESPONSE",0.566722863441836,1,0.016377234672201,0.38884408419122,0.936740894955987,15,"Nmbr/Ube2n/Tnf/Tbk1/Dhx58/Oas1g/Ifit1bl1/Ifih1/Nmb/Oasl1/Zbp1"
"GOBP_CELLULAR_RESPONSE_TO_STEROID_HORMONE_STIMULUS",0.567112144102266,1,0.0147792844303303,0.326728256067839,0.947138261646211,40,"Stc1/Nr1d1/Ddrgk1/Esrrg/Ccdc62/Sgk1/Pgrmc2/Sox10/Ass1"
"GOBP_NEGATIVE_REGULATION_OF_CELL_CYCLE_PROCESS",0.568121104185218,1,0.014131708584212,0.309824877230306,0.9491583172306,58,"Susd2/Knl1/Mrnip/2610528A11Rik/Rad1/Rad9b/Timeless/Cdk2ap2/Zfyve19/Nuf2/Donson/Cdca8/Eme1/Gen1/Bub1/Aven/Nop53/Gpnmb/Slfn9/Cdk1/Ccnb1/Ccnf"
"GOBP_T_CELL_ACTIVATION_INVOLVED_IN_IMMUNE_RESPONSE",0.568661971830986,1,0.0440560759786921,-0.269195961565317,-0.942404355025503,28,"Tnfsf4/Il23r/Icos/Loxl3/H2-Eb1/Plxna1/Clec4e"
"GOBP_PROTEIN_LOCALIZATION_TO_MITOCHONDRION",0.569136266766955,1,0.0158232525019297,0.363460055536784,0.932491558474876,20,"Bbc3/Timm21"
"GOBP_REGULATION_OF_CELL_POPULATION_PROLIFERATION",0.571787906227991,1,0.0125757900296836,0.279455556860361,0.973707694797897,269,"Pou3f3/Camp/Epgn/Sash3/Sfrp5/Nmbr/Six5/Rtkn2/Scgb1a1/Spn/Gkn3/St8sia1/Ccdc88b/Nr1d1/Tshr/Ddrgk1/Ikzf3/Cldn1/2610528A11Rik/Odam/Gata3/Cyp1b1/Arx/Fgf22/Ephb1/Ang/Timeless/Cd1d1/Cep131/Hck/Sgk1/Fa2h/Alox8/Cdkn2c/Cxcr2/Cdca7l/Vcam1/Kitl/Gnrh1/Adora1/Aspm/Ovol2/Tob2/Crnn/Ccpg1/Ghr/Rbp4/Tcfl5/Vegfc/Dhcr24/Serpinb5/Ccl5/Sirt2/P3h1/Hlx/S1pr1/Sulf2/Tox/Cdk10/Sox10/Mnat1/Fut1/Apoh/Igf2/Cd209b/Tnfrsf9/Pdcd4/Il5ra/Cfdp1/Zfp503/Il1b/Mab21l2/Ifi204/Ptpn6/Acvr1c/Cela1/Mvd/Nfkbia/Adipoq/Coro1a/Tnf/Gpnmb/Apln/Tfap2c/Vash2/Trp63/Rps9/Cdk1"
"GOBP_REGULATION_OF_LIPID_METABOLIC_PROCESS",0.571865097329108,1,0.0142766188468426,0.31465958841194,0.946079249333905,51,"Tm6sf2/Bglap/Nr1d1/Ldlr/Bglap2/Bglap3/Adora1/Hcar1/Sirt2/Snca/Fut1/Apoh/Insig1/Il1b/Serpina3c/Adipoq/Tnf/Clstn3"
"GOBP_REGULATION_OF_ENDOCYTOSIS",0.572317790855591,1,0.014265201345657,0.314591562230941,0.945874716687753,51,"Alox15/Fpr2/Fgr/Tulp1/Hck/Rab27a/Trf/Unc119/Nlgn1/C4b/Snca/Scamp5/Lrpap1/Cd177/Eef2k/Ahsg/Sele/Adipoq/Bicd1/Apln/Cd300lf/Grem1/Vps28"
"GOBP_SPECIFICATION_OF_SYMMETRY",0.572467280659234,1,0.0394334671812195,-0.28947673258542,-0.916826644411278,19,"Dnaaf3/Aplnr/Ccdc103"
"GOBP_POSITIVE_REGULATION_OF_CELL_SUBSTRATE_ADHESION",0.57307249712313,1,0.0160096625142323,0.378120783927297,0.934825767081493,17,"Alox15/Dmp1"
"GOBP_REGULATION_OF_MONOATOMIC_ION_TRANSPORT",0.573328971758805,1,0.0137025249755203,0.302147035305647,0.949160534753424,70,"Gria1/Grin2a/Drd1/Lcn2/Stc1/Gck/Sptbn4/Kcns1/Kel/P2ry12/Adora1/P2rx2/Ccl5/Snca/Grp/Grin2c/Kcnab3/Wnk3/Trdn/Homer1/Ptpn6/Jph4/Hap1/Coro1a"
"GOBP_REGULATION_OF_APOPTOTIC_SIGNALING_PATHWAY",0.574147853032315,1,0.013896088029713,0.306580771652462,0.945742533742512,61,"Tnfsf14/Bbc3/Rtkn2/Tmc8/Fignl1/Hells/Tnfsf11/Cradd/Wnt16/Creb3l1/Il1b/Tnf/Cth/Trp63/Icam1/Tnfrsf12a/Scg2/Tert/Thbs1/Ppia/Ptgs2/Fgg/Eya4/Bmp5/Nkx3-1/Ackr3/Mnt/Tnfaip3"
"GOBP_REGULATION_OF_LEUKOCYTE_APOPTOTIC_PROCESS",0.574763325119959,1,0.0161724907896306,0.386577150756303,0.931279761969878,15,"Bbc3/Rag1/Kitl/Efna1/Ccl5"
"GOBP_POSITIVE_REGULATION_OF_MULTICELLULAR_ORGANISMAL_PROCESS",0.575489703666499,1,0.0124583017066168,0.278239574438536,0.973789267640978,297,"Tnfsf14/Chia1/Panx3/Gria1/Ffar4/Camp/Sash3/Plek/Nmbr/Lcn2/Fgr/Sox5/H2-DMa/Adora2b/Adcyap1/Spn/Rag1/Ccdc88b/Vil1/Tshr/Ddrgk1/Hc/Gpr21/Scd1/Clec4d/Irf5/Gata3/Cyp1b1/Esrrg/Adgrb3/Arx/Slitrk1/Ticam2/Ephb1/Sptbn4/Cd1d1/Slitrk5/Alox8/Cst7/Vcam1/Kitl/Itpka/Aspm/Flrt1/Ovol2/Tob2/Stox1/Slc9b2/Nlgn1/Ghr/Tnfsf11/Vegfc/Kpna2/Gadd45g/Foxc2/Ccl5/Thbs2/Pou4f1/Oxtr/Hlx/Sulf2/Foxd1/Tox/Grp/Sox10/Fut1/Ddt/Apoh/Rras/Vamp8/Igf2/Cd209b/Scamp5/Gdf6/Tbx21"
"GOBP_REGULATION_OF_LOCOMOTION",0.577040816326531,1,0.0126476965602785,0.282701624191343,0.965961078010232,178,"Tnfsf14/Gria1/Drd1/Fpr2/Lcn2/Stc1/Fgr/Spn/Tmsb10/Vil1/Ddrgk1/Hc/Cldn1/2610528A11Rik/Gata3/Cyp1b1/Fgf22/Tnfrsf18/Ccl7/Chst4/Gcnt1/Sgk1/Alox8/Kitl/Gnrh1/P2ry12/Adora1/Sucnr1/Efna1/Vegfc/Foxc2/Ccl5/Igsf10/S1pr1/Snca/Sema5b/Fut1/Ddt/Apoh/Rras"
"GOBP_REGULATION_OF_PLASMA_LIPOPROTEIN_PARTICLE_LEVELS",0.57774607703281,1,0.016097340528108,0.385878587355711,0.929596894898837,15,"Mpo/Ldlr/Furin/Apoh/Lrpap1/Adipoq"
"GOBP_NEGATIVE_REGULATION_OF_PROTEIN_LOCALIZATION",0.579055194022656,1,0.0150028633239453,0.340696736602375,0.932587583749434,28,"Astn2/Mrap/Insig1/Wnk3/Il1b/Acvr1c/Nfkbia/Adipoq/Hmgcr/Sufu/Kcnj11/4930550C14Rik"
"GOBP_ANTIGEN_PROCESSING_AND_PRESENTATION",0.57943143812709,1,0.0148653124036293,0.337218647841724,0.93512654501578,30,"Ctse/H2-DMa/Rab34/Cd1d1/Cst7/Rab27a"
"GOBP_CELLULAR_RESPONSE_TO_ENDOGENOUS_STIMULUS",0.582017010935601,1,0.0124100028777484,0.280249664863211,0.966664644174254,211,"Fbp1/Gria1/Lcn2/Lpxn/Stc1/Bglap/Sox5/Gck/Nr1d1/Vil1/Tshr/Ddrgk1/Gpr21/Cldn1/Gata3/Esrrg/Bglap2/Bglap3/Fgf22/Furin/Ccdc62/Sgk1/Pnpla3/Vcam1/Pklr/Flrt1/Ovol2/Ghr/Vegfc/Foxc2/Eme1/Ccl5/Dock3/Pgrmc2/Oxtr/Snca/Sulf2/Foxd1/Sox10/Mt3/Fut1/Slc27a4/Igf2/Gdf6/Ass1/Pdcd4/Insig1/Slc5a5/Creb3l1/Il1b/Eef2k/Tmem108/Acvr1c/Tigar/Ahsg/Adipoq/Hap1/Htra3/Coro1a/Apln/Trp63/Spry4/Brms1l/Ace/Ednra"
"GOBP_REGULATION_OF_MUSCLE_CELL_DIFFERENTIATION",0.582716049382716,1,0.039452416158292,-0.282425398741899,-0.907282373017188,20,"Lama1/Myf5"
"GOBP_AMINOGLYCAN_METABOLIC_PROCESS",0.583817171093267,1,0.0152423183743663,0.351126454663892,0.925744006412282,23,"Chia1/B3gnt9/Chpf2/Gusb/Hmmr/Il1b/Chst12/B4galt5"
"GOBP_SULFUR_COMPOUND_BIOSYNTHETIC_PROCESS",0.584806497849976,1,0.0147320446455985,0.335698487953877,0.930911054938668,30,"Cbs/Cdo1/Ggt7/Elovl4/Hs3st6/Fasn/Snca/Chpf2/Ggt5/Chst12/Cth/Ndst2/Slc19a3"
"GOBP_POSITIVE_REGULATION_OF_GENE_EXPRESSION",0.586963143466342,1,0.0123264268719769,0.280669081154434,0.964462184139151,196,"Pou3f3/Chia1/Panx3/Gria1/Camp/Sash3/Galnt2/Nmbr/Lcn2/Fgr/Dnd1/Adora2b/Adcyap1/Spn/Ccdc88b/Ddrgk1/Hc/Irf5/Odam/Gata3/Cyp1b1/Ldlr/Arx/Ticam2/Tent5c/Alox8/Rab27a/Ovol2/Stox1/Rbp4/Tnfsf11/Kpna2/Klk7/Ccl5/Pou4f1/Sulf2/Foxd1/Rpusd4/Sox10/Mt3/Ddt/Rbmxl1/Wnt16/Scamp5/Tbx21/Fus/Klk1/Hnrnpab/N6amt1/Il1b/Rab2b"
"GOBP_MEIOSIS_I_CELL_CYCLE_PROCESS",0.587321473314959,1,0.0153590002711105,0.356492731671982,0.921383164075015,21,"Ccnb2/Cdc25c/Knl1/Rad54b/Cks2/Ankle1/Eme1"
"GOBP_NEGATIVE_REGULATION_OF_PROGRAMMED_CELL_DEATH",0.587891825445605,1,0.0124328647867731,0.282561654063314,0.957793910408619,157,"Pou3f3/Cbs/Ffar4/Fpr2/Lcn2/Nnt/Rtkn2/Rag1/Asns/Naa38/Ddrgk1/Fignl1/Mpo/Gata3/Hells/Tnfrsf18/Ang/Hck/Cxcr2/Gria4/Kitl/Gnrh1/Adora1/Efna1/Foxc2/Ccl5/Pou4f1/Snca/Sox10/Mnat1/Mt3/Fut1/Apoh/Wnt16/Aven/Serpinb13/Mien1/Wnk3/Creb3l1/Cfdp1/Tcim/Il1b"
"GOBP_SULFUR_COMPOUND_METABOLIC_PROCESS",0.58926981300089,1,0.013603927887753,0.305854683498967,0.936995503079572,58,"Cbs/Acot4/Cdo1/Slc25a10/Chst4/Ggt7/Elovl4/Far2/Hs3st6/Ghr/Fasn/Arsg/Snca/Sulf2/Chpf2/Gusb/Mccc2/Ggt5/Mvd/Acot8/Chst12/Cth/Hmgcr/Ndst2/Hmgcs1/Slc19a3"
"GOBP_NEPHRON_DEVELOPMENT",0.591028037383178,1,0.0151904381798792,0.352519910542374,0.919778679269329,22,"Pou3f3/Col4a4"
"GOBP_ENDOCRINE_PROCESS",0.594155435193349,1,0.0152698638773102,0.360962573464857,0.915450900287291,19,"Gata3/Sucnr1/Oxtr/Foxd1/Il1b/Apln/Ndst2/Ace/Cpa3/Cma1/Nkx3-1/Agtr1a"
"GOBP_POSITIVE_REGULATION_OF_HEMOPOIESIS",0.594527656563274,1,0.0143109251193371,0.32643976788006,0.928921201244179,36,"Sash3/Rag1/Ddrgk1/Gata3/Kitl/Slc9b2/Tnfsf11/Pou4f1/Hlx/Tox"
"GOBP_REGULATION_OF_MULTICELLULAR_ORGANISMAL_DEVELOPMENT",0.595238095238095,1,0.204544131818546,-0.190808912898445,-0.954756305611465,248,"Angpt4/Cftr/Rnf112/Card11/Lrp2/Tnfsf4/Csf3r/Il23r/Chrna7/Lama1/Slamf8/Klk1b1/Draxin/Wnt9a/Aplnr/Lag3/Angptl4/Tmem178/Lrrc4b/Loxl3/Loxl2/Irf7/Hoxa7/Fstl4/Mag/Gdnf/H2-Eb1/Comp/Sox8/Ephb2/Amigo3/Nlgn3/Lrrn1"
"GOBP_KIDNEY_EPITHELIUM_DEVELOPMENT",0.596635514018692,1,0.0150540429058149,0.351118761757307,0.916122866532379,22,"Pou3f3/Sim1/Epha7/Gata3"
"GOBP_CARDIAC_VENTRICLE_DEVELOPMENT",0.59819587628866,1,0.0155015948360387,0.375758314049367,0.917033833405297,16,"Gata3/Adamts19/Fzd2/Nprl3/Foxc2/Pou4f1"
"GOBP_EAR_DEVELOPMENT",0.598830543453336,1,0.0137989972804478,0.313651592192702,0.925251833676353,45,"Atp6v1b1/Myo3b/Gata3/Lin7a/Fzd2/Stox1/Mafb/Rpl38/Aldh1a3/Gsc/Cep290/Insig1"
"GOBP_SKELETAL_SYSTEM_DEVELOPMENT",0.599448977429268,1,0.0126425503918015,0.289918948525648,0.941277463147838,96,"Cbs/Stc1/Fgr/Bglap/Sox5/Hoxd9/Nab2/Ddrgk1/Col13a1/Gata3/Bglap2/Bglap3/Ebp/Slc9b2/Ghr/Rbp4/Phospho1/Tnfsf11/Foxc2/P3h1/Rpl38/Sulf2/Gsc/Gdf6/Insig1"
"GOBP_PROTEIN_LOCALIZATION_TO_CELL_PERIPHERY",0.600186719570545,1,0.0140218489927212,0.320340309798084,0.924278989073217,39,"Grin2a/Slc4a1/Vil1/Rab34/Mrap/Sptbn4/Ypel4/Ap4m1/Snca/Grin2c/Vamp8/Nptx1/Wnk3/Tmem108/Adipoq/C1ql3/Tnf/Arl3"
"GOBP_ENDOSOMAL_TRANSPORT",0.602616822429907,1,0.0149100173785417,0.349816796327034,0.912725838426739,22,"Rab9b/Vps51/Ap1s1/Arfip1/Coro1a/Vps28/Vps37d/Rab6b/Ubxn6"
"GOBP_REGULATION_OF_LIPID_BIOSYNTHETIC_PROCESS",0.60347721822542,1,0.0143338409907941,0.331713816928804,0.9142227274747,29,"Bglap/Nr1d1/Ldlr/Bglap2/Bglap3/Sirt2/Insig1/Il1b/Tnf"
"GOBP_CYTOKINE_MEDIATED_SIGNALING_PATHWAY",0.605828220858896,1,0.0711887468782548,-0.215521265296357,-0.94619728180405,87,"Umod/Csf3r/Il23r/Il2rb/Krt8"
"GOBP_CARDIAC_MUSCLE_CELL_DIFFERENTIATION",0.605848974247054,1,0.0359438339015201,-0.29878869448183,-0.887994982600649,15,"Csrp3/Prox1/Mylk3/Sgcd/Cacybp/Cav3/Tbx18/Sik1/G6pdx/Prickle1/Nox4/Rgs2/Grem1/Ccnb1/Cdk1"
"GOBP_LEUKOCYTE_APOPTOTIC_PROCESS",0.606572049610024,1,0.0151873924872543,0.368614455369176,0.911323327479594,17,"Bbc3/Rag1/Kitl/Efna1/Ccl5/Casp7"
"GOBP_DIGESTIVE_SYSTEM_DEVELOPMENT",0.607823840570796,1,0.014600021226118,0.342192588602554,0.909857757512618,24,"Sfrp5/Ovol2/Hlx/Sox10/Igf2/Ass1/Tigar/Cela1/Tnf/Trp63/Ccnb1"
"GOBP_CELLULAR_RESPONSE_TO_ACID_CHEMICAL",0.608222020490209,1,0.0153528342431647,0.376307166636656,0.906538960948226,15,"Gria1/Pnpla3/Lamtor2/Ass1/Hnrnpab/Tnf/Slc7a5/Cpeb4"
"GOBP_CHROMATIN_REMODELING",0.608798646362098,1,0.0133252463724336,0.30486696568867,0.921016721972015,53,"Nfe2/Morc1/Gata3/Hells/Lmnb2/Sirt2/Pcgf6/Hdac11/Bub1/Igf2/Cfdp1/Mcrs1/N6amt1/Slfn9/Rif1/Tfap2c/Trp63/Cdk1"
"GOBP_REGULATION_OF_TRANS_SYNAPTIC_SIGNALING",0.609807876021654,1,0.0124176202288135,0.28951770690416,0.937169845145947,92,"Kcnmb4/Gria1/Vgf/Grin2a/Drd1/Bglap/Slc18a3/Adora2b/Epha7/Bglap2/Bglap3/Prkar2b/Unc13c/Ephb1/Slitrk5/Gria4/Itpka/Adora1/Nlgn1/Snca/Grin2c/Sctr/Homer1/Ntng1/Il1b/Cacng4/Tmem108/Jph4/Slc4a8/Adipoq/Hap1/Tnf/Sncg/Hmgcr/Clstn3"
"GOBP_ELECTRON_TRANSPORT_CHAIN",0.610749185667752,1,0.0147940793616997,0.350629224362596,0.906228473846238,21,"Ndufs6/Hccs/mt-Nd2/mt-Cytb/Snca/mt-Co1/mt-Co2/Uqcc3/mt-Co3/Cdk1/Ccnb1"
"GOBP_DENDRITIC_SPINE_DEVELOPMENT",0.611412016626779,1,0.014856388494778,0.356183513670909,0.903330545124426,19,"Zdhhc15/Ephb1/Itpka/Nlgn1/Efna1"
"GOBP_NEUTRAL_LIPID_METABOLIC_PROCESS",0.611630695443645,1,0.0141401932440072,0.329489989242273,0.908093727990034,29,"Awat2/Ldlr/Gk5/Pnpla3/Lipf/Snca/Fut1/Apoh/Insig1"
"GOBP_AMINO_ACID_TRANSPORT",0.613167259786477,1,0.0139490580992562,0.324025208020262,0.911511744592797,33,"Slc7a13/Slc6a13/Slc6a20a"
"GOBP_VESICLE_MEDIATED_TRANSPORT",0.6140457397288,1,0.0116150413861624,0.276377181524095,0.954499860088286,216,"Brsk2/Atp6v1b1/Rab9b/Gria1/Alox15/Fpr2/Plek/Dmbt1/Fgr/Tulp1/Ap3b2/Adora2b/Ap3m2/Rab34/2610528A11Rik/Ldlr/Slitrk1/Ticam2/Unc13c/Hps1/Lin7a/Sptbn4/Hck/Syn2/Cxcr2/Rab27a/Trf/Adora1/Syt10/Unc119/Slc9b2/Nlgn1/Ghr/C4b/Vps51/Ccl5/Ap4m1/Cyth2/Snca/Nckipsd/Grp/Rab37/Vamp8/Pstpip1/Ap1s1/Cd209b/Scamp5/Lrpap1/Insig1/Stab1/Hmmr/Cd177/Rab2b/Eef2k/Tmem108/Slc4a8/Arfip1/Ahsg/Itgal/Sele/Adipoq/Bicd1/Hap1/Coro1a/Cd93/Apln/Sncg/Arl3/Neurl1b"
"GOBP_POSITIVE_REGULATION_OF_PEPTIDE_SECRETION",0.614432989690722,1,0.0151144969402756,0.370282926812958,0.903671213979334,16,"Ffar4/Adcyap1/Gck/Adora1/Rbp4/Tnfsf11/Grp/Ano1/Apln/Nnat"
"GOBP_NEGATIVE_REGULATION_OF_PROTEOLYSIS",0.614812948734098,1,0.0147763273067038,0.35501617000268,0.900370000484667,19,"Ddrgk1/Furin/Efna1/Il1r2/Serpinb13/Nop53/Pbk/Rpl11/Rybp/Sufu/Thbs1"
"GOBP_AMINO_ACID_IMPORT_ACROSS_PLASMA_MEMBRANE",0.614948453608247,1,0.0151023849981535,0.370114747003132,0.90326077309236,16,"Slc6a13/Slc6a20a"
"GOBP_POSITIVE_REGULATION_OF_LIPID_METABOLIC_PROCESS",0.615204822241358,1,0.0144258684311936,0.339854864767465,0.903641970738965,24,"Nr1d1/Ldlr/Adora1/Sirt2/Fut1/Apoh/Il1b/Adipoq/Tnf/Clstn3"
"GOBP_MRNA_METABOLIC_PROCESS",0.615591397849462,1,0.0658886340177412,-0.217165287506578,-0.933929247067316,76,"Celf3/Elavl4/Zfp473/Zc3h12d"
"GOBP_LOCOMOTION",0.616685228308191,1,0.0115591416516076,0.275790989405912,0.952090791516632,214,"Tnfsf14/Gria1/Grin2a/Drd1/Fpr2/Lcn2/Stc1/Fgr/Spn/Tmsb10/Epha7/Vil1/Ddrgk1/Hc/Cldn1/2610528A11Rik/Gata3/Pik3c2g/Cyp1b1/Fgf22/Tnfrsf18/Ccl7/Ephb1/Chst4/Gcnt1/Sgk1/Alox8/Cxcr2/S100a4/Vcam1/Kitl/Gnrh1/P2ry12/Adora1/Sucnr1/Tnfsf11/Efna1/Vegfc/Foxc2/Ccl5/Igsf10/S1pr1/Snca/Sema5b/Ppbp/Grin2c/Fut1/Ddt/Apoh/Rras"
"GOBP_NEURON_MIGRATION",0.617171836301451,1,0.0137713712289346,0.3211445877126,0.913853168467706,36,"Drd1/Astn2/Gata3/Arx/Gnrh1/Aspm/Igsf10/Pou4f1"
"GOBP_MONOATOMIC_CATION_TRANSPORT",0.618935757328159,1,0.0116345208817363,0.277547885016704,0.946646947825196,173,"Kcnmb4/Slc17a1/Atp6v1b1/Panx3/Slc6a13/Grin2a/Slc34a2/Drd1/Slc6a20a/Lcn2/Stc1/Nnt/Slc18a3/Cacna1e/Slc13a3/Gck/Scn8a/Ndufs6/Tmem163/mt-Atp6/mt-Atp8/Sptbn4/Kcns1/Sgk1/Kel/Trf/Adora1/mt-Nd2/Slc9b2/P2rx2/mt-Cytb/Kcnc3/Ccl5/Kcnc4/Pgrmc2/Snca/Grp/Grin2c/Mt3/mt-Co1/Kcnab3/Slc5a5/Wnk3/Trdn/Homer1/Kcnk4/Cacng4/Ptpn6/Jph4/Ano1/Slc4a8/mt-Co2/mt-Co3/Hap1/Kcnd1/Slc5a9/Coro1a"
"GOBP_REGULATION_OF_TRANSPORT",0.619440531294023,1,0.0114019776443962,0.274276032553055,0.955452713568686,267,"Kcnmb4/Brsk2/Krt20/Gria1/Alox15/Grin2a/Ffar4/Drd1/Fpr2/Lcn2/Stc1/Fgr/Tulp1/Bglap/Slc18a3/Adora2b/Adcyap1/Gck/Nr1d1/Bglap2/Bglap3/Furin/Sptbn4/Ang/Kcns1/Cep131/Hck/Sgk1/Kel/Dbi/P2ry12/Rab27a/Trf/Adora1/Syt10/Unc119/Slc9b2/Nlgn1/Rbp4/P2rx2/Tnfsf11/C4b/Vegfc/Ccl5/P3h1/Reep2/Snca/Grp/Grin2c/Rab37/Vamp8/Scamp5/Kcnab3/Lrpap1/Cep290/Insig1/Wnk3/Trdn/Homer1/Cd177/Il1b/Rab2b/Cacng4/Ptpn6/Eef2k/Jph4/Acvr1c/Ano1/Slc4a8/Arfip1/Ahsg/Nfkbia/Sele/Adipoq/Bicd1/Hap1/Coro1a/Uqcc2/Tnf/Apln/Sncg/Hmgcr/Cdk1/Stxbp2/Ect2/Nnat/Ednra/Tspoap1"
"GOBP_POSITIVE_REGULATION_OF_PROTEOLYSIS",0.619632633587786,1,0.0138766197746018,0.324644844045461,0.904364648279875,31,"Trim67/Ddrgk1/Furin/Trf/Sirt2/Il1b/Nop53/Tnf"
"GOBP_NEGATIVE_REGULATION_OF_T_CELL_PROLIFERATION",0.619704902427415,1,0.0372972016676791,-0.284511908794635,-0.884402537914689,18,"Pla2g2d/Btla/H2-Eb1/Cd37"
"GOBP_STEM_CELL_DEVELOPMENT",0.619845360824742,1,0.014987846288391,0.368657353778287,0.899704021729081,16,"Nrtn/Kitl/Ovol2/Foxc2/Sema5b/Sox10/Ednra/Sema4g/Sema4f"
"GOBP_CALCIUM_ION_TRANSMEMBRANE_IMPORT_INTO_CYTOSOL",0.620043000477783,1,0.0138877414043761,0.325853363023248,0.903609961951814,30,"Grin2a/Drd1/Cacna1e/P2rx2/Snca/Grin2c/Trdn/Ptpn6/Jph4/Hap1/Coro1a"
"GOBP_PROTEIN_CONTAINING_COMPLEX_LOCALIZATION",0.622559652928417,1,0.0139574389502024,0.328736434365951,0.899848704372973,28,"Cep131/Lmnb2/Nme7/Nlgn1/Traf3ip1/Nptx1/Cacng4/Tmem108/C1ql3/Arl3/Kif17/Tnfaip2"
"GOBP_DEVELOPMENT_OF_PRIMARY_SEXUAL_CHARACTERISTICS",0.622775800711744,1,0.0137245219418536,0.321235928024864,0.903665251752636,33,"Dmrta1/Vgf/Gata3/Mea1/Ang/Kitl/Gnrh1/Aspm/Rbp4"
"GOBP_NEGATIVE_REGULATION_OF_PROTEIN_CONTAINING_COMPLEX_ASSEMBLY",0.623778501628665,1,0.0144894793094405,0.347218746549105,0.89741382894713,21,"Tmc8/Vil1/Sptbn4/Sirt2/Snca/Traf3ip1/Nop53"
"GOBP_REGULATION_OF_DNA_REPAIR",0.624062000246033,1,0.0142196203840355,0.337199552039366,0.896581745109448,24,"Mrnip/Fignl1/Timeless/Taf5l/Fus/Mcrs1/Tigar/Ube2n/Rif1/Atrip/Bcl7b/Eya4"
"GOBP_CELLULAR_RESPONSE_TO_OXIDATIVE_STRESS",0.625373821025995,1,0.013218336466248,0.310034109081334,0.909700763198222,43,"Il18rap/Lcn2/Mpo/Cyp1b1/Sirt2/Mgst1/Snca/Mt3/Wnt16/Stk26/Il18bp/Cdk1/Ect2/Ednra"
"GOBP_VACUOLE_ORGANIZATION",0.628736621970722,1,0.0141119300111292,0.33624355272021,0.894039833257228,24,"Rab34/Ccdc115/Hps1/Arsg/Ap4m1"
"GOBP_REGULATION_OF_VASCULATURE_DEVELOPMENT",0.629171817058096,1,0.0623299809682921,-0.216308853586341,-0.922691372593894,71,"Angpt4/Chrna7/Klk1b1/Aplnr/Angptl4"
"GOBP_POTASSIUM_ION_TRANSPORT",0.630498879584857,1,0.0134626128390115,0.317431032418282,0.901243516959648,35,"Kcnmb4/Drd1/Gck/Kcns1/Kel/Adora1/Kcnc3/Kcnc4/Grp/Kcnab3"
"GOBP_RESPONSE_TO_BMP",0.630694143167028,1,0.0397781136793806,-0.260770309024571,-0.889692582784046,25,"Lrp2/Vstm2a/Fstl4/Comp/Kcp"
"GOBP_NEGATIVE_REGULATION_OF_LYMPHOCYTE_ACTIVATION",0.630697050938338,1,0.0447763159319511,-0.243989882832859,-0.910258798211196,37,"Pla2g2d/Tnfsf4/Btla/Lag3/Loxl3"
"GOBP_POSITIVE_REGULATION_OF_MITOTIC_CELL_CYCLE",0.631439058347045,1,0.0144605304224118,0.356139502799812,0.892103357497928,18,"Cdc25c/Asns/Stox1/Cdk10/Cdk1/Ccnb1"
"GOBP_NEGATIVE_REGULATION_OF_PROTEIN_MODIFICATION_PROCESS",0.631578947368421,1,0.0132850709515131,0.313477631171057,0.904478079010665,39,"Dbi/Sirt2/P3h1/Klhl31/Bex2/Traf3ip1/Pdcd4/Adipoq/Cep85/Samsn1/Vps28/Bag2/Pias3/Rpl11/Ppia/Cdkn1a/Dtx3l/Bex1/Tnfaip3"
"GOBP_BIOLOGICAL_PROCESS_INVOLVED_IN_INTERACTION_WITH_HOST",0.631909845788849,1,0.0135140981583095,0.31917912498149,0.897879281760349,33,"Cldn1/Gypa/Ldlr/Furin/Pcx/Vamp8/Cd209b/Lgals1/Cdk1/Icam1/Ppia/Dynlt1b/Cd55/Mrc1/Ppid/Agtr1a/Ifit1bl1"
"GOBP_POSITIVE_REGULATION_OF_PROTEIN_MODIFICATION_PROCESS",0.633223322332233,1,0.0123897059436458,0.292847031781868,0.909613458418664,64,"Diras2/Adcyap1/Nnmt/Ddrgk1/Mrnip/Odam/Tnfrsf18/Lcp2/Unc119/Stox1/Efna1/Tpx2/Mt3/Mmd/Wnk3/Tcim/Nop53/Adipoq/Ube2n/Tnf"
"GOBP_NEGATIVE_REGULATION_OF_MITOTIC_CELL_CYCLE",0.633643999539754,1,0.0130329399137704,0.308253963486715,0.906162656928786,44,"Knl1/Mrnip/Rad9b/Cdk2ap2/Zfyve19/Nuf2/Donson/Cdca8/Eme1/Gen1/Bub1/Aven/Nop53/Tnf/Gpnmb/Slfn9/Cdk1/Ccnb1"
"GOBP_STEROL_TRANSPORT",0.633654287024301,1,0.0360343478517525,-0.285247544364011,-0.874641759429049,17,"Cftr/Serac1"
"GOBP_WOUND_HEALING",0.633838383838384,1,0.0627866166785788,-0.215051038040138,-0.926881014732146,74,"Angpt4/Serpind1/Adamts18/Col3a1/Angptl4/Col5a1/Comp/Syt7/F2rl3/Ephb2"
"GOBP_NEGATIVE_REGULATION_OF_GROWTH",0.634979662986636,1,0.0131465741918378,0.3117641203805,0.903759382719371,40,"Fbp1/Epha7/Alox8/Cdkn2c/Rbp4/P3h1/Mt3"
"GOBP_REGULATION_OF_MYELOID_LEUKOCYTE_DIFFERENTIATION",0.635138358778626,1,0.0135195275854549,0.321043493469652,0.894332349272016,31,"Bglap/Bglap2/Bglap3/Kitl/Tob2/Slc9b2/Mafb/Tnfsf11/Pou4f1"
"GOBP_STEROID_HORMONE_RECEPTOR_SIGNALING_PATHWAY",0.635871570918932,1,0.0139490580992562,0.333941663846636,0.887919328260007,24,"Nr1d1/Ddrgk1/Esrrg/Ccdc62/Pgrmc2"
"GOBP_L_AMINO_ACID_TRANSPORT",0.63595336592704,1,0.0142196203840355,0.344890609130526,0.884849866477077,20,"Slc7a13/Slc6a20a"
"GOBP_REGULATION_OF_INSULIN_SECRETION",0.636450381679389,1,0.0134896891660874,0.320727395171463,0.89345179277618,31,"Brsk2/Gck/Nr1d1/Slc9b2/Rbp4/Ccl5/Il1b/Acvr1c/Ano1/Uqcc2/Tnf"
"GOBP_AMIDE_BIOSYNTHETIC_PROCESS",0.63667565579799,1,0.0138793994111175,0.332011417576195,0.889138805166211,25,"Degs2/Asns/Smpd2/Fa2h/Ggt7/Elovl4/Fasn/Snca/Ass1/Ggt5/B4galt5/Sptlc1/Arg2"
"GOBP_CELLULAR_RESPONSE_TO_OXYGEN_LEVELS",0.637744034707158,1,0.0136093889342466,0.325389974421074,0.890688455216406,28,"Cbs/Bbc3/Lcn2/Stc1/Ccdc115/Sirt2/Hif3a/Mt3/Eef2k/Tigar/Nop53"
"GOBP_REGULATION_OF_CELL_ACTIVATION",0.638148960618406,1,0.0115155002102995,0.279413490517601,0.924574172716495,117,"Tnfsf14/Sash3/Plek/Fgr/H2-DMa/Scgb1a1/Spn/Rag1/Ccdc88b/Nr1d1/Ddrgk1/Clec4d/Ikzf3/Shpk/Gata3/Ldlr/Tec/Cd1d1/Cst7/Vcam1/Kitl/Gnrh1/Tnfsf11/Ccl5/Hlx/Snca/Tox/Tnfaip8l2/Igf2/Cd209b/Tbx21/Tnfrsf9/Lgals1/Il1b/Ifi204/Ptpn6"
"GOBP_RESPONSE_TO_UV",0.639176575885437,1,0.0144316396443539,0.359238488823247,0.888143181105747,17,"Fen1/Ivl/Casp7/Serpinb13/Gnat2/Crip1/Pbk/Gtf2h2/Cdkn1a"
"GOBP_NEGATIVE_REGULATION_OF_TRANSCRIPTION_BY_RNA_POLYMERASE_II",0.641046775190604,1,0.0112435789601179,0.276656971845531,0.931312698263888,143,"Fbp1/Sarnp/Ascl3/Scgb1a1/Hoxd9/Rita1/Mxd3/Nr1d1/Thap1/Gata3/Arx/Zbtb26/Ovol2/Mafb/Tnfsf11/Tcfl5/Efna1/Foxc2/Sirt2/Pcgf6/Pou4f1/Snca/Sox10/Tbx6/Gsc/Igf2/Phf6/Tbx21/Zbtb6/Creb3l1/Magee1/Msc/Hic1/Cela1/Nfkbia/Nop53/Tnf/Rif1/Tfap2c/Pax5/Trp63/Mier2/Brms1l/Stat1/Sox18/Pias3/Fosb/Thap7/Zfp131/Rybp/Maff/Sufu/Brms1/Paf1/Arid5b"
"GOBP_T_CELL_ACTIVATION",0.641856020386494,1,0.0116710957326385,0.283730308600508,0.918868903451015,93,"Tnfsf14/Sash3/H2-DMa/Scgb1a1/Spn/Rag1/Ccdc88b/Treml2/Clec4d/Ikzf3/Gata3/Cd1d1/Vcam1/Kitl/Gnrh1/Rab27a/Mafb/Tnfsf11/Ccl5/Hlx/Tox/Tnfaip8l2/Igf2/Cd209b/Tbx21/Tnfrsf9/Lgals1/Il1b/Ptpn6/Itgal/Coro1a/Gpnmb"
"GOBP_RESPONSE_TO_ACID_CHEMICAL",0.641881638846737,1,0.0378508203711828,-0.266855791986841,-0.881968342854469,22,"Umod/Col3a1/Col1a1"
"GOBP_INTERLEUKIN_6_PRODUCTION",0.642893272635306,1,0.0378166850142061,-0.266714515195942,-0.881501417792714,22,"Tnfsf4/Pou2af1/C1qtnf3"
"GOBP_REGULATION_OF_DNA_RECOMBINATION",0.644404098041759,1,0.0145184866551372,0.362538922310073,0.873370711676072,15,"Mrnip/Fignl1/Timeless/Kpna2/Ankle1/Tbx21/Fus"
"GOBP_POSITIVE_REGULATION_OF_IMMUNE_EFFECTOR_PROCESS",0.644615384615385,1,0.0121129219329838,0.290337130610375,0.90380273005787,65,"Il18rap/Sash3/Galnt2/Fgr/Adora2b/Ddrgk1/Irf5/Gata3/Cd1d1/Rbp4/Klk7/Hlx/Vamp8/Tbx21/Klk1/Cd177/Il1b/Ptpn6"
"GOBP_CHROMATIN_ORGANIZATION",0.645803853270926,1,0.0119463512416588,0.287686005498049,0.906340707826719,72,"Nfe2/Morc1/Rag1/Tonsl/Gata3/Hells/Lmnb2/Sirt2/Pcgf6/Tox/Mki67/Hdac11/Bub1/Igf2/Cfdp1/Mcrs1/N6amt1/Slfn9/Rif1/Tfap2c/Trp63/Cdk1/Dnajc2"
"GOBP_LIPOSACCHARIDE_METABOLIC_PROCESS",0.648683698612372,1,0.0144229836901657,0.361366913719114,0.870547296273793,15,"Pigz/St8sia1/Fa2h/Fut1/A3galt2/B4galt5"
"GOBP_PROTEIN_LOCALIZATION_TO_NUCLEUS",0.649157466589192,1,0.0128261999715898,0.308634244155952,0.894686321325286,40,"Drd1/Dclk3/Ranbp17/Lmnb2/Sprn/Kpna2/Mcrs1/Nfkbia/Nop53/Cdk1/Ect2/Zic1/Rpl11/Tert/Sufu/Paf1/Xpo1/Snupn/Cdkn1a/Dtx3l/Elavl1"
"GOBP_LOCOMOTORY_BEHAVIOR",0.649693251533742,1,0.0419310333602392,-0.25113785846273,-0.892147446356952,30,"Cntn2/Elavl4/Apba2/Gnb3"
"GOBP_POST_TRANSLATIONAL_PROTEIN_MODIFICATION",0.650058182587538,1,0.0114284917532686,0.280965858677832,0.914627262857409,99,"Rag1/Rnf26/Asb4/Ddrgk1/Fbxl21/Asb14/Rnf122/Sirt2/P3h1/Esco1/Spsb1/Bex2/Nedd8/Anapc10/Nop53/Trim59/Mkrn3/Ube2n/Neurl1b/Cdk1/Rnf227/Ccnf/Vcpip1/Dcaf4/Vps28/Esco2/Parp12/Irgm2/Bag2/Pias3/Rnf167/Usp54/Klhdc3/Rpl11/Ppia/Rnf43/Ube2l6/Ppp1r11/Rps2/Dtx3l/Rnf125/Bex1/Aimp2/Tnfaip3/Socs3/Otud7a/Prickle1/Herc6/Cbx4/Fbxo10/Hlcs/Isg15/Cops7a/Cul7/Ifih1/Uspl1/Senp2/Vps11/Ube2e2/Rnf223"
"GOBP_SIGNAL_TRANSDUCTION_IN_ABSENCE_OF_LIGAND",0.650257731958763,1,0.0142966210159191,0.358508189791832,0.874935104027543,16,"Lcn2/Kitl/Il1b/Tnf/Tert/Eya4"
"GOBP_REGULATION_OF_DENDRITE_DEVELOPMENT",0.651030927835052,1,0.0142794746192913,0.358103111934997,0.873946516187989,16,"Zdhhc15/Adgrb3/Itpka/Eef2k/Mfsd2a/Bmp5/Chrna3/Zfp296/Bhlhb9/Cul7/Cdc20/Bmp7"
"GOBP_PROTEIN_COMPLEX_OLIGOMERIZATION",0.652658662092624,1,0.0502863396522084,-0.228793620715769,-0.910276594979535,51,"Rnf112/Card11/Trpm3/Trpm6/Ikzf4/H2-Eb1/Vwa1/Comp"
"GOBP_NEGATIVE_REGULATION_OF_INTRACELLULAR_SIGNAL_TRANSDUCTION",0.65298234618197,1,0.0111743413790823,0.276625306065181,0.915348120929582,117,"Fbp1/Trim67/Plek/Sfrp5/Rtkn2/Tmc8/Nr1d1/Epha7/Ddrgk1/Fignl1/Hells/Prkar2b/Ovol2/Nprl3/Efna1/Sirt2/Nprl2/Klhl31/Pdcd4/Insig1/Creb3l1/Il1b/Ptpn6/Nfkbia/Nop53/Adipoq/Trim59/Ube2n/Rcan1/Trp63/Spry4/Pp2d1"
"GOBP_ANTIMICROBIAL_HUMORAL_RESPONSE",0.653905599809773,1,0.0130513844895759,0.313441679868938,0.878293630167202,32,"Wfdc12/Camp/Dmbt1/Ccl7/Ang/Trf/Klk7/Ccl5/Ppbp/Cxcl14/Klk1"
"GOBP_POSITIVE_REGULATION_OF_LEUKOCYTE_MEDIATED_IMMUNITY",0.65451174289246,1,0.0419310333602392,-0.248809623430954,-0.891127806540071,31,"Tnfsf4/Il23r/Fcgr1/Lag3"
"GOBP_IMPORT_INTO_NUCLEUS",0.654848672019765,1,0.0135848294431502,0.332564786129532,0.876806214438893,23,"Drd1/Ranbp17/Sprn/Kpna2/Nfkbia/Cdk1/Ect2/Zic1/Tert/Sufu/Snupn/Cdkn1a/Elavl1"
"GOBP_REGULATION_OF_IMMUNE_SYSTEM_PROCESS",0.655317866827358,1,0.0105300382109362,0.269585647530838,0.94305698266108,292,"Tnfsf14/Il18rap/Ermap/Alox15/Fpr2/Sash3/Galnt2/Lpxn/Fgr/Bglap/H2-DMa/Scgb1a1/Adora2b/Spn/Rag1/Ccdc88b/Nr1d1/Ddrgk1/Hc/Clec4d/Ikzf3/Shpk/Irf5/2610528A11Rik/Gata3/Ldlr/Bglap2/Bglap3/Ticam2/Tec/Furin/Tnfrsf18/Ccl7/Atat1/Chst4/Cd1d1/Hck/Gcnt1/Cst7/Vcam1/Zbtb26/Kitl/Gnrh1/P2ry12/Adora1/Lcp2/Tob2/Slc9b2/Mafb/Rbp4/Tnfsf11/C4b/Bpifb1/Vegfc/Klk7/Ccl5/Sirt2/Ypel4/Pou4f1/Hlx/Snca/Tox/Tnfaip8l2/Ddt/Vamp8/Igf2/Cd209b/Tbx21/Tnfrsf9/Zbtb6/Mapk10/Klk1/Lgals1/Tcim/Cd177/Il1b/Ifi204/Ptpn6/Orm1/Nfkbia/Sele/Nop53/Adipoq/Coro1a/C1qa/Ube2n/Tnf/Gpnmb"
"GOBP_TISSUE_REMODELING",0.655518394648829,1,0.0130830524018917,0.317000336988685,0.879060015791894,30,"Cbs/Bglap/Bglap2/Bglap3/Tnfsf11/Foxc2/Ypel4/S1pr1/Wnt16/Cela1/Gpnmb/Gnat2/Ace/Ednra/Grem1"
"GOBP_POSITIVE_REGULATION_OF_ENDOCYTOSIS",0.655876731963688,1,0.0130751296447792,0.316925249305691,0.87885179336404,30,"Fpr2/Tulp1/Rab27a/Trf/Nlgn1/C4b/Snca/Eef2k/Ahsg/Sele/Bicd1/Apln/Cd300lf/Grem1/Vps28"
"GOBP_POSITIVE_REGULATION_OF_TRANSCRIPTION_BY_RNA_POLYMERASE_II",0.656380913456626,1,0.01076557638648,0.272392585805811,0.92954059333788,175,"Pou3f3/Elf5/Six5/Ascl3/Adcyap1/Zfp593/Hoxd9/Nr1d1/Ddrgk1/Ikzf3/Irf5/Sp7/Gata3/Esrrg/Arx/Ccdc62/Zfp597/Ovol2/Rfx2/Mafb/Ccpg1/Maml3/Fhl5/Tnfsf11/Ckap2/Foxc2/Sirt2/Pou4f1/S1pr1/Foxd1/Tox/Sox10/Tbx6/Igf2/Bex2/Tbx21/Pax3/Creb3l1/Mcrs1/Il1b/Cela1/Nfkbia/Tnf/Tfap2c/Pax5/Trp63/Isl2/Nlrc5/Tbk1/Zic1/Tcf15/Grem1/Bcl9/Klf14/Stat1/Sox18/Fosb/Zfp131/Maff/Rps6ka3/Rnasel/Paf1/Gpbp1/Dvl2/Helz2/Taf4b/Dlx3/Slc11a1/Rfx3/Bmp5/Nr2f1/Nfatc2/Nkx3-1/Nfat5/Dmrt2/Prdm15/Top2a/Bcl9l"
"GOBP_DNA_TEMPLATED_DNA_REPLICATION",0.657636675655798,1,0.0134112966683092,0.326726980261055,0.874986887395851,25,"Fen1/Tonsl/Timeless/Rfc4/Donson/Eme1/Gen1"
"GOBP_VASCULATURE_DEVELOPMENT",0.658536585365854,1,0.104084546739236,-0.19785197070856,-0.946484066995294,147,"Angpt4/Lrp2/Chrna7/Lama1/Col8a2/Klk1b1/Cxcl17/Col3a1/Aplnr/E2f8/Angptl4/Col1a1/Loxl2/Col5a1"
"GOBP_ANTIGEN_RECEPTOR_MEDIATED_SIGNALING_PATHWAY",0.65962441314554,1,0.0405518094310786,-0.252677776242846,-0.884577299617623,28,"Card11/Btnl10/Cd22/Cd19/H2-Eb1"
"GOBP_CELLULAR_RESPONSE_TO_METAL_ION",0.659805870658403,1,0.0126811844377811,0.307940391111634,0.884977574772757,38,"Fbp1/Alox15/Cldn1/Trf/Itpka/Nlgn1/Snca/Mt3/Guca1a/Nptx1/Eef2k/Tigar"
"GOBP_PROTEIN_POLYUBIQUITINATION",0.660043032527528,1,0.0138211344552716,0.347575970406313,0.870652336366535,18,"Rnf26/Anapc10/Mkrn3/Ube2n/Rnf167/Ppia/Ube2l6/Dtx3l/Rnf125/Tnfaip3"
"GOBP_REGULATION_OF_PROTEIN_LOCALIZATION_TO_CELL_PERIPHERY",0.6620680926465,1,0.0137768924151563,0.34698905229682,0.869182149510152,18,"Vil1/Mrap/Snca/Vamp8/Wnk3/Tmem108/Tnf"
"GOBP_PHOSPHATIDYLINOSITOL_METABOLIC_PROCESS",0.662529773097656,1,0.0136285178644195,0.336950280525163,0.864478193487916,20,"Tnfaip8l3/Pigz/Pik3c2g/Itpka/Mtmr7"
"GOBP_GLYCEROPHOSPHOLIPID_BIOSYNTHETIC_PROCESS",0.662844596242986,1,0.0132263298961917,0.322542070032421,0.870700092001855,26,"Alox15/Pigz/Pik3c2g/Pnpla3/Itpka/Mtmr7"
"GOBP_SENSORY_PERCEPTION",0.663071065989848,1,0.0111290950628044,0.279047435123222,0.907742766048391,98,"Atp6v1b1/Nxnl2/Grin2a/Ffar4/Sfrp5/Tulp1/Myo3b/Tas1r3/Tspear/Hps1/Ephb1/Sptbn4/Fzd2/Adora1/Syt10/Unc119/Rbp4/P2rx2/Impg2/Reep2/Pou4f1/Rpl38/Sema5b/Npy1r/Guca1a/Crybb1"
"GOBP_TYPE_II_INTERFERON_PRODUCTION",0.664709022957822,1,0.038266531077908,-0.259097300561771,-0.874024685537388,24,"Tnfsf4/Il23r"
"GOBP_SIGNAL_TRANSDUCTION_IN_RESPONSE_TO_DNA_DAMAGE",0.665582067968185,1,0.0129908588221402,0.317355237877617,0.868695008452424,28,"Mrnip/Ndufs6/Rad1/Rad9b/Donson/Eme1/Cradd/Hic1/Nop53/Cdk1"
"GOBP_RESPONSE_TO_XENOBIOTIC_STIMULUS",0.666132991781407,1,0.011198192004038,0.279898221271162,0.902822227296489,89,"Fbp1/Gria1/Grin2a/Drd1/Lcn2/Bglap/Scgb1a1/Gata3/Cyp1b1/Bglap2/Bglap3/Slitrk5/Rad54b/Rbp4/Vegfc/mt-Cytb/Snca/Sox10/Cyp2w1/Fut1/Ass1/C130074G19Rik/Aldh2/N6amt1/Il1b/Tigar/Adipoq/Tnf/Cyp3a13"
"GOBP_ADAPTIVE_IMMUNE_RESPONSE_BASED_ON_SOMATIC_RECOMBINATION_OF_IMMUNE_RECEPTORS_BUILT_FROM_IMMUNOGLOBULIN_SUPERFAMILY_DOMAINS",0.668036998972251,1,0.0547397849350589,-0.220273410530955,-0.90931733968389,60,"Tnfsf4/Il23r/Il2rb/Fcgr1/Loxl3/Cd19/Irf7/H2-Eb1/C7/Ephb2/Cd27"
"GOBP_REGULATION_OF_IMMUNE_RESPONSE",0.66824644549763,1,0.120854561651304,-0.196409405317026,-0.950225539172362,171,"Pla2g2d/Card11/Tnfsf4/Btnl10/Il23r/Colec11/Trim15/Pigr/Cd22/Btla/Slamf8/Klk1b1/Fcgr1/Hsp90b1/Col3a1/Lag3/A2m/Nfkbil1/Loxl3/Cd19/Irf7"
"GOBP_RESPONSE_TO_GROWTH_FACTOR",0.66902876198416,1,0.0107749494127629,0.274402824010118,0.911307762832775,123,"Gria1/Lcn2/Lpxn/Bglap/Sox5/Scgb1a1/Vil1/Cldn1/Gata3/Bglap2/Bglap3/Fgf22/Furin/Vcam1/Flrt1/Ovol2/Vegfc/Ccl5/Dock3/Snca/Sulf2/Foxd1/Mt3/Gdf6/Pdcd4/Creb3l1/Il1b/Eef2k/Tmem108/Acvr1c/Hap1/Htra3/Coro1a/Apln/Spry4/Brms1l"
"GOBP_REGULATION_OF_STRIATED_MUSCLE_CONTRACTION",0.669048514479127,1,0.013486979416745,0.335608871177748,0.861036679423663,20,"Stc1/Adora1/Dsc2/Trdn/Jph4"
"GOBP_ORGANIC_ACID_TRANSMEMBRANE_TRANSPORT",0.66909518213866,1,0.0125476227856887,0.307390300246184,0.87887151188794,37,"Slc7a13/Slc6a13/Slc6a20a/Slc13a3/Slc25a10/Cpt1b/Slc16a14"
"GOBP_METAL_ION_TRANSPORT",0.67055183084064,1,0.0105858155348294,0.272410934583821,0.915351108134308,139,"Kcnmb4/Slc17a1/Atp6v1b1/Panx3/Slc6a13/Grin2a/Slc34a2/Drd1/Slc6a20a/Lcn2/Stc1/Cacna1e/Slc13a3/Gck/Scn8a/Tmem163/Sptbn4/Kcns1/Sgk1/Kel/Trf/Adora1/Slc9b2/P2rx2/Kcnc3/Ccl5/Kcnc4/Pgrmc2/Snca/Grp/Grin2c/Mt3/Kcnab3/Slc5a5/Wnk3/Trdn/Homer1/Kcnk4/Cacng4/Ptpn6/Jph4/Slc4a8/Hap1/Kcnd1/Slc5a9/Coro1a"
"GOBP_DISRUPTION_OF_ANATOMICAL_STRUCTURE_IN_ANOTHER_ORGANISM",0.670876288659794,1,0.0138460775916995,0.35155308610113,0.857961253654195,16,"Camp/Hc/Ppbp/Cxcl14/Gzmm"
"GOBP_CELLULAR_RESPONSE_TO_LIPID",0.672785729101846,1,0.0106184065270217,0.273333517221275,0.912227840964967,129,"Fbp1/Camp/Lcn2/Stc1/Bglap/Nr1d1/Ddrgk1/Shpk/Cldn1/Ldlr/Esrrg/Bglap2/Bglap3/Ticam2/Ccdc62/Hck/Sgk1/Mgst1/Adamts13/Pgrmc2/Pou4f1/Sox10/Ppbp/Casp7/Ass1/Pdcd4/Insig1/Slc5a5/Il1b/Kcnk4/Ptpn6"
"GOBP_TUBE_FORMATION",0.673762376237624,1,0.0363555960049805,-0.259935642356286,-0.851194142910838,21,"Lrp2/Gdnf/Ret/Sox8"
"GOBP_LIPID_OXIDATION",0.673812210104049,1,0.0133843554378653,0.334366441835678,0.857849108036291,20,"Alox15/Cpt1b/Alox8/Cyp4f18/Echdc1"
"GOBP_CYTOKINESIS",0.676396893009271,1,0.0133198837658502,0.331850517898296,0.8576934479057,21,"Zfyve19/Unc119/Cdca8/Ckap2/Arl3/Ect2/Nusap1/Kif20b/Cenpv/Cep55/Mitd1/Prc1/Cul7/Cenpa/Zfp365"
"GOBP_AXON_EXTENSION",0.677520071364853,1,0.0340961551503935,-0.279417217216446,-0.846560471996374,16,"Draxin/Mag/Nlgn3/Dclk1"
"GOBP_RESPONSE_TO_TUMOR_NECROSIS_FACTOR",0.678055491859665,1,0.0119934381311811,0.296610693869341,0.87498228997356,45,"Camp/Lcn2/Tmc8/Nr1d1/Cldn1/Gata3/Tnfrsf18/Vcam1/Tnfsf11/Ccl5/Adamts13/Ass1/Nfkbia/Sele/Adipoq/Tnf/Il18bp"
"GOBP_MULTICELLULAR_ORGANISMAL_RESPONSE_TO_STRESS",0.678130841121495,1,0.013205022942397,0.32821559379713,0.856364977835869,22,"Gria1/Drd1/Morc1/Rag1/Atat1/P2rx2/Grp"
"GOBP_POSITIVE_REGULATION_OF_NEUROGENESIS",0.679662118258609,1,0.042221575978431,-0.240653253382131,-0.88004004339931,34,"Rnf112/Lrp2/Mag/Sox8/Ephb2"
"GOBP_REGULATION_OF_AXONOGENESIS",0.680914144533663,1,0.0130197779531536,0.325375102119658,0.857850630797354,23,"Brsk2/Epha7/Slitrk1/Kel/Efna1/Mt3"
"GOBP_REGULATION_OF_PROTEOLYSIS",0.680992667794698,1,0.0116906296146968,0.290314347818073,0.877052613309037,53,"Trim67/Ddrgk1/Psme2/Furin/Trf/Efna1/Sirt2/Il1r2/Serpinb13/Il1b/Nedd8/Nop53/Tnf/Pbk/Bag2/Rpl11/Rybp/Sufu/Thbs1/Vsir/Xpo1"
"GOBP_NEGATIVE_REGULATION_OF_INNATE_IMMUNE_RESPONSE",0.681047018904508,1,0.0356903661028327,-0.267137839082165,-0.84607521445168,19,"Slamf8/A2m"
"GOBP_MESONEPHROS_DEVELOPMENT",0.681314432989691,1,0.0136230500289633,0.348435057682949,0.850351741246664,16,"Sim1/Gata3/Foxc2/Foxd1"
"GOBP_RESPONSE_TO_WOUNDING",0.681506849315068,1,0.070908526474039,-0.207685092955755,-0.9207812844429,93,"Angpt4/Serpind1/Adamts18/Slc1a3/Col3a1/Rtn4rl1/Angptl4/Col5a1/Mag/Comp/Syt7/F2rl3/Ephb2"
"GOBP_RESPONSE_TO_OXYGEN_LEVELS",0.682654402102497,1,0.0112149026769291,0.281277418929563,0.878942965360711,67,"Cbs/Bbc3/Lcn2/Stc1/mt-Atp6/Ccdc115/Ang/Vcam1/Adora1/Pklr/mt-Nd2/P2rx2/Vegfc/mt-Cytb/Sirt2/Hif3a/Mt3/mt-Co1/Eef2k/Alas2/mt-Co2/Tigar/Nop53/Adipoq/Tnf"
"GOBP_MYOTUBE_DIFFERENTIATION",0.682786269105487,1,0.0131837442631109,0.33023799139706,0.853525747871831,21,"Tnfsf14/Adgrb3/Kel/P2rx2"
"GOBP_SKELETAL_MUSCLE_ORGAN_DEVELOPMENT",0.683100206374685,1,0.0118845714516517,0.295148721491454,0.870669566374845,45,"Hoxd9/Ephb1/Kel/Myl6/P2rx2/Sirt2/Hlx/Igf2/Ass1/Homer1/Popdc3/Msc/Uqcc2/Rcan1/Pax5"
"GOBP_IMMUNE_RESPONSE_REGULATING_SIGNALING_PATHWAY",0.683304647160069,1,0.071001584690387,-0.207890682029417,-0.918050834588659,92,"Card11/Btnl10/Colec11/Trim15/Pigr/Cd22/Btla/Fcgr1/Hsp90b1/Nfkbil1/Cd19/Irf7"
"GOBP_ANTIBACTERIAL_HUMORAL_RESPONSE",0.683966403409803,1,0.0131678037250997,0.331639295619329,0.850852353408836,20,"Wfdc12/Camp/Dmbt1/Ang/Trf/Klk7"
"GOBP_SPINDLE_ORGANIZATION",0.685293068600642,1,0.0123694321891515,0.306119534961049,0.857776278312625,32,"Ccnb2/Kif15/Aspm/Nuf2/Cdca8/Tpx2/Ccdc61/Haus5/Arhgef10/Ccnb1/Bora"
"GOBP_SYMBIONT_ENTRY_INTO_HOST",0.685454545454545,1,0.0126476965602785,0.314055656927367,0.853603259867313,27,"Cldn1/Gypa/Ldlr/Furin/Vamp8/Cd209b/Lgals1"
"GOBP_DEVELOPMENTAL_GROWTH",0.686061246040127,1,0.0105951231337072,0.273950775042027,0.894562549688398,102,"Sash3/Stc1/Ascl3/Epha7/Vil1/Gpr21/Ndufs6/Gata3/Arx/Slitrk1/Tec/Lin7a/Sptbn4/Aspm/Flrt1/Ghr/Rbp4/Foxc2/Hlx/S1pr1/Sema5b/Sox10/Mt3/Npy1r/Igf2/Tmem108/Acvr1c/Cela1/Gnat2/Tfap2c/Clstn3/Cdk1/Ccnb1/Ednra/Bcl9/Tnfaip6/Tnfrsf12a/Mfsd2a/Areg/Sema4f/Gpd2"
"GOBP_POSITIVE_REGULATION_OF_MONOATOMIC_ION_TRANSPORT",0.687142175572519,1,0.0123770321384223,0.307565713270701,0.856787234440278,31,"Drd1/Lcn2/Stc1/P2ry12/Adora1/P2rx2/Ccl5/Snca/Wnk3/Homer1"
"GOBP_REGULATION_OF_MICROTUBULE_BASED_PROCESS",0.688148984198646,1,0.0115445842193857,0.289313019147524,0.87232909224395,52,"Atat1/Cep131/Cdk2ap2/Slain1/Stmn4/Nme7/Ckap2/Tpx2/Snca/Gen1/Traf3ip1/Haus5/Bicd1/Hap1/Ccnf/Bora/Kif18a/Ppp1r35/Xpo1/Ccnl1"
"GOBP_RESPONSE_TO_BACTERIUM",0.690266393442623,1,0.0100420319544876,0.268472256693401,0.911054499095687,160,"Vgf/Wfdc12/Camp/Fpr2/Lcn2/Dmbt1/Fgr/Gsdmc2/Scgb1a1/Spn/Nr1d1/Vil1/Clec4d/Ikzf3/Car5b/Shpk/Irf5/Cldn1/Mpo/2610528A11Rik/Ticam2/Car3/Ang/Cd1d1/Hck/Vcam1/Gnrh1/Trf/B3galt5/C4b/Klk7/Adamts13/Snca/Ppbp/Rnase1/Casp7/Ass1/Pdcd4/Stab1/Klk1/Trdn/Il1b/Ptpn6/Nfkbia/Sele/Adipoq/Hp/Tnf/Il18bp"
"GOBP_RESPONSE_TO_TOXIC_SUBSTANCE",0.691396011396011,1,0.0116174752979293,0.291065534494619,0.867592763490104,48,"Gria1/Lcn2/Nnt/Cldn1/Mpo/Cyp1b1/mt-Cytb/Ccl5/Mgst1/Adamts13/Mt3/Ass1/Hba-a1/Hp/Tnf/Cdk1/Ccnb1/Ednra/Rdh11/Selenot/Slc22a3/Aldh1a7"
"GOBP_DETECTION_OF_STIMULUS_INVOLVED_IN_SENSORY_PERCEPTION",0.692086330935252,1,0.0123491814931588,0.308830659168297,0.85115540307219,29,"Ffar4/Tulp1/Tas1r3/Ephb1/Adora1/Rbp4/Sema5b/Kcnk4/Ano1/Tnf/Gnat2"
"GOBP_POSITIVE_REGULATION_OF_IMMUNE_SYSTEM_PROCESS",0.693852708460134,1,0.00980762274188223,0.266362950182563,0.917423263066656,205,"Tnfsf14/Il18rap/Ermap/Fpr2/Sash3/Galnt2/Lpxn/Fgr/H2-DMa/Adora2b/Spn/Rag1/Ccdc88b/Nr1d1/Ddrgk1/Hc/Clec4d/Irf5/Gata3/Ticam2/Tec/Tnfrsf18/Ccl7/Atat1/Cd1d1/Hck/Vcam1/Kitl/P2ry12/Lcp2/Slc9b2/Rbp4/Tnfsf11/C4b/Bpifb1/Vegfc/Klk7/Ccl5/Sirt2/Pou4f1/Hlx/Tox/Vamp8/Igf2/Cd209b/Tbx21/Klk1/Lgals1/Cd177/Il1b/Ifi204/Ptpn6/Nfkbia/Sele/Nop53/Coro1a/C1qa/Ube2n/Tnf"
"GOBP_REGULATION_OF_CELLULAR_LOCALIZATION",0.693993005554413,1,0.0100192033920525,0.268654874855431,0.906841652246601,149,"Trim67/Brsk2/Krt20/Bbc3/Lcn2/Adcyap1/Gck/Nr1d1/Vil1/Ddrgk1/Astn2/Mrap/Ang/Cep131/Slc9b2/Rbp4/P2rx2/Vegfc/Ccl5/P3h1/Reep2/Snca/Vamp8/Cep290/Insig1/Mmd/Wnk3/Hnrnpab/Mcrs1/Il1b/Tmem108/Acvr1c/Ano1/Arfip1/Nfkbia/Adipoq/Bicd1/Hap1/Uqcc2/Tnf/Hmgcr/Clstn3/Cdk1/Ect2/Nnat/Ednra/Bora/Vcpip1/Zic1"
"GOBP_DIGESTIVE_SYSTEM_PROCESS",0.695051783659379,1,0.0132210004993809,0.340638925403187,0.842159590992166,17,"Vil1/Ldlr/Sgk1/Rbp4/Wnk3/Serpina3c"
"GOBP_PRIMARY_ALCOHOL_METABOLIC_PROCESS",0.695243977764052,1,0.0127173219985851,0.321340211157901,0.84721265101896,23,"Awat2/Cyp1b1/Rbp4/Aldh1a3/Aldh2/Cyp3a13/Rdh11/Aldh1a7/Sult1b1/Adh7/Bmp5/Dhrs9"
"GOBP_DETECTION_OF_ABIOTIC_STIMULUS",0.69632265717675,1,0.0121029356684584,0.30315578186128,0.852804191674155,33,"Tulp1/Ephb1/Timeless/Adora1/Elovl4/Unc119/Rbp4/Sema5b/Guca1a/Kcnk4/Ano1/Tnf/Gnat2"
"GOBP_MICROTUBULE_CYTOSKELETON_ORGANIZATION_INVOLVED_IN_MITOSIS",0.696326335877863,1,0.012182977425948,0.305210426368181,0.85022610078834,31,"Kif15/Gpsm1/Nuf2/Cdca8/Tpx2/Ccdc61/Arhgef10/Cdk1/Ccnb1/Nusap1/Bora"
"GOBP_ACUTE_PHASE_RESPONSE",0.696458253420279,1,0.0131917204632651,0.340241864160313,0.841177938840987,17,"Lcn2/Tnfsf11/Ass1/Il1b/Serpina3c/Orm1/Ahsg/Hp/Tnf"
"GOBP_TISSUE_HOMEOSTASIS",0.696752136752137,1,0.0115033939466258,0.290033856953238,0.864517593595079,48,"Nxnl2/Sash3/Tulp1/Bglap/Ascl3/Cldn1/Bglap2/Bglap3"
"GOBP_TELOMERE_ORGANIZATION",0.697003886172747,1,0.0128939564811797,0.327853889242379,0.84114053105551,20,"Fen1"
"GOBP_NEURON_PROJECTION_ORGANIZATION",0.698006769462204,1,0.01287307897379,0.327475243441175,0.840169079013132,20,"Zdhhc15/Ephb1/Itpka/Nlgn1/Efna1/Homer1/Eef2k/Nmnat2"
"GOBP_NATURAL_KILLER_CELL_MEDIATED_IMMUNITY",0.699911403619795,1,0.0129724822311552,0.334092984718042,0.836878445217019,18,"Il18rap/Rab27a/Ptpn6/Coro1a"
"GOBP_POSITIVE_REGULATION_OF_NF_KAPPAB_TRANSCRIPTION_FACTOR_ACTIVITY",0.702979158675361,1,0.0130566582003901,0.337709068800427,0.834916123924138,17,"Il18rap/Rtkn2/Ddrgk1"
"GOBP_POSITIVE_REGULATION_OF_JNK_CASCADE",0.70323488045007,1,0.0130513844895759,0.337652115208439,0.834775317897119,17,"Tnfsf11/Gadd45g/Wnt16/Il1b/Tnf"
"GOBP_NUCLEOSIDE_PHOSPHATE_BIOSYNTHETIC_PROCESS",0.703543445211086,1,0.011741997354215,0.297151579526263,0.853972040626894,38,"Haao/Ndufs6/mt-Atp6/mt-Atp8/Nme7/Elovl4/mt-Nd2/Fasn/Snca/Guca1a"
"GOBP_CHEMICAL_HOMEOSTASIS",0.704068039758172,1,0.00973737011702051,0.266185258296981,0.903871847916383,163,"Pou3f3/Brsk2/Atp6v1b1/Vgf/Tm6sf2/Slc34a2/Drd1/Lcn2/Stc1/Bglap/Nnt/Slc4a1/Tmc8/Rhd/Gck/Nr1d1/Gpr21/Ldlr/Bglap2/Bglap3/Ccdc115/Ccl7/Kel/Car12/Pnpla3/Trf/Adora1/Sucnr1/Slc9b2/Rbp4/Pla2g12b/Tnfsf11"
"GOBP_LIPID_MODIFICATION",0.704241994564575,1,0.0118796376483607,0.300488448930087,0.84924968911564,34,"Alox15/Plppr3/Cpt1b/Fa2h/Alox8/Cyp4f18/Echdc1/Mtmr7"
"GOBP_REGULATION_OF_T_CELL_ACTIVATION",0.704885993485342,1,0.0106067622522918,0.275228279409603,0.869872297289423,74,"Tnfsf14/Sash3/H2-DMa/Scgb1a1/Spn/Rag1/Ccdc88b/Gata3/Cd1d1/Vcam1/Kitl/Gnrh1/Tnfsf11/Ccl5/Hlx/Tox/Tnfaip8l2/Igf2/Cd209b/Tbx21/Tnfrsf9/Lgals1/Il1b/Ptpn6"
"GOBP_NEUROMUSCULAR_PROCESS",0.705035971223022,1,0.0118352900233484,0.299264106285061,0.849664362029779,35,"Grin2a/Drd1/Cntnap2/Sptbn4/Pou4f1/Aldh1a3/Grin2c/Homer1/Jph4/Tnf/Ednra/Tcf15"
"GOBP_PROTEIN_MATURATION",0.705479452054795,1,0.0696410499154017,-0.204645016909823,-0.907302969333524,93,"Umod/Cntn2/Chac1/Klk1b1/Hsp90b1/Fkbp4/Lyrm7/Hspa5/Serpinh1/Ahsa1/Comp"
"GOBP_POSITIVE_REGULATION_OF_PRODUCTION_OF_MOLECULAR_MEDIATOR_OF_IMMUNE_RESPONSE",0.705504696231126,1,0.011943876213772,0.301111025244608,0.843741954024867,32,"Sash3/Galnt2/Irf5/Gata3/Rbp4/Klk7/Tbx21/Klk1/Il1b"
"GOBP_REGULATION_OF_CELLULAR_COMPONENT_SIZE",0.706126105946914,1,0.0110459821653642,0.284420619596438,0.86425832210794,55,"Alox15/Plek/Myo3b/Epha7/Cdc42ep5/Vil1/Sptbn4/Hck/Kel"
"GOBP_CONNECTIVE_TISSUE_DEVELOPMENT",0.707366984993179,1,0.0112435789601179,0.286054196450946,0.854946276032401,49,"Cbs/Stc1/Sox5/Abhd15/Ddrgk1/Gata3/Ghr/Foxc2/Pgrmc2/Sulf2/Foxd1"
"GOBP_MONOCARBOXYLIC_ACID_CATABOLIC_PROCESS",0.707393878322207,1,0.0127483583814956,0.328935919995678,0.83422688730966,19,"Fah/Cpt1b/Cyp4f18/Echdc1/Cyp2w1/Slc27a4/Adipoq/Acot8/Mfsd2a/Hacl1"
"GOBP_CELLULAR_RESPONSE_TO_BIOTIC_STIMULUS",0.709684584629054,1,0.0108453603847619,0.280387938304958,0.861668471388189,59,"Camp/Lcn2/Nr1d1/Shpk/Irf5/Ticam2/Hck/Eme1/Adamts13/Ppbp/Casp7/Ass1/Pdcd4/Il1b/Ptpn6/Tigar/Nfkbia/Tnf"
"GOBP_POSITIVE_REGULATION_OF_CYTOKINE_PRODUCTION_INVOLVED_IN_IMMUNE_RESPONSE",0.71052295102928,1,0.0129017923135529,0.33521571756332,0.828751826477639,17,"Sash3/Irf5/Gata3"
"GOBP_SENSORY_PERCEPTION_OF_LIGHT_STIMULUS",0.711051464581631,1,0.0115542880269042,0.295064676135418,0.851351117009166,39,"Nxnl2/Sfrp5/Tulp1/Myo3b/Hps1/Unc119/Rbp4/Impg2/Sema5b/Guca1a/Crybb1"
"GOBP_AMEBOIDAL_TYPE_CELL_MIGRATION",0.712260313771063,1,0.011467117431239,0.29357875658693,0.851042626421227,40,"Vil1/Nrtn/Kitl/Lamtor2/Ovol2/Sema5b/Sox10/Gdf6/Acvr1c/Coro1a/Ednra/Sema4g/Sema4f/Cenpv/Thbs1/Arid5b/Plcg1"
"GOBP_MESENCHYMAL_CELL_MIGRATION",0.712358967708468,1,0.0130698499501857,0.341264781408609,0.822120458431493,15,"Nrtn/Kitl/Ovol2/Sema5b/Sox10/Ednra/Sema4g/Sema4f"
"GOBP_REGULATION_OF_PROTEIN_CATABOLIC_PROCESS",0.713165075034106,1,0.0111219592054449,0.284780756570792,0.851140274593523,49,"Grin2a/Ddrgk1/Psme2/Ldlr/Furin/Trf/Sirt2/Snca/Grin2c/Il1b/Nop53/Tnf/Hmgcr/Vps28/Pbk/Bag2/Rpl11/Rybp"
"GOBP_DEFENSE_RESPONSE_TO_BACTERIUM",0.714223669923996,1,0.0104072671338395,0.273326884713114,0.863862847329423,74,"Vgf/Wfdc12/Camp/Fpr2/Lcn2/Dmbt1/Fgr/Gsdmc2/Spn/Clec4d/Mpo/2610528A11Rik/Ang/Hck"
"GOBP_CARTILAGE_DEVELOPMENT",0.714522037102682,1,0.0116662152382447,0.297489068804529,0.840772748826458,34,"Cbs/Stc1/Sox5/Ddrgk1/Gata3"
"GOBP_REGULATION_OF_NEURON_APOPTOTIC_PROCESS",0.716033706568163,1,0.0112890598279411,0.290862908242632,0.849737146686727,42,"Fpr2/Bbc3/Lcn2/Epha7/Gata3/Pou4f1/Snca/Mt3/Casp7/Coro1a/Tnf/Nrbp2"
"GOBP_RESPONSE_TO_TYPE_II_INTERFERON",0.71791221826809,1,0.0116540191917168,0.297222135386362,0.836112316115474,33,"Cldn1/Hck/Ccl5/Adamts13/Snca/Ass1/Tnf/Stxbp2/Nlrc5/Gbp5/Stat1/Irgm2/Gbp4/Slc11a1/Ifngr1/Gbp9/Mrc1/Gch1/Slc26a6/Ifitm1/Gbp2/Zfp697"
"GOBP_CELL_SUBSTRATE_ADHESION",0.717934663450998,1,0.0104743759713528,0.274766113272628,0.857468924819496,66,"Alox15/Msln/Mslnl/Dmp1/Lpxn/Col13a1/Ephb1/Vcam1/Efna1/Adamts13/Tesk2/Fut1/Rras"
"GOBP_INORGANIC_ION_IMPORT_ACROSS_PLASMA_MEMBRANE",0.718194786668396,1,0.0129515055077197,0.339036951214212,0.816753526710131,15,"Lcn2/Cacna1e"
"GOBP_NEGATIVE_REGULATION_OF_CELL_PROJECTION_ORGANIZATION",0.719406674907293,1,0.0397587663467915,-0.238370082026941,-0.853737911790989,31,"Draxin/Fkbp4/Rtn4rl1/Fstl4/Mag/Ephb2/Amigo3"
"GOBP_DENDRITE_MORPHOGENESIS",0.720029418975239,1,0.0120929547759902,0.310487358045769,0.831496580953194,25,"Zdhhc15/Adgrb3/Ephb1/Slitrk5/Itpka/Nlgn1/Efna1"
"GOBP_PHOTORECEPTOR_CELL_DIFFERENTIATION",0.721955647775905,1,0.0128756872297677,0.337039030517145,0.811940456130146,15,"Tulp1/Rab37/Cep290/Gnat2/Arl3/Mfsd2a/Cngb1"
"GOBP_MODIFIED_AMINO_ACID_METABOLIC_PROCESS",0.722169135212613,1,0.0116686553369572,0.299116788475554,0.829467915708639,30,"Gcnt4/Sardh/Gata3/Cpt1b/Ggt7/Ass1/Slc5a5/Fpgs/Ggt5"
"GOBP_PROTEIN_TARGETING_TO_MITOCHONDRION",0.723067010309278,1,0.0127613070263102,0.333968883038794,0.815047208804842,16,"Timm21/Timm13/4930550C14Rik/Tomm22/Vps11/Timm10/Fbxw7/Agk/Bid/Micall2/Parl"
"GOBP_REGULATION_OF_PH",0.723382181299442,1,0.0128470188392272,0.336600446189807,0.810883889007212,15,"Atp6v1b1/Slc4a1/Ccdc115"
"GOBP_PEPTIDYL_AMINO_ACID_MODIFICATION",0.724546259406817,1,0.0104790101615121,0.276012972547772,0.851446770768267,61,"Galnt2/Fgr/Ivl/Epha7/Zdhhc15/Tnfrsf18/Atat1/Hck/Dph6/Unc119/Stox1/Efna1/Zdhhc14/Sirt2/Esco1/Cdk10"
"GOBP_REGULATION_OF_MONOATOMIC_ION_TRANSMEMBRANE_TRANSPORT",0.725775521714608,1,0.0107421591655373,0.280312463107569,0.846836472807223,53,"Gria1/Grin2a/Drd1/Lcn2/Kcns1/Kel/P2rx2/Snca/Grp/Grin2c/Kcnab3/Wnk3/Trdn/Ptpn6/Jph4/Hap1/Coro1a"
"GOBP_POSITIVE_REGULATION_OF_CELL_POPULATION_PROLIFERATION",0.726337448559671,1,0.00931159807873778,0.263634794297276,0.890056400561067,150,"Pou3f3/Camp/Epgn/Sash3/Nmbr/Rtkn2/Spn/St8sia1/Ccdc88b/Tshr/Ddrgk1/Cldn1/Odam/Fgf22/Ang/Cd1d1/Cep131/Hck/Cxcr2/Cdca7l/Vcam1/Kitl/Aspm/Crnn/Ccpg1/Ghr/Vegfc/Ccl5/Hlx/S1pr1/Tox/Sox10/Mnat1/Igf2/Cd209b"
"GOBP_CELLULAR_RESPONSE_TO_MOLECULE_OF_BACTERIAL_ORIGIN",0.727965057677232,1,0.010588142127332,0.278967509670677,0.84768816048817,55,"Camp/Lcn2/Nr1d1/Shpk/Irf5/Ticam2/Hck/Adamts13/Ppbp/Casp7/Ass1/Pdcd4/Il1b/Ptpn6/Nfkbia/Tnf"
"GOBP_CIRCULATORY_SYSTEM_PROCESS",0.728148225688265,1,0.00954537845690478,0.264412199487342,0.872540938418485,113,"Kcnmb4/Cbs/Slc6a13/Htr7/Drd1/Slc6a20a/Stc1/Adora2b/Slc13a3/Scn8a/Sptbn4/Sgk1/Kel/Adora1/Sucnr1/Dsc2/P2rx2/Vegfc/Foxc2"
"GOBP_POSITIVE_REGULATION_OF_POST_TRANSLATIONAL_PROTEIN_MODIFICATION",0.729705619982159,1,0.0326265664694886,-0.267923258162235,-0.811736807588815,16,"Hspa5/Laptm5/Ngf/Arrdc4/Fam107a/Tnip1/Rassf1/Fbxw7/Cdc20/Senp2/Prickle1/Aimp2/Rps2/Pias3/Ube2n/Nop53"
"GOBP_REGULATION_OF_LIPID_CATABOLIC_PROCESS",0.729996109454027,1,0.0127147381958266,0.334664175292765,0.806219335252345,15,"Ldlr/Adora1/Hcar1/Fut1/Il1b/Tnf/Clstn3"
"GOBP_NEGATIVE_REGULATION_OF_CELL_ACTIVATION",0.730120481927711,1,0.0456384520219657,-0.220842764389548,-0.87034310087099,47,"Pla2g2d/Tnfsf4/Btla/Adamts18/Lag3/Loxl3"
"GOBP_INFLAMMATORY_RESPONSE_TO_ANTIGENIC_STIMULUS",0.730980693006009,1,0.0124888746884008,0.327998621408101,0.810909042541431,17,"Fgr/Spn/Gata3/Furin/Hck/Pnma1"
"GOBP_MULTI_MULTICELLULAR_ORGANISM_PROCESS",0.731294964028777,1,0.0115397340331895,0.298613769431279,0.822997055951876,29,"Cbs/Stc1/Scgb1a1/Adcyap1"
"GOBP_HEART_PROCESS",0.731642344220524,1,0.0110175553619602,0.288612781114947,0.839818451435599,41,"Stc1/Scn8a/Sptbn4/Adora1/Dsc2/Trdn/Jph4/Tnf/Apln/Ace/Ednra"
"GOBP_REGULATION_OF_MORPHOGENESIS_OF_AN_EPITHELIUM",0.732565498038223,1,0.0123087487941437,0.323424123594354,0.810153729889748,18,"Lcn2/Gata3/Stox1"
"GOBP_SEXUAL_REPRODUCTION",0.732881634329124,1,0.00913471524818466,0.262299700769962,0.887253275519115,153,"Pcdh11x/Tmem95/Vgf/Morc1/Six5/Agfg2/Ccnb2/Dnd1/Arrdc5/Cdc25c/Hoxd9/Knl1/Exd1/Fignl1/Tdrp/Rad1/Ggn/Mea1/Ccdc62/Atat1/Sptbn4/Ang/Cep131/Ly6k/Mastl/Rad54b/Ncaph/Aspm/Nuf2/Tob2/Rfx2/Cks2/Rbp4/Tcfl5/Ankle1/Eme1/Sirt2"
"GOBP_RENAL_TUBULE_DEVELOPMENT",0.733762886597938,1,0.0125476227856887,0.330110704603325,0.805631368813143,16,"Pou3f3"
"GOBP_REGULATION_OF_LEUKOCYTE_MEDIATED_IMMUNITY",0.734245014245014,1,0.0107211022799965,0.281439329734156,0.838899481049253,48,"Il18rap/Sash3/Fgr/Adora2b/Spn/Gata3/Cd1d1/Vamp8/Tbx21/Cd177/Il1b/Ptpn6/Tnf/Rif1/Stxbp2"
"GOBP_REGULATION_OF_MUSCLE_SYSTEM_PROCESS",0.735228210873924,1,0.0112149026769291,0.291656114299867,0.828063911054648,35,"Stc1/Adora2b/Myl9/Adora1/Dsc2/Trdn/Jph4"
"GOBP_RESPONSE_TO_OXIDATIVE_STRESS",0.736680552510414,1,0.010080877029248,0.271402451650148,0.846971868684986,66,"Il18rap/Lcn2/Scgb1a1/Mpo/Cyp1b1/Car3/Ggt7/Stox1/Sirt2/Mgst1/Snca/Mt3/Wnt16/mt-Co1/Hba-a1/Stk26/Adipoq/Hp/Il18bp/Rcan1/Cdk1/Ect2/Ednra"
"GOBP_SINGLE_FERTILIZATION",0.738233477455219,1,0.0118402125267922,0.308261701186028,0.812731192676967,23,"Tmem95/Hoxd9/Ly6k"
"GOBP_LIPID_HOMEOSTASIS",0.739205314306803,1,0.0117591495711418,0.305006697664437,0.810983987399028,24,"Tm6sf2/Nr1d1/Ldlr/Pnpla3/Adora1/Pla2g12b"
"GOBP_POSITIVE_REGULATION_OF_PATTERN_RECOGNITION_RECEPTOR_SIGNALING_PATHWAY",0.739569005043558,1,0.03290357014243,-0.264270377061602,-0.810320411604217,17,"Trim15/Hsp90b1"
"GOBP_CELL_ACTIVATION_INVOLVED_IN_IMMUNE_RESPONSE",0.739616790342231,1,0.0101770498847343,0.272775169093428,0.839764868688958,60,"Fgr/Adora2b/Spn/Ddrgk1/Clec4d/2610528A11Rik/Gata3/Rab27a/Sucnr1/Hlx/Grp/Vamp8/Tbx21/Lgals1/Tcim/Cd177/Ptpn6/Itgal/Coro1a/Tnf/Rif1/Stxbp2/Tbk1/Mfng/Icam1/Fcer1a"
"GOBP_DENDRITE_DEVELOPMENT",0.739918651946543,1,0.0108994797972464,0.286390727283704,0.830205562431556,40,"Tulp1/Zdhhc15/Adgrb3/Ephb1/Slitrk5/Itpka/Flrt1/Nlgn1/Efna1"
"GOBP_ORGANOPHOSPHATE_BIOSYNTHETIC_PROCESS",0.739980659718491,1,0.00970116093451816,0.267257060832171,0.853507813691792,81,"Alox15/Plek/Haao/Pigz/Ndufs6/Pik3c2g/mt-Atp6/mt-Atp8/Gk5/Slc25a10/Pnpla3/Itpka/Nme7/Elovl4/mt-Nd2/Mtmr7/Fasn"
"GOBP_SMOOTHENED_SIGNALING_PATHWAY",0.74037089871612,1,0.0125092863700644,0.331493442910984,0.798580914585219,15,"Rab34/Traf3ip1/Arl3/Disp2/Zic1/Sufu/Gas8/Dyrk2/Dzip1l"
"GOBP_ANATOMICAL_STRUCTURE_MATURATION",0.740437158469945,1,0.0485134835352845,-0.2149365425785,-0.86662384232252,54,"Cftr/Cntn2/Kcnq3/Catsperz/Wee2/Ret/Sox8"
"GOBP_PROTEIN_TETRAMERIZATION",0.741433021806854,1,0.0119043193257453,0.309282717259411,0.80696619026146,22,"Krt10/Kcnc3/Snca/Aldh1a3/Homer1/Cth/Trp63/Acot13/Osbpl2/Gbp5"
"GOBP_REGULATION_OF_BIOMINERAL_TISSUE_DEVELOPMENT",0.741529159843809,1,0.0120605538009453,0.317452173007142,0.805102520153211,19,"Dmp1/Bglap/Bglap2/Bglap3/Phospho1/S1pr1"
"GOBP_OLIGODENDROCYTE_DIFFERENTIATION",0.741597555652553,1,0.0318949747934007,-0.269351914728533,-0.800509367490007,15,"Cntn2/Mag/Sox8"
"GOBP_FIBROBLAST_PROLIFERATION",0.741861531407611,1,0.0328428821592717,-0.263524389312761,-0.808033022807888,17,"Col3a1/E2f8"
"GOBP_REGULATION_OF_SYSTEMIC_ARTERIAL_BLOOD_PRESSURE",0.74240373969738,1,0.0116955160699167,0.303444140841791,0.806829296461842,24,"Adora1/Sucnr1/P2rx2/Oxtr/Klk1/Tnf/Apln/Ndst2/Ace"
"GOBP_PROTEIN_TRANSPORT",0.742918062747487,1,0.00873782310697956,0.260196485418946,0.894565020672313,198,"Brsk2/Krt20/Rab9b/Vgf/Drd1/Plek/Dmbt1/Ap3b2/Adcyap1/Arrdc5/Gck/Nr1d1/Ap3m2/Astn2/Rab34/Sec61a2/Timm21/Lin7a/Ranbp17/Ang/Cep131/Rab3il1/Rab27a/Sucnr1/Sprn/Unc119/Slc9b2/Rbp4/Vegfc/Kpna2/Ankle1/Vps51/Ccl5/P3h1/Reep2/Ap4m1/Rab37/Vamp8/Ap1s1/Scamp5/Cep290/Insig1/Mlph/Arl8a/Il1b/Rab2b/Acvr1c/Ano1/Slc4a8/Arfip1/Nfkbia/Fam3b/Adipoq/Hap1/Uqcc2/Tnf/Sncg/Arl3/Neurl1b/Hmgcr/Clstn3/Cdk1/Kif17/Stxbp2/Ect2/Nnat/Ednra"
"GOBP_STEROL_BIOSYNTHETIC_PROCESS",0.743532560214095,1,0.0322617382382484,-0.264586841858023,-0.801628346165401,16,"Cftr/Tm7sf2"
"GOBP_CELLULAR_COMPONENT_ASSEMBLY_INVOLVED_IN_MORPHOGENESIS",0.745919003115265,1,0.011815612459759,0.307941748419589,0.80346739625991,22,"Agfg2/Knl1/Myl9/Rfx2/Pfn4"
"GOBP_PROCESS_UTILIZING_AUTOPHAGIC_MECHANISM",0.746464869642068,1,0.0099963905029723,0.271033960831298,0.838063571041197,62,"Atp6v1b1/Spata33/Ddrgk1/Gpsm1/Tex264/Nprl3/Vps51/Sirt2/Ap4m1/Snca/Nprl2/Rab37/Vamp8/Rab2b/Tigar/Hap1/Nrbp2/Lix1/Sptlc1/Tbk1/Pim2/Slc7a5/Vps28"
"GOBP_POSITIVE_REGULATION_OF_MOLECULAR_FUNCTION",0.746510152284264,1,0.00931384070137384,0.264013963208617,0.858838803275724,98,"Diras2/Il18rap/Rtkn2/Adora2b/Adcyap1/Ddrgk1/Mrnip/Odam/Gata3/Gpsm1/Rfc4/Sgk1/Dbi/Lcp2/Unc119/Stox1/Crnn/Tpx2/Sirt2/Pou4f1/Snca/Mt3/Guca1a/Mmd/Wnk3/Tcim/Tigar/Adipoq/Hap1/Ube2n/Tnf"
"GOBP_REGULATION_OF_HEART_RATE",0.748840206185567,1,0.0122507856050572,0.325048649809517,0.793277482448135,16,"Sptbn4/Dsc2/Tnf/Apln/Ace/Ednra"
"GOBP_CELLULAR_OXIDANT_DETOXIFICATION",0.749226804123711,1,0.0122432388718057,0.325012974212626,0.793190416565216,16,"Nnt/Mpo/Mgst1/Mt3/Hba-a1/Hp"
"GOBP_POSITIVE_REGULATION_OF_DNA_BINDING_TRANSCRIPTION_FACTOR_ACTIVITY",0.750438486594838,1,0.0118057811236035,0.31059954767237,0.802768664181236,21,"Il18rap/Rtkn2/Ddrgk1"
"GOBP_NEGATIVE_REGULATION_OF_PHOSPHORYLATION",0.750957381099444,1,0.0115882875996984,0.30434056923123,0.802393138231649,23,"Sirt2/Nprl2/Klhl31/Traf3ip1/Pdcd4/Adipoq/Cep85/Samsn1"
"GOBP_TYPE_I_INTERFERON_PRODUCTION",0.750959232613909,1,0.0111457541689893,0.292933837561922,0.807342830711725,29,"Nmbr/Rnf26/Irf5/Ticam2/Kpna2/Traf3ip1/Rab2b/Tbk1/Stat1/Irgm2/Dhx58/Ikbke"
"GOBP_REGULATION_OF_HEART_CONTRACTION",0.751031961316193,1,0.0108971242569232,0.287770184234536,0.818882536761332,36,"Stc1/Sptbn4/Adora1/Dsc2/Trdn/Jph4/Tnf/Apln/Ace/Ednra"
"GOBP_ESTABLISHMENT_OF_PROTEIN_LOCALIZATION_TO_ORGANELLE",0.751370313527735,1,0.00977587959518785,0.268267098692297,0.837187300647548,66,"Drd1/Bbc3/Sec61a2/Zdhhc15/Spcs1/Timm21/Ranbp17/Sprn/Kpna2/Ap4m1/Nfkbia/Neurl1b/Cdk1/Ect2/Zic1/Vps28/Irgm2/Hacl1/Timm13/Vps37d/Tert/Sufu/Snupn/4930550C14Rik/Cdkn1a/Stam2/Elavl1"
"GOBP_REGULATION_OF_SYNAPTIC_PLASTICITY",0.75202687051193,1,0.0106044340168661,0.282878652029684,0.823133024719174,41,"Gria1/Vgf/Grin2a/Drd1/Slc18a3/Unc13c/Itpka/Adora1/Snca/Grin2c/Sctr"
"GOBP_NEGATIVE_REGULATION_OF_TUMOR_NECROSIS_FACTOR_SUPERFAMILY_CYTOKINE_PRODUCTION",0.752946311654299,1,0.0316040191438453,-0.266327693376129,-0.791521432414799,15,"Chrna7/Nfkbil1"
"GOBP_MULTICELLULAR_ORGANISM_GROWTH",0.753374233128834,1,0.0385679879229386,-0.234529310282705,-0.833146888108964,30,"Dnaaf3/Gpam/Apba2/Col3a1/Comp/Palb2"
"GOBP_REGULATION_OF_CELL_MORPHOGENESIS",0.753508668475056,1,0.0108477108956017,0.286792710493779,0.814255837164702,35,"Fgr/Cdc42ep5/Vil1/Ccl7/Hck/Itpka/Ypel4/Cfdp1/Ntng1/Eef2k/Coro1a"
"GOBP_REGULATION_OF_KETONE_METABOLIC_PROCESS",0.75355507351169,1,0.0111695743113028,0.293948696325693,0.804624391728802,28,"Bglap/Nr1d1/Bglap2/Bglap3/Sirt2/Snca/Insig1/Il1b/Adipoq"
"GOBP_APPENDAGE_DEVELOPMENT",0.75440266539743,1,0.0332483742936268,-0.257846959581127,-0.801514799198574,18,"Col3a1/Comp/Cacna1c/Hoxc13/Rpgrip1l/Myh3/Dlx5"
"GOBP_T_CELL_MEDIATED_IMMUNITY",0.755030303030303,1,0.0112268465984416,0.296019137099148,0.804579999873657,27,"Sash3/Spn/Gata3/Cd1d1/Rab27a/Tbx21/Il1b/Gzmm"
"GOBP_PROTEOLYSIS",0.755434782608696,1,0.121736367223309,-0.188430181023641,-0.920238169543132,185,"Umod/Klf1/Cntn2/Habp2/Colec11/Chac1/Fbxl13/Adamts18/Klk1b1/Hsp90b1/Adamts15/Pip/Capn8/Hspa5/Wfdc2/Serpinb3d/Pcyox1l/Tmprss5/Ubxn10/Prss22/Try5/Htra4/Ret/Edem1/Comp"
"GOBP_REGULATION_OF_CELL_DEVELOPMENT",0.757142857142857,1,0.0981470491928706,-0.192659744562275,-0.919004852752643,145,"Rnf112/Card11/Lrp2/Tnfsf4/Csf3r/Il23r/Myf5/Slamf8/Draxin/Lag3/Tmem178/Loxl3/Irf7/Wee2/Hoxa7/Fstl4/Mag/H2-Eb1/Sox8/Ephb2"
"GOBP_CENTRAL_NERVOUS_SYSTEM_NEURON_DEVELOPMENT",0.758878504672897,1,0.0115615688949354,0.303954723186565,0.793064634051664,22,"Drd1/Arx/Ephb1/Sptbn4"
"GOBP_RESPONSE_TO_TYPE_I_INTERFERON",0.759088705768299,1,0.0334872651314671,-0.251684636118598,-0.797132046923311,19,"Irf7/Sin3a/Ifi27/Usp18/Sp100/Fadd/Oas2/Zbp1/Oasl1/Ifitm1/Ifih1/Isg15/Ifit1bl1/Oas1g/Ikbke/Stat1/Tbk1/Nlrc5/Ptpn6"
"GOBP_HORMONE_MEDIATED_SIGNALING_PATHWAY",0.759311981020166,1,0.0108195196597021,0.286098781668479,0.804821332259439,33,"Nr1d1/Tshr/Ddrgk1/Esrrg/Ccdc62/Ghr/Pgrmc2"
"GOBP_MONOSACCHARIDE_METABOLIC_PROCESS",0.759458839715662,1,0.0103011435911139,0.276992391514103,0.817109571710268,45,"Fbp1/Nnmt/Gck/Slc25a10/Pcx/Rbp4/Fut1/Npy1r/Igf2/Glyctk/Tigar/Adipoq/Tnf/Clstn3"
"GOBP_NEUROGENESIS",0.761880839947754,1,0.00814677308466625,0.257143684604078,0.898242943752272,285,"Trim67/Brsk2/Grin2a/Drd1/Celsr3/Fpr2/Tulp1/Alkal2/Sox5/Adcyap1/Hoxd9/Rita1/Nab2/Nr1d1/Epha7/Astn2/Gata3/Zdhhc15/Ldlr/Cntnap2/Adgrb3/Arx/Slitrk1/Fgf22/Atat1/Ephb1/Sptbn4/Vxn/Fzd2/Slitrk5/Nrtn/Sgk1/Fa2h/Cdkn2c/Kel/Vcam1/Gnrh1/P2ry12/Itpka/Aspm/Stmn4/Flrt1/Nlgn1/Ncam2/Efna1/Vegfc/Sirt2/P3h1/Gprin2/Igsf10/Arsg/Pou4f1/S1pr1/Foxd1/Tox/Nckipsd/Sema5b/Sox10/Tbx6/Nepro/Mt3/Rab37/Rras/Wnt16/Gdf6/Cep290/Mmd/Nptx1/Ntng1/Il1b/Eef2k/Tmem108/Ano1/Hap1/Nmnat2/C1qa/Tnf/Gnat2/Nrbp2/Crmp1/Arl3/Arhgef10/Tfap2c/Vash2/B4galt5/Clstn3/Cdk1/Isl2"
"GOBP_POSITIVE_REGULATION_OF_RESPONSE_TO_CYTOKINE_STIMULUS",0.762113402061856,1,0.0119934381311811,0.320400321421977,0.781933290607863,16,"Ticam2/Nlrc5/Tbk1/Cd300lf/Irgm2/Ikbke"
"GOBP_T_CELL_MEDIATED_CYTOTOXICITY",0.76249426868409,1,0.0323082766086448,-0.257678341155002,-0.790107547383343,17,"Il23r/H2-Eb1/B2m/Pvr/H2-D1/Ceacam1"
"GOBP_LEUKOCYTE_MEDIATED_IMMUNITY",0.762975027144408,1,0.00938565611465993,0.26339166421913,0.832462102123595,74,"Il18rap/Sash3/Fgr/Adora2b/Spn/Hc/2610528A11Rik/Gata3/Cd1d1/Rab27a/C4b/Grp/Vamp8/Tbx21/Cd177/Il1b/Gzmm/Ptpn6/Coro1a/C1qa/Tnf/Rif1/Ndst2/Stxbp2/Ace"
"GOBP_POST_TRANSCRIPTIONAL_REGULATION_OF_GENE_EXPRESSION",0.763140161725067,1,0.00990984104815374,0.270756823722538,0.820675378914916,54,"Sarnp/Dnd1/Scgb1a1/Tent5c/Ang/Ccl5/Rpl38/Rpusd4/Fus/Eef2k/Nmnat2/Uqcc2/Tnf/Rps9/Zc3h7b/Ace/Pld1/Cpeb4/Selenot/Ikbke/Rps6ka3/Rnasel/Thbs1/Helz2/Slc11a1/Rgs2/Elavl1/Eif1b"
"GOBP_REGULATION_OF_CELL_CELL_ADHESION",0.763431726481206,1,0.00902079388642686,0.261272817630868,0.846139662069232,93,"Tnfsf14/Sash3/H2-DMa/Scgb1a1/Spn/Rag1/Ccdc88b/Epha7/Gata3/Chst4/Cd1d1/Gcnt1/Vcam1/Kitl/Gnrh1/Tnfsf11/Ccl5/Hlx/Tnfaip8l2/Igf2/Cd209b/Tbx21/Ass1/Lgals1/Il1b/Ptpn6/Sele/Adipoq/Coro1a/Tnf/Gpnmb"
"GOBP_INTEGRIN_MEDIATED_SIGNALING_PATHWAY",0.764546684709066,1,0.0112603240687587,0.296662620613745,0.788797874997064,24,"Plek/Fgr/Tec/Hck/Adamts13/Cd177/Itga10/Itgal"
"GOBP_REGULATION_OF_TRANSMEMBRANE_TRANSPORT",0.764929424538545,1,0.00934524753114165,0.26287828965387,0.830839556964319,74,"Gria1/Grin2a/Ffar4/Drd1/Lcn2/Kcns1/Kel/P2rx2/Snca/Grp/Grin2c/Kcnab3/Wnk3/Trdn/Il1b/Cacng4/Ptpn6/Jph4/Adipoq/Hap1/Coro1a/Tnf/Ednra/Slc7a5/Fxyd7/Rem1/Tert/Rnasel/Thbs1/Slc43a2/Kcnj11/Plcg1/Rgs2/Kcnh2/Ptk2b"
"GOBP_MULTICELLULAR_ORGANISMAL_REPRODUCTIVE_PROCESS",0.764986517320058,1,0.00860661946315086,0.256911160758696,0.857419594498479,129,"Cbs/Dmrta1/Pcdh11x/Tmem95/Drd1/Morc1/Six5/Stc1/Agfg2/Ccnb2/Dnd1/Arrdc5/Knl1/Fignl1/Tdrp/Ggn/Mea1/Ccdc62/Atat1/Ang/Cep131/Mastl/Ncaph/Car12/Gnrh1/Aspm/Tob2/Rfx2/Rbp4/Tcfl5"
"GOBP_ALDEHYDE_METABOLIC_PROCESS",0.76585242374383,1,0.0116564578087981,0.312913651574457,0.783825767661113,18,"Shpk/Cyp1b1/Slc25a10/Rbp4/Aldh1a3/Aldh2/Glyctk/Pdxk"
"GOBP_REGULATION_OF_NOTCH_SIGNALING_PATHWAY",0.766850413430218,1,0.0114864570381792,0.305456274105101,0.789475474020282,21,"Rita1/Tspear/Ovol2/Nepro/Tcim/Nfkbia/Trp63/Egfl7/Mfng"
"GOBP_REGENERATION",0.768824940047962,1,0.0107937060569197,0.287718169019486,0.792968142419819,29,"Ascl3/Cldn1/Tec/mt-Cytb/Sulf2/Tnf/Gnat2/Ccnb1/Slc7a5/Bcl9/Srsf5/Lgr6"
"GOBP_AMINE_TRANSPORT",0.769083237437668,1,0.0117444467589086,0.314158997799563,0.776693423337441,17,"Drd1/Slc18a3/Adora1/Snca/Tnf/Sncg/Slc7a5/Rab3b/Slc43a2/Chrna3/Rgs2"
"GOBP_REGULATION_OF_REGULATED_SECRETORY_PATHWAY",0.76969696969697,1,0.0109395594727249,0.292162774241887,0.794098405819929,27,"Fgr/Adora2b/Rab27a/Syt10/Nlgn1/Vamp8/Scamp5/Cd177/Slc4a8"
"GOBP_ORGANELLE_FUSION",0.770248142083386,1,0.0115009735423448,0.307978989981655,0.781077220671262,19,"Rab34/Snca/Vamp8/Coro1a/Clstn3/Cdk1/Vcpip1/Syt9"
"GOBP_REGULATION_OF_RESPONSE_TO_EXTERNAL_STIMULUS",0.771727005374708,1,0.00808677590663363,0.255374505032768,0.879443017174184,204,"Tnfsf14/Il18rap/Alox15/Ffar4/Drd1/Fpr2/Fgr/Scgb1a1/Adora2b/Spn/Rnf26/Nr1d1/Hc/Shpk/Irf5/Gata3/Ldlr/Cntnap2/Ticam2/Furin/Ccl7/Atat1/Cd1d1/Hck/Cst7/P2ry12/Adora1/Sucnr1/Tnfsf11/Bpifb1/Vegfc/Klk7/Ccl5/Sirt2/S1pr1/Snca/Tnfaip8l2/Ddt/Apoh/Vamp8/Traf3ip1/Pdcd4/Klk1/Lgals1/Il1b/Ifi204/Ptpn6/Ahsg/Nfkbia/Sele/Nop53/Adipoq"
"GOBP_PRODUCTION_OF_MOLECULAR_MEDIATOR_INVOLVED_IN_INFLAMMATORY_RESPONSE",0.772407620508886,1,0.0116808602893387,0.313122835189786,0.774131724674794,17,"Chia1/Spink7/Il1r2/Vamp8/Pdcd4/Nfkbia/Tnf"
"GOBP_RESPONSE_TO_MECHANICAL_STIMULUS",0.77286102308737,1,0.00983258282711281,0.270140497242724,0.812224792309511,51,"Tnfsf14/Bglap/Mpo/Bglap2/Cntnap2/Bglap3/Atat1/Smpd2"
"GOBP_NEGATIVE_REGULATION_OF_CELL_GROWTH",0.773546856465006,1,0.0105393263667834,0.281865535992961,0.79291283546514,33,"Fbp1/Epha7/Cdkn2c/P3h1/Mt3"
"GOBP_NON_CANONICAL_NF_KAPPAB_SIGNAL_TRANSDUCTION",0.773772911797269,1,0.0110815649792425,0.293710932841017,0.780949616129918,24,"Tnfsf14/Rtkn2/Tnfsf11/Pdcd4/Tcim/Il1b/Nfkbia/Tnf"
"GOBP_SENSORY_SYSTEM_DEVELOPMENT",0.774529128339904,1,0.00928245257810846,0.262449567574332,0.820109207697137,67,"Six5/Tulp1/Gata3/Cyp1b1/Ephb1/P2ry12/Rbp4/Foxc2/Impg2/Sipa1l3/Arsg/Pou4f1/Aldh1a3/Rab37/Wnt16/Crybb1/Traf3ip1/Cep290"
"GOBP_CYTOKINE_PRODUCTION",0.774647887323944,1,0.00825340199542525,0.255473615427832,0.863194379954738,151,"Chia1/Panx3/Ermap/Ffar4/Camp/Sash3/Nmbr/Fgr/Scgb1a1/Adora2b/Adcyap1/Spn/Rnf26/Ccdc88b/Hc/Irf5/Gata3/Cyp1b1/Ticam2/Furin/Alox8/Zbtb26/Spink7/Kpna2/Sulf2/Il1r2/Ddt/Zfp287/Scamp5/Traf3ip1/Tbx21/Zbtb6/Pdcd4/Il5ra/Il1b/Rab2b/Ptpn6/Jph4/Orm1/Nfkbia/Adipoq/Tnf/Gpnmb"
"GOBP_NUCLEIC_ACID_CATABOLIC_PROCESS",0.775234607461662,1,0.00995764401340371,0.273586470325404,0.809033266288249,46,"Fen1/Dnd1/Scgb1a1/Tent5c/Ang/Exosc2/Rnaseh2c/Lsm7/Fus/Hnrnpab"
"GOBP_EPITHELIAL_CELL_DEVELOPMENT",0.776245392937819,1,0.0105207532518625,0.281806280628637,0.789648209264114,32,"Stc1/Cldn1/Fasn/Foxc2/Sipa1l3/Il1b/Tigar/Adipoq/Tnf/Tfap2c/Trp63/Ednra/Icam1/Sox18"
"GOBP_DETOXIFICATION",0.776828617191671,1,0.034969405839687,-0.237926894063147,-0.802609592278836,24,"Slc22a2/Gsto2"
"GOBP_PROTEIN_MODIFICATION_BY_SMALL_PROTEIN_CONJUGATION",0.777801654668529,1,0.00891150856501647,0.259385904033467,0.828370615035305,81,"Rag1/Rnf26/Asb4/Ddrgk1/Fbxl21/Asb14/Rnf122/Spsb1/Bex2/Nedd8/Anapc10/Trim59/Mkrn3/Ube2n/Neurl1b/Rnf227/Ccnf/Vcpip1/Dcaf4/Vps28/Bag2/Pias3/Rnf167/Klhdc3/Rpl11/Ppia/Rnf43/Ube2l6/Ppp1r11/Rps2/Dtx3l/Rnf125/Bex1/Aimp2/Tnfaip3/Socs3/Prickle1/Herc6/Cbx4/Fbxo10/Isg15/Cops7a/Cul7/Ifih1/Senp2/Vps11/Ube2e2/Rnf223"
"GOBP_NEGATIVE_REGULATION_OF_CATALYTIC_ACTIVITY",0.778766310794781,1,0.0104373304167445,0.280704110908637,0.789645643349769,33,"Gabbr2/Gpsm1/Mt3/Nprl2/Pdcd4/Serpinb13/Adipoq/Cep85/Rpl11/Ppia/Adgrv1/Cdkn1a/Dtx3l"
"GOBP_NEGATIVE_REGULATION_OF_TRANSMEMBRANE_RECEPTOR_PROTEIN_SERINE_THREONINE_KINASE_SIGNALING_PATHWAY",0.781392694063927,1,0.0362323902738512,-0.232878984187192,-0.807557315263618,27,"Lrp2/Hspa5/Htra4/Prdm16/Sin3a/Eid2/Spred3"
"GOBP_GLIAL_CELL_DIFFERENTIATION",0.78154601800959,1,0.0101655852821328,0.277652155164473,0.797933424780279,38,"Drd1/Fpr2/Nab2/Nr1d1/Ldlr/Fa2h/Cdkn2c/Sirt2/Arsg/Sox10/Il1b/Ano1/C1qa/Tnf/Arhgef10/B4galt5/Cdk1"
"GOBP_ENDOTHELIAL_CELL_MIGRATION",0.782108262108262,1,0.00975548739104344,0.269816752202326,0.804255516152386,48,"Lcn2/Lpxn/Stc1/Gata3/Cyp1b1/Efna1/Vegfc/Foxc2/Fut1/Apoh/Rras"
"GOBP_AMIDE_METABOLIC_PROCESS",0.783530947460024,1,0.00899178476452881,0.259319060779146,0.815903852981755,71,"Acot4/Pcsk1n/Degs2/Nnmt/Asns/Ldlr/Furin/Smpd2/Fa2h/Ggt7/Elovl4/Far2/Fasn/Efna1/Snca/Ass1/Npl/Mccc2/Fpgs/Ggt5/Tigar/Mvd/Hap1/Acot8/Tnf/B4galt5/Hmgcr/Ace/Sptlc1/Hmgcs1/Arg2/Renbp"
"GOBP_ANTIGEN_PROCESSING_AND_PRESENTATION_OF_PEPTIDE_ANTIGEN",0.783599949615821,1,0.0112459703364312,0.303513974807595,0.769753326003585,19,"Ctse/H2-DMa"
"GOBP_POSITIVE_REGULATION_OF_WNT_SIGNALING_PATHWAY",0.785420560747664,1,0.0110507233627835,0.295701606821309,0.771530983771849,22,"Pcdh11x"
"GOBP_HEART_MORPHOGENESIS",0.786059351276743,1,0.00982123523711147,0.271708296393467,0.797245326744299,43,"Gata3/Adamts19/Fzd2/Ovol2/Rbp4/Efna1/Foxc2/Pou4f1/S1pr1/Npy1r/Wnt16/Pdcd4"
"GOBP_RIBONUCLEOPROTEIN_COMPLEX_BIOGENESIS",0.787778032561339,1,0.00973737011702051,0.269982819557838,0.796431789523733,45,"Zfp593/Pin4/Fam207a/Exosc2/Nop58/Rpl38/Rpusd4/Mrm1/Rps17/Luc7l2/Rrp36/Rps23/Nop53/Celf5/Rps9/Rps25/Rpusd1/Rpl11/Nhp2/Rnasel/Srsf5/Rps28/Xpo1"
"GOBP_AXON_DEVELOPMENT",0.787901579456323,1,0.00870223000764093,0.256878739604208,0.820363775388415,81,"Brsk2/Celsr3/Epha7/Gata3/Arx/Slitrk1/Ephb1/Sptbn4/Slitrk5/Kel/Ncam2/Efna1/Pou4f1/Foxd1/Sema5b/Mt3"
"GOBP_ORGANIC_HYDROXY_COMPOUND_TRANSPORT",0.78822629969419,1,0.0425633582370147,-0.218802351166557,-0.844186701814405,43,"Cftr/Slc22a2/Serac1/Abcb11/Gdnf/Syt7/Slc10a5"
"GOBP_STRIATED_MUSCLE_CONTRACTION",0.788967971530249,1,0.0102390328327957,0.278575613039171,0.783657989431689,33,"Stc1/Scn8a/Adora1/Dsc2/Trdn/Homer1/Jph4/Tnf/Arg2/Rem1"
"GOBP_POSITIVE_REGULATION_OF_LYMPHOCYTE_DIFFERENTIATION",0.790011071472506,1,0.0107702624596214,0.287987983287575,0.765732834058986,24,"Sash3/Rag1/Ddrgk1/Gata3/Hlx/Tox"
"GOBP_POSITIVE_REGULATION_OF_HORMONE_SECRETION",0.790773473736994,1,0.0110388721935013,0.298915320863713,0.766895864230705,20,"Ffar4/Adcyap1/Gck/Rbp4/Tnfsf11/Grp/Vamp8/Ano1/Apln/Nnat"
"GOBP_NEPHRON_EPITHELIUM_DEVELOPMENT",0.791237113402062,1,0.0114405546461546,0.30904673668077,0.754224997939846,16,"Pou3f3"
"GOBP_EMBRYONIC_ORGAN_DEVELOPMENT",0.792098238120662,1,0.00851328370920856,0.255540739952537,0.823284719245667,88,"Atp6v1b1/Elf5/Hoxd9/Myo3b/Gata3/Fzd2/Kitl/Ovol2/Stox1/Mafb/Rbp4/Efna1/Foxc2/Hlx/Rpl38/Aldh1a3/Gsc/Wnt16/Igf2/Traf3ip1/Cep290/Insig1"
"GOBP_CYTOPLASMIC_PATTERN_RECOGNITION_RECEPTOR_SIGNALING_PATHWAY",0.792480115690528,1,0.010411890159306,0.283474562754824,0.775953594890131,28,"Irf5/Atat1/Sirt2/Nfkbia/Nop53/Tnf/Tbk1/Gbp5/Irgm2/Dhx58/Rnf125/Ddx60/Tnfaip3/Ppt1/Zcchc3/Oas1g/Ifih1/Gbp2"
"GOBP_SUBSTRATE_ADHESION_DEPENDENT_CELL_SPREADING",0.793214121962403,1,0.0315487678108982,-0.252094963250651,-0.772987485982964,17,"Cspg5"
"GOBP_POSITIVE_REGULATION_OF_MONOATOMIC_ION_TRANSMEMBRANE_TRANSPORT",0.793392763502884,1,0.0341757981801189,-0.236099228415223,-0.786941613961061,23,"Cftr/Aplnr/Cd19/F2rl3"
"GOBP_MICROTUBULE_POLYMERIZATION_OR_DEPOLYMERIZATION",0.793454278009316,1,0.0106510381352838,0.28647485296727,0.767190207906114,25,"Slain1/Stmn4/Nme7/Ckap2/Tpx2/Snca"
"GOBP_REGULATION_OF_POST_TRANSLATIONAL_PROTEIN_MODIFICATION",0.793725675197547,1,0.0100580213775714,0.275052636848298,0.780923666768467,35,"P3h1/Bex2/Nop53/Ube2n/Vps28/Bag2/Pias3/Rpl11/Ppia/Rps2/Dtx3l/Bex1/Aimp2/Tnfaip3/Prickle1/Isg15/Cops7a/Senp2"
"GOBP_NEGATIVE_REGULATION_OF_EPITHELIAL_CELL_PROLIFERATION",0.794534286072458,1,0.0109678917164198,0.297632296650082,0.763604142815092,20,"Gata3/Apoh/Tnf/Scg2/Stat1/Cnmd/Thbs1/Nkx3-1/Mcc"
"GOBP_POSITIVE_REGULATION_OF_TUMOR_NECROSIS_FACTOR_SUPERFAMILY_CYTOKINE_PRODUCTION",0.794534286072458,1,0.0109678917164198,0.297647847575004,0.763644040201326,20,"Sash3/Spn"
"GOBP_MESENCHYMAL_CELL_DIFFERENTIATION",0.7949187457084,1,0.00956791989221995,0.268346490378806,0.793537916366747,46,"Gata3/Nrtn/S100a4/Kitl/Ovol2/Efna1/Foxc2/Sema5b/Sox10/Gsc/Wnt16/Pdcd4/Hnrnpab/Il1b"
"GOBP_MITOTIC_SPINDLE_ORGANIZATION",0.796038873170132,1,0.0106557031405462,0.28651451704709,0.76181502656113,24,"Kif15/Nuf2/Cdca8/Tpx2/Ccdc61/Arhgef10/Ccnb1/Bora/Cep126"
"GOBP_REGULATION_OF_ENDOTHELIAL_CELL_MIGRATION",0.796825767300735,1,0.00983485276679136,0.271844817157505,0.78435477865869,39,"Lcn2/Stc1/Gata3/Efna1/Vegfc/Foxc2/Fut1/Apoh/Rras"
"GOBP_REGULATION_OF_PROTEIN_METABOLIC_PROCESS",0.796879748758991,1,0.00751621947588897,0.251319806296314,0.866673691968872,208,"Diras2/Trim67/Grin2a/Sarnp/Fgr/Adcyap1/Nnmt/Cdc25c/Epha7/Ddrgk1/Mrnip/Psme2/Odam/Ldlr/Furin/Tnfrsf18/Ang/Dbi/Trf/Sucnr1/Lcp2/Unc119/Stox1/Efna1/Tpx2/Ccl5/Sirt2/P3h1/Rpl38/Snca/Il1r2/Rpusd4/Grin2c/Mt3/Klhl31/Bex2/Traf3ip1/Pdcd4/Serpinb13/Mmd/Wnk3/Tcim/Il1b/Ropn1l/Eef2k/Nedd8/Nop53/Adipoq/Hap1/Acot8/Nmnat2/Ube2n/Uqcc2/Tnf/Cep85/Hmgcr/Rps9/Ect2/Ace/Samsn1/Vps28/Pbk/Pld1/Cpeb4/Selenot/Irgm2/Bag2/Pias3/Mst1/Rpl11/Rybp/Rps6ka3/Sufu/Brms1/Thbs1/Tnfrsf10b/Ppia/Pfdn6"
"GOBP_ENDOTHELIAL_CELL_APOPTOTIC_PROCESS",0.796987723073029,1,0.0110649528104035,0.302217282358886,0.757032146579397,18,"Gata3/Fut1/Pdcd4/Tnf/Icam1/Scg2/Tert/Thbs1/Fgg/Plcg1"
"GOBP_POSITIVE_REGULATION_OF_TRANSLATION",0.797302554791856,1,0.0114212573317709,0.310069536042329,0.746969869157231,15,"Ccl5/Rpusd4/Uqcc2/Tnf/Pld1/Thbs1/Elavl1/Rbms3/Cirbp/Ybx1"
"GOBP_REGULATION_OF_MITOCHONDRION_ORGANIZATION",0.798107658867153,1,0.011195805791729,0.304306790793894,0.752335870505089,17,"Bbc3/Stox1/Irgm2/Hrk/Endog/4930550C14Rik/Ddhd2"
"GOBP_BIOLOGICAL_PROCESS_INVOLVED_IN_SYMBIOTIC_INTERACTION",0.798586981700255,1,0.00968306882591645,0.26952109117107,0.784264593349288,41,"Camp/Cldn1/Gypa/Ldlr/Furin/Pcx/Kpna2/Vamp8/Cd209b/Lgals1"
"GOBP_METANEPHROS_DEVELOPMENT",0.801544108340716,1,0.0109797068571934,0.300071442020077,0.751656973772517,18,"Pou3f3"
"GOBP_SENSORY_ORGAN_DEVELOPMENT",0.804464567758239,1,0.00802008935687322,0.250869770298838,0.821866877943811,105,"Atp6v1b1/Six5/Tulp1/Myo3b/Gata3/Cyp1b1/Lin7a/Ephb1/Fzd2/Stox1/Mafb/Rbp4/Foxc2/Impg2/Sipa1l3/Arsg/Rpl38/Aldh1a3/Rab37/Gsc/Wnt16/Crybb1/Traf3ip1/Cep290/Insig1"
"GOBP_CENTRAL_NERVOUS_SYSTEM_NEURON_DIFFERENTIATION",0.805958132045089,1,0.00943059329655084,0.266154115066745,0.780948271536948,43,"Brsk2/Drd1/Arx/Ephb1/Sptbn4/Efna1/Pou4f1/Tox"
"GOBP_MICROTUBULE_BASED_PROCESS",0.806451612903226,1,0.117106883409404,-0.186692109089281,-0.905406428745615,180,"Spag16/Celf3/Calml4/Cntn2/Dnaaf3/Ttc12/Cfap206/Tubg2/Iqcg/Rsph9/Fkbp4/Hydin/Ccdc103"
"GOBP_PHOSPHOLIPID_METABOLIC_PROCESS",0.8072876287518,1,0.00880013723017969,0.256906182401832,0.790910650874395,60,"Alox15/Tnfaip8l3/Pigz/Tmem86b/Pik3c2g/Ldlr/Plppr3/Smpd2/Alox8/Pnpla3/Dbi/Itpka/Mtmr7/Pla2g12b/Snca/Cyp2w1"
"GOBP_IMMUNE_RESPONSE_REGULATING_CELL_SURFACE_RECEPTOR_SIGNALING_PATHWAY",0.808843233586423,1,0.00890036530085609,0.258406760232031,0.789602480352803,57,"Ermap/Fpr2/Lpxn/Fgr/Nr1d1/Clec4d/Gata3/Ticam2/Tec/Hck/Lcp2/Bpifb1"
"GOBP_DETECTION_OF_LIGHT_STIMULUS",0.80889175257732,1,0.0111124482246705,0.303741187758372,0.7412768669612,16,"Tulp1/Elovl4/Unc119/Rbp4/Sema5b/Guca1a"
"GOBP_POSITIVE_REGULATION_OF_RESPONSE_TO_EXTERNAL_STIMULUS",0.808907301916106,1,0.00764140565274295,0.248500221356695,0.830645317155881,132,"Tnfsf14/Il18rap/Fpr2/Adora2b/Nr1d1/Irf5/Ldlr/Ticam2/Ccl7/Atat1/Cd1d1/Hck/P2ry12/Sucnr1/Tnfsf11/Bpifb1/Vegfc/Klk7/Ccl5/Sirt2/S1pr1/Snca/Ddt/Apoh/Vamp8/Pdcd4/Klk1/Lgals1/Il1b/Ifi204/Nfkbia/Nop53"
"GOBP_REGULATION_OF_CYTOPLASMIC_PATTERN_RECOGNITION_RECEPTOR_SIGNALING_PATHWAY",0.809702895825498,1,0.0106837108973041,0.292697991049489,0.75094470954479,20,"Atat1/Sirt2/Nop53/Gbp5/Irgm2/Dhx58/Rnf125/Ddx60/Tnfaip3/Ppt1/Zcchc3"
"GOBP_CELL_ADHESION",0.810514676316848,1,0.00707303331564699,0.250062460274107,0.872423659787391,276,"Flg2/Pcdh11x/Tnfsf14/Alox15/Msln/Celsr3/Fpr2/Sash3/Plek/Mslnl/Dmp1/Lpxn/Bglap/H2-DMa/Scgb1a1/Spn/Rag1/Pcdhb5/Ccdc88b/Epha7/Col6a6/Col13a1/Astn2/Cldn1/Gata3/Cyp1b1/Bglap2/Cntnap2/Slitrk1/Bglap3/Tnfrsf18/Myl9/Ephb1/Chst4/Cd1d1/Slitrk5/Hck/Gcnt1/Pcdh10/Vcam1/Kitl/Gnrh1/P2ry12/Pcdh9/Flrt1/Troap/Crnn/Nlgn1/Dsc2/Tnfsf11/Ncam2/Efna1/Foxc2/Pcdhga8/Ccl5/Adamts13/Thbs2/Hlx/S1pr1/Tnfaip8l2/Tesk2/Fut1/Cercam/Rras/Pstpip1/Igf2/Cd209b/Tbx21/Ass1/Stab1/Cfdp1/Lgals1/Ntng1/Cd177/Il1b/Itga10/Ptpn6/Ncan/Igsf9b/Itgal/Sele/Adipoq/Coro1a/Cd93/Tnf/Gpnmb"
"GOBP_CELL_SURFACE_RECEPTOR_SIGNALING_PATHWAY_VIA_STAT",0.810705779114955,1,0.0106650356769608,0.292488399977921,0.750406983591164,20,"Cyp1b1/Tnfrsf18/Nrtn/Ghr/Ccl5"
"GOBP_REGULATION_OF_PROTEIN_STABILITY",0.811856260013733,1,0.00923540425823638,0.263732149059196,0.779892666931962,46,"Tmc8/Nr1d1/Ddrgk1/Trf/Efna1/P3h1/Snca/Serf2/Mt3/Nop53/B4galt5/Csn3/Pim2/Polr2e/Irgm2/Bag2/Rpl11/Tert/Pfdn6"
"GOBP_NEUTROPHIL_CHEMOTAXIS",0.81230903535574,1,0.0301759562044332,-0.252035966348966,-0.74904665968343,15,"Csf3r"
"GOBP_EPITHELIAL_TO_MESENCHYMAL_TRANSITION",0.812709030100334,1,0.00988937407034788,0.273447394874683,0.758285223101737,30,"Gata3/S100a4/Ovol2/Efna1/Gsc/Wnt16/Pdcd4/Hnrnpab/Il1b"
"GOBP_CELLULAR_RESPONSE_TO_CALCIUM_ION",0.812822773649074,1,0.0106977262411145,0.293661949906483,0.744767231243671,19,"Alox15/Itpka/Nlgn1/Guca1a/Eef2k/Ect2/Fosb/Adgrv1/Endog/Nfatc2"
"GOBP_REGULATION_OF_NERVOUS_SYSTEM_DEVELOPMENT",0.813323174050288,1,0.00839332800588645,0.252747431380502,0.796268436701356,72,"Nr1d1/Epha7/Ldlr/Adgrb3/Slitrk1/Ephb1/Slitrk5/Cst7/Itpka/Aspm/Flrt1/Nlgn1/Vegfc/Sirt2/Thbs2/Pou4f1/Sox10/Mt3/Il1b/Cdk18/Eef2k/Hap1/Tnf/Clstn3"
"GOBP_REGULATION_OF_T_CELL_MEDIATED_IMMUNITY",0.813712168004941,1,0.0103864728761132,0.284538871543589,0.750186012543359,23,"Sash3/Spn/Gata3/Cd1d1"
"GOBP_REGULATION_OF_LYMPHOCYTE_ACTIVATION",0.813785790031813,1,0.00794447356099239,0.249705770814547,0.809182816077048,94,"Tnfsf14/Sash3/Fgr/H2-DMa/Scgb1a1/Spn/Rag1/Ccdc88b/Ddrgk1/Ikzf3/Gata3/Cd1d1/Vcam1/Kitl/Gnrh1/Tnfsf11/Ccl5/Hlx/Tox/Tnfaip8l2/Igf2/Cd209b/Tbx21/Tnfrsf9/Lgals1/Il1b/Ifi204/Ptpn6"
"GOBP_NEGATIVE_REGULATION_OF_EXTRINSIC_APOPTOTIC_SIGNALING_PATHWAY",0.813839789394509,1,0.0106067622522918,0.291366180921103,0.74752782319568,20,"Il1b/Tnf/Icam1/Scg2/Tert/Thbs1/Fgg/Eya4/Bmp5/Tnfaip3/Faim"
"GOBP_WNT_SIGNALING_PATHWAY",0.815281736461302,1,0.00847107253345888,0.25391258440076,0.792390837978741,66,"Pcdh11x/Celsr3/Sfrp5/Gata3/Fzd2/Aspm/Sulf2/Foxd1/Sox10/Gsc/Wnt16/Hic1/Cela1/Ednra/Grem1/Bcl9/Tert/Amer2/Paf1/Dvl2/Lgr6/Rnf43/Ctnnd2/Bcl7b/Dlx3/Sox13/Prdm15/Bcl9l/Tnfaip3/Mcc/Prickle1/Rbms3"
"GOBP_CELL_RECOGNITION",0.816705621847706,1,0.0102666216085817,0.280438001613499,0.745658146225187,24,"Tulp1/Cntnap2/Ephb1/Ly6k/Ncam2/C4b/Cd209b/Coro1a/Clgn"
"GOBP_GLUTAMATE_RECEPTOR_SIGNALING_PATHWAY",0.816884969524057,1,0.0110602086836924,0.303445568592596,0.731012467593753,15,"Gria1/Grin2a/Gria4/Nlgn1/Grin2c/Homer1"
"GOBP_ANATOMICAL_STRUCTURE_FORMATION_INVOLVED_IN_MORPHOGENESIS",0.817460317460317,1,0.141766537975907,-0.186681593610094,-0.91382359495158,211,"Angpt4/Cftr/Lrp2/Csf3r/Chrna7/Trim15/Myf5/Col8a2/Klk1b1/Cxcl17/Adamts15/Col3a1/Aplnr/E2f8/Angptl4/Col1a1/Loxl2/Col5a1/Csrp3/Hoxa7/Cdh11/Mag/Gdnf/Ret/Ankrd1/Sox8/Ephb2/Palb2"
"GOBP_HUMORAL_IMMUNE_RESPONSE",0.817822899041173,1,0.00888699527341343,0.258232925212096,0.780133202516167,53,"Wfdc12/Camp/Dmbt1/Hc/Gata3/Ccl7/Ang/Trf/C4b/Klk7/Ccl5/Ppbp/Cxcl14/Klk1/Il1b/Ptpn6/C1qa/Tnf"
"GOBP_REGULATION_OF_DNA_BINDING_TRANSCRIPTION_FACTOR_ACTIVITY",0.818492746786178,1,0.00958145040117534,0.268485932198388,0.7640070211866,36,"Il18rap/Rtkn2/Ddrgk1/Cyp1b1/Hck/Sgk1/Crnn/Pou4f1"
"GOBP_DNA_INTEGRITY_CHECKPOINT_SIGNALING",0.818816199376947,1,0.0104234510490929,0.285216756171887,0.744174395408304,22,"Mrnip/Rad1/Rad9b/Timeless/Donson/Eme1"
"GOBP_RESPONSE_TO_LIPID",0.818969030154849,1,0.00712731042582776,0.247022593460783,0.844647880660546,180,"Fbp1/Gria1/Camp/Lcn2/Mest/Stc1/Bglap/Scgb1a1/Nr1d1/Ddrgk1/Scd1/Shpk/Cldn1/Mpo/Ldlr/Esrrg/Cdo1/Bglap2/Bglap3/Ticam2/Ccdc62/Hck/Sgk1/Vcam1/Gnrh1/Ghr/Rbp4/Mgst1/Adamts13/Pgrmc2/Pou4f1/Snca/Sox10/Ppbp/Casp7/Ass1/Pdcd4/Insig1/Slc5a5/Il1b/Kcnk4/Ptpn6/Nfkbia/Sele/Adipoq"
"GOBP_REGULATION_OF_RELEASE_OF_SEQUESTERED_CALCIUM_ION_INTO_CYTOSOL",0.819896215668903,1,0.0106393792931331,0.293635657240959,0.735535804499103,18,"Drd1/Snca/Trdn/Ptpn6/Jph4/Hap1/Coro1a"
"GOBP_POSITIVE_REGULATION_OF_LEUKOCYTE_PROLIFERATION",0.82002594645595,1,0.00955213966102077,0.268415425343323,0.762079435333443,35,"Sash3/Nmbr/Spn/Ccdc88b/Cd1d1/Vcam1/Kitl/Ccl5/Igf2/Cd209b/Il5ra/Il1b"
"GOBP_PLATELET_AGGREGATION",0.820355453266846,1,0.0107843259653634,0.296672983029162,0.733462852933036,17,"Plek/Myl9/P2ry12"
"GOBP_REGULATION_OF_DEFENSE_RESPONSE",0.821037552440397,1,0.00716118819969964,0.246589200855318,0.83968191957788,170,"Il18rap/Alox15/Ffar4/Fpr2/Fgr/Scgb1a1/Adora2b/Spn/Rag1/Rnf26/Nr1d1/Shpk/Irf5/Gata3/Ldlr/Ticam2/Furin/Atat1/Cd1d1/Hck/Cst7/Adora1/Sucnr1/Tnfsf11/Bpifb1/Klk7/Ccl5/Sirt2/Snca/Tnfaip8l2/Grp/Ddt/Vamp8/Traf3ip1/Pdcd4/Klk1/Lgals1/Il1b/Ifi204/Ptpn6/Ahsg/Nfkbia/Sele/Nop53/Adipoq"
"GOBP_LIPID_CATABOLIC_PROCESS",0.821125502456454,1,0.00865552875236924,0.25505837878141,0.779370974427014,57,"Abhd15/Cyp1b1/Ldlr/Cpt1b/Smpd2/Cyp4f18/Pnpla3/Echdc1/Adora1/Hcar1/Lipf/Pla2g12b/Sirt2/Cyp2w1/Fut1/Slc27a4/Plin1/Il1b/Adipoq/Acot8/Tnf/Clstn3"
"GOBP_REGULATION_OF_LYMPHOCYTE_MEDIATED_IMMUNITY",0.82346685572492,1,0.00951609189634874,0.267967563054302,0.757338162006654,34,"Il18rap/Sash3/Spn/Gata3/Cd1d1"
"GOBP_NEGATIVE_REGULATION_OF_ESTABLISHMENT_OF_PROTEIN_LOCALIZATION",0.824672897196262,1,0.0103149637224097,0.28311228945742,0.738683517993123,22,"Insig1/Il1b/Acvr1c/Nfkbia/Adipoq/Hmgcr/Sufu/Kcnj11/4930550C14Rik"
"GOBP_NEGATIVE_REGULATION_OF_LEUKOCYTE_PROLIFERATION",0.826428945988464,1,0.0333610279666885,-0.228751600606884,-0.762451258253037,23,"Pla2g2d/Btla"
"GOBP_NEGATIVE_REGULATION_OF_CELL_POPULATION_PROLIFERATION",0.826775784282866,1,0.00748487730287275,0.245840023321763,0.808216141769502,108,"Sfrp5/Six5/Scgb1a1/Spn/Gata3/Cyp1b1/Ephb1/Ang/Alox8/Cdkn2c/Gnrh1/Adora1/Ovol2/Tob2/Rbp4/Dhcr24/Sirt2/P3h1/Cdk10/Sox10/Apoh/Tnfrsf9/Pdcd4/Zfp503/Il1b/Ifi204/Ptpn6/Acvr1c/Adipoq/Tnf/Gpnmb/Apln"
"GOBP_NEGATIVE_REGULATION_OF_NERVOUS_SYSTEM_DEVELOPMENT",0.827272727272727,1,0.00984166343268554,0.274291180610568,0.745523415221221,27,"Nr1d1/Epha7/Ldlr/Sirt2/Sox10/Mt3/Il1b/Tnf/Clstn3"
"GOBP_DEVELOPMENTAL_MATURATION",0.827371184771907,1,0.00819120580819498,0.250709542816897,0.784671430196951,68,"Atp6v1b1/Sez6l/Gata3/Zdhhc15/Cntnap2/Adgrb3/Fgf22/Sptbn4/Ang/Ebp/Phospho1/Sirt2/S1pr1/Sox10/Tbx6"
"GOBP_POSITIVE_REGULATION_OF_CANONICAL_NF_KAPPAB_SIGNAL_TRANSDUCTION",0.827890761185357,1,0.00916825951173141,0.262577602373941,0.761174735398605,40,"Tnfsf14/Ddrgk1/Clec4d/Ticam2/S100a4/Tnfsf11/Lgals1/Il1b/Adipoq/Ube2n/Tnf/Cth/Ect2/Ednra/Tbk1/Pim2/Ikbke/Plekhg5/Tnfrsf10b"
"GOBP_VASCULAR_TRANSPORT",0.828785046728972,1,0.0102390328327957,0.281624931996772,0.734802773558996,22,"Slc6a13/Slc6a20a/Slc13a3"
"GOBP_RETINA_DEVELOPMENT_IN_CAMERA_TYPE_EYE",0.830975519744126,1,0.0100009518362198,0.27592381099472,0.733655339939522,24,"Tulp1/Cyp1b1/Rbp4/Impg2/Arsg"
"GOBP_CARDIAC_SEPTUM_DEVELOPMENT",0.831150304759435,1,0.0108007434556332,0.297592398107566,0.716911946635897,15,"Gata3/Adamts19/Fzd2/Nprl3"
"GOBP_B_CELL_RECEPTOR_SIGNALING_PATHWAY",0.831409674490987,1,0.0107960516342523,0.297524236125353,0.716747741704366,15,"Lpxn/Tec/Ifi204/Ptpn6/Nfkbia"
"GOBP_INTRACELLULAR_GLUCOSE_HOMEOSTASIS",0.832398145889241,1,0.00984393393758485,0.273476604372607,0.738248206082542,26,"Brsk2/Gck/Nr1d1"
"GOBP_POSITIVE_REGULATION_OF_TYPE_I_INTERFERON_PRODUCTION",0.833644859813084,1,0.0101495419363613,0.280414092059155,0.731643505882699,22,"Nmbr/Irf5/Ticam2/Kpna2/Rab2b/Tbk1/Stat1/Dhx58/Ikbke"
"GOBP_REGULATION_OF_LEUKOCYTE_DIFFERENTIATION",0.833773377337734,1,0.00815566020297581,0.249923823608629,0.776289491993878,64,"Sash3/Bglap/Rag1/Ddrgk1/Ikzf3/Gata3/Bglap2/Bglap3/Kitl/Tob2/Slc9b2/Mafb/Tnfsf11/Pou4f1/Hlx/Tox"
"GOBP_FERTILIZATION",0.83430303030303,1,0.00971021009071004,0.271922736432203,0.739085984062535,27,"Tmem95/Hoxd9/Sptbn4/Ly6k"
"GOBP_CARDIOCYTE_DIFFERENTIATION",0.836404663407296,1,0.010190813023088,0.284143125196707,0.728996382431314,20,"Vcam1/Pdcd4/Cdk1/Ccnb1/Ednra/Grem1/Sox18/Rgs2/Nox4/Prickle1/G6pdx/Sik1/Tbx18/Bmp7"
"GOBP_INTRACELLULAR_PROTEIN_TRANSPORT",0.839905447512625,1,0.0076257722762259,0.244855322260123,0.781965984817417,81,"Brsk2/Drd1/Ap3b2/Ap3m2/Sec61a2/Timm21/Ranbp17/Cep131/Sprn/Kpna2/Ankle1/Reep2/Ap4m1/Ap1s1/Cep290/Insig1/Mlph/Il1b/Arfip1/Nfkbia/Adipoq/Cdk1/Stxbp2/Ect2/Zic1/Arl5b/Vps28/Kif20b/Irgm2/Timm13/Vps37d/Tert/Rab6b/Sufu"
"GOBP_POSITIVE_REGULATION_OF_PROTEIN_LOCALIZATION",0.841868131868132,1,0.0079733908126132,0.247699961720631,0.771075684214729,65,"Bbc3/Gck/Vil1/Ddrgk1/Ang/Cep131/Rbp4/Vegfc/Snca/Cep290/Wnk3/Mcrs1/Il1b/Ano1/Bicd1/Tnf/Clstn3/Cdk1/Ect2/Nnat/Zic1/Vps28/Cep250/Tnfaip6/Kif20b"
"GOBP_MUSCLE_ORGAN_DEVELOPMENT",0.841892923345328,1,0.00783986150979361,0.245791106454441,0.772124796140843,70,"Hoxd9/Ephb1/Fzd2/Kel/Myl6/P2rx2/Foxc2/Sirt2/Pou4f1/Hlx/S1pr1/Gsc/Igf2/Ass1/Pax3/Homer1/Popdc3/Msc/Uqcc2/Rcan1/Pax5/Ednra/Tcf15/Bcl9"
"GOBP_POSITIVE_REGULATION_OF_CELL_KILLING",0.841919637233909,1,0.0101632928697649,0.283518660167886,0.719042448660421,19,"Il18rap/Cd1d1"
"GOBP_MODIFICATION_DEPENDENT_MACROMOLECULE_CATABOLIC_PROCESS",0.842059431805813,1,0.00780645011997095,0.245303047909479,0.772815270209021,72,"Trim67/Rnf26/Ddrgk1/Trf/Rnf122/Sirt2/Spsb1/Fbxl18/Tbx21/Klhl11/Nedd8/Anapc10/Nop53/Ube2n/Ccnf/Vps28/Pbk/Klhl4/Bag2/Rnf167/Klhdc3/Rpl11/Rybp/Vps37d/Sufu/Rnf43/Xpo1/Ube2l6/Ppp1r11/Stam2/Dtx3l/Ptk2b/Psmb8/Rnf125/Psmb9/Fbxo44/Tnfaip3/Otud7a/Prickle1/Herc6/Fbxo10/Isg15/Cul7"
"GOBP_VIRAL_LIFE_CYCLE",0.842487974046314,1,0.0082622865187889,0.250368243970268,0.762952064382807,56,"Cldn1/Gypa/Ldlr/Spcs1/Furin/Pcx/Kpna2/Ccl5/Vamp8/Cd209b/Lgals1/Tnf/Cxcr6/Cdk1/Vps28/Icam1/Vps37d/Rnasel/Ppia/Dynlt1b/Cd55/Top2a/Mrc1/Ppid/Agtr1a/Mitd1/Oas1g/Ifit1bl1/Isg15/Ifih1"
"GOBP_LEUKOCYTE_MEDIATED_CYTOTOXICITY",0.844783715012723,1,0.0368749192853507,-0.211719430783142,-0.772731770894383,33,"Il23r/Fcgr1/Lag3/Pcyox1l/H2-Eb1"
"GOBP_EPIGENETIC_REGULATION_OF_GENE_EXPRESSION",0.845182642804609,1,0.00968306882591645,0.26910117697382,0.720662863675203,25,"Morc1/Hells/Lmnb2/Sirt2/Hdac11/Igf2/N6amt1/Rif1/Tfap2c"
"GOBP_GLYCEROLIPID_METABOLIC_PROCESS",0.845544554455446,1,0.00791777425533923,0.246912229988246,0.766935167752582,64,"Alox15/Awat2/Tnfaip8l3/Pigz/Tmem86b/Pik3c2g/Ldlr/Gk5/Pnpla3/Dbi/Itpka/Mtmr7/Lipf"
"GOBP_CALCIUM_MEDIATED_SIGNALING",0.846074616617075,1,0.00856883554902321,0.254346140255144,0.752136932698755,46,"Gria1/Grin2a/Fpr2/Plek"
"GOBP_NEGATIVE_REGULATION_OF_MAPK_CASCADE",0.846710050614606,1,0.00938790199284014,0.265279323280677,0.726147850972068,28,"Efna1/Klhl31/Pdcd4/Il1b/Ptpn6/Adipoq/Spry4/Pp2d1/Pbk/Ppia/Rgs2/Prdm15/Pebp1"
"GOBP_CELL_CELL_ADHESION",0.846822879361506,1,0.00658659726374063,0.241139708117638,0.821125387066202,170,"Pcdh11x/Tnfsf14/Celsr3/Sash3/Plek/H2-DMa/Scgb1a1/Spn/Rag1/Pcdhb5/Ccdc88b/Epha7/Col13a1/Astn2/Cldn1/Gata3/Cyp1b1/Slitrk1/Myl9/Chst4/Cd1d1/Slitrk5/Gcnt1/Pcdh10/Vcam1/Kitl/Gnrh1/P2ry12/Pcdh9/Crnn/Nlgn1/Dsc2/Tnfsf11/Ncam2/Pcdhga8/Ccl5/Hlx/Tnfaip8l2/Cercam/Igf2/Cd209b/Tbx21/Ass1/Lgals1/Ntng1/Cd177/Il1b/Itga10/Ptpn6/Itgal/Sele/Adipoq/Coro1a/Cd93/Tnf/Gpnmb"
"GOBP_VACUOLAR_TRANSPORT",0.847713817861192,1,0.0100580213775714,0.28030019258831,0.710879970719878,19,"Vps51/Ap4m1/Vps28/Irgm2/Vps37d/Ubxn6/Stam2/Dtx3l"
"GOBP_CELL_FATE_COMMITMENT",0.847743276001385,1,0.0086777654745857,0.254494003275017,0.743487746507029,42,"Elf5/Sox5/Spn/Gata3/Arx/Foxc2/Pou4f1/Tox/Tbx6/Gsc/Wnt16/Tbx21/Lgals1"
"GOBP_REGULATION_OF_FAT_CELL_DIFFERENTIATION",0.848033074417439,1,0.00996903545208006,0.277946556540534,0.718374471501742,21,"Ffar4/Nr1d1/Atat1/Sirt2/Insig1/Adipoq/Tnf"
"GOBP_NEGATIVE_REGULATION_OF_CYTOKINE_PRODUCTION",0.848722986247544,1,0.0469282432542117,-0.196716516495944,-0.808899453272667,58,"Tnfsf4/Il23r/Chrna7/Lag3/Nfkbil1/C1qtnf3/Xaf1/H2-Eb1/Ephb2/Bst2"
"GOBP_TRIGLYCERIDE_METABOLIC_PROCESS",0.848737435645992,1,0.00961755283659705,0.268091951246933,0.717960120006029,25,"Ldlr/Gk5/Pnpla3/Lipf/Fut1/Apoh/Insig1"
"GOBP_REGULATION_OF_ACTOMYOSIN_STRUCTURE_ORGANIZATION",0.849695240565426,1,0.0104674261490365,0.289989681181171,0.698596698578204,15,"Rhpn1/S1pr1/Arhgef10/Ect2/Asap3/Epha1/Mkks"
"GOBP_ESTABLISHMENT_OF_PROTEIN_LOCALIZATION",0.849762889718495,1,0.00624683478152254,0.242152184700392,0.839246756489692,232,"Brsk2/Krt20/Rab9b/Vgf/Drd1/Bbc3/Plek/Dmbt1/Ap3b2/Adcyap1/Arrdc5/Gck/Nr1d1/Ap3m2/Astn2/Rab34/Sec61a2/Zdhhc15/Spcs1/Timm21/Lin7a/Ranbp17/Ang/Cep131/Rab3il1/Rab27a/Adora1/Sucnr1/Sprn/Unc119/Slc9b2/Nlgn1/Rbp4/Vegfc/Zdhhc14/Kpna2/Ankle1/Vps51/Ccl5/P3h1/Reep2/Ap4m1/Rab37/Vamp8/Ap1s1/Scamp5/Cep290/Insig1/Mlph/Arl8a/Il1b/Rab2b/Zdhhc24/Acvr1c/Ano1/Slc4a8/Arfip1/Nfkbia/Fam3b/Adipoq/Hap1/Uqcc2/Tnf/Sncg/Arl3/Neurl1b/Hmgcr/Clstn3/Cdk1/Kif17/Stxbp2/Ect2/Nnat/Ednra/Zic1/Arl5b/Vps28/Gbp5/Scg2/Kif20b/Selenot/Irgm2/Hacl1/Timm13/Rpl11/Kif18a/Vps37d/Tert/Rab6b/Sufu/Rab3b/Cep55"
"GOBP_NEGATIVE_REGULATION_OF_CELL_DEVELOPMENT",0.84995340167754,1,0.0455557680590726,-0.200592981059428,-0.813657070445297,55,"Tnfsf4/Draxin/Lag3/Tmem178/Loxl3/Wee2/Hoxa7/Fstl4/Mag/Ephb2/Syngap1/Prdm16/Idh2/Prox1/B2m"
"GOBP_RESPONSE_TO_RETINOIC_ACID",0.850579839429081,1,0.0297253427498778,-0.235917941188956,-0.714769138548205,16,"Wnt9a/Col1a1/Ret"
"GOBP_PLATELET_ACTIVATION",0.850943858788919,1,0.00957693975719769,0.267762414253338,0.717077607799424,25,"Plek/Tec/Myl9/P2ry12/Adamts13"
"GOBP_ORGANELLE_MEMBRANE_FUSION",0.851899883283621,1,0.0104280767395372,0.289324969201369,0.696995380928887,15,"Rab34/Snca/Vamp8/Coro1a/Vcpip1/Syt9/Cplx1/Rubcnl"
"GOBP_DICARBOXYLIC_ACID_TRANSPORT",0.85208722741433,1,0.00981215968350381,0.273893502548557,0.714630284703538,22,"Slc7a13/Slc13a3/Slc25a10/Adora1/Snca"
"GOBP_ENZYME_LINKED_RECEPTOR_PROTEIN_SIGNALING_PATHWAY",0.85275130648632,1,0.00648019717542161,0.240030041552018,0.81528327220344,164,"Anks1b/Epgn/Lpxn/Fgr/Dok1/Alkal2/Epha7/Vil1/Gpr21/Gata3/Fgf22/Furin/Ephb1/Nrtn/Hck/Lcp2/Flrt1/Ovol2/Ghr/Efna1/Vegfc/Foxc2/Dock3/Snca/Sulf2/Foxd1/Mt3/Slc27a4/Igf2/Gdf6/Pdcd4/Creb3l1/Il1b/Tmem108/Acvr1c/Ahsg/Adipoq/Hap1/Htra3"
"GOBP_REGULATION_OF_CELL_ADHESION",0.853414483185476,1,0.00659351748723834,0.239666123767045,0.806079720900764,142,"Tnfsf14/Alox15/Sash3/Dmp1/Lpxn/H2-DMa/Scgb1a1/Spn/Rag1/Ccdc88b/Epha7/Gata3/Cyp1b1/Tnfrsf18/Chst4/Cd1d1/Gcnt1/Vcam1/Kitl/Gnrh1/P2ry12/Tnfsf11/Efna1/Foxc2/Ccl5/Hlx/S1pr1/Tnfaip8l2/Fut1/Rras/Igf2/Cd209b/Tbx21/Ass1"
"GOBP_RESPONSE_TO_PEPTIDE",0.854828850855746,1,0.00631949971157326,0.239821028145889,0.82002346555971,180,"Il18rap/Alox15/Camp/Lcn2/Dok1/Bglap/Tmc8/Scgb1a1/Nr1d1/Shpk/Irf5/Cldn1/Gata3/Hells/Bglap2/Bglap3/Ticam2/Tnfrsf18/Ccl7/Hck/Cxcr2/Vcam1/Nme7/Rfx2/Crnn/Ghr/Tnfsf11/Fasn/Vegfc/Ccl5/Adamts13/Pou4f1/Snca/Il1r2/Mt3/Ass1/Il5ra/Il1b/Ifi204/Ptpn6/Msc/Ano1/Serpina3c/Nfkbia/Sele/Adipoq/Coro1a/Tnf/Il18bp/Rif1/Cth/Spry4/Cxcr6/Stxbp2/Nlrc5"
"GOBP_POSITIVE_REGULATION_OF_INFLAMMATORY_RESPONSE",0.854870775347913,1,0.00875339838935753,0.25525825026131,0.733576477062729,38,"Adora2b/Ldlr/Sucnr1/Tnfsf11/Snca/Ddt/Vamp8/Pdcd4/Lgals1/Il1b/Nfkbia/Tnf"
"GOBP_NEGATIVE_REGULATION_OF_MOLECULAR_FUNCTION",0.856508218569525,1,0.00785990226933963,0.244933535458317,0.752712496714202,59,"Tmc8/Gabbr2/Zfp593/Cyp1b1/Gpsm1/Grp/Mt3/Nprl2/Pdcd4/Lrpap1/Serpinb13/Nfkbia/Adipoq/Btaf1/Cep85/Nlrc5"
"GOBP_REGULATION_OF_DNA_METABOLIC_PROCESS",0.856937693327441,1,0.00775965136211574,0.243887704650633,0.754124686314764,62,"Mrnip/Fignl1/Timeless/Rfc4/Stox1/Kpna2/Ankle1/Esco1/Tbx21/Taf5l/Fus/Mcrs1/Tigar/Adipoq/Ube2n/Tnf/Slfn9/Rif1/Ten1/Cdk1/Dnajc2/Jade3/Esco2/Atrip"
"GOBP_LIPOPROTEIN_METABOLIC_PROCESS",0.858254441706653,1,0.0103149637224097,0.28697892494129,0.691343666812254,15,"Zdhhc15/Ldlr/Dbi/Zdhhc14"
"GOBP_CELL_SURFACE_PATTERN_RECOGNITION_RECEPTOR_SIGNALING_PATHWAY",0.86159793814433,1,0.0101587085516326,0.283844784848196,0.692719925040021,16,"Nr1d1/Ticam2/Bpifb1/Nfkbia/Tbk1"
"GOBP_NEGATIVE_REGULATION_OF_CANONICAL_NF_KAPPAB_SIGNAL_TRANSDUCTION",0.865979381443299,1,0.010080877029248,0.282009711118262,0.688241448758265,16,"Tmc8/Nr1d1/Nfkbia/Adipoq/Trim59/Stat1/Irgm2"
"GOBP_EMBRYONIC_SKELETAL_SYSTEM_DEVELOPMENT",0.867855270057682,1,0.0324018254719922,-0.217747825992272,-0.725774610840797,23,"Myf5/Wnt9a/Col1a1/Hoxa7"
"GOBP_POSTSYNAPSE_ASSEMBLY",0.868427835051546,1,0.0100374649788335,0.280681191385863,0.684999211667549,16,"Nlgn1/Nckipsd/Nptx1/Nedd8/C1ql3/Crmp1/Caskin1/Lrfn1"
"GOBP_REGULATION_OF_HYDROLASE_ACTIVITY",0.86908556018632,1,0.00924436278086598,0.261841353011343,0.701220787704327,25,"Adcyap1/Odam/Gpsm1/Adap1/Serpinb13"
"GOBP_NEGATIVE_REGULATION_OF_SIGNALING",0.86945564516129,1,0.00576243361097913,0.237968584214536,0.827259432842087,247,"Fbp1/Trim67/Gria1/Ffar4/Drd1/Plek/Sfrp5/Lpxn/Rtkn2/Tmc8/Rita1/Nr1d1/Epha7/Ddrgk1/Gpr21/Fignl1/Gata3/Hells/Ldlr/Prkar2b/Mrap/Ticam2/Adora1/Ovol2/Nprl3/Efna1/Bpifb1/Ccl5/Sirt2/Snca/Sulf2/Il1r2/Sox10/Nprl2/Klhl31/Slc27a4/Gsc/Wnt16/Traf3ip1/Pdcd4/Lrpap1/Insig1/Creb3l1/Tcim/Il1b/Ptpn6/Acvr1c/Hic1/Ahsg/Nfkbia/Nop53/Adipoq/Trim59/Bicd1/Htra3/Ube2n/Tnf/Apln/Rcan1/Cth/Trp63/Spry4/Pp2d1/Brms1l/Nlrc5/Tbk1/Egfl7/Cd300lf/Grem1/Icam1/Pbk/Tnfaip6/Scg2/Stat1/Irgm2/Rnf167/Rbpms2/Dhx58/Tert/Amer2/Sufu/Brms1/Thbs1/Smpdl3b/Ppia/Kcnj11/Gtf2h2/Ptgs2/Rnf43/Fgg/Eya4/Penk/Endog"
"GOBP_LEUKOCYTE_PROLIFERATION",0.870946751979178,1,0.0071453828132887,0.237700899466894,0.752404080445147,75,"Tnfsf14/Sash3/Nmbr/Scgb1a1/Spn/Ccdc88b/Ikzf3/Hells/Cd1d1/Vcam1/Kitl/Gnrh1/Tnfsf11/Ccl5/Igf2/Cd209b/Tnfrsf9/Il5ra/Il1b/Ifi204/Ptpn6"
"GOBP_CYTOKINE_PRODUCTION_INVOLVED_IN_IMMUNE_RESPONSE",0.871155033971587,1,0.00932954174346299,0.263659002807445,0.695136291622551,23,"Sash3/Irf5/Gata3"
"GOBP_NEURON_APOPTOTIC_PROCESS",0.872679945676777,1,0.00786212875049076,0.243268518331878,0.731429473900822,51,"Fpr2/Bbc3/Lcn2/Epha7/Gata3/Arsg/Pou4f1/Snca/Mt3/Casp7/Coro1a/Tnf/Nrbp2/Trp63"
"GOBP_EYE_MORPHOGENESIS",0.873626373626374,1,0.00874449797365854,0.254139709250817,0.704743909579329,30,"Tulp1/Ephb1/Rbp4/Impg2/Aldh1a3/Rab37/Wnt16/Cep290"
"GOBP_PROTEOGLYCAN_METABOLIC_PROCESS",0.873841142570784,1,0.00950258151143432,0.268343896767164,0.693555651202021,21,"Hs3st6/Sulf2/Chpf2/Gusb/Chst12/Ndst2/Ednra"
"GOBP_REGULATION_OF_CALCIUM_ION_TRANSPORT",0.873932873348146,1,0.00839110690325181,0.248942992166737,0.715427309386402,38,"Drd1/Stc1/P2rx2/Ccl5/Snca/Wnk3/Trdn/Homer1/Ptpn6/Jph4/Hap1/Coro1a"
"GOBP_REGULATION_OF_DNA_REPLICATION",0.87514103046258,1,0.0094890751656138,0.268775447675228,0.689569134941958,20,"Timeless/Esco1/Mcrs1/Slfn9/Cdk1/Jade3/Esco2/Endog/Cdkn1a/Dach1/Cdt1/Bcl6/Senp2"
"GOBP_CELL_MORPHOGENESIS_INVOLVED_IN_NEURON_DIFFERENTIATION",0.875557443193884,1,0.00665570008149069,0.235529029192692,0.762767650212127,93,"Brsk2/Celsr3/Epha7/Gata3/Zdhhc15/Adgrb3/Arx/Slitrk1/Ephb1/Sptbn4/Slitrk5/Kel/Itpka/Nlgn1/Efna1/Pou4f1/Foxd1/Sema5b/Mt3"
"GOBP_POSITIVE_REGULATION_OF_INTRACELLULAR_TRANSPORT",0.876306839652349,1,0.00954312495436774,0.268924007787891,0.68202839611642,19,"Cep131/Cep290/Il1b/Cdk1/Ect2/Zic1/Kif20b"
"GOBP_INTRACELLULAR_TRANSPORT",0.879273175238682,1,0.00590731179882457,0.234327010974,0.792633035489508,153,"Brsk2/Rab9b/Nxf7/Sarnp/Drd1/Ap3b2/Rita1/Ccdc88b/Ap3m2/Sec61a2/Ldlr/Timm21/Hps1/Cpt1b/Ranbp17/Cep131/Lmnb2/Nme7/Sprn/Kpna2/Ankle1/Vps51/Reep2/Ap4m1/Ap1s1/Traf3ip1/Cep290/Insig1/Mlph/Arl8a/Il1b/Tmem108/Arfip1/Nfkbia/Adipoq/Bicd1/Hap1/Coro1a/Arl3/Borcs8/Cdk1/Kif17/Stxbp2/Ect2/Zic1/Arl5b/Osbpl2/Gramd1c/Vps28/Kif20b/Irgm2/Timm13/Vps37d/Tert/Rab6b/Sufu/Ubxn6"
"GOBP_IMMUNOGLOBULIN_PRODUCTION",0.881093336692279,1,0.00945757582590367,0.266895008679032,0.676882574368037,19,"Sash3/Galnt2"
"GOBP_CANONICAL_NF_KAPPAB_SIGNAL_TRANSDUCTION",0.882760935227654,1,0.00746023738106688,0.239319515291081,0.729283056600845,56,"Tnfsf14/Tmc8/Nr1d1/Ddrgk1/Clec4d/Ticam2/S100a4/Tnfsf11/Lgals1/Il1b/Nfkbia/Adipoq/Trim59/Ube2n/Tnf/Cth/Ect2/Ednra/Tbk1/Pim2/Stat1/Irgm2/Ikbke/Plekhg5/Tnfrsf10b"
"GOBP_NEURON_DEVELOPMENT",0.882764920828258,1,0.00558637681103324,0.233518871192947,0.802651111855048,197,"Trim67/Brsk2/Drd1/Celsr3/Tulp1/Alkal2/Adcyap1/Hoxd9/Epha7/Gata3/Zdhhc15/Cntnap2/Adgrb3/Arx/Slitrk1/Atat1/Ephb1/Sptbn4/Fzd2/Slitrk5/Nrtn/Sgk1/Kel/Itpka/Stmn4/Flrt1/Nlgn1/Ncam2/Efna1/P3h1/Gprin2/Pou4f1/Foxd1/Tox/Nckipsd/Sema5b/Tbx6/Mt3/Rab37"
"GOBP_PROTEIN_TARGETING",0.883076923076923,1,0.00777748273224883,0.240427162985909,0.716652581746627,48,"Sec61a2/Zdhhc15/Spcs1/Timm21/Adora1/Nlgn1/Zdhhc14/Vps51/Ap4m1/Zdhhc24/Hap1/Gbp5/Irgm2/Hacl1/Timm13/Rpl11/Vps37d"
"GOBP_RESPONSE_TO_MOLECULE_OF_BACTERIAL_ORIGIN",0.883313634898463,1,0.00671312239670481,0.233078006570242,0.744354140496714,81,"Camp/Lcn2/Scgb1a1/Nr1d1/Shpk/Irf5/Cldn1/Mpo/Ticam2/Hck/Vcam1/Gnrh1/C4b/Adamts13/Snca/Ppbp/Casp7/Ass1/Pdcd4/Il1b/Ptpn6/Nfkbia/Sele/Tnf/Il18bp"
"GOBP_REGULATION_OF_EPITHELIAL_CELL_DIFFERENTIATION",0.883672468742339,1,0.00897839972615392,0.25674544089534,0.68757374736116,25,"Gata3/Alox8/Ovol2/Il1b/Tnf/Trp63/Stat1/Maff"
"GOBP_MESENCHYME_DEVELOPMENT",0.883984725965858,1,0.00750502807588918,0.239408080076307,0.725656011658852,54,"Gata3/Nrtn/S100a4/Kitl/Ovol2/Efna1/Foxc2/Foxd1/Sema5b/Sox10/Gsc/Wnt16/Pdcd4/Hnrnpab/Il1b/Ednra/Tcf15/Sema4g/Grem1/Stat1"
"GOBP_GENERATION_OF_NEURONS",0.884215834594049,1,0.00541262753470066,0.234905199376313,0.816156511214939,245,"Trim67/Brsk2/Drd1/Celsr3/Tulp1/Alkal2/Sox5/Adcyap1/Hoxd9/Epha7/Astn2/Gata3/Zdhhc15/Cntnap2/Adgrb3/Arx/Slitrk1/Atat1/Ephb1/Sptbn4/Vxn/Fzd2/Slitrk5/Nrtn/Sgk1/Kel/Vcam1/Gnrh1/Itpka/Aspm/Stmn4/Flrt1/Nlgn1/Ncam2/Efna1/Vegfc/P3h1/Gprin2/Igsf10/Pou4f1/S1pr1/Foxd1/Tox/Nckipsd/Sema5b/Sox10/Tbx6/Nepro/Mt3/Rab37"
"GOBP_LOCALIZATION_WITHIN_MEMBRANE",0.884273632373408,1,0.00662347937056621,0.233355250448168,0.74897588547344,85,"Grin2a/Slc4a1/Vil1/Rab34/Sec61a2/Zdhhc15/Mrap/Sptbn4/Lmnb2/Adora1/Nme7/Nlgn1/Zdhhc14/Vps51/Reep2/Ypel4/Ap4m1/Grin2c/Vamp8/Nptx1/Wnk3/Cacng4/Tmem108/Zdhhc24/Ano1/Itgal/Adipoq/C1ql3/Tnf/Arl3"
"GOBP_REGULATION_OF_IMMUNOGLOBULIN_PRODUCTION",0.885309278350515,1,0.00973963431000709,0.272612131329485,0.665306763626317,16,"Sash3/Galnt2"
"GOBP_NEGATIVE_REGULATION_OF_CELLULAR_RESPONSE_TO_GROWTH_FACTOR_STIMULUS",0.885732087227414,1,0.00920406047899624,0.260647850306069,0.680070340254126,22,"Gata3/Sulf2/Creb3l1/Htra3/Apln/Spry4/Grem1/Tnfaip6/Rbpms2/Thbs1"
"GOBP_NERVE_DEVELOPMENT",0.885856697819315,1,0.00920182228571271,0.260535031513398,0.679775978667683,22,"Ephb1/Nrtn/Vcam1/Mafb/Pou4f1/Sulf2/Nptx1"
"GOBP_CELLULAR_SENESCENCE",0.885963802050373,1,0.00944633123099855,0.267347993362643,0.669687132778446,18,"Ndufs6/Wnt16/Mapk10/Trp63/Arg2/Tert/Cdkn1a/Mnt/H2-Q7/Bcl6/Ybx1"
"GOBP_ALCOHOL_BIOSYNTHETIC_PROCESS",0.887004300047778,1,0.0084955098270651,0.248923618409815,0.69027939215761,30,"Plek/Dhcr7/Ebp/Itpka/Dhcr24/Snca/Insig1/Fdps/Mvd/Hmgcr/Sptlc1/Hmgcs1"
"GOBP_REGULATION_OF_ESTABLISHMENT_OF_PROTEIN_LOCALIZATION",0.887289137208553,1,0.00662808521827922,0.232105516188667,0.741248410991083,81,"Brsk2/Krt20/Bbc3/Gck/Nr1d1/Ang/Cep131/Slc9b2/Rbp4/Vegfc/Ccl5/P3h1/Cep290/Insig1/Il1b/Acvr1c/Ano1/Arfip1/Nfkbia/Adipoq/Uqcc2/Tnf/Hmgcr/Cdk1/Ect2/Nnat/Zic1"
"GOBP_NEGATIVE_REGULATION_OF_RESPONSE_TO_STIMULUS",0.887349397590361,1,0.00523345898848292,0.236675662543919,0.827666491836901,290,"Fbp1/Trim67/Alox15/Ffar4/Drd1/Fpr2/Plek/Sfrp5/Lpxn/Fgr/Rtkn2/Tmc8/Spn/Rnf26/Rita1/Nr1d1/Epha7/Ddrgk1/Hc/Gpr21/Fignl1/Gata3/Hells/Ldlr/Cntnap2/Prkar2b/Mrap/Ticam2/Furin/Hck/Cst7/Adora1/Ggt7/Ovol2/Nprl3/Efna1/Bpifb1/Ccl5/Sirt2/Hlx/Snca/Sulf2/Il1r2/Tnfaip8l2/Sox10/Ddt/Nprl2/Apoh/Klhl31/Slc27a4/Gsc/Wnt16/Traf3ip1/Tbx21/Pdcd4/Lrpap1/Insig1/Creb3l1/Lgals1/Tcim/Il1b/Ptpn6/Hic1/Ahsg/Nfkbia/Nop53/Adipoq/Trim59/Bicd1/Htra3/Ube2n/Tnf/Apln/Rif1/Rcan1/Cth/Trp63/Spry4/Pp2d1/Brms1l/Nlrc5/Samsn1/Tbk1/Egfl7/Cd300lf/Grem1/Arg2/Icam1/Pbk/Tnfaip6/Scg2/Stat1"
"GOBP_POSITIVE_REGULATION_OF_PROTEIN_CATABOLIC_PROCESS",0.887362637362637,1,0.00848884491462217,0.2487984701488,0.689932348891508,30,"Ddrgk1/Ldlr/Furin/Trf/Sirt2/Il1b/Nop53/Tnf/Vps28/Bag2"
"GOBP_RECEPTOR_INTERNALIZATION",0.889056036103798,1,0.00923988334199123,0.263180957662782,0.675215935378189,20,"Gria1/Cxcr2/Ghr/Snca/Lrpap1/Sele/Apln"
"GOBP_NEGATIVE_REGULATION_OF_GENE_EXPRESSION_EPIGENETIC",0.890267054803189,1,0.00936993780819602,0.26524341912656,0.664415328535017,18,"Morc1/Hells/Lmnb2/Sirt2/N6amt1/Rif1/Tfap2c"
"GOBP_REGULATION_OF_PROTEIN_TRANSPORT",0.891477087188418,1,0.00678413080115622,0.232030891757297,0.731001990551812,72,"Brsk2/Krt20/Gck/Nr1d1/Ang/Cep131/Slc9b2/Rbp4/Vegfc/Ccl5/P3h1/Cep290/Insig1/Il1b/Acvr1c/Ano1/Arfip1/Nfkbia/Adipoq/Uqcc2/Tnf/Hmgcr/Cdk1/Ect2/Nnat/Zic1/Vps28"
"GOBP_INTRACELLULAR_RECEPTOR_SIGNALING_PATHWAY",0.89206805125939,1,0.00704585989558934,0.234278234917048,0.724411264070408,62,"Alox15/Nr1d1/Ddrgk1/Irf5/Esrrg/Ccdc62/Atat1/Alox8/Sirt2/Pgrmc2"
"GOBP_IMMUNE_SYSTEM_DEVELOPMENT",0.89216882166382,1,0.00874449797365854,0.251299963309179,0.678382516585733,26,"Ccnb2/Rag1/Gata3/Mafb/Tox/Tbx21"
"GOBP_MACROMOLECULE_CATABOLIC_PROCESS",0.892216788916055,1,0.00543512044317041,0.230456655609563,0.788003732847367,180,"Trim67/Brsk2/Fen1/Chia1/Grin2a/Dnd1/Saysd1/Scgb1a1/Rnf26/Nr1d1/Ddrgk1/Mgam/Psme2/Ldlr/Ccdc115/Furin/Tent5c/Ang/Cst7/Trf/Exosc2/Rnf122/Rnaseh2c/Efna1/Sirt2/Adamts13/Snca/Grin2c/Spsb1/Fbxl18/Casp7/Tbx21/Calr3/Gusb/Lsm7/Fus/Hmmr/Hnrnpab/Il1b/Klhl11/Nedd8/Anapc10/Cela1/Nop53/Ube2n/Tnf/Slfn9/Clgn/Hmgcr/Slfn8/Ccnf/Vps28/Pbk/Klhl4/Rnase2b/Bag2/Rnf167/Klhdc3/Rpl11/Rybp/Vps37d/Ints8/Ikbke/Sufu/Rnasel/Ubxn6/Rnf43/Xpo1/Endog/Tiparp/Ube2l6/Cma1/Slc11a1/Ppp1r11/Stam2/Dtx3l/Ptk2b/Elavl1/Psmb8"
"GOBP_REGULATION_OF_RESPONSE_TO_STRESS",0.893022786852188,1,0.00518496262263362,0.232827987286899,0.809229188224543,246,"Il18rap/Alox15/Ffar4/Fpr2/Bbc3/Fgr/Scgb1a1/Adora2b/Spn/Rag1/Rnf26/Nr1d1/Vil1/Ddrgk1/Mrnip/Fignl1/Shpk/Irf5/Cldn1/Gata3/Ldlr/Ticam2/Furin/Atat1/Timeless/Cd1d1/Hck/Cst7/Adora1/Ggt7/Sucnr1/Stox1/Tnfsf11/Bpifb1/Foxc2/Klk7/Ccl5/Sirt2/Snca/Tnfaip8l2/Grp/Ddt/Apoh/Vamp8/Traf3ip1/Taf5l/Pdcd4/Insig1/Fus/Klk1/Creb3l1/Mcrs1/Lgals1/Il1b/Ifi204/Ptpn6/Tigar/Hic1/Ahsg/Nfkbia/Sele/Nop53/Adipoq"
"GOBP_REGULATION_OF_MRNA_CATABOLIC_PROCESS",0.893550078657577,1,0.0318385404491794,-0.210125914550473,-0.70037004119549,23,"Elavl4/Zc3h12d"
"GOBP_SKELETAL_MUSCLE_CELL_DIFFERENTIATION",0.893626776707932,1,0.0293268456891866,-0.223362921236461,-0.684887713431683,17,"Myf5/Ankrd1/Sox8"
"GOBP_REGULATION_OF_G_PROTEIN_COUPLED_RECEPTOR_SIGNALING_PATHWAY",0.893969110075999,1,0.0087912330323262,0.25237390505104,0.675866613354389,25,"Plek/Adcyap1/Mrap/Ccl5/Snca/Grp"
"GOBP_GRANULOCYTE_CHEMOTAXIS",0.894287239722371,1,0.032169128942943,-0.209787179413568,-0.707684615467482,24,"Csf3r/Cxcl17"
"GOBP_ERBB_SIGNALING_PATHWAY",0.895198696251724,1,0.00913024404119478,0.260469935771756,0.668260549250575,20,"Epgn/Vil1"
"GOBP_REGULATION_OF_MICROTUBULE_POLYMERIZATION",0.895618556701031,1,0.00955890191403744,0.267390359002778,0.652563088463615,16,"Slain1/Nme7/Snca/Haus5"
"GOBP_PROTEIN_PROCESSING",0.896108408617095,1,0.00780422222585035,0.238165586682834,0.693024936111778,41,"Pcsk1n/Spcs1/Furin/Kel/Mafb/Dhcr24/Adamts13/Il1r2/Apoh/Casp7/Klk1/Hp/Ace/Bag2/Thbs1/Cpa3/Vsir/Fgg/Cma1"
"GOBP_REGULATION_OF_LIPID_LOCALIZATION",0.896543240250953,1,0.00880236339841434,0.252009919648859,0.670070562600533,24,"Furin/Dbi/Tnfsf11/Il1b/Nfkbia/Adipoq/Tnf/Clstn3/Ikbke/Thbs1/Lpl/Nkx3-1/Agtr1a"
"GOBP_PLACENTA_DEVELOPMENT",0.898145889241278,1,0.00863551857762613,0.248807532205499,0.671654216023065,26,"Elf5/Stc1/Ang/Ovol2"
"GOBP_NEURON_PROJECTION_GUIDANCE",0.898337068050478,1,0.00807121810946047,0.242237077123334,0.68931294164491,36,"Celsr3/Epha7/Gata3/Arx/Ephb1/Efna1/Foxd1/Sema5b"
"GOBP_REGULATION_OF_VIRAL_GENOME_REPLICATION",0.89873417721519,1,0.00938116466367013,0.262973225497358,0.650147142651458,17,"Ccl5/Tnf/Rnasel/Ppia/Top2a/Ppid/Oas1g/Ifit1bl1/Isg15/Ifih1/Ifitm1"
"GOBP_BIOLOGICAL_PROCESS_INVOLVED_IN_INTERSPECIES_INTERACTION_BETWEEN_ORGANISMS",0.900290901795566,1,0.00487789256384293,0.235228380970188,0.825380795989119,322,"Il18rap/Vgf/Wfdc12/Camp/Fpr2/Nmbr/Lcn2/Dmbt1/Fgr/Gsdmc2/Scgb1a1/Spn/Rnf26/Ccdc88b/Nr1d1/Vil1/Hc/Clec4d/Ikzf3/Car5b/Shpk/Irf5/Cldn1/Mpo/2610528A11Rik/Gypa/Gata3/Pik3c2g/Ldlr/Ticam2/Furin/Car3/Ccl7/Atat1/Pcx/Ang/Cd1d1/Hck/Vcam1/Gnrh1/Rab27a/Trf/B3galt5/C4b/Fasn/Bpifb1/Kpna2/Klk7/Ccl5/Sirt2/Adamts13/Snca/Tnfaip8l2/Ppbp/Rnase1/Vamp8/Pstpip1/Ap1s1/Cd209b/Cxcl14/Casp7/Traf3ip1/Tbx21/Ass1/Pdcd4/Stab1/Klk1/Trdn/Lgals1/Cd177/Il1b/Rab2b/Gzmm/Ifi204/Ptpn6/Nfkbia/Sele/Nop53/Adipoq/Trim59/Hp/Coro1a/C1qa/Ube2n/Tnf/Il18bp/Slfn9"
"GOBP_PROTEIN_LOCALIZATION_TO_ORGANELLE",0.901398239254272,1,0.00557158822004881,0.227230946387811,0.75954991307234,132,"Drd1/Bbc3/Tulp1/Tonsl/Knl1/Ddrgk1/Mrnip/Sec61a2/Zdhhc15/Spcs1/Timm21/Dclk3/Ranbp17/Cep131/Lmnb2/Sprn/Kpna2/Ap4m1/Insig1/Nptx1/Mcrs1/Tmem108/Nfkbia/Nop53/C1ql3/Bicd1/Arl3/Neurl1b/Cdk1/Ect2/Vcpip1/Zic1/Arl5b/Vps28/Gbp5/Cep250/Esco2/Kif20b/Irgm2/Hacl1/Timm13/Rpl11/Vps37d/Ints8/Tert/Cngb1/Rab6b/Sufu/Paf1/Xpo1/Snupn/4930550C14Rik/Cdkn1a/Ccdc39/Stam2/Dtx3l/Elavl1"
"GOBP_REGULATION_OF_CELL_KILLING",0.901955960142699,1,0.00870445428075789,0.249152477125283,0.662472892945152,24,"Il18rap"
"GOBP_INNATE_IMMUNE_RESPONSE_ACTIVATING_CELL_SURFACE_RECEPTOR_SIGNALING_PATHWAY",0.902697864723181,1,0.00931159807873778,0.261161475182407,0.645667963114322,17,"Nr1d1/Ticam2/Bpifb1/Nfkbia/Tbk1"
"GOBP_POSITIVE_REGULATION_OF_ENDOTHELIAL_CELL_PROLIFERATION",0.904822174408303,1,0.00911236234837602,0.25716399832524,0.64417697146754,18,"Ang/Igf2/Apln/Vash2/Egfl7/Scg2"
"GOBP_ISOPRENOID_METABOLIC_PROCESS",0.905342766528422,1,0.00850439662164783,0.245533534476952,0.662816081750618,26,"Awat2/Cyp1b1/Ldlr/Rbp4/Cyp2w1/Aldh1a3/Fdps/Mvd/Cyp3a13/Hmgcr/Hmgcs1/Rdh11/Aldh1a7"
"GOBP_GLYCOSAMINOGLYCAN_METABOLIC_PROCESS",0.905547913801009,1,0.0290860458768323,-0.219876730549687,-0.674198163192842,17,"Chst3/Cytl1/Lyg1/B3gat3"
"GOBP_STEROID_METABOLIC_PROCESS",0.906374944469125,1,0.00685037282399726,0.22965835585659,0.705769890205627,59,"Cyp17a1/Bglap/Nr1d1/Cyp1b1/Ldlr/Bglap2/Bglap3/Dhcr7"
"GOBP_VIRAL_PROCESS",0.906701708278581,1,0.00657736678924891,0.227845406921579,0.711977230044263,67,"Cldn1/Gypa/Ldlr/Spcs1/Furin/Pcx/Kpna2/Ccl5/Vamp8/Cd209b/Lgals1/Bicd1/Tnf/Cxcr6/Cdk1/Vps28/Icam1/Stat1/Vps37d/Rnasel/Ppia/St6gal1/Dynlt1b/Cd55/Top2a/Mrc1/Ppid/Agtr1a/Mitd1/Oas1g/Ifit1bl1/Isg15/Ifih1"
"GOBP_REGULATION_OF_IMMUNE_EFFECTOR_PROCESS",0.906836964688204,1,0.0061832917059938,0.22724350071844,0.727862326901657,84,"Il18rap/Sash3/Galnt2/Fgr/Adora2b/Spn/Ddrgk1/Irf5/Gata3/Cd1d1/Rbp4/Klk7/Hlx/Vamp8/Tbx21/Klk1/Lgals1/Cd177/Il1b/Ptpn6"
"GOBP_NEGATIVE_REGULATION_OF_RESPONSE_TO_BIOTIC_STIMULUS",0.906873614190687,1,0.0326265664694886,-0.206062700627538,-0.710243735273447,26,"Slamf8/A2m/Nfkbil1"
"GOBP_POSITIVE_REGULATION_OF_LIPID_LOCALIZATION",0.907225691347012,1,0.0285554492181889,-0.218739962382607,-0.662724393449403,16,"Vstm2a/Plin5"
"GOBP_CALCIUM_ION_TRANSPORT",0.907520212648134,1,0.00677498017090558,0.229603187079333,0.706855726234385,60,"Panx3/Grin2a/Drd1/Stc1/Cacna1e/Gck/P2rx2/Ccl5/Snca/Grin2c/Wnk3/Trdn/Homer1/Cacng4/Ptpn6/Jph4/Hap1/Coro1a"
"GOBP_CELL_PROJECTION_MORPHOGENESIS",0.907576233888714,1,0.005674722088136,0.225705600096693,0.743654528356829,111,"Brsk2/Celsr3/Epha7/Vil1/Gata3/Zdhhc15/Cntnap2/Adgrb3/Arx/Slitrk1/Ephb1/Sptbn4/Slitrk5/Sgk1/Kel/Itpka/Flrt1/Nlgn1/Efna1/Pou4f1/Foxd1/Sema5b/Mt3"
"GOBP_APOPTOTIC_SIGNALING_PATHWAY",0.910187242145351,1,0.00581332097685089,0.224961276463871,0.732315725153596,99,"Brsk2/Tnfsf14/Bbc3/Lcn2/Rtkn2/Tmc8/Spn/Fignl1/Hells/Cyp1b1"
"GOBP_ENERGY_RESERVE_METABOLIC_PROCESS",0.910647127480223,1,0.00939688652812438,0.263463157321449,0.634693245470229,15,"Gck/Nr1d1/Mt3/Igf2"
"GOBP_EMBRYONIC_MORPHOGENESIS",0.91304347826087,1,0.0057478574170118,0.224124480321295,0.729591705341881,99,"Atp6v1b1/Elf5/Hoxd9/Myo3b/Gata3/Fzd2/Ovol2/Stox1/Mafb/Rbp4/Efna1/Vegfc/Foxc2/Hlx/Rpl38/Tbx6/Aldh1a3/Gsc/Wnt16/Igf2/Traf3ip1/Cep290/Insig1"
"GOBP_REGULATION_OF_RECEPTOR_MEDIATED_ENDOCYTOSIS",0.913182457486255,1,0.00912800855598613,0.25572263330383,0.632221546658796,17,"Trf/Unc119/Lrpap1/Sele/Adipoq/Bicd1/Apln/Grem1"
"GOBP_DNA_REPLICATION",0.913422428820453,1,0.00752964594756055,0.231668282285503,0.671573058305972,40,"Fen1/Tonsl/Timeless/Rfc4/Donson/Eme1/Esco1/Gen1/Mcrs1/Slfn9/Cdk1/Dnajc2/Jade3/Esco2/Polrmt/Endog/Prim1/Cdkn1a/Rad51/Dach1/Slx4/Cdt1/Bcl6/Nynrin/Senp2"
"GOBP_REGULATION_OF_HUMORAL_IMMUNE_RESPONSE",0.914011348756002,1,0.0280370982464314,-0.220125763750721,-0.654210073412475,15,"Klk1b1/A2m/Cd37/Klk1b11"
"GOBP_POSITIVE_REGULATION_OF_CALCIUM_ION_TRANSMEMBRANE_TRANSPORT",0.915575152379717,1,0.00931159807873778,0.260577878498827,0.627742493802957,15,"Drd1/P2rx2/Snca"
"GOBP_REGULATION_OF_ADAPTIVE_IMMUNE_RESPONSE",0.915746658919233,1,0.00748487730287275,0.230849493762537,0.669199508042424,40,"Alox15/Sash3/Spn/Gata3/Cd1d1/Hlx/Tbx21/Lgals1/Il1b/Ptpn6/Tnf/Rif1"
"GOBP_POSITIVE_REGULATION_OF_DEFENSE_RESPONSE",0.915986608077004,1,0.00544260766393827,0.22280875430307,0.735649858633707,114,"Il18rap/Fpr2/Adora2b/Nr1d1/Irf5/Ldlr/Ticam2/Atat1/Cd1d1/Hck/Sucnr1/Tnfsf11/Bpifb1/Klk7/Ccl5/Sirt2/Snca/Grp/Ddt/Vamp8/Pdcd4/Klk1/Lgals1/Il1b/Ifi204/Nfkbia/Nop53"
"GOBP_REGULATION_OF_CELL_MATRIX_ADHESION",0.916230366492147,1,0.0295530884280843,-0.214268933561065,-0.66605292355078,18,"Myf5/Hoxa7"
"GOBP_DEFENSE_RESPONSE_TO_OTHER_ORGANISM",0.916481742989712,1,0.00457825324540814,0.226900481789355,0.786547689297843,234,"Il18rap/Vgf/Wfdc12/Camp/Fpr2/Nmbr/Lcn2/Dmbt1/Fgr/Gsdmc2/Spn/Rnf26/Ccdc88b/Nr1d1/Hc/Clec4d/Irf5/Cldn1/Mpo/2610528A11Rik/Gata3/Ticam2/Ccl7/Atat1/Ang/Cd1d1/Hck/Rab27a/Trf/C4b/Bpifb1/Klk7/Ccl5/Sirt2/Adamts13/Snca/Tnfaip8l2/Ppbp/Rnase1/Vamp8/Pstpip1/Cd209b/Cxcl14/Casp7/Traf3ip1/Ass1/Stab1/Klk1/Cd177/Il1b/Rab2b/Gzmm/Ifi204/Ptpn6/Nfkbia/Nop53/Trim59/Hp/Coro1a/C1qa/Ube2n/Tnf/Slfn9"
"GOBP_LYMPHOCYTE_MEDIATED_IMMUNITY",0.916751269035533,1,0.00692782174490779,0.228124384642329,0.689173956484747,53,"Il18rap/Sash3/Spn/Hc/Gata3/Cd1d1/Rab27a/C4b/Tbx21/Il1b/Gzmm/Ptpn6/Coro1a/C1qa/Tnf/Rif1"
"GOBP_VIRAL_GENOME_REPLICATION",0.917383177570093,1,0.00863774180116519,0.246156882517442,0.642261175961954,22,"Ccl5/Cd209b/Tnf/Cxcr6/Rnasel/Ppia/Top2a/Ppid/Oas1g/Ifit1bl1/Isg15/Ifih1/Ifitm1"
"GOBP_REGULATION_OF_ANATOMICAL_STRUCTURE_MORPHOGENESIS",0.917975567190227,1,0.0049648538744374,0.222755616454597,0.753491711044505,153,"Brsk2/Camp/Lcn2/Fgr/Epha7/Cdc42ep5/Vil1/Gata3/Zdhhc15/Cyp1b1/Adgrb3/Slitrk1/Ccl7/Hck/Kel/Itpka/Stox1/Nlgn1/Efna1/Vegfc/Foxc2/Thbs2/Ypel4/Mt3/Fut1/Apoh/Rras/Stab1/Klk1/Creb3l1/Cfdp1/Ntng1/Il1b/Ptpn6/Eef2k/Cela1/Coro1a/Tnf/Gpnmb"
"GOBP_NEGATIVE_REGULATION_OF_DEVELOPMENTAL_GROWTH",0.918376254910519,1,0.0279526822391721,-0.218523730400613,-0.649448857198048,15,"Draxin/Fstl4/Mag"
"GOBP_REGULATION_OF_EXTRINSIC_APOPTOTIC_SIGNALING_PATHWAY",0.920037740299564,1,0.00766149991272501,0.233352075463516,0.66252830915236,35,"Tnfsf14/Tmc8/Tnfsf11/Il1b/Tnf/Icam1/Tnfrsf12a/Scg2/Tert/Thbs1/Fgg/Eya4/Bmp5"
"GOBP_POSITIVE_REGULATION_OF_ESTABLISHMENT_OF_PROTEIN_LOCALIZATION",0.920410783055199,1,0.00746919880100219,0.230793334773445,0.66590879644118,39,"Bbc3/Gck/Ang/Cep131/Rbp4/Vegfc/Cep290/Il1b/Ano1/Tnf/Cdk1/Ect2/Nnat/Zic1/Vps28/Kif20b"
"GOBP_REGULATION_OF_CELL_SIZE",0.920691345918117,1,0.00830670771623662,0.240862020178819,0.645037361652077,25,"Plek/Epha7/Kel/Mt3/Sctr/Wnk3"
"GOBP_NEGATIVE_REGULATION_OF_LOCOMOTION",0.921052631578947,1,0.0476567854784662,-0.183630719313853,-0.76680709635136,64,"Angpt4/Slamf8/Col3a1/Hoxa7/Cdh11"
"GOBP_REGULATION_OF_MYELOID_CELL_DIFFERENTIATION",0.921776864222907,1,0.00705265548386792,0.22751244723055,0.675027359284877,47,"Bglap/Bglap2/Bglap3/Kitl/Tob2/Slc9b2/Mafb/Tnfsf11/Ypel4/Pou4f1"
"GOBP_RNA_MODIFICATION",0.922059395668525,1,0.00919958417775694,0.256579483531017,0.61811020098224,15,"Rpusd4/Mrm1/Hnrnpab/Qtrt1/Rpusd1/Nhp2"
"GOBP_FATTY_ACID_CATABOLIC_PROCESS",0.922809278350516,1,0.00908554903367474,0.252380094127346,0.615930710085054,16,"Cpt1b/Cyp4f18/Echdc1/Slc27a4/Adipoq/Acot8/Mfsd2a/Hacl1"
"GOBP_IN_UTERO_EMBRYONIC_DEVELOPMENT",0.923348406308592,1,0.00636388880323867,0.222898223676855,0.690456766457189,63,"Elf5/Slc34a2/Ccnb2/Gata3/Furin/Ccdc62/Tent5c/Ovol2/Mafb/Hs3st6/Sox10/Igf2/Phf6"
"GOBP_MITOCHONDRIAL_TRANSPORT",0.923439958049292,1,0.0312111137126829,-0.202078097083812,-0.673545885485247,23,"Ucp3/Slc25a20/Ucp2"
"GOBP_REGULATION_OF_VESICLE_MEDIATED_TRANSPORT",0.923681137883452,1,0.00557405429238099,0.22024276977641,0.712926627711236,92,"Alox15/Fpr2/Fgr/Tulp1/Adora2b/Hck/Rab27a/Trf/Syt10/Unc119/Nlgn1/C4b/Snca/Rab37/Vamp8/Scamp5/Lrpap1/Cd177/Rab2b/Eef2k/Slc4a8/Arfip1/Ahsg/Sele/Adipoq/Bicd1/Hap1/Coro1a/Apln/Stxbp2/Cd300lf/Grem1/Syt9/Vps28/Pld1"
"GOBP_MRNA_CATABOLIC_PROCESS",0.924618320610687,1,0.00777079645144222,0.234271239999812,0.652610480192478,31,"Dnd1/Scgb1a1/Tent5c/Exosc2/Lsm7/Fus/Hnrnpab"
"GOBP_PROTEOGLYCAN_BIOSYNTHETIC_PROCESS",0.924620874219447,1,0.0282161806856713,-0.211072525815082,-0.639494082932859,16,"Chst3/Cytl1/B3gat3"
"GOBP_NEURAL_TUBE_DEVELOPMENT",0.924752475247525,1,0.0301063950760249,-0.203346828005357,-0.665886476393306,21,"Lrp2"
"GOBP_PRODUCTION_OF_MOLECULAR_MEDIATOR_OF_IMMUNE_RESPONSE",0.925005751092708,1,0.00712053074601998,0.226069805738303,0.663333061725336,43,"Sash3/Galnt2/Irf5/Gata3/Rbp4/Klk7/Tbx21/Klk1/Il1b/Tnf/Rif1"
"GOBP_LYMPHOCYTE_ACTIVATION",0.925918261769271,1,0.00494648196478263,0.220235819595231,0.737399759268134,134,"Tnfsf14/Sash3/Fgr/H2-DMa/Scgb1a1/Spn/Rag1/Ccdc88b/Ddrgk1/Treml2/Clec4d/Ikzf3/Gata3/Hells/Ephb1/Cd1d1/Vcam1/Kitl/Gnrh1/Rab27a/Mafb/Tnfsf11/Ccl5/Hlx/Tox/Tnfaip8l2/Igf2/Cd209b/Tbx21/Tnfrsf9/Lgals1/Il1b/Ifi204/Ptpn6/Itgal/Cd48/Coro1a/Gpnmb/Rif1/Pax5"
"GOBP_NEGATIVE_REGULATION_OF_LEUKOCYTE_MIGRATION",0.926857735702244,1,0.00911683230459544,0.253801716148965,0.611418448659826,15,"Hc/Adora1/Ddt/Grem1/Tnfaip6/Gcsam"
"GOBP_REGULATION_OF_EPITHELIAL_TO_MESENCHYMAL_TRANSITION",0.927743086529884,1,0.0281562116364907,-0.20970864566111,-0.635361885789123,16,"Col1a1/Loxl2/Serpinb3d"
"GOBP_CELL_MATRIX_ADHESION",0.929045548180362,1,0.00694828610090489,0.225118790882443,0.665707593192968,46,"Msln/Mslnl/Col13a1/Vcam1/Adamts13/Tesk2/Fut1/Rras/Itga10/Itgal"
"GOBP_BROWN_FAT_CELL_DIFFERENTIATION",0.929062378420438,1,0.00907884739907692,0.252258403168061,0.607700546185019,15,"Ffar4"
"GOBP_INTERFERON_MEDIATED_SIGNALING_PATHWAY",0.931602903186124,1,0.00816899031799663,0.236041847794645,0.627612968447464,24,"Hck/Ptpn6/Nlrc5/Tbk1/Stat1/Irgm2/Ikbke/Ifngr1/Oas1g/Isg15/Ifih1/Ifitm1"
"GOBP_TOR_SIGNALING",0.932723628163368,1,0.00845330110482952,0.239927684057433,0.620111741547189,21,"Gata3/Lamtor2/Nprl3/Ccl5/Nprl2/Ube2n/Tbk1/Rnf167/Rps6ka3/Endog"
"GOBP_CELL_GROWTH",0.932942071513966,1,0.00586160299738479,0.21814448218081,0.688465259213448,73,"Fbp1/Epha7/Slitrk1/Sgk1/Cdkn2c/Lamtor2/Exosc2/Flrt1/P3h1/Sema5b/Mt3"
"GOBP_GLIOGENESIS",0.932951482479784,1,0.00651495393777413,0.222554952037251,0.674573468108527,54,"Drd1/Fpr2/Nab2/Nr1d1/Ldlr/Fa2h/Cdkn2c/P2ry12/Vegfc/Sirt2/Arsg/Sox10/Rras/Il1b/Ano1/C1qa/Tnf/Arhgef10/B4galt5/Cdk1"
"GOBP_CANONICAL_WNT_SIGNALING_PATHWAY",0.934322521279043,1,0.00693691886774258,0.221841003479808,0.650924928138466,43,"Sfrp5/Gata3/Fzd2/Aspm/Sulf2/Foxd1/Sox10/Wnt16/Ednra/Grem1/Bcl9/Amer2/Dvl2/Lgr6/Ctnnd2/Sox13/Prdm15/Bcl9l/Mcc/Prickle1/Rbms3"
"GOBP_PROTEIN_CATABOLIC_PROCESS",0.935117683815872,1,0.00486729014313658,0.21686571975705,0.72123356629921,125,"Trim67/Brsk2/Grin2a/Saysd1/Rnf26/Nr1d1/Ddrgk1/Psme2/Ldlr/Ccdc115/Furin/Cst7/Trf/Rnf122/Efna1/Sirt2/Adamts13/Snca/Grin2c/Spsb1/Fbxl18/Casp7/Tbx21/Calr3/Gusb/Il1b/Klhl11/Nedd8/Anapc10/Cela1/Nop53/Ube2n/Tnf/Clgn/Hmgcr/Ccnf/Vps28/Pbk/Klhl4/Bag2/Rnf167/Klhdc3/Rpl11/Rybp/Vps37d/Sufu/Ubxn6/Rnf43/Xpo1/Tiparp/Ube2l6/Cma1/Ppp1r11/Stam2/Dtx3l/Ptk2b/Psmb8"
"GOBP_ADAPTIVE_IMMUNE_RESPONSE",0.935290977042178,1,0.00543262355094673,0.216639107914313,0.697953943351631,88,"Il18rap/Alox15/Sash3/H2-DMa/Spn/Rag1/Hc/Clec4d/Gata3/Tec/Cd1d1/Rab27a/C4b/Hlx/Cd209b/Tbx21/Lgals1/Il1b/Gzmm/Ptpn6/C1qa/Tnf/Il18bp/Rif1"
"GOBP_REGULATION_OF_WOUND_HEALING",0.936380481778876,1,0.00815343845238692,0.234049548195433,0.617071039699436,23,"Vil1/Cldn1/Foxc2/Apoh/Tnf/Tnfrsf12a/Thbs1/Fgg/Tnfaip3/Ddr2"
"GOBP_NEGATIVE_REGULATION_OF_CANONICAL_WNT_SIGNALING_PATHWAY",0.936584100635456,1,0.00894940673957536,0.24824146407796,0.598023579834684,15,"Sfrp5/Sox10/Grem1/Amer2/Sox13/Mcc/Prickle1/Rbms3/Tbx18/Dact1/Tmem196"
"GOBP_PROTEASOMAL_PROTEIN_CATABOLIC_PROCESS",0.937241302159078,1,0.00634988299432698,0.219045310617415,0.667501074732048,56,"Brsk2/Nr1d1/Ddrgk1/Psme2/Trf/Rnf122/Sirt2/Spsb1/Fbxl18/Tbx21/Calr3/Klhl11/Anapc10/Nop53/Ube2n/Clgn/Ccnf/Pbk/Klhl4/Bag2/Klhdc3/Rpl11/Rybp"
"GOBP_POSITIVE_REGULATION_OF_NERVOUS_SYSTEM_DEVELOPMENT",0.939031339031339,1,0.00666949467499598,0.220323761875968,0.656729426108128,48,"Adgrb3/Slitrk1/Ephb1/Slitrk5/Itpka/Aspm/Flrt1/Nlgn1/Vegfc/Thbs2/Sox10/Il1b/Eef2k/Hap1/Tnf/Clstn3"
"GOBP_EMBRYONIC_PLACENTA_DEVELOPMENT",0.939432989690722,1,0.00879791110966886,0.242686159818929,0.592272775164528,16,"Elf5/Ovol2/Igf2"
"GOBP_METHYLATION",0.940672628794558,1,0.00840221248664066,0.235387777429475,0.596975887821283,19,"Nnmt/Mettl11b/Mrm1/N6amt1"
"GOBP_REGULATION_OF_HEMOPOIESIS",0.940764674205708,1,0.00549239179257476,0.214884394007089,0.685431291129656,80,"Sash3/Bglap/Rag1/Ddrgk1/Ikzf3/Gata3/Bglap2/Bglap3/Kitl/Tob2/Slc9b2/Mafb/Tnfsf11/Ypel4/Pou4f1/Hlx/Tox/Tbx21/Lgals1/Tcim/Ptpn6/Nfkbia/Adipoq/Tnf"
"GOBP_EXTRINSIC_APOPTOTIC_SIGNALING_PATHWAY",0.940882219190541,1,0.00658659726374063,0.220068751874232,0.65773186417224,49,"Tnfsf14/Lcn2/Tmc8"
"GOBP_REGULATION_OF_CELL_GROWTH",0.940915148822745,1,0.00612896676481239,0.216214368633313,0.664454775190072,59,"Fbp1/Epha7/Sgk1/Cdkn2c/Lamtor2/Exosc2/P3h1/Mt3"
"GOBP_NEGATIVE_REGULATION_OF_IMMUNE_SYSTEM_PROCESS",0.941022142932102,1,0.00489905679436101,0.214058641769082,0.703173133260106,107,"Alox15/Lpxn/Fgr/Scgb1a1/Spn/Nr1d1/Hc/Ldlr/Ticam2/Furin/Hck/Cst7/Kitl/Gnrh1/Adora1/Tob2/Mafb/Bpifb1/Sirt2/Ypel4/Hlx/Tnfaip8l2/Ddt"
"GOBP_STRIATED_MUSCLE_CELL_DIFFERENTIATION",0.941082621082621,1,0.00662808521827922,0.219256471237747,0.653548102576062,48,"Tnfsf14/Adgrb3/Myl9/Kel/P2rx2/Igf2/Casp7/Homer1/Popdc3/Rcan1/Cdk1/Ccnb1/Grem1/Bcl9"
"GOBP_REGULATION_OF_PROTEIN_UBIQUITINATION",0.941352126134735,1,0.00748263782416747,0.22614243703386,0.627105876790591,30,"Bex2/Ube2n/Vps28/Bag2/Rpl11/Ppia/Rps2/Dtx3l/Bex1/Aimp2/Tnfaip3/Prickle1/Isg15/Senp2"
"GOBP_MICROTUBULE_POLYMERIZATION",0.941958129622665,1,0.0083000446446391,0.234609204350167,0.601912367712435,20,"Slain1/Nme7/Tpx2/Snca"
"GOBP_REGULATION_OF_CELL_SUBSTRATE_ADHESION",0.942218523362264,1,0.00738399545810956,0.22509951458107,0.630750415493402,32,"Alox15/Dmp1"
"GOBP_TUBE_DEVELOPMENT",0.942446043165468,1,0.12546307449004,-0.177379350643089,-0.867374967817212,201,"Angpt4/Umod/Lrp2/Chrna7/Ccno/Lama1/Dnaaf3/Col8a2/Klk1b1/Cxcl17/Col3a1/Aplnr/E2f8/Angptl4/Ccdc103/Loxl3/Loxl2/Hoxa7/Gdnf/Ret/Comp/Sox8/Ephb2"
"GOBP_HEMOPOIESIS",0.942918630866981,1,0.00425405362286597,0.213414833212143,0.722832663928703,155,"Wdr38/Sash3/Plek/Bglap/Rtkn2/Slc4a1/Spn/Rag1/Ddrgk1/Clec4d/Ikzf3/Sp7/Gata3/Bglap2/Bglap3/Ang/Cd1d1/Vcam1/Kitl/Ebp/Trf/Tob2/Slc9b2/Mafb/Tnfsf11/Fasn/Ankle1/Sipa1l3/Ypel4/Pou4f1/Hlx/Tox"
"GOBP_CELLULAR_RESPONSE_TO_TOXIC_SUBSTANCE",0.944010734325445,1,0.00779976625712679,0.226464982734755,0.611340657925738,26,"Nnt/Mpo/Mgst1/Mt3/Hba-a1/Hp/Tnf/Ednra/Rdh11/Selenot/Slc22a3/Aldh1a7/Ptgs2/Slc11a1/Kcnc2/Gch1"
"GOBP_NEGATIVE_REGULATION_OF_KINASE_ACTIVITY",0.944312232270347,1,0.029003707427331,-0.202088245200404,-0.628189370684555,18,"Serpinb3d/Vps25/Cd300a/Ptk6/Ceacam1/Taf7/Cdkn1c/Dnaja1/Dusp1/Zfyve28/Agt/Adarb1/Cdkn1a/Ppia/Cep85/Adipoq/Pdcd4/Nprl2"
"GOBP_NEGATIVE_REGULATION_OF_MYELOID_CELL_DIFFERENTIATION",0.944625407166124,1,0.00824229615582971,0.23103574253929,0.597129827800082,21,"Tob2/Mafb/Ypel4/Nfkbia/Adipoq/Tnfaip6/Pias3/Paf1/Ptk2b"
"GOBP_CELL_MORPHOGENESIS",0.946424912927679,1,0.00414324328698373,0.212694085371771,0.720965130333523,157,"Brsk2/Celsr3/Stc1/Fgr/Epha7/Cdc42ep5/Vil1/Gata3/Zdhhc15/Cntnap2/Adgrb3/Arx/Slitrk1/Ccl7/Ephb1/Sptbn4/Slitrk5/Hck/Sgk1/Kel/Itpka/Flrt1/Nlgn1/Efna1/Sipa1l3/Ypel4/Pou4f1/Foxd1/Sema5b/Mt3"
"GOBP_POSTSYNAPSE_ORGANIZATION",0.946726498676792,1,0.0066970586684051,0.217740327142642,0.640083102686927,44,"Epha7/Zdhhc15/Ephb1/Itpka/Nlgn1/Efna1/Nckipsd/Nptx1/Homer1/Eef2k/Tmem108/Nedd8/C1ql3/Crmp1"
"GOBP_REGULATION_OF_CALCIUM_ION_TRANSMEMBRANE_TRANSPORT",0.947841726618705,1,0.00742885904997496,0.220759816655062,0.608426997608372,29,"Drd1/P2rx2/Snca/Trdn/Ptpn6/Jph4/Hap1/Coro1a"
"GOBP_POSITIVE_REGULATION_OF_RNA_METABOLIC_PROCESS",0.948122729107792,1,0.00366728200114496,0.217759829479606,0.755839552019207,241,"Pou3f3/Nfe2/Elf5/Six5/Ascl3/Dnd1/Adcyap1/Zfp593/Hoxd9/Nr1d1/Ddrgk1/Ikzf3/Irf5/Sp7/Gata3/Esrrg/Arx/Ccdc62/Fzd2/Zfp597/Ice2/Ovol2/Rfx2/Mafb/Ccpg1/Maml3/Fhl5/Tnfsf11/Ckap2/Foxc2/Sirt2/Pou4f1/S1pr1/Foxd1/Tox/Sox10/Tbx6/Mt3/Rbmxl1/Zfp287/Igf2/Cited4/Bex2/Gdf6/Tbx21/Taf5l/Cep290/Pax3/Fus/Hnrnpab/Creb3l1/Mcrs1/Il1b/Cela1/Nfkbia/Tnf/Apln/Tfap2c/Pax5/Trp63/Isl2/Tra2a/Ccnb1/Nlrc5/Dnajc2/Tbk1/Zic1/Tcf15/Pim2/Grem1/Bcl9/Klf14/Stat1/Sox18/Fosb/Zfp131/Rybp/Sertad3/Maff/Tert/Rps6ka3/Rnasel/Paf1/Gpbp1/Dvl2/Arid5b"
"GOBP_DEVELOPMENTAL_GROWTH_INVOLVED_IN_MORPHOGENESIS",0.948652118100128,1,0.00692327206281472,0.217902986926261,0.628716231807316,39,"Epha7/Slitrk1/Flrt1/S1pr1/Sema5b/Mt3/Tmem108/Tfap2c/Clstn3/Ednra/Tnfrsf12a/Areg/Sema4f"
"GOBP_NEGATIVE_REGULATION_OF_WNT_SIGNALING_PATHWAY",0.948884991230268,1,0.00816676867717536,0.228744954693623,0.591209108621417,21,"Sfrp5/Sox10/Gsc/Hic1/Grem1/Amer2/Rnf43/Sox13/Mcc/Prickle1/Rbms3"
"GOBP_ORGANIC_CATION_TRANSPORT",0.949071226473121,1,0.00785322250523997,0.226023006287639,0.600973815613484,24,"Slc6a20a/Slc18a3/Snca/Slc16a10/Slc19a3/Slc7a5/Slc22a3/Slc43a2/Slc7a3/Slc11a1/Chrna3/Rgs2"
"GOBP_POSITIVE_REGULATION_OF_PROTEIN_TRANSPORT",0.949352038996552,1,0.00724911655213574,0.22168909300947,0.621194087363164,32,"Gck/Ang/Cep131/Rbp4/Vegfc/Cep290/Il1b/Ano1/Tnf/Cdk1/Ect2/Nnat/Zic1/Vps28/Kif20b"
"GOBP_PHOSPHOLIPID_BIOSYNTHETIC_PROCESS",0.949545078577337,1,0.00713408871783903,0.219876959596966,0.621423020572951,34,"Alox15/Pigz/Pik3c2g/Pnpla3/Itpka/Mtmr7"
"GOBP_POSITIVE_REGULATION_OF_TRANSMEMBRANE_TRANSPORT",0.950381679389313,1,0.0344309713743366,-0.182488614937826,-0.666045388783453,33,"Cftr/Aplnr/Cd19/F2rl3"
"GOBP_NEGATIVE_REGULATION_OF_TRANSFERASE_ACTIVITY",0.950529595015576,1,0.00804676729442586,0.227242860880605,0.592911583724639,22,"Nprl2/Pdcd4/Adipoq/Cep85/Rpl11/Ppia/Cdkn1a/Dtx3l"
"GOBP_POSITIVE_REGULATION_OF_PROTEIN_METABOLIC_PROCESS",0.95066889632107,1,0.00455066307139025,0.210225324427133,0.695928027228829,118,"Diras2/Trim67/Adcyap1/Nnmt/Ddrgk1/Mrnip/Odam/Ldlr/Furin/Tnfrsf18/Trf/Lcp2/Unc119/Stox1/Efna1/Tpx2/Ccl5/Sirt2/Rpusd4/Mt3/Mmd/Wnk3/Tcim/Il1b/Nop53/Adipoq/Ube2n/Uqcc2/Tnf"
"GOBP_TERPENOID_METABOLIC_PROCESS",0.951575046324892,1,0.00787993871464145,0.225759553738517,0.595214490357326,23,"Awat2/Cyp1b1/Ldlr/Rbp4/Cyp2w1/Aldh1a3/Fdps/Cyp3a13/Hmgcs1/Rdh11/Aldh1a7"
"GOBP_NEGATIVE_REGULATION_OF_TRANSFORMING_GROWTH_FACTOR_BETA_RECEPTOR_SIGNALING_PATHWAY",0.952011633543383,1,0.0291873863885422,-0.195803603369356,-0.620146424334087,19,"Hspa5/Htra4/Prdm16/Sin3a/Eid2/Spred3"
"GOBP_MORPHOGENESIS_OF_EMBRYONIC_EPITHELIUM",0.952277657266811,1,0.0312650111479665,-0.187600872393231,-0.640054097095643,25,"Lrp2/Gdnf/Ret/Sox8"
"GOBP_POSITIVE_REGULATION_OF_CELL_GROWTH",0.952835051546392,1,0.00856661320042685,0.233698263295848,0.570337917319366,16,"Exosc2/N6amt1/Tnfrsf12a/Mfsd2a/Rps6ka3/Shtn1"
"GOBP_IMMUNE_EFFECTOR_PROCESS",0.95412558380903,1,0.00427713090500208,0.208864500685206,0.696720259444558,128,"Il18rap/Sash3/Galnt2/Fgr/Adora2b/Spn/Ddrgk1/Hc/Clec4d/Irf5/Mpo/2610528A11Rik/Gata3/Cd1d1/Hck/Rab27a/Sucnr1/Rbp4/C4b/Klk7/Hlx/Grp/Vamp8/Tbx21/Klk1/Lgals1/Tcim/Cd177/Il1b/Gzmm/Ptpn6/Itgal/Coro1a/C1qa/Tnf/Rif1/Ndst2/Stxbp2/Ace/Tbk1/Slc7a5/Mfng/Icam1"
"GOBP_REGULATION_OF_INNATE_IMMUNE_RESPONSE",0.954400170466652,1,0.00492280266517718,0.207883328268878,0.671266702911181,90,"Il18rap/Fpr2/Fgr/Nr1d1/Irf5/Ticam2/Atat1/Cd1d1/Hck/Bpifb1/Ccl5/Sirt2"
"GOBP_EXOCYTIC_PROCESS",0.954609384989132,1,0.00840665477241016,0.231915240431678,0.573362670738875,17,"Plek/Unc13c/Nlgn1/Snca/Vamp8/Stxbp2/Osbpl2/Syt9"
"GOBP_MYELOID_CELL_DIFFERENTIATION",0.955620979173482,1,0.00542013040543635,0.208487972924623,0.654941246306162,70,"Bglap/Slc4a1/Gata3/Bglap2/Bglap3/Kitl/Trf/Tob2/Slc9b2/Mafb/Tnfsf11/Fasn/Ypel4/Pou4f1"
"GOBP_REGULATION_OF_CELLULAR_RESPONSE_TO_STRESS",0.955621956617973,1,0.00573813067144982,0.209845537297031,0.64733299830958,61,"Bbc3/Ddrgk1/Mrnip/Fignl1/Timeless/Taf5l/Insig1/Fus/Creb3l1/Mcrs1/Tigar/Hic1/Ube2n/Rif1/Dnajc2/Grem1/Pbk/Atrip/Ppia/Ptgs2/Bcl7b/Eya4/Rad51/Rnft2/Ackr3/Gch1"
"GOBP_REGULATION_OF_EXOCYTOSIS",0.956188262638001,1,0.0066970586684051,0.213675979044892,0.619415956806964,40,"Fgr/Adora2b/Rab27a/Syt10/Nlgn1/Snca/Rab37/Vamp8/Scamp5/Cd177/Rab2b/Slc4a8/Hap1"
"GOBP_PROTEOLYSIS_INVOLVED_IN_PROTEIN_CATABOLIC_PROCESS",0.956433529097704,1,0.004925436965724,0.207479458219373,0.668443973125795,88,"Trim67/Brsk2/Saysd1/Rnf26/Nr1d1/Ddrgk1/Psme2/Trf/Rnf122/Efna1/Sirt2/Spsb1/Fbxl18/Tbx21/Calr3/Klhl11/Nedd8/Anapc10/Nop53/Ube2n/Clgn/Ccnf/Vps28/Pbk/Klhl4/Bag2/Rnf167/Klhdc3/Rpl11/Rybp/Vps37d/Sufu/Ubxn6/Rnf43/Xpo1/Ube2l6/Ppp1r11/Stam2/Dtx3l/Ptk2b/Psmb8/Rnf125/Psmb9/Rnft2/Fbxo44/Tnfaip3"
"GOBP_EMBRYO_DEVELOPMENT",0.957345971563981,1,0.100604308574775,-0.17125980670742,-0.828552186207379,171,"Rnf112/Lrp2/Lama1/Krt8/Ush1g/Apba2/Trim15/Myf5/Wnt9a/Col3a1/Aplnr/E2f8/Ccdc103/Col1a1/Loxl3/Col5a1/Slc25a20/Alkbh1/Hoxa7/Arhgdig/Gdnf/Ret/Sox8/Ephb2/Palb2"
"GOBP_TRANSFORMING_GROWTH_FACTOR_BETA_RECEPTOR_SIGNALING_PATHWAY",0.957431960921144,1,0.0361864516389604,-0.179065871469379,-0.677519298014485,39,"Ltbp2/Col3a1/Hspa5/Htra4/Col1a2/Prdm16/Sin3a/Hsp90ab1/Eid2/Spred3/Ceacam1/Fbn1/Zfp703"
"GOBP_CELL_SURFACE_RECEPTOR_PROTEIN_SERINE_THREONINE_KINASE_SIGNALING_PATHWAY",0.957862281603289,1,0.045014448139004,-0.174343281234767,-0.719711781381256,60,"Lrp2/Ltbp2/Col3a1/Hspa5/Fstl4/Htra4/Comp/Col1a2/Kcp"
"GOBP_POSITIVE_REGULATION_OF_CELL_DEVELOPMENT",0.959170447180817,1,0.0051259248140917,0.206514999906979,0.655187091153549,76,"Sash3/Rag1/Ddrgk1/Gata3/Slitrk1/Kitl/Itpka/Aspm/Slc9b2/Tnfsf11/Vegfc/Sirt2/Pou4f1/Hlx/Tox/Sox10/Lgals1/Il1b/Eef2k/Adipoq/Hap1/Tnf"
"GOBP_POSITIVE_REGULATION_OF_CANONICAL_WNT_SIGNALING_PATHWAY",0.959406372762986,1,0.0271850439021925,-0.1985873877203,-0.590198381532537,15,"Col1a1/Tmem198/Nle1/Dlx5/Nrarp"
"GOBP_EMBRYONIC_HEART_TUBE_DEVELOPMENT",0.960705485669822,1,0.0085355028053551,0.231358690290393,0.557352304971396,15,"Ovol2/Foxc2/Traf3ip1/Ednra/Sox18/Sufu/Dvl2/Ccdc39"
"GOBP_GASTRULATION",0.961121495327103,1,0.00785767573492748,0.219359539959797,0.572342786649769,22,"Elf5/Foxc2/Tbx6/Gsc/Adipoq/Apln"
"GOBP_POSITIVE_REGULATION_OF_IMMUNE_RESPONSE",0.962219477043442,1,0.00381617296288976,0.205656301997625,0.692853735675937,144,"Il18rap/Ermap/Fpr2/Sash3/Lpxn/Fgr/H2-DMa/Nr1d1/Ddrgk1/Hc/Irf5/Gata3/Ticam2/Tec/Atat1/Cd1d1/Hck/Lcp2/C4b/Bpifb1/Klk7/Ccl5/Sirt2"
"GOBP_ENDOMEMBRANE_SYSTEM_ORGANIZATION",0.963127643422622,1,0.00512334950103643,0.20532048118325,0.649909058769693,75,"Tmem95/Agfg2/Slc4a1/Knl1/Rnf26/Hps1/Fa2h/Lmnb2/Rab27a/Rfx2/Mafb/Vps51/Sirt2/Reep2/Ap1s1/Casp7/Pfn4/Trdn/Rab2b/Tlcd2/Ano4/Cdk1/Vcpip1/Osbpl2/Syt9/Vps28"
"GOBP_CELL_KILLING",0.963343610825625,1,0.0062139168460378,0.207714906369798,0.616288235820457,47,"Il18rap/Camp/Hc/Cd1d1/Rab27a/Ppbp/Cxcl14/Gzmm/Ptpn6/Coro1a/Stxbp2/Icam1/Gbp5"
"GOBP_EXOCRINE_SYSTEM_DEVELOPMENT",0.963659793814433,1,0.00838000148373064,0.225599332900742,0.550572571060836,16,"Ascl3/Sox10/Igf2/Cela1/Tnf"
"GOBP_CAMERA_TYPE_EYE_MORPHOGENESIS",0.963665943600868,1,0.0310400648438102,-0.181059772251455,-0.617737260868565,25,"Col8a2/Wnt9a/Sox8/Ephb2/Rpgrip1l/Prox1"
"GOBP_MUSCLE_STRUCTURE_DEVELOPMENT",0.964712041884817,1,0.00421927701335594,0.203545754930017,0.671226692504163,112,"Tnfsf14/Hoxd9/Adgrb3/Myl9/Ephb1/Fzd2/Kel/Myl6/P2rx2/Foxc2/Sirt2/Pou4f1/Hlx/S1pr1/Gsc/Igf2/Casp7/Ass1/Pdcd4/Pax3/Homer1/Lgals1/Popdc3/Msc/Uqcc2/Tnf/Rcan1/Pax5/Cth/Cdk1/Ccnb1/Ednra/Tcf15/Grem1/Bcl9"
"GOBP_NEGATIVE_REGULATION_OF_GENE_EXPRESSION",0.965453613531522,1,0.00358946848156301,0.203941775265431,0.691354864465233,158,"Ffar4/Morc1/Nmbr/Dnd1/Scgb1a1/Exd1/Ddrgk1/Gata3/Hells/Ldlr/Ticam2/Furin/Tent5c/Pcx/Ang/Lmnb2/Exosc2/Spink7/Ovol2/Stox1/Sirt2/Pou4f1/Il1r2/Sfmbt2/Traf3ip1/Tbx21/Pdcd4/Lsm7/Fus/Hnrnpab/Creb3l1/N6amt1/Zfp503/Ptpn6/Orm1/Nfkbia/Adipoq/Nmnat2/Tnf/Gpnmb/Apln/Rif1/Tfap2c/Cdk1/Zc3h7b/Ccnb1/Ace/Tbk1/Slc7a5/Arg2/Cpeb4/Rps26/Irgm2/Pias3/Dhx58/Tert/Ikbke/Cenpv/Rnasel/Thbs1"
"GOBP_REGULATION_OF_WNT_SIGNALING_PATHWAY",0.966124971389334,1,0.00619978924527711,0.205333832472581,0.607200717810318,46,"Pcdh11x/Sfrp5"
"GOBP_REGULATION_OF_DEFENSE_RESPONSE_TO_VIRUS",0.966333375522086,1,0.00803120573898238,0.22002375131517,0.551143374252096,18,"Spn/Rnf26"
"GOBP_PEPTIDYL_LYSINE_MODIFICATION",0.96712432296259,1,0.00793557450514625,0.216964590233375,0.550252142633686,19,"Ivl/Atat1/Sirt2/Esco1/Cth/Nnat/Pias3/Sirt5"
"GOBP_POSITIVE_REGULATION_OF_MYELOID_CELL_DIFFERENTIATION",0.967176146329241,1,0.00784208848002999,0.214729019320122,0.554983834626798,21,"Kitl/Slc9b2/Tnfsf11/Pou4f1"
"GOBP_REGULATION_OF_PATTERN_RECOGNITION_RECEPTOR_SIGNALING_PATHWAY",0.968923549568711,1,0.00676124779007845,0.204671036281164,0.578447572782393,34,"Nr1d1/Ticam2/Atat1/Bpifb1/Sirt2/Nop53/Cd300lf/Gbp5/Irgm2/Dhx58/Smpdl3b/Rnf125/Ddx60/Tnfaip3/Ppt1/Zcchc3"
"GOBP_GLAND_MORPHOGENESIS",0.969178082191781,1,0.0319062895292908,-0.176351351351351,-0.611535748223351,27,"Lama1/Plxna1/Etv5/Prox1/Ar/Hgf/Esrp2/Ceacam1/Esr1/Polb/Nrp1/Ptch1/Rps6ka1/Epha2/Cav3/Fbxw7/Bmp7/Tgfa/Tnfaip3/Nkx3-1/Areg/Crip1/Trp63/Tfap2c/Tnf/Sulf2/Serpinb5"
"GOBP_REGULATION_OF_SIGNAL_TRANSDUCTION_BY_P53_CLASS_MEDIATOR",0.970360824742268,1,0.00826450763104087,0.220256101894555,0.537532477391133,16,"Sgk1/Hic1/Nop53/Rpl11/Mlf1/Dvl2"
"GOBP_NUTRIENT_STORAGE",0.970561535468811,1,0.00836667515546362,0.221052760653481,0.532524909766157,15,"Mest/Acvr1c/Nfkbia/Tnf/Clstn3/Ikbke/Fitm1/Lpl"
"GOBP_MUSCLE_TISSUE_DEVELOPMENT",0.972222222222222,1,0.00482474270960176,0.198488345219756,0.631721232789093,79,"Hoxd9/Ephb1/Kel/Myl6/Rbp4/P2rx2/Nprl3/Foxc2/Sirt2/Pou4f1/Hlx/S1pr1/Igf2/Homer1/Popdc3/Msc/Uqcc2/Rcan1/Pax5/Cdk1/Ccnb1/Ednra/Grem1/Bcl9/Maff/Kcnj11/Tiparp/Bmp5/Rgs2/Mylpf/Bcl9l/Cenpf/Nox4/Col19a1/Prickle1/Pgm5/Adamts9/G6pdx/Gpcpd1/Casq1"
"GOBP_PATTERN_SPECIFICATION_PROCESS",0.972283813747228,1,0.046545782323203,-0.169943304465105,-0.714452782106683,65,"Lrp2/Dnaaf3/Myf5/Aplnr/Ccdc103/Hoxa7/Gdnf/Palb2/Hoxc13/Syngap1/Drc1/Rpgrip1l/Nle1/Ar"
"GOBP_ACTIVATION_OF_IMMUNE_RESPONSE",0.97339527027027,1,0.00419889982769732,0.198603096106999,0.648058442589541,101,"Ermap/Fpr2/Lpxn/Fgr/Nr1d1/Hc/Irf5/Gata3/Ticam2/Tec/Atat1/Hck/Lcp2/C4b/Bpifb1/Sirt2"
"GOBP_NEGATIVE_REGULATION_OF_CELL_DIFFERENTIATION",0.973843900397573,1,0.00393653190914081,0.198427159234973,0.65514890605124,114,"Elf5/Nr1d1/Epha7/Gata3/Ldlr/Ephb1/Tent5c/Aspm/Ovol2/Tob2/Mafb/Efna1/Vegfc/Sirt2/Ypel4/Hlx/Sox10/Tbx6/Nepro/Mt3/Igf2/Tbx21/Pdcd4/Insig1/Lgals1/Il1b/Twist2/Nfkbia/Adipoq/Tnf/Rcan1/Trp63/Isl2/Tcf15/Grem1/Tnfaip6/Stat1/Pias3/Areg/Rbpms2/Sema4f/Sufu/Paf1/Bcl7b/Adgrv1/Dynlt1b/Bmp5/Rgs2/Ptk2b/Nfatc2"
"GOBP_REGULATION_OF_VIRAL_PROCESS",0.974940047961631,1,0.00691872162943268,0.200521163134368,0.552648081935182,29,"Furin/Kpna2/Ccl5/Cd209b/Lgals1/Tnf/Stat1/Rnasel/Ppia/Dynlt1b/Top2a/Ppid/Oas1g/Ifit1bl1/Isg15/Ifih1/Ifitm1"
"GOBP_NEGATIVE_REGULATION_OF_NEURON_APOPTOTIC_PROCESS",0.975508262988943,1,0.00674979818204203,0.20135823915045,0.564225086151506,32,"Fpr2/Lcn2"
"GOBP_SPROUTING_ANGIOGENESIS",0.975896168108776,1,0.0333233764028717,-0.170162381596752,-0.609447608082685,31,"Aplnr/E2f8/Loxl2/Hdac9/Esm1/Nrarp/Ceacam1/Anxa1/Gata2/Glul/Acvrl1/Nr4a1/Hdac5/Fgf16/Ccbe1/Nrp1/Tspan18/Rspo3/Epha2/Tnn/Adamts9/Agtr1a/Ptk2b/Vstm4/Ptgs2/Thbs1/Grem1/Creb3l1/Fut1/Foxc2/Vegfc"
"GOBP_DEFENSE_RESPONSE_TO_SYMBIONT",0.976030875482429,1,0.00291005813065721,0.201670321280264,0.692729582688855,195,"Il18rap/Wfdc12/Camp/Fpr2/Nmbr/Lcn2/Dmbt1/Fgr/Nr1d1/Hc/Clec4d/Irf5/Cldn1/Gata3/Ticam2/Ccl7/Atat1/Ang/Cd1d1/Hck/Rab27a/Trf/C4b/Bpifb1/Klk7/Ccl5/Sirt2/Adamts13/Snca/Tnfaip8l2/Ppbp/Pstpip1/Cd209b/Cxcl14/Ass1/Klk1/Cd177/Rab2b/Gzmm/Ifi204/Ptpn6/Nfkbia/Nop53/Trim59/Coro1a/C1qa/Ube2n/Tnf"
"GOBP_CELL_MOTILITY",0.976221531052473,1,0.00240770384073916,0.208986252570408,0.733105130109764,320,"Pou3f3/Tnfsf14/Dnah14/Drd1/Fpr2/Lcn2/Lpxn/Stc1/Fgr/Spn/Tmsb10/Vil1/Ddrgk1/Hc/Astn2/Ccdc141/Cldn1/2610528A11Rik/Gata3/Pik3c2g/Cyp1b1/Arx/Fgf22/Tnfrsf18/Ccl7/Sbp/Ephb1/Chst4/Ang/Nrtn/Cep131/Hck/Gcnt1/Sgk1/Alox8/Cxcr2/Vcam1/Kitl/Gnrh1/P2ry12/Lamtor2/Adora1/Aspm/Nme7/Ovol2/Slc9b2/Tnfsf11/Efna1/Vegfc/Foxc2/Ccl5/Igsf10/Pou4f1/S1pr1/Sema5b/Sox10/Ppbp/Fut1/Ddt/Apoh/Rras/Cxcl14/Gdf6/Pfn4/Tbx21"
"GOBP_NEGATIVE_REGULATION_OF_MRNA_CATABOLIC_PROCESS",0.976527039294514,1,0.00826450763104087,0.215389425011568,0.518881708510629,15,"Dnd1/Tent5c/Fus/Hnrnpab"
"GOBP_NEGATIVE_REGULATION_OF_RNA_CATABOLIC_PROCESS",0.976527039294514,1,0.00826450763104087,0.215389425011568,0.518881708510629,15,"Dnd1/Tent5c/Fus/Hnrnpab"
"GOBP_REGULATION_OF_RESPONSE_TO_WOUNDING",0.977935768570728,1,0.00726487616980234,0.203758596950335,0.545673027624681,25,"Vil1/Cldn1/Foxc2/Apoh/Ptpn6/Tnf/Tnfrsf12a/Thbs1/Fgg"
"GOBP_MUSCLE_CELL_DEVELOPMENT",0.978371501272265,1,0.0338468518961559,-0.166964325703252,-0.609384970475433,33,"Myf5/Csrp3/Ankrd1/Comp/Lmod2/Hdac9/Prox1/Myh3/Mylk3/Myom2"
"GOBP_NEGATIVE_REGULATION_OF_VIRAL_PROCESS",0.979533555449786,1,0.0283456249058933,-0.176153587066352,-0.547571734780037,18,"Trim15/Bst2/Prox1/Zfp36/Sp100/Oas2/Tnip1/Oasl1/Ifitm1/Ifih1/Isg15/Ifit1bl1/Oas1g/Ppia/Rnasel/Stat1/Tnf/Ccl5"
"GOBP_SYNAPTIC_VESICLE_EXOCYTOSIS",0.979875965067713,1,0.00779308184870934,0.206752480536432,0.51789981343702,18,"Unc13c/Syt10/Nlgn1/Snca/Slc4a8/Stxbp2/Osbpl2/Syt9"
"GOBP_DEFENSE_RESPONSE_TO_VIRUS",0.979938609953957,1,0.00497271555023394,0.192216729538795,0.599855165714751,66,"Nmbr/Dmbt1/Spn/Rnf26/Irf5/Rnase1/Vamp8/Traf3ip1/Il1b/Rab2b/Ube2n/Tnf/Slfn9/Nlrc5/Slfn8/Tbk1/Gbp5/Stat1/Irgm2/Dhx58/Ikbke/Rnasel/Dtx3l/Ifngr1/Rtp4/Fgl2/Ddx60/Tnfaip3/Ifit1/Zcchc3/Oas1g/Ifit1bl1/Isg15/Ifih1/Ifitm1/Gbp2/Pmaip1"
"GOBP_MEMBRANE_ORGANIZATION",0.979960130101773,1,0.00383797903268306,0.193389214443071,0.635780466683584,108,"Tmem95/Alox15/Ap3b2/Slc4a1/Tnfaip8l3/Ap3m2/Rab34/Cntnap2/Sptbn4/Zfyve19/Fa2h/Lmnb2/Mafb/Nlgn1/Rft1/Dhcr24/Sirt2/Atp11c/Reep2/Snca"
"GOBP_POSITIVE_REGULATION_OF_RESPONSE_TO_BIOTIC_STIMULUS",0.980147294268332,1,0.00430585959804749,0.193054609744848,0.622704895973041,89,"Il18rap/Fpr2/Nr1d1/Irf5/Ticam2/Atat1/Cd1d1/Hck/Bpifb1/Klk7/Ccl5/Sirt2"
"GOBP_NEGATIVE_REGULATION_OF_IMMUNE_RESPONSE",0.980161045629595,1,0.00630077648747577,0.195991831378881,0.565495899931119,39,"Alox15/Fgr/Spn/Furin/Hck"
"GOBP_POSITIVE_REGULATION_OF_DNA_METABOLIC_PROCESS",0.980186342729095,1,0.00650569137134153,0.19297565801239,0.547892433168017,35,"Mrnip/Timeless/Rfc4/Tbx21/Fus/Mcrs1/Tigar/Ube2n/Tnf/Rif1/Cdk1/Bcl7b/Eya4/Endog/Cdkn1a/Slx4/Nox4/Cdt1/Zcwpw1"
"GOBP_APPENDAGE_MORPHOGENESIS",0.980794412920122,1,0.026802380240945,-0.181216224082376,-0.538571574905324,15,"Col3a1/Cacna1c/Rpgrip1l/Myh3/Dlx5"
"GOBP_EPITHELIAL_TUBE_MORPHOGENESIS",0.980879541108987,1,0.0426788844272162,-0.16176109860854,-0.66413201132728,57,"Lrp2/Lama1/Aplnr/Ccdc103/Gdnf/Ret/Sox8"
"GOBP_RESPONSE_TO_VIRUS",0.981734178575266,1,0.00443639925029349,0.189926811545063,0.606547184117527,81,"Nmbr/Lcn2/Dmbt1/Fgr/Spn/Rnf26/Irf5/Gata3/Ccl5/Rnase1/Vamp8/Ap1s1/Traf3ip1/Tbx21/Il1b/Rab2b/Ube2n/Tnf/Slfn9/Nlrc5/Slfn8/Tbk1/Pim2/Gbp5/Stat1/Irgm2/Dhx58/Ikbke/Rnasel"
"GOBP_TUMOR_NECROSIS_FACTOR_SUPERFAMILY_CYTOKINE_PRODUCTION",0.98180636777128,1,0.0342024449747538,-0.165043217544813,-0.603543223661582,34,"Chrna7/Fcgr1/Nfkbil1"
"GOBP_FAT_CELL_DIFFERENTIATION",0.98203125,1,0.0380572582047922,-0.160935474217198,-0.630935519606813,45,"Cntn2/Vstm2a/Gnb3/C1qtnf3"
"GOBP_ANTERIOR_POSTERIOR_PATTERN_SPECIFICATION",0.982261640798226,1,0.0310932864406094,-0.166497842127464,-0.573874111847756,26,"Myf5/Hoxa7/Palb2/Hoxc13"
"GOBP_REGULATION_OF_CELLULAR_RESPONSE_TO_TRANSFORMING_GROWTH_FACTOR_BETA_STIMULUS",0.982394366197183,1,0.032180671206004,-0.165302846947436,-0.578694130311383,28,"Hspa5/Htra4/Prdm16/Sin3a/Hsp90ab1/Eid2/Spred3/Fbn1/Zfp703/Hipk2/Lrrc32/Cdkn1c/Nrep/Hspa1a/Emilin1/Peg10/Sinhcaf/Cav3/Skil/Itga8/Cidea/Bcl9l/Thbs1/Brms1/Bcl9/Brms1l/Htra3"
"GOBP_NEGATIVE_REGULATION_OF_MULTICELLULAR_ORGANISMAL_PROCESS",0.982481012658228,1,0.00253267714598741,0.198029708778087,0.68297844216134,209,"Ffar4/Nmbr/Stc1/Fgr/Bglap/Pctp/Scgb1a1/Adora2b/Spn/Procr/Nr1d1/Epha7/Gata3/Ldlr/Bglap2/Adgrb3/Bglap3/Ticam2/Furin/Sptbn4/Cst7/Gnrh1/Adora1/Spink7/Ovol2/Tob2/Mafb/Rbp4/Efna1/Foxc2/Sirt2/Thbs2/Ypel4/Hlx/Il1r2/Tnfaip8l2/Sox10/Mt3/Apoh/Traf3ip1/Tbx21/Pdcd4/Lrpap1/Stab1/Wnk3/Klk1/Creb3l1/Lgals1/Il1b/Ifi204/Ptpn6/Acvr1c/Orm1/Ahsg/Nfkbia/Adipoq/Tnf/Gpnmb/Apln/Hmgcr/Clstn3/Trp63"
"GOBP_REGULATION_OF_ORGANELLE_ASSEMBLY",0.983693045563549,1,0.00675208853974348,0.191875138331465,0.528819130671385,29,"Hck/Cdk10/Hap1/Tnf/Kif24/Caskin1/Lrfn1/Ppp1r35/Ptk2b/Rp1/Prickle1/Vps11/Cep295nl/Limk2/Cav3"
"GOBP_NEGATIVE_REGULATION_OF_DEVELOPMENTAL_PROCESS",0.984531858225773,1,0.00290618323616614,0.191551313691937,0.649911375616805,159,"Elf5/Bglap/Nr1d1/Epha7/Gata3/Ldlr/Bglap2/Adgrb3/Bglap3/Ephb1/Tent5c/Aspm/Ovol2/Tob2/Mafb/Nlgn1/Rbp4/Efna1/Vegfc/Foxc2/Sirt2/Thbs2/Ypel4/Hlx/Sox10/Tbx6/Nepro/Mt3/Apoh/Igf2/Tbx21/Pdcd4/Insig1/Stab1/Klk1/Creb3l1/Lgals1/Il1b/Ptpn6/Twist2/Ahsg/Nfkbia/Adipoq/Tnf/Rcan1/Clstn3/Trp63/Isl2/Brms1l"
"GOBP_CELL_SURFACE_RECEPTOR_SIGNALING_PATHWAY_VIA_JAK_STAT",0.984912415292162,1,0.00787993871464145,0.201952029757042,0.499284803047458,17,"Cyp1b1/Tnfrsf18/Ghr"
"GOBP_BRANCHING_MORPHOGENESIS_OF_AN_EPITHELIAL_TUBE",0.985276073619632,1,0.0329889785720029,-0.162818079154626,-0.578398392132905,30,"Lama1/Gdnf/Sox8/Etv5/Col4a1/Ar"
"GOBP_NEURON_PROJECTION_EXTENSION",0.985276073619632,1,0.0329889785720029,-0.162221611741738,-0.576279488664903,30,"Draxin/Mag/Nlgn3/Dclk1/Plxna1/Syt2"
"GOBP_REGULATION_OF_PROTEIN_LOCALIZATION_TO_MEMBRANE",0.985295950155763,1,0.00742437470126139,0.195017106341287,0.508829632429951,22,"Vil1/Mrap/Vamp8/Wnk3/Tmem108/Tnf"
"GOBP_DNA_BIOSYNTHETIC_PROCESS",0.985317252228631,1,0.0299978112712157,-0.16945214657889,-0.56480042994228,23,"Poln/Polk/Ankrd1/Jade1/Hsp90ab1/Hgf/Parp10/Hsp90aa1/Dusp1/Polb/Nynrin/Nox4/Cenpf/Dach1/Cdkn1a/Nhp2/Tert/Jade3/Dnajc2/Ten1/Tnf/Adipoq"
"GOBP_PROTEIN_CONTAINING_COMPLEX_ORGANIZATION",0.985783424077435,1,0.00218371515527161,0.197647091778799,0.68705676174436,248,"Krt10/Atp6v1b1/Nfe2/Alox15/Bbc3/Plek/Lpxn/H2-DMa/Tmc8/Cdc42ep5/Vil1/Ndufs6/Cldn1/Mpo/Ndufaf6/Ccdc115/Unc13c/Timm21/Furin/Lin7a/Atat1/Sptbn4/Ang/Kcns1/Hck/Slain1/P2ry12/Mtrf1/Hccs/Pet100/Stmn4/Nme7/mt-Nd2/Ckap2/Kcnc3/Tpx2/Sirt2/Kcnc4/Rpl38/Snca/Aldh1a3/Apoh/Vamp8/Traf3ip1/Fus/Homer1/Eef2k/Luc7l2/Uqcc3/Nop53/mt-Co3/Haus5/Dnah17/Kcnd1/Coro1a/Uqcc2/Tnf/Celf5/Clgn/Cth/Trp63/Ndufaf8/Cdk1/Ccnb1/Acot13/Ect2/Lix1"
"GOBP_NEGATIVE_REGULATION_OF_MRNA_METABOLIC_PROCESS",0.986958189489835,1,0.00784431539483994,0.198834223596127,0.491576669403715,17,"Dnd1/Tent5c/Fus/Hnrnpab"
"GOBP_NEGATIVE_REGULATION_OF_LIPID_METABOLIC_PROCESS",0.987242268041237,1,0.0079733908126132,0.198350157713518,0.484071273165962,16,"Adora1/Hcar1/Insig1/Il1b/Tnf"
"GOBP_REGULATION_OF_NEUROGENESIS",0.988477458328672,1,0.00523854981755329,0.18339532154223,0.558864163241922,56,"Nr1d1/Epha7/Ldlr/Slitrk1/Itpka/Aspm/Vegfc/Sirt2/Pou4f1/Sox10/Mt3/Il1b/Eef2k/Hap1/Tnf"
"GOBP_REGULATION_OF_VIRAL_LIFE_CYCLE",0.989335621475852,1,0.00705492034714409,0.183175976953669,0.490552013158888,25,"Furin/Kpna2/Ccl5/Cd209b/Lgals1/Tnf/Rnasel/Ppia/Top2a/Ppid/Oas1g/Ifit1bl1/Isg15/Ifih1/Ifitm1"
"GOBP_REGULATION_OF_TRANSMEMBRANE_RECEPTOR_PROTEIN_SERINE_THREONINE_KINASE_SIGNALING_PATHWAY",0.990506329113924,1,0.0381441068234305,-0.153130716533528,-0.601567823591722,46,"Lrp2/Hspa5/Fstl4/Htra4/Kcp/Prdm16/Sin3a/Hsp90ab1/Eid2/Spred3/Ceacam1/Fbn1/Zfp703"
"GOBP_POSITIVE_REGULATION_OF_DEVELOPMENTAL_PROCESS",0.991521146663975,1,0.00194206009124261,0.189560676733413,0.657935034738253,240,"Tnfsf14/Krt10/Ffar4/Camp/Sash3/Lcn2/Sox5/Rag1/Asb4/Vil1/Ddrgk1/Gpr21/Sp7/Gata3/Zdhhc15/Cyp1b1/Adgrb3/Arx/Slitrk1/Ephb1/Sptbn4/Slitrk5/Alox8/Kitl/Itpka/Aspm/Flrt1/Ovol2/Stox1/Slc9b2/Nlgn1/Ghr/Tnfsf11/Vegfc/Foxc2/Sirt2/Thbs2/Pou4f1/Hlx/Foxd1/Tox/Sox10/Fut1/Rras/Igf2/Gdf6/Tbx21"
"GOBP_MORPHOGENESIS_OF_A_BRANCHING_STRUCTURE",0.991688791411751,1,0.00584472411810098,0.178609959327452,0.521797427268164,42,"Epha7/Col13a1/Timeless/Foxc2/Foxd1/Sox10/Tnf/Tfap2c/Trp63/Ednra/Grem1/Areg"
"GOBP_CIRCULATORY_SYSTEM_DEVELOPMENT",0.991803278688525,1,0.13063133623686,-0.162896084875159,-0.796311161165063,212,"Angpt4/Lrp2/Chrna7/Lama1/Dnaaf3/Col8a2/Klk1b1/Cxcl17/Col3a1/Aplnr/E2f8/Angptl4/Ccdc103/Col1a1/Loxl2/Col5a1/Kcnj1/Csrp3/Hoxa7/Cdh11/Ankrd1/Epor/Comp/Ephb2"
"GOBP_REGULATION_OF_RESPONSE_TO_BIOTIC_STIMULUS",0.993095512082854,1,0.00333737673803041,0.18106080025851,0.598178633437277,115,"Il18rap/Fpr2/Fgr/Spn/Rnf26/Nr1d1/Irf5/Ticam2/Atat1/Cd1d1/Hck/Bpifb1/Klk7/Ccl5/Sirt2/Traf3ip1/Klk1/Il1b/Ifi204/Ptpn6/Tigar/Nfkbia/Nop53/Tnf/Nlrc5/Tbk1/Cd300lf/Arg2/Gbp5/Stat1/Irgm2/Dhx58/Ikbke/Rps6ka3/Smpdl3b"
"GOBP_EMBRYO_DEVELOPMENT_ENDING_IN_BIRTH_OR_EGG_HATCHING",0.993147074327886,1,0.00358292586553226,0.178232543344984,0.583021688344392,104,"Elf5/Slc34a2/Ccnb2/Hoxd9/Gata3/Furin/Ccdc62/Tent5c/Ovol2/Mafb/Hs3st6/Rbp4/Foxc2/Sulf2/Sox10/Tbx6/Gsc/Igf2/Traf3ip1/Phf6"
"GOBP_RHO_PROTEIN_SIGNAL_TRANSDUCTION",0.993309545049063,1,0.0269571885094714,-0.162124246909305,-0.491193707935618,16,"Col3a1/Arhgdig/Col1a2"
"GOBP_CARDIAC_MUSCLE_TISSUE_DEVELOPMENT",0.993342052074664,1,0.00640351402371757,0.172318718238166,0.482853565136714,32,"Rbp4/Nprl3/Foxc2/Pou4f1/S1pr1/Msc/Cdk1/Ccnb1/Ednra/Grem1/Kcnj11/Bmp5/Rgs2/Nox4/Prickle1/Adamts9/G6pdx/Sik1"
"GOBP_DEVELOPMENTAL_CELL_GROWTH",0.994747209455023,1,0.0341492010529558,-0.150909213895008,-0.554698962297341,35,"Draxin/Fstl4/Mag/Nlgn3/Dclk1/Plxna1/Syt2"
"GOBP_MUSCLE_CELL_DIFFERENTIATION",0.995102404274265,1,0.00497009578723169,0.169500505623666,0.519270163602465,58,"Tnfsf14/Adgrb3/Myl9/Kel/P2rx2/Igf2/Casp7/Pdcd4/Homer1/Popdc3/Rcan1/Cth/Cdk1/Ccnb1/Ednra/Grem1/Bcl9"
"GOBP_RESPONSE_TO_TRANSFORMING_GROWTH_FACTOR_BETA",0.995793542519327,1,0.00543262355094673,0.168020622375904,0.502172690277449,49,"Lpxn/Sox5/Cldn1/Furin/Ovol2"
"GOBP_ACTIVATION_OF_INNATE_IMMUNE_RESPONSE",0.996237273129703,1,0.00480605772169528,0.169434506894748,0.522672765778348,61,"Nr1d1/Irf5/Ticam2/Atat1/Hck/Bpifb1/Sirt2/Ifi204/Nfkbia/Nop53/Tnf/Tbk1/Cd300lf/Gbp5/Irgm2/Dhx58/Ikbke/Rps6ka3/Smpdl3b"
"GOBP_CELL_SUBSTRATE_JUNCTION_ORGANIZATION",0.99639175257732,1,0.00781536110125244,0.17400997917587,0.424669348057218,16,"Lamtor2/Tesk2/Grem1/Thbs1"
"GOBP_REGULATION_OF_CANONICAL_WNT_SIGNALING_PATHWAY",0.996421755725191,1,0.00640584229096903,0.16173455082291,0.450544688611111,31,"Sfrp5/Aspm/Sulf2/Sox10/Grem1/Amer2/Lgr6/Ctnnd2/Sox13/Prdm15/Mcc/Prickle1/Rbms3"
"GOBP_POSITIVE_REGULATION_OF_CELL_DIFFERENTIATION",0.997119341563786,1,0.00257600926662066,0.174983436953292,0.590760898869945,150,"Tnfsf14/Ffar4/Sash3/Sox5/Rag1/Asb4/Ddrgk1/Sp7/Gata3/Slitrk1/Alox8/Kitl/Itpka/Aspm/Ovol2/Slc9b2/Ghr/Tnfsf11/Vegfc/Sirt2/Pou4f1/Hlx/Tox/Sox10"
"GOBP_SEGMENTATION",0.998184411879134,1,0.00789329404495213,0.168199933760529,0.405200343500386,15,"Mafb/Foxc2/Tbx6/Tcf15/Dvl2/Nkx3-1/Dmrt2/Tdrd1"
"GOBP_REGULATION_OF_CELL_DIFFERENTIATION",0.998288188500654,1,0.00135148055711415,0.177723274633933,0.618796822727674,263,"Tnfsf14/Elf5/Ffar4/Sash3/Bglap/Sox5/Rag1/Asb4/Nr1d1/Epha7/Ddrgk1/Ikzf3/Sp7/Gata3/Ldlr/Bglap2/Slitrk1/Bglap3/Atat1/Ephb1/Tent5c/Alox8/Kitl/Itpka/Aspm/Ovol2/Tob2/Slc9b2/Mafb/Nlgn1/Ghr/Tnfsf11/Tcfl5/Efna1/Vegfc/Ankle1/Sirt2/Ypel4/Pou4f1/Hlx/Tox/Sox10/Tbx6/Nepro/Mt3/Rab37/Rras/Igf2/Gdf6/Tbx21/Pdcd4/Insig1/Mmd/Lgals1/Tcim/Il1b/Ptpn6/Eef2k/Twist2/Cela1/Nfkbia/Adipoq/Hap1/Uqcc2/Tnf/Rcan1/Cth/Trp63/Cdk1/Isl2"
"GOBP_REGULATION_OF_CELLULAR_RESPONSE_TO_GROWTH_FACTOR_STIMULUS",0.998450641876937,1,0.00475242914322882,0.159177047164023,0.491030481419776,61,"Gata3/Ovol2/Vegfc/Sulf2/Foxd1/Mt3/Creb3l1/Il1b/Tmem108/Htra3/Apln/Spry4/Brms1l/Grem1/Bcl9/Tnfaip6/Rbpms2/Brms1/Thbs1"
"GOBP_REGULATION_OF_ANIMAL_ORGAN_MORPHOGENESIS",0.99848847461897,1,0.00737950659512599,0.158666889791469,0.40240112904538,19,"Gata3/Stox1"
"GOBP_CELL_PROJECTION_ORGANIZATION",0.998492310785004,1,0.001184813338035,0.176132586808609,0.614730426786359,278,"Trim67/Brsk2/Celsr3/Plek/Lcn2/Tulp1/Alkal2/Adcyap1/Myo3b/Epha7/Cdc42ep5/Vil1/Rab34/Gata3/Zdhhc15/Cntnap2/Adgrb3/Arx/Slitrk1/Atat1/Ephb1/Sptbn4/Slitrk5/Nrtn/Cep131/Sgk1/Kel/P2ry12/Itpka/Stmn4/Nme7/Flrt1/Rfx2/Nlgn1/Ncam2/Efna1/P3h1/Gprin2/Pou4f1/S1pr1/Foxd1/Tox/Nckipsd/Ccdc61/Cdk10/Sema5b/Tbx6/Mt3"
"GOBP_ACTOMYOSIN_STRUCTURE_ORGANIZATION",0.998909090909091,1,0.00666719616407956,0.146268252178623,0.397557102127418,27,"Myl9/Rhpn1/S1pr1/Arhgef10/Frmd3/Ect2"
"GOBP_HEPATICOBILIARY_SYSTEM_DEVELOPMENT",0.99916067146283,1,0.00645466999497109,0.146563464760013,0.403937501734514,29,"Cldn1/Hlx/Sulf2/Ass1/Tnf/Slc7a5/Srsf5/Arid5b/Ccdc39/Tnfaip3/Tgfa"
"GOBP_TUBE_MORPHOGENESIS",0.9993870044953,1,0.00215865386134919,0.16056389754538,0.547829497253063,174,"Camp/Epgn/Sfrp5/Lcn2/Asb4/Epha7/Gata3/Cyp1b1/Ldlr/Adgrb3/Ephb1/Ang/Timeless/Ovol2/Stox1/Nprl3/Efna1/Vegfc/Foxc2/Hif3a/Thbs2/Hlx/S1pr1/Foxd1/Sox10/Fut1/Apoh/Rras/Cep290/Stab1/Klk1/Creb3l1/Il1b/Ptpn6/Cela1/Cd93/Tnf/Gpnmb/Apln/Tfap2c/Vash2/Trp63/Ednra/Tnfaip2/Egfl7/Grem1/Tnfrsf12a/Scg2/Stat1/Kif20b/Sox18/Areg/Rbpms2/Tert/Sufu/Cnmd/Thbs1/Dvl2/Ptgs2/Tiparp/Plcg1/Cma1/Vstm4/Calcrl/Bmp5/Ccdc39/Kif26b/Ptk2b"
"GOBP_HEART_DEVELOPMENT",0.999681866383881,1,0.00355995404335133,0.152366652426388,0.493751011378049,94,"Gata3/Adamts19/Fzd2/Vcam1/Ovol2/Rbp4/Nprl3/Efna1/Foxc2/Pou4f1/S1pr1/Mnat1/Npy1r/Wnt16/Casp7/Traf3ip1/Pdcd4/Popdc3/Msc/Apln/Borcs8/Cdk1/Ccnb1/Ednra/Grem1/Crip1/Sox18/Tert/Sufu/Dvl2/Kcnj11/Calcrl/Bmp5/Cdkn1a/Ccdc39/Rgs2"
"GOBP_ORGANELLE_ASSEMBLY",1,1,0.0926961428741135,-0.154452582303183,-0.750495748105743,166,"Spag16/Ccno/Dnaaf3/Ttc12/Cfap206/Iqcg/Rsph9/Hydin/Ccdc103/Lrrc4b/Rsph1/Ubxn10/Csrp3/Wee2/Elmod3/Ankrd1/Syt7/Ephb2/Ccdc159/Haus8/Vps25"
