"pathway","pval","padj","log2err","ES","NES","size","leadingEdge"
"GOBP_AEROBIC_RESPIRATION",1.41009891004298e-24,4.29375118108088e-21,1.28710367230144,0.67040319656955,3.07893856359715,120,"Ndufb7/Ndufa5/Uqcr11/Ndufb9/Cox5b/Ndufb10/Cox7c/Uqcrh/Ndufa11/Ndufa3/Cox4i1/Ndufa13/Ndufa8/Uqcc3/Ndufb4/Ndufa7/mt-Co3/Ndufa10/Ndufs7/Park7/Ndufs2/Ndufs6/Atp5l/Ndufa1/Ndufs3/Atp5j2/Uqcrb/Cox6a1/Uqcr10/Cox8a/Pink1/Uqcc2/Ndufc1/Oxa1l/Ndufa4/Atp5d/Ndufb6/Ndufs8/Fxn/Mrps36/Ndufab1/Chchd2/Cox5a/Atp5o/Cox7a2/Shmt2/Idh2/Ndufc2/Atp5j/Cox10/mt-Co2/Idh3b/Cycs/Mdh1/Ppif/Actn3/Trpv4/Ndufa9/Sdhb/Coq9/Nop53/Me3/Cox7b/Etfrf1/Coa6/Dlat/Uqcrfs1/Ndufb5/Cs/Sdhaf4/Uqcrc1/Atp5c1/mt-Nd1/Snca"
"GOBP_CELLULAR_RESPIRATION",3.86260819397057e-22,5.88082097532019e-19,1.22105375677186,0.617189298408654,2.9259960713531,144,"Ndufb7/Ndufa5/Uqcr11/Ndufb9/Cox5b/Nfatc4/Ndufb10/Cox7c/Uqcrh/Ndufa11/Ndufa3/Cox4i1/Ndufa13/Ndufa8/Uqcc3/Ndufb4/Ndufa7/mt-Co3/Ndufa10/Ndufs7/Park7/Ndufs2/Ndufs6/Atp5l/Ndufa1/Ndufs3/Atp5j2/Uqcrb/Cox6a1/Uqcr10/Cox8a/Pink1/Uqcc2/Ndufc1/Oxa1l/Ndufa4/Atp5d/Ndufb6/Ndufs8/Fxn/Mrps36/Chchd5/Ndufab1/Chchd2/Cox5a/Atp5o/Cox7a2/Coq10a/Shmt2/Idh2/Ndufc2/Atp5j/Cox10/mt-Co2/Idh3b/Il10rb/Cycs/Mdh1/Ppif/Actn3/Trpv4/Ndufa9/Sdhb/Coq9/Nop53/Me3/Cox7b/Etfrf1/Coa6/Dlat/Uqcrfs1/Ndufb5/Cs/Sdhaf4/Uqcrc1/Atp5c1/mt-Nd1/Snca"
"GOBP_OXIDATIVE_PHOSPHORYLATION",1.09561085818207e-21,1.1120450210548e-18,1.20397524075264,0.70094086124539,3.08778055167819,93,"Ndufb7/Ndufa5/Uqcr11/Ndufb9/Cox5b/Ndufb10/Cox7c/Uqcrh/Ndufa11/Ndufa3/Cox4i1/Ndufa13/Ndufa8/Uqcc3/Ndufb4/Ndufa7/mt-Co3/Ndufa10/Ndufs7/Park7/Ndufs2/Ndufs6/Atp5l/Ndufa1/Ndufs3/Atp5j2/Uqcrb/Cox6a1/Uqcr10/Cox8a/Pink1/Uqcc2/Ndufc1/Ndufa4/Atp5d/Ndufb6/Ndufs8/Fxn/Ndufab1/Chchd2/Cox5a/Atp5o/Cox7a2/Shmt2/Ndufc2/Atp5j/mt-Co2/Cycs/Ppif/Actn3/Ndufa9/Sdhb/Coq9/Cox7b/Etfrf1/Coa6/Uqcrfs1/Ndufb5/Uqcrc1/Atp5c1/mt-Nd1/Snca"
"GOBP_ATP_SYNTHESIS_COUPLED_ELECTRON_TRANSPORT",2.98912778959134e-19,2.27547352982641e-16,1.13308993200902,0.741766144963721,3.05589228477652,65,"Ndufb7/Ndufa5/Uqcr11/Ndufb9/Cox5b/Ndufb10/Cox7c/Uqcrh/Ndufa11/Ndufa3/Cox4i1/Ndufa8/Uqcc3/Ndufb4/Ndufa7/mt-Co3/Ndufa10/Ndufs7/Park7/Ndufs2/Ndufs6/Ndufa1/Ndufs3/Uqcrb/Cox6a1/Uqcr10/Cox8a/Pink1/Ndufc1/Ndufa4/Ndufb6/Ndufs8/Ndufab1/Chchd2/Cox5a/Cox7a2/Ndufc2/mt-Co2/Cycs/Ndufa9/Sdhb/Coq9/Cox7b/Coa6/Uqcrfs1/Ndufb5/Uqcrc1/mt-Nd1/Snca"
"GOBP_ELECTRON_TRANSPORT_CHAIN",4.25924183476548e-19,2.59387827737217e-16,1.13308993200902,0.701265631252551,2.99750757299864,78,"Ndufb7/Ndufa5/Uqcr11/Ndufb9/Cox5b/Ndufb10/Cox7c/Uqcrh/Ndufa11/Ndufa3/Cox4i1/Ndufa8/Uqcc3/Ndufb4/Ndufa7/mt-Co3/Ndufa10/Ndufs7/Park7/Ndufs2/Ndufs6/Ndufa1/Ndufs3/Uqcrb/Cox6a1/Uqcr10/Cox8a/Pink1/Ndufc1/Ndufa4/Ndufb6/Ndufs8/Ndufab1/Chchd2/Cox5a/Cox7a2/Ndufc2/mt-Co2/Cycs/Ndufa9/Fdx1/Sdhb/Coq9/Cox7b/Etfrf1/Coa6/Uqcrfs1/Ndufb5/Uqcrc1/mt-Nd1/Snca/Thap11"
"GOBP_POSITIVE_REGULATION_OF_IMMUNE_RESPONSE",3.36003653819818e-17,1.70521854313558e-14,1.06720998682811,-0.431599463559667,-2.18783848383082,438,"Tlr4/Ptprc/Hspa8/Hsp90aa1/Itgb2/Hspd1/C7/Dusp3/Fpr1/Pde4b/Hspa1b/Prkch/App/Il1b/Hc/Ddx3x/Rnf125/Rps6ka3/Anxa1/Tnfaip3/Themis2/Dhx9/Washc4/Tlr8/Jak2/Cd14/Pik3ap1/Hspa1a/Gbp2/Il33/Pvr/Nfam1/Clec4e/Naip2/Cd300lb/H2-DMb1/Fyb/Tax1bp1/Cd36/Ceacam1/Tlr7/Cd300lf/Lcp2/Cd300ld/Pcbp2/H2-Q7/Il18r1/Traf6/Slc11a1/Icosl/Fgr/Erbin/Il18rap/Lamp2/S100a8/Irf4/Adam8/Il1r1/Lyn/Cd177/Tlr5/Slc39a10/Ulbp1/Fpr2/C3/Nfkbiz/Cd55/Ppt1/Ms4a1/Tec/Il4ra/Clec4n/Itch/Laptm5/Lipa/Ifih1/Slc15a3/Tnfsf13b/Ubqln1/H2-Ob/Pira2/Ifi205/Rtn4/Ptpn22/Rif1/Cblb/Gpld1/Tnip3/Klrk1/Braf/Fzd5/Colec12/Lacc1/Vav3/Zdhhc5/Itgam/C5ar1/Becn1/Mfhas1/Treml4/Tyrobp/Kat5/H2-Q2/Serping1/Myd88/Zc3h12a/Ctss/Cd300a/Kmt5b/Cr1l/Ddx60/Ermap/Usp15/Plcg2/Lat2/Prkd1/Smpdl3a/Pak1/Ifi204/Zdhhc3/B2m/Polr3f/Irgm1/Dhx33/Tbk1/Prkaa1/Btnl10/Irgm2/Klhl6/Stx7/Ereg/Cyld/Fbxo38/Klrc1/Xbp1/Ppp2ca/Irak3/Sash3/Cfi/Esr1/Ptpn6/Zc3hav1/Traf3/C1s1/Alpk1/Cfp/Psen1/Med1/Pirb/Ube2n/Rab11fip2/Tomm70a/Oasl1/Fcgr1/Dgkz/Ptprj/Ipo5/Klrc2/Il18/Fcnb/Spi1/Irak1/Nfkbid/Mapk8/Znfx1/Pum2/Trim56/Shb/Rnf115/Mefv/C2/Zbtb1/Ifng/Il6st/Il12b"
"GOBP_CYTOKINE_PRODUCTION",8.96121822465786e-16,3.89812992772617e-13,1.01754479730988,-0.415922186360272,-2.11695541964585,461,"Tlr4/Ptprc/Hsp90aa1/Thbs1/Ptgs2/Hspd1/Lrrk2/Pde4b/Hspa1b/App/Il1b/Zbtb33/Hc/Ddx3x/Rnf125/Anxa1/Tnfaip3/Dhx9/Hgf/Tlr8/Jak2/Cd14/Gpam/Trim16/Hspa1a/Alox5/Il33/Nfam1/Arg2/Hspb1/Clec4e/Naip2/Cybb/Cd36/Ceacam1/Arrdc4/Col3a1/Cd83/Tlr7/Smad4/Rab1a/Zfp131/H2-Q7/Il18r1/Litaf/Traf6/Slc11a1/Ace2/Icosl/Fgr/Fxr1/Erbin/Pla2r1/Irf4/Adam8/Ripk1/Il1r1/Adcy7/Chia1/Lyn/Chil1/Inhbb/Tlr5/Rock2/Plcb1/Cd24a/C3/Cd55/Casp3/Cebpg/Il4ra/Clec4n/Itch/Laptm5/Postn/Ifih1/Ndfip1/Cd84/Pira2/Adam17/Ifi205/Rtn4/Rac1/Ptpn22/Sorl1/Abcd2/Klrk1/Oas2/Fzd5/Kpna2/Zbtb6/Lacc1/Gpr174/Mertk/C5ar1/Epha2/Nrd1/Atp2b1/Adora2b/Yy1/Anxa4/Iqgap1/Tyrobp/Siglec1/Kat5/H2-Q2/Slc7a5/Myd88/Zfp36/Zc3h12a/Vsir/Bcl6b/Clec4a3/Cr1l/Zbtb2/Epx/Il1r2/Ermap/Creb1/Plcg2/Arfgef2/Pik3cg/Il1rl1/B2m/Itgb6/Polr3f/Tmed10/Ccdc88b/Cd40lg/Sptbn1/Irgm1/Dhx33/Runx1/Ripk3/Tbk1/Btnl10/Irgm2/Ereg/Gpnmb/Cyld/Clec12a/Xbp1/Dicer1/Igf2bp2/Irak3/Sash3/Ptpn6/Zc3hav1/Il12rb2/Traf3/Pld4/Tnfrsf1b/Adamts3/Atf2/Cd96/Psen1/Pirb/Zbtb37"
"GOBP_ACTIVATION_OF_IMMUNE_RESPONSE",2.39234462012637e-15,9.10586171035601e-13,1.00731795687447,-0.445768666180066,-2.20009679504377,333,"Tlr4/Ptprc/Hspa8/Hsp90aa1/Hspd1/C7/Dusp3/Fpr1/Pde4b/Hspa1b/Prkch/App/Il1b/Hc/Ddx3x/Rnf125/Rps6ka3/Tnfaip3/Themis2/Washc4/Tlr8/Cd14/Pik3ap1/Hspa1a/Gbp2/Nfam1/Clec4e/Naip2/Cd300lb/Fyb/Tax1bp1/Cd36/Ceacam1/Tlr7/Cd300lf/Lcp2/Cd300ld/Pcbp2/H2-Q7/Traf6/Icosl/Fgr/Erbin/Lamp2/S100a8/Irf4/Lyn/Tlr5/Slc39a10/Fpr2/C3/Nfkbiz/Cd55/Ppt1/Ms4a1/Tec/Clec4n/Itch/Laptm5/Lipa/Ifih1/Slc15a3/Ubqln1/Pira2/Ifi205/Rtn4/Ptpn22/Cblb/Gpld1/Tnip3/Klrk1/Braf/Colec12/Lacc1/Vav3/Zdhhc5/Itgam/C5ar1/Becn1/Mfhas1/Treml4/Tyrobp/Serping1/Myd88/Zc3h12a/Ctss/Cd300a/Cr1l/Ddx60/Ermap/Usp15/Plcg2/Lat2/Prkd1/Smpdl3a/Pak1/Ifi204/Zdhhc3/Irgm1/Dhx33/Tbk1/Btnl10/Irgm2/Klhl6/Cyld/Klrc1/Ppp2ca/Irak3/Cfi/Esr1/Ptpn6/Zc3hav1/Traf3/C1s1/Alpk1/Cfp/Psen1/Ube2n/Rab11fip2/Tomm70a/Oasl1/Dgkz/Ptprj/Ipo5/Klrc2/Fcnb/Irak1/Nfkbid/Mapk8/Znfx1/Pum2/Shb/Rnf115/Mefv/C2/Ifng"
"GOBP_GENERATION_OF_PRECURSOR_METABOLITES_AND_ENERGY",4.01021361073813e-15,1.35678893829973e-12,0.996986217533181,0.442326578509033,2.29914043965623,282,"Ndufb7/Ndufa5/Uqcr11/Uchl1/Hmgcs2/Ndufb9/Cox5b/Nfatc4/Ndufb10/Cox7c/Uqcrh/Ndufa11/Ndufa3/Cox4i1/Ndufa13/Slc25a4/Ndufa8/Uqcc3/Inpp5k/Pgls/Fdxr/Ndufb4/Ndufa7/mt-Co3/Ndufa10/Ndufs7/Park7/Ndufs2/Pfkm/Ndufs6/Eno3/Prkaca/Atp5l/Ndufa1/Ndufs3/Atp5j2/Uqcrb/Cox6a1/Uqcr10/Ucp2/Cox8a/Pink1/Bpgm/Uqcc2/Tpi1/Aldoa/Ndufc1/Oxa1l/Ndufa4/Atp5d/Ndufb6/Ndufs8/Galk1/Fxn/Mrps36/Chchd5/Gpi1/Ndufab1/Mt3/Chchd2/Cox5a/Pygm/Atp5o/Cox7a2/Coq10a/Shmt2/Idh2/Ndufc2/Atp5j/Cox10/Gys1/mt-Co2/Idh3b/Khk/Il10rb/Cycs/Mdh1/Ppif/Actn3/Trpv4/Ier3/Ndufa9/Fdx1/Aldoc/Sdhb/Coq9/Pfkfb1/Epm2a/Nop53/Me3/Cox7b/Etfrf1/Coa6/Dlat/Uqcrfs1/Ndufb5/Cs/Sdhaf4"
"GOBP_ENERGY_DERIVATION_BY_OXIDATION_OF_ORGANIC_COMPOUNDS",5.52372269279305e-15,1.68197355995548e-12,0.996986217533181,0.491985041432517,2.46039750172347,207,"Ndufb7/Ndufa5/Uqcr11/Ndufb9/Cox5b/Nfatc4/Ndufb10/Cox7c/Uqcrh/Ndufa11/Ndufa3/Cox4i1/Ndufa13/Ndufa8/Uqcc3/Inpp5k/Ndufb4/Ndufa7/mt-Co3/Ndufa10/Ndufs7/Park7/Ndufs2/Pfkm/Ndufs6/Atp5l/Ndufa1/Ndufs3/Atp5j2/Uqcrb/Cox6a1/Uqcr10/Cox8a/Pink1/Uqcc2/Ndufc1/Oxa1l/Ndufa4/Atp5d/Ndufb6/Ndufs8/Fxn/Mrps36/Chchd5/Ndufab1/Mt3/Chchd2/Cox5a/Pygm/Atp5o/Cox7a2/Coq10a/Shmt2/Idh2/Ndufc2/Atp5j/Cox10/Gys1/mt-Co2/Idh3b/Khk/Il10rb/Cycs/Mdh1/Ppif/Actn3/Trpv4/Ndufa9/Sdhb/Coq9/Epm2a/Nop53/Me3/Cox7b/Etfrf1/Coa6/Dlat/Uqcrfs1/Ndufb5/Cs/Sdhaf4/Uqcrc1/Wipi1/Atp5c1/mt-Nd1/Snca"
"GOBP_LYMPHOCYTE_ACTIVATION",1.13910545655747e-14,3.15325101383408e-12,0.986546283587582,-0.402662109944406,-2.05083381542766,470,"Hsph1/Tlr4/Ptprc/Nfil3/Hspd1/Klf6/Dusp3/Samsn1/Icam1/Il1b/Socs3/Jak1/Lepr/Anxa1/Tnfaip3/Themis2/Ctnnb1/Apbb1ip/Jak2/Gpam/Pcyt1a/Jaml/Nfam1/Arg2/Clec4e/H2-DMb1/Bst1/Myh9/Ceacam1/Itgb1/Cd83/H2-Q7/Il18r1/Clec4d/Tgfbr2/Traf6/Dock11/Cxadr/Slc11a1/Icosl/Fgr/Sema6d/Rhoa/Nedd9/Tpd52/Irf4/Itgal/Adam8/Zfp36l2/Lyn/Dock8/Dock2/Swap70/Gapt/Map3k8/Slc39a10/Icos/Ulbp1/Cd24a/Il7r/C3/Was/Nfkbiz/Cd55/Casp3/Ms4a1/Ccr6/Cebpg/Il4ra/Itch/Laptm5/Lipa/Ndfip1/Cd84/Slc7a1/Tarm1/Dclre1c/Tnfsf13b/H2-Ob/Ripor2/Adam17/Ifi205/Ptpn22/Rif1/Nedd4/Cblb/Sirpb1a/Klrk1/Vcam1/Braf/Slc25a5/Fzd5/Sp3/Vav3/Mertk/Azi2/Rag1/Kitl/Skap2/Yy1/Tyrobp/Kat5/H2-Q2/Myd88/Zc3h12a/Vsir/Clec4a3/Tnfsf14/Pkn1/Cd300a/Kmt5b/Cr1l/Nrarp/Plcg2/Pik3cg/Lat2/Pag1/Ifi204/B2m/Rac2/Ccdc88b/Cd40lg/Rbpj/Ildr2/Runx1/Ripk3/Tbk1/Prkaa1/Bmi1/Hells/Bloc1s6/Gpnmb/Wdfy4/Cyld/Mtor/Clec12a/Fbxo38/Klrc1/Xbp1/Sash3/Ptpn6/Dcaf1/Srf/Tnfrsf1b/Tcf7/Dlg1/Atf2/Runx2/Psen1/Pirb/Ahr/Dock10/Mettl3/Cd48"
"GOBP_IMMUNE_RESPONSE_REGULATING_SIGNALING_PATHWAY",4.68307319804283e-14,1.18832982400337e-11,0.965327754226083,-0.445454632909909,-2.19036902675114,319,"Tlr4/Ptprc/Hspa8/Hspd1/Dusp3/Fpr1/Pde4b/Hspa1b/Prkch/App/Ddx3x/Rnf125/Rps6ka3/Tnfaip3/Themis2/Washc4/Tlr8/Cd14/Pik3ap1/Hspa1a/Gbp2/Nfam1/Clec4e/Naip2/Cd300lb/Fyb/Tax1bp1/Cd36/Ceacam1/Tlr7/Cd300lf/Lcp2/Cd300ld/Pcbp2/H2-Q7/Clec4d/Traf6/Icosl/Fgr/Erbin/Lamp2/S100a8/Irf4/Lyn/Tlr5/Slc39a10/Fpr2/Cd24a/C3/Nfkbiz/Ppt1/Ms4a1/Tec/Clec4n/Itch/Laptm5/Lipa/Ifih1/Tarm1/Slc15a3/Ubqln1/Pira2/Ifi205/Rtn4/Ptpn22/Cblb/Gpld1/Tnip3/Klrk1/Braf/Colec12/Lacc1/Vav3/Zdhhc5/Itgam/C5ar1/Becn1/Mfhas1/Treml4/Tyrobp/Myd88/Zc3h12a/Ctss/Cd300a/Cr1l/Ddx60/Ermap/Usp15/Plcg2/Lat2/Prkd1/Smpdl3a/Pak1/Ifi204/Zdhhc3/Irgm1/Dhx33/Tbk1/Btnl10/Irgm2/Klhl6/Cyld/Klrc1/Ppp2ca/Irak3/Esr1/Ptpn6/Zc3hav1/Traf3/Alpk1/Psen1/Pirb/Ube2n/Rab11fip2/Mapk9/Oasl1/Fcgr1/Dgkz/Ptprj/Ipo5/Klrc2/Fcnb/Irak1"
"GOBP_PROTON_TRANSMEMBRANE_TRANSPORT",1.08821939247863e-13,2.5489446539211e-11,0.954541630725724,0.585827569109014,2.62996857490498,104,"Ndufb7/Ndufa5/Atp5g2/Ndufb9/Cox5b/Ndufb10/Atp6v1f/Uqcrh/Ndufa3/Cox4i1/Slc25a4/Ndufa8/Atp5g3/Ndufb4/Ndufa7/mt-Co3/Ndufa10/Ndufs7/Ndufs2/Ndufs6/Atp1a2/Atp5l/Ndufa1/Ndufs3/Atp5j2/Uqcr10/Ucp2/Slc25a22/Cox8a/Ndufc1/Ndufa4/Atp5d/Ndufb6/Ndufs8/Atp5g1/Cox5a/Atp5o/Ndufc2/Atp5j/Atp6v1g1/mt-Co2/Ppif/Slc17a5/Ndufa9/Slc47a1/Slc25a3/Cox7b/Uqcrfs1/Ndufb5/Uqcrc1/Atp5c1/mt-Nd1"
"GOBP_POSITIVE_REGULATION_OF_CYTOKINE_PRODUCTION",7.96686560420608e-13,1.73279326891482e-10,0.921426003494898,-0.447462721561467,-2.17740875548014,288,"Tlr4/Ptprc/Hsp90aa1/Thbs1/Ptgs2/Hspd1/Lrrk2/Pde4b/Hspa1b/App/Il1b/Hc/Ddx3x/Anxa1/Dhx9/Hgf/Tlr8/Jak2/Cd14/Trim16/Hspa1a/Il33/Nfam1/Hspb1/Clec4e/Naip2/Cybb/Cd36/Arrdc4/Cd83/Tlr7/Rab1a/H2-Q7/Il18r1/Traf6/Slc11a1/Fgr/Pla2r1/Irf4/Adam8/Ripk1/Il1r1/Chia1/Chil1/Tlr5/Rock2/Plcb1/C3/Cd55/Cebpg/Il4ra/Clec4n/Laptm5/Postn/Ifih1/Pira2/Adam17/Ifi205/Rtn4/Ptpn22/Sorl1/Klrk1/Oas2/Fzd5/Kpna2/Lacc1/C5ar1/Nrd1/Adora2b/Tyrobp/H2-Q2/Slc7a5/Myd88/Epx/Creb1/Plcg2/Arfgef2/Pik3cg/Il1rl1/B2m/Polr3f/Tmed10/Ccdc88b/Cd40lg/Sptbn1/Dhx33/Runx1/Tbk1"
"GOBP_ATP_BIOSYNTHETIC_PROCESS",8.82502293744404e-13,1.79147965630114e-10,0.921426003494898,0.655216692268594,2.67877895832672,63,"Ndufb7/Ndufa5/Atp5g2/Ndufb9/Ndufb10/Ndufa11/Ndufa3/Ndufa13/Ndufa8/Uqcc3/Atp5g3/Ndufb4/Ndufa7/Ndufa10/Ndufs7/Ndufs2/Ndufs6/Atp5l/Ndufa1/Ndufs3/Atp5j2/Pink1/Aldoa/Ndufc1/Atp5d/Ndufb6/Ndufs8/Atp5g1/Ndufab1/Atp5o/Ndufc2/Atp5j"
"GOBP_ADAPTIVE_IMMUNE_RESPONSE",1.85508849631852e-12,3.41853260949292e-10,0.898671232061694,-0.447567093381177,-2.16437325374103,266,"Tlr4/Ptprc/Hspd1/Trem1/C7/Samsn1/Icam1/Il1b/Socs3/Jak1/Hc/Rnf125/Anxa1/Adgre1/Tnfaip3/Tlr8/Erap1/Jak2/Pcyt1a/Il33/Pvr/Arg2/H2-DMb1/Ceacam1/H2-Q7/Il18r1/Clec4d/Lamp3/Traf6/Slc11a1/Icosl/Il18rap/Irf4/Il1r1/Adcy7/Lyn/Mgl2/Swap70/Ulbp1/Il7r/C3/Was/Nfkbiz/Cd55/Tec/Ccr6/Il4ra/Clec4n/Ndfip1/Cd84/Tarm1/Dclre1c/Tnfsf13b/Csf2rb2/H2-Ob/Pira2/Adam17/Rif1/Nedd4/Klrk1/Fzd5/Rag1/H2-Q2/Serping1/Myd88/Zc3h12a/Clec4a3/Pkn1/Ctss/Kmt5b/Cr1l/Fga/Pik3cg/Lat2/Pag1/Il1rl1/B2m/Pdia3/Cd40lg/Ripk3/Jag1/Prkaa1/Klhl6/Stx7/Mtor/Fbxo38/Klrc1/Il2rb/Sash3/Cfi/Ptpn6/Tnfrsf1b/C1s1/Alox15/Pirb/Ahr"
"GOBP_PROTON_MOTIVE_FORCE_DRIVEN_ATP_SYNTHESIS",1.90854037311591e-12,3.41853260949292e-10,0.898671232061694,0.721687263941272,2.76312244391552,46,"Ndufb7/Ndufa5/Atp5g2/Ndufb9/Ndufb10/Ndufa11/Ndufa3/Ndufa13/Ndufa8/Atp5g3/Ndufb4/Ndufa7/Ndufa10/Ndufs7/Ndufs2/Ndufs6/Atp5l/Ndufa1/Ndufs3/Atp5j2/Ndufc1/Atp5d/Ndufb6/Ndufs8/Atp5g1/Ndufab1/Atp5o/Ndufc2/Atp5j"
"GOBP_T_CELL_ACTIVATION",2.96573191422688e-12,5.01702982156714e-10,0.898671232061694,-0.420181619479095,-2.07073788193044,328,"Hsph1/Ptprc/Hspd1/Dusp3/Icam1/Il1b/Socs3/Jak1/Lepr/Anxa1/Ctnnb1/Apbb1ip/Jak2/Gpam/Jaml/Arg2/Clec4e/H2-DMb1/Myh9/Ceacam1/Cd83/H2-Q7/Il18r1/Clec4d/Tgfbr2/Traf6/Cxadr/Slc11a1/Icosl/Sema6d/Rhoa/Irf4/Itgal/Adam8/Zfp36l2/Lyn/Dock8/Dock2/Map3k8/Icos/Cd24a/Il7r/Was/Nfkbiz/Cd55/Casp3/Ccr6/Il4ra/Itch/Laptm5/Lipa/Ndfip1/Cd84/Slc7a1/Tarm1/Tnfsf13b/H2-Ob/Ripor2/Adam17/Ptpn22/Nedd4/Cblb/Sirpb1a/Klrk1/Vcam1/Braf/Fzd5/Sp3/Azi2/Rag1/Kitl/Tyrobp/Kat5/Zc3h12a/Vsir/Clec4a3/Tnfsf14/Cd300a/Cr1l/Nrarp/Pik3cg/Pag1/B2m/Rac2/Ccdc88b/Cd40lg/Ildr2/Runx1/Ripk3/Tbk1/Prkaa1/Bmi1/Gpnmb/Wdfy4/Cyld/Mtor/Fbxo38/Klrc1/Xbp1/Sash3/Ptpn6/Srf/Tnfrsf1b/Tcf7/Dlg1/Atf2/Runx2/Psen1/Pirb/Mettl3/Prex1/Sh3rf1/Il18/Spi1/Plxna1/Fgl2/Nfkbid/Tmem98/Gpr89/Ikzf3/Shb/Zbtb1/Ifng/Lig4/Il6st/Il12b/Ebi3/Ccr9/Fyn/Kat7/Bcl10/Cd55b/Dusp10/Zfp36l1/Pik3cd/Tespa1/Msn/Ctla4/Atg5/Ppp3cb/Il1rl2/Abl2/Cd1d1/P2rx7/Nck2/Btla/Cdk6/Fcgr2b/Rab27a/Pik3r1"
"GOBP_REGULATION_OF_CELL_ACTIVATION",5.71431392069883e-12,9.15793994133049e-10,0.887074988399873,-0.405459906835693,-2.02027874043148,367,"Hsph1/Tlr4/Ptprc/Thbs1/Hspd1/Lrrk2/Dusp3/Samsn1/App/Il1b/Anxa1/Tnfaip3/Themis2/Ctnnb1/Jak2/Gpam/Il33/Nfam1/Arg2/H2-DMb1/Bst1/Ceacam1/Cd83/Cd300lf/Plek/H2-Q7/Clec4d/Adgrf5/Tgfbr2/Traf6/Icosl/Fgr/Rhoa/Nedd9/Irf4/Adam8/Zfp36l2/Lyn/Dock8/Selp/Map3k8/Slc39a10/Icos/Cd24a/Il7r/Nfkbiz/Cd55/Casp3/Tec/Il4ra/Itch/Laptm5/Ndfip1/Cd84/Slc7a1/Tarm1/Tnfsf13b/Cnr2/H2-Ob/Sh2b3/Ripor2/Pira2/Ifi205/Ddr2/Ptpn22/Rif1/Cblb/Sirpb1a/Klrk1/Vcam1/Braf/Vav3/Mertk/Rag1/Kitl/Mfhas1/Tyrobp/Kat5/Myd88/Zc3h12a/Vsir/Tnfsf14/Pkn1/Cd300a/Kmt5b/Cr1l/Nrarp/Pag1/Il1rl1/Ifi204/B2m/Rac2/Ccdc88b/Cd40lg/Ildr2/Irgm1/Runx1/Ripk3/Prkaa1/Bmi1/Irgm2/Bloc1s6/Gpnmb/Cyld/Mtor/Clec12a/Fbxo38/Klrc1/Xbp1"
"GOBP_LEUKOCYTE_MIGRATION",7.05525797449011e-12,1.05437984247268e-09,0.887074988399873,-0.466424680528298,-2.20457779078424,220,"Thbs1/Ccr1/Itgb2/Trem1/Pde4b/Cxcr2/Bmp5/App/Icam1/Il1b/Hc/Anxa1/Csf3r/Sele/Alox5/Il33/Jaml/Bst1/Myh9/Itgb1/Dusp1/Ppib/Mmp28/Cxadr/Rhoa/Nedd9/S100a8/Eps8/Pafah1b1/Itgal/Adam8/Golph3/Il1r1/Lyn/Dock8/Cd177/Swap70/Selp/Lyst/Fpr2/Plcb1/Gcnt1/Mospd2/Ccr6/S1pr1/Crk/Cnr2/Itga2/Tnfaip6/Ripor2/Adam17/Rin3/Rtn4/Rac1/Rock1/Vegfc/Klrk1/Vcam1/Srp54a/Akirin1/Vav3/Gnai1/C5ar1/Kitl/Myd88/Tnfsf14/Cd300a/Epx/Slit2/Wasl/Pik3cg"
"GOBP_MITOCHONDRIAL_ELECTRON_TRANSPORT_NADH_TO_UBIQUINONE",7.27158512050121e-12,1.05437984247268e-09,0.887074988399873,0.772707411559036,2.76663971108745,34,"Ndufb7/Ndufa5/Ndufb9/Ndufb10/Ndufa11/Ndufa3/Ndufa8/Ndufb4/Ndufa7/Ndufa10/Ndufs7/Park7/Ndufs2/Ndufs6/Ndufa1/Ndufs3/Pink1/Ndufc1/Ndufa4/Ndufb6/Ndufs8/Ndufab1/Ndufc2/Ndufa9/Coq9/Ndufb5/mt-Nd1/Snca"
"GOBP_NUCLEOSIDE_TRIPHOSPHATE_BIOSYNTHETIC_PROCESS",7.67300654234201e-12,1.06201386006506e-09,0.875325132024659,0.614426816600777,2.6101623001605,76,"Ndufb7/Ndufa5/Ak1/Atp5g2/Ndufb9/Ndufb10/Ndufa11/Ndufa3/Ndufa13/Ndufa8/Uqcc3/Atp5g3/Ndufb4/Ndufa7/Ndufa10/Ndufs7/Ndufs2/Ndufs6/Atp5l/Ndufa1/Ndufs3/Atp5j2/Pink1/Aldoa/Ndufc1/Atp5d/Ndufb6/Ndufs8/Atp5g1/Ndufab1/Atp5o/Ndufc2/Atp5j"
"GOBP_INFLAMMATORY_RESPONSE",8.1793836155186e-12,1.08287926561975e-09,0.875325132024659,-0.379833858647295,-1.94060840330998,480,"Tlr4/Ptprc/Hspa8/Thbs1/Ptgs2/Ccr1/Itgb2/Lrrk2/Fpr1/Cxcr2/App/Il1b/Socs3/Hc/Ddx3x/Anxa1/Ndst1/Tnfaip3/Themis2/Dhx9/Hgf/Sele/Tlr8/Jak2/Cd14/Pik3ap1/Alox5/Gbp2/Il33/Nfam1/Fos/Snap23/Naip2/Cybb/Bst1/Cd36/Ceacam1/Itgb1/Tlr7/Serpina3n/Il18r1/Tnc/Slc11a1/Ace2/Fgr/Fxr1/Il18rap/Lamp2/S100a8/Jun/Itgal/Adam8/Ripk1/Il1r1/Adcy7/Chia1/Lyz2/Lyn/Chil1/Gpr141/Selp/Tlr5/Map3k8/Arel1/Fpr2/C3/Nfkbiz/Casp3/Ccr6/Il4ra/Itch/Lipa/Dpp9/Ndfip1/Ccr3/Cnr2/Ccdc39/Tnfaip6/Adam17/Ifi205/Ly75/Rtn4/Rac1/Ptpn22/Cysltr1/Abcd2/Tnip3/Vcam1/Nr4a1/Clock/Lacc1/Cd68/Zdhhc5/Itgam/C5ar1/Acer3/Epha2/Ptafr/Adora2b/Mfhas1/Bmpr1b/Tyrobp/Siglec1/Bmp2/Myd88/Zfp36/Zc3h12a/Plaa"
"GOBP_REGULATION_OF_DEFENSE_RESPONSE",1.75160671755744e-11,2.222351022901e-09,0.863415391606693,-0.37764380366369,-1.92981891062772,487,"Tlr4/Ptprc/Hspa8/Hsp90aa1/Ptgs2/Hspd1/Lrrk2/Hspa1b/App/Ythdf3/Il1b/Socs3/Ddx3x/Rnf125/Rps6ka3/Anxa1/Tnfaip3/Dhx9/Washc4/Hgf/Sele/Tlr8/Erap1/Jak2/Cd14/Pik3ap1/Hspa1a/Alox5/Gbp2/Il33/Pvr/Arg2/Clec4e/Naip2/Tax1bp1/Bst1/Cd36/Ceacam1/Tlr7/Cd300lf/Pcbp2/H2-Q7/Tnc/Traf6/Ace2/Fgr/Fxr1/Trim44/Erbin/Il18rap/Lamp2/S100a8/Irf4/Adam8/Ripk1/Il1r1/Lyn/Tlr5/Map3k8/Arel1/Fpr2/C3/Nfkbiz/Casp3/Ppt1/Clec4n/Itch/Ifih1/Crk/Ndfip1/Slc15a3/Ubqln1/Tnfaip6/Pira2/Dtx3l/Ifi205/Rtn4/Ptpn22/Nt5c2/Tnip3/Klrk1/Clock/Colec12/Lacc1/Ptpn1/Zdhhc5/Rag1/Becn1/Adora2b/Mfhas1/Treml4/Tyrobp/Kat5/H2-Q2/Serping1/Myd88/Zc3h12a/Bcl6b/Ctss/Pbk/Cd300a/Cr1l/Grp/Ddx60/Usp15/Plcg2/Pik3cg/Prkd1/Il1rl1/Smpdl3a/Ythdf2/Pak1/Ifi204/Zdhhc3/Polr3f/Irgm1/Dhx33/Tbk1/Irgm2/Ereg/Il22ra1/Snx4/Pim1/Cyld/Clec12a/Klrc1/Ppp2ca/Irak3/Esr1/Ptpn6/Zc3hav1/Traf3/Tnfrsf1b/Alox15/Alpk1/Cd96/Med1/Pirb/Ahr/Uaca/Ywhaz/Mettl3/Rab11fip2/Ccl3/Tomm70a/Oasl1/Fcgr1/Ipo5/Klrc2/Il18/Fcnb/Spi1/Irak1/Daglb/Fgl2/Dnase1/Napepld/Mapk8/Rb1/Znfx1/Pum2/Gpr4/Snx6/Trim56/Rnf115/Mefv/Ifng/Il6st/Il12b/Rnf39/Tlr3/Cdh5/Pgc/Fyn/Xrcc5/Gnas/Bcl10"
"GOBP_REGULATION_OF_CELL_ADHESION",1.88323625707275e-11,2.29378176111461e-09,0.863415391606693,-0.375270419334495,-1.91307786178135,473,"Hsph1/Ptprc/Thbs1/Itgb2/Hspd1/Dusp3/Il1b/Jak1/Hsd17b12/Piezo1/Anxa1/Sele/Ctnnb1/Apbb1ip/Jak2/Washc2/Gpam/Alox5/Prkx/Arg2/Ptprg/H2-DMb1/Bst1/Cd36/Ceacam1/Cd83/Dusp1/Actn4/Pkd1/H2-Q7/Tnc/Tgfbr2/Traf6/Icosl/Actg1/Mink1/Gtpbp4/Rhoa/Nedd9/Cask/Adam8/Spry4/Cited2/Lyn/Dock8/Edil3/Col1a1/Swap70/Selp/Lama2/Map3k8/Icos/Rock2/Cd24a/Il7r/Lama3/Nfkbiz/Cd55/Casp3/Gcnt1/Il4ra/Itch/Laptm5/S1pr1/Postn/Nfat5/Crk/Ndfip1/Slc7a1/Tarm1/Tnfsf13b/Abi3bp/Npnt/Itga2/H2-Ob/Phldb2/Sh2b3/Ripor2/Rac1/Ptpn22/Cblb/Sirpb1a/Rock1/Klrk1/Nrg1/Vcam1/Braf/Adam9/Rasa1/Utrn/Cd164/Vav3/Ptpn1/Fstl3/Rag1/Kitl/Epha2/Acvrl1/Kat5/Lama4/Bmp2/Zc3h12a/Vsir/Tnfsf14/Rdx/Cd300a/Cr1l/Fga/Nrarp/Tesk1/Tgfbi/Pik3cg/Pag1/Ythdf2/B2m/Vegfa/Rac2/Ccdc88b/Mmp2/Cd40lg/Map4k4/Rbpj/Ildr2/Runx1/Jag1/Prkaa1/Bmi1/Tjp1/Gpnmb/Macf1/Cdc42/Eng/Cyld/Mtor/Fbxo38/Xbp1/Tbcd/Sash3/Ptpn6/Srf/Fgg/Dlg1/Alox15/Fut4/Ppp1cb/Ilk/Pirb/Mettl3/Ppp1r12a/Dock1"
"GOBP_IMMUNE_EFFECTOR_PROCESS",4.69374872103087e-11,5.497101867515e-09,0.851339057116899,-0.394430175350896,-1.96783610006284,370,"Tlr4/Ptprc/Itgb2/Hspd1/Trem1/C7/App/Icam1/Il1b/Socs3/Jak1/Hc/Anxa1/Apbb1ip/Tlr8/Pcyt1a/Il33/Pvr/Clec4e/Snap23/H2-DMb1/Cd36/Ceacam1/Il13ra1/Tlr7/H2-Q7/Il18r1/Litaf/Clec4d/Traf6/Dock11/Slc11a1/Icosl/Fgr/Sema6d/Il18rap/Irf4/Itgal/Il1r1/Lyn/Dock2/Cd177/Swap70/Gapt/Lyst/Icos/Ulbp1/Il7r/C3/Was/Nfkbiz/Cd55/Ccr6/Cebpg/Il4ra/Laptm5/Lipa/Crk/Ndfip1/Cd84/Kmt2e/Csf2rb2/Pira2/Adam17/Rtn4/Rif1/Klrk1/Fzd5/Lacc1/Vav3/Kif5b/Itgam/Adora2b/Tyrobp/H2-Q2/Slc7a5/Serping1/Myd88/Zc3h12a/Sftpa1/Pkn1/Cd300a/Kmt5b/Cr1l/Grp/Epx/Ddx60/Plcg2/Pik3cg/Lat2/Pak1/B2m/Rac2/Cd40lg/Ripk3/Jag1/Tbk1/Prkaa1/Stx7/Snx4/Mtor/Fbxo38/Klrc1/Xbp1/Il2rb/Irak3/Sash3/Cfi/Ptpn6/Tnfrsf1b/Cybc1/C1s1/Cd96/Cfp/Psen1/Pirb/Ahr/Dock10/Ccl3/D6Wsu163e/Fcgr1/Klrc2/Il18/Fcnb/Spi1/Plxna1/Fgl2/Dnase1/Nfkbid/Tmem98/Snx6/Shb/C2/Zbtb1/Ifng/Lig4/Il6st/Il12b/Plec/Hk1/Tlr3/Anxa3/Pgc/Taok3/Fyn/Bcl10/Cd55b/Dusp10"
"GOBP_REGULATION_OF_INNATE_IMMUNE_RESPONSE",5.13191294913402e-11,5.67610346231003e-09,0.851339057116899,-0.418810046472553,-2.04639636671587,296,"Tlr4/Hspa8/Hsp90aa1/Hspd1/Hspa1b/App/Ythdf3/Ddx3x/Rnf125/Rps6ka3/Tnfaip3/Dhx9/Washc4/Tlr8/Erap1/Cd14/Pik3ap1/Hspa1a/Gbp2/Pvr/Clec4e/Naip2/Tax1bp1/Cd36/Ceacam1/Tlr7/Cd300lf/Pcbp2/H2-Q7/Traf6/Fgr/Erbin/Il18rap/Lamp2/S100a8/Irf4/Adam8/Lyn/Tlr5/Fpr2/Nfkbiz/Ppt1/Clec4n/Itch/Ifih1/Crk/Slc15a3/Ubqln1/Pira2/Ifi205/Rtn4/Ptpn22/Tnip3/Klrk1/Colec12/Lacc1/Ptpn1/Zdhhc5/Becn1/Mfhas1/Treml4/Tyrobp/Kat5/H2-Q2/Serping1/Myd88/Ctss/Cd300a/Cr1l/Ddx60/Usp15/Plcg2/Prkd1/Smpdl3a/Ythdf2/Pak1/Ifi204/Zdhhc3/Polr3f/Irgm1/Dhx33/Tbk1/Irgm2/Ereg/Pim1/Cyld/Klrc1/Ppp2ca/Irak3/Esr1/Ptpn6/Zc3hav1/Traf3/Alpk1/Cd96/Med1/Pirb/Ywhaz/Mettl3/Rab11fip2/Tomm70a/Oasl1/Ipo5/Klrc2/Fcnb/Spi1/Irak1"
"GOBP_REGULATION_OF_RESPONSE_TO_BIOTIC_STIMULUS",5.21940548258393e-11,5.67610346231003e-09,0.851339057116899,-0.403377704642292,-2.00051408347391,347,"Tlr4/Hspa8/Hsp90aa1/Hspd1/Hspa1b/App/Ythdf3/Il1b/Ddx3x/Rnf125/Rps6ka3/Tnfaip3/Dhx9/Washc4/Tlr8/Erap1/Cd14/Pik3ap1/Hspa1a/Gbp2/Pvr/Arg2/Clec4e/Naip2/Tax1bp1/Cd36/Ceacam1/Tlr7/Cd300lf/Pcbp2/H2-Q7/Traf6/Fgr/Trim44/Erbin/Il18rap/Lamp2/S100a8/Irf4/Adam8/Lyn/Tlr5/Fpr2/Nfkbiz/Cd55/Ppt1/Clec4n/Itch/Ifih1/Crk/Slc15a3/Ubqln1/Pira2/Dtx3l/Ifi205/Rtn4/Ptpn22/Nt5c2/Tnip3/Klrk1/Colec12/Lacc1/Ptpn1/Zdhhc5/Becn1/Mfhas1/Treml4/Tyrobp/Kat5/H2-Q2/Serping1/Myd88/Zc3h12a/Ctss/Cd300a/Cr1l/Ddx60/Usp15/Plcg2/Prkd1/Smpdl3a/Ythdf2/Pak1/Ifi204/Zdhhc3/Polr3f/Irgm1/Dhx33/Tbk1/Prkaa1/Irgm2/Ereg/Pim1/Cyld/Fbxo38/Klrc1/Ppp2ca/Dapk1/Irak3/Esr1/Ptpn6/Sash1/Zc3hav1/Traf3/Alpk1/Cd96/Med1/Pirb/Ahr/Ywhaz/Mettl3/Rab11fip2/Tomm70a/Oasl1/Ipo5/Klrc2/Fcnb/Spi1/Irak1/Fgl2/Mapk8/Znfx1/Pum2/Trim56/Rnf115/Mefv/Il12b/Rnf39/Tlr3/Pgc/Fyn/Xrcc5/Bcl10/Cd55b/Dusp10"
"GOBP_POSITIVE_REGULATION_OF_RESPONSE_TO_EXTERNAL_STIMULUS",1.87805051874526e-10,1.97195304468252e-08,0.826657301178302,-0.386334988959856,-1.93524051769951,385,"Tlr4/Hspa8/Hsp90aa1/Thbs1/Ptgs2/Ccr1/Hspd1/Lrrk2/Hspa1b/App/Il1b/Ddx3x/Rnf125/Rps6ka3/Tnfaip3/Dhx9/Washc4/Tlr8/Cd14/Pik3ap1/Hspa1a/Gbp2/Il33/Pvr/Hspb1/Clec4e/Naip2/Tax1bp1/Cd36/Tlr7/Cd300lf/Pcbp2/H2-Q7/Traf6/Erbin/Nedd9/Il18rap/Lamp2/S100a8/Irf4/Adam8/Ripk1/Lyn/Fgf2/Swap70/Tlr5/Map3k8/Fpr2/C3/Nfkbiz/Casp3/Ppt1/Mospd2/Ccr6/Clec4n/Itch/S1pr1/Ifih1/Slc15a3/Ubqln1/Itga2/Ripor2/Pira2/Adam17/Ifi205/Rtn4/Rac1/Ptpn22/Vegfc/Tnip3/Klrk1/Braf/Clock/Akirin1/Colec12/Lacc1/Zdhhc5/C5ar1/Becn1/Adora2b/Mfhas1/Treml4/Tyrobp/Kat5/H2-Q2/Myd88/Tnfsf14/Ctss/Cd300a/Ddx60/Usp15/Plcg2/Slit2/Pik3cg/Prkd1/Il1rl1/Smpdl3a/Pak1/Ifi204/Zdhhc3/Vegfa/Rac2/Polr3f/Irgm1/Plat/Dhx33/Tbk1/Irgm2/Ereg/Snx4/Cyld/Klrc1/Ppp2ca/Irak3/Esr1/Sash1/Zc3hav1/Traf3/Alpk1/Med1/Rab11fip2/Ccl3/Tomm70a/Oasl1/Fcgr1/Ptprj/Ipo5/Klrc2/Il18/Fcnb/Spi1/Irak1/Ccl4/Napepld/Mapk8/Znfx1/Pum2/Gpr4/Trim56/Thbd/Rnf115/Mefv/Ppm1f/Ifng/Il6st/Il12b"
"GOBP_REGULATION_OF_CELL_CELL_ADHESION",2.14940903585457e-10,2.18165017139239e-08,0.826657301178302,-0.411333017587056,-2.00142287793574,287,"Hsph1/Ptprc/Itgb2/Hspd1/Dusp3/Il1b/Jak1/Piezo1/Anxa1/Sele/Ctnnb1/Jak2/Gpam/Alox5/Arg2/Ptprg/H2-DMb1/Ceacam1/Cd83/H2-Q7/Tgfbr2/Traf6/Icosl/Mink1/Gtpbp4/Rhoa/Adam8/Cited2/Lyn/Dock8/Swap70/Selp/Map3k8/Icos/Cd24a/Il7r/Nfkbiz/Cd55/Casp3/Gcnt1/Il4ra/Itch/Laptm5/Nfat5/Ndfip1/Slc7a1/Tarm1/Tnfsf13b/H2-Ob/Sh2b3/Ripor2/Ptpn22/Cblb/Sirpb1a/Klrk1/Vcam1/Fstl3/Rag1/Kitl/Kat5/Bmp2/Zc3h12a/Vsir/Tnfsf14/Rdx/Cd300a/Cr1l/Fga/Nrarp/Pag1/Ythdf2/B2m/Vegfa/Ccdc88b/Cd40lg/Ildr2/Runx1/Jag1/Prkaa1/Bmi1/Tjp1/Gpnmb/Cyld/Mtor/Fbxo38/Xbp1"
"GOBP_POSITIVE_REGULATION_OF_DEFENSE_RESPONSE",3.82183158472373e-10,3.75402489531734e-08,0.814035837847908,-0.399982127778803,-1.96076172284026,310,"Tlr4/Hspa8/Hsp90aa1/Ptgs2/Hspd1/Lrrk2/Hspa1b/App/Il1b/Ddx3x/Rnf125/Rps6ka3/Tnfaip3/Dhx9/Washc4/Tlr8/Cd14/Pik3ap1/Hspa1a/Gbp2/Il33/Pvr/Clec4e/Naip2/Tax1bp1/Cd36/Tlr7/Cd300lf/Pcbp2/H2-Q7/Traf6/Erbin/Il18rap/Lamp2/S100a8/Irf4/Adam8/Ripk1/Lyn/Tlr5/Map3k8/Fpr2/C3/Nfkbiz/Casp3/Ppt1/Clec4n/Itch/Ifih1/Slc15a3/Ubqln1/Pira2/Ifi205/Rtn4/Ptpn22/Tnip3/Klrk1/Clock/Colec12/Lacc1/Zdhhc5/Becn1/Adora2b/Mfhas1/Treml4/Tyrobp/Kat5/H2-Q2/Myd88/Ctss/Cd300a/Grp/Ddx60/Usp15/Plcg2/Pik3cg/Prkd1/Il1rl1/Smpdl3a/Pak1/Ifi204/Zdhhc3/Polr3f/Irgm1/Dhx33/Tbk1/Irgm2/Ereg/Snx4/Cyld/Klrc1/Ppp2ca/Irak3/Esr1/Zc3hav1/Traf3/Alpk1/Med1/Rab11fip2/Ccl3/Tomm70a/Oasl1/Fcgr1/Ipo5/Klrc2/Il18/Fcnb/Spi1/Irak1/Napepld/Mapk8/Znfx1/Pum2/Gpr4/Trim56/Rnf115/Mefv/Ifng/Il6st/Il12b/Rnf39/Tlr3/Pgc/Fyn/Xrcc5/Bcl10"
"GOBP_POSITIVE_REGULATION_OF_RESPONSE_TO_BIOTIC_STIMULUS",4.68446599212494e-10,4.45756217063139e-08,0.801215574617779,-0.418085084391767,-2.01423516563865,260,"Tlr4/Hspa8/Hsp90aa1/Hspd1/Hspa1b/App/Ddx3x/Rnf125/Rps6ka3/Tnfaip3/Dhx9/Washc4/Tlr8/Cd14/Pik3ap1/Hspa1a/Gbp2/Pvr/Clec4e/Naip2/Tax1bp1/Cd36/Tlr7/Cd300lf/Pcbp2/H2-Q7/Traf6/Erbin/Il18rap/Lamp2/S100a8/Irf4/Adam8/Lyn/Tlr5/Fpr2/Nfkbiz/Ppt1/Clec4n/Itch/Ifih1/Slc15a3/Ubqln1/Pira2/Ifi205/Rtn4/Ptpn22/Tnip3/Klrk1/Colec12/Lacc1/Zdhhc5/Becn1/Mfhas1/Treml4/Tyrobp/Kat5/H2-Q2/Myd88/Ctss/Cd300a/Ddx60/Usp15/Plcg2/Prkd1/Smpdl3a/Pak1/Ifi204/Zdhhc3/Polr3f/Irgm1/Dhx33/Tbk1/Prkaa1/Irgm2/Ereg/Cyld/Fbxo38/Klrc1/Ppp2ca/Irak3/Esr1/Sash1/Zc3hav1/Traf3/Alpk1/Med1/Rab11fip2/Tomm70a/Oasl1/Ipo5/Klrc2/Fcnb/Spi1/Irak1/Mapk8/Znfx1/Pum2/Trim56/Rnf115/Mefv/Il12b/Rnf39/Tlr3/Pgc/Fyn/Xrcc5/Bcl10"
"GOBP_LEUKOCYTE_CELL_CELL_ADHESION",5.02522500464824e-10,4.63691216337997e-08,0.801215574617779,-0.431794877289454,-2.07025578471823,247,"Hsph1/Ptprc/Itgb2/Hspd1/Dusp3/Icam1/Il1b/Anxa1/Sele/Jak2/Gpam/Alox5/Arg2/H2-DMb1/Itgb1/Cd83/H2-Q7/Tgfbr2/Traf6/Icosl/Rhoa/S100a8/Itgal/Adam8/Golph3/Lyn/Dock8/Cd177/Selp/Map3k8/Icos/Cd24a/Il7r/Nfkbiz/Cd55/Casp3/Gcnt1/Il4ra/Itch/Laptm5/Nfat5/Ndfip1/Slc7a1/Tarm1/Tnfsf13b/H2-Ob/Ripor2/Ptpn22/Cblb/Sirpb1a/Rock1/Klrk1/Vcam1/Rag1/Kitl/Kat5/Zc3h12a/Vsir/Tnfsf14/Cd300a/Cr1l/Nrarp/Pag1/B2m/Rac2/Ccdc88b/Cd40lg/Ildr2/Runx1/Prkaa1/Bmi1/Gpnmb/Cyld/Mtor/Fbxo38/Xbp1/Sash3/Ptpn6"
"GOBP_ACTIVATION_OF_INNATE_IMMUNE_RESPONSE",1.13188567053422e-09,1.01370349022844e-07,0.788186810800237,-0.448706228863237,-2.09565209633154,199,"Tlr4/Hspa8/Hsp90aa1/Hspd1/Hspa1b/App/Ddx3x/Rnf125/Rps6ka3/Tnfaip3/Washc4/Tlr8/Cd14/Pik3ap1/Hspa1a/Gbp2/Clec4e/Naip2/Tax1bp1/Cd36/Tlr7/Cd300lf/Pcbp2/Traf6/Erbin/Lamp2/S100a8/Irf4/Lyn/Tlr5/Nfkbiz/Ppt1/Clec4n/Itch/Ifih1/Slc15a3/Ubqln1/Pira2/Ifi205/Rtn4/Ptpn22/Tnip3/Klrk1/Colec12/Lacc1/Zdhhc5/Becn1/Mfhas1/Treml4/Tyrobp/Myd88/Ctss/Cd300a/Ddx60/Usp15/Plcg2/Prkd1/Smpdl3a/Pak1/Ifi204/Zdhhc3/Irgm1/Dhx33/Tbk1/Irgm2/Cyld/Klrc1/Ppp2ca/Irak3/Esr1/Zc3hav1/Traf3/Alpk1/Rab11fip2/Tomm70a/Oasl1/Ipo5/Klrc2/Fcnb/Irak1/Mapk8/Znfx1/Pum2/Rnf115/Mefv/Rnf39/Tlr3/Fyn/Xrcc5/Bcl10"
"GOBP_REGULATION_OF_LYMPHOCYTE_ACTIVATION",1.63434579361303e-09,1.42188084044334e-07,0.788186810800237,-0.40455374394722,-1.97911334475723,302,"Hsph1/Tlr4/Ptprc/Hspd1/Dusp3/Samsn1/Il1b/Anxa1/Tnfaip3/Themis2/Ctnnb1/Jak2/Gpam/Nfam1/Arg2/H2-DMb1/Bst1/Ceacam1/Cd83/H2-Q7/Tgfbr2/Traf6/Icosl/Fgr/Rhoa/Nedd9/Irf4/Adam8/Zfp36l2/Lyn/Dock8/Map3k8/Slc39a10/Icos/Cd24a/Il7r/Nfkbiz/Cd55/Casp3/Il4ra/Itch/Laptm5/Ndfip1/Slc7a1/Tarm1/Tnfsf13b/H2-Ob/Ripor2/Ifi205/Ptpn22/Rif1/Cblb/Sirpb1a/Klrk1/Vcam1/Braf/Vav3/Mertk/Rag1/Kitl/Tyrobp/Kat5/Myd88/Zc3h12a/Vsir/Tnfsf14/Pkn1/Cd300a/Kmt5b/Cr1l/Nrarp/Pag1/Ifi204/B2m/Rac2/Ccdc88b/Cd40lg/Ildr2/Runx1/Ripk3/Prkaa1/Bmi1/Bloc1s6/Gpnmb/Cyld/Mtor/Clec12a/Fbxo38/Klrc1/Xbp1/Sash3/Ptpn6/Tnfrsf1b/Tcf7/Dlg1"
"GOBP_CELL_ACTIVATION_INVOLVED_IN_IMMUNE_RESPONSE",2.62682757744445e-09,2.22185832592177e-07,0.774939030136436,-0.451594743135071,-2.08373698379444,181,"Tlr4/Ptprc/Itgb2/Hspd1/App/Icam1/Socs3/Jak1/Anxa1/Apbb1ip/Pcyt1a/Il33/Clec4e/Snap23/H2-DMb1/Ceacam1/Il18r1/Clec4d/Dock11/Slc11a1/Icosl/Fgr/Sema6d/Irf4/Itgal/Lyn/Dock2/Cd177/Swap70/Gapt/Icos/Nfkbiz/Ccr6/Il4ra/Ndfip1/Cd84/Pira2/Rif1/Itgam/Adora2b/Tyrobp/H2-Q2/Myd88/Zc3h12a/Cd300a/Kmt5b/Cr1l/Grp/Plcg2/Pik3cg/Lat2/Rac2/Cd40lg/Tbk1/Snx4/Mtor/Klrc1/Xbp1/Ptpn6/Psen1/Pirb/Dock10/Ccl3/D6Wsu163e/Klrc2/Il18/Spi1/Plxna1/Fgl2/Dnase1/Nfkbid/Tmem98/Snx6/Shb/Ifng/Lig4/Il6st/Il12b"
"GOBP_LEUKOCYTE_CHEMOTAXIS",3.51196116325262e-09,2.89024911948763e-07,0.774939030136436,-0.511089549786407,-2.23302473260741,123,"Thbs1/Ccr1/Itgb2/Trem1/Pde4b/Cxcr2/App/Il1b/Hc/Anxa1/Csf3r/Alox5/Jaml/Bst1/Dusp1/Ppib/Mmp28/Cxadr/Nedd9/S100a8/Adam8/Lyn/Swap70/Lyst/Fpr2/Mospd2/Ccr6/S1pr1/Cnr2/Tnfaip6/Ripor2/Adam17/Rin3/Rac1/Vegfc/Klrk1/Srp54a/Akirin1/Vav3/C5ar1"
"GOBP_REGULATION_OF_T_CELL_ACTIVATION",3.95286309913589e-09,3.16749161496547e-07,0.761460801445585,-0.423410921450028,-2.00797748054515,225,"Hsph1/Ptprc/Hspd1/Dusp3/Il1b/Anxa1/Ctnnb1/Jak2/Gpam/Arg2/H2-DMb1/Ceacam1/Cd83/H2-Q7/Tgfbr2/Traf6/Icosl/Rhoa/Irf4/Adam8/Lyn/Dock8/Map3k8/Icos/Cd24a/Il7r/Nfkbiz/Cd55/Casp3/Il4ra/Itch/Laptm5/Ndfip1/Slc7a1/Tarm1/Tnfsf13b/H2-Ob/Ripor2/Ptpn22/Cblb/Sirpb1a/Klrk1/Vcam1/Braf/Rag1/Kitl/Kat5/Zc3h12a/Vsir/Tnfsf14/Cd300a/Cr1l/Nrarp/Pag1/B2m/Rac2/Ccdc88b/Cd40lg/Ildr2/Runx1/Ripk3/Prkaa1/Bmi1/Gpnmb/Cyld/Mtor/Fbxo38/Xbp1/Sash3/Ptpn6/Tnfrsf1b/Tcf7/Dlg1"
"GOBP_LEUKOCYTE_DIFFERENTIATION",4.24005892347233e-09,3.3105075440957e-07,0.761460801445585,-0.372685716631516,-1.85935167488859,370,"Tlr4/Ptprc/Ccr1/Nfil3/Klf6/App/Il1b/Socs3/Jak1/Lepr/Lbr/Anxa1/Ctnnb1/Il33/Nfam1/Fos/Clec4e/Myh9/Ceacam1/Itgb1/Cd83/H2-Q7/Il18r1/Clec4d/Tgfbr2/Traf6/Dock11/Icosl/Rhoa/Nedd9/Tpd52/Irf4/Pafah1b1/Jun/Adam8/Ripk1/Zfp36l2/Cited2/Lyn/Dock2/Icos/Il7r/Gpc3/Nfkbiz/Ms4a1/Ccr6/Cebpg/Il4ra/Laptm5/Lipa/Ndfip1/Dclre1c/Tnfsf13b/Ccdc39/Tnfaip6/Adam17/Ifi205/Ptpn22/Vcam1/Braf/Slc25a5/Srp54a/Fzd5/Sp3/Mertk/Fstl3/Azi2/Fbn1/Rag1/Kitl/Epha2/Yy1/Tyrobp/Kat5/Bmp2/Myd88/Zc3h12a/Vsir/Cr1l/Creb1/Nrarp/Plcg2/Diaph3/Il1rl1/B2m/Vegfa/Itgb6/Vps13a/Cd40lg/Rbpj/Runx1/Ripk3/Tbk1/Bmi1/Lrrk1/Fasn/Fam102a/Cdc42/Cyld/Mtor/Clec12a/Klrc1/Xbp1/Sash3/Tmem64/Ptpn6/Dcaf1/Srf/Tcf7/Atf2/Runx2/Psen1/Med1/Pirb/Dock10/Mettl3/Ccl3/Farp2/Prex1/Ptprj/L3mbtl3/Sh3rf1/Il18/Spi1/Fgl2/Nfkbid/Tmem98/Rb1/Gpr89/Ikzf3/Shb/Zbtb1/Ifng/Lig4/Il6st/Il12b/Ccr9/Tlr3/Rptor/Ubash3b/Taok3/Kat7/Dusp10/Zfp36l1/Pik3cd/Tal1/Tespa1/Ireb2/Pou2af1/Ctla4/Atg5"
"GOBP_MITOCHONDRIAL_RESPIRATORY_CHAIN_COMPLEX_ASSEMBLY",4.92601374708049e-09,3.74992796496502e-07,0.761460801445585,0.588768183013743,2.42557868164984,65,"Ndufa13/Uqcc3/Ndufs7/Ndufs2/Ndufs6/Ttc19/Ndufs3/Pet100/Coa3/Uqcc2/Fmc1/Oxa1l/Atp5d/Dmac1/Ndufs8/Higd1b/Fxn/Ndufaf8/Ndufaf3/Cox7a2/Ndufc2/Smim20/Sdhaf1/Ndufaf2/Coa6/Ndufaf5/Uqcrfs1/Sdhaf4/Smim4/mt-Nd1/Sdhaf3/Tmem242/Ndufaf1/Lyrm2/Tmem186/Foxred1/mt-Nd6/Lyrm7/Atpaf1/mt-Nd2/Coa4"
"GOBP_TAXIS",5.33821704836173e-09,3.96460266152718e-07,0.761460801445585,-0.414428558751612,-1.99054997016557,252,"Thbs1/Ccr1/Itgb2/Trem1/Dusp3/Fpr1/Pde4b/Cxcr2/App/Il1b/Hc/Anxa1/Flrt3/Csf3r/Hgf/Alox5/Jaml/Sema3a/Hspb1/Bst1/Dusp1/Ppib/Mmp28/Cxadr/Sema6d/Rhoa/Nedd9/S100a8/Adam8/Lyn/Dock2/Fgf2/Swap70/Robo2/Lyst/Fpr2/Mospd2/Ccr6/S1pr1/Crk/Ccr3/Cnr2/Itga2/Tnfaip6/Ripor2/Adam17/Rin3/Rac1/Cysltr1/Vegfc/Klrk1/Nrg1/Vcam1/Srp54a/Nr4a1/Akirin1/Vav3/C5ar1/Epha2/Ptafr/Tnfsf14/Creb1/Slit2/Pik3cg/Prkd1/Sema3c/Tsc2/Usp14/Gdnf/Vegfa/Bin2/Rac2/Mmp2/Mpp1/Gpnmb/Robo1/Eng"
"GOBP_ADAPTIVE_IMMUNE_RESPONSE_BASED_ON_SOMATIC_RECOMBINATION_OF_IMMUNE_RECEPTORS_BUILT_FROM_IMMUNOGLOBULIN_SUPERFAMILY_DOMAINS",7.33443114031696e-09,5.31746257672979e-07,0.761460801445585,-0.448652072658451,-2.06373573067664,178,"Tlr4/Ptprc/Hspd1/C7/Icam1/Il1b/Socs3/Jak1/Hc/Anxa1/Tnfaip3/Tlr8/Jak2/Pcyt1a/Il33/Pvr/Ceacam1/H2-Q7/Il18r1/Traf6/Slc11a1/Irf4/Il1r1/Swap70/Ulbp1/Il7r/C3/Was/Nfkbiz/Cd55/Ccr6/Il4ra/Clec4n/Ndfip1/Tnfsf13b/Csf2rb2/Adam17/Rif1/Fzd5/H2-Q2/Serping1/Myd88/Zc3h12a/Pkn1/Kmt5b/Cr1l/Il1rl1/B2m/Cd40lg/Ripk3/Jag1/Prkaa1/Klhl6/Stx7/Mtor/Fbxo38/Klrc1/Il2rb/Sash3/Cfi/Ptpn6/Tnfrsf1b/C1s1/Pirb/Ahr"
"GOBP_MONONUCLEAR_CELL_DIFFERENTIATION",8.13480961258785e-09,5.76058029542558e-07,0.747739663149885,-0.385973281690571,-1.89186033841126,311,"Tlr4/Ptprc/Nfil3/Klf6/App/Il1b/Socs3/Jak1/Lepr/Anxa1/Ctnnb1/Il33/Nfam1/Fos/Clec4e/Myh9/Ceacam1/Itgb1/Cd83/H2-Q7/Il18r1/Clec4d/Tgfbr2/Traf6/Dock11/Icosl/Rhoa/Tpd52/Irf4/Jun/Adam8/Ripk1/Zfp36l2/Lyn/Dock2/Icos/Il7r/Nfkbiz/Ms4a1/Ccr6/Cebpg/Il4ra/Laptm5/Lipa/Ndfip1/Dclre1c/Tnfsf13b/Ccdc39/Adam17/Ifi205/Ptpn22/Vcam1/Braf/Slc25a5/Fzd5/Sp3/Mertk/Azi2/Rag1/Yy1/Kat5/Myd88/Zc3h12a/Vsir/Cr1l/Nrarp/Plcg2/Diaph3/Il1rl1/B2m/Vegfa/Itgb6/Vps13a/Cd40lg/Rbpj/Runx1/Ripk3/Tbk1/Bmi1/Fasn/Cdc42/Cyld/Mtor/Clec12a/Klrc1/Xbp1/Sash3/Ptpn6/Dcaf1/Srf/Tcf7/Atf2/Runx2/Psen1/Med1/Pirb/Dock10/Mettl3/Prex1/Ptprj/L3mbtl3/Sh3rf1/Il18/Spi1/Fgl2/Nfkbid/Tmem98/Rb1/Gpr89/Ikzf3/Shb/Zbtb1/Ifng/Lig4/Il6st/Il12b"
"GOBP_MYELOID_LEUKOCYTE_ACTIVATION",1.18613308914523e-08,8.20858012828918e-07,0.747739663149885,-0.477830286914675,-2.1389382464091,145,"Tlr4/Ptprc/Thbs1/Itgb2/Hspd1/Lrrk2/Cxcr2/App/Anxa1/Jak2/Il33/Snap23/Cd300lf/Lcp2/Clec4d/Adgrf5/Tgfbr2/Traf6/Slc11a1/Fgr/Il18rap/Irf4/Jun/Lyn/Dock2/Cd177/Fpr2/Il4ra/Cd84/Cnr2/Kmt2e/Pira2/Adam9/Nr4a1/Itgam/C5ar1/Adora2b/Mfhas1/Tyrobp/Myd88/Zc3h12a/Cd300a/Grp/Plcg2/Pik3cg/Lat2/Il1rl1/Itgb6/Cd93/Rac2/Rbpj/Irgm1/Irgm2/Snx4/Clec12a"
"GOBP_PURINE_NUCLEOTIDE_BIOSYNTHETIC_PROCESS",1.63834296089131e-08,1.08752803768471e-06,0.73376198835648,0.496249632353195,2.24884875246508,110,"Ndufb7/Ndufa5/Ak1/Atp5g2/Ndufb9/Ndufb10/Ndufa11/Ndufa3/Ndufa13/Ndufa8/Uqcc3/Atp5g3/Ndufb4/Ndufa7/Ndufa10/Ndufs7/Ndufs2/Ndufs6/Atp5l/Ndufa1/Ndufs3/Atp5j2/Pink1/Aldoa/Ndufc1/Atp5d/Ndufb6/Ndufs8/Guk1/Atp5g1/Ndufab1/Atp5o/Papss2/Idh2/Ndufc2/Atp5j/Naprt/Ndufa9/Sdhb/Adcy1/Tmsb4x/Ndufb5/Adssl1/Atp5c1/mt-Nd1"
"GOBP_POSITIVE_REGULATION_OF_CELL_CELL_ADHESION",1.642899498637e-08,1.08752803768471e-06,0.73376198835648,-0.437828338221418,-2.02757097640303,187,"Hsph1/Ptprc/Itgb2/Hspd1/Il1b/Jak1/Piezo1/Anxa1/Sele/Ctnnb1/Jak2/Gpam/Alox5/H2-DMb1/Cd83/H2-Q7/Tgfbr2/Traf6/Icosl/Rhoa/Adam8/Cited2/Lyn/Dock8/Selp/Map3k8/Icos/Cd24a/Il7r/Nfkbiz/Cd55/Gcnt1/Il4ra/Nfat5/Slc7a1/Tnfsf13b/H2-Ob/Sirpb1a/Klrk1/Vcam1/Fstl3/Rag1/Kitl/Kat5/Vsir/Tnfsf14/Cr1l/Fga/B2m/Ccdc88b/Cd40lg/Runx1/Prkaa1/Bmi1/Tjp1/Cyld/Mtor/Fbxo38/Xbp1/Sash3/Ptpn6"
"GOBP_MYELOID_LEUKOCYTE_MIGRATION",2.71847813664545e-08,1.76122679278413e-06,0.73376198835648,-0.483872273076702,-2.12547359957025,128,"Thbs1/Ccr1/Itgb2/Trem1/Pde4b/Cxcr2/App/Il1b/Hc/Anxa1/Csf3r/Jaml/Bst1/Dusp1/Ppib/Mmp28/Cxadr/S100a8/Pafah1b1/Adam8/Il1r1/Lyn/Cd177/Swap70/Fpr2/Plcb1/Mospd2/Tnfaip6/Ripor2/Rin3/Rtn4/Rac1/Vegfc/Srp54a/Akirin1/Vav3/C5ar1/Kitl/Myd88/Cd300a/Epx/Slit2/Pik3cg/Vegfa/Rac2/Mmp2"
"GOBP_CELL_CHEMOTAXIS",2.97076824594826e-08,1.88458110602343e-06,0.73376198835648,-0.454343440884662,-2.0757563954354,169,"Thbs1/Ccr1/Itgb2/Trem1/Pde4b/Cxcr2/App/Il1b/Hc/Anxa1/Csf3r/Hgf/Alox5/Jaml/Hspb1/Bst1/Dusp1/Ppib/Mmp28/Cxadr/Nedd9/S100a8/Adam8/Lyn/Fgf2/Swap70/Lyst/Fpr2/Mospd2/Ccr6/S1pr1/Crk/Ccr3/Cnr2/Tnfaip6/Ripor2/Adam17/Rin3/Rac1/Vegfc/Klrk1/Vcam1/Srp54a/Nr4a1/Akirin1/Vav3/C5ar1/Epha2/Tnfsf14/Slit2/Pik3cg/Prkd1/Vegfa/Bin2/Rac2/Mmp2"
"GOBP_RESPONSE_TO_TOPOLOGICALLY_INCORRECT_PROTEIN",3.83185083182946e-08,2.38122158835116e-06,0.719512826338911,-0.520446658390899,-2.2025606229131,100,"Dnaja1/Hsph1/Dnajb1/Hspa8/Hsp90aa1/Thbs1/Bag3/Hspd1/Tmem33/Hspa4/Dnajb4/Serpinh1/Hspa1a/Hspb1/Eif2s1/Hsp90ab1/Hspa5/Yod1/Akt3/Erp44/Qrich1/Parp8/Ptpn1/Rhbdd1/Herpud2/Serp1/Cth/Edem3"
"GOBP_ENDOCYTOSIS",5.06438478175809e-08,3.08421033209068e-06,0.719512826338911,-0.346532246963991,-1.75391834159102,430,"Tlr4/Ptprc/Thbs1/Itgb2/Lrrk2/Pik3c2a/Cxcr2/App/Usp33/Picalm/Lepr/Anxa1/Rab5a/Cltc/Sele/Cd14/Myo1f/Myh9/Cd36/Ceacam1/Neurl3/Itgb1/Ston1/Cd300lf/Rab1a/Fmr1/Numb/Scyl2/Slc11a1/Ace2/Actg1/Fgr/Mdm2/Ncf2/Pla2r1/Itgal/Dnajc13/Lyn/Mgl2/Dock2/Cd177/Mrc1/Lyst/Fpr2/C3/Gpc3/Ppt1/Lmbrd1/Itch/Lipa/Lrp2/Rabgap1l/Tpcn2/Itga2/Anxa11/Canx/Nostrin/Arf6/Rin3/Ly75/Rac1/Aplnr/Sorl1/Nedd4/Cblb/Cdc42se2/Sirpb1a/Rock1/Nrg1/Dgkq/Wasf2/Colec12/Vav3/Hmmr/Ptpn1/Mertk/Itgam/Myo19/Becn1/Calm1/Tyrobp/Siglec1/Reps2/Myd88/Ociad2/Snx5/Fnbp1l/Sftpa1/Arhgap25/Abca2/Myo5b/Cd300a/Aak1/Abca13/Plcg2/Wasl/Myo5c/Pik3cg/Prkd1/Pak1/Tsc2/Arc/B2m/Vegfa/Rabep1/Cd93/Bin2/Rab31/Rinl/Ap3s1/Ghr/Cdc42/Mtmr6/Heatr5a/Il2rb/Snx1/Ralb/Cav2/Pld4/Lrp5/Alox15/Usp32/Cfp/Npc1/Pirb/Mkln1/Fcho2/Rab11fip2/Dock1/Ston2/Atad1/Ehd2/Clcn5/Fcgr1/Cap1/Ptprj/Gapvd1/Sdcbp/Fcnb/Ackr3/Rala"
"GOBP_DE_NOVO_PROTEIN_FOLDING",5.8855000414875e-08,3.51398973065283e-06,0.719512826338911,-0.820595001671338,-2.42782556758577,19,"Hsph1/Dnajb1/Hspa8/Hspd1/Hspa1b/Dnajb4/Hspa1a/Hspa13/Hspa5"
"GOBP_IMMUNE_RESPONSE_REGULATING_CELL_SURFACE_RECEPTOR_SIGNALING_PATHWAY",7.20601382366588e-08,4.21967540251204e-06,0.704975715167238,-0.427181996001864,-1.99337581157618,196,"Tlr4/Ptprc/Dusp3/Fpr1/Pde4b/Prkch/Tnfaip3/Themis2/Cd14/Pik3ap1/Nfam1/Clec4e/Fyb/Tax1bp1/Ceacam1/Lcp2/H2-Q7/Clec4d/Traf6/Icosl/Fgr/Lyn/Tlr5/Slc39a10/Fpr2/Cd24a/C3/Nfkbiz/Ms4a1/Tec/Clec4n/Laptm5/Lipa/Pira2/Ifi205/Ptpn22/Cblb/Gpld1/Tnip3/Klrk1/Braf/Vav3/Itgam/C5ar1/Mfhas1/Tyrobp/Myd88/Zc3h12a/Cd300a/Cr1l/Ermap/Plcg2/Lat2/Pak1/Ifi204/Tbk1/Btnl10/Klhl6/Cyld/Klrc1/Ptpn6/Traf3/Psen1/Pirb/Ube2n/Rab11fip2/Mapk9/Fcgr1/Dgkz/Ptprj/Klrc2/Fcnb/Irak1/Nfkbid/Mapk8"
"GOBP_POSITIVE_REGULATION_OF_CELL_ACTIVATION",7.496383286152e-08,4.30688435968544e-06,0.704975715167238,-0.404113813385777,-1.91432566124126,223,"Hsph1/Tlr4/Ptprc/Thbs1/Hspd1/Lrrk2/App/Il1b/Anxa1/Jak2/Gpam/Il33/H2-DMb1/Bst1/Cd83/Plek/H2-Q7/Clec4d/Tgfbr2/Traf6/Icosl/Rhoa/Adam8/Lyn/Dock8/Selp/Map3k8/Slc39a10/Icos/Cd24a/Il7r/Nfkbiz/Cd55/Il4ra/Slc7a1/Tnfsf13b/H2-Ob/Pira2/Ddr2/Rif1/Sirpb1a/Klrk1/Vcam1/Vav3/Rag1/Kitl/Tyrobp/Kat5/Myd88/Vsir/Tnfsf14/Kmt5b/Cr1l/Il1rl1/B2m/Ccdc88b/Cd40lg/Irgm1/Runx1/Prkaa1/Bmi1/Irgm2/Bloc1s6/Cyld/Mtor/Fbxo38/Xbp1/Sash3/Ptpn6"
"GOBP_LEUKOCYTE_PROLIFERATION",8.17217381804019e-08,4.60819801406155e-06,0.704975715167238,-0.426281096350243,-1.98917190881107,196,"Tlr4/Ptprc/Hspd1/Il1b/Anxa1/Tnfaip3/Ctnnb1/Jak2/Gpam/Pcyt1a/Il33/Arg2/H2-DMb1/Bst1/H2-Q7/Tgfbr2/Traf6/Slc11a1/Icosl/Lyn/Dock8/Dock2/Gapt/Slc39a10/Cd24a/Il7r/Nfkbiz/Cd55/Casp3/Ms4a1/Itch/Laptm5/Lipa/Ndfip1/Slc7a1/Tnfsf13b/Csf2rb2/Ripor2/Ifi205/Ptpn22/Cblb/Vcam1/Vav3/Azi2/Kitl/Tyrobp/Myd88/Vsir/Tnfsf14/Pkn1/Cd300a/Cr1l/Pik3cg/Ifi204/Rac2/Ccdc88b/Cd40lg/Ripk3/Tbk1/Bmi1/Hells/Gpnmb"
"GOBP_T_CELL_ACTIVATION_INVOLVED_IN_IMMUNE_RESPONSE",8.52575126618038e-08,4.72016592827623e-06,0.704975715167238,-0.57275345082472,-2.26130778899213,67,"Icam1/Socs3/Jak1/Anxa1/Apbb1ip/Clec4e/H2-DMb1/Ceacam1/Il18r1/Clec4d/Slc11a1/Icosl/Sema6d/Irf4/Itgal/Icos/Nfkbiz/Il4ra/Tyrobp/Zc3h12a/Tbk1/Mtor/Psen1/Pirb/Il18/Plxna1/Fgl2/Nfkbid/Tmem98/Shb/Ifng/Il6st/Il12b"
"GOBP_ALPHA_BETA_T_CELL_ACTIVATION",9.16981964872043e-08,4.98608943399173e-06,0.704975715167238,-0.512147845048314,-2.18726975081006,105,"Hsph1/Ptprc/Socs3/Jak1/Anxa1/Jak2/Arg2/Cd83/H2-Q7/Il18r1/Tgfbr2/Icosl/Rhoa/Irf4/Dock2/Icos/Nfkbiz/Cd55/Il4ra/Itch/Ndfip1/Tarm1/Cblb/Braf/Zc3h12a/Vsir/Clec4a3/Cd300a/Runx1/Tbk1/Wdfy4/Mtor/Sash3/Atf2/Pirb/Sh3rf1/Il18/Nfkbid/Tmem98/Shb/Ifng/Il6st/Il12b/Ebi3"
"GOBP_ATP_METABOLIC_PROCESS",9.82057242091828e-08,5.24625316170108e-06,0.704975715167238,0.439329992613767,2.07725764875172,141,"Ndufb7/Ndufa5/Ak1/Uchl1/Atp5g2/Ndufb9/Ndufb10/Ndufa11/Ndufa3/Ndufa13/Ndufa8/Uqcc3/Atp5g3/Ndufb4/Ndufa7/Ndufa10/Ndufs7/Ndufs2/Pfkm/Ndufs6/Eno3/Atp1a2/Prkaca/Atp5l/Ndufa1/Ndufs3/Atp5j2/Ucp2/Pink1/Bpgm/Tpi1/Aldoa/Ndufc1/Atp5d/Ndufb6/Ndufs8/Galk1/Gpi1/Atp5g1/Ndufab1/Atp5o/Ndufc2/Atp5j/Actn3/Ier3/Ndufa9/Aldoc/Sdhb/Pfkfb1"
"GOBP_MITOCHONDRIAL_TRANSLATION",1.29654488408124e-07,6.60912815900469e-06,0.690132458796796,0.50643963304667,2.20065248671126,86,"Mrpl41/Mrpl20/Mrps11/Mrpl52/Mrps15/Aurkaip1/Mrpl43/Mrpl48/Mrpl4/Mrpl58/Mrps24/Coa3/Uqcc2/Mrpl51/Oxa1l/Trub2/Mrpl13/Mrpl30/Mrpl22/Mrpl34/Mrps26/Mrps5/Shmt2/Mrps17/Rcc1l/Mrps25/Gatb/Mrpl15/Mrpl9/Mrps18a/Mrpl37/Mrpl42/Mtg1/Mrpl44/Mrps33/Mrps14/Tars2/Malsu1/Mrpl21/Mrpl40/Mrpl55/Mtif3"
"GOBP_DE_NOVO_POST_TRANSLATIONAL_PROTEIN_FOLDING",1.30022380016637e-07,6.60912815900469e-06,0.690132458796796,-0.844721711326113,-2.35590676954308,15,"Hsph1/Dnajb1/Hspa8/Hspa1b/Dnajb4/Hspa1a/Hspa13/Hspa5"
"GOBP_INTRACELLULAR_RECEPTOR_SIGNALING_PATHWAY",1.30229126285807e-07,6.60912815900469e-06,0.690132458796796,-0.398900549777207,-1.90061034466595,235,"Tlr4/Hspa8/Hspa1b/Arntl/Ddx3x/Rnf125/Zfp366/Tnfaip3/Washc4/Tlr8/Jak2/Trim16/Pik3ap1/Hspa1a/Gbp2/Rnf6/Tax1bp1/Cd36/Tlr7/Strn3/Abhd2/Actn4/Pcbp2/Traf6/Plpp1/Erbin/Rhoa/Lamp2/Cdk12/Cited2/Ddx5/Fam120b/Ppt1/Itch/Ifih1/Slc15a3/Ubqln1/Taf7/Pira2/Ifi205/Rtn4/Ptpn22/Nedd4/Nr2c2/Nr4a1/Clock/Colec12/Lacc1/Zdhhc5/Shq1/Becn1/Cnot2/Trim24/Treml4/Bmp2/Myd88/Pdk3/Nr4a2/Pkn1/Kdm3a/Ddx60/Usp15/Plcg2/Prkd1/Smpdl3a/Pak1/Zdhhc3/Ddx54/Irgm1/Dhx33/Tbk1/Irgm2/Nr3c2/Pim1/Huwe1/Cyld/Ppp2ca"
"GOBP_PURINE_CONTAINING_COMPOUND_BIOSYNTHETIC_PROCESS",1.3516639237008e-07,6.74724040601465e-06,0.690132458796796,0.432031511434992,2.06597147830625,149,"Ndufb7/Ndufa5/Ak1/Atp5g2/Bckdk/Pdk2/Ndufb9/Ndufb10/Ndufa11/Ndufa3/Ndufa13/Ndufa8/Uqcc3/Atp5g3/Ndufb4/Ndufa7/Ndufa10/Ndufs7/Ndufs2/Ndufs6/Atp5l/Ndufa1/Ndufs3/Atp5j2/Pink1/Ppt2/Aldoa/Ndufc1/Atp5d/Ndufb6/Ndufs8/Guk1/Atp5g1/Ndufab1/Atp5o/Papss2/Idh2/Ndufc2/Atp5j/Pdhx/Naprt/Acsbg1/Hacd1/Ndufa9/Ppcdc/Sdhb/Mlycd/Dlat/Adcy1/Tmsb4x/Ndufb5/Pdk1/Adssl1/Atp5c1/mt-Nd1/Snca"
"GOBP_NEUTROPHIL_MIGRATION",1.88699237919733e-07,9.26756741073527e-06,0.690132458796796,-0.591167926712566,-2.29403287797697,62,"Itgb2/Trem1/Pde4b/Cxcr2/Il1b/Csf3r/Jaml/Bst1/Ppib/Cxadr/S100a8/Adam8/Il1r1/Cd177/Mospd2/Tnfaip6/Ripor2/Rtn4/Rac1/Srp54a/Vav3/C5ar1/Myd88/Slit2/Pik3cg/Rac2/Mpp1"
"GOBP_GRANULOCYTE_MIGRATION",2.04912776314259e-07,9.90411752185584e-06,0.690132458796796,-0.521388670051886,-2.13460633092188,83,"Thbs1/Itgb2/Trem1/Pde4b/Cxcr2/Il1b/Anxa1/Csf3r/Jaml/Bst1/Ppib/Cxadr/S100a8/Adam8/Il1r1/Cd177/Mospd2/Tnfaip6/Ripor2/Rtn4/Rac1/Srp54a/Akirin1/Vav3/C5ar1/Myd88/Cd300a/Epx/Slit2/Pik3cg/Vegfa/Rac2"
"GOBP_LYMPHOCYTE_ACTIVATION_INVOLVED_IN_IMMUNE_RESPONSE",2.45346312457026e-07,1.16637178266962e-05,0.674962860011025,-0.477559025013135,-2.09150678477056,125,"Tlr4/Ptprc/Hspd1/Icam1/Socs3/Jak1/Anxa1/Apbb1ip/Pcyt1a/Clec4e/H2-DMb1/Ceacam1/Il18r1/Clec4d/Dock11/Slc11a1/Icosl/Sema6d/Irf4/Itgal/Swap70/Gapt/Icos/Nfkbiz/Ccr6/Il4ra/Ndfip1/Rif1/Tyrobp/H2-Q2/Zc3h12a/Kmt5b/Cr1l/Plcg2/Cd40lg/Tbk1/Mtor/Klrc1/Xbp1/Psen1/Pirb/Dock10/Klrc2/Il18/Spi1/Plxna1/Fgl2/Nfkbid/Tmem98/Shb/Ifng/Lig4/Il6st/Il12b"
"GOBP_CYTOPLASMIC_PATTERN_RECOGNITION_RECEPTOR_SIGNALING_PATHWAY",2.51390574127187e-07,1.16637178266962e-05,0.674962860011025,-0.476660106517137,-2.0754631767395,120,"Tlr4/Hspa8/Hspa1b/Ddx3x/Rnf125/Tnfaip3/Washc4/Tlr8/Pik3ap1/Hspa1a/Gbp2/Tax1bp1/Cd36/Tlr7/Pcbp2/Traf6/Erbin/Lamp2/Ppt1/Itch/Ifih1/Slc15a3/Ubqln1/Pira2/Ifi205/Rtn4/Ptpn22/Colec12/Lacc1/Zdhhc5/Becn1/Treml4/Myd88/Ddx60/Usp15/Plcg2/Prkd1/Smpdl3a/Zdhhc3/Irgm1/Dhx33/Tbk1/Irgm2/Cyld/Ppp2ca"
"GOBP_POSITIVE_REGULATION_OF_LEUKOCYTE_CELL_CELL_ADHESION",2.55353397861241e-07,1.16637178266962e-05,0.674962860011025,-0.437463164654412,-1.9906858408449,165,"Hsph1/Ptprc/Itgb2/Hspd1/Il1b/Anxa1/Sele/Jak2/Gpam/Alox5/H2-DMb1/Cd83/H2-Q7/Tgfbr2/Traf6/Icosl/Rhoa/Adam8/Lyn/Dock8/Selp/Map3k8/Icos/Cd24a/Il7r/Nfkbiz/Cd55/Gcnt1/Il4ra/Nfat5/Slc7a1/Tnfsf13b/H2-Ob/Sirpb1a/Klrk1/Vcam1/Rag1/Kitl/Kat5/Vsir/Tnfsf14/Cr1l/B2m/Ccdc88b/Cd40lg/Runx1/Prkaa1/Bmi1/Cyld/Mtor/Fbxo38/Xbp1/Sash3/Ptpn6/Fut4/Pirb/Il18/Irak1/Nfkbid/Shb/Zbtb1/Ifng/Il6st/Il12b/Ebi3/Fyn/Bcl10/Cd55b/Dusp10/Pik3cd/Tespa1"
"GOBP_AMYLOID_BETA_CLEARANCE",2.56640096679358e-07,1.16637178266962e-05,0.674962860011025,-0.743126132343591,-2.36261379055238,25,"Itgb2/App/Picalm/Rab5a/Cltc/Cd36/Mme/C3/Hmgcr/Lrp2/Rock1/Itgam/C5ar1/Tyrobp"
"GOBP_RIBOSE_PHOSPHATE_BIOSYNTHETIC_PROCESS",2.90132267420748e-07,1.29919522690615e-05,0.674962860011025,0.478687973454981,2.1411587329078,102,"Ndufb7/Ndufa5/Ak1/Atp5g2/Ndufb9/Ndufb10/Ndufa11/Ndufa3/Ndufa13/Ndufa8/Uqcc3/Atp5g3/Ndufb4/Ndufa7/Ndufa10/Ndufs7/Ndufs2/Ndufs6/Atp5l/Ndufa1/Ndufs3/Atp5j2/Pink1/Aldoa/Ndufc1/Atp5d/Ndufb6/Ndufs8/Guk1/Atp5g1/Ndufab1/Atp5o/Papss2/Ndufc2/Atp5j"
"GOBP_NEGATIVE_REGULATION_OF_IMMUNE_SYSTEM_PROCESS",2.96953982428823e-07,1.31047083550111e-05,0.674962860011025,-0.366875151018955,-1.80188695035208,316,"Tlr4/Ptprc/Hspa8/Thbs1/Dusp3/Samsn1/Bmp5/Ythdf3/Hc/Rnf125/Anxa1/Tnfaip3/Ctnnb1/Gpam/Il33/Pvr/Arg2/Tax1bp1/Ceacam1/Col3a1/Cd300lf/Dusp1/Pcbp2/H2-Q7/Mmp28/Adgrf5/Fgr/Erbin/Lamp2/Irf4/Lyn/Plcb1/Il7r/Cd55/Casp3/Ppt1/Il4ra/Itch/Laptm5/Crk/Ndfip1/Cd84/Tarm1/Ubqln1/Cnr2/H2-Ob/Tnfaip6/Ripor2/Pira2/Ifi205/Rin3/Ptpn22/Cblb/Klrk1/Smcr8/Cd68/Mertk/Fstl3/Fbn1/Kitl/Mfhas1/Tyrobp/H2-Q2/Serping1/Zc3h12a/Vsir/Pkn1/Cd300a/Cr1l/Epx/Usp15/Nrarp/Slit2/Wasl/Pag1/Il1rl1/Smpdl3a/Ythdf2/Ifi204"
"GOBP_CYTOKINE_MEDIATED_SIGNALING_PATHWAY",3.6717844221831e-07,1.59722622364965e-05,0.674962860011025,-0.375530902473255,-1.82199413476303,281,"Ptprc/Ccr1/Hspa1b/Cxcr2/Ythdf3/Il1b/Socs3/Jak1/Lepr/Tnfaip3/Csf3r/Jak2/Hspa1a/Il33/Naip2/Tax1bp1/Usp25/Ceacam1/Il13ra1/Smad4/Cd300lf/Actn4/Il18r1/Traf6/Trim44/Il18rap/Pafah1b1/Ripk1/Il1r1/Lyn/Socs4/Plcb1/Cd24a/Il7r/Nfkbiz/Ccr6/Il4ra/Laptm5/Ifih1/Ccr3/Rffl/Tnfsf13b/Csf2rb2/Sh2b3/Pira2/Adam17/Nr2c2/Oas2/Ptpn1/Azi2/Nrd1/Rraga/Anxa4/Vrk2/Myd88/Sppl2a/Gpr35/Irs1/Il1r2/Slit2/Il1rl1/Ythdf2/Irgm1/Tbk1/Irgm2/Ghr/Ereg/Il22ra1/Robo1/Cyld/Il2rb/Dicer1/Grem2/Irak3/Ptpn6/Il12rb2/Traf3/Tnfrsf1b/Ilk/Med1/Pirb/Edar/Mettl3/Adipor2/Ccl3/Oasl1/Ptprj/Padi2/Il18/Spi1/Irak1/Fzd4/Ccl4/Ackr3/Plp2/Cxcr1/Tnfrsf19/Sp100/Trim56/Ifng/Il6st/Il12b/Ccrl2/Ebi3/Ccr9"
"GOBP_RESPONSE_TO_BACTERIUM",3.82481216834469e-07,1.64035958487459e-05,0.674962860011025,-0.354001519659229,-1.76040899824063,359,"Tlr4/Trem1/Pde4b/Dhx15/App/Il1b/Rps6ka3/Tnfaip3/Sele/Erap1/Jak2/Cd14/Gbp2/Il33/Arg2/Fos/Clec4e/Naip2/Gbp9/Cd36/Adamts9/Rab1a/H2-Q7/Litaf/Clec4d/Traf6/Slc11a1/Fgr/Erbin/Plac8/Rhoa/S100a8/Ccdc186/Lyz2/Cdc73/Lyn/Mrc1/Selp/Tlr5/Lyst/Fpr2/Cd24a/Il7r/C3/Gpc3/Nfkbiz/Cd55/Casp3/Ms4a1/Pygl/Cnr2/Gch1/Csf2rb2/Naaladl2/Pira2/Adam17/Rac1/Ptpn22/Abcd2/Tnip3/Klrk1/Vcam1/Adam9/Oas2/Nr4a1/Hmcn1/Fzd5/Colec12/Ifi44/Cd68/Itgam/C5ar1/Scn7a/Rgs1/Epha2/Ptafr/Slc7a5/Bmp2/Myd88/Ociad2/Casp7/Zfp36/Zc3h12a/Plaa/Epx/Fga/Plcg2/Wasl/Prkd1/Aqp1/B2m/Shc1/Rbpj/Irgm1/Tbk1/Irgm2/Klhl6/Herc6/Il22ra1/Gpm6a/Spag11b/Xbp1/Irak3/Ptpn6/Sash1/Il12rb2/Gbp4/Tnfrsf1b/Lcn2/Cd96/Cfp/Pirb/Ahr"
"GOBP_RECEPTOR_MEDIATED_ENDOCYTOSIS",3.9259535640323e-07,1.66035119478866e-05,0.674962860011025,-0.43334382756125,-1.96856993154291,163,"Itgb2/Cxcr2/App/Picalm/Rab5a/Cltc/Sele/Cd14/Cd36/Ceacam1/Itgb1/Ston1/Fmr1/Numb/Scyl2/Ace2/Mdm2/Pla2r1/Dnajc13/Mrc1/Fpr2/C3/Ppt1/Lmbrd1/Itch/Lrp2/Tpcn2/Canx/Arf6/Rin3/Rac1/Aplnr/Sorl1/Nedd4/Cblb/Nrg1/Hmmr/Itgam/Siglec1/Fnbp1l/Abca2/Aak1/Plcg2/Wasl/Arc/B2m/Vegfa/Rabep1/Rab31/Ghr/Snx1/Ralb/Cav2/Usp32/Pirb/Mkln1/Fcho2/Ston2/Atad1/Fcgr1/Cap1/Sdcbp/Ackr3/Rala/Cxcr1/Gtf2h2"
"GOBP_POSITIVE_REGULATION_OF_TYPE_II_INTERFERON_PRODUCTION",5.83366312669862e-07,2.43335674257497e-05,0.659444398037935,-0.622537335182188,-2.27107894905435,46,"Tlr4/Hspd1/Pde4b/App/Il1b/Tlr8/Jak2/Cd14/Tlr7/H2-Q7/Il18r1/Slc11a1/Il1r1/Cebpg/Ptpn22/Klrk1/Fzd5"
"GOBP_TYPE_II_INTERFERON_PRODUCTION",6.00305640550622e-07,2.47017658848195e-05,0.659444398037935,-0.541421117690635,-2.18067019437827,75,"Tlr4/Hspd1/Pde4b/App/Il1b/Tlr8/Jak2/Cd14/Il33/Tlr7/H2-Q7/Il18r1/Slc11a1/Il1r1/Cebpg/Laptm5/Ptpn22/Klrk1/Fzd5/Slc7a5/Zc3h12a/Vsir/Cr1l/Il1rl1/Irgm1/Ripk3/Irgm2/Sash3/Il12rb2/Cd96/Pirb"
"GOBP_POSITIVE_REGULATION_OF_ALPHA_BETA_T_CELL_ACTIVATION",6.90634083698567e-07,2.80397437981618e-05,0.659444398037935,-0.632365695386661,-2.23278248535249,40,"Hsph1/Ptprc/Anxa1/Jak2/Cd83/H2-Q7/Tgfbr2/Rhoa/Nfkbiz/Cd55/Il4ra"
"GOBP_PHAGOCYTOSIS",7.40275615675779e-07,2.96597269701677e-05,0.659444398037935,-0.439586202413634,-1.96972142466552,146,"Tlr4/Ptprc/Thbs1/Itgb2/Lepr/Anxa1/Rab5a/Cd14/Myh9/Cd36/Itgb1/Cd300lf/Slc11a1/Fgr/Ncf2/Itgal/Lyn/Dock2/Lyst/Fpr2/C3/Itga2/Anxa11/Rac1/Cdc42se2/Sirpb1a/Colec12/Vav3/Mertk/Itgam/Becn1/Tyrobp/Myd88/Sftpa1/Arhgap25/Cd300a/Plcg2/Pak1/Cd93/Bin2/Rab31/Cdc42/Il2rb/Pld4/Alox15/Cfp/Rab11fip2/Dock1/Fcgr1/Ptprj/Fcnb/C2/Ifng/Anxa3/Fyn/Tm9sf4/Limk1/Hck/Atg5/P2rx7/Ncf4/Fcgr2b/Msr1/Rab27a/Ticam2/Cebpe/Tyro3/Yes1/Appl1/Il15/Ldlr/Plscr1/Bcr/Calr"
"GOBP_MYELOID_CELL_DIFFERENTIATION",8.26776836415706e-07,3.2695265803712e-05,0.659444398037935,-0.378573643673135,-1.82898977008623,264,"Tlr4/Ccr1/Hspa1b/App/Lbr/Csf3r/Ctnnb1/Jak2/Hspa1a/Il33/Prkx/Fos/Myh9/Ceacam1/Tmod3/Ptbp3/Acvr2a/Rcor1/Adgrf5/Tgfbr2/Traf6/Nedd9/Irf4/Pafah1b1/Jun/Ripk1/Cited2/Cdc73/Lyn/Gpc3/Casp3/Cebpg/Lipa/Ndfip1/Kmt2e/Ccdc39/Sh2b3/Tnfaip6/Ifi205/Gabpa/Rac1/Tcea1/Slc25a5/Srp54a/Wasf2/Sp3/Fstl3/Fbn1/Purb/Kitl/Epha2/Mfhas1/Fli1/Tyrobp/Bmp2/Myd88/Zfp36/Tpm4/Creb1/Senp1/Diaph3/Tspo2/Il1rl1/B2m/Vegfa/Abi1/Itgb6/Ncapg2/Rac2/Rhag/Vps13a/Rbpj/Runx1/Jag1/Abcb10/Lrrk1/Fasn/Hipk2/Fam102a/Arid4a/Cdc42/Mtor/Tmem64/Ptpn6/Srf/Slc4a1/Psen1/Med1/Pirb/Tubb1/Ccl3/Farp2/Ptprj/L3mbtl3/Spi1/Pip4k2a/Rb1/Ifng/Hnrnpu/Il12b/Klf1/Tlr3/Rptor/Ubash3b/Taok3/Kat8/Hspa9/Kat7"
"GOBP_RESPONSE_TO_GROWTH_FACTOR",9.36451240676875e-07,3.65576157418088e-05,0.659444398037935,-0.329144092816982,-1.66008356060274,415,"Tlr4/Thbs1/Cstf2/Dusp3/Bmp5/App/Il1b/Ube2d3/Anxa1/Ndst1/Flrt3/Hgf/Ctnnb1/Skil/Hspa1a/Hspb1/Fos/Ceacam1/Rnf111/Col3a1/Itgb1/Smad4/Hsp90ab1/Smad2/Peg10/Acvr2a/Tnc/Hspa5/Tpr/Tgfbr2/Smurf2/Mdm2/Rapgef2/Jun/Cask/Ripk1/Spry4/Zfp36l2/Cited2/Col1a1/Fgf2/Rock2/Ddx5/Gpc3/Nfkbiz/Casp3/Glg1/Postn/Crk/Lrp2/Npnt/Kif16b/Kidins220/Tnfaip6/Adam17/Eef1a1/Arf6/Ddr2/Sorl1/Nedd4/Cyfip2/Ldlrad4/Gfra1/Sap130/Rock1/Vegfc/Vcam1/Adam9/Nr4a1/Gclm/Ptpn1/Fstl3/Tgfbr1/Fbn1/Becn1/Zdhhc16/Epha2/Acvrl1/Ngly1/Bmpr1b/Ext2/Iqgap1/Vstm2a/Cat/Bmp2/Arid4b/Zfp36/Slc4a7/Rdx/Zfp451/Usp15/Creb1/Slit2/Ier2/Strap/Prkd1/Mtmr4/Vegfa/Shc1/Itgb6/Rbpj/Spg20/Hipk2/Dstyk/Bloc1s6/Arid4a/Robo1/Itga8/Eng/Frs2/Uri1/Xbp1/Cad/Hivep1/Grem2/Garem1/Rbbp7/Eef2/Rab35/Kdm5b/Cpne3/Cav2/Lcn2/Adamts3/Atf2/Ppm1a/Mecom/Ilk/Runx2/Ltbp4/Med1"
"GOBP_LEUKOCYTE_MEDIATED_IMMUNITY",1.10426837363339e-06,4.25632556672616e-05,0.643551836150722,-0.389070733616155,-1.84573540069573,227,"Tlr4/Ptprc/Itgb2/Hspd1/Trem1/C7/Icam1/Il1b/Hc/Tlr8/Pcyt1a/Pvr/Snap23/Ceacam1/H2-Q7/Il18r1/Traf6/Fgr/Il18rap/Il1r1/Lyn/Cd177/Swap70/Lyst/Ulbp1/Il7r/C3/Was/Nfkbiz/Cd55/Ccr6/Cebpg/Il4ra/Crk/Ndfip1/Cd84/Kmt2e/Csf2rb2/Adam17/Rif1/Klrk1/Fzd5/Kif5b/Itgam/Adora2b/Tyrobp/H2-Q2/Serping1/Myd88/Cd300a/Kmt5b/Cr1l/Grp/Plcg2/Pik3cg/Lat2/B2m/Rac2/Cd40lg/Ripk3/Jag1/Prkaa1/Stx7/Snx4/Fbxo38/Klrc1/Il2rb/Sash3/Cfi/Ptpn6/Tnfrsf1b/C1s1/Cd96/Pirb/Ahr/Ccl3/D6Wsu163e/Fcgr1/Klrc2/Il18/Spi1/Dnase1/Snx6/C2/Zbtb1/Lig4/Il12b/Tlr3/Anxa3"
"GOBP_MITOCHONDRIAL_GENE_EXPRESSION",1.2664865665876e-06,4.82056449407406e-05,0.643551836150722,0.446324544727128,2.02660355891342,111,"Fastk/Mrpl41/Mrpl20/Mrps11/Mrpl52/Mrps15/Aurkaip1/Mrpl43/Mrpl48/Mrpl4/Mrpl58/Mrps24/Coa3/Uqcc2/Mrpl51/Oxa1l/Trub2/Mrpl13/Mrpl30/Mrpl22/Mrpl34/Mrps26/Mrps5/Shmt2/Mrps17/Rcc1l/Mrps25/Gatb/Mrpl15/Mrpl9/Mrps18a/Mrpl37/Mrpl42/Mtg1/Mrpl44/Mrps33/Mrps14/Tars2/Thap11/Malsu1/Mrpl21/Mrpl40/Mrpl55/Mtif3/Mterf4/Mrps7/Trit1/Mterf2/Rmnd1/Rpusd4/Mrpl46/Mpv17l2/Polrmt"
"GOBP_NEUTROPHIL_CHEMOTAXIS",1.37704912018397e-06,5.17668465550642e-05,0.643551836150722,-0.614722419265976,-2.22752913980247,45,"Itgb2/Trem1/Pde4b/Cxcr2/Il1b/Csf3r/Jaml/Bst1/Ppib/Cxadr/S100a8/Mospd2/Tnfaip6/Ripor2/Rac1/Srp54a/Vav3/C5ar1/Slit2/Pik3cg/Rac2/Mpp1"
"GOBP_NUCLEOSIDE_TRIPHOSPHATE_METABOLIC_PROCESS",1.51766980638377e-06,5.63573726882753e-05,0.643551836150722,0.387091533175402,1.88477578169853,170,"Ndufb7/Ndufa5/Ak1/Uchl1/Atp5g2/Ndufb9/Ndufb10/Ndufa11/Ndufa3/Ndufa13/Ndufa8/Uqcc3/Atp5g3/Ndufb4/Ndufa7/Ndufa10/Ndufs7/Ndufs2/Pfkm/Ndufs6/Eno3/Atp1a2/Prkaca/Atp5l/Ndufa1/Ndufs3/Atp5j2/Ucp2/Pink1/Bpgm/Tpi1/Aldoa/Ndufc1/Atp5d/Ndufb6/Ndufs8/Guk1/Galk1/Gpi1/Atp5g1/Ndufab1/Atp5o/Dctpp1/Ndufc2/Atp5j/Actn3/Ier3/Ndufa9/Rhoq/Aldoc/Sdhb/Pfkfb1"
"GOBP_CD4_POSITIVE_ALPHA_BETA_T_CELL_ACTIVATION",1.64955479771779e-06,6.05167995066344e-05,0.643551836150722,-0.530768759771496,-2.11588876788807,71,"Socs3/Jak1/Anxa1/Arg2/Cd83/Il18r1/Tgfbr2/Icosl/Irf4/Icos/Nfkbiz/Cd55/Il4ra/Itch/Ndfip1/Tarm1/Cblb/Braf/Zc3h12a/Vsir/Runx1/Tbk1/Mtor/Sash3/Sh3rf1/Il18/Nfkbid/Tmem98/Shb/Ifng/Il6st/Il12b"
"GOBP_REGULATION_OF_CYTOPLASMIC_PATTERN_RECOGNITION_RECEPTOR_SIGNALING_PATHWAY",1.69264097411655e-06,6.13582353117251e-05,0.643551836150722,-0.499201834942816,-2.04377167837328,83,"Tlr4/Hspa8/Hspa1b/Ddx3x/Rnf125/Tnfaip3/Hspa1a/Gbp2/Tax1bp1/Cd36/Pcbp2/Erbin/Lamp2/Ppt1/Itch/Slc15a3/Ubqln1/Pira2/Ifi205/Rtn4/Ptpn22/Zdhhc5/Treml4/Myd88/Ddx60/Usp15/Plcg2/Prkd1/Smpdl3a/Zdhhc3/Irgm1/Dhx33/Irgm2"
"GOBP_POSITIVE_REGULATION_OF_CELL_ADHESION",1.79556927943455e-06,6.43236288926848e-05,0.643551836150722,-0.357887881676099,-1.74382573744291,290,"Hsph1/Ptprc/Itgb2/Hspd1/Il1b/Jak1/Hsd17b12/Piezo1/Anxa1/Sele/Ctnnb1/Apbb1ip/Jak2/Gpam/Alox5/H2-DMb1/Cd36/Cd83/H2-Q7/Tgfbr2/Traf6/Icosl/Rhoa/Nedd9/Adam8/Cited2/Lyn/Dock8/Edil3/Selp/Lama2/Map3k8/Icos/Cd24a/Il7r/Nfkbiz/Cd55/Gcnt1/Il4ra/Nfat5/Crk/Slc7a1/Tnfsf13b/Abi3bp/Npnt/Itga2/H2-Ob/Rac1/Sirpb1a/Rock1/Klrk1/Nrg1/Vcam1/Braf/Adam9/Utrn/Vav3/Fstl3/Rag1/Kitl/Kat5/Vsir/Tnfsf14/Cr1l/Fga/Tesk1/B2m/Vegfa/Ccdc88b/Cd40lg/Map4k4/Runx1/Prkaa1/Bmi1/Tjp1/Cdc42/Cyld/Mtor/Fbxo38/Xbp1/Sash3/Ptpn6/Fgg/Alox15/Fut4/Ilk/Pirb"
"GOBP_NUCLEOTIDE_BIOSYNTHETIC_PROCESS",2.23550074193869e-06,7.91523227814337e-05,0.627256739718528,0.41641050210248,1.94988032243753,133,"Ndufb7/Ndufa5/Ak1/Atp5g2/Ndufb9/Ndufb10/Ndufa11/Ndufa3/Ndufa13/Ndufa8/Uqcc3/Atp5g3/Ndufb4/Ndufa7/Ndufa10/Ndufs7/Ndufs2/Ndufs6/Atp5l/Ndufa1/Ndufs3/Atp5j2/Pink1/Aldoa/Ndufc1/Atp5d/Ndufb6/Ndufs8/Guk1/Atp5g1/Ndufab1/Atp5o/Papss2/Idh2/Ndufc2/Atp5j"
"GOBP_TUMOR_NECROSIS_FACTOR_SUPERFAMILY_CYTOKINE_PRODUCTION",3.03479026212611e-06,0.000105468039486492,0.627256739718528,-0.47637527282099,-2.01604794790886,100,"Tlr4/Ptprc/Thbs1/Lrrk2/App/Tnfaip3/Dhx9/Jak2/Cd14/Il33/Arg2/Hspb1/Cybb/Cd36/Fxr1/Adam8/Ripk1/Ifih1/Pira2/Adam17/Ptpn22/Oas2/Fzd5/Nrd1/Tyrobp/Myd88/Zfp36/Zc3h12a/Vsir/Clec4a3/Plcg2/Arfgef2/Gpnmb/Dicer1/Irak3/Sash3/Ptpn6/Psen1/Pirb/Ccl3/Fcgr1/Ptprj/Chrna7"
"GOBP_CELLULAR_EXTRAVASATION",3.04800902292653e-06,0.000105468039486492,0.627256739718528,-0.60325250704025,-2.16116929830387,43,"Itgb2/Icam1/Sele/Jaml/Bst1/Itgb1/Itgal/Adam8/Golph3/Il1r1/Cd177/Selp/Plcb1/Gcnt1/Crk/Ripor2/Rock1/Vcam1"
"GOBP_MITOCHONDRION_ORGANIZATION",3.13006432429988e-06,0.000106900798032225,0.627256739718528,0.339954389333247,1.74857145253982,258,"Romo1/Plscr3/Rab3a/Ndufa13/Slc25a4/Uqcc3/Inf2/Ndufs7/Park7/Timm13/Siva1/Ndufs2/Tomm5/Ndufs6/Prkaca/Ttc19/Ndufs3/Ucp2/Ddhd2/Pink1/Pet100/Spg7/Nol3/Coa3/Timm10/Tomm40/Uqcc2/Fmc1/Oxa1l/Atp5d/Dmac1/Ndufs8/Higd1b/Fxn/Ndufaf8/Endog/Stox1/Bax/Alkbh7/Gpx1/Ndufaf3/Clpp/Chchd2/Atp2a1/Cox7a2/Mcu/Sirt5/Myh14/Rcc1l/Ndufc2/Fancg/Smim20/Cox10/Chchd6/Pycard/Parl/Chchd3/Ppif/Ier3/Vdac2/Dnaja3/Sdhaf1/Epas1/Ndufaf2/Camk2a/Bbc3/Adck1/Vat1/Epm2a/Mapt/Coa6/Bloc1s2/Bnip3/Ndufaf5/Uqcrfs1/Trabd/Sdhaf4/Smim4"
"GOBP_REGULATION_OF_PATTERN_RECOGNITION_RECEPTOR_SIGNALING_PATHWAY",3.15962949848939e-06,0.000106900798032225,0.627256739718528,-0.454828528167204,-1.97498494452858,118,"Tlr4/Hspa8/Hspa1b/App/Ddx3x/Rnf125/Tnfaip3/Cd14/Hspa1a/Gbp2/Tax1bp1/Cd36/Cd300lf/Pcbp2/Erbin/Lamp2/S100a8/Irf4/Lyn/Ppt1/Itch/Slc15a3/Ubqln1/Pira2/Ifi205/Rtn4/Ptpn22/Zdhhc5/Mfhas1/Treml4/Myd88/Cd300a/Ddx60/Usp15/Plcg2/Prkd1/Smpdl3a/Zdhhc3/Irgm1/Dhx33/Irgm2/Ppp2ca/Irak3/Esr1/Zc3hav1"
"GOBP_POSITIVE_REGULATION_OF_TUMOR_NECROSIS_FACTOR_SUPERFAMILY_CYTOKINE_PRODUCTION",3.23334579869128e-06,0.000108192724802362,0.627256739718528,-0.546854532047033,-2.13612963765675,64,"Tlr4/Ptprc/Thbs1/Lrrk2/App/Dhx9/Jak2/Cd14/Il33/Hspb1/Cybb/Cd36/Adam8/Ripk1/Ifih1/Pira2/Adam17/Oas2/Fzd5/Nrd1/Tyrobp/Myd88/Plcg2/Arfgef2"
"GOBP_REGULATION_OF_LEUKOCYTE_PROLIFERATION",3.41466183799957e-06,0.000113017883659877,0.627256739718528,-0.419743956796255,-1.90053297821182,159,"Tlr4/Ptprc/Il1b/Anxa1/Tnfaip3/Ctnnb1/Jak2/Gpam/Il33/Arg2/H2-DMb1/Bst1/H2-Q7/Tgfbr2/Traf6/Icosl/Lyn/Slc39a10/Cd24a/Cd55/Casp3/Itch/Laptm5/Ndfip1/Slc7a1/Tnfsf13b/Csf2rb2/Ripor2/Ifi205/Ptpn22/Cblb/Vcam1/Vav3/Kitl/Tyrobp/Myd88/Vsir/Pkn1/Cd300a/Cr1l/Ifi204/Rac2/Ccdc88b/Cd40lg/Ripk3/Bmi1/Gpnmb/Sash3/Ptpn6/Tnfrsf1b/Dlg1/Pirb/Ahr"
"GOBP_B_CELL_ACTIVATION",3.73120270529661e-06,0.000122166798254067,0.627256739718528,-0.414869477200455,-1.8878727645883,165,"Tlr4/Ptprc/Hspd1/Klf6/Samsn1/Tnfaip3/Themis2/Pcyt1a/Nfam1/Bst1/Itgb1/Dock11/Icosl/Tpd52/Zfp36l2/Lyn/Swap70/Gapt/Slc39a10/Il7r/C3/Nfkbiz/Casp3/Ms4a1/Ccr6/Cebpg/Laptm5/Ndfip1/Dclre1c/Tnfsf13b/Adam17/Ifi205/Rif1/Vcam1/Slc25a5/Sp3/Vav3/Rag1/Skap2/Yy1/Tyrobp/Pkn1/Cd300a/Kmt5b/Cr1l/Plcg2/Lat2/Ifi204/Cd40lg/Rbpj/Bmi1/Cyld/Xbp1/Sash3/Ptpn6/Dcaf1"
"GOBP_REGULATION_OF_RESPONSE_TO_CYTOKINE_STIMULUS",3.81507927659756e-06,0.00012358421699191,0.610526878385931,-0.466148174647992,-1.98586574939102,104,"Tlr4/Ptprc/Hspa1b/Ythdf3/Tnfaip3/Dhx9/Hspa1a/Naip2/Tax1bp1/Usp25/Cd300lf/Trim44/Pafah1b1/Ripk1/Il1r1/Cd24a/Laptm5/Ifih1/Rffl/Sh2b3/Adam17/Ptpn1/Nrd1/Anxa4/Vrk2/Sppl2a/Il1r2/Slit2/Ythdf2/Irgm1/Tbk1/Irgm2/Robo1/Cyld/Dicer1/Irak3/Ptpn6"
"GOBP_REGULATION_OF_IMMUNE_EFFECTOR_PROCESS",3.90472945852861e-06,0.00012515685474968,0.610526878385931,-0.370586476067109,-1.76778585488726,238,"Tlr4/Ptprc/Itgb2/Hspd1/Icam1/Il1b/Anxa1/Il33/Pvr/H2-DMb1/Cd36/Ceacam1/Il13ra1/Tlr7/H2-Q7/Il18r1/Litaf/Traf6/Fgr/Il18rap/Irf4/Il1r1/Lyn/Cd177/Ulbp1/Il7r/C3/Was/Nfkbiz/Cd55/Il4ra/Laptm5/Crk/Ndfip1/Cd84/Rtn4/Rif1/Klrk1/Fzd5/Lacc1/Itgam/Adora2b/Tyrobp/H2-Q2/Slc7a5/Serping1/Myd88/Zc3h12a/Pkn1/Cd300a/Kmt5b/Cr1l/Epx/Ddx60/Plcg2/B2m/Rac2/Cd40lg/Ripk3/Prkaa1/Stx7/Snx4/Fbxo38/Klrc1/Xbp1/Irak3/Sash3/Ptpn6/Tnfrsf1b/Cd96/Cfp/Pirb/Ahr/D6Wsu163e/Fcgr1/Klrc2/Il18/Fcnb/Spi1/Fgl2/Dnase1/Nfkbid/Shb/Zbtb1/Ifng/Il12b/Hk1/Tlr3/Pgc/Bcl10/Cd55b/Dusp10"
"GOBP_LYMPHOCYTE_DIFFERENTIATION",4.48889456647236e-06,0.000142382124530295,0.610526878385931,-0.367812317205581,-1.77142185680621,256,"Ptprc/Nfil3/Klf6/Il1b/Socs3/Jak1/Lepr/Anxa1/Ctnnb1/Nfam1/Clec4e/Ceacam1/Itgb1/Cd83/H2-Q7/Il18r1/Clec4d/Tgfbr2/Dock11/Icosl/Rhoa/Tpd52/Irf4/Adam8/Zfp36l2/Dock2/Icos/Il7r/Nfkbiz/Ms4a1/Ccr6/Cebpg/Il4ra/Laptm5/Lipa/Ndfip1/Dclre1c/Tnfsf13b/Adam17/Ptpn22/Vcam1/Braf/Slc25a5/Fzd5/Sp3/Mertk/Rag1/Yy1/Kat5/Zc3h12a/Vsir/Cr1l/Nrarp/Plcg2/B2m/Cd40lg/Rbpj/Runx1/Ripk3/Tbk1/Bmi1/Cyld/Mtor/Klrc1/Xbp1/Sash3/Ptpn6/Dcaf1/Srf/Tcf7/Atf2/Runx2/Pirb/Dock10/Mettl3/Prex1/Ptprj/Sh3rf1/Il18/Spi1/Fgl2/Nfkbid/Tmem98/Gpr89/Ikzf3/Shb/Zbtb1/Ifng/Lig4/Il6st/Il12b/Ccr9/Taok3/Kat7/Dusp10/Zfp36l1/Pik3cd/Tespa1/Pou2af1/Ctla4/Atg5/Ppp3cb/Il1rl2/Cd1d1"
"GOBP_REGULATION_OF_INFLAMMATORY_RESPONSE",4.58043495178773e-06,0.000143787880703027,0.610526878385931,-0.37298709406905,-1.76360642842999,221,"Tlr4/Ptprc/Ptgs2/Lrrk2/App/Il1b/Socs3/Anxa1/Tnfaip3/Dhx9/Hgf/Sele/Jak2/Pik3ap1/Alox5/Gbp2/Il33/Naip2/Bst1/Tlr7/Tnc/Ace2/Fgr/Fxr1/S100a8/Adam8/Ripk1/Il1r1/Lyn/Map3k8/Arel1/Fpr2/C3/Nfkbiz/Casp3/Ndfip1/Tnfaip6/Ifi205/Clock/Lacc1/Zdhhc5/Adora2b/Mfhas1/Myd88/Bcl6b/Pbk/Plcg2/Pik3cg/Il1rl1/Irgm1/Irgm2/Il22ra1/Snx4/Cyld/Clec12a/Esr1/Ptpn6/Tnfrsf1b/Alox15/Ahr/Uaca/Ccl3/Fcgr1/Il18/Daglb/Dnase1/Napepld/Rb1/Gpr4/Snx6/Mefv/Ifng/Il6st/Il12b/Tlr3/Cdh5/Fyn/Gnas/Dusp10/Spata2/Il10ra/Hck/Extl3/Armh4/Zdhhc9/Ppara/Il1rl2/Furin/Zbp1"
"GOBP_REGULATION_OF_LEUKOCYTE_MIGRATION",4.72831036776924e-06,0.000146915357855687,0.610526878385931,-0.433646241784377,-1.92203390969635,135,"Thbs1/Ccr1/Bmp5/App/Icam1/Hc/Anxa1/Sele/Il33/Bst1/Dusp1/Mmp28/Rhoa/Nedd9/Adam8/Il1r1/Lyn/Dock8/Swap70/Selp/Fpr2/Plcb1/Gcnt1/Mospd2/Ccr6/Crk/Itga2/Tnfaip6/Ripor2/Adam17/Rin3/Rtn4/Rac1/Vegfc/Klrk1/Akirin1/C5ar1/Kitl/Myd88/Tnfsf14/Cd300a/Slit2/Wasl"
"GOBP_ESTABLISHMENT_OF_PROTEIN_LOCALIZATION_TO_MITOCHONDRIAL_MEMBRANE",4.90134989586524e-06,0.000150753640736461,0.610526878385931,0.740567408448241,2.25576544430761,18,"Romo1/Ndufa13/Timm13/Tomm5/Timm10/Tomm40/Oxa1l/Bax"
"GOBP_REGULATION_OF_ALPHA_BETA_T_CELL_ACTIVATION",5.26166224920363e-06,0.000160217615488251,0.610526878385931,-0.524434110515813,-2.08394973914261,70,"Hsph1/Ptprc/Anxa1/Jak2/Arg2/Cd83/H2-Q7/Tgfbr2/Rhoa/Irf4/Nfkbiz/Cd55/Il4ra/Itch/Ndfip1/Tarm1/Cblb/Zc3h12a/Vsir/Cd300a/Runx1/Sash3/Pirb/Sh3rf1/Il18/Nfkbid/Shb/Ifng/Il12b/Ebi3"
"GOBP_RESPONSE_TO_MECHANICAL_STIMULUS",5.75016358196965e-06,0.000173358892149481,0.610526878385931,-0.438058705553004,-1.92742030788737,129,"Tlr4/Thbs1/Bag3/App/Il1b/Piezo1/Ctnnb1/Tlr8/Tnfrsf10b/Fos/Fosb/Slc1a3/Tlr7/Scel/Pkd1/Rcan1/Tnc/Kcnj2/Slc38a2/Jun/Cited2/Chil1/Col1a1/Fgf2/Tlr5/Postn/Piezo2/Itga2/Atr/Ddr2/Map3k2/Btg2/Shank3/Itgam/Pkd2l2/Myd88/Tnfsf14"
"GOBP_DEFENSE_RESPONSE_TO_BACTERIUM",5.92656452808309e-06,0.000176925382235422,0.610526878385931,-0.425291437575804,-1.89338550275839,140,"Tlr4/Trem1/Dhx15/App/Il1b/Gbp2/Il33/Arg2/Clec4e/Naip2/Gbp9/Cd36/Rab1a/H2-Q7/Clec4d/Slc11a1/Fgr/Plac8/S100a8/Lyz2/Selp/Lyst/Fpr2/Il7r/Nfkbiz/Adam17/Klrk1/Oas2/Colec12/C5ar1/Epha2/Myd88/Casp7/Epx/Fga/Prkd1/Aqp1/B2m/Shc1/Rbpj/Irgm1/Tbk1/Irgm2/Il22ra1"
"GOBP_PROTEIN_REFOLDING",6.19402951042975e-06,0.000183114755915132,0.610526878385931,-0.772326805805593,-2.22776981160666,17,"Dnaja1/Hspa8/Hsp90aa1/Hspd1/Hspa1b/Dnaja4/Hspa1a/Hspb1/Hspa13/Hspa5"
"GOBP_REGULATION_OF_ADAPTIVE_IMMUNE_RESPONSE",6.45341659458445e-06,0.000188948591639516,0.610526878385931,-0.451224293363996,-1.96914832541202,122,"Ptprc/Hspd1/Samsn1/Il1b/Anxa1/Tnfaip3/Jak2/Il33/Pvr/Ceacam1/H2-Q7/Il18r1/Traf6/Slc11a1/Il1r1/Adcy7/Ulbp1/Il7r/C3/Was/Nfkbiz/Cd55/Il4ra/Clec4n/Ndfip1/Tnfsf13b/Rif1/Fzd5/H2-Q2/Zc3h12a/Pkn1/Kmt5b/Cr1l/Il1rl1/B2m/Ripk3/Prkaa1/Stx7/Fbxo38/Klrc1/Sash3/Ptpn6/Tnfrsf1b/Alox15/Pirb/Ahr"
"GOBP_REGULATION_OF_LEUKOCYTE_ADHESION_TO_VASCULAR_ENDOTHELIAL_CELL",6.77297086407631e-06,0.000196416155058213,0.610526878385931,-0.769427932308386,-2.21940803675151,17,"Itgb2/Sele/Alox5/Traf6/Rhoa/Selp/Gcnt1/Nfat5"
"GOBP_POSITIVE_REGULATION_OF_IMMUNE_EFFECTOR_PROCESS",7.3760814936288e-06,0.000211888378755658,0.610526878385931,-0.417199682073677,-1.88215587798292,156,"Tlr4/Ptprc/Itgb2/Hspd1/Il1b/Anxa1/Il33/Pvr/H2-DMb1/Cd36/Il13ra1/Tlr7/H2-Q7/Il18r1/Traf6/Fgr/Il18rap/Il1r1/Cd177/Ulbp1/C3/Nfkbiz/Cd55/Il4ra/Laptm5/Rtn4/Rif1/Klrk1/Fzd5/Lacc1/Itgam/Adora2b/Tyrobp/H2-Q2/Slc7a5/Myd88/Cd300a/Kmt5b/Cr1l/Ddx60/Plcg2/B2m/Prkaa1/Stx7/Snx4/Fbxo38/Klrc1/Xbp1/Sash3/Ptpn6/Cfp/Pirb/Fcgr1/Klrc2/Il18/Fcnb/Spi1/Nfkbid/Shb/Zbtb1/Ifng/Il12b/Hk1/Tlr3/Pgc/Bcl10/Cd55b"
"GOBP_POSITIVE_REGULATION_OF_TYPE_I_INTERFERON_PRODUCTION",7.68173063384727e-06,0.000218606259626775,0.593325476396405,-0.5722887330808,-2.12337833112497,50,"Tlr4/Hsp90aa1/Hspd1/Ddx3x/Dhx9/Tlr8/Cd14/Arrdc4/Tlr7/Traf6/Ifih1/Ptpn22/Oas2/Kpna2/Myd88/Plcg2/Polr3f/Dhx33/Tbk1/Clec12a/Zc3hav1/Traf3/Tomm70a/Irak1/Trim56/G3bp1/Tlr3/Rab2b/Trim15/Trim65/Ticam2/Irf5/Tlr9"
"GOBP_NADH_DEHYDROGENASE_COMPLEX_ASSEMBLY",7.9386873800571e-06,0.000223826880298832,0.593325476396405,0.633223379064428,2.19865605562924,30,"Ndufa13/Ndufs7/Ndufs2/Ndufs6/Ndufs3/Oxa1l/Dmac1/Ndufs8/Ndufaf8/Ndufaf3/Ndufc2/Ndufaf2/Ndufaf5/mt-Nd1/Ndufaf1/Lyrm2/Tmem186/Foxred1/mt-Nd6"
"GOBP_INTERLEUKIN_2_PRODUCTION",8.19082771241552e-06,0.000228817159489039,0.593325476396405,-0.594327105407009,-2.0984742866414,40,"Ptprc/Pde4b/Il1b/Anxa1/Tnfaip3/Cd83/Traf6/Irf4/Laptm5/Gpr174/Kat5/Zfp36/Cr1l/Plcg2/Sptbn1/Runx1/Sash3"
"GOBP_POSITIVE_REGULATION_OF_CELL_DIFFERENTIATION",8.98909587033252e-06,0.000248834517501477,0.593325476396405,-0.310576228441195,-1.58676438411185,480,"Ptprc/Ptgs2/Ccr1/Hspa1b/Prkch/Arntl/Ipo7/App/Il1b/Socs3/Piezo1/Rps6ka3/Anxa1/Xrcc2/Hgf/Ctnnb1/Jak2/Skil/Trim16/Hspa1a/Fos/Cd36/Ceacam1/Gdpd2/Mme/Itgb1/Cd83/Adamts9/Smad4/Hsp90ab1/Smad2/Egr2/Fmr1/Acvr2a/Numb/H2-Q7/Rcor1/Tgfbr2/Traf6/Fxr1/Mdm2/Rhoa/Nedd9/Rapgef2/Pafah1b1/Adam8/Ripk1/Lyn/Col1a1/Fgf2/Lama2/Robo2/Plcb1/Pwp1/Cd24a/Il7r/Nfkbiz/Il4ra/Lrp2/Npnt/Caprin1/Ripor2/Ddr2/Nin/Btc/Vegfc/Nrg1/Braf/Akirin1/Ect2/Tgfbr1/Shank3/Prkci/Rag1/Kitl/Nrd1/Acvrl1/Bmpr1b/Vstm2a/Tyrobp/Kat5/Slc7a5/Trpc6/Cth/Bmp2/Zfp36/Zc3h12a/Vsir/Btg1/Tnfsf14/Cdkl5/Cr1l/Creb1/Slit2/Prkd1/Pak1/Zfp365/Gdnf/Loxl2/Vegfa/Runx1/Jag1/Tnfrsf12a/Nrcam/Abcb10/Ghr/Apob/Fam102a/Bloc1s6/Pim1/Macf1/Robo1/Eng/Cyld/Mtor/Xbp1/Dicer1/Sash3/Tmem64/Srf/Vezf1/Tnfrsf1b/Lrp5/Fbxw8/Man2a1/Ilk/Runx2/Med1/Pirb"
"GOBP_POSITIVE_REGULATION_OF_LEUKOCYTE_ADHESION_TO_VASCULAR_ENDOTHELIAL_CELL",1.05043373287871e-05,0.000288159524019431,0.593325476396405,-0.786107428849274,-2.19243306805349,15,"Itgb2/Sele/Alox5/Traf6/Rhoa/Selp/Gcnt1/Nfat5"
"GOBP_POSITIVE_REGULATION_OF_NITRIC_OXIDE_METABOLIC_PROCESS",1.06468559730339e-05,0.00028946139676686,0.593325476396405,-0.685775578323539,-2.20140077795615,26,"Tlr4/Hsp90aa1/Ptgs2/Itgb2/App/Il1b/Jak2/Cd36/Hsp90ab1/Tlr5/Klrk1"
"GOBP_NUCLEOTIDE_BINDING_DOMAIN_LEUCINE_RICH_REPEAT_CONTAINING_RECEPTOR_SIGNALING_PATHWAY",1.10014225480193e-05,0.000296454262466537,0.593325476396405,-0.718368696051207,-2.18228794976487,21,"Tlr4/Hspa1b/Tnfaip3/Hspa1a/Erbin/Itch/Slc15a3/Ptpn22/Lacc1/Irgm1/Irgm2/Cyld"
"GOBP_REGULATION_OF_EXTRINSIC_APOPTOTIC_SIGNALING_PATHWAY",1.19847502468525e-05,0.000320118986856717,0.593325476396405,-0.465397398878159,-1.9743080135182,101,"Tlr4/Ptprc/Thbs1/Hspa1b/Bmp5/App/Icam1/Il1b/Ddx3x/Tnfaip3/Hgf/Skil/Hspa1a/Mcl1/Dedd2/Mal/Rb1cc1/Ripk1/Rffl/Nrg1/Gclm/Tgfbr1/Tnfsf15/Birc6/Acsl5/Bmpr1b/Tnfsf14/Fga/Gdnf/Pdia3/Cd40lg/Tnfrsf12a/Ppp1ca/Cyld/Pmaip1/Unc5b/Eya2/Fgg"
"GOBP_T_CELL_PROLIFERATION",1.29789968775495e-05,0.000343661265149028,0.593325476396405,-0.429322146430964,-1.88307234140215,127,"Ptprc/Il1b/Anxa1/Ctnnb1/Jak2/Gpam/Arg2/H2-DMb1/H2-Q7/Tgfbr2/Traf6/Slc11a1/Icosl/Dock8/Dock2/Cd24a/Cd55/Casp3/Itch/Laptm5/Lipa/Ndfip1/Slc7a1/Tnfsf13b/Ripor2/Cblb/Vcam1/Kitl/Vsir/Tnfsf14/Cr1l/Pik3cg/Rac2/Ccdc88b/Cd40lg/Ripk3/Bmi1/Gpnmb/Sash3/Ptpn6/Tnfrsf1b/Dlg1/Pirb"
"GOBP_MYELOID_LEUKOCYTE_DIFFERENTIATION",1.32475118250037e-05,0.000347747185406348,0.593325476396405,-0.416382509542275,-1.85372320605204,140,"Tlr4/Ccr1/App/Lbr/Ctnnb1/Il33/Fos/Myh9/Ceacam1/Tgfbr2/Traf6/Nedd9/Irf4/Pafah1b1/Jun/Ripk1/Cited2/Lyn/Gpc3/Ndfip1/Ccdc39/Tnfaip6/Ifi205/Srp54a/Sp3/Fstl3/Fbn1/Kitl/Epha2/Tyrobp/Bmp2/Myd88/Creb1/Diaph3/Il1rl1/Vegfa/Itgb6/Vps13a/Rbpj/Runx1/Lrrk1/Fasn/Fam102a/Cdc42/Mtor/Tmem64/Psen1/Med1/Pirb/Ccl3/Farp2/L3mbtl3/Spi1/Rb1/Ifng/Il12b/Tlr3/Rptor/Ubash3b/Taok3/Zfp36l1/Pik3cd/Tal1/Ireb2"
"GOBP_INTERLEUKIN_1_BETA_PRODUCTION",1.4085637281203e-05,0.000364673617440984,0.593325476396405,-0.547192308785005,-2.06952616240081,54,"Tlr4/App/Tnfaip3/Tlr8/Jak2/Trim16/Arg2/Hspb1/Naip2/Cd36/Pira2/Ifi205/Fzd5/Tyrobp/Myd88/Zc3h12a"
"GOBP_MULTICELLULAR_ORGANISMAL_LEVEL_HOMEOSTASIS",1.41318511849051e-05,0.000364673617440984,0.593325476396405,-0.315415040233932,-1.60737092210839,468,"Tlr4/Ptgs2/Tspan12/Pde4b/Hspa1b/Arntl/Picalm/Il1b/Lepr/Anxa1/Tnfaip3/Slc25a25/Ctnnb1/Jak2/Skil/Gpam/Hspa1a/Cd36/Col3a1/Tmod3/Itgb1/Wdr48/Ptbp3/Serpina3n/Acvr2a/Il18r1/Rcor1/Adgrf5/Traf6/Dock11/Cxadr/Slc11a1/Actg1/Vps13b/Tmem63b/Dock7/Plac8/Cadps2/Irf4/Akt3/Adam8/Cited2/Lyn/Gapt/Lama2/Il7r/Nfkbiz/Casp3/Cebpg/Il4ra/Slc7a11/S1pr1/Lipa/Ocln/Tnfsf13b/Kmt2e/Sh2b3/Adam17/Fbxl5/Pprc1/Rac1/Sorl1/Rp1/Tcea1/Plcl1/Slc25a5/Sp3/Gpr174/Mertk/Dram2/Rag1/Kitl/Nrd1/Zfp516/Mfhas1/Ext2/Lama4/Ociad2/Rasal2/Zfp36/Crb1/Cftr/Tnfsf14/Pkn1/Myo5b/Kdm3a/Ubb/Senp1/Strap/Diaph3/Tspo2/Wdr37/Ccdc66/Aqp1/Pgam5/B2m/Vegfa/Itgb6/Ncapg2/Rac2/Rhag/Vps13a/Acaca/Rbpj/Ildr2/Ripk3/Prkaa1/Abcb10/Zfx/Scd1/Lrrk1/Tjp1/Aldh1a7/Hipk2/Bloc1s6/Arid4a/Cyld/Ppp2ca/Arhgef5/Pmaip1/Igf2bp2/Sash3/Tmem64/Pm20d1/Srf/Rdh12"
"GOBP_MEMBRANE_INVAGINATION",1.42905928775165e-05,0.000365671053042333,0.593325476396405,-0.614847712363937,-2.13410573177607,37,"Thbs1/Itgb2/Myh9/Cd36/Rhoa/C3/Itga2/Rac1/Itgam/Becn1/Fnbp1l/Arhgap25/Cd300a/Plcg2/Spire1/Bin2/Rab31/Cdc42/Alox15/Fcho2/Dock1/Fcgr1"
"GOBP_LEUKOCYTE_ADHESION_TO_VASCULAR_ENDOTHELIAL_CELL",1.45588018910705e-05,0.000369429597985913,0.593325476396405,-0.676868545051155,-2.19179669939331,27,"Itgb2/Sele/Alox5/Itgb1/Traf6/Rhoa/Golph3/Selp/Gcnt1/Nfat5/Rock1/Vcam1"
"GOBP_PHAGOCYTOSIS_ENGULFMENT",1.53941092106934e-05,0.000387397211128606,0.575610261071129,-0.659889462901851,-2.14724182636361,28,"Thbs1/Itgb2/Myh9/Cd36/C3/Itga2/Rac1/Itgam/Becn1/Arhgap25/Cd300a/Plcg2/Bin2/Rab31/Cdc42/Alox15/Dock1/Fcgr1"
"GOBP_LYMPHOCYTE_MEDIATED_IMMUNITY",1.59451367831754e-05,0.00039797493036696,0.575610261071129,-0.393256850126355,-1.79441303109693,168,"Ptprc/Hspd1/C7/Icam1/Il1b/Hc/Tlr8/Pcyt1a/Pvr/Ceacam1/H2-Q7/Il18r1/Traf6/Il18rap/Il1r1/Swap70/Lyst/Ulbp1/Il7r/C3/Was/Nfkbiz/Cd55/Ccr6/Cebpg/Il4ra/Crk/Ndfip1/Csf2rb2/Rif1/Klrk1/Fzd5/Kif5b/Tyrobp/H2-Q2/Serping1/Myd88/Kmt5b/Cr1l/B2m/Cd40lg/Ripk3/Jag1/Prkaa1/Stx7/Fbxo38/Klrc1/Il2rb/Sash3/Cfi/Ptpn6/Tnfrsf1b/C1s1/Cd96/Pirb/Ahr"
"GOBP_MACROPHAGE_ACTIVATION",1.63034603577391e-05,0.000403610055197687,0.575610261071129,-0.535204073090594,-2.07686460076508,62,"Tlr4/Ptprc/Thbs1/Itgb2/Hspd1/Lrrk2/App/Jak2/Il33/Adgrf5/Slc11a1/Jun/Fpr2/Il4ra/Nr4a1/Itgam/C5ar1/Mfhas1/Tyrobp/Zc3h12a/Plcg2/Il1rl1/Cd93/Irgm1/Irgm2"
"GOBP_REGULATION_OF_NITRIC_OXIDE_METABOLIC_PROCESS",1.93573139753126e-05,0.00047534694399054,0.575610261071129,-0.593962168169505,-2.11900549979071,42,"Tlr4/Hsp90aa1/Ptgs2/Itgb2/App/Il1b/Jak2/Cd36/Hsp90ab1/Acvr2a/Gla/Tlr5/Rock2/Rac1/Klrk1"
"GOBP_T_CELL_DIFFERENTIATION",2.21096372946645e-05,0.000538590764498028,0.575610261071129,-0.385432690374242,-1.77934247684327,183,"Ptprc/Il1b/Socs3/Jak1/Lepr/Anxa1/Ctnnb1/Clec4e/Ceacam1/Cd83/H2-Q7/Il18r1/Clec4d/Tgfbr2/Icosl/Rhoa/Irf4/Adam8/Zfp36l2/Dock2/Icos/Il7r/Nfkbiz/Ccr6/Il4ra/Lipa/Adam17/Ptpn22/Braf/Fzd5/Sp3/Rag1/Kat5/Zc3h12a/Vsir/Cr1l/Nrarp/B2m/Runx1/Ripk3/Tbk1/Bmi1/Cyld/Mtor/Klrc1/Xbp1/Sash3/Srf/Tcf7/Atf2/Runx2/Pirb/Mettl3/Prex1/Sh3rf1/Il18/Spi1/Fgl2/Nfkbid/Tmem98/Gpr89/Ikzf3/Shb/Zbtb1/Ifng/Lig4/Il6st/Il12b/Ccr9/Kat7/Dusp10/Zfp36l1/Pik3cd/Tespa1/Ctla4/Atg5/Ppp3cb/Il1rl2/Cd1d1"
"GOBP_NEGATIVE_REGULATION_OF_CELL_ACTIVATION",2.45814441272754e-05,0.000594051566409156,0.575610261071129,-0.423102414496958,-1.86161392452671,129,"Ptprc/Dusp3/Samsn1/Anxa1/Tnfaip3/Arg2/Ceacam1/Cd300lf/H2-Q7/Adgrf5/Fgr/Lyn/Casp3/Il4ra/Itch/Laptm5/Ndfip1/Cd84/Tarm1/Cnr2/Sh2b3/Ripor2/Ifi205/Ptpn22/Cblb/Mertk/Tyrobp/Zc3h12a/Vsir/Pkn1/Cd300a/Cr1l/Nrarp/Pag1/Ifi204/Ildr2/Runx1/Gpnmb/Clec12a"
"GOBP_REGULATION_OF_APOPTOTIC_SIGNALING_PATHWAY",2.52043062595979e-05,0.00060430797291713,0.575610261071129,-0.362909892073137,-1.72162945497436,227,"Dnaja1/Tlr4/Ptprc/Thbs1/Ptgs2/Lrrk2/Hspa1b/Bmp5/App/Icam1/Il1b/Ddx3x/Tnfaip3/Hgf/Ctnnb1/Jak2/Skil/Hspa1a/Hspb1/Mcl1/Dedd2/Asah2/Hyou1/Mal/Mdm2/Rb1cc1/S100a8/Ripk1/Inhbb/Fgf2/Rffl/Ubqln1/Nrg1/Slc25a5/Rrm2b/Gclm/Ptpn1/Tgfbr1/Tnfsf15/Birc6/Becn1/Acsl5/Bmpr1b/Cth/Nr4a2/Tnfsf14/Usp15/Fga/Ubb/Gdnf/Sgms1/Pdia3/Mmp2/Cd40lg/Ripk3/Txndc12/Tnfrsf12a/Bmi1/Ppp1ca/Hells/Cyld/Uri1/Xbp1/Pmaip1/Casp2/Unc5b/Eya2/Taf6/Fgg"
"GOBP_NUCLEOSIDE_PHOSPHATE_BIOSYNTHETIC_PROCESS",2.62719624893632e-05,0.000624985357657117,0.575610261071129,0.354815205665743,1.74739399540499,183,"Ndufb7/Ndufa5/Ak1/Atp5g2/Bckdk/Pdk2/Ndufb9/Ndufb10/Ndufa11/Ndufa3/Ndufa13/Ndufa8/Uqcc3/Atp5g3/Ndufb4/Ndufa7/Ndufa10/Ndufs7/Ndufs2/Ndufs6/Atp5l/Ndufa1/Ndufs3/Atp5j2/Pink1/Ppt2/Aldoa/Ndufc1/Atp5d/Ndufb6/Ndufs8/Guk1/Amdhd2/Atp5g1/Ndufab1/Atp5o/Papss2/Idh2/Ndufc2/Atp5j/Pdhx/Naprt/Acsbg1/Hacd1/Ndufa9/Ppcdc/Sdhb/Nans/Mlycd/Dlat/Adcy1/Tmsb4x/Ndufb5/Pdk1/Adssl1/Atp5c1/mt-Nd1/Snca"
"GOBP_REGULATION_OF_LEUKOCYTE_MEDIATED_IMMUNITY",2.70041126025358e-05,0.000637422657943577,0.575610261071129,-0.402841750917196,-1.81207749712058,152,"Tlr4/Ptprc/Itgb2/Hspd1/Icam1/Il1b/Pvr/Ceacam1/H2-Q7/Il18r1/Traf6/Fgr/Il18rap/Il1r1/Lyn/Cd177/Ulbp1/Il7r/C3/Was/Cd55/Il4ra/Crk/Ndfip1/Cd84/Rif1/Klrk1/Fzd5/Itgam/Adora2b/Tyrobp/H2-Q2/Cd300a/Kmt5b/Cr1l/Plcg2/B2m/Rac2/Ripk3/Prkaa1/Stx7/Snx4/Fbxo38/Klrc1/Sash3/Ptpn6/Tnfrsf1b/Cd96/Pirb/Ahr/D6Wsu163e/Fcgr1/Klrc2/Il18/Spi1/Dnase1"
"GOBP_EXTRINSIC_APOPTOTIC_SIGNALING_PATHWAY",2.78967905426983e-05,0.000653428670788588,0.575610261071129,-0.402143196042504,-1.80893523203497,152,"Tlr4/Ptprc/Thbs1/Bag3/Hspa1b/Bmp5/App/Icam1/Il1b/Ddx3x/Tnfaip3/Hgf/Jak2/Skil/Hspa1a/Tnfrsf10b/Il33/Mcl1/Smad4/Dedd2/Dedd/Mal/Rb1cc1/Ripk1/Nfkbiz/Rffl/Nrg1/Gclm/Tgfbr1/Tnfsf15/Birc6/Kitl/Acsl5/Bmpr1b/Tnfsf14/Fga/Dele1/Gdnf/Zdhhc3/Pdia3/Cd40lg/Tnfrsf12a/Ppp1ca/Cyld/Dapk1/Pmaip1/Casp2/Unc5b/Eya2/Tnfrsf1b/Fgg/Lcn2"
"GOBP_ANTIGEN_RECEPTOR_MEDIATED_SIGNALING_PATHWAY",2.81477343476878e-05,0.000654273672432896,0.575610261071129,-0.444088005495517,-1.89823203016999,106,"Ptprc/Dusp3/Pde4b/Prkch/Themis2/Nfam1/Fyb/Ceacam1/Lcp2/H2-Q7/Traf6/Icosl/Lyn/Slc39a10/Nfkbiz/Ms4a1/Tec/Laptm5/Lipa/Ifi205/Ptpn22/Cblb/Braf/Vav3/Zc3h12a/Cd300a/Ermap/Plcg2/Lat2/Ifi204/Btnl10/Klhl6/Cyld/Ptpn6/Psen1/Ube2n/Dgkz/Ptprj"
"GOBP_INTERLEUKIN_8_PRODUCTION",2.86078184013071e-05,0.000659930356302879,0.575610261071129,-0.555994675155309,-2.07015598018718,51,"Tlr4/Ptprc/Hspa1b/Il1b/Anxa1/Tlr8/Cd14/Hspa1a/Tlr7/Rab1a/Ripk1/Chil1/Tlr5/Pira2/Ptpn22/Anxa4/Myd88"
"GOBP_T_HELPER_1_TYPE_IMMUNE_RESPONSE",2.97594263915965e-05,0.000681334235807604,0.575610261071129,-0.64758308413529,-2.12893410212548,29,"Tlr4/Il1b/Anxa1/Il33/Il18r1/Traf6/Slc11a1/Il1r1/Nfkbiz/Il4ra"
"GOBP_CELLULAR_RESPONSE_TO_LIPID",3.32859348797775e-05,0.000756385609768079,0.557332238758646,-0.32231840203565,-1.59607644850047,341,"Tlr4/Hspa8/Pde4b/Hspa1b/Arntl/Il1b/Anxa1/Zfp366/Tnfaip3/Jak2/Cd14/Hspa1a/Gbp2/Fos/Rnf6/Lcor/Cd36/Xpo1/Strn3/Abhd2/Adcy3/Tnc/Litaf/Traf6/Plpp1/Klf9/Rhoa/Cdk12/Zfp36l2/Cdc73/Lyn/Insig1/Col1a1/Inhbb/Mrc1/Tlr5/Rock2/Plcb1/Ddx5/Nfkbiz/Cd55/Atp1a3/Kif18a/Cbx3/Eif4e/Taf7/Itga2/Ces1d/Pira2/Ptpn22/Nedd4/Gpld1/Tnip3/Klrk1/Ddx18/Dgkq/Adam9/Clock/Gnai1/Cd68/Btg2/Shq1/Ptafr/Cnot2/Trim24/Kat5/Slc7a5/Myd88/Pdk3/Casp7/Zfp36/Zc3h12a/Plaa/Cftr/Pkn1/Phex/Irs1/Kdm3a/Creb1/Plcg2/Prkd1/Pak1/Aqp1/B2m/Acaca/Mmp2/Ddx54/Irgm1/Sgk1/Prkaa1/Bmi1/Irgm2/Nr3c2/Pim1/Uri1/Xbp1/Stc1/Gnb1/Irak3/Esr1/Ptpn6/Sash1/Tnfrsf1b/Lcn2/Ccnb1/Npc1/Med1/Pirb/Ahr"
"GOBP_GRANULOCYTE_CHEMOTAXIS",3.44403151861033e-05,0.000776820442530997,0.557332238758646,-0.516443917144775,-2.01733933423015,64,"Thbs1/Itgb2/Trem1/Pde4b/Cxcr2/Il1b/Anxa1/Csf3r/Jaml/Bst1/Ppib/Cxadr/S100a8/Mospd2/Tnfaip6/Ripor2/Rac1/Srp54a/Akirin1/Vav3/C5ar1/Slit2/Pik3cg/Vegfa/Rac2"
"GOBP_MITOCHONDRIAL_MEMBRANE_ORGANIZATION",3.52713100671433e-05,0.000789714258488613,0.557332238758646,0.47732152026475,1.9804742042811,67,"Romo1/Plscr3/Ndufa13/Slc25a4/Uqcc3/Timm13/Siva1/Tomm5/Pink1/Spg7/Nol3/Timm10/Tomm40/Oxa1l/Bax/Alkbh7/Chchd6/Chchd3/Ppif/Ier3/Vdac2/Camk2a/Adck1/Bloc1s2/Bnip3/Snca/Micu1/Dnajc11"
"GOBP_MAPK_CASCADE",3.7571987802659e-05,0.000835085422329173,0.557332238758646,-0.302265820772969,-1.52871327397407,426,"Dnaja1/Tlr4/Ptprc/Thbs1/Ccr1/Lrrk2/Dusp3/App/Icam1/Il1b/Ndst1/Hgf/Ctnnb1/Jak2/Eif3a/Sema3a/Naip2/Cd36/Ceacam1/Tlr7/Smad4/Dusp1/Map4k5/Map3k3/Rell1/Mid1/Traf6/Ace2/Mink1/Rasgrp3/Rb1cc1/Rapgef2/Pafah1b1/Jun/Cdk12/Adam8/Ripk1/Spry4/Zfp36l2/Lyn/Map3k15/Chil1/Dusp4/Fgf2/Map3k8/Rock2/Fpr2/Plcb1/Cd24a/Rap1b/Itch/Laptm5/Crk/Hmgcr/Npnt/Sh2b3/Ddr2/Rac1/Ptpn22/Sla/Nr2c2/Rap1gds1/Map3k2/Rock1/Tgfa/Nrg1/Braf/Adam9/Ptpn1/Shank3/C5ar1/Becn1/Sh3rf3/Epha2/Mfhas1/Vrk2/Iqgap1/Bmp2/Myd88/Zfp36/Zc3h12a/Phlpp1/Pbk/Stk40/Cd300a/Fga/Plcg2/Pik3cg/Mapk6/Pak1/Rap2a/Rnf13/Vegfa/Shc1/Map4k4/Dhx33/Epgn/Ghr/Pdcd10/Hipk2/Dstyk/Gpnmb/Robo1/Cdc42/Frs2/Cyld/Xbp1/Arhgef5/Garem1/Irak3/Ptpn6/Arhgap8/Sash1/Cav2/Fgg/Dlg1/Alox15/Atf2/Mecom/Akap13/Ppp1cb/Pik3r5/Ywhaz/Iqgap3/Edar/Nox4/Mapk9/Ccl3/Map3k9/Ccdc88c/Ptprj/Sh3rf1/Dusp19/Sdcbp/Chrna7/Spi1/Irak1"
"GOBP_POSITIVE_REGULATION_OF_PROTEIN_METABOLIC_PROCESS",3.89807037460489e-05,0.000858996401797333,0.557332238758646,-0.299461750112926,-1.53270004023823,493,"Ptprc/Hsp90aa1/Thbs1/Lrrk2/Hspa1b/Prkch/Arntl/App/Picalm/Ythdf3/Il1b/Ddx3x/Tnfaip3/Dhx9/Ctnnb1/Tiparp/Jak2/Rnf139/Hspa1a/Tnfrsf10b/Il33/Sh3d19/Myh9/Arrdc4/Neurl3/Rnf111/Tom1l1/Usp16/Rab1a/Lcp2/Cab39/Larp4/Fmr1/Acvr2a/Rassf1/Hspa5/Traf6/Zfand2a/Fxr1/Kcne2/Mdm2/Rhoa/Nedd9/Rapgef2/Adam8/Ripk1/Dcun1d3/Vgll4/Lyn/Chil1/Fgf2/Rock2/Socs4/Plcb1/C3/Gpc3/Casp3/Itch/Laptm5/Pilrb2/Ndfip1/Lrp2/Ubqln1/Itga2/Ddb1/Pira2/Adam17/Fbxl5/Ifi205/Ddr2/Rac1/Ptpn22/Sorl1/Tmtc3/Nedd4/Sh3bgrl/Cyfip2/Tpx2/Cblb/Gpld1/Nrg1/Braf/Adam9/Senp2/Ect2/Ptpn1/Rhbdd1/Fbn1/Tnfsf15/Sh3rf3/Ndfip2/Nrd1/Serp1/Fanci/Kat5/Bmp2/Zc3h12a/Vsir/Abca2/Rdx/Cr1l/Ubb/Pik3cg/Slc2a13/Slc6a9/Ythdf2/Aimp2/Rap2a/Vegfa/Samd4/Abi1/Ccny/Dcun1d1/Bag2/Irgm1/Ripk3/Abcb10/Bmi1/Irgm2/Svip/Ereg/Pdcd10/Pim1/Huwe1/Mtor/Xbp1/Arhgef5/Psmc6/Paip1/Eef2/Snx1/Dcaf1/Sash1/Chp1/Ralb"
"GOBP_B_CELL_RECEPTOR_SIGNALING_PATHWAY",3.92119868143939e-05,0.000858996401797333,0.557332238758646,-0.597979796666657,-2.07555803801581,37,"Ptprc/Prkch/Nfam1/Lyn/Slc39a10/Nfkbiz/Ms4a1/Tec/Ifi205/Ptpn22/Vav3/Cd300a/Plcg2/Lat2/Ifi204/Klhl6/Ptpn6"
"GOBP_RESPONSE_TO_LEUKEMIA_INHIBITORY_FACTOR",4.05831049472768e-05,0.00088268253260327,0.557332238758646,-0.498233308993036,-1.95367337894751,65,"Cacybp/Icam1/Socs3/Rnf125/Pcolce2/Eps8/Spry4/Smarca5/Laptm5/Rif1/Vegfc/Slc25a5/Arid5b/Gclm/Cth/Tle4/Kdm3a/Creb1/Wdr35/Pdcd10/Hells/Xbp1/Kdm5b/Shmt1/Padi2/Fzd4/Eed/Ildr1/Hnrnpu/Nfyb/Xrcc5"
"GOBP_HOMEOSTASIS_OF_NUMBER_OF_CELLS",4.28830483444153e-05,0.0009255263821509,0.557332238758646,-0.372307172340743,-1.74350222932208,204,"Pde4b/Hspa1b/Anxa1/Tnfaip3/Jak2/Skil/Gpam/Hspa1a/Tmod3/Wdr48/Ptbp3/Acvr2a/Rcor1/Adgrf5/Dock11/Tmem63b/Cadps2/Akt3/Cited2/Lyn/Gapt/Il7r/Nfkbiz/Casp3/Cebpg/Slc7a11/Lipa/Tnfsf13b/Kmt2e/Sh2b3/Adam17/Rac1/Tcea1/Slc25a5/Sp3/Gpr174/Mertk/Rag1/Kitl/Mfhas1/Ociad2/Zfp36/Tnfsf14/Pkn1/Senp1/Diaph3/Tspo2/Wdr37/B2m/Vegfa/Ncapg2/Rac2/Rhag/Vps13a/Ildr2/Ripk3/Abcb10/Zfx/Hipk2/Bloc1s6/Arid4a/Cyld/Ppp2ca/Arhgef5/Pmaip1/Sash3/Srf/Slc4a1/Gcnt4/Med1/Dock10"
"GOBP_POSITIVE_REGULATION_OF_INTERLEUKIN_2_PRODUCTION",4.31608362119631e-05,0.0009255263821509,0.557332238758646,-0.679764038656571,-2.08991928577079,22,"Ptprc/Pde4b/Il1b/Anxa1/Cd83/Traf6/Irf4/Plcg2/Sptbn1/Runx1/Sash3"
"GOBP_MITOCHONDRIAL_TRANSPORT",4.81517111259408e-05,0.00102532839425517,0.557332238758646,0.42086802665681,1.8819851032128,101,"Romo1/Slc25a39/Smdt1/Ndufa13/Slc25a4/Pam16/Slc8b1/Psen2/Timm13/Siva1/Tomm5/Vdac1/Ucp2/Pink1/Spg7/Nol3/Timm10/Tomm40/Dnajc19/Slc25a26/Slc25a16/Bax/Dnlz/Alkbh7/Mcu/Tst/Ppif/Ier3/Vdac2/Camk2a/Slc25a20/Slc25a3/Bloc1s2/Slc41a3/Bnip3/Slc25a29"
"GOBP_INTERLEUKIN_1_PRODUCTION",5.26087457147988e-05,0.00111245576876085,0.557332238758646,-0.493520151032687,-1.93519213517736,65,"Tlr4/App/Anxa1/Tnfaip3/Tlr8/Jak2/Trim16/Arg2/Hspb1/Naip2/Cd36/Ceacam1/Pira2/Ifi205/Fzd5/Tyrobp/Myd88/Zc3h12a/Il1r2"
"GOBP_RESPONSE_TO_HEAT",5.33891546826448e-05,0.00112117224833554,0.557332238758646,-0.520767422901713,-1.99507664105046,58,"Dnaja1/Dnajb1/Hsp90aa1/Thbs1/Bag3/Hspa1b/Dnaja4/Dnajb4/Hspa1a/Hspb1/Eif2s1/Hsp90ab1/Chordc1/Tpr/Lyn"
"GOBP_REACTIVE_NITROGEN_SPECIES_METABOLIC_PROCESS",5.39824828725195e-05,0.00112586753662207,0.557332238758646,-0.527101190235015,-1.99353990527775,54,"Tlr4/Hsp90aa1/Ptgs2/Itgb2/App/Il1b/Jak2/Arg2/Cd36/Hsp90ab1/Acvr2a/Gla/Tlr5/Rock2/Gch1/Rac1/Klrk1/Cyb5b/Zc3h12a"
"GOBP_NEGATIVE_REGULATION_OF_CELL_ADHESION",5.77179845735261e-05,0.00119541134263659,0.557332238758646,-0.37896878683849,-1.74660281464612,180,"Ptprc/Thbs1/Dusp3/Anxa1/Jak2/Arg2/Ceacam1/Dusp1/Actn4/H2-Q7/Tnc/Gtpbp4/Rhoa/Cask/Spry4/Col1a1/Swap70/Casp3/Il4ra/Itch/Laptm5/Postn/Ndfip1/Tarm1/Phldb2/Sh2b3/Ripor2/Ptpn22/Cblb/Rasa1/Cd164/Ptpn1/Acvrl1/Bmp2/Zc3h12a/Vsir/Rdx/Cd300a/Cr1l/Nrarp/Tgfbi/Pag1/Ythdf2/Vegfa/Mmp2/Map4k4/Ildr2/Runx1/Jag1"
"GOBP_TRANSLATION",5.81020948145205e-05,0.00119541134263659,0.557332238758646,0.271265514716077,1.4683388655648,423,"Cirbp/Rpl38/Rps28/Eif2b4/Mrpl41/Mettl17/Pstk/Abtb1/Rps15/Mrpl20/Mrps11/Mrpl52/Rpl37a/Mrps15/Tnrc6c/Eif1b/Aurkaip1/Rpl28/Erbb2/Mrpl43/Rpl18a/Eef2k/Mrpl48/Mrpl4/Rpl35a/Rbm4b/Fau/Hemk1/Pink1/Cpeb1/Pabpc4/Mrpl58/Mrps24/Rplp2/Habp4/Ddrgk1/Rpl18/Coa3/Uqcc2/Mrpl51/Oxa1l/Rpl36a/Dus3l/Rps23/Trub2/Ifrd2/Rpl27a/Rnf25/Rpl11/Lsm14b/Mrpl13/Mrpl30/Rps9/Rpl8/Mrpl22/Mrpl34/Rplp1/Rpl37/Mrps26/Dapk3/Mrps5/Rpl13/Eif1/Rpl3l/Rps17/Celf4/Rpl35/Eefsec/Shmt2/Mrps17/Eif3k/Rcc1l/Alkbh3/Mrps25/Rpl14/Eif5a/Dapl1/Gatb/Rps6ka1/Rps26/Zfp385a/Mrpl15/Rps24/Mrpl9/Eef1a2/Krt13/Rps20/Trnau1ap/Neurl1a/Unk/Pym1/Rps11/Rps13/Mif4gd/Ankzf1/Mrps18a/Rps6kb2/Mrpl37/Eif4b/Eif4a3/Rps16/Mrpl42/Mtg1/Rps12/Rps14/Mettl14/Abcf1/Mrpl44/Rpl7/Mrps33/Rps8/Mrps14/Larp4b/Saysd1/Tars2/Vars/Eif5b/Ddx25/Malsu1/Scrib/Rbm8a/Elp2/Mrpl21/Mrpl40/Eef1b2/Tnip1/Prmt1/Mrpl55/Rps19/Mtif3/Ogt/Rpl19/Tob1"
"GOBP_CHEMOKINE_PRODUCTION",6.1537334537586e-05,0.00125759183669094,0.538434096309916,-0.550022417742368,-2.00653722089953,46,"Tlr4/App/Il1b/Hc/Ddx3x/Il33/Arg2/Tlr7/Erbin/Chia1/Il4ra/Postn/Adam17/Epha2/Adora2b/Myd88"
"GOBP_TOLL_LIKE_RECEPTOR_SIGNALING_PATHWAY",6.54297349133371e-05,0.00132264882438865,0.538434096309916,-0.52451756537477,-1.96033328413148,52,"Tlr4/Hspd1/App/Rps6ka3/Tlr8/Cd36/Tlr7/Cd300lf/Traf6/S100a8/Irf4/Tlr5/Nfkbiz/Tnip3/Mfhas1/Myd88/Ctss/Cd300a/Plcg2"
"GOBP_NEGATIVE_REGULATION_OF_LYMPHOCYTE_ACTIVATION",6.55894819319166e-05,0.00132264882438865,0.538434096309916,-0.434249499171677,-1.85458320878617,105,"Dusp3/Samsn1/Anxa1/Tnfaip3/Arg2/H2-Q7/Fgr/Lyn/Casp3/Il4ra/Itch/Laptm5/Ndfip1/Tarm1/Ripor2/Ifi205/Ptpn22/Cblb/Mertk/Tyrobp/Zc3h12a/Vsir/Pkn1/Cd300a/Cr1l/Nrarp/Pag1/Ifi204/Ildr2/Runx1/Gpnmb/Clec12a/Ptpn6/Dlg1/Pirb"
"GOBP_MONONUCLEAR_CELL_MIGRATION",6.8221890727623e-05,0.00136668195569482,0.538434096309916,-0.403959704070777,-1.78691501711558,133,"Thbs1/Ccr1/Cxcr2/Bmp5/App/Icam1/Hc/Anxa1/Alox5/Jaml/Dusp1/Mmp28/Rhoa/Nedd9/Eps8/Itgal/Adam8/Lyn/Dock8/Fpr2/Plcb1/Mospd2/Ccr6/S1pr1/Crk/Ripor2/Adam17/Rtn4/Klrk1/Akirin1/Gnai1/C5ar1"
"GOBP_CHAPERONE_MEDIATED_PROTEIN_FOLDING",7.55022955995001e-05,0.00150264372614691,0.538434096309916,-0.559377029487834,-1.97507113883725,40,"Hsph1/Dnajb1/Hspa8/Hspa1b/Dnajb4/Hspa1a/Hspb1/Hsp90ab1/Chordc1/Ppib/Hspa13/Hspa5/Pdia4"
"GOBP_REGULATION_OF_CD4_POSITIVE_ALPHA_BETA_T_CELL_ACTIVATION",7.62391455549604e-05,0.00150745583256399,0.538434096309916,-0.55030687863563,-2.01741777153904,47,"Anxa1/Arg2/Cd83/Tgfbr2/Irf4/Nfkbiz/Cd55/Il4ra/Itch/Ndfip1/Tarm1/Cblb/Zc3h12a/Vsir/Runx1/Sash3/Sh3rf1/Il18/Nfkbid/Shb/Ifng/Il12b/Cd55b"
"GOBP_RECEPTOR_INTERNALIZATION",7.81843710675295e-05,0.00153594458000405,0.538434096309916,-0.443316528250153,-1.83513771435493,89,"Itgb2/Cxcr2/App/Picalm/Rab5a/Cltc/Sele/Cd36/Ceacam1/Itgb1/Fmr1/Numb/Scyl2/Mdm2/Lmbrd1/Itch/Rin3/Aplnr/Nedd4/Cblb/Nrg1/Plcg2/Arc/Vegfa/Rabep1/Rab31/Ghr/Snx1/Ralb/Usp32/Pirb/Mkln1/Atad1/Sdcbp/Ackr3/Rala/Cxcr1/Gtf2h2"
"GOBP_NEGATIVE_REGULATION_OF_EXTRINSIC_APOPTOTIC_SIGNALING_PATHWAY",8.23030057281267e-05,0.00160649136180863,0.538434096309916,-0.512759218996206,-1.95912026945423,57,"Thbs1/Hspa1b/Bmp5/Icam1/Il1b/Ddx3x/Tnfaip3/Hgf/Hspa1a/Mcl1/Rb1cc1/Ripk1/Rffl/Nrg1/Gclm/Tgfbr1/Birc6"
"GOBP_NUCLEOTIDE_BINDING_OLIGOMERIZATION_DOMAIN_CONTAINING_2_SIGNALING_PATHWAY",8.61555404340423e-05,0.00166938213790859,0.538434096309916,-0.745421978569486,-2.11879541780564,16,"Tlr4/Hspa1b/Tnfaip3/Hspa1a/Erbin/Slc15a3/Ptpn22/Lacc1/Irgm1/Irgm2"
"GOBP_CELLULAR_RESPONSE_TO_HEAT",8.71389837207166e-05,0.00166938213790859,0.538434096309916,-0.576003215175702,-2.02022403135268,39,"Dnajb1/Hsp90aa1/Thbs1/Bag3/Hspa1b/Hspa1a/Eif2s1/Hsp90ab1/Chordc1/Tpr/Lyn/Atr/Slu7/Ano1/Ier5/Mtor/Hikeshi/Rbbp7"
"GOBP_ALPHA_BETA_T_CELL_DIFFERENTIATION",8.71697076937489e-05,0.00166938213790859,0.538434096309916,-0.483017480446529,-1.93410368825519,72,"Socs3/Jak1/Anxa1/Cd83/Il18r1/Tgfbr2/Icosl/Rhoa/Irf4/Icos/Nfkbiz/Il4ra/Braf/Zc3h12a/Runx1/Tbk1/Mtor/Sash3/Atf2/Sh3rf1/Il18/Nfkbid/Tmem98/Shb/Ifng/Il6st/Il12b"
"GOBP_POSITIVE_REGULATION_OF_CELL_CYCLE",8.8033997435513e-05,0.00167539701369461,0.538434096309916,-0.364268070629989,-1.68691540305503,187,"Dusp3/App/Il1b/Ddx3x/Anxa1/Tmod3/Bub1/Pkn2/Atrx/Tpr/Mdm2/Asns/Rhoa/Ppp1r10/Pafah1b1/Ncapg/Cited2/Cdc73/Rock2/Smc4/Plcb1/Kif3b/Eif4e/Kmt2e/Adam17/Arf6/Ddr2/Btc/Tgfa/Ect2/Rrm2b/Becn1/Smc6/Plk4/Ccne2/Rad18/Kat5/Dynlt3/Rdx/Knl1/Plcg2/Cdc23/Kif23/Nusap1/Ccny/Ncapg2/Epgn/Ereg/Pim1/Cdc42/Cenpj/Gen1/Lrp5/Kif20b/Cdc16/Ccnb1/Stxbp4/Plrg1/Med1/Ncapd2/Eif4g1/Dtl/Ooep/Rb1/Fen1/Bcl2l11/Srpk2/Shb/Dync1li1/Hnrnpu"
"GOBP_DEFENSE_RESPONSE_TO_VIRUS",8.91610329645594e-05,0.00168630649302536,0.538434096309916,-0.378312133941728,-1.73067417982993,171,"Ptprc/Hsp90aa1/Dhx15/Il1b/Tnfaip3/Dhx9/Tlr8/Gpam/Gbp2/Il33/Tlr7/Pde12/Pcbp2/Mid2/Traf6/Cxadr/Trim44/Rb1cc1/Lyst/Smarca5/Itch/Ifih1/Dtx3l/Ifi205/Slfn8/Nt5c2/Oas2/Trim34a/Azi2/Slfn9/Becn1/Myd88/Zc3h12a/Ddx60/Agbl5/Cd207/Polr3f/Irgm1/Ripk3/Tbk1/Irgm2/Serinc5/Ncbp1/Pmaip1/Mlkl/Zc3hav1/Traf3/Pirb/Ube2n/Tomm70a/Oasl1/Ear6/Fgl2/Znfx1/Trim56/Ifng/Il12b/G3bp1/Tlr3/Trim13/Rab2b/Rnasel/Lsm14a/Atg5/Trim15/Map3k14/Rtp4/Zbp1/Cnot7/Trim65/Atg14/Irf5/Ddx1/Tlr9/Serinc3/Sin3a/Il15/Casp1/Trim25"
"GOBP_RESPONSE_TO_VIRUS",9.97411604312978e-05,0.0018747644044031,0.538434096309916,-0.347893594410575,-1.65502933716704,233,"Ptprc/Hsp90aa1/Dhx15/Il1b/Jak1/Ddx3x/Tnfaip3/Dhx9/Tlr8/Jak2/Gpam/Gbp2/Il33/Hspb1/Odc1/Tlr7/Pde12/Pcbp2/Mid2/Fmr1/Traf6/Cxadr/Fgr/Trim44/Rb1cc1/Lyst/Smarca5/Itch/Ifih1/Dtx3l/Ifi205/Slfn8/Nt5c2/Oas2/Ifi44/Trim34a/Azi2/Slfn9/Becn1/Myd88/Zc3h12a/Ddx60/Agbl5/Cd207/Itgb6/Polr3f/Irgm1/Ripk3/Tbk1/Irgm2/Apob/Serinc5/Ncbp1/Wdfy4/Mtor/Uri1/Pmaip1/Mlkl/Irak3/Zc3hav1/Traf3/Lcn2/Atf2/Dclk1/Pirb/Ube2n/Tomm70a/Oasl1/Ear6/Ccl4/Fgl2/Znfx1/Trim56/Ifng/Il12b/G3bp1/Tlr3/Trim13/Rab2b/Rnasel/Lsm14a/Pou2af1/Atg5/Trim15/Map3k14/Rtp4/Zbp1/Cdk6/Ifnar1/Ikbkg/Cnot7/Trim65/Atg14/Irf5/Ddx1/Tlr9/Serinc3/Sin3a/Il15/Casp1/Trim25/Ext1/Plscr1/Hnrnpul1/Calr/Prf1/Rnf216"
"GOBP_CYTOCHROME_COMPLEX_ASSEMBLY",0.000100742773613443,0.00188197389971125,0.538434096309916,0.606702710281596,2.07420103781111,28,"Uqcc3/mt-Co3/Ttc19/Pet100/Coa3/Uqcc2/Fxn/Smim20/Cox10/Coa6/Uqcrfs1/Smim4"
"GOBP_REGULATION_OF_T_HELPER_1_TYPE_IMMUNE_RESPONSE",0.0001028643057757,0.00190988909199393,0.538434096309916,-0.742785578166983,-2.11130168505705,16,"Il1b/Anxa1/Il33/Il18r1/Slc11a1/Il1r1/Il4ra"
"GOBP_ENDOLYSOSOMAL_TOLL_LIKE_RECEPTOR_SIGNALING_PATHWAY",0.000104012974882375,0.00191951217282928,0.538434096309916,-0.58951815327508,-2.03528180656281,36,"Ddx3x/Tnfaip3/Washc4/Tlr8/Pik3ap1/Tlr7/Traf6/Ppt1/Ubqln1/Pira2/Rtn4/Ptpn22/Colec12/Treml4/Myd88"
"GOBP_CD4_POSITIVE_ALPHA_BETA_T_CELL_DIFFERENTIATION",0.000106691144148279,0.00195707550561151,0.538434096309916,-0.509531901873912,-1.94678952598633,57,"Socs3/Jak1/Anxa1/Cd83/Il18r1/Icosl/Irf4/Icos/Nfkbiz/Il4ra/Braf/Zc3h12a/Runx1/Tbk1/Mtor/Sash3/Sh3rf1/Il18/Nfkbid/Tmem98/Shb/Ifng/Il6st/Il12b"
"GOBP_NEGATIVE_REGULATION_OF_RESPONSE_TO_EXTERNAL_STIMULUS",0.00010915665192578,0.00199031140786826,0.538434096309916,-0.348138835276602,-1.6454942810723,220,"Ptprc/Thbs1/Dusp3/Ythdf3/Socs3/Hc/Tnfaip3/Hgf/Alox5/Il33/Pvr/Arg2/Ceacam1/Dusp1/Pcbp2/H2-Q7/Mmp28/Fgr/Fxr1/Cask/Lyn/Fgf2/Robo2/Fpr2/Itch/Crk/Ndfip1/Phldb2/Sh2b3/Tnfaip6/Pira2/Ifi205/Rin3/Nt5c2/Klrk1/Mfhas1/H2-Q2/Serping1/Pbk/Cr1l/Usp15/Fga/Slit2/Ythdf2/Irgm1/Plat/Irgm2/Il22ra1/Pim1/Robo1/Cyld/Clec12a/Klrc1/Pros1/Irak3/Ptpn6/Tnfrsf1b/Fgg/Cd96/Pirb/Ahr/Uaca/Ywhaz/Mettl3"
"GOBP_NEGATIVE_REGULATION_OF_CD4_POSITIVE_ALPHA_BETA_T_CELL_ACTIVATION",0.000126328037244762,0.00228666770206781,0.518848077743792,-0.657599079369784,-2.02177361573309,22,"Anxa1/Arg2/Il4ra/Itch/Ndfip1/Tarm1/Cblb/Zc3h12a/Vsir/Runx1"
"GOBP_MITOCHONDRIAL_CALCIUM_ION_TRANSMEMBRANE_TRANSPORT",0.00012691193486025,0.00228666770206781,0.518848077743792,0.682408597456658,2.07861393234501,18,"Smdt1/Slc8b1/Psen2/Vdac1/Ucp2/Spg7/Mcu"
"GOBP_POSITIVE_REGULATION_OF_T_CELL_PROLIFERATION",0.000130931912924311,0.00234522161679133,0.518848077743792,-0.488444495962142,-1.88153674354313,60,"Ptprc/Il1b/Anxa1/Jak2/Gpam/H2-DMb1/H2-Q7/Tgfbr2/Traf6/Icosl/Cd24a/Cd55/Slc7a1/Tnfsf13b/Vcam1/Kitl"
"GOBP_POSITIVE_REGULATION_OF_INTERLEUKIN_8_PRODUCTION",0.000133139283239805,0.00237081355242811,0.518848077743792,-0.559023247502708,-1.99435822591153,42,"Tlr4/Hspa1b/Il1b/Tlr8/Cd14/Hspa1a/Tlr7/Rab1a/Ripk1/Chil1/Tlr5/Pira2"
"GOBP_T_CELL_DIFFERENTIATION_INVOLVED_IN_IMMUNE_RESPONSE",0.00013926917257024,0.00246555017718825,0.518848077743792,-0.529790582604362,-1.97258929236851,51,"Socs3/Jak1/Anxa1/Clec4e/Il18r1/Clec4d/Icosl/Irf4/Icos/Nfkbiz/Il4ra/Zc3h12a/Tbk1/Mtor/Il18/Fgl2/Nfkbid/Tmem98/Shb/Ifng/Il6st/Il12b"
"GOBP_POSITIVE_REGULATION_OF_LOCOMOTION",0.000144199222824193,0.00253807302600964,0.518848077743792,-0.313449252928006,-1.5545223192068,347,"Tlr4/Ptprc/Hspa8/Thbs1/Ptgs2/Ccr1/Pik3c2a/App/Icam1/Il1b/Anxa1/Hgf/Sele/Jak2/Sema3a/Hspb1/Itgb1/Actn4/Numb/Hspa5/Tgfbr2/Actg1/Smurf2/Fgr/Sema6d/Mdm2/Dock7/Rhoa/Nedd9/Lamc2/Rapgef2/Jun/Akt3/Adam8/Il1r1/Lyn/Dock8/Col1a1/Fgf2/Swap70/Selp/Nipbl/Rock2/Fpr2/Mospd2/Ccr6/S1pr1/Postn/Crk/Itga2/Tnfaip6/Ripor2/Adam17/Arf6/Rtn4/Ddr2/Rac1/Ptp4a1/Vegfc/Gpld1/Adam9/Akirin1/Tgfbr1/C5ar1/Kitl/Epha2/Bmp2/Zfp609/Zc3h12a/Vsir/Plaa/Tnfsf14/Rdx/Plcg2/Slit2/Pik3cg/Prkd1/Pak1/Sema3c/Aqp1/Pgam1/Vegfa/Rac2/Mmp2/Map4k4"
"GOBP_POSITIVE_REGULATION_OF_MAPK_CASCADE",0.00014764489730862,0.00257947320620105,0.518848077743792,-0.335414004968768,-1.60946260640072,250,"Tlr4/Ptprc/Thbs1/Ccr1/Lrrk2/App/Icam1/Il1b/Ndst1/Hgf/Ctnnb1/Jak2/Sema3a/Naip2/Cd36/Map3k3/Rell1/Mid1/Traf6/Mink1/Rb1cc1/Rapgef2/Jun/Adam8/Ripk1/Lyn/Chil1/Fgf2/Rock2/Fpr2/Plcb1/Rap1b/Laptm5/Crk/Npnt/Ddr2/Ptpn22/Nr2c2/Rock1/Tgfa/Nrg1/Braf/Adam9/Ptpn1/C5ar1/Sh3rf3/Mfhas1/Iqgap1/Bmp2/Myd88/Zc3h12a/Fga/Plcg2/Pik3cg/Rnf13/Vegfa/Shc1/Dhx33/Epgn/Ghr/Pdcd10/Hipk2/Dstyk/Gpnmb/Robo1/Cdc42/Frs2/Arhgef5/Garem1/Arhgap8/Sash1/Cav2/Fgg/Alox15/Pik3r5/Iqgap3/Edar/Nox4/Ccl3/Ccdc88c/Ptprj/Sh3rf1/Dusp19/Sdcbp/Chrna7/Spi1/Ackr3"
"GOBP_RESPONSE_TO_TEMPERATURE_STIMULUS",0.000148245586563278,0.00257947320620105,0.518848077743792,-0.435136773068542,-1.81341792636676,92,"Dnaja1/Dnajb1/Hsp90aa1/Thbs1/Bag3/Hspd1/Hspa1b/Dnaja4/Dnajb4/Hspa1a/Hspb1/Top1/Eif2s1/Hsp90ab1/Chordc1/Tpr/Plac8/Lyn/Lipa/Atr"
"GOBP_INTEGRIN_MEDIATED_SIGNALING_PATHWAY",0.000151362012327641,0.00261873481555492,0.518848077743792,-0.47889120986731,-1.90297540123599,70,"Itgb2/Fyb/Bst1/Myh9/Ceacam1/Col3a1/Itgb1/Plek/Fgr/Erbin/Nedd9/Itgal/Cd177/Lama2/Tec/Itga2/Adam9/Vav3/Itgam/Tyrobp/Dst/Diaph3/Prkd1/Itgb6/Cd40lg/Itga8/Cdc42/Itgad/Ilk/Dock1"
"GOBP_PURINE_CONTAINING_COMPOUND_METABOLIC_PROCESS",0.000153992520549265,0.00263516698525687,0.518848077743792,0.287244929543792,1.50854657702207,314,"Ndufb7/Ndufa5/Ak1/Uchl1/Atp5g2/Hmgcs2/Bckdk/Pdk2/Ndufb9/Ndufb10/Nudt3/Mcee/Ndufa11/Ndufa3/Ndufa13/Gmpr/Ndufa8/Uqcc3/Atp5g3/Pgls/Ndufb4/Macrod1/Ndufa7/Ndufa10/Ndufs7/Ndufs2/Pfkm/Ndufs6/Eno3/Atp1a2/Prkaca/Atp5l/Ndufa1/Pde9a/Ndufs3/Atp5j2/Ucp2/Slc25a22/Pink1/Bpgm/Dcxr/Ppt2/Tpi1/Aldoa/Ndufc1/Atp5d/Ndufb6/Ndufs8/Guk1/Galk1/Gpi1/Atp5g1/Ndufab1/Atp5o/Papss2/Idh2/Ndufc2/Atp5j/Acot6/Slc22a12/Pdhx/Naprt/Acsbg1/Mdh1/Actn3/Ier3/Hacd1/Ndufa9/Rhoq/Aldoc/Ppcdc/Sdhb/Pfkfb1/Nudt1/Hint1/Mlycd/Dlat/Adcy1/Tmsb4x/Ndufb5"
"GOBP_REGULATION_OF_SMALL_GTPASE_MEDIATED_SIGNAL_TRANSDUCTION",0.00015405021588724,0.00263516698525687,0.518848077743792,-0.357494064998559,-1.65554516953366,187,"Fam13b/Picalm/Col3a1/Itgb1/Arhgef28/Kctd10/Arfgef3/Dennd4c/Dock11/Plekhg1/Fxr1/Arhgdib/Dock7/Fam13a/Eps8/Arhgap30/Spry4/Fgd3/Dock8/Ralgapa1/Dock2/Swap70/Crk/Arhgap22/Gmip/Ripor2/Arf6/Rtn4/Rac1/Cdc42se2/Ect2/Vav3/Kitl/Arhgap20/Kbtbd7/Arhgap25/Cdkl5/Rdx/Slit2/Arfgef2/Pik3cg/Arhgap15/Tsc2/Rasa2/Psd4/Map4k4/Myo9a/Arhgap28/Tagap/Pdcd10/Robo1/Cgnl1/Arhgap17/Arhgef18/Arhgef5/Arhgap21/Arhgap8/Prag1/Akap13/Fgd4/Dock10/Prex1/Arhgap42/Ralgps1/Arhgap45/Arhgef3/Gpr4/Arhgef12"
"GOBP_CELL_SUBSTRATE_ADHESION",0.000154908009970765,0.00263516698525687,0.518848077743792,-0.342750229437073,-1.62243387855599,222,"Thbs1/Itgb2/Dusp3/Hsd17b12/Ctnnb1/Jak2/Washc2/Antxr1/Prkx/Bst1/Cd36/Col3a1/Itgb1/Adamts9/Ston1/Rab1a/Actn4/Pkd1/Actg1/Mink1/Rhoa/Nedd9/Cask/Itgal/Spry4/Edil3/Col1a1/Rock2/Postn/Crk/Abi3bp/Npnt/Itga2/Phldb2/Rac1/Sned1/Rock1/Vcam1/Braf/Adam9/Rasa1/Utrn/Ptpn1/Mertk/Itgam/Acvrl1/Siglec1/Parvg/Sorbs1/Fga/Tesk1/Vegfa/Itgb6/Rac2/Map4k4/Jag1/Tnfrsf12a/Macf1/Itga8/Cdc42/Vwf/Tbcd/Srf/Itgad/Fgg/Alox15/Cd96/Ilk/Mkln1/Dock1/Prex1/Ptprj/Frem1/Fzd4/Radil/Bcl2l11/Pxn"
"GOBP_T_CELL_MIGRATION",0.000164850447809106,0.00278872007543737,0.518848077743792,-0.545556576031206,-1.96503738078255,44,"App/Icam1/Rhoa/Itgal/Adam8/Dock8/Ccr6/S1pr1/Crk/Ripor2/Adam17/Gnai1/Tnfsf14/Pik3cg/Ripk3/Ccl3/Itgb7/Plec/Spns2/Pik3cd/Slc12a2/Msn/P4hb/Gpr15/Abl2"
"GOBP_IMPORT_ACROSS_PLASMA_MEMBRANE",0.000186558616528279,0.00313851374214702,0.518848077743792,-0.414467806876424,-1.79007578828557,113,"Thbs1/Slc5a3/Cd36/Slc1a3/Itgb1/Arl6ip1/Lrrc8d/Slc6a14/Kcnj2/Ace2/Kcne2/Slc38a2/Slc2a3/Cacna1d/Slc39a10/Kcnj13/Atp1a3/Ms4a1/Slc7a11/Slc7a1/Slc15a3/Lrp2/Kcnj15/Atp1b1/Acsl5/Slc7a5/Slc6a20a/Slc24a4/Tspo2/Slc6a9/Slc39a11/Slc5a2"
"GOBP_ALPHA_BETA_T_CELL_PROLIFERATION",0.000196320499714143,0.00328459297598662,0.518848077743792,-0.624792820379909,-2.02316809006071,27,"Ptprc/Jak2/Arg2/H2-Q7/Tgfbr2/Dock2/Cd55/Itch/Ndfip1/Cblb/Vsir"
"GOBP_CELLULAR_RESPONSE_TO_TYPE_II_INTERFERON",0.000200820505334912,0.00334152152319566,0.518848077743792,-0.470815410306895,-1.84616226356654,65,"Tlr4/Jak1/Jak2/Gbp2/Gbp9/Pde12/Actr2/Eprs/Actg1/Actr3/Mrc1/Was/Kif5b/Calm1/Irgm1/Irgm2/Pim1/Cdc42/Dapk1/Gbp4/Stxbp4/Med1/Ccl3/Sp100/Ifng/Il12b/Tlr3/Cldn1"
"GOBP_RESPONSE_TO_TYPE_II_INTERFERON",0.000212758946825966,0.00350395078345912,0.518848077743792,-0.436436045808705,-1.7868035880662,83,"Tlr4/Sec61a1/Jak1/Jak2/Gbp2/Gbp9/Pde12/Actr2/Eprs/Slc11a1/Actg1/Actr3/Mrc1/Was/Gch1/Kif5b/Calm1/Zfp697/Irgm1/Irgm2/Pim1/Cdc42/Dapk1/Gbp4/Stxbp4/Med1/Ccl3/Sp100/Mefv/Ifng/Il12b/Tlr3/Kynu/Cldn1"
"GOBP_CELLULAR_DEFENSE_RESPONSE",0.000212883709339881,0.00350395078345912,0.518848077743792,-0.574143799475317,-1.97388327560723,35,"Cxcr2/Il33/Itgb1/H2-Q7/Ncf2/Ccr6/Ccr3/Ifi205/C5ar1/Becn1/Tyrobp/Ifi204/Klrc1/Vezf1/Pirb/Klrc2/Ccr9/Bcl10/Il1rl2/Lgals3bp/Ptk2b/Trat1/Umod/Prf1"
"GOBP_TYPE_I_INTERFERON_PRODUCTION",0.00021677558083022,0.00354882604101086,0.518848077743792,-0.44926394374962,-1.83044332819505,80,"Tlr4/Hsp90aa1/Hspd1/Ddx3x/Rnf125/Dhx9/Tlr8/Cd14/Arrdc4/Tlr7/Traf6/Itch/Ifih1/Pira2/Ptpn22/Oas2/Kpna2/Yy1/Tyrobp/Siglec1/Myd88/Plcg2/Polr3f/Irgm1/Dhx33/Tbk1/Irgm2/Cyld/Clec12a/Zc3hav1/Traf3/Pirb/Tomm70a/Irak1/Trim56/G3bp1/Tlr3/Kat8/Rab2b"
"GOBP_POSITIVE_REGULATION_OF_CATABOLIC_PROCESS",0.000222498023882951,0.00362302931937746,0.518848077743792,-0.312864489113116,-1.54396303336496,332,"Hsp90aa1/Bag3/Lrrk2/Pik3c2a/Hspa1b/App/Ythdf3/Il1b/Tut7/Wac/Tnfaip3/Dhx9/Tiparp/Rnf139/Hspa1a/Il33/Sh3d19/Gnai3/Neurl3/Pde12/Mid2/Fmr1/Abhd5/Snx7/Zfand2a/Fxr1/Kcne2/Mdm2/Rb1cc1/Adam8/Zfp36l2/Vgll4/Rock2/Socs4/Gpc3/Itch/Laptm5/Ndfip1/Lrp2/Ubqln1/Ddb1/Caprin1/Dtx3l/Fbxl5/Ifi205/Sorl1/Tmtc3/Nedd4/Cblb/Abcd2/Rock1/Gpld1/Smcr8/Adam9/Slc25a5/Ptpn1/Rhbdd1/Btg2/Becn1/Sh3rf3/Nrd1/Cnot2/Kat5/Zfp36/Zc3h12a/Vsir/Abca2/Rdx/Irs1/Prkd1/Ythdf2/Dele1/Tsc2/Samd4/Ccny/Scoc/Bag2/Irgm1/Tbk1/Prkaa1/Irgm2/Svip/Snx4/Huwe1/Mtor/Slc4a4/Uvrag/Xbp1/Dapk1/Psmc6/Paip1/Snx1/Dcaf1/Zc3hav1/Sesn3/Ralb/Tnfrsf1b/Fbxw8"
"GOBP_POSITIVE_REGULATION_OF_CHEMOKINE_PRODUCTION",0.000233157762055505,0.00377641162478198,0.518848077743792,-0.572007561069063,-1.96653897394157,35,"Tlr4/App/Il1b/Hc/Ddx3x/Il33/Tlr7/Chia1/Il4ra/Postn/Adam17/Adora2b/Myd88/Il1rl1"
"GOBP_VASCULATURE_DEVELOPMENT",0.000236818499262595,0.00381540915478625,0.518848077743792,-0.292026853199488,-1.48845695761578,472,"Thbs1/Ptgs2/Itgb2/Tspan12/Pik3c2a/Apold1/Il1b/Socs3/Jak1/Lepr/Anxa1/Ndst1/Tnfaip3/Ctnnb1/Erap1/Tiparp/Antxr1/Alox5/Prkx/Hspb1/Cybb/Myh9/Cd36/Ceacam1/Col3a1/Itgb1/Adamts9/Egr2/Col4a3/Map3k3/Pkd1/Enpep/H2-Q7/Clic4/Adgrf5/Tgfbr2/Mmp19/Actg1/Col4a1/Mdm2/Rhoa/Rapgef2/Jun/Akt3/Ubp1/Adam8/Cited2/Chil1/Col1a1/Hs6st1/Fgf2/Robo2/Rock2/C3/Gpc3/S1pr1/Lipa/Naa15/Ccr3/Lrp2/Jmjd8/Arhgap22/Luzp1/Rtn4/Aplnr/Nedd4/Rock1/Tnfaip2/Vegfc/Gpld1/Tgfa/Rasa1/Nr4a1/Wasf2/Fzd5/Slc31a1/Vav3/Col8a2/Tgfbr1/C5ar1/Epha2/Acvrl1/Cth/Bmp2/Zc3h12a/Btg1/Nrarp/Slit2/Tgfbi/Pik3cg/Prkd1/Sema3c/Aqp1/Loxl2/Vegfa/Shc1/Krit1/Cd93/Mmp2/Rbpj/Amotl2/Runx1/Jag1/Epgn/Tnfrsf12a/Nrcam/Myh10/Ereg/Apob/Tjp1/Pdcd10/Hipk2/Gpnmb/Robo1/Eng/Xbp1/Wt1/Ptpn6/Unc5b/Sash1/Srf/Vezf1/Lrp5/Dync2h1/Sec24b/Fbxw8/Ptprb/Atf2/Psen1/Med1/Ahr/Ywhaz"
"GOBP_REGULATION_OF_VESICLE_MEDIATED_TRANSPORT",0.000248290200314619,0.00397917715767376,0.49849310876659,-0.308258634632939,-1.52254402682433,335,"Ptprc/Itgb2/Lrrk2/App/Picalm/Anxa1/Rab5a/Sele/Cd14/Rnf139/Cd36/Ceacam1/Rint1/Ston1/Cd300lf/Fmr1/Numb/Pls3/Slc11a1/Actg1/Fgr/Mdm2/Cadps2/Cask/Scfd1/Dnajc13/Lyn/Dock2/Cd177/Fpr2/C3/Gpc3/Casp3/Stxbp6/Ppt1/Rap1b/Il4ra/Pdcd6ip/Cd84/Tpcn2/Itga2/Arf6/Rin3/Rac1/Aplnr/Sorl1/Cblb/Sirpb1a/Rock1/Smcr8/Nrg1/Dgkq/Braf/Stam/Ptpn1/Mertk/Itgam/Adora2b/H2-Q2/Abca2/Cftr/Rdx/Cd300a/Aak1/Fga/Abca13/Plcg2/Wasl/Prkd1/Mtmr4/Tsc2/Pgap1/Arc/B2m/Vegfa/Rabep1/Rac2/Rab31/Prkaa1/Snx4/Cdc42/Yipf5/Klrc1/Il2rb/Arhgap8/Fgg/Alox15/Usp32/Cfp/Psen1/Pirb/Mkln1/Dnajc5/Ston2/Atad1/Ehd2/D6Wsu163e/Fcgr1/Syt10/Ptprj/Klrc2/Sdcbp/Fcnb/Spi1"
"GOBP_NEGATIVE_REGULATION_OF_CYTOKINE_PRODUCTION",0.000250955690923582,0.00400083810922675,0.49849310876659,-0.363032187461801,-1.67315373310191,180,"Tlr4/Ptprc/Thbs1/Rnf125/Anxa1/Tnfaip3/Hgf/Tlr8/Jak2/Il33/Arg2/Ceacam1/Cd83/Slc11a1/Fxr1/Erbin/Adcy7/Inhbb/Cd24a/Casp3/Itch/Laptm5/Ndfip1/Cd84/Pira2/Rac1/Ptpn22/Abcd2/Gpr174/Mertk/Epha2/Atp2b1/Yy1/Anxa4/Tyrobp/Siglec1/Kat5/H2-Q2/Zfp36/Zc3h12a/Vsir/Clec4a3/Cr1l/Epx/Il1r2"
"GOBP_CELLULAR_RESPONSE_TO_HORMONE_STIMULUS",0.00025578170619618,0.00405653799670504,0.49849310876659,-0.302603416886498,-1.50688135308269,364,"Hspa8/Pik3c2a/Hspa1b/Arntl/Il1b/Socs3/Jak1/Lepr/Anxa1/Zfp366/Ndel1/Jak2/Trim16/Hspa1a/Fos/Rnf6/Fosb/Ceacam1/Top1/Strn3/Dusp1/Abhd2/Actn4/Tnc/Dennd4c/Eprs/Plpp1/Klf9/Mdm2/Rhoa/Sik2/Kbtbd2/Cdk12/Zfp36l2/Lyn/Insig1/Inhbb/Robo2/Rock2/Plcb1/Ddx5/Atp1a3/Crk/Cbx3/Eif4e/Taf7/Rab10/Ddr2/Rac1/Sorl1/Nedd4/Rap1gds1/Rock1/Gpld1/Nr4a1/Clock/Glp1r/Gclm/Ptpn1/Shq1/Fbn1/Prkci/Atp2b1/Cnot2/Trim24/Snx5/Zfp36/Nr4a2/Pkn1/Ctss/Rdx/Phex/Irs1/Cckar/Sorbs1/Kdm3a/Creb1/Slit2/Prkd1/Pak1/Tsc2/Aqp1/Shc1/Rab31/Acaca/Ddx54/Ap3s1/Sgk1/Prkaa1/Bmi1/Ghr/Nr3c2/Pim1/Mtor/Car2/Uri1/Xbp1/Stc1/Gnb1/Osbpl8/Wt1/Esr1/Sesn3/Cav2"
"GOBP_T_CELL_MEDIATED_IMMUNITY",0.000261840612855598,0.00413111225982019,0.49849310876659,-0.443124449149843,-1.79614980542234,77,"Ptprc/Hspd1/Icam1/Il1b/Pvr/Ceacam1/H2-Q7/Il18r1/Traf6/Il1r1/Ulbp1/Il7r/Was/Nfkbiz/Cd55/Fzd5/H2-Q2/Cr1l/B2m/Ripk3/Jag1/Prkaa1/Stx7/Fbxo38/Klrc1/Sash3/Tnfrsf1b/Pirb/Ahr"
"GOBP_SMALL_GTPASE_MEDIATED_SIGNAL_TRANSDUCTION",0.000276523768101148,0.00433882119402434,0.49849310876659,-0.307667130739947,-1.51130114860165,317,"Lrrk2/Fam13b/Picalm/Col3a1/Itgb1/Arhgef28/Kctd10/Rasgef1b/Rassf1/Arfgef3/Dennd4c/Dock11/Dhcr24/Plekhg1/Fxr1/Rapgef6/Arhgdib/Dock7/Rasgrp3/Fam13a/Rhoa/Rapgef2/Eps8/Arhgap30/Spry4/Fgd3/Dock8/Ralgapa1/Dock2/Fgf2/Swap70/Rock2/Was/Rap1b/Lipa/Crk/Arhgap22/Gmip/Ripor2/Rapgef5/Arf6/Rtn4/Nucb2/Rac1/Cdc42se2/Rock1/Rerg/Wasf2/Ect2/Vav3/Kitl/Arhgap20/Rragc/Kbtbd7/Arhgap25/Cdkl5/Rdx/Slit2/Arfgef2/Pik3cg/Arhgap15/Rap2a/Tsc2/Nckap1/Rasa2/Psd4/Krit1/Rac2/Map4k4/Myo9a/Arhgap28/Tagap/Pdcd10/Robo1/Cgnl1/Cdc42/Arhgap17/Farp1/Gnb1/Arhgef18/Arhgef5/Arhgap21/Rab35/Arhgap8/Chp1/Ralb/Chm/Chml/Prag1/Akap13/Fgd4/Iqgap3/Dock10/Dock1/Farp2/Col1a2/Prex1/Rgl1/Gdi2/Ccdc88c/Arhgap42/Ralgps1/Sdcbp/Arhgap45/Rala/Plce1/Rb1/Arhgef3/Gpr4/Arhgef12/Rab15/Rasgrf2"
"GOBP_REGULATION_OF_PROTEIN_MODIFICATION_PROCESS",0.000277855544444908,0.00433882119402434,0.49849310876659,-0.300578274186111,-1.50875206285209,395,"Dnaja1/Ptprc/Hsp90aa1/Itgb2/Lrrk2/Samsn1/Hspa1b/Prkch/Arntl/Ddx3x/Tnfaip3/Ctnnb1/Jak2/Hspa1a/Tnfrsf10b/Hspb1/Ceacam1/Arrdc4/Rnf111/Tom1l1/Hsp90ab1/Lcp2/Wdr48/Cab39/Dusp1/Ppib/Ccnt1/Acvr2a/Rassf1/Hspa5/Traf6/Fgr/Trim44/Gtpbp4/Rhoa/Nedd9/Rapgef2/Cdk12/Ripk1/Dcun1d3/Lyn/Chil1/Fgf2/Rock2/Socs4/C3/Itch/Laptm5/Pilrb2/Ndfip1/Ubqln1/Taf7/Adam17/Dtx3l/Ddr2/Rac1/Ptpn22/Smg8/Tpx2/Cblb/Nrg1/Braf/Senp2/Ect2/Ptpn1/Tgfbr1/Fbn1/Tnfsf15/Cops3/Mob1b/Ndfip2/Ccne2/Fanci/Kat5/Bmp2/Zc3h12a/Plaa/Abca2/Cd300a/Ubb/Slit2/Pik3cg/Aimp2/Rap2a/Vegfa/Abi1/Ptpn13/Ccny/Dcun1d1/Bag2/Irgm1/Ripk3/Prkaa1/Bmi1/Irgm2/Svip/Ereg/Pdcd10/Pim1/Huwe1/Uvrag/Xbp1/Arhgef5/Sox7/Sash1/Chp1/Ralb"
"GOBP_EXOCYTOSIS",0.000302263402940017,0.00469587786710384,0.49849310876659,-0.339479394053962,-1.60322654466501,217,"Sacm1l/Ccr1/Itgb2/Lrrk2/Pik3c2a/Apold1/Anxa1/Rab5a/Snap23/Myh9/Ceacam1/Tmem167b/Snap29/Fmr1/Plek/Fgr/Tmem63b/Exoc6/Cadps2/Cask/Lyn/Cd177/Stxbp6/Rap1b/Il4ra/Pdcd6ip/Cd84/Sytl2/Tpcn2/Rab10/Tnfaip2/Smcr8/Braf/Stam/Itgam/Exoc4/Adora2b/H2-Q2/Tmem167/Cftr/Cd300a/Grp/Fga/Arfgef2/Pik3cg/Lat2/Efr3a/Pak1/Stx19/Rac2/Tmed10/Rab31/Exoc5/Myh10/Bloc1s6/Snx4/Klrc1/Sytl5/Ralb/Fgg/Psen1/Rab11fip2/Dnajc5/Ccl3/D6Wsu163e/Syt10/Klrc2/Snx19/Sdcbp/Spi1/Rala/Tmem79/Snx6/Rab15/Ifng/Rims1/Exoc2/Anxa3/Unc13b/Exoc6b/Rab2b"
"GOBP_VIRAL_LIFE_CYCLE",0.000310299808711022,0.00479625846459422,0.49849310876659,-0.358108683515749,-1.65497993885416,184,"Hspa1b/Icam1/Ddx3x/Dek/Hspa1a/Pvr/Tmprss4/Myh9/Itgb1/Rab1a/Hsp90ab1/Pde12/Ppib/Pkn2/Pcbp2/Jpt2/Fam111a/Fmr1/Lamp3/Cxadr/Ace2/Top2a/Mrc1/Ddx5/Cd55/Itch/Pdcd6ip/Ifih1/Slc7a1/Tpcn2/Itga2/Ddb1/Tmem41b/Eef1a1/Ifi205/Nedd4/Vps37b/Gypa/Oas2/Kpna2/Smc6/Ppid/Epha2/Siglec1/Zc3h12a"
"GOBP_INTERFERON_ALPHA_PRODUCTION",0.000314402807676076,0.00483513408774572,0.49849310876659,-0.655815951555768,-1.99226282577564,21,"Tlr4/Hspd1/Ddx3x/Dhx9/Tlr8/Tlr7/Ifih1/Pira2"
"GOBP_INCLUSION_BODY_ASSEMBLY",0.000322722898806636,0.00493814686867441,0.49849310876659,-0.720099717296124,-2.04681915107758,16,"Dnajb1/Hsp90aa1/Bag3/Hspa1b/Dnaja4/Hspa1a"
"GOBP_SKIN_DEVELOPMENT",0.000326660467913552,0.00497340562398384,0.49849310876659,-0.369591588988108,-1.65065033382077,142,"Prkch/Anxa1/Ctnnb1/Trim16/Col3a1/Smad4/Wdr48/Scel/Pkd1/Clic4/Dhcr24/Col1a1/Rock2/Nfkbiz/Casp3/Krt83/Tnfsf13b/Asah1/Itga2/Rock1/Adam9/Mysm1/Epha2/Myd88/Zfp36/Adamts2/Pphln1/Ppl/Itgb6/Rbpj/Jag1/Nom1/Gorab/Ereg/Srf/Psen1/Med1/Irf6/Edar/Col1a2/Il18/Tmem79/Tnfrsf19/Pum2/Ivl/Ncoa3/Dact2/Plec/Cldn1/Gnas/Map2k1/Zfp36l1/Ift74/Extl3/Numa1/Cldn4/Cdkn1a"
"GOBP_INTERLEUKIN_6_PRODUCTION",0.000335825486949606,0.00508750551125149,0.49849310876659,-0.439083331674809,-1.79607117321771,82,"Tlr4/Hspd1/App/Il1b/Tnfaip3/Dhx9/Hgf/Tlr8/Il33/Cd36/Tlr7/H2-Q7/Traf6/Laptm5/Ifih1/Pira2/Ptpn22/Adora2b/Tyrobp/Myd88/Zc3h12a/Plcg2"
"GOBP_CELL_SURFACE_RECEPTOR_PROTEIN_TYROSINE_KINASE_SIGNALING_PATHWAY",0.000339913138778496,0.00512393815633921,0.49849310876659,-0.298562110012231,-1.49704629980494,392,"Thbs1/Dusp3/Pik3c2a/Bmp5/Il1b/Socs3/Jak1/Ndst1/Flrt3/Ndel1/Hgf/Ctnnb1/Tiparp/Jak2/Hspb1/Ptprg/Ceacam1/Itgb1/Ston1/Arhgef28/Lcp2/Areg/Col4a3/Csrnp1/Fgr/Col4a1/Erbin/Nedd9/Rapgef2/Sik2/Spry4/Il1r1/Lyn/Col1a1/Fgf2/Col4a5/Socs4/Plcb1/Casp3/Pilrb2/Crk/Kif16b/Sh2b3/Adam17/Rtn4/Ddr2/Rac1/Sorl1/Nedd4/Cyfip2/Cblb/Btc/Gfra1/Vegfc/Gpld1/Tgfa/Nrg1/Dgkq/Braf/Rasa1/Arid5b/Slc31a1/Ptpn1/Mertk/Zdhhc16/Epha2/Iqgap1/Reps2/Bmp2/Snx5/Irs1/Sorbs1/Prkd1/Pak1/Tsc2/Gdnf/Muc20/Vegfa/Shc1/Abi1/Vps13a/Mmp2/Rbpj/Ap3s1/Plat/Epgn/Prkaa1/Col4a6/Efemp1/Ghr/Ereg/Dstyk/Arf4/Robo1/Frs2/Mtor/Xbp1/Garem1/Osbpl8/Sesn3/Cpne3/Ralb/Cav2/Fbxw8/Adamts3/Stxbp4/Cul5/Runx2"
"GOBP_T_CELL_RECEPTOR_SIGNALING_PATHWAY",0.000348105353593373,0.0052215803039006,0.49849310876659,-0.430502173838944,-1.75655141488195,81,"Ptprc/Dusp3/Pde4b/Themis2/Fyb/Ceacam1/Lcp2/H2-Q7/Traf6/Icosl/Nfkbiz/Tec/Laptm5/Lipa/Ptpn22/Cblb/Braf/Zc3h12a/Cd300a/Ermap/Plcg2/Btnl10/Cyld/Ptpn6/Psen1/Ube2n/Dgkz/Ptprj/Nfkbid/Shb/Fyn/Bcl10/Pik3cd/Tespa1/Ctla4"
"GOBP_B_CELL_PROLIFERATION",0.000352144085127345,0.00525626832947434,0.49849310876659,-0.487738972321443,-1.86352438235691,57,"Tlr4/Ptprc/Hspd1/Pcyt1a/Bst1/Lyn/Gapt/Slc39a10/Il7r/Nfkbiz/Casp3/Ms4a1/Tnfsf13b/Ifi205/Vav3/Tyrobp/Pkn1/Cd300a/Ifi204/Cd40lg/Bmi1"
"GOBP_MITOCHONDRIAL_TRANSMEMBRANE_TRANSPORT",0.00036299100618355,0.00536643123452639,0.49849310876659,0.448394673716298,1.82489716254219,61,"Romo1/Slc25a39/Smdt1/Slc25a4/Pam16/Slc8b1/Psen2/Vdac1/Ucp2/Spg7/Tomm40/Dnajc19/Slc25a26/Slc25a16/Dnlz/Mcu/Tst/Vdac2/Slc25a20/Slc25a3/Slc41a3/Slc25a29"
"GOBP_NEGATIVE_REGULATION_OF_IMMUNE_RESPONSE",0.000363049206670751,0.00536643123452639,0.49849310876659,-0.393119689950029,-1.71281160548283,121,"Ptprc/Samsn1/Ythdf3/Anxa1/Tnfaip3/Il33/Pvr/Arg2/Ceacam1/Col3a1/H2-Q7/Fgr/Lyn/Il7r/Cd55/Il4ra/Crk/Ndfip1/Ifi205/Smcr8/H2-Q2/Serping1/Zc3h12a/Cd300a/Cr1l/Usp15/Il1rl1/Ythdf2/Pim1/Clec12a/Klrc1/Irak3/Ptpn6/Alox15/Cd96/Pirb/Ahr/Ywhaz/Mettl3"
"GOBP_REGULATION_OF_HEMOPOIESIS",0.000365221910986161,0.00537246724131817,0.49849310876659,-0.322285073782739,-1.5417697902238,244,"Tlr4/Ptprc/Ccr1/Hspa1b/Anxa1/Csf3r/Ctnnb1/Hspa1a/Nfam1/Fos/Ceacam1/Cd83/Acvr2a/H2-Q7/Rcor1/Tgfbr2/Traf6/Rhoa/Nedd9/Irf4/Adam8/Ripk1/Zfp36l2/Cdc73/Lyn/Il7r/Nfkbiz/Il4ra/Ndfip1/Tnfaip6/Gabpa/Braf/Mysm1/Fstl3/Fbn1/Rag1/Purb/Kitl/Tyrobp/Kat5/Zfp36/Zc3h12a/Vsir/Cr1l/Creb1/Nrarp/Senp1/B2m/Runx1/Jag1/Abcb10/Fam102a/Cyld/Mtor/Clec12a/Xbp1/Sash3/Tmem64/Ptpn6/Tcf7/Med1/Pirb/Mettl3/Ccl3/Sh3rf1/Il18/Spi1/Fgl2/Nfkbid/Rb1/Ikzf3/Shb/Zbtb1/Ifng/Il12b/Tlr3/Rptor/Ubash3b/Taok3/Hspa9/Kat7/Dusp10/Zfp36l1/Tal1/Tespa1"
"GOBP_POSITIVE_REGULATION_OF_ALPHA_BETA_T_CELL_DIFFERENTIATION",0.000375770199493305,0.00550105893008227,0.49849310876659,-0.602049317071937,-1.95903336517253,28,"Anxa1/Cd83/Tgfbr2/Rhoa/Nfkbiz/Il4ra/Runx1/Sash3/Il18/Nfkbid/Shb/Ifng/Il12b"
"GOBP_PROTEIN_MATURATION",0.000386501347310174,0.00563108422277263,0.49849310876659,-0.305449795591712,-1.5057631644625,327,"Dnaja1/Hsph1/Dnajb1/Hspa8/Hsp90aa1/Thbs1/Bag3/Hspd1/Lrrk2/Hspa1b/Dnaja4/Yme1l1/Hspa4/Dnajb4/Rnf139/Serpinh1/Hspa1a/Hspb1/Rps6ka2/Tmprss4/Myh9/Mme/Hsp90ab1/Chordc1/Ppib/Hspa13/Fam111a/Enpep/Hspa5/Naa16/Hyou1/Pdia4/Dhcr24/Ace2/Yae1d1/Mdm2/Cln5/Nktr/Adam8/Pigh/Casp3/Glg1/Naa15/Ahsa2/Pigb/Adam17/Canx/Erp44/Atg4c/Rap1gds1/Tbce/Ccdc47/Rnf123/Cpm/Adam9/Pigm/Xpnpep3/Rhbdd1/Ppid/Fkbp9/Ngly1/Casp7/Rasal2/Vsir/Ctss/Adamts2/Phex/Il1r2/Fga/Pcsk7/Ppwd1/Naa60/Pgap1/B2m/Aebp1/Pdia3/Chac1/Bag2/Pmpca/Plat/Runx1"
"GOBP_POSITIVE_REGULATION_OF_PROGRAMMED_CELL_DEATH",0.000395804892440661,0.00573917094038959,0.49849310876659,-0.307605343181716,-1.50964287005644,313,"Dnaja1/Rybp/Stk17b/Tlr4/Ptprc/Thbs1/Hspd1/Lrrk2/App/Rnps1/Ddx3x/Anxa1/Ctnnb1/Jak2/Skil/Tnfrsf10b/Rps6ka2/Itgb1/Mcl1/Smad4/Dedd2/Eif2s1/Dusp1/H2-Q7/Sik1/Mal/Rassf6/Pla2r1/Rapgef2/Ddx20/Top2a/S100a8/Jun/Adam8/Ripk1/Dcun1d3/Lyn/Inhbb/Casp3/Laptm5/Ifi205/Qrich1/Gpld1/Nr4a1/Ect2/Ptpn1/Tgfbr1/Prkci/Tnfsf15/Becn1/Ppid/Bmpr1b/Bmp2/Casp7/Zc3h12a/Btg1/Tnfsf14/Creb1/Ubb/Slit2/Tnfaip8/Aimp2/Ifi204/Pdia3/Mmp2/Cd40lg/Ripk3/Tnfrsf12a/Ppp1ca/Cyld/Xbp1/Dapk1/Pmaip1/Wt1/Casp2/Taf6/Tnfrsf1b/Lcn2/Psen1/Pirb/Mybbp1a"
"GOBP_PHOSPHORYLATION",0.000405172252738137,0.00584715407387501,0.49849310876659,-0.283689390958819,-1.44756834476526,476,"Dnaja1/Stk17b/Ptprc/Thbs1/Itgb2/Lrrk2/Samsn1/Prkch/Cdc42bpb/Jak1/Ppp4r1/Jak2/Tnfrsf10b/Prkx/Hspb1/Ceacam1/Top1/Tom1l1/Lcp2/Cab39/Stk24/Areg/Dusp1/Pkn2/Ccnt1/Nuak2/Map3k3/Acvr2a/Pkd1/Traf6/Nek6/Sik1/Fgr/Mink1/Rhoa/Nedd9/Rapgef2/Sik2/Akt3/Cdk12/Ripk1/Lyn/Chil1/Fgf2/Clk3/Map3k8/Rock2/Socs4/C3/Tec/Pilrb2/Taf7/Adam17/Ddr2/Prkd3/Stk26/Rac1/Ptpn22/Smg8/Tpx2/Rock1/Nrg1/Dgkq/Braf/Ect2/Ptpn1/Mertk/Tgfbr1/Fbn1/Dyrk1a/Prkci/Tnfsf15/Birc6/Plk4/Mob1b/Ccne2/Vrk2/Bmp2/Pdk3/Tlk2/Zc3h12a/Pkn1/Cd300a/Creb1/Aak1/Slit2/Pik3cg/Prkd1/Mapk6/Rap2a/Vegfa/Abi1/Ptpn13/Ccny/Map4k4/Nadk/Irgm1/Ripk3/Tbk1/Sgk1/Prkaa1/Irgm2/Efemp1/Ereg/Pdcd10/Hipk2/Dstyk/Pim1/Rbl2/Eng/Pxk/Uvrag/Xbp1/Dapk1/Arhgef5/Irak3/Ptpn6/Sash1/Chp1/Ralb"
"GOBP_LYSOSOMAL_TRANSPORT",0.000413608393171096,0.0059389423715666,0.49849310876659,-0.4277907191595,-1.7454880339213,81,"Plekhf2/Hspa8/Lrrk2/Hspa1a/Scyl2/Lamp2/Slc30a4/Lyst/Laptm5/Lipa/Arsb/Gprasp1/Tpcn2/Dtx3l/Sorl1/Nedd4/Rbsn/Becn1/Ubxn6"
"GOBP_MUSCLE_CELL_DEVELOPMENT",0.000415433407272147,0.0059389423715666,0.49849310876659,0.369420985834566,1.67830343160505,112,"Lmod1/Uchl1/Nfatc4/Meis1/Myl9/Myom1/Tnnt2/Csrp2/Asb2/Myh11/Obsl1/Synpo2l/Dcaf8/Tnnt3/Ttn/Actn2/Csrp3/Acta1/Tmod4/Gpx1/Myom2/Tpm1/Sgcb/Efemp2/Cav3/Sypl2/Casq1/Actn3/Ank2/Tbx5/Prickle1/Neb/Alpk3/Tbx18/Bves/Mybpc3/Fhod3/Ryr1/Ppp3ca"
"GOBP_NEUROINFLAMMATORY_RESPONSE",0.000428133709875963,0.00609190255407621,0.49849310876659,-0.507277352308222,-1.86622243486138,48,"Ptprc/Ptgs2/Itgb2/Lrrk2/App/Il1b/Jak2/Il33/Itgb1/Jun/Lyn/Fpr2/Ccdc39/Itgam/C5ar1/Tyrobp"
"GOBP_TOLERANCE_INDUCTION",0.000453791453144168,0.00642695337127437,0.49849310876659,-0.643785008178331,-1.95571476500795,21,"Tnfaip3/Ceacam1/H2-Q7/Tgfbr2/Lyn/Icos/Itch/Cblb/Phlpp1/Irak3/Pirb"
"GOBP_RESPONSE_TO_TUMOR_NECROSIS_FACTOR",0.00045757084271881,0.00645047785221655,0.49849310876659,-0.380779984676774,-1.6833795539741,132,"Thbs1/Hspa1b/Tnfaip3/Sele/Jak2/Hspa1a/Gbp2/Fos/Naip2/Tax1bp1/Actn4/Traf6/Erbin/Ripk1/Zfp36l2/Chil1/Col1a1/Casp3/Laptm5/Postn/Rffl/Tnfsf13b/Npnt/Asah1/Gch1/Adam17/Nr2c2/Vcam1/Adam9/Nrd1/Rraga/Anxa4/Sppl2a/Zfp36/Zc3h12a"
"GOBP_POSITIVE_REGULATION_OF_CD4_POSITIVE_ALPHA_BETA_T_CELL_ACTIVATION",0.000496459047621928,0.00695577796887596,0.477270815362862,-0.618751699015608,-1.96719134665834,25,"Anxa1/Cd83/Tgfbr2/Nfkbiz/Cd55/Il4ra/Sash3/Il18/Nfkbid/Shb/Ifng/Il12b/Cd55b"
"GOBP_NEGATIVE_REGULATION_OF_LEUKOCYTE_PROLIFERATION",0.000499732617398301,0.00695577796887596,0.477270815362862,-0.463175159627938,-1.80472090058169,63,"Tnfaip3/Il33/Arg2/H2-Q7/Lyn/Casp3/Itch/Laptm5/Ndfip1/Ripor2/Ifi205/Cblb/Tyrobp/Vsir/Pkn1/Cd300a/Cr1l/Ifi204/Gpnmb/Ptpn6/Dlg1/Pirb"
"GOBP_POSITIVE_REGULATION_OF_LEUKOCYTE_PROLIFERATION",0.000500267775101423,0.00695577796887596,0.477270815362862,-0.42091502019389,-1.75007787388235,91,"Tlr4/Ptprc/Il1b/Anxa1/Jak2/Gpam/H2-DMb1/Bst1/H2-Q7/Tgfbr2/Traf6/Icosl/Lyn/Slc39a10/Cd24a/Cd55/Slc7a1/Tnfsf13b/Csf2rb2/Vcam1/Vav3/Kitl"
"GOBP_RESPONSE_TO_LIPOPROTEIN_PARTICLE",0.000514505012223573,0.00712088490820134,0.477270815362862,-0.677135537111424,-1.95319144253891,17,"Tlr4/Itgb2/App/Cd36/Itgb1/Ces1d/Cd68/Myd88"
"GOBP_REGULATION_OF_NEUROINFLAMMATORY_RESPONSE",0.000516819561481936,0.00712088490820134,0.477270815362862,-0.666046716597903,-1.93963088442427,18,"Ptprc/Ptgs2/Lrrk2/Il1b/Il33"
"GOBP_LEUKOCYTE_HOMEOSTASIS",0.00052576381726279,0.00721149019623962,0.477270815362862,-0.455075696268136,-1.80833942627293,70,"Pde4b/Anxa1/Tnfaip3/Skil/Gpam/Dock11/Lyn/Gapt/Il7r/Casp3/Slc7a11/Lipa/Tnfsf13b/Sh2b3/Adam17/Gpr174/Mertk/Rag1/Kitl/Tnfsf14/Pkn1/Wdr37/Ripk3/Ppp2ca/Pmaip1/Sash3/Gcnt4/Dock10"
"GOBP_RIBOSE_PHOSPHATE_METABOLIC_PROCESS",0.000555855213163803,0.0075900409151739,0.477270815362862,0.30500287666728,1.53155808459779,213,"Ndufb7/Ndufa5/Ak1/Uchl1/Atp5g2/Ndufb9/Ndufb10/Nudt3/Ndufa11/Ndufa3/Ndufa13/Ndufa8/Uqcc3/Atp5g3/Ndufb4/Ndufa7/Ndufa10/Ndufs7/Ndufs2/Pfkm/Ndufs6/Eno3/Atp1a2/Prkaca/Atp5l/Ndufa1/Pde9a/Ndufs3/Atp5j2/Ucp2/Pink1/Bpgm/Tpi1/Aldoa/Ndufc1/Atp5d/Ndufb6/Ndufs8/Guk1/Galk1/Gpi1/Atp5g1/Ndufab1"
"GOBP_CELL_CELL_ADHESION_VIA_PLASMA_MEMBRANE_ADHESION_MOLECULES",0.000564033242346296,0.00766732688814497,0.477270815362862,-0.373544442851433,-1.67211773181549,145,"Itgb2/Icam1/Flrt3/Emb/Sele/Jaml/Pvr/Ptprg/Ceacam1/Itgb1/Pcdhgb6/Pkd1/Tgfbr2/Cxadr/Pcdhac2/Itgal/Cd177/Selp/Robo2/Cd84/Fat3/Pcdhga7/Pcdhga8/Vcam1/Hmcn1/Cd164/Ptprf/Itgam/Bmp2/Crb1/Pcdh17/Dchs1/Pcdhga3/Pcdhgb1/Mpzl2/Robo1/Pcdhga4/Cldn8/Pcdhb21/Pcdhga9/Cntn6/Fxyd5/Pcdhb4/Clstn1/Fat2/Fat1/Pcdhga2/Cdh5/Cldn1/Nectin3/Pcdhb15/Pcdhb3"
"GOBP_CYTOKINESIS",0.000573745315720031,0.00773310356679727,0.477270815362862,-0.389422014116356,-1.69387688437705,119,"Myh9/Prpf40a/Actr2/Pkn2/Ahctf1/Exoc6/Rhoa/Actr3/Orc4/Prc1/Rock2/Kif3b/Pdcd6ip/Luzp1/Anxa11/Arf6/Rock1/Klhl9/Rasa1/Ect2/Myo19/Birc6/Becn1/Exoc4/Calm1/Iqgap1/Kif23/Spire1/Mtmr4/Zfp365/Ccdc66/Nusap1/Sptbn1/Exoc5/Myh10/Spg20/Cdc42/Uvrag/Rab35/Kif20b"
"GOBP_REGULATION_OF_CHEMOTAXIS",0.000575334120145383,0.00773310356679727,0.477270815362862,-0.393018406967493,-1.70402760851208,117,"Thbs1/Ccr1/Dusp3/App/Hc/Hspb1/Bst1/Dusp1/Mmp28/Nedd9/Lyn/Fgf2/Swap70/Robo2/Fpr2/Mospd2/Ccr6/S1pr1/Itga2/Tnfaip6/Ripor2/Adam17/Rin3/Rac1/Vegfc/Klrk1/Akirin1/C5ar1/Tnfsf14/Slit2/Prkd1/Usp14/Vegfa/Rac2/Mpp1/Robo1"
"GOBP_REGULATION_OF_PROTEIN_CATABOLIC_PROCESS",0.000576490807771094,0.00773310356679727,0.477270815362862,-0.33171866042215,-1.57502669347131,230,"Rybp/Hsp90aa1/Lrrk2/Hspa1b/App/Il1b/Timp3/Wac/Tnfaip3/Tiparp/Hspa1a/Il33/Sh3d19/Usp25/Neurl3/Xpo1/Odc1/Smad4/Hsp90ab1/Fmr1/Pkd1/Lamp3/Rad23b/Zfand2a/Dedd/Kcne2/Mdm2/Adam8/Vgll4/Socs4/Gpc3/Psmd14/Itch/Ndfip1/Hmgcr/Lrp2/Ubqln1/Ddb1/Eef1a1/Fbxl5/Sorl1/Tmtc3/Nedd4/Cblb/Rock1/Gpld1/Adam9/Rhbdd1/Sh3rf3/Mdm4/Nrd1/Tlk2/Abca2/Rdx/Pbk/Ubb/Ric1/Senp1"
"GOBP_POSITIVE_REGULATION_OF_RESPONSE_TO_CYTOKINE_STIMULUS",0.000583971368688809,0.00776133576428991,0.477270815362862,-0.511334918674723,-1.8528906638976,45,"Tlr4/Hspa1b/Dhx9/Hspa1a/Cd300lf/Trim44/Pafah1b1/Ripk1/Il1r1/Laptm5/Ifih1/Adam17/Nrd1/Irgm1/Tbk1/Irgm2"
"GOBP_POSITIVE_REGULATION_OF_INTERLEUKIN_6_PRODUCTION",0.000589147395564848,0.00776133576428991,0.477270815362862,-0.477786074395434,-1.825496935274,57,"Tlr4/Hspd1/App/Il1b/Dhx9/Tlr8/Il33/Cd36/Tlr7/Traf6/Laptm5/Ifih1/Pira2/Adora2b/Tyrobp/Myd88/Plcg2"
"GOBP_POSITIVE_REGULATION_OF_INTERLEUKIN_1_PRODUCTION",0.000592026019363441,0.00776133576428991,0.477270815362862,-0.510611196184788,-1.85026815838139,45,"Tlr4/App/Tlr8/Jak2/Trim16/Hspb1/Naip2/Cd36/Pira2/Ifi205/Fzd5/Tyrobp/Myd88"
"GOBP_KERATINOCYTE_DIFFERENTIATION",0.000594168480902585,0.00776133576428991,0.477270815362862,-0.459306458448534,-1.78964684980102,63,"Prkch/Anxa1/Trim16/Scel/Clic4/Rock2/Nfkbiz/Casp3/Krt83/Asah1/Rock1/Adam9/Epha2/Zfp36/Pphln1/Ppl/Rbpj/Jag1/Ereg/Med1/Irf6/Tmem79/Ivl/Ncoa3/Plec/Map2k1/Zfp36l1/Ift74/Extl3/Numa1/Cdkn1a"
"GOBP_APOPTOTIC_CELL_CLEARANCE",0.00059466289234303,0.00776133576428991,0.477270815362862,-0.620073192102937,-1.90640111725606,22,"Thbs1/Anxa1/Cd36/Cd300lf/C3/Rac1/Mertk/Becn1/Tyrobp"
"GOBP_REGULATION_OF_ANTIGEN_RECEPTOR_MEDIATED_SIGNALING_PATHWAY",0.000596347377169014,0.00776133576428991,0.477270815362862,-0.530857874362695,-1.88334164514812,41,"Ptprc/Dusp3/Prkch/Nfam1/Ceacam1/Lyn/Slc39a10/Laptm5/Lipa/Ptpn22/Cblb"
"GOBP_NEGATIVE_REGULATION_OF_INTRACELLULAR_SIGNAL_TRANSDUCTION",0.000596799592209497,0.00776133576428991,0.477270815362862,-0.288469901495316,-1.45466353348483,413,"Dnaja1/Tlr4/Ptprc/Hspa8/Thbs1/Ptgs2/Lrrk2/Dusp3/Arntl/Il1b/Ddx3x/Rnf125/Zfp366/Tnfaip3/Ctnnb1/Eif3a/Hspa1a/Hspb1/Tax1bp1/Itgb1/Smad4/Strn3/Dusp1/Pcbp2/Kctd10/Plek/H2-Q7/Rcan1/Litaf/Hspa5/Hyou1/Ace2/Mdm2/Erbin/Rhoa/Ppp1r10/Lamp2/Pafah1b1/Akt3/Cdk12/Ripk1/Arhgap30/Spry4/Vgll4/Lyn/Insig1/Bmt2/Dusp4/Fgf2/Ppt1/Itch/Rffl/Ubqln1/Arhgap22/Sh2b3/Gmip/Ripor2/Pira2/Ifi205/Aplnr/Ptpn22/Ldlrad4/Tnip3/Clock/Rrm2b/Ptpn1/Azi2/Dyrk1a/Cnot2/Anxa4/Zc3h12a/Arhgap25/Phlpp1/Pbk/Cd300a/Slc24a4/Slit2/Smpdl3a/Trim59/Tsc2/Rasa2/Irgm1/Txndc12/Tbk1/Prkaa1/Irgm2/Hells/Cgnl1/Huwe1/Eng/Arhgap17/Cyld/Mtor/Uri1/Xbp1/Ppp2ca/Aars/Irak3/Esr1/Ptpn6/Chp1/Sesn3/Dlg1/Ppm1a/Mecom/Npc1/Ube2n/Uaca/Ywhaz/Usp10/Mios/Otud3/Prex1/Pias2/Ptprj/Arhgap42/Dusp19/Chrna7/Spi1/Irak1/Noc2l/Ackr3/Arhgap45/Inpp5e"
"GOBP_POSITIVE_REGULATION_OF_INTERFERON_ALPHA_PRODUCTION",0.000598986503976397,0.00776133576428991,0.477270815362862,-0.669611387910282,-1.98112302000871,19,"Tlr4/Hspd1/Ddx3x/Dhx9/Tlr8/Tlr7/Ifih1"
"GOBP_NEGATIVE_REGULATION_OF_APOPTOTIC_SIGNALING_PATHWAY",0.000603312344013918,0.00778426308272195,0.477270815362862,-0.380854802005089,-1.69205310893009,137,"Dnaja1/Thbs1/Ptgs2/Lrrk2/Hspa1b/Bmp5/Icam1/Il1b/Ddx3x/Tnfaip3/Hgf/Ctnnb1/Hspa1a/Hspb1/Mcl1/Asah2/Hyou1/Mdm2/Rb1cc1/Ripk1/Fgf2/Rffl/Nrg1/Slc25a5/Rrm2b/Gclm/Ptpn1/Tgfbr1/Birc6"
"GOBP_NUCLEOTIDE_METABOLIC_PROCESS",0.000613499374427419,0.0078251794324818,0.477270815362862,0.287737264501134,1.49595638846688,283,"Ndufb7/Ndufa5/Ak1/Uchl1/Atp5g2/Ndufb9/Ndufb10/Nudt3/Ndufa11/Ndufa3/Ndufa13/Gmpr/Ndufa8/Uqcc3/Atp5g3/Pgls/Ndufb4/Ndufa7/Ndufa10/Ndufs7/Park7/Ndufs2/Pfkm/Ndufs6/Eno3/Atp1a2/Prkaca/Atp5l/Ndufa1/Pde9a/Neil1/Ndufs3/Atp5j2/Ucp2/Slc25a22/Pink1/Bpgm/Dcxr/Tpi1/Aldoa/Ndufc1/Atp5d/Ndufb6/Ndufs8/Guk1/Galk1/Gpi1/Atp5g1/Ndufab1/Nt5m/Atp5o/Papss2/Idh2/Dctpp1/Naxd/Ndufc2/Atp5j"
"GOBP_NEGATIVE_REGULATION_OF_LEUKOCYTE_MIGRATION",0.000615417154366543,0.0078251794324818,0.477270815362862,-0.572454392767693,-1.89876905390698,30,"Bmp5/Hc/Il33/Dusp1/Mmp28/Plcb1/Tnfaip6/Ripor2/Rin3/Klrk1/Cd300a/Slit2/Wasl"
"GOBP_IMPORT_INTO_THE_MITOCHONDRION",0.000616279025593681,0.0078251794324818,0.477270815362862,0.54919129151643,1.95155489884116,33,"Romo1/Slc25a39/Smdt1/Pam16/Psen2/Vdac1/Ucp2/Spg7/Tomm40/Dnajc19/Dnlz/Mcu/Tst"
"GOBP_MUSCLE_CONTRACTION",0.000616762910934526,0.0078251794324818,0.477270815362862,0.310488403492285,1.54475848391272,200,"Lmod1/Tbx2/Fxyd1/Tpm2/Dmpk/Myl9/Des/Tnnt2/Myl6/Acta2/Ndufs6/Atp1a2/Smtn/Prkaca/Myh11/Tmem38a/Kcnh2/Tnni2/Pabpn1/Tnnt3/Aldoa/Vegfb/Ttn/Rem1/Csrp3/Ormdl3/Acta1/Dapk3/Tmod4/Myom2/Myl4/Tpm1/Smpx/Atp2a1/Myh14/Hrc/P2rx4/Cav3/Kbtbd13/Casq1/Mylpf/Pln/Setd3/Slc6a8/Actn3/Trpv4/Ank2/Myl1/Cryab/Ckmt2/Chrm2/Trdn/Mybpc3/Gstm7/Ryr1/Dsc2/Adra2a/Kcnj3/Dtna/Scn8a/Lmod2/Gpd1l/Comp/Adra1b/Gnao1/Chrnb1/Scn4b/Chrna1/Adora1/Ppp1r12b/Jup/Apbb1/Fgf13/Kcna5/Adra2b/Ryr2/Gsto1/Pik3ca/Nppa/Grk2/Large1"
"GOBP_NEGATIVE_REGULATION_OF_CYTOPLASMIC_PATTERN_RECOGNITION_RECEPTOR_SIGNALING_PATHWAY",0.000631725302016188,0.00798175744663607,0.477270815362862,-0.550127009494104,-1.90946340135567,37,"Hspa8/Rnf125/Tnfaip3/Tax1bp1/Pcbp2/Erbin/Lamp2/Ppt1/Itch/Ubqln1/Pira2/Ifi205/Ptpn22"
"GOBP_REGULATION_OF_MACROPHAGE_ACTIVATION",0.000634352786389766,0.00798183567998693,0.477270815362862,-0.585544209071434,-1.95687354645445,31,"Tlr4/Ptprc/Thbs1/Hspd1/Lrrk2/Il33/Adgrf5/Il4ra/Mfhas1/Zc3h12a/Il1rl1/Irgm1/Irgm2"
"GOBP_VIRAL_PROCESS",0.000638278772974207,0.00799818462430642,0.477270815362862,-0.319002936599901,-1.53257657361168,253,"Hspa1b/Icam1/Ddx3x/Dhx9/Eif3a/Dek/Hspa1a/Pvr/Tmprss4/Myh9/Itgb1/Rab1a/Hsp90ab1/Pde12/Ppib/Pkn2/Pcbp2/Ptbp1/Mid2/Jpt2/Fam111a/Fmr1/Peg10/Ccnt1/Lamp3/Cxadr/Ace2/Top2a/Jun/Ubp1/Mrc1/Ddx5/Cd55/Itch/Pdcd6ip/Ifih1/Slc7a1/Tpcn2/Itga2/Ddb1/Tmem41b/Canx/Eef1a1/Ifi205/Nedd4/Vps37b/Gypa/Oas2/Kpna2/Smc6/Ppid/Epha2/Siglec1/Zfp36/Zc3h12a"
"GOBP_INNER_MITOCHONDRIAL_MEMBRANE_ORGANIZATION",0.000641389979466658,0.00800423150604907,0.477270815362862,0.566187260612005,1.94843181398853,29,"Romo1/Ndufa13/Uqcc3/Timm13/Pink1/Timm10/Oxa1l/Chchd6/Chchd3/Adck1/Micu1/Dnajc11"
"GOBP_MYELOID_CELL_HOMEOSTASIS",0.00064819718171392,0.00805616497273015,0.477270815362862,-0.384379355602787,-1.67473021071051,121,"Pde4b/Hspa1b/Anxa1/Jak2/Hspa1a/Tmod3/Ptbp3/Acvr2a/Rcor1/Adgrf5/Cited2/Lyn/Casp3/Cebpg/Slc7a11/Lipa/Kmt2e/Sh2b3/Adam17/Rac1/Tcea1/Slc25a5/Sp3/Mertk/Kitl/Mfhas1/Zfp36/Senp1/Diaph3/Tspo2/B2m/Vegfa/Ncapg2/Rac2/Rhag/Vps13a/Abcb10/Hipk2/Arid4a/Srf/Slc4a1/Gcnt4/Med1/L3mbtl3/Spi1/Rb1/Bcl2l11/Hnrnpu/Klf1/Hspa9/Kat7/Zfp36l1/Pik3cd/Tal1/Ireb2"
"GOBP_NEGATIVE_REGULATION_OF_CHEMOTAXIS",0.000663332604703422,0.00820087819380422,0.477270815362862,-0.611917832851406,-1.94546450145723,25,"Thbs1/Dusp3/Hc/Dusp1/Mmp28/Robo2/Tnfaip6/Rin3/Klrk1"
"GOBP_REGULATION_OF_CELL_DEVELOPMENT",0.00066522722951384,0.00820087819380422,0.477270815362862,-0.283889240176775,-1.44697965308253,472,"Tlr4/Ptprc/Ccr1/Lrrk2/Hspa1b/Prkch/Arntl/Il1b/Anxa1/Xrcc2/Csf3r/Ctnnb1/Skil/Hspa1a/Nfam1/Fos/Rnf6/Ceacam1/Mme/Itgb1/Cd83/Smad4/Egr2/Fmr1/Acvr2a/Numb/H2-Q7/Rcor1/Tgfbr2/Traf6/Fxr1/Sema6d/Dock7/Rhoa/Nedd9/Rapgef2/Irf4/Pafah1b1/Adam8/Ripk1/Zfp36l2/Cdc73/Lyn/Fgf2/Robo2/Rock2/Plcb1/Il7r/Nfkbiz/Il4ra/Ndfip1/Lrp2/Caprin1/Tnfaip6/Gabpa/Rtn4/Rac1/Sorl1/Nin/Rflnb/Rock1/Vegfc/Braf/Clock/Btg2/Mysm1/Fstl3/Fbn1/Shank3/Prkci/Rag1/Purb/Kitl/Map2/Nrd1/Tyrobp/Kat5/Slc7a5/Trpc6/Bmp2/Zfp36/Zc3h12a/Vsir/Cdkl5/Cr1l/Creb1/Nrarp/Senp1/Slit2/Bhlhe40/Ythdf2/Pak1/Zfp365/Hltf/B2m/Vegfa/Runx1/Jag1/Tnfrsf12a/Abcb10/Spg20/Fam102a/Macf1/Robo1/Cyld/Mtor/Clec12a/Xbp1/Dicer1/Sash3/Tmem64/Ptpn6/Srf/Tnfrsf1b/Tcf7/Fbxw8/Man2a1/Psen1/Med1/Pirb/Mettl3/Ppp1r12a/Rnf10/Trak2"
"GOBP_REGULATION_OF_INFLAMMASOME_MEDIATED_SIGNALING_PATHWAY",0.000708981519258181,0.00867789327138289,0.477270815362862,-0.583519169357832,-1.95010591630002,31,"Tlr4/Hspa8/Ddx3x/Gbp2/Cd36/Lamp2/Ifi205/Ptpn22/Zdhhc5/Myd88/Plcg2/Prkd1/Irgm1/Dhx33/Irgm2/Ppp2ca"
"GOBP_REGULATION_OF_LEUKOCYTE_CHEMOTAXIS",0.000712699092906216,0.00867789327138289,0.477270815362862,-0.448092553551702,-1.78059043330984,70,"Thbs1/Ccr1/App/Hc/Bst1/Dusp1/Mmp28/Nedd9/Lyn/Swap70/Fpr2/Mospd2/Ccr6/Tnfaip6/Ripor2/Adam17/Rin3/Rac1/Vegfc/Klrk1/Akirin1/C5ar1/Tnfsf14/Slit2/Vegfa/Rac2"
"GOBP_EPITHELIAL_CELL_DEVELOPMENT",0.000714379828708805,0.00867789327138289,0.477270815362862,-0.368746690255001,-1.63438207106801,135,"Arntl/Bmp5/Icam1/Il1b/Pof1b/Fndc3a/Rab1a/Atrx/Clic4/Rapgef6/Rapgef2/Rock2/Plcb1/Rap1b/Luzp1/Rac1/Hydin/Rock1/Clock/Fzd5/Epha2/Arhgef26/Iqgap1/Myd88/Arid4b/Rdx/Yipf6/Vegfa/Amotl2/Jag1/Tjp1/Fasn/Arid4a/Frs2/Xbp1/Stc1/Esr1/Vezf1/Ppp1r12a/Ccdc88c/B4galt1/Tmem79/Gpr4/Il6st/Dact2/Fat1/Plec/Cdh5/Cldn1/Kdr/Ift74/Msn"
"GOBP_TRICARBOXYLIC_ACID_CYCLE",0.000717737993905796,0.00867789327138289,0.477270815362862,0.641011481165406,1.95251847721358,18,"Mrps36/Idh2/Idh3b/Mdh1/Sdhb/Dlat/Cs/Sdhaf4/Mdh2/Sucla2/Sdha"
"GOBP_CANONICAL_NF_KAPPAB_SIGNAL_TRANSDUCTION",0.000718170477631687,0.00867789327138289,0.477270815362862,-0.34520141177343,-1.60392173359586,191,"Tlr4/Dhx15/Il1b/Tnfaip3/Tlr8/Tnfrsf10b/Hspb1/Tax1bp1/Cd36/Wls/Tlr7/Mid2/Map3k3/Litaf/Clec4d/Traf6/Nek6/Rhoa/Adam8/Ripk1/Il1r1/Clec4n/Itch/Nfat5/Ndfip1/Jmjd8/Nr2c2/Tnip3/Mier1/Ect2/Azi2/Tnfsf15/Zdhhc13/Ndfip2/Anxa4/Cth/Myd88/Zc3h12a/Tnfsf14/Plcg2/Prkd1/Trim59/Vegfa/Cd40lg/Irgm1/Tbk1/Irgm2/Huwe1/Cyld/Irak3/Esr1/Cul1/Zc3hav1/Traf3/Alpk1/Ppm1a/Akap13/Ilk/Ube2n/Usp10/Edar"
"GOBP_PROCESS_UTILIZING_AUTOPHAGIC_MECHANISM",0.000729999343004444,0.00878596047212859,0.477270815362862,-0.291147598119247,-1.453577569721,374,"Hspa8/Hsp90aa1/Bag3/Lrrk2/Pik3c2a/Usp33/Lepr/Rab5a/Cltc/Wac/Atp6v0c/Hgf/Hspb1/Tax1bp1/Gnai3/Tm9sf1/Mcl1/Vps13c/Eif2s1/Rab1a/Mid2/Snap29/Vmp1/Pptc7/Lamp3/Traf6/Snx7/Rb1cc1/Lamp2/S100a8/Yod1/Scfd1/Lyn/Casp3/Supt20/Pdcd6ip/Cd84/Eif4e/Arsb/Ubqln1/Tpcn2/Tmem41b/Eef1a1/Ifi205/Ptpn22/Atg4c/Nedd4/Vps37b/Eif4g2/Rock1/Smcr8/Herc1/Spata18/Slc25a5/Stam/Fzd5/Dram2/Becn1/Exoc4/Calm1/Ubxn6/Rraga/Rragc/Kat5/Slc7a5/Vps26a/Snx5/Tlk2/Zc3h12a/Plaa/Fnbp1l/Foxk2/Stam2/Diaph3/Prkd1/Dele1/Tsc2/Atp6v1a/Pgam5/Ift88/Ccny/Vps13a/Scoc/Lrba/Irgm1/Tbk1/Prkaa1/Irgm2/Svip/Spg20/Snx4/Huwe1/Wdfy4/Mtor/Uvrag/Xbp1/Wdr47/Dapk1/Fundc1/Clec16a/Sesn3/Ralb"
"GOBP_POSITIVE_REGULATION_OF_VASCULATURE_DEVELOPMENT",0.000739013898758826,0.00885943827449065,0.477270815362862,-0.389493471007674,-1.67774442901095,111,"Thbs1/Itgb2/Il1b/Jak1/Ctnnb1/Erap1/Hspb1/Cybb/Itgb1/Tgfbr2/Akt3/Chil1/Fgf2/C3/Ccr3/Jmjd8/Rtn4/Aplnr/Vegfc/Tgfbr1/C5ar1/Acvrl1/Zc3h12a/Btg1/Prkd1/Aqp1/Vegfa/Runx1/Tjp1/Hipk2/Eng/Xbp1/Sash1"
"GOBP_RESPONSE_TO_MOLECULE_OF_BACTERIAL_ORIGIN",0.000743380374425035,0.00887372217724986,0.477270815362862,-0.336902784129683,-1.5720552032035,198,"Tlr4/Pde4b/Il1b/Rps6ka3/Tnfaip3/Sele/Jak2/Cd14/Gbp2/Fos/Cd36/Litaf/Traf6/Slc11a1/Erbin/Rhoa/S100a8/Cdc73/Lyn/Mrc1/Selp/Tlr5/Cd24a/Nfkbiz/Cd55/Casp3/Cnr2/Gch1/Csf2rb2/Pira2/Adam17/Rac1/Ptpn22/Tnip3/Klrk1/Vcam1/Adam9/Nr4a1/Fzd5/Cd68/C5ar1/Ptafr/Slc7a5/Myd88/Casp7/Zfp36/Zc3h12a/Plaa"
"GOBP_POSITIVE_REGULATION_OF_PRODUCTION_OF_MOLECULAR_MEDIATOR_OF_IMMUNE_RESPONSE",0.000746033785673552,0.00887372217724986,0.477270815362862,-0.415818515471889,-1.6966385910969,81,"Tlr4/Ptprc/Il1b/Il33/Cd36/Il13ra1/Tlr7/H2-Q7/Il18r1/Traf6/Il1r1/Cd55/Il4ra/Laptm5/Rtn4/Rif1/Fzd5/Lacc1/H2-Q2/Slc7a5/Myd88/Kmt5b/Plcg2"
"GOBP_MONOATOMIC_CATION_TRANSMEMBRANE_TRANSPORT",0.000763098244833646,0.00904137803703678,0.477270815362862,0.258296800022574,1.40438670846895,451,"Ndufb7/Romo1/Ndufa5/Fxyd1/Atp5g2/Ndufb9/Cox5b/Ndufb10/Atp6v1f/Uqcrh/Smdt1/Ndufa3/Kcna2/Vamp2/Cox4i1/Slc25a4/Ndufa8/Atp5g3/Ndufb4/Ndufa7/mt-Co3/Ndufa10/Thy1/Ndufs7/Slc8b1/Psen2/Ndufs2/Ndufs6/Atp1a2/Prkaca/Atp5l/Ndufa1/Vdac1/Mcoln1/Ndufs3/Atp5j2/Fxyd6/Tmem38a/Uqcr10/Ucp2/Slc25a22/Kcnh2/Cox8a/Fxyd7/Spg7/Nol3/Ndufc1/Gas6/Ndufa4/Commd1/Atp5d/Ndufb6/Ndufs8/Rem1/Actn2/Slc20a2/Cd63/Slc34a2/Atp5g1/Bax/Slc12a9/Cox5a/Atp5o/Atp2a1/Mcu/Gp9/Hrc/P2rx4/Ndufc2/Cav3/Slc39a5/Atp5j/Abcc8/Atp6v1g1/Kcnj11/Amigo1/mt-Co2/Grin1/Kcnn4/Casq1/Pln/Ppif/Slc6a8/Trpv4/Ank2/Slc17a5/Agt/Ndufa9/Slc47a1/Trdn/Slc25a3/Cox7b/Gstm7/Slc41a3/Ryr1/Trpc4ap/Tmsb4x/Uqcrfs1/Ndufb5/Ppp3ca/Panx1/Uqcrc1/Kcng1/Wwp2/Adcyap1r1/Hap1/Akap6/Atp5c1/Kcnj3/mt-Nd1/Snca/Plcb3/Scn8a/Micu1/Tmbim6"
"GOBP_TRANSFORMING_GROWTH_FACTOR_BETA_RECEPTOR_SIGNALING_PATHWAY",0.000770302386732258,0.00909135956434002,0.477270815362862,-0.376830406421342,-1.64815978196064,124,"Thbs1/Skil/Hspa1a/Fos/Ceacam1/Rnf111/Col3a1/Itgb1/Smad4/Hsp90ab1/Smad2/Peg10/Hspa5/Tgfbr2/Smurf2/Jun/Cited2/Glg1/Npnt/Adam17/Ldlrad4/Sap130/Adam9/Tgfbr1/Fbn1/Acvrl1/Bmp2/Arid4b/Zfp451/Usp15/Creb1/Strap/Mtmr4/Itgb6/Hipk2/Arid4a/Itga8/Eng/Xbp1/Rbbp7/Cav2/Ppm1a/Mecom/Ltbp4/Col1a2/Pias2/Sdcbp/Spi1/Selenon/Pxn/Snx6"
"GOBP_BLOOD_VESSEL_MORPHOGENESIS",0.000780410636246158,0.00917509802073186,0.477270815362862,-0.288822149803299,-1.45317824624855,405,"Thbs1/Ptgs2/Itgb2/Tspan12/Pik3c2a/Apold1/Il1b/Jak1/Lepr/Anxa1/Tnfaip3/Ctnnb1/Erap1/Tiparp/Alox5/Prkx/Hspb1/Cybb/Myh9/Cd36/Ceacam1/Col3a1/Itgb1/Adamts9/Col4a3/Enpep/H2-Q7/Clic4/Adgrf5/Tgfbr2/Mmp19/Actg1/Col4a1/Rhoa/Rapgef2/Jun/Akt3/Ubp1/Adam8/Cited2/Chil1/Hs6st1/Fgf2/Rock2/C3/S1pr1/Naa15/Ccr3/Lrp2/Jmjd8/Arhgap22/Rtn4/Aplnr/Nedd4/Rock1/Tnfaip2/Vegfc/Gpld1/Tgfa/Rasa1/Nr4a1/Wasf2/Fzd5/Slc31a1/Vav3/Col8a2/Tgfbr1/C5ar1/Epha2/Acvrl1/Zc3h12a/Btg1/Nrarp/Slit2/Tgfbi/Pik3cg/Prkd1/Aqp1/Loxl2/Vegfa/Shc1/Krit1/Cd93/Mmp2/Rbpj/Amotl2/Runx1/Jag1/Epgn/Tnfrsf12a/Nrcam/Ereg/Apob/Tjp1/Pdcd10/Hipk2/Gpnmb/Robo1/Eng/Xbp1/Wt1/Ptpn6/Unc5b/Sash1/Srf/Vezf1/Lrp5/Sec24b/Ptprb/Atf2"
"GOBP_POSITIVE_REGULATION_OF_INTERFERON_BETA_PRODUCTION",0.000784466747415679,0.00918731248415671,0.477270815362862,-0.585030702074417,-1.92329269085175,29,"Tlr4/Hsp90aa1/Ddx3x/Dhx9/Tlr8/Arrdc4/Tlr7/Ifih1/Oas2"
"GOBP_NON_CANONICAL_NF_KAPPAB_SIGNAL_TRANSDUCTION",0.00079091049261513,0.00922728908050985,0.477270815362862,-0.454767528973593,-1.77196131395261,63,"App/Il1b/Ddx3x/Tnfrsf10b/Actn4/Il18r1/Litaf/Traf6/Trim44/Rhoa/Ripk1/Chil1/Laptm5/Ptpn22/Tnfsf15/Zc3h12a/Tnfsf14/Ripk3/Nr3c2/Cyld/Sash1/Dlg1/Ppm1a/Uaca/Edar/Il18/Spi1/Trim56/Il12b/Tlr3/Vcp/Bcl10/Trim15/Map3k14"
"GOBP_CELLULAR_RESPONSE_TO_LIPOPROTEIN_PARTICLE_STIMULUS",0.000797098360783283,0.00926398667398892,0.477270815362862,-0.611913586269376,-1.88131459218841,22,"Tlr4/Itgb2/App/Cd36/Itgb1/Ces1d/Adam17/Cd68/Myd88"
"GOBP_REGULATION_OF_VASCULATURE_DEVELOPMENT",0.00080763287217473,0.00935073040217511,0.477270815362862,-0.333487696225675,-1.54437233688775,187,"Thbs1/Itgb2/Tspan12/Il1b/Jak1/Tnfaip3/Ctnnb1/Erap1/Alox5/Hspb1/Cybb/Cd36/Ceacam1/Itgb1/Adamts9/Col4a3/H2-Q7/Tgfbr2/Akt3/Chil1/Fgf2/Rock2/C3/Ccr3/Jmjd8/Rtn4/Aplnr/Rock1/Vegfc/Tgfbr1/C5ar1/Epha2/Acvrl1/Zc3h12a/Btg1/Pik3cg/Prkd1/Aqp1/Vegfa/Shc1/Krit1/Runx1/Tnfrsf12a/Tjp1/Pdcd10/Hipk2/Gpnmb/Eng/Xbp1/Ptpn6/Sash1"
"GOBP_TRANSFORMING_GROWTH_FACTOR_BETA_PRODUCTION",0.000854667412340776,0.00985781163097599,0.477270815362862,-0.662355787709603,-1.9105593866618,17,"Thbs1/Ptgs2/Col3a1/Smad4/Cd24a/Tyrobp/Creb1/Itgb6/Atf2/Pirb/Laptm4b/Fn1/Furin/Cx3cl1"
"GOBP_CHROMATIN_REMODELING",0.000869770556498598,0.0099941560171254,0.477270815362862,-0.299354138801922,-1.47396545327884,323,"Rybp/App/Tut7/Lbr/Wac/Sf3b1/Jak2/Dek/Top1/Usp16/Nfe2/Bub1/Tada2b/Trip12/Atrx/Tpr/Kdm2b/Lin54/Irf4/Jmjd1c/Nipbl/Smarca5/Rnf20/Nfkbiz/Nfat5/Cbx3/Kmt2e/Chd2/Ddb1/Riox2/Atr/Dtx3l/Mettl4/Ifi205/Atad2b/Rif1/Prdm2/Ddx23/H3f3a/Mier1/Clock/Mysm1/Slfn9/Dyrk1a/Mbd1/Tdg/Apobec1/Smchd1/Yy1/Kat5/Chaf1a/Myd88/Arid4b/Pkn1/Kmt5b/Kdm3a/Smarcad1/Gatad2a/Usp15/Iws1/Pphln1/Kdm6a/Kdm5c/Naa60/Pak1/Tex15/Ino80c/Gatad2b/Prkaa1/Bmi1/Hipk2/Hells/Kdm1b/Arid4a/Kmt5a/Huwe1/Baz1a/Rbbp7/Wt1/Esr1/Dcaf1/Zfp445/Kdm5b/Eya2/Bicral/Atf2/Mecom/Rrp8/Mybbp1a/Mettl3/Uhrf1/Gtf3c4/L3mbtl3/Padi2/Spi1/Noc2l/Ythdc1/Hnrnpc/Rnf2/Rb1/Spin1/Znfx1/Dot1l/Srpk2/Eed/Kdm6b/Ncoa3/Zbtb1/Hnrnpu/Trim37/Dcaf13/Kat8/Smyd5/Kat7"
"GOBP_PRODUCTION_OF_MOLECULAR_MEDIATOR_OF_IMMUNE_RESPONSE",0.00089497673255555,0.0102451283858333,0.477270815362862,-0.376794380465326,-1.65786259147597,129,"Tlr4/Ptprc/Hspd1/Il1b/Pcyt1a/Il33/Cd36/Il13ra1/Tlr7/H2-Q7/Il18r1/Litaf/Traf6/Il1r1/Swap70/Nfkbiz/Cd55/Ccr6/Il4ra/Laptm5/Ndfip1/Rtn4/Rif1/Fzd5/Lacc1/Yy1/H2-Q2/Slc7a5/Myd88/Pkn1/Kmt5b/Cr1l/Epx/Plcg2"
"GOBP_PROTEIN_FOLDING",0.000919660784553376,0.0104882662508054,0.477270815362862,-0.370030290978195,-1.63585653461416,132,"Dnaja1/Hsph1/Dnajb1/Hspa8/Hsp90aa1/Bag3/Hspd1/Hspa1b/Dnaja4/Hspa4/Dnajb4/Hspa1a/Hspb1/Hsp90ab1/Chordc1/Ppib/Hspa13/Hspa5/Hyou1/Pdia4/Nktr/Ahsa2/Canx/Erp44/Tbce/Ccdc47"
"GOBP_REGULATION_OF_KINASE_ACTIVITY",0.000933346123991285,0.010601715365349,0.477270815362862,-0.348952799582662,-1.58975276762346,166,"Dnaja1/Ptprc/Prkch/Jak2/Tnfrsf10b/Ceacam1/Tom1l1/Lcp2/Cab39/Dusp1/Ccnt1/Traf6/Fgr/Rhoa/Nedd9/Rapgef2/Cdk12/Lyn/Chil1/Fgf2/Socs4/Pilrb2/Taf7/Adam17/Ddr2/Ptpn22/Smg8/Tpx2/Nrg1/Ect2/Ptpn1/Fbn1/Tnfsf15/Ccne2/Cd300a/Pik3cg/Abi1/Ccny/Irgm1/Ripk3/Irgm2/Ereg/Pdcd10/Dstyk/Pim1/Rbl2/Uvrag/Arhgef5/Sash1/Chp1/Ralb"
"GOBP_POSITIVE_REGULATION_OF_LEUKOCYTE_MEDIATED_IMMUNITY",0.000936571899270571,0.010601715365349,0.477270815362862,-0.415352170446154,-1.71037949303545,86,"Ptprc/Itgb2/Hspd1/Il1b/Pvr/H2-Q7/Il18r1/Traf6/Il18rap/Il1r1/Cd177/Ulbp1/C3/Cd55/Rif1/Klrk1/Fzd5/Itgam/Tyrobp/H2-Q2/Kmt5b/Plcg2/B2m/Prkaa1/Stx7/Fbxo38/Klrc1/Sash3/Fcgr1/Klrc2/Il18/Spi1"
"GOBP_REGULATION_OF_DEFENSE_RESPONSE_TO_VIRUS",0.00094706673915113,0.0106808082248711,0.477270815362862,-0.499423680984926,-1.80972869645737,45,"Hsp90aa1/Il1b/Tnfaip3/Dhx9/Pcbp2/Trim44/Itch/Dtx3l/Nt5c2/Zc3h12a/Irgm1/Irgm2/Traf3/Pirb/Tomm70a/Fgl2/Il12b"
"GOBP_POSITIVE_REGULATION_OF_PATTERN_RECOGNITION_RECEPTOR_SIGNALING_PATHWAY",0.000961432326159606,0.0108028097164428,0.477270815362862,-0.472321448374598,-1.79875956224071,56,"Tlr4/Hspa1b/Ddx3x/Cd14/Hspa1a/Gbp2/Cd36/Slc15a3/Rtn4/Ptpn22/Zdhhc5/Mfhas1/Treml4/Myd88/Ddx60/Usp15/Plcg2/Prkd1/Zdhhc3/Dhx33/Ppp2ca/Zc3hav1"
"GOBP_NUCLEOBASE_CONTAINING_SMALL_MOLECULE_METABOLIC_PROCESS",0.000972708369826334,0.010857766414104,0.477270815362862,0.264271211602639,1.41595596178729,376,"Ndufb7/Ndufa5/Ak1/Uchl1/Atp5g2/Hmgcs2/Bckdk/Pdk2/Ndufb9/Ndufb10/Nudt3/Mcee/Ndufa11/Ndufa3/Ndufa13/Gmpr/Ndufa8/Uqcc3/Atp5g3/Pgls/Ndufb4/Macrod1/Ndufa7/Ndufa10/Ndufs7/Park7/Ndufs2/Pfkm/Ndufs6/Eno3/Atp1a2/Prkaca/Atp5l/Ndufa1/Pde9a/Neil1/Ndufs3/Atp5j2/Galt/Ucp2/Slc25a22/Pink1/Bpgm/Dcxr/Entpd2/Ppt2/Tpi1/Aldoa/2210016F16Rik/Ndufc1/Atp5d/Ndufb6/Ndufs8/Guk1/Galk1/Amdhd2/Gpi1/Atp5g1/Ndufab1/Nt5m/Atp5o/Papss2/Idh2/Dctpp1/Naxd/Ndufc2/Atp5j/Nudt14/Acot6/Pdhx/Naprt/Acsbg1/Mdh1/Actn3/Ier3/Hacd1/Ndufa9/Rhoq/Aldoc/Ppcdc/Sdhb/Pfkfb1/Nudt1/Hint1/Nans/Mlycd/Dlat/Adcy1/Tmsb4x/Ndufb5/Dpysl5/Pdk1/Adssl1/Atp5c1/mt-Nd1/Snca/Sarm1/Ogg1/Gpd1l/Rexo2/Dguok/Extl2/Slc52a3/Tigar/Ogt/Pde7a/Mdh2/Acat1/Nme6/Entpd5/Mthfd1/Abcd1/Mfn1/Naxe/Shpk/Sucla2/Taldo1/Elovl4/Ak6/Neil2/Hdac4/Gnpda1/Gpat4/Nme4"
"GOBP_POSITIVE_REGULATION_OF_ADAPTIVE_IMMUNE_RESPONSE",0.000973454919885183,0.010857766414104,0.477270815362862,-0.434996598984795,-1.74762404563962,74,"Ptprc/Hspd1/Il1b/Jak2/Pvr/H2-Q7/Il18r1/Traf6/Slc11a1/Il1r1/Ulbp1/C3/Nfkbiz/Cd55/Clec4n/Tnfsf13b/Rif1/Fzd5/H2-Q2/Kmt5b/B2m/Prkaa1/Stx7/Fbxo38/Sash3/Fcgr1/Il18/Nfkbid/Zbtb1/Il6st/Il12b"
"GOBP_RESPONSE_TO_CHEMOKINE",0.000986393300561445,0.0109619255482102,0.45505986738723,-0.493318164856473,-1.83679016139377,51,"Ccr1/Cxcr2/Jak2/Dusp1/Rhoa/Lyn/Dock8/Ccr6/Ccr3/Sh2b3/Ripor2/Zc3h12a/Gpr35/Slit2/Robo1/Ccl3/Padi2/Ccl4/Ackr3/Cxcr1/Ccrl2/Ccr9/Slc12a2/Lox/Cmklr1/Cx3cl1/Cxcr6"
"GOBP_LYMPHOCYTE_MIGRATION",0.000995121413079368,0.0110187080102788,0.45505986738723,-0.438686829031049,-1.731994703808,67,"App/Icam1/Rhoa/Nedd9/Itgal/Adam8/Dock8/Ccr6/S1pr1/Crk/Ripor2/Adam17/Klrk1/Gnai1/Tnfsf14/Wasl/Pik3cg/Ripk3/Fut4/Ccl3/Padi2/Ccl4/Jam2/Itgb7/Plec/Spns2/Pik3cd/Slc12a2/Msn/P4hb/Gpr15/Abl2/Cx3cl1/Gcsam/Ext1/Ptk2b/Ret"
"GOBP_NEGATIVE_REGULATION_OF_DEFENSE_RESPONSE",0.0010027915068783,0.0110634062987117,0.45505986738723,-0.361339752071056,-1.62539168805688,152,"Ptprc/Ythdf3/Socs3/Tnfaip3/Hgf/Alox5/Il33/Pvr/Arg2/Ceacam1/Pcbp2/H2-Q7/Fgr/Fxr1/Lyn/Fpr2/Itch/Crk/Ndfip1/Tnfaip6/Ifi205/Nt5c2/Mfhas1/H2-Q2/Serping1/Pbk/Cr1l/Usp15/Ythdf2/Irgm1/Irgm2/Il22ra1/Pim1/Cyld/Clec12a/Klrc1/Irak3/Ptpn6/Tnfrsf1b/Cd96/Pirb/Ahr/Uaca/Ywhaz/Mettl3/Fgl2/Rb1/Mefv/Il12b/Cdh5/Fyn/Gnas/Dusp10/Il10ra/Hck/Extl3/Atg5/Ppara/Furin/Dtx4/Cx3cl1/Fcgr2b/Cnot7/Trim65/Tyro3/Parp1/Yes1"
"GOBP_INTERLEUKIN_10_PRODUCTION",0.00105671274635393,0.0116162105149737,0.45505986738723,-0.539697963798656,-1.87326470410422,37,"Tlr4/Thbs1/Hspd1/Hgf/Cd83/Irf4/Tyrobp/Vsir/Epx/Plcg2/Cd40lg/Sash3/Pirb"
"GOBP_POSITIVE_REGULATION_OF_TRANSPORT",0.00110335928783801,0.0120172742965851,0.45505986738723,-0.277145282909523,-1.41407179265579,475,"Tlr4/Ptprc/Hsp90aa1/Ccr1/Bag3/Itgb2/Lrrk2/App/Pltp/Il1b/Anxa1/Rab5a/Dhx9/Sele/Jak2/Cd14/Cd36/Wls/Itgb1/Arl6ip1/Smad4/Cd300lf/Actn4/Vmp1/Fmr1/Tpr/Kcnj2/Slc11a1/Ace2/Fgr/Mdm2/Cadps2/Pla2r1/S100a8/Cask/Adam8/Golph3/Dock2/Cd177/Inhbb/Cacna1d/Fpr2/Plcb1/C3/Gpc3/Ppt1/Ms4a1/Il4ra/Pdcd6ip/Abca5/Ocln/Acsl4/Itga2/Ces1d/Pira2/Arf6/Cep290/Rac1/Aplnr/Sorl1/Nedd4/Frmd4a/Sirpb1a/Vegfc/Gpld1/Tmem30a/Braf/Adam9/Stam/Ect2/Rhbdd1/Mertk/Kif5b/Itgam/Prkci/Atp1b1/Map2/Ppid/P2ry2/Atp2b1/Acsl5/Adora2b/Serp1/H2-Q2/Slc7a5/Trpc6/Bmp2/Zc3h12a/Plaa/Cftr/Ctss/Rdx/Irs1/Grp/Sorbs1/Creb1/Fga/Abca13/Plcg2/Wasl/Prkd1/Aqp1/Gdnf/Negr1/Pgap1/B2m/Vegfa/Homer1/Edem1/Tmed10/Rab31/Nadk/Sgk1/Myh10/Ano1/Pdcd10/Tmem132a/Snx4/Cdc42/Car2/Klrc1/Xbp1/Il2rb/Stc1/Arhgef5/Osbpl8/Chp1/Xpo4/Fgg/Kif20b/Dlg1/Lcn2/Ppm1a/Cfp/Psen1/Chrm3/Ccl3/Atad1/Fxyd5/Ehd2/Fcgr1/Abcg1/Syt10/Ptprj/Ipo5/Klrc2/Selenot/Sdcbp/Fcnb"
"GOBP_PLATELET_DERIVED_GROWTH_FACTOR_RECEPTOR_SIGNALING_PATHWAY",0.00110566345614012,0.0120172742965851,0.45505986738723,-0.540275845441498,-1.8574466126885,35,"Pik3c2a/Il1b/Tiparp/Jak2/Ston1/Csrnp1/Il1r1/Cblb/Arid5b/Ptpn1/Iqgap1/Vegfa/Plat"
"GOBP_APOPTOTIC_SIGNALING_PATHWAY",0.00110952002636014,0.0120172742965851,0.45505986738723,-0.288645624483488,-1.44007055108924,370,"Dnaja1/Tlr4/Ptprc/Thbs1/Ptgs2/Bag3/Lrrk2/Hspa1b/Bmp5/App/Icam1/Il1b/Ddx3x/Tnfaip3/Hgf/Ctnnb1/Jak2/Skil/Topors/Hspa1a/Tnfrsf10b/Il33/Hspb1/Mcl1/Smad4/Dedd2/Stk24/Asah2/Hyou1/Dedd/Mal/Mdm2/Rb1cc1/S100a8/Ripk1/Inhbb/Fgf2/Cd24a/Ddx5/Nfkbiz/Casp3/Laptm5/Rffl/Ubqln1/Ifi205/Qrich1/Nrg1/Slc25a5/Rrm2b/Gclm/Ptpn1/Tgfbr1/Tnfsf15/Birc6/Kitl/Becn1/Epha2/Acsl5/Bmpr1b/Cth/Nr4a2/Tnfsf14/Usp15/Fga/Ubb/Dele1/Gdnf/Zdhhc3/Cul2/Sgms1/Pdia3/Mmp2/Cd40lg/Chac1/Ripk3/Txndc12/Tnfrsf12a/Bmi1/Ppp1ca/Pdcd10/Hipk2/Hells/Cyld/Uri1/Xbp1/Dapk1/Pmaip1/Casp2/Unc5b/Cul1/Eya2/Taf6/Tnfrsf1b/Fgg/Lcn2/Atf2/Rrp8/Cul5/Psen1/Uaca/Mybbp1a"
"GOBP_NEGATIVE_REGULATION_OF_B_CELL_ACTIVATION",0.00111012824125264,0.0120172742965851,0.45505986738723,-0.59291137005332,-1.90329838587316,26,"Samsn1/Tnfaip3/Lyn/Casp3/Laptm5/Ndfip1/Ifi205/Tyrobp/Pkn1/Cd300a/Cr1l/Ifi204"
"GOBP_ENDOTHELIUM_DEVELOPMENT",0.00111292983633399,0.0120172742965851,0.45505986738723,-0.407578513171139,-1.69462742727049,91,"Apold1/Icam1/Il1b/Ctnnb1/Ceacam1/Smad4/Rab1a/Clic4/Rapgef6/Rhoa/Rapgef2/Rock2/Plcb1/Rap1b/S1pr1/Lipa/Rock1/Nrg1/Acvrl1/Arhgef26/Myd88/Btg1/Rdx/Vegfa/Krit1/Rbpj/Amotl2/Jag1/Tjp1/Fasn/Pdcd10/Bloc1s6/Stc1/Vezf1/Lcn2"
"GOBP_CELLULAR_RESPONSE_TO_ALCOHOL",0.00113383171135477,0.0121997086963791,0.45505986738723,-0.443177520132385,-1.7532271853189,68,"Ctnnb1/Fos/Cybb/Spidr/Adcy3/Tnc/Klf9/Mdm2/Golph3/Adcy7/Inhbb/Ces1d/Gpld1/Gnai1/Btg2/Cftr/Creb1/Slc23a2/Prkd1/Acaca/Sgk1/Prkaa1/Gnb1"
"GOBP_GLIAL_CELL_ACTIVATION",0.00123534493023193,0.0132451595512544,0.45505986738723,-0.553645264029142,-1.88725742026497,34,"Ptprc/Itgb2/Lrrk2/App/Il1b/Jak2/Il33/Jun/Fpr2/Itgam/C5ar1/Tyrobp"
"GOBP_REGULATION_OF_PROTEIN_MATURATION",0.00125442866625108,0.013402579960472,0.45505986738723,-0.537538337175136,-1.85582410296376,36,"Thbs1/Lrrk2/Rnf139/Rps6ka2/Myh9/Mdm2/Adam8/Glg1/Rhbdd1/Rasal2/Il1r2/Fga/Chac1/Bag2/Plat/Runx1"
"GOBP_OVULATION_CYCLE_PROCESS",0.00126301043764597,0.0134325523627835,0.45505986738723,-0.599861354330467,-1.84426027549421,22,"Mmp19/Robo2/Casp3/Tnfaip6/Bmpr1b/Slit2/Mmp2/Ereg/Esr1/Casp2/Fzd4/Scaper"
"GOBP_REGULATION_OF_SUPEROXIDE_METABOLIC_PROCESS",0.00126605665948074,0.0134325523627835,0.45505986738723,-0.625876173999019,-1.87977101155358,20,"Itgb2/App/Bst1/Pon3/Cd36/Cd177/Fpr2/Gch1/Itgam/Tyrobp"
"GOBP_MUSCLE_SYSTEM_PROCESS",0.00129877033875515,0.0137317905607966,0.45505986738723,0.281612053908101,1.44153427125581,250,"Lmod1/Tbx2/Fxyd1/Tpm2/Dmpk/Meis1/Myl9/Des/Tnnt2/Myl6/Acta2/Ndufs6/Atp1a2/Smtn/Prkaca/Pde9a/Asb2/Myh11/Tmem38a/Kcnh2/Tnni2/Nol3/Pabpn1/Tnnt3/Aldoa/Vegfb/Ttn/Rem1/Csrp3/Ormdl3/Acta1/Dapk3/Tmod4/Myom2/Myl4/Tpm1/Smpx/Atp2a1/Myh14/Hrc/P2rx4/Cav3/Abcc8/Kbtbd13/Casq1/Mylpf/Pln/Setd3/Slc6a8/Actn3/Trpv4/Ank2/Myl1/Agt/Cryab/Ckmt2/Chrm2/Trdn/Mybpc3/Gstm7/Ryr1/Dsc2/Ppp3ca/Adra2a/Akap6/Kcnj3/Dtna/Scn8a/Klf15/Lmod2/Gpd1l/Comp/Adra1b/Gnao1/Camta2/Chrnb1/Scn4b/Chrna1/Adora1/Ppp1r12b/Jup/Cyba/Apbb1/Fgf13/Kcna5/Adra2b/Ryr2/Hdac4/Myoc/Gsto1/Trim72/Pik3ca/Nppa/Grk2/Large1"
"GOBP_REGULATION_OF_T_CELL_MEDIATED_IMMUNITY",0.00130492459410642,0.0137491189932666,0.45505986738723,-0.444478708944361,-1.73187183988843,63,"Ptprc/Hspd1/Il1b/Pvr/Ceacam1/H2-Q7/Il18r1/Traf6/Il1r1/Ulbp1/Il7r/Was/Cd55/Fzd5/H2-Q2/B2m/Ripk3/Prkaa1/Stx7/Fbxo38/Klrc1/Sash3/Tnfrsf1b/Pirb/Ahr"
"GOBP_POSITIVE_REGULATION_OF_CELL_CYCLE_PROCESS",0.00131146942353235,0.0137704289470896,0.45505986738723,-0.353638340682977,-1.58868719830539,150,"Il1b/Ddx3x/Anxa1/Tmod3/Bub1/Pkn2/Atrx/Tpr/Mdm2/Rhoa/Ppp1r10/Ncapg/Cdc73/Rock2/Smc4/Plcb1/Kif3b/Kmt2e/Adam17/Arf6/Ddr2/Btc/Tgfa/Ect2/Rrm2b/Becn1/Smc6/Plk4/Ccne2/Rad18/Kat5/Rdx/Knl1/Plcg2/Cdc23/Kif23/Nusap1/Ncapg2/Epgn/Ereg/Cdc42/Cenpj/Gen1/Lrp5/Kif20b/Cdc16/Ccnb1/Stxbp4/Plrg1/Med1/Ncapd2/Eif4g1/Dtl/Ooep/Rb1/Fen1"
"GOBP_INFLAMMASOME_MEDIATED_SIGNALING_PATHWAY",0.00131729890713194,0.0137841071210198,0.45505986738723,-0.555247380871231,-1.8805813656685,33,"Tlr4/Hspa8/Ddx3x/Gbp2/Cd36/Lamp2/Ifi205/Ptpn22/Zdhhc5/Myd88/Plcg2/Prkd1/Irgm1/Dhx33/Irgm2/Ppp2ca"
"GOBP_CYTOPLASMIC_TRANSLATION",0.00136589924985227,0.0142255385416557,0.45505986738723,0.346839487865109,1.6003470417987,123,"Rpl38/Rps28/Eif2b4/Rps15/Rpl37a/Rpl28/Rpl18a/Rpl35a/Fau/Cpeb1/Rplp2/Rpl18/Rpl36a/Rps23/Rpl27a/Rpl11/Rps9/Rpl8/Rplp1/Rpl37/Rpl13/Rps17/Rpl35/Eif3k/Alkbh3/Rpl14/Rps26/Zfp385a/Rps24/Rps20/Unk/Rps11/Rps13/Mif4gd/Eif4b/Rps16/Rps12/Rps14/Rpl7/Rps8"
"GOBP_REGULATION_OF_TRANSMEMBRANE_RECEPTOR_PROTEIN_SERINE_THREONINE_KINASE_SIGNALING_PATHWAY",0.00136964376953017,0.0142255385416557,0.45505986738723,-0.355990863455378,-1.59735020758464,148,"Thbs1/Bmp5/Ube2d3/Jak2/Skil/Hspa1a/Ceacam1/Rnf111/Smad4/Hsp90ab1/Smad2/Peg10/Acvr2a/Hspa5/Tgfbr2/Smurf2/Cited2/Gpc3/Glg1/Lrp2/Npnt/Tnfaip6/Adam17/Sorl1/Ldlrad4/Sap130/Fstl3/Tgfbr1/Fbn1/Acvrl1/Ngly1/Bmp2/Arid4b/Zfp451/Usp15/Strap/Mtmr4/Rbpj/Spg20/Hipk2/Arid4a/Itga8/Eng/Xbp1/Grem2/Rbbp7/Cav2/Ppm1a/Mecom/Ilk/Ltbp4"
"GOBP_REGULATION_OF_B_CELL_ACTIVATION",0.00137350027298744,0.0142255385416557,0.45505986738723,-0.41468138513531,-1.70026985819277,84,"Tlr4/Ptprc/Samsn1/Tnfaip3/Themis2/Nfam1/Bst1/Zfp36l2/Lyn/Slc39a10/Casp3/Laptm5/Ndfip1/Tnfsf13b/Ifi205/Rif1/Vav3/Tyrobp/Pkn1/Cd300a/Kmt5b/Cr1l/Ifi204/Bmi1/Cyld/Xbp1/Sash3/Ptpn6"
"GOBP_POSITIVE_REGULATION_OF_CD4_POSITIVE_ALPHA_BETA_T_CELL_DIFFERENTIATION",0.00140880281962533,0.0145417104602005,0.45505986738723,-0.646338133024756,-1.91226639385703,19,"Anxa1/Cd83/Nfkbiz/Il4ra/Sash3/Il18/Nfkbid/Shb/Ifng/Il12b"
"GOBP_SUPEROXIDE_ANION_GENERATION",0.00144042825322867,0.0148179190239233,0.45505986738723,-0.589655103136382,-1.85476584835044,24,"Itgb2/App/Cybb/Pon3/Ncf2/Cd177/Fpr2/Rac1/Itgam/Tyrobp/Sh3pxd2b/Rac2"
"GOBP_CELL_SURFACE_RECEPTOR_PROTEIN_SERINE_THREONINE_KINASE_SIGNALING_PATHWAY",0.0014595525456464,0.0149640993316272,0.45505986738723,-0.326126102184168,-1.52957706724992,206,"Thbs1/Bmp5/Ube2d3/Jak2/Skil/Hspa1a/Fos/Ceacam1/Rnf111/Col3a1/Itgb1/Smad4/Hsp90ab1/Smad2/Peg10/Acvr2a/Hspa5/Tgfbr2/Smurf2/Jun/Cited2/Inhbb/Ddx5/Gpc3/Glg1/Lrp2/Npnt/Tnfaip6/Adam17/Sorl1/Ldlrad4/Sap130/Adam9/Fstl3/Tgfbr1/Fbn1/Becn1/Acvrl1/Ngly1/Bmpr1b/Bmp2/Arid4b/Zfp451/Usp15/Creb1/Strap/Mtmr4/Itgb6/Rbpj/Sptbn1/Spg20/Hipk2/Arid4a/Itga8/Eng/Xbp1/Hivep1/Grem2/Rbbp7/Cav2/Atf2/Ppm1a/Mecom/Ilk/Runx2/Ltbp4"
"GOBP_POSITIVE_REGULATION_OF_EXTRINSIC_APOPTOTIC_SIGNALING_PATHWAY",0.0015035999458721,0.0153639658898676,0.45505986738723,-0.507616498714718,-1.81096071467977,42,"Tlr4/Ptprc/Thbs1/App/Skil/Dedd2/Mal/Ripk1/Tnfsf15/Bmpr1b/Tnfsf14/Pdia3/Cd40lg/Tnfrsf12a/Ppp1ca/Cyld/Pmaip1"
"GOBP_CELL_DIVISION",0.00155619068463558,0.0158481626579108,0.45505986738723,-0.28809296752728,-1.44455205993443,392,"Il1b/Yme1l1/Cltc/Myh9/Prpf40a/Gnai3/Top1/Usp16/Bub1/Actr2/Pkn2/Ccnt1/Numb/Tpr/Nek6/Dock7/Ahctf1/Exoc6/Rhoa/Nedd9/Actr3/Orc4/Top2a/Pafah1b1/Ncapg/Cdk14/Zfp36l2/Fgf2/Cdc27/Pds5b/Prc1/Rock2/Smc4/Kif3b/Kif11/Pdcd6ip/Stag2/Dr1/Luzp1/Rab10/Anxa11/Arf6/Tpx2/Btc/Rock1/Vegfc/Tgfa/Klhl9/Rasa1/Hmcn1/Ect2/Gnai1/Evi5/Myo19/Eml4/Dclre1a/Birc6/Becn1/Exoc4/Calm1/Bub1b/Cenpf/Ccne2/Sycp1/Iqgap1/Pds5a/Cat/Dynlt3/Knl1/Macc1/Wasl/Cdc23/Kif23/Ythdf2/Spire1/Mtmr4/Zfp365/Ccdc66/Nusap1/Vegfa/Ccny/Ncapg2/Stag1/Sptbn1/Exoc5/Bmi1/Haus6/Ppp1ca/Myh10/Ereg/Senp5/Spg20/Hells/Pogz/Mis18bp1/Kmt5a/Cdc42/Uvrag/Cenpj/Garem1/Rab35/Sycp2/Ralb/Tuba1c/Kif20b/Cdc16/Ercc6l/Ccnb1/Ppp1cb/Spice1/Iqgap3/Thoc2/Tnks/Ncapd2/Usp39/Mcmbp/Nek9/Mllt3/Rala/Ooep/Cks2/Mplkip/Ckap2/Rb1/Kif4/Ccnb2/Fbxl7/Dync1li1/Ncoa3/Lig4/Hnrnpu/Plec"
"GOBP_HETEROPHILIC_CELL_CELL_ADHESION_VIA_PLASMA_MEMBRANE_CELL_ADHESION_MOLECULES",0.00156896488963085,0.0159249936297531,0.45505986738723,-0.553213073962731,-1.8349476889829,30,"Icam1/Sele/Jaml/Pvr/Cxadr/Itgal/Selp/Vcam1/Hmcn1/Cd164/Crb1/Dchs1"
"GOBP_NEGATIVE_REGULATION_OF_ERK1_AND_ERK2_CASCADE",0.00160279428659619,0.0162143142946359,0.45505986738723,-0.514059246902602,-1.80296709596476,39,"Tlr4/Ptprc/Dusp3/Eif3a/Smad4/Dusp1/Ace2/Spry4/Lyn/Dusp4"
"GOBP_CLATHRIN_DEPENDENT_ENDOCYTOSIS",0.00164341832507719,0.0165702278141061,0.45505986738723,-0.561865767830643,-1.84713780093378,29,"Picalm/Cltc/Ston1/Scyl2/Lmbrd1/Canx/Siglec1/Fnbp1l/Aak1/Wasl"
"GOBP_REGULATION_OF_DEFENSE_RESPONSE_TO_VIRUS_BY_HOST",0.00168518346400802,0.0169111545373174,0.45505986738723,-0.55124325224226,-1.82841400425308,30,"Hsp90aa1/Il1b/Tnfaip3/Dhx9/Trim44/Dtx3l/Nt5c2/Zc3h12a"
"GOBP_CELL_KILLING",0.00169106417330741,0.0169111545373174,0.45505986738723,-0.37839088868878,-1.64307263512811,118,"Ptprc/Trem1/C7/Icam1/Hc/Gbp2/Pvr/Ceacam1/H2-Q7/Il18rap/Lyz2/Lyst/Ulbp1/Il7r/C3/Cd55/Cebpg/Crk/Klrk1/Kif5b/Itgam/Tyrobp/H2-Q2/Myd88/Cr1l/B2m/Ripk3/Stx7/Klrc1/Spag11b/Ptpn6/Pirb/Ccl3/Fcgr1/Klrc2/Il18/Spi1/Dnase1/Mapk8"
"GOBP_ENDOTHELIAL_CELL_DEVELOPMENT",0.00169389232639797,0.0169111545373174,0.45505986738723,-0.485774839975261,-1.78084416746226,47,"Icam1/Il1b/Rab1a/Clic4/Rapgef6/Rapgef2/Rock2/Plcb1/Rap1b/Rock1/Arhgef26/Myd88/Rdx/Vegfa/Amotl2/Tjp1/Fasn/Stc1/Vezf1/Ppp1r12a"
"GOBP_RESPONSE_TO_STEROID_HORMONE",0.00171720116462609,0.017025173900996,0.45505986738723,-0.332259361336198,-1.53386884329992,183,"Ptprc/Hspa8/Thbs1/Hspa1b/Arntl/Anxa1/Zfp366/Jak2/Hspa1a/Fos/Rnf6/Cybb/Fosb/Strn3/Areg/Dusp1/Abhd2/Plpp1/Klf9/Mdm2/Rhoa/Jun/Cdk12/Zfp36l2/Col1a1/Ddx5/Casp3/Atp1a3/Cbx3/Eif4e/Taf7/Nedd4/Adam9/Clock/Shq1/Cnot2/Zfp36/Abca2/Pkn1/Kdm3a/Slit2/Pak1/Aqp1/Ddx54/Sgk1/Bmi1/Ghr/Nr3c2/Uri1/Stc1/Cad/Rbbp7/Esr1"
"GOBP_ESTABLISHMENT_OR_MAINTENANCE_OF_CELL_POLARITY",0.00171988650880167,0.017025173900996,0.45505986738723,-0.343264534369349,-1.55154297653561,158,"Cdc42bpb/Ndel1/Myh9/Itgb1/Actr2/Pkd1/Clic4/Dock7/Erbin/Rhoa/Actr3/Pafah1b1/Golph3/Dock8/Dock2/Rock2/Rap1b/Pdcd6ip/Crk/Phldb2/Rab10/Ripor2/Arf6/Rac1/Frmd4a/Rock1/Mpp7/Prkci/Map7/Kat5/Dst/Crb1/Parvg/Diaph3/Ankfn1/Pak1/Rap2a/Ccdc66/Nckap1/Aqp1/Krit1/Rac2/Amotl2/Myo9a/Arf4/Cdc42"
"GOBP_RESPONSE_TO_TRANSFORMING_GROWTH_FACTOR_BETA",0.00172208655550305,0.017025173900996,0.45505986738723,-0.349653963715727,-1.57579023484881,154,"Thbs1/Skil/Hspa1a/Fos/Ceacam1/Rnf111/Col3a1/Itgb1/Smad4/Hsp90ab1/Smad2/Peg10/Hspa5/Tgfbr2/Smurf2/Jun/Zfp36l2/Cited2/Col1a1/Rock2/Nfkbiz/Glg1/Postn/Crk/Npnt/Adam17/Ddr2/Ldlrad4/Sap130/Rock1/Adam9/Tgfbr1/Fbn1/Acvrl1/Bmp2/Arid4b/Zfp451/Usp15/Creb1/Strap/Mtmr4/Itgb6/Hipk2/Arid4a/Itga8/Eng/Xbp1/Rbbp7/Cav2/Ppm1a/Mecom/Ltbp4/Col1a2/Pias2/Sdcbp/Spi1/Selenon"
"GOBP_LEUKOCYTE_ACTIVATION_INVOLVED_IN_INFLAMMATORY_RESPONSE",0.00175542128849015,0.017298569007937,0.45505986738723,-0.553676312804452,-1.86189930832071,32,"Ptprc/Itgb2/Lrrk2/App/Jak2/Il33/Jun/Fpr2/Itgam/C5ar1/Tyrobp/Myd88"
"GOBP_B_CELL_MEDIATED_IMMUNITY",0.00177777059135428,0.0174622950021735,0.45505986738723,-0.428495383522026,-1.70271693776031,70,"Ptprc/Hspd1/C7/Hc/Tlr8/Pcyt1a/H2-Q7/Swap70/C3/Nfkbiz/Cd55/Ccr6/Il4ra/Ndfip1/Csf2rb2/Rif1/Serping1/Myd88/Kmt5b/Cr1l/Cd40lg/Il2rb/Cfi/Ptpn6/C1s1"
"GOBP_AMEBOIDAL_TYPE_CELL_MIGRATION",0.00181039658876949,0.0177055784485919,0.45505986738723,-0.348690651214752,-1.5714488614063,154,"Thbs1/Ythdf3/Sema3a/Ptprg/Itgb1/Smad4/Smad2/Pkn2/Tgfbr2/Smurf2/Arhgdib/Sema6d/Pafah1b1/Jun/Fgf2/Gpc3/Ocln/Arsb/Rffl/Itga2/Arf6/Rtn4/Ddr2/Rac1/Rock1/Braf/Adam9/Arid5b/Wasf2/Tgfbr1/Kitl/Iqgap1/Pkn1/Plcg2/Tesk1/Pak1/Sema3c/Nckap1/Aqp1/Gdnf/Vegfa/Mmp2/Map4k4/Amotl2/Macf1/Cdc42/Eng/Mtor"
"GOBP_CELLULAR_RESPONSE_TO_BIOTIC_STIMULUS",0.00181416764399365,0.0177055784485919,0.45505986738723,-0.356044618849663,-1.58510061596275,140,"Tlr4/Pde4b/Il1b/Tnfaip3/Jak2/Cd14/Gbp2/Cd36/Litaf/Hspa5/Traf6/Rhoa/Cdc73/Lyn/Mrc1/Tlr5/Nfkbiz/Cd55/Pira2/Tmco1/Ptpn22/Ccdc47/Tnip3/Klrk1/Adam9/Fzd5/Cd68/Ptafr/Slc7a5/Myd88/Casp7/Zfp36/Zc3h12a/Plaa/Plcg2/B2m/Slx4/Irgm1/Irgm2/Xbp1/Irak3/Ptpn6/Sash1/Tnfrsf1b/Lcn2/Pirb/Ahr"
"GOBP_POSITIVE_REGULATION_OF_CYTOKINE_PRODUCTION_INVOLVED_IN_IMMUNE_RESPONSE",0.00182007624322203,0.017706492525914,0.45505986738723,-0.469597782542926,-1.74236132594839,50,"Tlr4/Il1b/Cd36/Tlr7/H2-Q7/Il18r1/Traf6/Il1r1/Cd55/Laptm5/Rtn4/Fzd5/Lacc1/H2-Q2/Slc7a5/Myd88/Plcg2/B2m/Sash3/Pirb/Il18/Hk1/Tlr3/Bcl10/Cd55b/P2rx7/Scimp/Gprc5b/Irf5/Ddx1"
"GOBP_INTERFERON_BETA_PRODUCTION",0.00193286599391889,0.0187438756416657,0.45505986738723,-0.510080196544625,-1.78901131769241,39,"Tlr4/Hsp90aa1/Ddx3x/Dhx9/Tlr8/Arrdc4/Tlr7/Ifih1/Oas2/Yy1/Polr3f/Tbk1/Zc3hav1/Traf3/Pirb/Tomm70a"
"GOBP_CELL_MIGRATION_INVOLVED_IN_SPROUTING_ANGIOGENESIS",0.00196590564055094,0.0189896507941622,0.431707695803346,-0.509813680330804,-1.78807656169501,39,"Thbs1/Ptgs2/Pik3c2a/Anxa1/Itgb1/Rhoa/Akt3/Fgf2/Gpld1/Nr4a1/Slit2/Vegfa/Pdcd10/Robo1/Srf"
"GOBP_VACUOLAR_TRANSPORT",0.0019706829723991,0.0189896507941622,0.431707695803346,-0.387514993072055,-1.65499050816452,105,"Plekhf2/Hspa8/Lrrk2/Hspa1a/Vps13c/Scyl2/Lamp2/Slc30a4/Lyst/Laptm5/Lipa/Ndfip1/Arsb/Gprasp1/Tpcn2/Dtx3l/Sorl1/Nedd4/Vps37b/Rbsn/Stam/Becn1/Ndfip2/Ubxn6/Stam2/Pcdhga3/Vps13a/Ap3s1/Irgm1/Irgm2"
"GOBP_RRNA_MODIFICATION",0.00198172721296386,0.0190358339541796,0.431707695803346,0.586169046696065,1.87498954746907,22,"Mrm2/Rpusd1/Nhp2/Tsr3/Nsun4/Trmt112/Rrnad1/Gar1/Bud23/Nat10/Rpusd4/Mrm1"
"GOBP_CELLULAR_RESPONSE_TO_NITROGEN_COMPOUND",0.00202468121475363,0.0193872776695749,0.431707695803346,-0.281168461641265,-1.40071374918895,366,"Tlr4/Lrrk2/Pik3c2a/App/Icam1/Il1b/Socs3/Jak1/Ndel1/Dhx9/Ctnnb1/Jak2/Fos/Cybb/Cd36/Ceacam1/Top1/Spidr/Slc1a3/Pde12/Dennd4c/Atrx/Eprs/Mdm2/Rapgef2/Sik2/Kbtbd2/Golph3/Lyn/Insig1/Bmt2/Inhbb/Rock2/Fpr2/Plcb1/Casp3/Atp1a3/Rap1b/Ifih1/Crk/Rab10/Ddr2/Rac1/Ptpn22/Sorl1/Rap1gds1/Rock1/Gpld1/Agrn/Vcam1/Nr4a1/Glp1r/Colec12/Gclm/Ptpn1/Fbn1/Prkci/P2ry2/Atp2b1/Tyrobp/Slc7a5/Snx5/Casp7/Nr4a2/Cftr/Irs1/Sorbs1/Creb1/Slit2/Pik3cg/Prkd1/Pak1/Tsc2/Aqp1/Shc1/Rab31/Ap3s1/Prkaa1/Ghr/Mtor/Car2/Xbp1/Stc1/Gna14/Gnb1/Gna15/Osbpl8/Wt1/Sesn3/Ralb/Cav2/Fbxw8/Lcn2/Htr7/Stxbp4/Psen1/Ahr"
"GOBP_NEGATIVE_REGULATION_OF_ADAPTIVE_IMMUNE_RESPONSE",0.00214833584680386,0.0205068421740369,0.431707695803346,-0.494415157811278,-1.74570112342798,40,"Ptprc/Samsn1/Il33/Ceacam1/H2-Q7/Il7r/Il4ra/Ndfip1/H2-Q2/Zc3h12a/Cr1l/Il1rl1/Klrc1/Ptpn6/Alox15/Pirb/Ahr"
"GOBP_POSITIVE_REGULATION_OF_CANONICAL_NF_KAPPAB_SIGNAL_TRANSDUCTION",0.00223178945782049,0.0212368715595731,0.431707695803346,-0.358493271632258,-1.59461186342904,139,"Tlr4/Dhx15/Il1b/Tlr8/Tnfrsf10b/Cd36/Wls/Tlr7/Mid2/Map3k3/Litaf/Clec4d/Traf6/Nek6/Rhoa/Ripk1/Il1r1/Clec4n/Nfat5/Ndfip1/Jmjd8/Nr2c2/Mier1/Ect2/Tnfsf15/Zdhhc13/Ndfip2/Cth/Myd88/Tnfsf14/Plcg2/Prkd1/Vegfa/Cd40lg/Tbk1/Huwe1/Irak3/Cul1/Zc3hav1/Alpk1/Ppm1a/Akap13/Ilk/Ube2n/Edar"
"GOBP_MUSCLE_STRUCTURE_DEVELOPMENT",0.00223906182305961,0.0212396986019206,0.431707695803346,0.25395318905153,1.36805457234238,398,"Lmod1/Tbx2/Uchl1/Nfatc4/Mustn1/Vamp5/Dmpk/Meis1/Id3/Myl9/Des/Myom1/Tnnt2/Pdlim4/Myl6/Tnpo2/Sgcg/Csrp2/Smtn/Nr2f2/Pdlim3/Vangl2/Hmg20b/Dyrk1b/Igsf8/Asb2/Brd7/Myh11/Cdk5/Obsl1/Synpo2l/Dcaf8/Hey1/Tnnt3/Uqcc2/Ttn/Hdac3/Actn2/Rbpms2/Scgb3a1/Hspb2/Csrp3/Fzd7/Fzd2/Flot1/Acta1/Tmod4/Gpx1/Myom2/Rpl3l/Eid2b/Tpm1/Myh14/Sgcb/Efemp2/Med28/Cav3/Plpp7/Pdlim2/Mmp14/Eid2/Coprs/Gpc1/Hopx/Frg1/Sypl2/Nr1d2/Hira/Asnsd1/Foxo4/Casq1/Mylpf/Setd3/Ppif/Actn3/Wnt4/Ank2/Tbx5/Mesp1/Tcf15/Cryab/Prickle1/Id2/Epas1/Neurl1a/Lemd2/Lbx2/Neb/Nkd1/Alpk3/Smyd1/Rxrb/Tbx18/Bves/Cdk9/Mybpc3/Fhod3/Lef1/Ryr1/Cntfr/Ppp3ca/Unc45b/Ctf1/Fgfrl1/Tcf7l2/Lgals1/Pax5/Cby1/Sox8/Smarcd3/Akap6/Sox11/Foxc1/Mylk3/Msx1/Tbx1/Barx2/Bcl9/Lmod2"
"GOBP_REGULATION_OF_CATALYTIC_ACTIVITY",0.00224707004961115,0.0212494667734967,0.431707695803346,-0.285210466429002,-1.41831897212573,359,"Dnaja1/Ptprc/Lrrk2/Prkch/Il1b/Ndel1/Jak2/Hspa1a/Tnfrsf10b/Ceacam1/Arrdc4/Gnai3/Tom1l1/Itgb1/Abce1/Lcp2/Cab39/Dusp1/Ccnt1/Traf6/Dock11/Gla/Fgr/Rapgef6/Rhoa/Nedd9/Rapgef2/Cdk12/Fgd3/Cand1/Lyn/Dock8/Chil1/Ralgapa1/Fgf2/Cacna1d/Socs4/Serpinb8/Pilrb2/Crk/Jmjd8/Taf7/Gch1/Ripor2/Adam17/Dtx3l/Ddr2/Rfk/Ptpn22/Smg8/Tpx2/Gpld1/Klrk1/Agrn/Nrg1/Glp1r/Ect2/Vav3/Ptpn1/Fbn1/Evi5/Rfc4/Tnfsf15/Rgs1/Epha2/Ccne2/Adora2b/Mia2/Bmp2/Zfp36/Vsir/Tbc1d2/Rdx/Cd300a/Cr1l/Ric1/Pik3cg/Fgd6/Abi1/Ccny/Irgm1/Ripk3/Sgk1/Bmi1/Irgm2/Ereg/Pdcd10/Dstyk/Pim1/Rbl2/Uri1/Uvrag/Arhgef5/Esr1/Sash1/Chp1/Ralb"
"GOBP_RESPONSE_TO_WOUNDING",0.00226776602885826,0.0213787850088959,0.431707695803346,-0.289026602324707,-1.43495710085916,350,"Tlr4/Thbs1/Ccr1/Anxa1/Flrt3/Tnfaip3/Jak2/Alox5/Il33/Jaml/Hspb1/Tmprss4/Myh9/Cd36/Ceacam1/Col3a1/Slc1a3/Itgb1/Stk24/Abhd2/Plek/Tnc/Slc11a1/Actg1/Rhoa/Jun/Jmjd1c/Cask/Zfp36l2/Lyn/Inhbb/Fgf2/Selp/Was/Nfkbiz/Casp3/Tec/Slc7a11/Crk/Ocln/Itga2/Phldb2/Sh2b3/Adam17/Ddr2/Rac1/Prrg4/Nrg1/Dgkq/Braf/Vav3/Mertk/Ptprf/Tgfbr1/Acvrl1/Tyrobp/Dst/Serping1/Casp7/Zfp36/Hps5/Fga/Plcg2/Pik3cg/Il1rl1/Pak1/Aqp1/Ppl/Vegfa/Itgb6/Pdia3/Mmp2/Cd40lg/Plat/Tnfrsf12a/Tmeff2/Myh10/Ereg/Pdcd10/Bloc1s6/Arf4/Macf1/Eng/Mtor/Pros1/Xbp1/Vwf"
"GOBP_PROTEIN_MODIFICATION_BY_SMALL_PROTEIN_CONJUGATION",0.00234304499435056,0.0220202839746835,0.431707695803346,-0.26768021669695,-1.36795539630124,482,"Dnaja1/Hsp90aa1/Lrrk2/Hspa1b/Socs3/Ddx3x/Ube2d3/Rnf125/Tnfaip3/Ctnnb1/Topors/Rnf139/Hspa1a/Rnf19a/Rnf6/Arrdc4/Neurl3/Rnf111/Hsp90ab1/Herc4/Wdr48/Rnf146/Kctd10/Fem1c/Mid2/Egr2/Vcpip1/Trip12/Rassf1/Hspa5/Med12/Traf6/Uba6/Crbn/Smurf2/Mdm2/Trim44/Gtpbp4/Kbtbd2/Dcun1d3/Cand1/Cdc27/Arel1/Rnf20/Socs4/Itch/Laptm5/Unkl/Ifih1/Ndfip1/Kbtbd8/Rffl/Ubqln1/Ddb1/Wsb1/Ltn1/Dtx3l/Fbxl5/Ptpn22/Nedd4/Cblb/Rnf123/Nt5c2/Uba3/Klhl9/Herc1/Senp2/Trim34a/Tgfbr1/Rag1/Ube2q2/Birc6/Smc6/Cops3/Sh3rf3/Ndfip2/Mdm4/Appbp2/Trim24/Rad18/Fanci/Kbtbd7/Plaa/Ankib1/Zfp451/Ttc3/Rnf43/Ubb/Senp1/Cdc23/Trim59/Aimp2/Eid3/Kctd21/Hltf/Rnf13/Cul2/Dcun1d1/Bag2/Kctd9/Bmi1/Kcmf1/Senp5/Herc6/Huwe1/Rnf144b/Fbxo38/Tnks2/Sox7/Pja1/Cul1/Dcaf1/Sash1/Chp1/Cdc16/Fbxw8/Cul5/Med1/Ube2n/Ube2f/Rnf10/Fancm/Tnks/Ube2v2/Mapk9/Uhrf1"
"GOBP_MYOFIBRIL_ASSEMBLY",0.00235212685574932,0.0220376193100206,0.431707695803346,0.462289988472501,1.76461028204058,45,"Lmod1/Myl9/Myom1/Tnnt2/Csrp2/Myh11/Obsl1/Synpo2l/Tnnt3/Ttn/Actn2/Csrp3/Acta1/Tmod4/Myom2/Tpm1/Cav3/Casq1/Neb/Mybpc3/Fhod3"
"GOBP_EPITHELIAL_CELL_DIFFERENTIATION",0.0023697621825003,0.0221347418580166,0.431707695803346,-0.28086098448136,-1.39944163750396,367,"Apold1/Prkch/Arntl/Bmp5/Ipo7/Icam1/Il1b/Anxa1/Ctnnb1/Dhrs9/Skil/Pof1b/Trim16/Prkx/Fndc3a/Ceacam1/Smad4/Rab1a/Smad2/Scel/Atrx/Clic4/Col4a1/Rapgef6/Rhoa/Rapgef2/Pafah1b1/Jun/Fgf2/Rock2/Plcb1/Cd24a/Nfkbiz/Casp3/Rap1b/S1pr1/Lipa/Krt83/Asah1/Luzp1/Itga2/Rab10/Ces1d/Rac1/Gmnc/Hydin/Rock1/Maff/Nrg1/Adam9/Clock/Fzd5/Klf7/Plk4/Epha2/Acvrl1/Arhgef26/Anxa4/Iqgap1/Bmp2/Myd88/Arid4b/Zfp36/Slc4a7/Btg1/Rdx/Creb1/Pphln1/Aimp2/Rap2a/Yipf6/Gdnf/Ppl/Vegfa/Rbpj/Amotl2/Myo9a/Jag1/Ereg/Tjp1/Fasn/Arid4a/Cdc42/Frs2/Xbp1/Stc1/Wt1/Esr1/Krt23/Vezf1/Kdm5b"
"GOBP_RESPONSE_TO_INTERLEUKIN_7",0.00238046489798007,0.0221667144169704,0.431707695803346,-0.669871481081821,-1.90404987435253,16,"Hspd1/Jak1/Rad23b/Il7r"
"GOBP_PROTEOLYSIS_INVOLVED_IN_PROTEIN_CATABOLIC_PROCESS",0.00245449627518363,0.0227864059693114,0.431707695803346,-0.270355582682669,-1.38239794556422,491,"Rybp/Lrrk2/Hspa1b/Arntl/Usp33/Yme1l1/Ube2d3/Rnf125/Wac/Tnfaip3/Ascc3/Ctnnb1/Topors/Rnf139/Hspa1a/Rnf19a/Il33/Rnf6/Usp25/Neurl3/Rnf111/Tom1l1/Xpo1/Hsp90ab1/Herc4/Rnf146/Pcbp2/Kctd10/Fem1c/Fmr1/Pkd1/Trip12/Hspa5/Lamp3/Uba6/Crbn/Rad23b/Smurf2/Zfand2a/Kcne2/Mdm2/Yod1/Kbtbd2/Wdr26/Cdc27/Arel1/Rnf20/Socs4/Psmd14/Itch/Laptm5/Pdcd6ip/Ndfip1/Kbtbd8/Rffl/Ubqln1/Ddb1/Canx/Ltn1/Dtx3l/Fbxl5/Ifi205/Tmtc3/Nedd4/Sh3bgrl/Ccdc47/Vps37b/Rnf123/Clock/Stam/Rhbdd1/Tmem168/Cops3/Sh3rf3/Ndfip2/Ubxn6/Appbp2/Rspry1/Kat5/Kbtbd7/Edem3/Klhl28/Tlk2/Plaa/Ankib1/Ctss/Ttc3/Pbk/Rnf150/Rnf43/Tmem67/Ubb/Senp1/Stam2/Nemf/Cdc23/Psmd12/Usp14/Ctso/Kctd21/Rnf13/Cul2/Edem1/Klhl11/Psmb7/Bag2/Klhl6/Svip/Kcmf1/Herc6/Hipk2/Man1a/Huwe1/Lonp2/Rnf144b/Mtor/Psmd1/Fbxo38/Xbp1/Faf2/Pmaip1/Psmc6/Cul1/Dcaf1/Ipp"
"GOBP_G_PROTEIN_COUPLED_RECEPTOR_SIGNALING_PATHWAY",0.00251884609707402,0.0233127245154723,0.431707695803346,-0.286589322160359,-1.43162950045463,376,"Ccr1/Lrrk2/Fpr1/Pde4b/Cxcr2/App/Usp33/Hc/Anxa1/Adgre1/Sele/Jak2/Adcy4/Gnai3/Areg/Adcy3/Plek/Adgrf5/Plpp1/Rapgef2/Adcy7/Lyn/Gpr141/Cacna1d/Rock2/Fpr2/Plcb1/C3/Ccr6/S1pr1/Ccr3/P2ry10/Cnr2/Gprasp1/Sh2b3/Prkd3/Rac1/Aplnr/Sorl1/Rap1gds1/Cysltr1/Rock1/Adcy9/Agrn/Dgkq/Glp1r/Wasf2/Fzd5/Gnai1/Gpr174/C5ar1/Rgs1/Calm1/P2ry2/Ptafr/Adora2b/Hrh2/Gpr35/Grp/Cckar/Slc24a4/Slit2/Pik3cg/Prkd1/Grk6/Zdhhc3/Vegfa/Homer1/Rac2/Lmbrd2/Ano1/Ereg/Robo1/Cdc42/Frs2/Car2/Gna14/Gnb1/Gna15/Esr1/Ptpn6/Cav2/Akap13/Gnat1/Htr7/Pik3r5/Chrm3/Ltb4r1/Ccl3/Gpr88/Prex1/Dgkz/Padi2/Dgke/Fcnb/Fzd4/Ccl4/Ackr3/Plce1/Cxcr1/Vipr1/Gtf2h2/Npr1/Gpr4/Arhgef12/Nmt2/Prokr1/Bdkrb2/Rgs2/Ccrl2/Rpgrip1l/Apln/Ccr9"
"GOBP_CHROMATIN_ORGANIZATION",0.00257868116156317,0.0237941943544238,0.431707695803346,-0.272824237743911,-1.38122633784336,431,"Rybp/App/Tut7/Lbr/Wac/Sf3b1/Dhx9/Jak2/Dek/Top1/Usp16/Nfe2/Bub1/Pcbp2/Mki67/Fmr1/Tada2b/Trip12/Rcor1/Atrx/Tpr/Kdm2b/Lin54/Top2a/Irf4/Jmjd1c/Fgf2/Nipbl/Smarca5/Rnf20/Pwp1/Nfkbiz/Kansl1/Nfat5/Cbx3/Taf7/Kmt2e/Chd2/Ddb1/Morf4l2/Riox2/Atr/Dtx3l/Mettl4/Ifi205/Atad2b/Rif1/Morc4/Prdm2/Ddx23/H3f3a/Mier1/Clock/Topbp1/Mysm1/Slfn9/Dyrk1a/Rag1/Smc6/Mbd1/Tdg/Apobec1/Smchd1/Yy1/Sycp1/Kat5/Chaf1a/Myd88/Arid4b/Spin4/Tlk2/Pkn1/Epc2/Kmt5b/Kdm3a/Smarcad1/Gatad2a/Usp15/Iws1/Pphln1/Kdm6a/Kdm5c/Naa60/Pak1/Eid3/Hltf/Loxl2/Ncapg2/Tex15/Ino80c/Gatad2b/Prkaa1/Bmi1/Hipk2/Hells/Kdm1b/Arid4a/Kmt5a/Huwe1/Rbl2/Baz1a/Rbbp7/Wt1/Esr1/Dcaf1/Zfp445/Kdm5b/Eya2/Bicral/Atf2/Mecom/Rrp8/Mybbp1a/Mettl3/Uhrf1/Dnajc2/Gtf3c4/L3mbtl3/Padi2/Spi1/Mllt3/Noc2l/Ythdc1/Hnrnpc/Rnf2/Rb1/Phf20/Spin1/Znfx1/Dot1l/Srpk2"
"GOBP_REGULATION_OF_LEUKOCYTE_DIFFERENTIATION",0.00260680173486293,0.0239810008539505,0.431707695803346,-0.323345156304099,-1.50531790744876,193,"Tlr4/Ptprc/Ccr1/Anxa1/Ctnnb1/Nfam1/Fos/Ceacam1/Cd83/H2-Q7/Tgfbr2/Traf6/Rhoa/Nedd9/Irf4/Adam8/Ripk1/Zfp36l2/Lyn/Il7r/Nfkbiz/Il4ra/Ndfip1/Tnfaip6/Braf/Fstl3/Fbn1/Rag1/Kitl/Tyrobp/Kat5/Zc3h12a/Vsir/Cr1l/Creb1/Nrarp/Runx1/Fam102a/Cyld/Mtor/Clec12a/Xbp1/Sash3/Tmem64/Ptpn6/Tcf7/Pirb/Mettl3/Ccl3/Sh3rf1/Il18/Spi1/Fgl2/Nfkbid/Rb1/Ikzf3/Shb/Zbtb1/Ifng/Il12b/Tlr3/Rptor/Ubash3b/Taok3/Dusp10/Zfp36l1/Tal1/Tespa1"
"GOBP_MODIFICATION_DEPENDENT_MACROMOLECULE_CATABOLIC_PROCESS",0.00267567948176313,0.0245404940420745,0.335068558717014,-0.274611188937728,-1.38167729245328,405,"Rybp/Lrrk2/Hspa1b/Arntl/Usp33/Tut7/Ube2d3/Rnf125/Wac/Tnfaip3/Ascc3/Ctnnb1/Topors/Rnf139/Hspa1a/Rnf19a/Il33/Rnf6/Rnf111/Tom1l1/Xpo1/Hsp90ab1/Herc4/Rnf146/Pcbp2/Kctd10/Fem1c/Trip12/Uba6/Crbn/Rad23b/Smurf2/Zfand2a/Mdm2/Kbtbd2/Wdr26/Cdc27/Arel1/Rnf20/Socs4/Psmd14/Itch/Laptm5/Ndfip1/Kbtbd8/Rffl/Ubqln1/Ddb1/Ltn1/Dtx3l/Fbxl5/Ifi205/Nedd4/Sh3bgrl/Vps37b/Rnf123/Clock/Stam/Tmem168/Cops3/Sh3rf3/Ndfip2/Appbp2/Kat5/Kbtbd7/Klhl28/Tlk2/Plaa/Ankib1/Ttc3/Pbk/Rnf150/Rnf43/Ubb/Senp1/Stam2/Nemf/Cdc23/Psmd12/Usp14/Kctd21/Rnf13/Cul2/Edem1/Klhl11/Psmb7/Bag2/Klhl6/Kcmf1/Herc6/Hipk2/Huwe1/Rnf144b/Mtor/Psmd1/Fbxo38/Xbp1/Faf2/Psmc6/Cul1/Dcaf1/Ipp"
"GOBP_POSITIVE_REGULATION_OF_CELL_DEVELOPMENT",0.00268897520167314,0.0245883768441283,0.34452128726268,-0.299110352717698,-1.44065086636519,258,"Ptprc/Ccr1/Prkch/Il1b/Anxa1/Xrcc2/Ctnnb1/Skil/Fos/Mme/Itgb1/Cd83/Egr2/Fmr1/Numb/H2-Q7/Tgfbr2/Traf6/Fxr1/Rhoa/Nedd9/Pafah1b1/Adam8/Ripk1/Lyn/Fgf2/Robo2/Il7r/Nfkbiz/Il4ra/Lrp2/Caprin1/Nin/Vegfc/Braf/Shank3/Prkci/Rag1/Kitl/Nrd1/Tyrobp/Kat5/Slc7a5/Bmp2/Vsir/Cdkl5/Cr1l/Creb1/Slit2/Pak1/Zfp365/Vegfa/Runx1/Tnfrsf12a/Fam102a/Macf1/Robo1/Cyld/Mtor/Xbp1/Dicer1/Sash3/Tmem64/Srf/Tnfrsf1b/Fbxw8/Man2a1/Pirb/Il18/Spi1/Fzd4/Nfkbid/Rb1/Shb/Zbtb1/Ifng/Lig4/Il6st/Il12b/Cdh5/Rptor/Xrcc5/Dusp10/Map2k1/Shtn1/Zfp36l1/Limk1/Tespa1/Fn1/Aspm/Dag1/Il1rl2/Sema4d/Spen/Tiam1/Bhlhb9/Cx3cl1"
"GOBP_POSITIVE_REGULATION_OF_PROTEIN_CATABOLIC_PROCESS",0.00273180138197011,0.0249051952338293,0.354819512103747,-0.355704815363178,-1.58072669028488,138,"Hsp90aa1/Lrrk2/Hspa1b/App/Il1b/Tnfaip3/Tiparp/Hspa1a/Il33/Sh3d19/Neurl3/Fmr1/Zfand2a/Kcne2/Mdm2/Adam8/Vgll4/Socs4/Gpc3/Itch/Ndfip1/Lrp2/Ubqln1/Ddb1/Fbxl5/Sorl1/Tmtc3/Nedd4/Cblb/Gpld1/Adam9/Rhbdd1/Sh3rf3/Nrd1"
"GOBP_REGULATION_OF_PHOSPHORYLATION",0.00274266785268541,0.0249296227206778,0.431707695803346,-0.299847305768668,-1.45057216204861,268,"Dnaja1/Ptprc/Thbs1/Itgb2/Samsn1/Prkch/Jak2/Tnfrsf10b/Hspb1/Ceacam1/Tom1l1/Lcp2/Cab39/Areg/Dusp1/Ccnt1/Acvr2a/Traf6/Fgr/Rhoa/Nedd9/Rapgef2/Cdk12/Ripk1/Lyn/Chil1/Fgf2/Rock2/Socs4/C3/Pilrb2/Taf7/Adam17/Ddr2/Rac1/Ptpn22/Smg8/Tpx2/Nrg1/Braf/Ect2/Ptpn1/Fbn1/Tnfsf15/Mob1b/Ccne2/Bmp2/Zc3h12a/Cd300a/Slit2/Pik3cg/Rap2a/Vegfa/Abi1/Ptpn13/Ccny/Irgm1/Ripk3/Irgm2/Ereg/Pdcd10/Dstyk/Pim1/Rbl2/Eng/Uvrag/Xbp1/Arhgef5/Sash1/Chp1/Ralb"
"GOBP_INTERLEUKIN_12_PRODUCTION",0.00276068606095084,0.0249512687477948,0.431707695803346,-0.495239700827656,-1.76680554083543,42,"Tlr4/Thbs1/Hspd1/Tlr8/Cd36/H2-Q7/Traf6/Plcb1/Laptm5"
"GOBP_NEGATIVE_REGULATION_OF_CELL_CELL_ADHESION",0.00276377824743944,0.0249512687477948,0.354819512103747,-0.375392139748303,-1.63005127951146,118,"Dusp3/Anxa1/Jak2/Arg2/Ceacam1/H2-Q7/Gtpbp4/Swap70/Casp3/Il4ra/Itch/Laptm5/Ndfip1/Tarm1/Sh2b3/Ripor2/Ptpn22/Cblb/Bmp2/Zc3h12a/Vsir/Rdx/Cd300a/Cr1l/Nrarp/Pag1/Ythdf2/Vegfa/Ildr2/Runx1/Jag1/Gpnmb/Ptpn6/Dlg1/Pirb/Mettl3/Fxyd5/Spi1/Fgl2"
"GOBP_REGULATION_OF_LYMPHOCYTE_MEDIATED_IMMUNITY",0.00276963180188987,0.0249512687477948,0.354819512103747,-0.375561679786029,-1.62204122693968,113,"Ptprc/Hspd1/Il1b/Pvr/Ceacam1/H2-Q7/Il18r1/Traf6/Il18rap/Il1r1/Ulbp1/Il7r/C3/Was/Cd55/Crk/Ndfip1/Rif1/Klrk1/Fzd5/H2-Q2/Kmt5b/Cr1l/B2m/Ripk3/Prkaa1/Stx7/Fbxo38/Klrc1/Sash3/Ptpn6/Tnfrsf1b/Cd96/Pirb/Ahr/Fcgr1/Klrc2/Il18"
"GOBP_LIPID_BIOSYNTHETIC_PROCESS",0.00283326250177079,0.0254492162769677,0.326351610990907,-0.275942991372668,-1.38509530866928,395,"Sacm1l/Ptgs2/Pik3c2a/Idi1/Bmp5/Il1b/Hsd17b12/Lbr/Dhrs9/Gpam/Alox5/Pcyt1a/Hexb/Ceacam1/Acly/B4galnt1/Itpkc/Abhd2/Asah2/Far1/Adgrf5/Abhd5/Dhcr24/Sik1/Acbd3/Hacd4/Ddx20/Agps/Insig1/C3/Pigh/Ppt1/Pnpla8/St8sia6/Lipa/Hmgcr/Asah1/B3gnt5/B4galt3/Acsl4/Pigb/Ces1d/Serinc1/Prkd3/Ttc7b/Abcd2/Gpld1/Dgkq/Pi4k2b/Pigm/Fig4/Elovl7/Gnai1/St3gal6/Kpnb1/Acer3/Becn1/Acsl5/Kat5/Bmp2/Plaa/Mboat7/Abca2/Cyp8b1/Cftr/Sorbs1/Creb1/Plcg2/Pik3cg/Efr3a/Prkd1/Mtmr4/Ttc7/St3gal2/Pgap1/A3galt2/Sgms1/B4galt5/Acaca/Mboat1/Prkaa1/St8sia4/Scd1/Apob/Serinc5/Abcd3/Fasn/Chpt1/Mtor/Mtmr6/Uvrag/Xbp1"
"GOBP_CELL_MATRIX_ADHESION",0.00290002249398382,0.0259722602770022,0.431707695803346,-0.345841199805995,-1.55180811928526,148,"Thbs1/Itgb2/Dusp3/Ctnnb1/Bst1/Cd36/Col3a1/Itgb1/Adamts9/Ston1/Pkd1/Actg1/Mink1/Rhoa/Cask/Itgal/Rock2/Postn/Npnt/Itga2/Phldb2/Rac1/Sned1/Rock1/Vcam1/Adam9/Rasa1/Utrn/Itgam/Acvrl1/Siglec1/Parvg/Sorbs1/Fga/Vegfa/Itgb6/Map4k4/Jag1/Macf1/Itga8/Srf/Itgad/Fgg/Cd96/Ilk/Mkln1"
"GOBP_BIOLOGICAL_PROCESS_INVOLVED_IN_SYMBIOTIC_INTERACTION",0.00293016441478105,0.0261142509197877,0.34452128726268,-0.361340249220858,-1.58251764341659,125,"Hspd1/Trem1/Hspa1b/Icam1/Hspa1a/Pvr/Tmprss4/Myh9/Itgb1/Hsp90ab1/Jpt2/Fmr1/Lamp3/Cxadr/Ace2/Inhbb/Mrc1/Cd55/Itch/Slc7a1/Tpcn2/Itga2/Ddb1/Vps37b/Gypa/Kpna2/Ppid/Epha2/Siglec1/Myd88"
"GOBP_BIOLOGICAL_PROCESS_INVOLVED_IN_INTERACTION_WITH_HOST",0.00293302916734561,0.0261142509197877,0.34452128726268,-0.378000471945544,-1.62560229724285,109,"Hspd1/Hspa1b/Icam1/Hspa1a/Pvr/Tmprss4/Myh9/Itgb1/Hsp90ab1/Jpt2/Lamp3/Cxadr/Ace2/Inhbb/Mrc1/Cd55/Itch/Slc7a1/Tpcn2/Itga2/Ddb1/Vps37b/Gypa/Ppid/Epha2/Siglec1"
"GOBP_REGULATION_OF_TUMOR_NECROSIS_FACTOR_MEDIATED_SIGNALING_PATHWAY",0.00294968787234597,0.0261860045810305,0.431707695803346,-0.513278333652898,-1.77206765963517,36,"Hspa1b/Tnfaip3/Hspa1a/Naip2/Tax1bp1/Ripk1/Laptm5/Rffl/Adam17/Nrd1/Anxa4/Sppl2a"
"GOBP_CELLULAR_RESPONSE_TO_EXTERNAL_STIMULUS",0.00297150847753889,0.0263030328898428,0.354819512103747,-0.468042333983284,-1.73011231304533,49,"Tlr4/Bag3/Il1b/Piezo1/Tlr8/Tnfrsf10b/Tlr7/Kcnj2/Slc38a2/Col1a1/Fgf2/Tlr5/Piezo2/Itga2/Map3k2"
"GOBP_REGULATION_OF_REACTIVE_OXYGEN_SPECIES_METABOLIC_PROCESS",0.00301305657850686,0.0265191407923778,0.34452128726268,-0.398341538768518,-1.66007501991923,92,"Tlr4/Thbs1/Itgb2/Lrrk2/App/Slc5a3/Alox5/Arg2/Bst1/Pon3/Cd36/Tgfbr2/Ace2/Rhoa/Ripk1/Cd177/Fpr2/Gch1/Rac1/Abcd2/Itgam/Tyrobp/Pdk3/Zc3h12a/Plcg2/Shc1/Rac2/Ripk3/Arf4"
"GOBP_POSITIVE_REGULATION_OF_T_CELL_MEDIATED_IMMUNITY",0.00301685891748004,0.0265191407923778,0.354819512103747,-0.487840316350213,-1.74040767032612,42,"Ptprc/Hspd1/Il1b/Pvr/H2-Q7/Il18r1/Traf6/Il1r1/Ulbp1/Cd55/Fzd5/H2-Q2/B2m/Prkaa1/Stx7/Fbxo38/Sash3"
"GOBP_REGULATION_OF_ALPHA_BETA_T_CELL_DIFFERENTIATION",0.00302204987026439,0.0265191407923778,0.431707695803346,-0.493683018914921,-1.7612519589555,42,"Anxa1/Cd83/Tgfbr2/Rhoa/Irf4/Nfkbiz/Il4ra/Zc3h12a/Runx1/Sash3/Sh3rf1/Il18/Nfkbid/Shb/Ifng/Il12b"
"GOBP_METALLO_SULFUR_CLUSTER_ASSEMBLY",0.00303658528025577,0.0265195391086996,0.431707695803346,0.65968576310295,1.89407924915669,15,"Bola2/Bola1/Fxn/Ndufab1/Nfs1/Isca1/Isca2/Hscb"
"GOBP_ERK1_AND_ERK2_CASCADE",0.00303951367781155,0.0265195391086996,0.335068558717014,-0.339224256531351,-1.52964619401942,155,"Tlr4/Ptprc/Ccr1/Dusp3/App/Icam1/Il1b/Eif3a/Cd36/Ceacam1/Smad4/Dusp1/Ace2/Rapgef2/Jun/Spry4/Zfp36l2/Lyn/Chil1/Dusp4/Fgf2/Fpr2/Rap1b/Hmgcr/Npnt/Ddr2/Ptpn22/Nrg1/Braf/Ptpn1/C5ar1/Epha2/Mfhas1/Bmp2/Fga/Vegfa/Shc1/Dstyk/Gpnmb/Frs2/Xbp1/Arhgef5/Garem1/Ptpn6/Arhgap8/Fgg/Dlg1/Alox15/Ywhaz/Iqgap3/Nox4/Ccl3"
"GOBP_PROTEIN_PROCESSING",0.00305466237942122,0.0265675201119075,0.335068558717014,-0.361579126747977,-1.59606830858649,131,"Thbs1/Lrrk2/Yme1l1/Rnf139/Rps6ka2/Tmprss4/Myh9/Mme/Fam111a/Enpep/Dhcr24/Ace2/Mdm2/Cln5/Adam8/Casp3/Glg1/Adam17/Atg4c/Cpm/Adam9/Xpnpep3/Rhbdd1/Casp7/Vsir/Ctss/Adamts2/Phex/Il1r2/Fga/Pcsk7/Aebp1/Chac1/Bag2/Pmpca/Plat/Runx1/Yipf5/Lonp2/Casp2/Fgg/Dync2h1/Adamts3/Psen1"
"GOBP_REGULATION_OF_CD4_POSITIVE_ALPHA_BETA_T_CELL_DIFFERENTIATION",0.00307525325615051,0.0265675201119075,0.354819512103747,-0.51706487592254,-1.75126007614097,33,"Anxa1/Cd83/Irf4/Nfkbiz/Il4ra/Zc3h12a/Runx1/Sash3/Sh3rf1/Il18/Nfkbid/Shb/Ifng/Il12b"
"GOBP_CELLULAR_RESPONSE_TO_ABIOTIC_STIMULUS",0.00308308925543394,0.0265675201119075,0.326351610990907,-0.31472894883856,-1.47362042154036,203,"Tlr4/Ptgs2/Bag3/Il1b/Ddx3x/Piezo1/Tlr8/Tnfrsf10b/Polk/Spidr/Mme/Tlr7/Lrrc8d/Eif2s1/Cab39/Kcnj2/Mdm2/Slc38a2/Col1a1/Fgf2/Tlr5/Nipbl/Casp3/Piezo2/Nfat5/Itga2/Ddb1/Atr/Ifi205/Rp1/Nedd4/Map3k2/Gpld1/Clock/Ect2/Rhbdd1/Scn7a/Ppid/Polh/Adss/Yy1/Myd88/Tlk2/Crb1/Tnfsf14/Pbk/Usp15/Slc24a4"
"GOBP_REGULATION_OF_TRANSFERASE_ACTIVITY",0.00309166795486165,0.0265675201119075,0.326351610990907,-0.314962226988339,-1.46967621246783,198,"Dnaja1/Ptprc/Prkch/Jak2/Tnfrsf10b/Ceacam1/Arrdc4/Tom1l1/Lcp2/Cab39/Dusp1/Ccnt1/Traf6/Fgr/Rhoa/Nedd9/Rapgef2/Cdk12/Lyn/Chil1/Fgf2/Socs4/Pilrb2/Jmjd8/Taf7/Adam17/Dtx3l/Ddr2/Ptpn22/Smg8/Tpx2/Nrg1/Ect2/Ptpn1/Fbn1/Rfc4/Tnfsf15/Ccne2/Zfp36/Cd300a/Pik3cg/Abi1/Ccny/Irgm1/Ripk3/Bmi1/Irgm2/Ereg/Pdcd10/Dstyk/Pim1/Rbl2/Uvrag/Arhgef5/Sash1/Chp1/Ralb"
"GOBP_MULTI_MULTICELLULAR_ORGANISM_PROCESS",0.00309496660693924,0.0265675201119075,0.335068558717014,-0.37746570186046,-1.63659504449066,117,"Ptgs2/Ythdf3/Il1b/Fos/Hexb/Fosb/Ceacam1/Smad2/Vmp1/Acvr2a/Ace2/Smurf2/Arhgdib/Dedd/Clic5/Slc38a2/Adcy7/Cited2/Acsl4/Itga2/Uprt/Maff/H3f3a/Sp3/Tgfbr1"
"GOBP_MONOCYTE_CHEMOTAXIS",0.00309823218516494,0.0265675201119075,0.354819512103747,-0.570582508821564,-1.83162074957321,26,"Ccr1/App/Anxa1/Dusp1/Lyn/Fpr2/Mospd2"
"GOBP_REGULATION_OF_MONOCYTE_CHEMOTAXIS",0.00310608773722136,0.0265675201119075,0.431707695803346,-0.66469296273531,-1.85381129616924,15,"Ccr1/App/Dusp1/Lyn/Fpr2/Mospd2"
"GOBP_INNATE_IMMUNE_RESPONSE_ACTIVATING_CELL_SURFACE_RECEPTOR_SIGNALING_PATHWAY",0.00312934631432545,0.0266914832692465,0.34452128726268,-0.446640071720393,-1.71754010978632,59,"Tlr4/Tnfaip3/Cd14/Pik3ap1/Tax1bp1/Traf6/Lyn/Tlr5/Clec4n/Pira2/Ptpn22/Tnip3/Klrk1/Mfhas1/Tyrobp/Myd88/Plcg2/Pak1/Tbk1/Klrc1/Traf3/Rab11fip2/Klrc2/Fcnb/Irak1"
"GOBP_SEMINIFEROUS_TUBULE_DEVELOPMENT",0.00316927665920954,0.0269565570594778,0.354819512103747,-0.660632312035926,-1.84248624752522,15,"Smad4/Wdr48/Atrx/Inhbb/Kif18a/Gmnc/Ubb"
"GOBP_WOUND_HEALING",0.0032777115613826,0.0276705403403764,0.310776919977249,-0.294677736701833,-1.4217550450002,262,"Tlr4/Thbs1/Anxa1/Tnfaip3/Jak2/Alox5/Jaml/Hspb1/Myh9/Cd36/Ceacam1/Col3a1/Itgb1/Plek/Slc11a1/Actg1/Rhoa/Jmjd1c/Cask/Lyn/Fgf2/Selp/Was/Tec/Slc7a11/Crk/Ocln/Itga2/Phldb2/Sh2b3/Adam17/Ddr2/Prrg4/Nrg1/Dgkq/Vav3/Mertk/Tgfbr1/Acvrl1/Dst/Serping1/Casp7/Hps5/Fga/Plcg2/Pik3cg/Pak1/Aqp1/Ppl/Vegfa/Itgb6/Pdia3/Cd40lg/Plat/Tnfrsf12a/Tmeff2/Myh10/Ereg/Pdcd10/Bloc1s6/Macf1/Eng/Mtor/Pros1/Xbp1/Vwf/Ptpn6/Srf/Fgg/Slc4a1/Alox15/Ilk/Tubb1/Adipor2/Dgkz/Ptprj/B4galt1/Dgke/Fgfr1op2/Gpr4/Thbd/Il6st/Plec/Cldn1/Ubash3b/Gnas/Lman1/Eppk1/Kdr/Slc12a2/Ahnak/Arhgef19/Fn1/Dag1/Hgfac/Ppara/Gnaq/Cldn4/Cdkn1a/Adgrg1/Cx3cl1"
"GOBP_REGULATION_OF_CELL_MIGRATION_INVOLVED_IN_SPROUTING_ANGIOGENESIS",0.0032798833819242,0.0276705403403764,0.34452128726268,-0.555212535440736,-1.79785722285089,27,"Thbs1/Ptgs2/Pik3c2a/Anxa1/Rhoa/Akt3/Fgf2"
"GOBP_REGULATION_OF_NEUTROPHIL_MIGRATION",0.00328048113723346,0.0276705403403764,0.34452128726268,-0.568466049181591,-1.8248267253396,26,"Bst1/Adam8/Il1r1/Mospd2/Tnfaip6/Ripor2/Rtn4/Rac1/C5ar1/Myd88/Slit2/Rac2/Mpp1/Fut4"
"GOBP_POSITIVE_REGULATION_OF_PROTEIN_MODIFICATION_PROCESS",0.00333282835933949,0.0279826057549514,0.310776919977249,-0.303160988288402,-1.43943258532915,230,"Ptprc/Lrrk2/Arntl/Ddx3x/Jak2/Tnfrsf10b/Arrdc4/Rnf111/Tom1l1/Lcp2/Cab39/Acvr2a/Rassf1/Hspa5/Traf6/Rhoa/Nedd9/Rapgef2/Ripk1/Dcun1d3/Chil1/Fgf2/Rock2/C3/Laptm5/Pilrb2/Ndfip1/Ubqln1/Adam17/Ddr2/Rac1/Ptpn22/Tpx2/Cblb/Nrg1/Braf/Senp2/Ect2/Ptpn1/Fbn1/Tnfsf15/Ndfip2/Fanci/Kat5/Bmp2/Zc3h12a/Ubb/Pik3cg/Aimp2/Rap2a/Vegfa/Abi1/Ccny/Dcun1d1/Irgm1/Ripk3/Bmi1/Irgm2/Svip/Ereg/Pdcd10/Pim1/Huwe1/Xbp1/Arhgef5/Sash1/Chp1/Ralb/Ube2n/Pik3r5/Fancm/Ube2v2/Mapk9"
"GOBP_NEGATIVE_REGULATION_OF_TUMOR_NECROSIS_FACTOR_SUPERFAMILY_CYTOKINE_PRODUCTION",0.00334218130867183,0.0279826057549514,0.431707695803346,-0.51077628679921,-1.7728790062868,37,"Tlr4/Thbs1/Tnfaip3/Arg2/Fxr1/Pira2/Ptpn22/Zc3h12a/Vsir/Clec4a3/Gpnmb/Dicer1/Irak3/Ptpn6/Pirb/Chrna7"
"GOBP_REGULATION_OF_CELLULAR_EXTRAVASATION",0.0033500837520938,0.0279826057549514,0.34452128726268,-0.604811564123326,-1.83731974335738,21,"Icam1/Sele/Bst1/Adam8/Il1r1/Selp/Plcb1/Gcnt1/Ripor2"
"GOBP_HEMOSTASIS",0.00335677749360614,0.0279826057549514,0.318279675040437,-0.348356707631349,-1.5529402840166,141,"Tlr4/Thbs1/Jak2/Hspb1/Myh9/Cd36/Ceacam1/Col3a1/Nfe2/Plek/Actg1/Jmjd1c/Lyn/Selp/Was/Tec/Slc7a11/Itga2/Sh2b3/Prrg4/Dgkq/Vav3/Mertk/Fli1/Serping1/Hps5/Fga/Plcg2/Pik3cg/Pdia3/Cd40lg/Plat/Bloc1s6/Pros1/Vwf/Ptpn6/Srf/Fgg/Slc4a1/Ilk/Tubb1/Dgkz/Ptprj/Dgke"
"GOBP_POSITIVE_REGULATION_OF_LEUKOCYTE_MIGRATION",0.00337666722944454,0.0279826057549514,0.326351610990907,-0.40239804524111,-1.66575298223026,89,"Thbs1/Ccr1/App/Icam1/Sele/Rhoa/Nedd9/Adam8/Il1r1/Dock8/Swap70/Selp/Fpr2/Mospd2/Ccr6/Itga2/Ripor2/Adam17/Rtn4/Rac1/Vegfc/Akirin1/C5ar1/Kitl"
"GOBP_REGULATION_OF_MONONUCLEAR_CELL_MIGRATION",0.00337666722944454,0.0279826057549514,0.326351610990907,-0.398559089900076,-1.64986137593744,89,"Thbs1/Ccr1/Bmp5/App/Hc/Dusp1/Mmp28/Rhoa/Nedd9/Adam8/Lyn/Dock8/Fpr2/Plcb1/Mospd2/Ccr6/Crk/Ripor2/Adam17/Rtn4/Klrk1/Akirin1/C5ar1/Tnfsf14/Slit2/Wasl"
"GOBP_PHOSPHOLIPASE_C_ACTIVATING_G_PROTEIN_COUPLED_RECEPTOR_SIGNALING_PATHWAY",0.00338180588434224,0.0279826057549514,0.326351610990907,-0.417728696362838,-1.6878596856485,76,"Fpr1/Cxcr2/Sele/Plek/Plpp1/Fpr2/Plcb1/S1pr1/Prkd3/Dgkq/C5ar1/P2ry2/Ptafr/Grp/Cckar/Pik3cg/Prkd1/Vegfa/Homer1/Ano1/Gna14/Gnb1/Gna15/Esr1/Chrm3/Ltb4r1/Dgkz/Dgke/Plce1/Gpr4/Rgs2/Bicd1/Abl2/Gnaq/Cmklr1/Adgrg1/Pard3/Htr2b/Adra1a"
"GOBP_POSITIVE_REGULATION_OF_INFLAMMATORY_RESPONSE",0.00339328130302002,0.0280014676631327,0.326351610990907,-0.402234453094034,-1.65802310736462,87,"Tlr4/Ptgs2/Lrrk2/App/Il1b/Dhx9/Gbp2/Il33/Naip2/Tlr7/S100a8/Adam8/Ripk1/Map3k8/C3/Nfkbiz/Casp3"
"GOBP_REGULATION_OF_CELLULAR_RESPONSE_TO_GROWTH_FACTOR_STIMULUS",0.00341561869274957,0.0281096187011418,0.310776919977249,-0.314011158130534,-1.45900133643642,191,"Thbs1/Il1b/Ube2d3/Ctnnb1/Skil/Hspa1a/Rnf111/Itgb1/Smad4/Hsp90ab1/Smad2/Peg10/Hspa5/Smurf2/Cask/Spry4/Cited2/Fgf2/Gpc3/Glg1/Lrp2/Npnt/Tnfaip6/Adam17/Sorl1/Nedd4/Cyfip2/Ldlrad4/Sap130/Vegfc/Ptpn1/Fstl3/Fbn1/Acvrl1/Ngly1/Bmp2/Arid4b/Zfp451/Usp15/Slit2/Strap/Mtmr4/Vegfa/Rbpj/Spg20/Hipk2/Dstyk/Arid4a/Robo1/Itga8/Eng/Xbp1/Grem2/Rbbp7/Cav2/Adamts3/Ppm1a/Mecom/Ilk/Runx2/Ltbp4"
"GOBP_REGULATION_OF_SPINDLE_ORGANIZATION",0.0034608378870674,0.0284049902051758,0.335068558717014,-0.541807850034852,-1.78119725020103,29,"Hspa1b/Cltc/Hspa1a/Pkd1/Tpr/Pdcd6ip/Ripor2/Tpx2/Gnai1"
"GOBP_ACUTE_PHASE_RESPONSE",0.00353619951609901,0.0288406348917695,0.335068558717014,-0.598259583483458,-1.81741588552494,21,"Ptgs2/Il1b/Serpina3n"
"GOBP_ENDOTHELIAL_CELL_DIFFERENTIATION",0.00354012137559002,0.0288406348917695,0.318279675040437,-0.415865492761507,-1.68565901822506,77,"Apold1/Icam1/Il1b/Ctnnb1/Ceacam1/Smad4/Rab1a/Clic4/Rapgef6/Rapgef2/Rock2/Plcb1/Rap1b/S1pr1/Lipa/Rock1/Nrg1/Acvrl1/Arhgef26/Myd88/Btg1/Rdx/Vegfa/Rbpj/Amotl2/Jag1/Tjp1/Fasn/Stc1/Vezf1"
"GOBP_POSITIVE_REGULATION_OF_VIRAL_PROCESS",0.00354233085370174,0.0288406348917695,0.326351610990907,-0.476983221710615,-1.71804337413731,44,"Ddx3x/Dhx9/Tmprss4/Pde12/Pkn2/Fmr1/Top2a/Ddb1/Vps37b/Kpna2/Ppid"
"GOBP_MRNA_TRANSPORT",0.00356718192627824,0.0289655172413793,0.318279675040437,-0.419693078958183,-1.68264876859841,73,"Dhx9/Zc3h11a/Xpo1/Pom121/Fmr1/Peg10/Tpr/Fxr1/Ahctf1/Nup205/Eif4e/Nup54/Rbm33/Senp2/Agfg1/Zfp36/Iws1/Arc/Ncbp1/Igf2bp2/Bicd2/Thoc2/Tnks/Ranbp17/Ythdc1/Hnrnpa2b1/Thoc1/Zfp36l1/Rbm15b/Khsrp/Igf2bp3/Nup107"
"GOBP_INTEGRATED_STRESS_RESPONSE_SIGNALING",0.00363240101707228,0.0294166518536838,0.326351610990907,-0.519567745500835,-1.74719922742192,32,"Tmem33/Fos/Nfe2/Eif2s1/Hspa5/Jun/Akt3/Cebpg/Qrich1/Ptpn1"
"GOBP_REGULATION_OF_CYTOKINESIS",0.00366108786610879,0.0295703250724171,0.318279675040437,-0.457856010346475,-1.72292139555867,53,"Prpf40a/Pkn2/Ahctf1/Rhoa/Prc1/Kif3b/Arf6/Klhl9/Ect2/Myo19/Birc6/Becn1/Calm1/Kif23/Ccdc66/Cdc42/Uvrag/Kif20b"
"GOBP_POSITIVE_REGULATION_OF_INFLAMMASOME_MEDIATED_SIGNALING_PATHWAY",0.00371057513914657,0.0298907441764585,0.326351610990907,-0.611255578289001,-1.83585917542834,20,"Tlr4/Ddx3x/Gbp2/Cd36/Ptpn22/Zdhhc5/Myd88/Plcg2/Prkd1/Dhx33/Ppp2ca"
"GOBP_RIBOSOMAL_SMALL_SUBUNIT_ASSEMBLY",0.00383045365238876,0.0307750168114084,0.431707695803346,0.607908410005693,1.87545970374552,19,"Rps28/Mettl17/Rps15/Fau/Rcc1l/Rps14/Rps19/Eral1/Mrps7/Rps27l/Abt1/Mcat/Rps6/Rps5"
"GOBP_REGULATION_OF_EXTRINSIC_APOPTOTIC_SIGNALING_PATHWAY_VIA_DEATH_DOMAIN_RECEPTORS",0.00384544955136422,0.0308141944313264,0.318279675040437,-0.547440434376577,-1.78133924576832,28,"Thbs1/Bmp5/Icam1/Ddx3x/Tnfaip3/Hgf/Skil/Mal/Rffl"
"GOBP_POSITIVE_REGULATION_OF_BLOOD_VESSEL_ENDOTHELIAL_CELL_MIGRATION",0.00391947265277035,0.0313249192327709,0.310776919977249,-0.486032478897761,-1.71610322019734,40,"Thbs1/Ptgs2/Pik3c2a/Anxa1/Hspb1/Akt3/Fgf2/Adam17/Vegfc"
"GOBP_REGULATION_OF_ENDOCYTOSIS",0.0039449574282131,0.0314460611751542,0.407017918923954,-0.327125809680934,-1.51699003274862,188,"Ptprc/Lrrk2/App/Picalm/Sele/Cd14/Cd36/Ston1/Cd300lf/Fmr1/Numb/Slc11a1/Actg1/Fgr/Mdm2/Dock2/Cd177/Fpr2/C3/Gpc3/Ppt1/Itga2/Arf6/Rin3/Rac1/Aplnr/Cblb/Sirpb1a/Rock1/Nrg1/Dgkq/Ptpn1/Mertk/Abca2/Cd300a/Aak1/Abca13/Plcg2/Wasl/Prkd1/Tsc2/Arc/B2m/Vegfa/Rabep1/Rab31/Cdc42/Il2rb/Alox15/Usp32/Cfp/Pirb/Mkln1/Ston2/Atad1/Fcgr1/Ptprj/Sdcbp/Fcnb/Rala"
"GOBP_SARCOPLASMIC_RETICULUM_CALCIUM_ION_TRANSPORT",0.00398759415152858,0.0316210123255392,0.34452128726268,0.535708579199573,1.80878915178581,27,"Atp1a2/Prkaca/Tmem38a/Nol3/Atp2a1/Hrc/Casq1/Pln/Ank2/Trdn/Gstm7/Ryr1/Akap6/Mrln/Ryr2/Gsto1"
"GOBP_PROTEIN_LOCALIZATION_TO_LYSOSOME",0.00398767446075766,0.0316210123255392,0.310776919977249,-0.532555638424616,-1.76642921864116,30,"Hspa8/Lamp2/Rock2/Lmbrd1/Laptm5/Rtn4/Sorl1/Nedd4/Becn1/Rraga/Rragc"
"GOBP_NUCLEAR_TRANSPORT",0.00401606425702811,0.031763417305586,0.285313392143872,-0.308671050223191,-1.44042554887384,197,"Hsp90aa1/Bag3/Lrrk2/Ipo7/Il1b/Dhx9/Washc4/Jak2/Il33/Zc3h11a/Cd36/Xpo1/Tnpo3/Pom121/Egr2/Fmr1/Pkd1/Tpr/Mdm2/Ahctf1/Ppp1r10/Cse1l/Nup205/Kpna1/Frat2/Eif4e/Nedd4/Nup54/Cblb/Rbm33/Nr4a1/Ect2/Kpna2/Kpnb1/Agfg1/Xpo7/Zc3h12a/Ranbp6/Iws1/Lsg1/Nemf/Prkd1/Tsc2/Ncbp1/Xbp1/Hikeshi/Ipo9/Chp1/Xpo4/Atf2/Ppm1a/Psen1/Med1/Ppp1r12a/Thoc2"
"GOBP_CELLULAR_RESPONSE_TO_MOLECULE_OF_BACTERIAL_ORIGIN",0.00406107862248213,0.0320362290296842,0.291090917251384,-0.352837849203639,-1.54760056139344,127,"Tlr4/Pde4b/Il1b/Tnfaip3/Jak2/Cd14/Gbp2/Cd36/Litaf/Traf6/Rhoa/Cdc73/Lyn/Mrc1/Tlr5/Nfkbiz/Cd55/Pira2/Ptpn22/Tnip3/Klrk1/Adam9/Fzd5/Cd68/Ptafr/Slc7a5/Myd88/Casp7/Zfp36/Zc3h12a/Plaa/Plcg2/B2m/Irgm1/Irgm2/Xbp1/Irak3/Ptpn6/Sash1/Tnfrsf1b/Lcn2/Pirb/Ahr"
"GOBP_REGULATION_OF_MYELOID_CELL_DIFFERENTIATION",0.00408229915088178,0.0321204157995737,0.291090917251384,-0.353300309483029,-1.54524515835672,124,"Tlr4/Ccr1/Hspa1b/Csf3r/Ctnnb1/Hspa1a/Fos/Ceacam1/Acvr2a/Rcor1/Traf6/Nedd9/Ripk1/Cdc73/Lyn/Ndfip1/Tnfaip6/Gabpa/Fstl3/Fbn1/Purb/Kitl/Tyrobp/Zfp36/Creb1/Senp1/B2m/Runx1/Jag1/Abcb10/Fam102a/Mtor/Tmem64/Med1/Pirb/Ccl3/Spi1/Rb1/Ifng/Il12b/Tlr3/Rptor/Ubash3b/Taok3/Hspa9/Kat7/Zfp36l1/Tal1"
"GOBP_TYPE_2_IMMUNE_RESPONSE",0.00412371134020619,0.0323626315230099,0.310776919977249,-0.620775142286745,-1.80779306955003,18,"Anxa1/Il33/Arg2/Il4ra/Ndfip1/Bcl6b"
"GOBP_MITOTIC_SISTER_CHROMATID_SEGREGATION",0.00418006430868167,0.0327205548070326,0.285313392143872,-0.351707108615204,-1.55249163582548,131,"Hspa1b/Hspa1a/Bub1/Dusp1/Tpr/Rhoa/Ncapg/Nipbl/Prc1/Smarca5/Smc4/Kif3b/Kif11/Kif18a/Pdcd6ip/Stag2/Ripor2/Tpx2/Kpnb1/Eml4/Becn1/Bub1b/Cenpf/Rrs1/Kat5/Knl1/Cdc23/Kif23/Ccdc66/Nusap1/Ncapg2/Stag1/Kmt5a/Sox7/Gen1/Cdc16/Ccnb1/Spice1/Ncapd2/Uhrf1"
"GOBP_ENDOCARDIAL_CUSHION_DEVELOPMENT",0.00425041370777484,0.0331250168266833,0.407017918923954,-0.521724247911543,-1.7670410207075,33,"Bmp5/Smad4/Smad2/Tgfbr2/Mdm2/Cited2/Robo2/Aplnr/Nedd4/Tgfbr1/Mdm4/Acvrl1/Bmp2/Dchs1/Rbpj/Jag1/Robo1/Eng"
"GOBP_RESPONSE_TO_FUNGUS",0.0042534914874329,0.0331250168266833,0.407017918923954,-0.519853910483197,-1.77206997649227,34,"Tlr4/App/Clec4e/Clec4d/S100a8/Clec4n/Crk/Myd88/Clec4a3/Usp15/Plcg2"
"GOBP_POSITIVE_REGULATION_OF_TRANSCRIPTION_BY_RNA_POLYMERASE_III",0.00428784489187174,0.0332893301957183,0.303779434551183,-0.648371170340076,-1.80829024387541,15,"Sf3b1/Dek/Smarca5/Ice2/Mtor/Mybbp1a/Rptor/Zfp143/Myo1c/Ice1"
"GOBP_ESTABLISHMENT_OF_ENDOTHELIAL_BARRIER",0.00429645542427497,0.0332893301957183,0.297232921999731,-0.501608621894388,-1.73177856607974,36,"Icam1/Il1b/Rab1a/Rapgef6/Rapgef2/Rock2/Plcb1/Rap1b/Rock1/Myd88/Rdx/Vegfa/Tjp1/Fasn"
"GOBP_EXTRINSIC_APOPTOTIC_SIGNALING_PATHWAY_VIA_DEATH_DOMAIN_RECEPTORS",0.00433200485184543,0.0334205230328318,0.291090917251384,-0.454362227945917,-1.71843518785687,54,"Thbs1/Bag3/Bmp5/Icam1/Ddx3x/Tnfaip3/Hgf/Skil/Tnfrsf10b/Dedd2/Dedd/Mal"
"GOBP_AMINO_ACID_IMPORT_ACROSS_PLASMA_MEMBRANE",0.00434467776973208,0.0334205230328318,0.297232921999731,-0.507247174357747,-1.72909632920604,34,"Slc1a3/Itgb1/Arl6ip1/Slc6a14/Ace2/Slc38a2/Slc7a11/Slc7a1/Slc7a5/Slc6a20a/Tspo2/Slc6a9"
"GOBP_POSITIVE_REGULATION_OF_TRANSMEMBRANE_RECEPTOR_PROTEIN_SERINE_THREONINE_KINASE_SIGNALING_PATHWAY",0.00434631432545202,0.0334205230328318,0.291090917251384,-0.437591478094759,-1.68274403242291,59,"Thbs1/Bmp5/Jak2/Ceacam1/Rnf111/Smad4/Hsp90ab1/Smad2/Acvr2a/Tgfbr2/Cited2/Gpc3/Npnt/Tgfbr1/Acvrl1/Ngly1/Bmp2/Rbpj/Hipk2/Itga8/Eng"
"GOBP_ACTIVATION_OF_PROTEIN_KINASE_ACTIVITY",0.00437397484964461,0.0335352422907489,0.297232921999731,-0.560108500894865,-1.79799824984157,26,"Jak2/Tnfrsf10b/Tom1l1/Traf6/Chil1/Pilrb2/Tpx2/Nrg1/Ect2/Fbn1/Tnfsf15"
"GOBP_REGULATION_OF_PROTEIN_UBIQUITINATION",0.0043888166449935,0.0335352422907489,0.279865652661932,-0.359284776811511,-1.56539382566741,121,"Dnaja1/Hsp90aa1/Lrrk2/Hspa1b/Ddx3x/Tnfaip3/Ctnnb1/Hspa1a/Arrdc4/Rnf111/Hsp90ab1/Wdr48/Rassf1/Hspa5/Traf6/Trim44/Gtpbp4/Laptm5/Ndfip1/Ubqln1/Dtx3l/Ptpn22/Cblb/Senp2/Tgfbr1/Ndfip2/Fanci/Plaa/Ubb/Aimp2/Dcun1d1/Bag2/Bmi1/Huwe1/Sox7/Sash1/Chp1/Ube2n/Fancm/Ube2v2/Mapk9"
"GOBP_HOMOPHILIC_CELL_ADHESION_VIA_PLASMA_MEMBRANE_ADHESION_MOLECULES",0.0043978349120433,0.0335352422907489,0.285313392143872,-0.408392856099681,-1.65930999841149,79,"Emb/Pvr/Ptprg/Ceacam1/Itgb1/Pcdhgb6/Pkd1/Pcdhac2/Robo2/Cd84/Fat3/Pcdhga7/Pcdhga8/Hmcn1/Pcdh17/Dchs1/Pcdhga3/Pcdhgb1/Mpzl2/Robo1/Pcdhga4/Pcdhb21/Pcdhga9/Cntn6/Pcdhb4/Clstn1/Fat2/Fat1/Pcdhga2/Cdh5/Nectin3/Pcdhb15/Pcdhb3"
"GOBP_NEGATIVE_REGULATION_OF_LEUKOCYTE_CELL_CELL_ADHESION",0.00440528634361234,0.0335352422907489,0.285313392143872,-0.40146074979114,-1.64606282458185,84,"Dusp3/Anxa1/Arg2/H2-Q7/Casp3/Il4ra/Itch/Laptm5/Ndfip1/Tarm1/Ripor2/Ptpn22/Cblb/Zc3h12a/Vsir/Cd300a/Cr1l/Nrarp/Pag1/Ildr2/Runx1/Gpnmb/Ptpn6/Dlg1/Pirb"
"GOBP_POSITIVE_REGULATION_OF_MOLECULAR_FUNCTION",0.00449470784399014,0.0341306368701994,0.260820567718869,-0.278729770034281,-1.38337088127673,353,"Tlr4/Ptprc/Hspa1b/Prkch/Usp33/Ndel1/Dhx9/Jak2/Hspa1a/Tnfrsf10b/Arrdc4/Tom1l1/Itgb1/Lcp2/Cab39/Actn4/Mid2/Vmp1/Il18r1/Traf6/Dock11/Rapgef6/Rhoa/Nedd9/Il18rap/Cln5/Rapgef2/S100a8/Ripk1/Dock8/Chil1/Ralgapa1/Fgf2/Cacna1d/Cebpg/Pilrb2/Gch1/Ripor2/Adam17/Dtx3l/Ifi205/Ddr2/Rfk/Tpx2/Gpld1/Agrn/Nrg1/Clock/Glp1r/Arid5b/Ect2/Ptpn1/Trim34a/Fbn1/Evi5/Prkci/Rfc4/Tnfsf15/Rgs1/Epha2/Adora2b/Trpc6/Bmp2/Myd88/Vsir/Tbc1d2/Cftr/Ctss/Cr1l/Ric1/Dph3/Pik3cg/Prkd1/Abi1/Ccny/Cd40lg/Irgm1/Dhx33/Ripk3/Sgk1/Bmi1/Irgm2/Ereg/Pdcd10/Dstyk/Pim1/Ncbp1/Arhgef5/Sox7/Esr1/Sash1/Chp1/Srf/Ralb"
"GOBP_SPROUTING_ANGIOGENESIS",0.00452488687782805,0.0342743297089215,0.279865652661932,-0.390533320469217,-1.62375703022466,91,"Thbs1/Ptgs2/Pik3c2a/Jak1/Anxa1/Alox5/Ceacam1/Itgb1/Adamts9/Rhoa/Akt3/Fgf2/Jmjd8/Rtn4/Aplnr/Vegfc/Gpld1/Nr4a1/Epha2/Acvrl1/Nrarp/Slit2/Loxl2/Vegfa/Tjp1/Pdcd10/Robo1/Eng"
"GOBP_JNK_CASCADE",0.00454545454545455,0.0343134588184093,0.274717458595242,-0.356004345006465,-1.55360730820266,122,"Dnaja1/Tlr4/Lrrk2/Dusp3/App/Il1b/Sema3a/Naip2/Tlr7/Traf6/Mink1/Rb1cc1/Pafah1b1/Jun/Ripk1/Map3k15/Plcb1/Itch/Crk/Ptpn22/Nr2c2/Becn1/Sh3rf3/Mfhas1/Myd88/Phlpp1/Rap2a/Rnf13/Map4k4/Hipk2/Cyld/Atf2/Mecom/Edar/Mapk9/Ccdc88c/Sh3rf1/Dusp19/Sdcbp/Irak1/Mapk8/Tnfrsf19"
"GOBP_MITOTIC_NUCLEAR_DIVISION",0.00455259026687598,0.0343134588184093,0.269842314478839,-0.314407714485362,-1.44905179038036,180,"Hspa1b/Il1b/Ndel1/Hspa1a/Tom1l1/Usp16/Bub1/Dusp1/Mki67/Tpr/Rhoa/Eps8/Ncapg/Nipbl/Prc1/Smarca5/Smc4/Kif3b/Kif11/Kif18a/Pdcd6ip/Stag2/Ripor2/Tpx2/Btc/Tgfa/Kpnb1/Eml4/Becn1/Bub1b/Cenpf/Rrs1/Kat5/Knl1/Cdc23/Kif23/Ccdc66/Nusap1/Ncapg2/Stag1/Epgn/Ereg/Kmt5a/Cdc42/Sox7/Cav2/Gen1/Lrp5/Kif20b/Cdc16/Ccnb1/Spice1/Ncapd2/Uhrf1"
"GOBP_RESPONSE_TO_ENDOPLASMIC_RETICULUM_STRESS",0.00457124842370744,0.034369015926393,0.269842314478839,-0.318217248330572,-1.45963934577684,174,"Thbs1/Lrrk2/App/Ddx3x/Tmem33/Rnf139/Hspa1a/Alox5/Tnfrsf10b/Usp25/Eif2s1/Hspa5/Hyou1/Pdia4/Jun/Yod1/Akt3/Aff4/Ubqln1/Canx/Tmco1/Erp44/Qrich1/Tmtc3/Ccdc47/Parp8/Ptpn1/Rhbdd1/Herpud2/Ubxn6/Serp1/Cth/Edem3/Cftr/Tmem67/Usp14/Edem1/Pdia3/Chac1/Txndc12/Svip/Man1a/Xbp1/Faf2/Pmaip1/Psmc6/Eef2"
"GOBP_REGULATION_OF_ENDOTHELIAL_CELL_DIFFERENTIATION",0.00462021807429311,0.0345904171407527,0.291090917251384,-0.574244296601177,-1.78564691496064,23,"Apold1/Il1b/Ctnnb1/Ceacam1/Rock2/Plcb1/Rock1/Acvrl1/Btg1/Vegfa/Jag1/Vezf1/Ppp1r12a"
"GOBP_RESPONSE_TO_PEPTIDE_HORMONE",0.0046234153616704,0.0345904171407527,0.260820567718869,-0.293881114332088,-1.41536159850637,256,"Cacybp/Pik3c2a/Il1b/Socs3/Jak1/Ndel1/Jak2/Trim16/Fos/Cybb/Ceacam1/Top1/Col3a1/Vps13c/Areg/Dennd4c/Eprs/Mdm2/Sik2/Kbtbd2/Lyn/Insig1/Col1a1/Inhbb/Rock2/Plcb1/Gcnt1/Crk/Rab10/Uprt/Ddr2/Rac1/Sorl1/Rap1gds1/Rock1/Gpld1/Nr4a1/Glp1r/Gnai1/Ptpn1/Btg2/Fbn1/Prkci/Srsf4/Atp2b1/Trim24/Cat/Snx5/Btg1/Nr4a2/Phex/Irs1/Sorbs1/Creb1/Slc24a4/Prkd1/Otc/Pak1/Tsc2/Shc1/Rab31/Ap3s1/Prkaa1/Ghr/Ereg/Mtor/Car2/Xbp1/Cad/Osbpl8/Sesn3/Cav2/Lrp5/Fbxw8"
"GOBP_EPIDERMAL_CELL_DIFFERENTIATION",0.00465270854104354,0.0347242585967587,0.274717458595242,-0.385388447209003,-1.61718591104555,96,"Prkch/Anxa1/Ctnnb1/Trim16/Scel/Clic4/Pafah1b1/Fgf2/Rock2/Nfkbiz/Casp3/Krt83/Asah1/Rac1/Rock1/Maff/Adam9/Klf7/Epha2/Zfp36/Slc4a7/Pphln1/Ppl/Rbpj/Jag1/Ereg/Sec24b/Med1/Irf6/Pls1/Tmem79/Ivl/Ncoa3/Plec/Map2k1/Zfp36l1/Ift74/Extl3"
"GOBP_PROTEIN_K48_LINKED_UBIQUITINATION",0.00468505986465383,0.0348802134177773,0.279865652661932,-0.439817892104232,-1.68043033721917,57,"Ube2d3/Tnfaip3/Topors/Rnf6/Rnf146/Trim44/Kbtbd2/Cdc27/Itch/Rffl/Dtx3l/Nt5c2/Ube2q2/Kbtbd7/Ttc3/Cdc23/Kcmf1/Huwe1/Fbxo38/Cul1/Cdc16"
"GOBP_ADENYLATE_CYCLASE_MODULATING_G_PROTEIN_COUPLED_RECEPTOR_SIGNALING_PATHWAY",0.0047246660149886,0.0350892878430251,0.269842314478839,-0.360652354040228,-1.55764823285321,113,"Fpr1/Pde4b/App/Adgre1/Adcy4/Gnai3/Adcy3/Adgrf5/Rapgef2/Adcy7/Cacna1d/Fpr2/S1pr1/Ccr3/Cnr2/Aplnr/Adcy9/Dgkq/Glp1r/Wasf2/Gnai1/Rgs1/Adora2b"
"GOBP_RESPONSE_TO_ESTROGEN",0.00483351235230934,0.0358103287415619,0.279865652661932,-0.496705649491031,-1.71485130018437,36,"Hsp90aa1/Zfp366/Mme/Rcan1/Mdm2/Cdk12/Cited2/Cd24a/Arsb/Trim24/Mmp2/Prkaa1/Esr1"
"GOBP_REGULATION_OF_WOUND_HEALING",0.00492192803801765,0.036376871057679,0.269842314478839,-0.411131961582022,-1.64625893563992,72,"Thbs1/Anxa1/Tnfaip3/Alox5/Cd36/Ceacam1/Itgb1/Actg1/Cask/Fgf2/Crk/Ocln/Phldb2/Sh2b3/Ddr2/Serping1/Fga/Plat/Tnfrsf12a/Mtor/Pros1/Xbp1"
"GOBP_REGULATION_OF_POST_TRANSLATIONAL_PROTEIN_MODIFICATION",0.00495920652695569,0.0365636413428089,0.260820567718869,-0.333548659409723,-1.49843618254954,150,"Dnaja1/Hsp90aa1/Lrrk2/Hspa1b/Ddx3x/Tnfaip3/Ctnnb1/Hspa1a/Arrdc4/Rnf111/Hsp90ab1/Wdr48/Ppib/Rassf1/Hspa5/Traf6/Trim44/Gtpbp4/Dcun1d3/Itch/Laptm5/Ndfip1/Ubqln1/Dtx3l/Ptpn22/Cblb/Senp2/Tgfbr1/Cops3/Ndfip2/Fanci/Zc3h12a/Plaa/Abca2"
"GOBP_POSITIVE_REGULATION_OF_INTERLEUKIN_10_PRODUCTION",0.00499722376457524,0.036754942906115,0.279865652661932,-0.580462786937581,-1.78461981526799,22,"Tlr4/Hspd1/Hgf/Cd83/Irf4"
"GOBP_CELLULAR_RESPONSE_TO_STARVATION",0.00503573749187784,0.0369381503650183,0.260820567718869,-0.354861580628943,-1.54354866132779,119,"Hspa8/Lrrk2/Prkch/Usp33/Yme1l1/Fos/Cpeb4/Eif2s1/Stk24/Nuak2/Hspa5/Asns/Upp1/Cadps2/Slc38a2/Lamp2/Bmt2/Inhbb/Ifi205/Stk26/Becn1/Rraga/Rragc/Kat5/Slc7a5/Zc3h12a/Prkd1/Pak1/Tsc2/Prkaa1/Mtor/Xbp1/Pmaip1/Clec16a/Sesn3/Ralb/Atf2/Rrp8/Mybbp1a/Ywhaz/Mios"
"GOBP_POSITIVE_REGULATION_OF_PROTEIN_CONTAINING_COMPLEX_ASSEMBLY",0.0050463942699007,0.0369381503650183,0.260820567718869,-0.349848467081121,-1.53218849234735,125,"Tlr4/Hsp90aa1/Hspa1b/Ddx3x/Piezo1/Washc2/Hspa1a/Gbp2/Cd36/Spidr/Plek/Crbn/Rhoa/Cand1/Rap1b/Ocln/Atr/Arf6/Rac1/Ptpn22/Nrg1/Zdhhc5/Mpp7/Baiap2l1/Myd88/Creb1/Plcg2/Prkd1/Pak1/Nckap1/Vegfa/Dhx33/Mtor/Ppp2ca/Arhgef5/Psmc6/Dlg1/Alox15/Togaram1/Slain1/Mapk9/Fnip2/Eif4g1/Mapk8/Bcl2l11/Ifng/Vcp/Unc13b/Cdh5/Slf2/Tal1/Hck/Msn"
"GOBP_ENDOCARDIAL_CUSHION_MORPHOGENESIS",0.00510297065791872,0.0372626994085431,0.274717458595242,-0.555153478959189,-1.78209218743752,26,"Bmp5/Smad4/Smad2/Tgfbr2/Mdm2/Robo2/Aplnr/Tgfbr1/Mdm4/Acvrl1/Bmp2/Dchs1/Rbpj/Robo1/Eng"
"GOBP_REGULATION_OF_EPITHELIAL_CELL_DIFFERENTIATION",0.00524357239512855,0.0381711955576727,0.260820567718869,-0.400468979710098,-1.62711509802811,79,"Apold1/Prkch/Ipo7/Il1b/Ctnnb1/Trim16/Prkx/Ceacam1/Fgf2/Rock2/Plcb1/Cd24a/Rock1/Maff/Klf7/Acvrl1/Bmp2/Zfp36/Btg1/Gdnf/Vegfa/Jag1"
"GOBP_PROTEIN_AUTOPHOSPHORYLATION",0.00525245679430701,0.0381711955576727,0.260820567718869,-0.395446170736867,-1.62140194554972,84,"Stk17b/Lrrk2/Jak2/Prkx/Tom1l1/Stk24/Map3k3/Nek6/Sik1/Fgr/Mink1/Sik2/Ripk1/Lyn/Ddr2/Stk26/Nrg1/Dyrk1a/Mob1b/Vrk2/Prkd1/Rap2a/Vegfa/Pim1/Dapk1/Chp1"
"GOBP_T_HELPER_17_TYPE_IMMUNE_RESPONSE",0.00531038271378868,0.038500274674968,0.269842314478839,-0.536218083925001,-1.7448223719062,28,"Socs3/Jak1/Jak2/Irf4/Nfkbiz/Clec4n"
"GOBP_POSITIVE_REGULATION_OF_REACTIVE_OXYGEN_SPECIES_METABOLIC_PROCESS",0.00537056928034372,0.0388111509301293,0.265216893779997,-0.494481197071619,-1.7071714899637,36,"Tlr4/Thbs1/Itgb2/App/Slc5a3/Cd36/Tgfbr2/Ace2/Ripk1/Cd177/Fpr2/Itgam/Tyrobp/Zc3h12a/Plcg2"
"GOBP_REGULATION_OF_PROTEIN_CONTAINING_COMPLEX_ASSEMBLY",0.00537875392200807,0.0388111509301293,0.241698386096655,-0.291623456053254,-1.40312500621293,255,"Tlr4/Hspa8/Hsp90aa1/Lrrk2/Hspa1b/Ddx3x/Piezo1/Capza1/Washc2/Hspa1a/Gbp2/Cd36/Spidr/Tmod3/Plek/Hspa5/Crbn/Rhoa/Lamp2/Sptan1/Eps8/Cand1/Selp/Stxbp6/Rap1b/Ocln/Atr/Arf6/Ifi205/Rac1/Ptpn22/Sorl1/Cyfip2/H3f3a/Nrg1/Rasa1/Zdhhc5/Dyrk1a/Mpp7/Map2/Baiap2l1/Myd88/Rdx/Creb1/Plcg2/Slit2/Camsap2/Prkd1/Pak1/Nckap1/Vegfa/Sptbn1/Arhgap28/Irgm1/Dhx33/Irgm2/Haus6/Svip/Cdc42/Mtor/Ppp2ca/Tbcd/Arhgef5/Psmc6/Ralb/Dlg1/Alox15/Togaram1/Slain1/Mapk9/Farp2/Fnip2/Prex1/Eif4g1"
"GOBP_POSITIVE_REGULATION_OF_T_CELL_CYTOKINE_PRODUCTION",0.00540641312453393,0.0389185058255457,0.269842314478839,-0.640254499282949,-1.78565306048916,15,"Il1b/H2-Q7/Il18r1/Traf6/Il1r1/Cd55/Fzd5/B2m/Sash3/Il18"
"GOBP_POSITIVE_REGULATION_OF_KINASE_ACTIVITY",0.00550642416152178,0.0394532262244105,0.252643909566276,-0.378386265513506,-1.58197319772122,94,"Ptprc/Jak2/Tnfrsf10b/Tom1l1/Lcp2/Cab39/Traf6/Rhoa/Nedd9/Rapgef2/Chil1/Fgf2/Pilrb2/Adam17/Ddr2/Tpx2/Nrg1/Ect2/Ptpn1/Fbn1/Tnfsf15/Pik3cg/Abi1/Ccny/Irgm1/Ripk3/Irgm2/Ereg/Pdcd10/Dstyk/Pim1/Arhgef5/Sash1/Ralb"
"GOBP_CATECHOLAMINE_TRANSPORT",0.00550660792951542,0.0394532262244105,0.291090917251384,0.537290603848272,1.77985140748418,25,"Sncg/Kcna2/Mapk15/Park7/Pink1/Gabbr1/Stx1a/Rab3b/Adra2a/Snca/Slc6a2/Adra2b/Grk2/Actb/Slc29a4"
"GOBP_LEUKOCYTE_MEDIATED_CYTOTOXICITY",0.00557903634826712,0.0398783231935995,0.252643909566276,-0.392969412994813,-1.60884776562925,83,"Ptprc/Trem1/Icam1/Pvr/Ceacam1/H2-Q7/Il18rap/Lyst/Ulbp1/Il7r/Cebpg/Crk/Klrk1/Kif5b/Itgam/Tyrobp/H2-Q2/Myd88/B2m/Ripk3/Stx7/Klrc1/Ptpn6/Pirb/Fcgr1/Klrc2/Il18/Spi1/Dnase1"
"GOBP_POSITIVE_REGULATION_OF_MITOTIC_CELL_CYCLE",0.00559986424571525,0.0399334581456744,0.252643909566276,-0.408031451958625,-1.64341950578197,75,"Dusp3/App/Ddx3x/Anxa1/Tmod3/Pkn2/Mdm2/Asns/Ppp1r10/Pafah1b1/Plcb1/Eif4e/Kmt2e/Adam17/Ddr2/Rrm2b/Ccne2/Dynlt3/Rdx/Cdc23/Cenpj/Cdc16/Ccnb1/Plrg1/Eif4g1/Dtl/Rb1/Shb"
"GOBP_REGULATION_OF_CELL_SUBSTRATE_ADHESION",0.00563425627817128,0.0400848373061485,0.245188063659135,-0.343176020119298,-1.5180385015771,133,"Thbs1/Dusp3/Hsd17b12/Jak2/Washc2/Bst1/Cd36/Actn4/Actg1/Mink1/Rhoa/Nedd9/Cask/Spry4/Edil3/Col1a1/Rock2/Postn/Crk/Abi3bp/Npnt/Phldb2/Rac1/Rock1/Braf/Rasa1/Utrn/Ptpn1/Acvrl1/Fga/Tesk1/Vegfa/Rac2/Map4k4/Jag1/Macf1/Cdc42/Tbcd/Fgg/Alox15/Ilk/Dock1/Prex1/Ptprj"
"GOBP_RELEASE_OF_SEQUESTERED_CALCIUM_ION_INTO_CYTOSOL_BY_ENDOPLASMIC_RETICULUM",0.00569550930996714,0.0404261674798367,0.285313392143872,0.535552576013734,1.75536260325275,24,"Atp1a2/Prkaca/Tmem38a/Nol3/Hrc/Casq1/Pln/Ank2/Trdn/Gstm7/Ryr1/Akap6/Ryr2/Gsto1/Fkbp1a"
"GOBP_POSITIVE_REGULATION_OF_DNA_BINDING_TRANSCRIPTION_FACTOR_ACTIVITY",0.00575490859851049,0.0407527829824755,0.248832632022043,-0.397024137096788,-1.62402796068628,82,"Tlr4/Hspa1b/Prkch/Dhx9/Hspa1a/Mid2/Il18r1/Traf6/Il18rap/S100a8/Ripk1/Cebpg/Ddr2/Clock/Arid5b/Trim34a/Prkci/Myd88/Prkd1/Cd40lg/Dhx33/Ripk3/Arhgef5/Esr1/Srf/Atf2/Ube2n/Il18/Irak1/Trim37/Anxa3/Trim13/Bcl10"
"GOBP_POSITIVE_REGULATION_OF_ANTIGEN_RECEPTOR_MEDIATED_SIGNALING_PATHWAY",0.00578466131740996,0.0408684308851818,0.260820567718869,-0.624220874168788,-1.80055956726431,17,"Ptprc/Prkch/Nfam1/Slc39a10/Lipa"
"GOBP_FOREBRAIN_DEVELOPMENT",0.00582375478927203,0.0409899165814813,0.235141995561108,-0.301319369137076,-1.41481448698536,207,"Dnajb1/Lrrk2/Ndst1/Ndel1/Ctnnb1/Sema3a/Fos/Col3a1/Numb/Scyl2/Atrx/Kdm2b/Fxr1/Vps13b/Dock7/Rhoa/Slc38a2/Rapgef2/Pafah1b1/Inhbb/Fgf2/Robo2/Plcb1/Casp3/Slc7a11/Crk/Lrp2/Ccdc39/Rtn4/Rac1/Nin/Herc1/Btg2/Shank3/Itgam/Zdhhc16/Tyrobp/Bmp2/Mboat7/Nr4a2/Cckar/Creb1/Ubb/Slit2/Wdr37/Aqp1/Pgap1/B2m/Ttc21b/Rbpj/Myh10/Bloc1s6/Robo1/Frs2/Wdr47"
"GOBP_REGULATION_OF_PLATELET_ACTIVATION",0.0058287795992714,0.0409899165814813,0.256635016972443,-0.527169678157749,-1.73307415362023,29,"Tlr4/Jak2/Ceacam1/Plek/Lyn/Selp/Tec/Sh2b3"
"GOBP_EPIDERMIS_DEVELOPMENT",0.00587954870491022,0.0412516723650959,0.238352921646911,-0.320678282018954,-1.45518918992003,162,"Nab1/Prkch/Anxa1/Ctnnb1/Trim16/Smad4/Scel/Emp1/Clic4/Lamc2/Pafah1b1/Fgf2/Rock2/Was/Lama3/Nfkbiz/Casp3/Krt83/Asah1/Rac1/Rock1/Maff/Adam9/Mysm1/Klf7/Epha2/Zfp36/Aldh3a2/Slc4a7/Pphln1/Ppl/Rbpj/Jag1/Nom1/Gorab/Ereg/Srf/Sec24b/Med1/Irf6/Edar/Pls1/Il18/Tmem79/Tnfrsf19/Pum2/Ivl/Ncoa3/Lamb3/Plec/Cldn1/Gnas/Map2k1/Zfp36l1/Ift74/Extl3/Ppara/Numa1/Cldn4/Cdkn1a"
"GOBP_MUSCLE_CELL_DIFFERENTIATION",0.00590841949778434,0.0413589364844904,0.326351610990907,0.272210792679058,1.38290807218382,233,"Lmod1/Tbx2/Uchl1/Nfatc4/Dmpk/Meis1/Myl9/Myom1/Tnnt2/Tnpo2/Csrp2/Dyrk1b/Asb2/Myh11/Obsl1/Synpo2l/Dcaf8/Hey1/Tnnt3/Ttn/Hdac3/Actn2/Rbpms2/Scgb3a1/Csrp3/Fzd7/Flot1/Acta1/Tmod4/Gpx1/Myom2/Rpl3l/Tpm1/Sgcb/Efemp2/Med28/Cav3/Plpp7/Mmp14/Hopx/Sypl2/Hira/Foxo4/Casq1/Setd3/Ppif/Actn3/Wnt4/Ank2/Tbx5/Mesp1/Prickle1/Id2/Lbx2/Neb/Alpk3/Smyd1/Rxrb/Tbx18/Bves/Cdk9/Mybpc3/Fhod3/Ryr1/Ppp3ca/Cby1/Smarcd3/Akap6/Mylk3/Msx1/Tbx1/Barx2/Bcl9/Lmod2"
"GOBP_PLATELET_ACTIVATION",0.00592417061611374,0.0413740814818036,0.245188063659135,-0.393716997269359,-1.61728282156729,85,"Tlr4/Jak2/Hspb1/Myh9/Ceacam1/Col3a1/Plek/Actg1/Lyn/Selp/Tec/Slc7a11/Sh2b3/Dgkq/Vav3/Mertk/Fga/Plcg2/Pik3cg/Pdia3/Cd40lg/Vwf/Ptpn6/Srf/Fgg/Ilk/Tubb1/Dgkz/Ptprj/Dgke/Thbd/Il6st/Ubash3b/Gnas"
"GOBP_NEGATIVE_REGULATION_OF_ALPHA_BETA_T_CELL_ACTIVATION",0.00598151169113649,0.0416789544611227,0.252643909566276,-0.516763510528327,-1.71404844538892,30,"Anxa1/Arg2/Il4ra/Itch/Ndfip1/Tarm1/Cblb/Zc3h12a/Vsir/Cd300a/Runx1"
"GOBP_CELLULAR_COMPONENT_DISASSEMBLY",0.00605166051660517,0.0420714755092756,0.22623238004642,-0.285805322101412,-1.38922657928916,285,"Hspa8/Dusp3/Il1b/Timp3/Cltc/Capza1/Ascc3/Washc2/Tmod3/Itgb1/Nfe2/Dedd2/Ston1/Abce1/Nckap5/Snap29/Vmp1/Etf1/Plek/Mid1/Mmp19/Scaf8/Nek6/Nedd9/Ppp1r10/Lamp2/Sptan1/Top2a/Eps8/Pafah1b1/Adam8/Swap70/C3/Kif18a/Ubqln1/Atr/Ltn1/Arf6/Ddr2/Rac1/Atad2b/Tpx2/Smcr8/Kif5b/Tgfbr1/Itgam/Becn1/Calm1/Mical2/Kat5/Ctss/Rdx/Setx/Nemf/Diaph3/Camsap2/Atxn7/Sh3pxd2b/Rac2/Mmp2/Map4k4/Sptbn1/Irgm1/Prkaa1/Irgm2/Ppp1ca/Hdgfl3/Mrrf/Eng/Uvrag/Wdr47/Faf2/Dicer1/Irak3/Clec16a"
"GOBP_RESPONSE_TO_OSMOTIC_STRESS",0.0062467464862051,0.0433147190792041,0.241698386096655,-0.430305108923185,-1.64408445467142,57,"Hsp90aa1/Ptgs2/Tsc22d2/Ddx3x/Lrrc8d/Cab39/Icosl/Casp3/Nfat5/Itga2/Rac1/Pappa2/Scn7a/Map7/Pkn1/Usp15/Aqp1/Vps13a"
"GOBP_REGULATION_OF_RECEPTOR_SIGNALING_PATHWAY_VIA_JAK_STAT",0.00625894134477826,0.0433147190792041,0.245188063659135,-0.489833717108216,-1.68402860557236,35,"Ptprc/Socs3/Jak2/Wdr48/Il7r/Sh2b3/Rac1/Calm1/Ociad2/Ghr/Cenpj"
"GOBP_RESPONSE_TO_INTERLEUKIN_4",0.0063787133223984,0.0440434967498937,0.245188063659135,-0.547126783981237,-1.75632578057293,26,"Ptprc/Nfil3/Jak1/Cd300lf/Hsp90ab1/Hspa5/Mrc1/Il4ra"
"GOBP_OSTEOCLAST_DIFFERENTIATION",0.00646514066049275,0.044444612213775,0.238352921646911,-0.422282708303145,-1.62986957742562,61,"Tlr4/Ccr1/Ctnnb1/Fos/Traf6/Nedd9/Pafah1b1/Gpc3/Tnfaip6/Fstl3/Fbn1/Epha2/Tyrobp/Bmp2/Creb1/Lrrk1/Fam102a/Mtor/Tmem64/Pirb/Ccl3/Farp2/Spi1/Ifng/Il12b/Tlr3/Rptor/Ubash3b"
"GOBP_MONOAMINE_TRANSPORT",0.0064659977703456,0.044444612213775,0.269842314478839,0.503524312403717,1.74831949549724,30,"Sncg/Kcna2/Mapk15/Park7/Pick1/Pink1/Gabbr1/Stx1a/Rab3b/Adra2a/Snca/Slc6a2/Adra2b/Grk2/Actb/Slc29a4/Itgb3"
"GOBP_SMAD_PROTEIN_SIGNAL_TRANSDUCTION",0.00664219542038105,0.0455528942681538,0.235141995561108,-0.442175114891838,-1.6344944789202,49,"Bmp5/Jak2/Fos/Ceacam1/Smad4/Smad2/Acvr2a/Tgfbr2/Jun/Ldlrad4/Tgfbr1/Becn1/Acvrl1/Bmp2/Sptbn1/Hipk2/Eng/Xbp1"
"GOBP_TUMOR_NECROSIS_FACTOR_MEDIATED_SIGNALING_PATHWAY",0.00683643821568963,0.0467796727343256,0.229089382980959,-0.405610618985254,-1.60816593872689,69,"Hspa1b/Tnfaip3/Jak2/Hspa1a/Naip2/Tax1bp1/Actn4/Traf6/Ripk1/Laptm5/Rffl/Tnfsf13b/Adam17/Nr2c2/Nrd1/Rraga/Anxa4/Sppl2a"
"GOBP_POSITIVE_REGULATION_OF_INTERLEUKIN_12_PRODUCTION",0.0071064139941691,0.0485180058570513,0.232056818075608,-0.534735401202266,-1.73154934731869,27,"Tlr4/Hspd1/Cd36/H2-Q7/Traf6/Plcb1/Laptm5"
"GOBP_POSITIVE_REGULATION_OF_VIRAL_GENOME_REPLICATION",0.00727069351230425,0.0494359988159675,0.232056818075608,-0.589965594912234,-1.7454816960944,19,"Ddx3x/Pde12/Pkn2/Top2a/Ddb1/Ppid"
"GOBP_BLOOD_VESSEL_ENDOTHELIAL_CELL_MIGRATION",0.00727334235453315,0.0494359988159675,0.220823464091113,-0.388707976702372,-1.57932985989137,79,"Thbs1/Ptgs2/Pik3c2a/Anxa1/Hspb1/Myh9/Itgb1/Rhoa/Akt3/Fgf2/Adam17/Vegfc/Gpld1/Nr4a1/Epha2/Acvrl1/Slit2/Prkd1/Vegfa/Pdcd10/Robo1"
"GOBP_DOPAMINE_TRANSPORT",0.00732285160456601,0.0496616550910991,0.248832632022043,0.593338898627985,1.768461037635,17,"Sncg/Kcna2/Mapk15/Park7/Pink1/Gabbr1/Rab3b/Snca/Slc6a2"
"GOBP_GRANULOCYTE_ACTIVATION",0.00733977801646975,0.0496658312447786,0.22623238004642,-0.482614857811964,-1.6662035498392,36,"Itgb2/Cxcr2/Anxa1/Il18rap/Cd177/Kmt2e/Pira2/Itgam/Tyrobp/Myd88/Cd300a/Clec12a/Ptpn6/Ccl3/Prex1/Il18/Spi1/Dnase1"
"GOBP_POSITIVE_REGULATION_OF_SMAD_PROTEIN_SIGNAL_TRANSDUCTION",0.00739234891886897,0.0499106484655344,0.229089382980959,-0.550211329249659,-1.71091496853542,23,"Bmp5/Jak2/Ceacam1/Smad4/Acvr2a/Tgfbr2/Tgfbr1/Acvrl1/Bmp2"
"GOBP_CELL_ADHESION_MEDIATED_BY_INTEGRIN",0.0075043630017452,0.0505548348237038,0.220823464091113,-0.420829711657594,-1.61221207522907,58,"Itgb2/Icam1/Piezo1/Itgb1/Itgal/Lyn/Swap70/Crk/Npnt/Itga2/Adam17/Vcam1/Adam9/Fbn1/Itgam/Epha2/Pik3cg/Itgb6/Itga8/Ptpn6/Itgad"
"GOBP_NEGATIVE_REGULATION_OF_CELL_POPULATION_PROLIFERATION",0.00752520232855317,0.0505833136654402,0.198584486969905,-0.267596330181683,-1.34163595127009,388,"Thbs1/Hspa1b/Bmp5/App/Il1b/Tnfaip3/Ctnnb1/Jak2/Rnf139/Hspa1a/Alox5/Il33/Arg2/Rps6ka2/Ceacam1/Smad4/Dusp1/Col4a3/P3h2/H2-Q7/Ogn/Kdm2b/Dhcr24/Ace2/Plpp1/Btg3/Klf9/Rb1cc1/Gtpbp4/Rapgef2/Ddx20/Jun/Cask/Vgll4/Cdc73/Lyn/Fgf2/Pds5b/Tbrg1/Gpc3/Casp3/Itch/Laptm5/Ndfip1/Utp20/Sh2b3/Ripor2/Ifi205/Cblb/Rerg/Gpld1/Akirin1/Fzd5/Ptpn1/Btg2/Tgfbr1/Becn1/Skap2/Mdm4/Acvrl1/Trim24/Bmpr1b/Tyrobp/Bmp2/Spin4/Vsir/Btg1/Pkn1/Cd300a/Cr1l/Aimp2/Pak1/Tsc2/Ifi204/Thap12/B2m/Abi1/Krit1/Rbpj/Ereg/Pdcd10/Gpnmb/Robo1/Eng/Dicer1/Sox7/Wt1/Ptpn6/Srf/Cav2/Taf6/Dlg1/Ilk/Med1/Pirb/Irf6/Nox4/Rnf10"
"GOBP_REGULATION_OF_MEMBRANE_PROTEIN_ECTODOMAIN_PROTEOLYSIS",0.00760667903525046,0.0510183648950169,0.22623238004642,-0.576341567180048,-1.73099762500324,20,"App/Il1b/Timp3/Sh3d19/Adam8/Rock1/Gpld1/Adam9/Nrd1"
"GOBP_REGULATION_OF_PROTEOLYSIS",0.00802908650204514,0.0537331173598406,0.198584486969905,-0.292050241700146,-1.38747888077627,231,"Rybp/Thbs1/Lrrk2/Hspa1b/App/Il1b/Timp3/Wac/Rnf139/Hspa1a/Il33/Rps6ka2/Sh3d19/Usp25/Myh9/Neurl3/Xpo1/Hsp90ab1/Fmr1/Pkd1/Lamp3/Rad23b/Zfand2a/Kcne2/Mdm2/Adam8/Socs4/Psmd14/Laptm5/Glg1/Serpinb8/Ubqln1/Ifi205/Tmtc3/Cyfip2/Rock1/Gpld1/Adam9/Ptpn1/Rhbdd1/Tmem168/Sh3rf3/Nrd1/Tlk2/Vsir/Pbk/Cr1l/Il1r2/Ubb/Senp1"
"GOBP_REGULATION_OF_RECEPTOR_MEDIATED_ENDOCYTOSIS",0.00820372585882755,0.054781458859934,0.208826601974224,-0.399797937492581,-1.58868157284421,70,"App/Picalm/Sele/Fmr1/Numb/Mdm2/C3/Ppt1/Arf6/Rin3/Rac1/Aplnr/Cblb/Nrg1/Abca2/Aak1/Plcg2/Wasl/Arc/B2m/Vegfa/Rabep1"
"GOBP_IMMUNE_SYSTEM_DEVELOPMENT",0.00829133474231832,0.0552453266747468,0.202498775969141,-0.345427444831846,-1.49993670300091,118,"Ptprc/Hspd1/Tnfaip3/Ctnnb1/Pcyt1a/Ceacam1/H2-Q7/Tgfbr2/Cited2/Lyn/Swap70/Icos/Il7r/Nfkbiz/Ccr6/Itch/Lipa/Ndfip1/Dclre1c/Adam17/Rif1/Cblb/Braf/Tgfbr1/Rag1/Yy1/Pkn1/Phlpp1/Kmt5b"
"GOBP_LAMELLIPODIUM_ASSEMBLY",0.00832447750619908,0.0552538340636036,0.211070537868325,-0.454151578980092,-1.63580619947701,44,"Hsp90aa1/Itgb1/Actr2/Actr3/Golph3/Was/S1pr1/Ocln/Rac1/Akirin1/Wasf2/Vav3/Epha2/Slit2/Nckap1/Rac2/Cdc42/Mtor"
"GOBP_REGULATION_OF_B_CELL_PROLIFERATION",0.00832890306574517,0.0552538340636036,0.211070537868325,-0.459982408649409,-1.64790008782614,43,"Tlr4/Ptprc/Bst1/Lyn/Slc39a10/Casp3/Tnfsf13b/Ifi205/Vav3/Tyrobp/Pkn1/Cd300a/Ifi204/Bmi1/Sash3/Ahr"
"GOBP_SMALL_MOLECULE_CATABOLIC_PROCESS",0.00834724540901502,0.0552551353705451,0.265216893779997,0.286165897294361,1.41296660482552,187,"Bckdk/Nudt3/Mcee/Ivd/Park7/Pfkm/Eno3/Bcat2/Galt/Amacr/Dcxr/Hsd17b14/Tpi1/Galk1/Amdhd2/Hadh/Gpi1/Aldh3b1/Hagh/Gpt/Sdsl/Qdpr/Renbp/Fut10/Abcd4/Bckdhb/Glul/Tst/Asrgl1/Actn3/Hadhb/Gcat/Echdc2/Aldh5a1/Cdo1/Etfbkmt/Nudt1/Echs1/Mlycd/Dlat/Cyp46a1/Thnsl2/Crym/Mpst/Hacl1/Akr1a1/Acads/Tigar/Plin5/Acat1/Abcd1/Scarf1/Cryl1/Ddo/Gpt2/Mthfs/Amt/Gnpda1/Gldc/Scly/Gck/Gale/Eci2/Mcat/Nudt19/Akt1"
"GOBP_CELLULAR_RESPONSE_TO_GLUCOSE_STARVATION",0.00850217076700434,0.0560370346007104,0.211070537868325,-0.492369764549272,-1.66761958026181,33,"Cpeb4/Nuak2/Hspa5/Asns/Upp1/Ifi205/Becn1/Kat5/Slc7a5/Zc3h12a/Prkaa1/Xbp1/Pmaip1/Sesn3/Rrp8/Mybbp1a/Ywhaz"
"GOBP_POSITIVE_REGULATION_OF_NON_CANONICAL_NF_KAPPAB_SIGNAL_TRANSDUCTION",0.00850217076700434,0.0560370346007104,0.211070537868325,-0.491987127259887,-1.66632361637072,33,"App/Il1b/Ddx3x/Actn4/Il18r1/Trim44/Rhoa/Ripk1/Laptm5/Tnfsf14/Nr3c2/Sash1/Edar/Il18/Trim56/Il12b/Vcp"
"GOBP_REGULATION_OF_RECEPTOR_SIGNALING_PATHWAY_VIA_STAT",0.0085515766969535,0.0562409309767244,0.208826601974224,-0.464397720474931,-1.63971433630668,40,"Ptprc/Socs3/Jak2/Wdr48/Il7r/Sh2b3/Rac1/Calm1/Ociad2/Ghr/Cenpj"
"GOBP_NEGATIVE_REGULATION_OF_CELLULAR_COMPONENT_ORGANIZATION",0.00861829302196275,0.0565575479566305,0.183397180948084,-0.259703193516216,-1.31709095266827,439,"Dnajb1/Hspa8/Thbs1/Lrrk2/Hspa1b/Dnaja4/Picalm/Il1b/Ddx3x/Timp3/Capza1/Hgf/Washc2/Hspa1a/Antxr1/Sema3a/Rnf6/Ptprg/Rps6ka2/Tom1l1/Tmod3/Smad4/Cd300lf/Bub1/Dusp1/Mid1/Hspa5/Atrx/Tpr/Scaf8/Crbn/Sema6d/Mdm2/Rapgef2/Lamp2/Sptan1/Eps8/Pafah1b1/Scfd1/Swap70/Robo2/Smarca5/Rock2/Was/S1pr1/Fat3/Luzp1/Phldb2/Adam17/Arf6/Ifi205/Rin3/Rtn4/Rac1/Sorl1/Tpx2/Rock1/H3f3a/Smcr8/Slc25a5/Wasf2/Ptpn1/Shank3/Dyrk1a/Becn1/Bub1b/Map2/Cenpf/Acvrl1/Trpc6/Abca2/Rdx/Knl1/Cd300a/Tmem67/Slit2/Tesk1/Wasl/Diaph3/Camsap2/Prkd1/Zfp365/Atxn7/Odf2l/B2m/Vegfa/Ptpn13/Slx4/Sptbn1/Arhgap28/Irgm1/Irgm2/Svip/Tmeff2/Tjp1/Spg20/Hdgfl3/Cgnl1/Huwe1/Cdc42/Mtor/Wdr47/Tbcd/Arhgef18/Tnks2/Sox7/Irak3/Clec16a"
"GOBP_POSITIVE_REGULATION_OF_NF_KAPPAB_TRANSCRIPTION_FACTOR_ACTIVITY",0.00869111767773336,0.0569128028574152,0.204544131818546,-0.414253193695841,-1.60751353922364,62,"Tlr4/Hspa1b/Prkch/Dhx9/Hspa1a/Mid2/Il18r1/Traf6/Il18rap/S100a8/Ripk1/Clock/Prkci/Myd88/Prkd1/Cd40lg/Dhx33/Ripk3"
"GOBP_RESPONSE_TO_STEROL",0.00874744090824493,0.0571587072223301,0.211070537868325,-0.567286251347655,-1.72332391039354,21,"Smad2/Tgfbr2/Insig1/Inhbb/Ces1d/Gpld1/Tgfbr1/Abca2/Cyp8b1"
"GOBP_REGULATION_OF_CELLULAR_RESPONSE_TO_STRESS",0.00884827386132869,0.0576325384017692,0.184915881971771,-0.27473499974068,-1.35157504416889,320,"Dnaja1/Dnajb1/Tlr4/Ptgs2/Lrrk2/App/Tmem33/Ccdc117/Dhx9/Skil/Dek/Hspa1a/Alox5/Ncoa7/Usp25/Cd36/Spidr/Chordc1/Wdr48/Stk24/Actr2/Tada2b/Mid1/Hspa5/Hyou1/Mdm2/Slc38a2/Pla2r1/Ppp1r10/Akt3/Insig1/Rock2/Ddx5/Was/Supt20/Cebpg/Slc7a11/Pnpla8/Ubqln1/Taf7/Gch1/Morf4l2/Atr/Adam17/Tada1/Ifi205/Rif1/Braf/Ptpn1/Ptprf/Ppp4r3a/Dyrk1a/Cops3/Polh/Smchd1/Yy1/Kat5"
"GOBP_PROTEIN_LOCALIZATION_TO_NUCLEUS",0.00885780885780886,0.0576325384017692,0.191387828756382,-0.300697313227409,-1.39647957983794,190,"Hsp90aa1/Bag3/Lrrk2/Ipo7/App/Jak1/Jak2/Topors/Gbp2/Il33/Cd36/Xpo1/Tnpo3/Pom121/Nuak2/Tpr/Mdm2/Ppp1r10/Cse1l/Col1a1/Tbrg1/Kpna1/Heatr1/Dtx3l/Ifi205/Nup54/Rap1gds1/Cblb/Nr4a1/Ect2/Kpna2/Kpnb1/Mfhas1/Rrs1/Zc3h12a/Ranbp6/Tesk1/Prkd1/Tsc2/Mtor/Xbp1/Hikeshi/Sox7/Cct2/Ipo9/Osbpl8/Chp1/Atf2/Dclk1/Plrg1/Psen1/Med1/Ywhaz/Larp7/Cct3"
"GOBP_NEGATIVE_REGULATION_OF_GENE_EXPRESSION_EPIGENETIC",0.00894816815802803,0.0580963156528685,0.198584486969905,-0.370959213099387,-1.53560988382994,89,"Tut7/Lbr/Trip12/Atrx/Tpr/Smarca5/Cbx3/Mettl4/Ifi205/Rif1/H3f3a/Dyrk1a/Mbd1/Smchd1/Smarcad1/Pphln1/Tex15/Bmi1/Hells/Baz1a/Wt1/Zfp445/Rrp8/Mettl3/Uhrf1/Ythdc1/Rb1/Spin1/Znfx1/Dot1l/Eed/Hnrnpu/Trim37/Kat8/Smyd5/Morc1/Zfp729a/Rbm15b/Piwil2/Spen"
"GOBP_FC_GAMMA_RECEPTOR_SIGNALING_PATHWAY",0.0090690357208958,0.0587557739789951,0.206652311234449,-0.556426701059978,-1.71072140850713,22,"Clec4e/Clec4d/Fgr/Lyn/Vav3/Pak1/Fcgr1/Ifng/Fyn/Limk1/Hck/Fcgr2b/Yes1/Appl1/Myo1g/Nos2"
"GOBP_ESTABLISHMENT_OF_CELL_POLARITY",0.00912349299446074,0.0589830916520869,0.193113963346815,-0.352782392326133,-1.51888242505985,110,"Ndel1/Myh9/Itgb1/Pkd1/Dock7/Rhoa/Pafah1b1/Golph3/Dock8/Dock2/Rock2/Rap1b/Crk/Phldb2/Rab10/Ripor2/Arf6/Frmd4a/Rock1/Mpp7/Prkci/Kat5/Crb1/Diaph3/Ankfn1/Pak1/Rap2a/Ccdc66/Krit1/Amotl2/Myo9a"
"GOBP_LIPOPOLYSACCHARIDE_MEDIATED_SIGNALING_PATHWAY",0.00926420808836629,0.0597659187056681,0.200513180400413,-0.461785565857998,-1.63049123467376,40,"Tlr4/Tnfaip3/Jak2/Cd14/Cd36/Traf6/Lyn/Cd55/Pira2/Ptpn22/Ptafr/Myd88/Plcg2/Irak3/Ptpn6/Sash1/Spi1/Irak1/Bcl10/Cd55b/Hck/Scimp/Cx3cl1"
"GOBP_NEGATIVE_REGULATION_OF_MONONUCLEAR_CELL_MIGRATION",0.00930578820026056,0.0598811580249011,0.204544131818546,-0.56431455950633,-1.71429639105509,21,"Bmp5/Hc/Dusp1/Mmp28/Plcb1/Ripor2/Klrk1/Slit2/Wasl"
"GOBP_LEUKOCYTE_TETHERING_OR_ROLLING",0.0093214019388516,0.0598811580249011,0.204544131818546,-0.580857448716435,-1.71853418829526,19,"Sele/Itgb1/Golph3/Selp/Gcnt1/Rock1/Vcam1"
"GOBP_STEROID_BIOSYNTHETIC_PROCESS",0.00946745562130178,0.060691373403924,0.193113963346815,-0.381324111545822,-1.56117098317052,83,"Idi1/Bmp5/Hsd17b12/Lbr/Acly/Dhcr24/Acbd3/Ddx20/Insig1/Lipa/Hmgcr/Asah1/Ces1d/Dgkq/Gnai1/Kpnb1/Bmp2/Abca2/Cyp8b1/Cftr/Creb1/Prkaa1/Apob/Msmo1/Stard3/Med1/Sqle/Abcg1/Atp1a1/Sc5d/Scp2/Ifng"
"GOBP_HEART_VALVE_DEVELOPMENT",0.0095440084835631,0.0610535836816169,0.196710025346243,-0.44822835437628,-1.62421556358898,45,"Adamts9/Smad4/Smad2/Tgfbr2/Mdm2/Rhoa/Robo2/Rock2/Aplnr/Rock1/Mdm4/Bmp2/Slit2/Dchs1/Rbpj/Jag1/Robo1/Mtor/Tnfrsf1b"
"GOBP_MHC_CLASS_II_BIOSYNTHETIC_PROCESS",0.00969425801640567,0.0617907887955782,0.200513180400413,-0.61644468870839,-1.71924812125055,15,"Tlr4/Jak2/Il33/Slc11a1/Taf7"
"GOBP_NEGATIVE_REGULATION_OF_INFLAMMATORY_RESPONSE",0.00972012736718619,0.0617907887955782,0.189706833450518,-0.366909085163965,-1.52553233043593,91,"Ptprc/Socs3/Tnfaip3/Hgf/Alox5/Il33/Fgr/Fxr1/Lyn/Fpr2/Ndfip1/Tnfaip6/Mfhas1/Pbk/Irgm1/Irgm2/Il22ra1/Cyld/Clec12a/Ptpn6/Tnfrsf1b/Ahr/Uaca/Rb1/Mefv/Il12b/Cdh5/Fyn/Gnas/Dusp10/Il10ra/Hck/Extl3/Ppara/Furin/Cx3cl1/Fcgr2b/Trim65/Tyro3/Yes1/Ldlr/Bcr/Tnfrsf1a/Dsg2/Stat3"
"GOBP_POSITIVE_REGULATION_OF_WNT_SIGNALING_PATHWAY",0.00972012736718619,0.0617907887955782,0.189706833450518,-0.367084089468253,-1.52625996225251,91,"Lrrk2/Arntl/Ddx3x/Atp6v0c/Tnfaip3/Usp34/Wls/Rnf146/Scel/Crbn/Smurf2/Cdc73/Col1a1/Fgf2/Gpc3/Bmp2/Spin4/Nrarp/Ttc21b/Rbpj/Lrrk1/Tmem132a/Macf1/Tnks2/Ppm1a/Ilk/Tnks"
"GOBP_REGULATION_OF_VIRAL_PROCESS",0.00974626113258276,0.0618255471762426,0.189706833450518,-0.367384155698743,-1.52461818312199,90,"Ddx3x/Dhx9/Tmprss4/Pde12/Pkn2/Mid2/Fam111a/Fmr1/Lamp3/Top2a/Ubp1/Ddx5/Ifih1/Ddb1/Ifi205/Vps37b/Oas2/Kpna2/Ppid/Zfp36"
"GOBP_ESTABLISHMENT_OF_PROTEIN_LOCALIZATION_TO_ORGANELLE",0.00976620301864457,0.0618255471762426,0.177673526439218,-0.28021792201717,-1.35885626196082,278,"Dnaja1/Hspa8/Hsp90aa1/Bag3/Hspd1/Lrrk2/Ipo7/Sec61a1/Ube2d3/Tnfaip3/Hspa4/Jak2/Il33/Cd36/Neurl3/Spidr/Vps13c/Tnpo3/Pom121/Hspa5/Lamp3/Tpr/Zfand2a/Sgtb/Ppp1r10/Lamp2/Cse1l/Golph3/Nipbl/Kpna1/Laptm5/Rab10/Sorl1/Nedd4/Nup54/Cblb/Vps37b/Srp54a/Nr4a1/Glp1r/Stam/Fzd5/Ect2/Kpna2/Cd68/Kpnb1/Becn1/Srp72/Zc3h12a/Ranbp6/Nrarp/Stam2/Prkd1/Tsc2/Rac2/Edem1/Vps13a/Irgm1/Pmpca/Prkaa1/Irgm2/Man1a/Huwe1/Lonp2/Xbp1/Hikeshi/Ipo9/Chp1/Ift122/Atf2/Psen1/Med1"
"GOBP_ESTABLISHMENT_OF_RNA_LOCALIZATION",0.00980723706459249,0.0618416499690188,0.189706833450518,-0.371701912198646,-1.53542481289972,88,"Dhx9/Zc3h11a/Xpo1/Pom121/Fmr1/Peg10/Tpr/Tgfbr2/Fxr1/Ahctf1/Nup205/Eif4e/Atr/Nup54/Rbm33/Senp2/Kpnb1/Agfg1/Zfp36/Iws1/Arc/Ncbp1/Igf2bp2/Bicd2/Thoc2/Tnks/Ranbp17/Ythdc1/Cpsf6/Hnrnpa2b1/Thoc1"
"GOBP_REGULATION_OF_HOMOTYPIC_CELL_CELL_ADHESION",0.00980936516749954,0.0618416499690188,0.198584486969905,-0.553972834869562,-1.70317705195925,22,"Jak1/Ctnnb1/Jak2/Ceacam1/Lyn/Sh2b3"
"GOBP_POSITIVE_REGULATION_OF_VASCULAR_ENDOTHELIAL_GROWTH_FACTOR_PRODUCTION",0.0098806860551827,0.0620822061591378,0.198584486969905,-0.579749336974194,-1.71525571107559,19,"Ptgs2/Il1b/Hc/C3/C5ar1/Adora2b"
"GOBP_POSITIVE_REGULATION_OF_DNA_BIOSYNTHETIC_PROCESS",0.00988829884636513,0.0620822061591378,0.196710025346243,-0.519327359746668,-1.68986094052677,28,"Hsp90aa1/Hgf/Ctnnb1/Fgf2/Atr/Rfc4/Vegfa/Tnks2/Cct2/Nox4/Tnks/Cct3"
"GOBP_CELL_SURFACE_RECEPTOR_SIGNALING_PATHWAY_VIA_STAT",0.00991283541274996,0.0621081971848223,0.189706833450518,-0.395924295448898,-1.56976158032615,69,"Ptprc/Socs3/Jak1/Lepr/Jak2/Wdr48/Pkd1/Il7r/Csf2rb2/Sh2b3/Rac1/Calm1/Ociad2"
"GOBP_VASCULAR_ENDOTHELIAL_CELL_PROLIFERATION",0.010046511627907,0.0627110964659362,0.196710025346243,-0.611495310907286,-1.73812082284775,16,"Col4a3/Akt3/Fgf2/Adam17/Tgfbr1/Nrarp"
"GOBP_T_CELL_CYTOKINE_PRODUCTION",0.0100502512562814,0.0627110964659362,0.196710025346243,-0.561286173308396,-1.70509664342784,21,"Il1b/H2-Q7/Il18r1/Traf6/Il1r1/Cd55/Fzd5/H2-Q2/B2m/Sash3/Tnfrsf1b/Il18"
"GOBP_POSITIVE_REGULATION_OF_SMOOTH_MUSCLE_CELL_PROLIFERATION",0.010173653744957,0.0633512794547937,0.189706833450518,-0.443450110389087,-1.61775070143504,46,"Tlr4/Thbs1/Jak2/Mdm2/Jun/Fgf2/S1pr1/Itga2/Ddr2/Myd88/Pak1/Mmp2/Ereg/Xbp1"
"GOBP_POSITIVE_REGULATION_OF_PHOSPHATIDYLINOSITOL_3_KINASE_PROTEIN_KINASE_B_SIGNAL_TRANSDUCTION",0.0102372440688983,0.0636171595710107,0.181914998907505,-0.347066021446911,-1.49713237986889,112,"Thbs1/App/Il1b/Hgf/Jak2/Pik3ap1/Itgb1/Fgr/Adam8/Il1r1/Chil1/Fgf2/Selp/Fpr2/Rtn4/Ddr2/Rac1/Nedd4/Vav3/Mertk/Tgfbr1/Becn1/Mfhas1/Cat/Irs1/Pik3cg/Prkd1/Vegfa/Cdc42/Eng/Mtor/Pros1/Xbp1/Osbpl8/Ptpn6/Unc5b/Btbd10/Pik3r5/Nox4/Ccl3/Ptprj/Il18"
"GOBP_TIGHT_JUNCTION_ORGANIZATION",0.0102966841186736,0.0637456990718519,0.18806904097585,-0.41030954890313,-1.57190899548854,58,"Prkch/Il1b/Pof1b/Actg1/Rock2/Pdcd6ip/Ocln/Rac1/Rock1/Fzd5/Ect2/Tgfbr1/Mpp7/Epha2/Acvrl1/Tjp1/Tbcd/Cldn8/Srf/Dlg1/Mpdz/Patj/Ildr1/Plec/Cdh5/Cldn1"
"GOBP_VENTRICULAR_SYSTEM_DEVELOPMENT",0.0102997976825455,0.0637456990718519,0.193113963346815,-0.537354368081799,-1.6902533787612,24,"Numb/Kdm2b/Sema6d/Rapgef2/Slc7a11/Hydin/Cenpf/Mboat7/Aqp1/Ttc21b/Myh10"
"GOBP_ORGANOPHOSPHATE_BIOSYNTHETIC_PROCESS",0.0103896103896104,0.0640835030549898,0.256635016972443,0.242535526868822,1.28824517943093,352,"Ndufb7/Ndufa5/Ak1/Atp5g2/Hmgcs2/Bckdk/Pdk2/Ndufb9/Ndufb10/Ndufa11/Ndufa3/Ndufa13/Ndufa8/Uqcc3/Inpp5k/Atp5g3/Ndufb4/Fabp3/Ndufa7/Slc25a10/Ndufa10/Ndufs7/Ndufs2/Ndufs6/Pth1r/Cdipt/Atp5l/Ndufa1/Ndufs3/Atp5j2/Pink1/Dcxr/Ppt2/Tpi1/Aldoa/Ndufc1/Atp5d/Ndufb6/Ndufs8/Pcyt2/Pigyl/Guk1/Amdhd2/Acp6/Atp5g1/Ndufab1/Ormdl3/Tmem150a/Ckm/Dhdds/Atp5o/Pdgfa/Papss2/Idh2/Abhd4/Ndufc2/Atp5j/Lpcat4/Nfs1/Pdhx/Dpm3/Naprt/Acsbg1/Pigv/Hacd1/Pik3c3/Ndufa9/Tamm41/Ckmt2/Ppcdc/Sdhb/Nans/Mlycd/Dlat/Adcy1/Tmsb4x/Mocs2/Ndufb5"
"GOBP_POSITIVE_REGULATION_OF_TRANSFERASE_ACTIVITY",0.0104285481505622,0.0640835030549898,0.180467893079923,-0.347935766155688,-1.49630813380868,109,"Ptprc/Jak2/Tnfrsf10b/Arrdc4/Tom1l1/Lcp2/Cab39/Traf6/Rhoa/Nedd9/Rapgef2/Chil1/Fgf2/Pilrb2/Adam17/Ddr2/Tpx2/Nrg1/Ect2/Ptpn1/Fbn1/Rfc4/Tnfsf15/Pik3cg/Abi1/Ccny/Irgm1/Ripk3/Bmi1/Irgm2/Ereg/Pdcd10/Dstyk/Pim1/Arhgef5/Sash1/Ralb"
"GOBP_REGULATION_OF_T_CELL_MIGRATION",0.0104376487822743,0.0640835030549898,0.191387828756382,-0.518043369819294,-1.68568291218765,28,"App/Rhoa/Adam8/Dock8/Ccr6/Crk/Ripor2/Adam17/Tnfsf14/Ripk3"
"GOBP_REGULATION_OF_CELL_CYCLE_PROCESS",0.0104529616724739,0.0640835030549898,0.166521148019972,-0.257501687644122,-1.30365291571721,431,"Hspa1b/Il1b/Ddx3x/Anxa1/Cltc/Wac/Ctnnb1/Hspa1a/Rps6ka2/Prpf40a/Rint1/Tom1l1/Xpo1/Tmod3/Ccnl1/Bub1/Chordc1/Dusp1/Pkn2/Mki67/Pkd1/H2-Q7/Rassf1/Atrx/Tpr/Nek6/Mdm2/Ahctf1/Gtpbp4/Rhoa/Ppp1r10/Nabp1/Ncapg/Cdk14/Dcun1d3/Zfp36l2/Cdc73/Lyn/Cdc27/Prc1/Smarca5/Rock2/Smc4/Plcb1/Kif3b/Kif11/Pdcd6ip/Kmt2e/Ddb1/Atr/Ripor2/Adam17/Dtx3l/Arf6/Ddr2/Zfp655/Tpx2/Btc/Tgfa/Klhl9/Senp2/Clock/Ect2/Rrm2b/Topbp1/Gnai1/Slfn9/Myo19/Birc6/Becn1/Smc6/Calm1/Bub1b/Plk4/Cenpf/Ccne2/Rad18/Kat5/Rdx/Knl1/Tmem67/Plcg2/Cdc23/Kif23/Ythdf2/Ccdc66/Nusap1/Ncapg2/Epgn/Ereg/Gpnmb/Cdc42/Rbl2/Uvrag/Ppp2ca/Cenpj/Sox7/Ptpn6/Cav2/Gen1/Lrp5/Kif20b/Cdc16/Dlg1/Ccnb1/Atf2/Rrp8/Stxbp4/Plrg1/Spice1/Med1/Mybbp1a"
"GOBP_POSITIVE_REGULATION_OF_MRNA_CATABOLIC_PROCESS",0.0104712041884817,0.0640835030549898,0.186472629239996,-0.408161362669392,-1.5722781349892,60,"Ythdf3/Tut7/Dhx9/Pde12/Fxr1/Zfp36l2/Rock2/Caprin1/Rock1/Btg2/Cnot2/Zfp36/Zc3h12a/Ythdf2/Samd4/Paip1/Zc3hav1/Mettl3/Mettl16/Pum2/Hnrnpu/Csde1/Noct/Zfp36l1/Khsrp/Piwil2/Cnot6/Cnot7/Ago2"
"GOBP_APICAL_JUNCTION_ASSEMBLY",0.0105170902716915,0.0640835030549898,0.186472629239996,-0.425250639423843,-1.58933282237197,52,"Prkch/Pof1b/Pkn2/Rhoa/Rock2/Pdcd6ip/Ocln/Rac1/Rock1/Fzd5/Ect2/Mpp7/Epha2/Acvrl1/Tjp1/Tbcd/Cldn8/Srf/Dlg1"
"GOBP_PROTEIN_LOCALIZATION_TO_VACUOLE",0.0105170902716915,0.0640835030549898,0.186472629239996,-0.425357983232935,-1.58973400939734,52,"Hspa8/Tnfaip3/Vps13c/Lamp2/Rock2/Lmbrd1/Laptm5/Rtn4/Sorl1/Nedd4/Vps37b/Stam/Becn1/Rraga/Rragc/Stam2/Vps13a/Irgm1/Irgm2"
"GOBP_CYTOKINE_PRODUCTION_INVOLVED_IN_IMMUNE_RESPONSE",0.0105227427019688,0.0640835030549898,0.183397180948084,-0.392190503304197,-1.57041334868061,72,"Tlr4/Il1b/Cd36/Tlr7/H2-Q7/Il18r1/Litaf/Traf6/Il1r1/Cd55/Laptm5/Rtn4/Fzd5/Lacc1/H2-Q2/Slc7a5/Myd88/Epx/Plcg2/B2m/Irak3/Sash3/Tnfrsf1b/Cd96/Pirb/Il18/Hk1/Tlr3/Bcl10/Cd55b/Atg5/P2rx7/Scimp/Gprc5b/Irf5/Ddx1/Tlr9"
"GOBP_REGULATION_OF_LIPID_BIOSYNTHETIC_PROCESS",0.0106347623795281,0.0646164075520711,0.180467893079923,-0.361366372331255,-1.51638330181397,96,"Ptgs2/Bmp5/Il1b/Ceacam1/Adgrf5/Sik1/Ddx20/Insig1/C3/Asah1/Ces1d/Abcd2/Gpld1/Dgkq/Gnai1/Kpnb1/Kat5/Bmp2/Plaa/Abca2/Sorbs1/Creb1/Prkaa1/Apob/Mtor/Xbp1/Chp1"
"GOBP_POSITIVE_REGULATION_OF_APOPTOTIC_SIGNALING_PATHWAY",0.0106526885356781,0.0646164075520711,0.181914998907505,-0.36970911178613,-1.52719296070817,88,"Tlr4/Ptprc/Thbs1/App/Jak2/Skil/Mcl1/Dedd2/Mal/S100a8/Ripk1/Inhbb/Tgfbr1/Tnfsf15/Becn1/Bmpr1b/Tnfsf14/Ubb/Pdia3/Mmp2/Cd40lg/Ripk3/Tnfrsf12a/Ppp1ca/Cyld/Pmaip1/Casp2/Taf6"
"GOBP_CELLULAR_RESPONSE_TO_CHEMICAL_STRESS",0.0107361963190184,0.0648943788041532,0.172450317477257,-0.2938841418846,-1.38059659643448,209,"Dnaja1/Ptgs2/Lrrk2/Hspa1b/Arntl/Ddx3x/Tnfaip3/Hgf/Hspa1a/Alox5/Fos/Ncoa7/Cd36/Lrrc8d/Eif2s1/Cab39/Stk24/Mdm2/Pla2r1/Il18rap/Ripk1/Casp3/Slc7a11/Pnpla8/Nfat5/Oser1/Gch1/Ddr2/Stk26/Zfp277/Ect2/Pyroxd1/Prkci/Scn7a/Becn1/Vrk2/Trpc6/Cat/Zc3h12a/Nr4a2/Setx/Srxn1/Usp15/Prkd1/Aqp1/Vps13a/Mmp2/Ripk3/Prkaa1/Pdcd10/Mtor/Xbp1/Dapk1"
"GOBP_REACTIVE_OXYGEN_SPECIES_BIOSYNTHETIC_PROCESS",0.0107411385606874,0.0648943788041532,0.186472629239996,-0.473940146537879,-1.63625454498626,36,"Tlr4/Slc5a3/Alox5/Arg2/Cybb/Cd36/Rhoa/Lipa/Abcd2"
"GOBP_POSITIVE_REGULATION_OF_OSTEOCLAST_DIFFERENTIATION",0.0108229147228961,0.0652589610519178,0.189706833450518,-0.597231128105681,-1.72270788446586,17,"Ccr1/Fos/Traf6/Nedd9/Tyrobp/Creb1/Fam102a/Tmem64/Ifng/Il12b/Rptor"
"GOBP_RESPONSE_TO_ANTIBIOTIC",0.0108515725583962,0.0653024475105066,0.18806904097585,-0.534068401613324,-1.67991733935081,24,"Hsp90aa1/Jak1/Jak2/Skil/Slc1a3/Mdm2"
"GOBP_MEMBRANE_PROTEIN_ECTODOMAIN_PROTEOLYSIS",0.0109201575366989,0.0655855615369785,0.184915881971771,-0.472964511628583,-1.63288621447819,36,"App/Il1b/Timp3/Erap1/Sh3d19/Myh9/Adam8/Adam17/Rock1/Gpld1/Adam9/Nrd1/Sppl2a"
"GOBP_HOMOTYPIC_CELL_CELL_ADHESION",0.010950808273944,0.0656401795160621,0.181914998907505,-0.405195792735608,-1.57236620687877,62,"Jak1/Ctnnb1/Jak2/Hspb1/Myh9/Ceacam1/Plek/Cxadr/Actg1/Lyn/Slc7a11/Sh2b3/Rdx/Fga/Pik3cg/Pdia3/Ptpn6/Fgg/Ilk/Tubb1"
"GOBP_REGULATION_OF_NON_CANONICAL_NF_KAPPAB_SIGNAL_TRANSDUCTION",0.0109832635983264,0.0657053785007932,0.181914998907505,-0.422646001798139,-1.59042542369227,53,"App/Il1b/Ddx3x/Actn4/Il18r1/Litaf/Trim44/Rhoa/Ripk1/Laptm5/Ptpn22/Zc3h12a/Tnfsf14/Nr3c2/Cyld/Sash1/Dlg1/Ppm1a/Uaca/Edar/Il18/Spi1/Trim56/Il12b/Vcp"
"GOBP_NEGATIVE_REGULATION_OF_AUTOPHAGY",0.0110764970578055,0.0661332030216032,0.180467893079923,-0.415695249964984,-1.57929569327392,55,"Lrrk2/Lepr/Hgf/Mcl1/Vps13c/Pptc7/Scfd1/Eif4e/Ptpn22/Eif4g2/Smcr8/Herc1/Becn1/Rraga/Rragc/Slc7a5/Tlk2/Foxk2/Tsc2"
"GOBP_ERYTHROCYTE_HOMEOSTASIS",0.0111713487760802,0.0665061896391054,0.175004015942342,-0.357536526759185,-1.5167408146407,101,"Hspa1b/Jak2/Hspa1a/Tmod3/Ptbp3/Acvr2a/Rcor1/Adgrf5/Cited2/Lyn/Casp3/Cebpg/Kmt2e/Sh2b3/Rac1/Tcea1/Slc25a5/Sp3/Mfhas1/Zfp36/Senp1/Diaph3/Tspo2/B2m/Vegfa/Ncapg2/Rac2/Rhag/Vps13a/Abcb10/Hipk2/Arid4a/Srf/Slc4a1/Med1/L3mbtl3/Spi1/Rb1/Hnrnpu/Klf1/Hspa9/Kat7/Zfp36l1/Tal1/Ireb2"
"GOBP_REGULATION_OF_CELLULAR_RESPONSE_TO_TRANSFORMING_GROWTH_FACTOR_BETA_STIMULUS",0.0111826499491698,0.0665061896391054,0.177673526439218,-0.374486161074185,-1.53546205546939,84,"Thbs1/Skil/Hspa1a/Rnf111/Smad4/Hsp90ab1/Smad2/Peg10/Hspa5/Smurf2/Cited2/Glg1/Npnt/Adam17/Ldlrad4/Sap130/Fbn1/Bmp2/Arid4b/Zfp451/Usp15/Strap/Mtmr4/Hipk2/Arid4a/Itga8/Eng/Xbp1/Rbbp7/Cav2/Ppm1a/Mecom/Ltbp4"
"GOBP_POSITIVE_REGULATION_OF_CELLULAR_COMPONENT_BIOGENESIS",0.011211415259173,0.066547289403863,0.164313492356652,-0.274533479501687,-1.34294272055946,301,"Tlr4/Hsp90aa1/Hspa1b/Ddx3x/Piezo1/Flrt3/Ndel1/Washc2/Hspa1a/Gbp2/Cd36/Spidr/Smad4/Usp16/Actr2/Fmr1/Plek/Tpr/Dock11/Snx7/Ace2/Crbn/Rhoa/Actr3/Eps8/Cand1/Swap70/Rock2/Rap1b/Pdcd6ip/Ocln/Caprin1/Atr/Ripor2/Dzip1/Arf6/Rac1/Ptpn22/Rp1/Rock1/Agrn/Nrg1/Braf/Akirin1/Wasf2/Stam/Zdhhc5/Tgfbr1/Mpp7/Becn1/Plk4/Epha2/Cep135/Cnot2/Acvrl1/Baiap2l1/Myd88/Fnbp1l/Creb1/Plcg2/Tesk1/Wasl/Prkd1/Pak1/Nckap1/Ift88/Vegfa/Rac2/Slx4/Map4k4/Dhx33/Snx4/Cdc42/Mtor/Gpm6a/Ppp2ca/Cenpj/Arhgef5/Psmc6/Srf/Ralb/Dlg1/Alox15/Togaram1/Slain1/Mapk9/Fnip2/Synpo/Eif4g1/Ptprj/Clstn1/Sdcbp/Rala/Plce1/Mapk8/Pip4k2a/Bcl2l11/Pxn"
"GOBP_RESPONSE_TO_ALCOHOL",0.0112555485098288,0.0666792708413009,0.171214318379654,-0.31509582037397,-1.42976228471849,161,"Ptprc/Ctnnb1/Fos/Cybb/Fosb/Spidr/Smad2/Adcy3/Tnc/Tgfbr2/Klf9/Mdm2/S100a8/Eps8/Golph3/Adcy7/Inhbb/Fgf2/Psmd14/Lipa/Ces1d/Gpld1/Vcam1/Gnai1/Cd68/Btg2/Tgfbr1/Cat/Myd88/Abca2/Cyp8b1/Cftr/Creb1/Slit2/Slc23a2/Prkd1/Acaca/Sgk1/Prkaa1/Ghr/Cad/Gnb1/Eef2"
"GOBP_ALCOHOL_BIOSYNTHETIC_PROCESS",0.0113405551794177,0.0670524087792757,0.17632375173773,-0.375097055299227,-1.53433519239292,82,"Idi1/Bmp5/Lbr/Acly/Itpkc/Asah2/Plek/Dhcr24/Insig1/Lipa/Hmgcr/Asah1/Gch1/Ces1d/Dgkq/Gnai1/Kpnb1/Acer3/Ptafr/Bmp2/Abca2/Cftr/Plcg2"
"GOBP_RESPONSE_TO_PROGESTERONE",0.011372110365399,0.0670624274216153,0.184915881971771,-0.613194363752222,-1.71018304992022,15,"Thbs1/Fos/Fosb/Abhd2"
"GOBP_HUMORAL_IMMUNE_RESPONSE",0.011432304425935,0.0670624274216153,0.172450317477257,-0.347365526500683,-1.49052973932926,108,"Ptprc/Trem1/C7/App/Il1b/Hc/Alox5/Bst1/Cd83/H2-Q7/Slc11a1/Lyz2/C3/Cd55/Ms4a1/Ccr6/Serping1/Cr1l/Fga/Ythdf2/B2m/Rbpj/Bmi1/Spag11b/Cfi/Ptpn6/C1s1/Cfp/Ccl3/Ear6/Fcnb/Ccl4/C2/Ifng/Ebi3/Pgc/Cd55b/Spns2"
"GOBP_B_CELL_ACTIVATION_INVOLVED_IN_IMMUNE_RESPONSE",0.0114364928088719,0.0670624274216153,0.177673526439218,-0.416317529112568,-1.5745470185383,54,"Tlr4/Ptprc/Hspd1/Pcyt1a/Dock11/Swap70/Gapt/Nfkbiz/Ccr6/Ndfip1/Rif1/Kmt5b/Cr1l/Plcg2"
"GOBP_REGULATION_OF_CELL_KILLING",0.0114510340112801,0.0670624274216153,0.17632375173773,-0.392879561217941,-1.56118994302126,70,"Ptprc/Icam1/Pvr/Ceacam1/H2-Q7/Il18rap/Ulbp1/Il7r/Cd55/Crk/Klrk1/Itgam/Tyrobp/H2-Q2/Cr1l/B2m/Ripk3/Stx7/Klrc1/Pirb/Klrc2/Spi1/Dnase1/Mapk8/Il12b/Cd55b/Ppp3cb/Cd1d1/P2rx7/Fcgr2b"
"GOBP_REGULATION_OF_RHO_PROTEIN_SIGNAL_TRANSDUCTION",0.0114523685580427,0.0670624274216153,0.177673526439218,-0.409743514655791,-1.56552392448651,57,"Col3a1/Itgb1/Arhgef28/Kctd10/Dock11/Fxr1/Arhgdib/Dock7/Eps8/Arhgap30/Dock8/Ripor2/Rac1/Cdc42se2/Arhgap20/Tagap/Pdcd10/Robo1/Arhgef18/Prag1/Akap13/Dock10/Arhgap42/Arhgef3/Gpr4/Tnfaip1/Abl2/Sema4d/Csnk1a1/Adgrg1"
"GOBP_CELL_SURFACE_RECEPTOR_SIGNALING_PATHWAY_VIA_JAK_STAT",0.0115183246073298,0.0673191908432234,0.177673526439218,-0.404964404905145,-1.55996313594486,60,"Ptprc/Socs3/Jak1/Jak2/Wdr48/Pkd1/Il7r/Csf2rb2/Sh2b3/Rac1/Calm1/Ociad2"
"GOBP_POSITIVE_REGULATION_OF_SMOOTH_MUSCLE_CELL_MIGRATION",0.0115872723928637,0.067592422291705,0.181914998907505,-0.531414562812146,-1.67156966365146,24,"Tlr4/Sema6d/Mdm2/Dock7/Postn/Crk/Itga2/Ddr2"
"GOBP_CARBOHYDRATE_DERIVATIVE_BIOSYNTHETIC_PROCESS",0.0116883116883117,0.0680514514166522,0.241698386096655,0.242855691335315,1.28431781912021,341,"Ndufb7/Ndufa5/Ak1/Atp5g2/Cytl1/Ndufb9/Ndufb10/Mustn1/Chst12/Ndufa11/Ndufa3/Ndufa13/Ndufa8/Mgat4b/Uqcc3/Atp5g3/Ndufb4/Ndufa7/Slc25a10/Ndufa10/Ndufs7/Ndufs2/Ndufs6/Itm2c/Vangl2/Atp5l/Chpf/Ndufa1/Chst14/Ndufs3/Atp5j2/Pink1/Dcxr/B3gat3/Tpi1/Aldoa/2210016F16Rik/Ndufc1/Vegfb/Atp5d/Ndufb6/Ndufs8/Pigyl/Guk1/Amdhd2/Xylt2/St6galnac5/Atp5g1/Ndufab1/Sccpdh/Gal3st1/Dhdds/Mpdu1/Atp5o/Papss2/Slc2a4/Ndufc2/Atp5j/Fut10/B4galt4/Nudt14/Dpm3"
"GOBP_REGULATION_OF_INTRINSIC_APOPTOTIC_SIGNALING_PATHWAY",0.0118304304962208,0.068661014237722,0.170004278488927,-0.351492471462373,-1.49741412325175,104,"Dnaja1/Ptgs2/Lrrk2/App/Ddx3x/Ctnnb1/Skil/Hspa1a/Hspb1/Mcl1/Hyou1/Mdm2/S100a8/Fgf2/Ubqln1/Rrm2b/Ptpn1/Becn1/Usp15/Ubb/Sgms1/Mmp2/Ripk3/Txndc12/Hells/Cyld/Uri1/Xbp1/Pmaip1/Taf6"
"GOBP_PROTEIN_POLYUBIQUITINATION",0.0118381059030555,0.068661014237722,0.167658528065765,-0.319385616906489,-1.43481003762847,150,"Ddx3x/Ube2d3/Rnf125/Tnfaip3/Ctnnb1/Topors/Rnf6/Arrdc4/Rnf111/Rnf146/Trip12/Traf6/Mdm2/Trim44/Kbtbd2/Cdc27/Arel1/Rnf20/Itch/Rffl/Wsb1/Dtx3l/Ptpn22/Nedd4/Rnf123/Nt5c2/Ube2q2/Kbtbd7/Plaa/Ttc3/Cdc23/Kcmf1/Huwe1/Fbxo38/Tnks2/Cul1/Sash1/Cdc16/Cul5/Ube2n/Tnks/Ube2v2/Npepps/Dtl/Ube3c/Trim56/Rnf115/Fbxl7"
"GOBP_OSSIFICATION",0.0119527864933513,0.0691943628750087,0.161159145661682,-0.283312684529506,-1.35744287217376,246,"Ccr1/Nab1/Bmp5/Ipo7/Cltc/Dhx9/Hgf/Ctnnb1/Alox5/Gdpd2/Snrnp200/Smad4/Smad2/Areg/Egr2/Acvr2a/Tnc/Iars/Traf6/Fgr/Gtpbp4/Rhoa/Dnajc13/Col1a1/Fgf2/Nipbl/Ddx5/Gpc3/S1pr1/Npnt/Tnfaip6/Tmco1/Ddr2/Ccdc47/Rflnb/Vegfc/Gpld1/Igsf10/H3f3a/Csgalnact1/Herc1/Sp3/Fstl3/Epha2/Atp2b1/Bmpr1b/Ext2/Cat/Bmp2/Phex/Tpm4/Prkd1/Dchs1/Rsl1d1/Vegfa/Mmp2/Rbpj/Runx1/Jag1/Fasn/Stc1/Xylt1/Tmem64/Lrp5/Ptprb/Alox15/Ilk/Runx2/Mybbp1a/Clec11a/Ccl3/Col1a2"
"GOBP_SUPEROXIDE_METABOLIC_PROCESS",0.0120503278398015,0.0696063640104238,0.175004015942342,-0.446932517434661,-1.6011484806461,43,"Itgb2/App/Cybb/Bst1/Pon3/Cd36/Ncf2/Cd177/Fpr2/Gch1/Rac1/Itgam/Tyrobp/Sh3pxd2b/Shc1/Rac2"
"GOBP_RESPIRATORY_CHAIN_COMPLEX_IV_ASSEMBLY",0.0120741699008193,0.0696063640104238,0.193113963346815,0.558589859655858,1.72330692496196,19,"mt-Co3/Pet100/Coa3/Smim20/Cox10/Coa6/Smim4"
"GOBP_CELL_SURFACE_TOLL_LIKE_RECEPTOR_SIGNALING_PATHWAY",0.0120925341745531,0.0696063640104238,0.173713219262156,-0.434811736944389,-1.59401410274971,47,"Tlr4/Tnfaip3/Cd14/Pik3ap1/Tax1bp1/Traf6/Lyn/Tlr5/Pira2/Ptpn22/Tnip3/Mfhas1/Myd88"
"GOBP_INTERLEUKIN_17_PRODUCTION",0.0121836925960637,0.0699646762597413,0.179054499269993,-0.582288530686996,-1.69571411377195,18,"Tlr4/Jak2/Arg2/Slc7a5/Myd88/Vsir/Il18/Ifng/Il12b"
"GOBP_CELLULAR_OXIDANT_DETOXIFICATION",0.0122007366482505,0.0699646762597413,0.198584486969905,0.414766777470437,1.58320910775403,45,"Gpx4/Hba-a2/Hba-a1/Cygb/Gpx7/Park7/Txn1/Gstk1/Gpx1/Gpx3/Mt3/Mb/Prdx6/Txnrd2/Gstm7/Ccs"
"GOBP_POSITIVE_REGULATION_OF_CELL_MIGRATION_INVOLVED_IN_SPROUTING_ANGIOGENESIS",0.0123157305467438,0.0704913524714941,0.177673526439218,-0.590784299351641,-1.704112064185,17,"Ptgs2/Pik3c2a/Anxa1/Akt3/Fgf2"
"GOBP_REGULATION_OF_LYMPHOCYTE_MIGRATION",0.0124047492468545,0.0707428642698096,0.172450317477257,-0.445930873035615,-1.59756006104109,43,"App/Rhoa/Nedd9/Adam8/Dock8/Ccr6/Crk/Ripor2/Adam17/Klrk1/Tnfsf14/Wasl/Ripk3/Ccl3/Padi2/Ccl4/Jam2/Spns2/Msn/P4hb/Abl2"
"GOBP_RNA_LOCALIZATION",0.0124061377734247,0.0707428642698096,0.165406383146814,-0.34015070546301,-1.47112447243225,115,"Dhx9/Nop58/Zc3h11a/Xpo1/Pom121/Fmr1/Peg10/Tpr/Tgfbr2/Fxr1/Ahctf1/Nup205/Eif4e/Caprin1/Atr/Nup54/Rbm33/Senp2/Shq1/Kpnb1/Agfg1/Yy1/Prpf6/Zfp36/Iws1/Arc/Ncbp1/Igf2bp2/Cct2/Bicd2/Thoc2/Tnks/Cct3/Ranbp17/Ythdc1/Cpsf6/Hnrnpa2b1/Pum2/Thoc1/Hnrnpu/Bicd1"
"GOBP_RESPONSE_TO_MINERALOCORTICOID",0.0125585754451734,0.0714782471599121,0.17632375173773,-0.58056755394603,-1.69070236376257,18,"Ptprc/Fos/Cybb/Fosb"
"GOBP_RESPONSE_TO_FIBROBLAST_GROWTH_FACTOR",0.0126344544988902,0.0717759588602998,0.167658528065765,-0.391453707880105,-1.5486058097989,68,"Thbs1/Ndst1/Flrt3/Ctnnb1/Itgb1/Tnc/Spry4/Zfp36l2/Col1a1/Fgf2/Postn/Kif16b/Nr4a1/Gclm/Ptpn1/Zdhhc16/Ext2/Iqgap1/Zfp36/Ier2"
"GOBP_REGULATION_OF_LEUKOCYTE_DEGRANULATION",0.0126628075253256,0.0718030706045,0.172450317477257,-0.481402052315484,-1.63047275893234,33,"Itgb2/Ceacam1/Fgr/Lyn/Cd177/Il4ra/Cd84/Itgam/Adora2b/H2-Q2/Cd300a/Rac2/Snx4/Klrc1/D6Wsu163e/Klrc2/Spi1"
"GOBP_IMMUNOGLOBULIN_PRODUCTION",0.0126890318094907,0.0718180331968386,0.168819300017839,-0.400206528926682,-1.55300532023828,62,"Ptprc/Hspd1/Pcyt1a/Il33/Il13ra1/Traf6/Swap70/Nfkbiz/Ccr6/Il4ra/Ndfip1/Rif1/Yy1/Pkn1/Kmt5b/Cr1l"
"GOBP_PROTEIN_TARGETING_TO_LYSOSOME",0.0127460168697282,0.0718830042138313,0.175004015942342,-0.580160091173463,-1.68951576925166,18,"Hspa8/Lamp2/Laptm5/Sorl1/Nedd4/Becn1"
"GOBP_FEMALE_GAMETE_GENERATION",0.0127572716448376,0.0718830042138313,0.166521148019972,-0.376241865612111,-1.52385707432916,78,"Tut7/Ctnnb1/Rps6ka2/Hexb/Etv6/Mmp19/Taf4b/Ddx20/Orc4/Top2a/Inhbb/Ddb1/Tnfaip6/H3f3a/Bmpr1b/Ubb/Marf1/Ythdf2/Spire1/Mmp2/Zfx/Ereg/Sycp2/Ccnb1/Mettl3/Ythdc1/Shb/Ccnb2/Diaph2/Dcaf13/Kat8/Aspm/Tdrd7/Mastl/Piwil2"
"GOBP_CELLULAR_RESPONSE_TO_UNFOLDED_PROTEIN",0.012818321654418,0.0718830042138313,0.166521148019972,-0.39029909482818,-1.55093591462765,70,"Bag3/Hspd1/Tmem33/Hspa1a/Eif2s1/Hspa5/Yod1/Akt3/Qrich1/Parp8/Ptpn1/Rhbdd1/Herpud2/Serp1/Cth/Edem3"
"GOBP_REGULATION_OF_JNK_CASCADE",0.0128226477935054,0.0718830042138313,0.164313492356652,-0.355346336745666,-1.48844806506196,95,"Dnaja1/Tlr4/Dusp3/App/Il1b/Sema3a/Naip2/Traf6/Mink1/Rb1cc1/Pafah1b1/Ripk1/Plcb1/Itch/Crk/Ptpn22/Nr2c2/Sh3rf3/Mfhas1/Myd88/Phlpp1/Rap2a/Rnf13/Map4k4/Hipk2/Cyld/Mecom/Edar/Ccdc88c/Sh3rf1/Dusp19/Sdcbp/Tnfrsf19/Rgs2/Tlr3/Taok3/Dusp10"
"GOBP_RENAL_SYSTEM_DEVELOPMENT",0.0128443206437635,0.0718830042138313,0.158177999589196,-0.295347740887633,-1.37497727927788,193,"Lrrk2/Sec61a1/Ctnnb1/Tiparp/Prkx/Arg2/Mme/Odc1/Smad4/Smad2/Col4a3/Pkd1/Enpep/Col4a1/Rhoa/Fgf2/Robo2/Nipbl/Cd24a/Gpc3/Gcnt1/Lrp2/Npnt/Cep290/Gfra1/Arid5b/Rrm2b/Tgfbr1/Fbn1/Cenpf/Iqgap1/Cat/Bmp2/Hs2st1/Slit2/Dchs1/Aqp1/Gdnf/Ift88/Vegfa/Jag1/Bmi1/Hells/Bloc1s6/Itga8/Wt1/Dync2h1/Cbwd1/Dlg1/Gcnt4/Ilk"
"GOBP_REGULATION_OF_RELEASE_OF_CYTOCHROME_C_FROM_MITOCHONDRIA",0.0128512306686996,0.0718830042138313,0.18806904097585,0.520671966147067,1.68831446977091,23,"Plscr3/Pink1/Nol3/Fxn/Bax/Gpx1/Pycard/Parl/Ppif/Bbc3/Bnip3"
"GOBP_BONE_DEVELOPMENT",0.0128685453656947,0.0718830042138313,0.162190534576841,-0.336331079214108,-1.45824580839265,117,"Ptprc/Nab1/Lepr/Serpinh1/Col3a1/Ppib/Ogn/Tgfbr2/Pls3/Rhoa/Pafah1b1/Cited2/Insig1/Col1a1/Glg1/Lipa/Ddr2/Rflnb/Pappa2/Csgalnact1/Fbn1/Bmpr1b/Ext2/Tyrobp/Bmp2/Phex/Bbx/Dchs1/Sh3pxd2b/Itgb6/Ghr/Lrrk1/Stc1/Xylt1/Lrp5/Atf2/Akap13/Runx2/Pirb/Opa3"
"GOBP_FOREBRAIN_CELL_MIGRATION",0.0128893662728249,0.0718830042138313,0.170004278488927,-0.468244375547918,-1.61659018180115,36,"Lrrk2/Ndel1/Ctnnb1/Col3a1/Rhoa/Pafah1b1/Rtn4/Rac1/Mboat7/Slit2/Robo1/Wdr47/Srf/Syne2/Psen1"
"GOBP_MEMBRANE_RAFT_ORGANIZATION",0.0130281034803648,0.0725239032864914,0.172450317477257,-0.55151662883682,-1.67541834690378,21,"Ptprc/Mal/Dock2/Ppt1/Colec12/Iqgap1/Cav2/Dlg1/Ilk/Npc1"
"GOBP_NEGATIVE_REGULATION_OF_SIGNAL_TRANSDUCTION_IN_ABSENCE_OF_LIGAND",0.0131819846210179,0.0732466116259117,0.170004278488927,-0.527198971286792,-1.6761186368175,25,"Hspa1b/Il1b/Hspa1a/Mcl1/Ripk1/Nrg1/Gdnf/Unc5b/Eya2"
"GOBP_REGULATION_OF_TRANSLATION_IN_RESPONSE_TO_STRESS",0.0132093023255814,0.073264709620028,0.171214318379654,-0.60050955695919,-1.70689479813215,16,"Prkch/Ddx3x/Rps6ka3/Eif2s1"
"GOBP_NEGATIVE_REGULATION_OF_RESPONSE_TO_CYTOKINE_STIMULUS",0.013290802764487,0.0734491731721649,0.166521148019972,-0.442998558398178,-1.5870549602857,43,"Ptprc/Ythdf3/Naip2/Tax1bp1/Usp25/Rffl/Sh2b3/Anxa4/Il1r2/Slit2/Ythdf2/Robo1/Cyld/Dicer1/Irak3/Mettl3/Padi2"
"GOBP_REGULATION_OF_OSTEOCLAST_DIFFERENTIATION",0.013290802764487,0.0734491731721649,0.166521148019972,-0.443427698398126,-1.58859236656539,43,"Tlr4/Ccr1/Ctnnb1/Fos/Traf6/Nedd9/Tnfaip6/Fstl3/Fbn1/Tyrobp/Creb1/Fam102a/Mtor/Tmem64/Pirb/Ccl3/Ifng/Il12b/Tlr3/Rptor/Ubash3b"
"GOBP_REGULATION_OF_MITOTIC_SPINDLE_ASSEMBLY",0.0134353424146296,0.0741134377763535,0.170004278488927,-0.588207796702671,-1.69668016517832,17,"Hspa1b/Hspa1a/Tpr/Pdcd6ip/Ripor2"
"GOBP_NEGATIVE_REGULATION_OF_INTERLEUKIN_2_PRODUCTION",0.0136092468307233,0.0749369920425906,0.168819300017839,-0.566472904820437,-1.6759758454128,19,"Ptprc/Tnfaip3/Laptm5/Gpr174/Kat5/Zfp36/Cr1l"
"GOBP_SISTER_CHROMATID_SEGREGATION",0.0137446060412338,0.0755457137103916,0.155354732375283,-0.315250466749746,-1.41807117919959,152,"Hspa1b/Hspa1a/Bub1/Dusp1/Tpr/Nek6/Rhoa/Top2a/Ncapg/Cdc27/Nipbl/Prc1/Smarca5/Smc4/Kif3b/Kif11/Kif18a/Pdcd6ip/Stag2/Ripor2/Tpx2/Kpnb1/Eml4/Becn1/Bub1b/Cenpf/Rrs1/Kat5/Knl1/Cdc23/Kif23/Ccdc66/Nusap1/Ncapg2/Stag1/Kmt5a/Sox7/Gen1/Cdc16/Ccnb1/Spice1/Ncapd2/Uhrf1"
"GOBP_HEART_VALVE_MORPHOGENESIS",0.0137844611528822,0.075624471521049,0.164313492356652,-0.459433500861843,-1.60450773298595,38,"Adamts9/Smad4/Smad2/Tgfbr2/Mdm2/Rhoa/Robo2/Rock2/Rock1/Mdm4/Bmp2/Slit2/Dchs1/Jag1/Robo1/Mtor"
"GOBP_RESPONSE_TO_STARVATION",0.0138086062941554,0.075624471521049,0.155354732375283,-0.321652564675406,-1.43074092631764,139,"Hspa8/Lrrk2/Prkch/Usp33/Yme1l1/Fos/Cpeb4/Eif2s1/Stk24/Nuak2/Hspa5/Asns/Upp1/Cadps2/Slc38a2/Lamp2/Bmt2/Inhbb/Ifi205/Stk26/Becn1/Rraga/Rragc/Kat5/Slc7a5/Zfp36/Zc3h12a/Foxk2/Prkd1/Pak1/Dele1/Tsc2/Prkaa1/Mtor/Xbp1/Cad/Pmaip1/Clec16a/Sesn3/Ralb/Atf2/Rrp8/Mybbp1a/Ywhaz/Mios"
"GOBP_POSITIVE_REGULATION_OF_PROTEIN_LOCALIZATION",0.0139010828211882,0.0759942498932101,0.147704896905467,-0.270491625284691,-1.3258233199643,311,"Tlr4/Hsp90aa1/Bag3/Itgb2/Prkch/Ipo7/App/Il1b/Jak1/Ube2d3/Slc5a3/Jak2/Wls/Itgb1/Hsp90ab1/Tpr/Mdm2/Nedd9/Adam8/Golph3/Rock2/Plcb1/Crk/Acsl4/Tnfaip6/Dzip1/Dtx3l/Arf6/Ifi205/Rtn4/Cep290/Rac1/Sorl1/Frmd4a/Vegfc/Gpld1/Tmem30a/Adam9/Fzd5/Ect2/Gnai1/Kif5b/Zdhhc5/Itgam/Prkci/Ppid/Epha2/Cep135/Serp1/Tyrobp/Zc3h12a/Cftr/Rdx/Sorbs1/Fga/Tesk1/Prkd1/Pak1/Vegfa/Rac2/Edem1/Tmed10/Sptbn1/Nadk/Amotl2/Prkaa1/Myh10/Ano1/Pdcd10/Tmem132a/Huwe1/Cyld/Xbp1/Farp1/Cenpj/Arhgef5/Sox7/Cct2/Chp1/Xpo4/Fgg/Kif20b/Dlg1/Ppm1a/Psen1/Larp7/Chrm3/Rab11fip2/Cct3/Tomm70a/Cenpq/Abcg1/Eif4g1/Ipo5/Pls1/Npepps"
"GOBP_PROTEIN_LOCALIZATION_TO_ENDOSOME",0.013953488372093,0.076062248644868,0.166521148019972,-0.597632277368311,-1.69871638779791,16,"Washc2/Rock2/Dtx3l/Arf6/Sorl1/Tmem30a/Rdx/Vegfa/Rab35"
"GOBP_NEGATIVE_REGULATION_OF_WOUND_HEALING",0.0139634801288937,0.076062248644868,0.16324176812788,-0.465489105923693,-1.60707775184933,36,"Thbs1/Alox5/Ceacam1/Cask/Fgf2/Crk/Phldb2/Sh2b3/Serping1/Fga/Plat/Pros1/Fgg/Thbd/Ubash3b/Eppk1/Slc12a2"
"GOBP_REGULATION_OF_RELEASE_OF_SEQUESTERED_CALCIUM_ION_INTO_CYTOSOL_BY_SARCOPLASMIC_RETICULUM",0.0140936686903729,0.0765259081689102,0.179054499269993,0.541823057380955,1.69082036917311,20,"Atp1a2/Prkaca/Tmem38a/Hrc/Casq1/Pln/Ank2/Trdn/Gstm7/Akap6/Ryr2/Gsto1/Fkbp1a"
"GOBP_VIRAL_GENOME_REPLICATION",0.0140988618990997,0.0765259081689102,0.158177999589196,-0.380844972486938,-1.52689752609881,73,"Ddx3x/Dek/Pde12/Ppib/Pkn2/Pcbp2/Fam111a/Fmr1/Top2a/Ddx5/Ifih1/Ddb1/Tmem41b/Eef1a1/Ifi205/Oas2/Smc6/Ppid/Zc3h12a"
"GOBP_KIDNEY_EPITHELIUM_DEVELOPMENT",0.0142011834319527,0.0769441344311314,0.157220069393743,-0.368263662952104,-1.50770047670544,83,"Ctnnb1/Arg2/Smad4/Smad2/Pkd1/Fgf2/Robo2/Cd24a/Gpc3/Npnt/Iqgap1/Cat/Bmp2/Hs2st1/Slit2/Dchs1/Aqp1/Gdnf/Vegfa/Jag1/Wt1/Dlg1/Ilk"
"GOBP_REGULATION_OF_ATP_DEPENDENT_ACTIVITY",0.0143140277471922,0.0774177877268213,0.179054499269993,0.484039158135092,1.65483771067881,28,"Tpm2/Tnnt2/Pam16/Tnnt3/Oxa1l/Pfn1/Myl4/Atp2a1/Pln/Ppif/Pfn2"
"GOBP_DEVELOPMENTAL_PROCESS_INVOLVED_IN_REPRODUCTION",0.0144468904788112,0.0778642829548751,0.140389202001749,-0.249387000586353,-1.27446957951961,482,"Ptgs2/Lrrk2/Arntl/Bmp5/Il1b/Tut7/Ctnnb1/Tiparp/Skil/Rps6ka2/Fndc3a/Hexb/Smad4/B4galnt1/Herc4/Wdr48/Areg/Zc3h14/Abhd2/Acvr2a/Pkd1/Tnc/Atrx/Mmp19/Taf4b/Kdm2b/Dhcr24/Rad23b/Fxr1/Pgm3/Dedd/Vps13b/Ddx20/Pafah1b1/Slc2a3/Aff4/Cited2/Inhbb/Tlr5/Robo2/Nipbl/C3/Casp3/Cfap206/Kif18a/Ccr6/Lrp2/Cfap44/Ddb1/Tnfaip6/Dzip1/Antxr2/Rac1/Nr2c2/Gmnc/Gfra1/H3f3a/Senp2/Clock/Arid5b/Fzd5/Rai14/Rhbdd1/Mertk/Tgfbr1/Agfg1/Kitl/Herpud2/Plk4/Yy1/Sycp1/Bmpr1b/Kat5/Arid4b/Btg1/Ccdc146/Cftr/Setx/Adamts2/Knl1/Kdm3a/Ubb/Marf1/Slit2/Tesk1/Spag16/Ythdf2/1700102P08Rik/Vegfa/Ccny/Mmp2/Adam28/Tex15/Foxj3/Zfx/Ereg/Apob/Kdm1b/Cntln/Arid4a/Frs2/Mtor/Spag11b/Stc1/Wt1/Esr1/Casp2/Sycp2/Kdm5b"
"GOBP_NUCLEAR_CHROMOSOME_SEGREGATION",0.0144477240950753,0.0778642829548751,0.149308206900753,-0.294096915964223,-1.36690569420269,192,"Hspa1b/Hspa1a/Bub1/Dusp1/Actr2/Tpr/Nek6/Rhoa/Actr3/Top2a/Ncapg/Cdc27/Nipbl/Prc1/Smarca5/Smc4/Kif3b/Kif11/Kif18a/Pdcd6ip/Stag2/Ddb1/Ripor2/Tpx2/Ect2/Kpnb1/Eml4/Becn1/Bub1b/Cenpf/Gem/Ccne2/Sycp1/Rrs1/Kat5/Knl1/Cdc23/Kif23/Ccdc66/Nusap1/Ncapg2/Stag1/Tex15/Kmt5a/Cdc42/Sox7/Sycp2/Gen1/Cdc16/Ccnb1/Spice1/Ncapd2/Uhrf1/Cenpq"
"GOBP_REGULATION_OF_RESPONSE_TO_WOUNDING",0.0145358440700363,0.0782007865605312,0.1535535368591,-0.350363877804071,-1.47763373743197,98,"Thbs1/Anxa1/Tnfaip3/Alox5/Il33/Cd36/Ceacam1/Itgb1/Stk24/Actg1/Cask/Fgf2/Crk/Ocln/Phldb2/Sh2b3/Adam17/Ddr2/Braf/Ptprf/Serping1/Fga/Plat/Tnfrsf12a/Mtor/Pros1/Xbp1/Ptpn6/Fgg"
"GOBP_KIDNEY_MORPHOGENESIS",0.0145732130464955,0.0782635515459943,0.157220069393743,-0.404646401091083,-1.54103013063173,56,"Lrrk2/Ctnnb1/Prkx/Smad4/Pkd1/Fgf2/Gpc3/Gcnt1/Npnt/Bmp2/Hs2st1/Dchs1/Gdnf/Vegfa/Wt1/Dlg1/Gcnt4/Ilk"
"GOBP_CELLULAR_RESPONSE_TO_NUTRIENT_LEVELS",0.0147082081290527,0.0788494608326855,0.149308206900753,-0.308834104850365,-1.40462680556074,164,"Hspa8/Lrrk2/Prkch/Usp33/Yme1l1/Fos/Cpeb4/Eif2s1/Stk24/Nuak2/Tnc/Hspa5/Mdm2/Asns/Upp1/Cadps2/Slc38a2/Lamp2/Col1a1/Bmt2/Inhbb/Postn/Ifi205/Stk26/Cd68/Becn1/Rraga/Rragc/Trim24/Kat5/Slc7a5/Zc3h12a/Phex/Prkd1/Pak1/Tsc2/Prkaa1/Pim1/Mtor/Xbp1/Pmaip1/Clec16a/Srf/Sesn3/Ralb/Lcn2/Atf2/Rrp8/Med1/Mybbp1a/Ywhaz/Mios/Otud3/Eif4g1"
"GOBP_CELLULAR_RESPONSE_TO_TOPOLOGICALLY_INCORRECT_PROTEIN",0.0147632784659766,0.0789539049565409,0.154446348855961,-0.379203163247367,-1.52730842718992,75,"Bag3/Hspd1/Tmem33/Hspa1a/Eif2s1/Hspa5/Yod1/Akt3/Qrich1/Parp8/Ptpn1/Rhbdd1/Herpud2/Serp1/Cth/Edem3"
"GOBP_ENDODERM_FORMATION",0.0148335745296671,0.0789539049565409,0.159153456855406,-0.476350003142898,-1.61336184610373,33,"Itgb2/Ctnnb1/Myh9/Smad2/Dusp1/Col12a1/Cdc73/Dusp4/Lama3"
"GOBP_REGULATION_OF_VIRAL_LIFE_CYCLE",0.0148413510747185,0.0789539049565409,0.154446348855961,-0.381789525404837,-1.52198891443647,71,"Ddx3x/Tmprss4/Pde12/Pkn2/Fam111a/Fmr1/Lamp3/Top2a/Ddx5/Ifih1/Ddb1/Ifi205/Vps37b/Oas2/Kpna2/Ppid"
"GOBP_REGULATION_OF_MYELOID_LEUKOCYTE_MEDIATED_IMMUNITY",0.0148426323319027,0.0789539049565409,0.158177999589196,-0.46578278640766,-1.6013424737775,35,"Itgb2/Fgr/Lyn/Cd177/C3/Il4ra/Cd84/Itgam/Adora2b/Tyrobp/Cd300a/Rac2/Snx4/D6Wsu163e/Fcgr1/Spi1/Dnase1"
"GOBP_B_CELL_DIFFERENTIATION",0.014857335809556,0.0789539049565409,0.1535535368591,-0.359410287850474,-1.48780235369295,89,"Ptprc/Klf6/Nfam1/Itgb1/Dock11/Tpd52/Zfp36l2/Nfkbiz/Ms4a1/Cebpg/Laptm5/Dclre1c/Tnfsf13b/Adam17/Vcam1/Slc25a5/Sp3/Rag1/Yy1/Cr1l/Plcg2/Cd40lg/Rbpj/Cyld/Xbp1/Ptpn6/Dcaf1/Dock10/Ptprj/Spi1/Ikzf3/Zbtb1/Taok3/Zfp36l1/Pik3cd/Pou2af1"
"GOBP_P38MAPK_CASCADE",0.0149652592196686,0.0793888751287299,0.157220069393743,-0.450970468367475,-1.59230484912125,40,"Il1b/Hgf/Dusp1/Map3k3/Rell1/Mink1/Map3k15/Ptpn22/Becn1/Mfhas1/Bmp2/Zfp36/Zc3h12a/Phlpp1/Cyld/Sash1/Dlg1/Atf2"
"GOBP_REGULATION_OF_STEROID_BIOSYNTHETIC_PROCESS",0.0150753768844221,0.0796907168529655,0.157220069393743,-0.452911938728264,-1.58850429754332,39,"Bmp5/Ddx20/Insig1/Asah1/Ces1d/Dgkq/Gnai1/Kpnb1/Bmp2/Abca2/Creb1/Prkaa1/Apob/Abcg1/Atp1a1/Ifng"
"GOBP_SIGNAL_TRANSDUCTION_IN_ABSENCE_OF_LIGAND",0.0150850727942466,0.0796907168529655,0.155354732375283,-0.429828721897015,-1.5680585032118,46,"Bag3/Hspa1b/Il1b/Hspa1a/Mcl1/Ripk1/Nrg1/Kitl/Gdnf/Ppp1ca/Casp2/Unc5b/Eya2/Lcn2"
"GOBP_MYELOID_DENDRITIC_CELL_ACTIVATION",0.0151006711409396,0.0796907168529655,0.160146983509279,-0.563225024011038,-1.66636661302231,19,"Clec4d/Tgfbr2/Traf6/Irf4/Dock2/Itgb6/Rbpj/Psen1/Spi1"
"GOBP_IMPORT_INTO_NUCLEUS",0.0152091254752852,0.0799763033175356,0.150129441088022,-0.346749902657737,-1.46474150067219,99,"Hsp90aa1/Bag3/Lrrk2/Ipo7/Jak2/Il33/Cd36/Tnpo3/Pom121/Tpr/Ppp1r10/Cse1l/Kpna1/Nup54/Cblb/Nr4a1/Ect2/Kpna2/Kpnb1/Zc3h12a/Ranbp6/Prkd1/Tsc2/Xbp1/Hikeshi/Ipo9/Chp1/Atf2/Psen1/Med1"
"GOBP_EXTERNAL_ENCAPSULATING_STRUCTURE_ORGANIZATION",0.0152150287222481,0.0799763033175356,0.145392780236481,-0.294157966890435,-1.36675674002054,191,"App/Hsd17b12/Timp3/Serpinh1/Antxr1/P4ha1/Col3a1/Itgb1/Adamts9/Smad4/Colgalt1/Col4a3/Col12a1/Mmp28/Mmp19/Col4a1/Adam8/Col1a1/Lama2/Col4a5/Mpzl3/Postn/Abi3bp/Npnt/Itga2/Phldb2/Antxr2/Ddr2/Csgalnact1/Hmcn1/Col8a2/Tgfbr1/Bmp2/Ctss/Adamts2/Ric1/Tgfbi/Loxl2/Sh3pxd2b/Aebp1/Mmp2/Runx1/Col4a6/Plod2/Itga8/Eng/Wt1/Cav2/Tnfrsf1b/Adamts3/Ltbp4"
"GOBP_NEGATIVE_REGULATION_OF_TRANSMEMBRANE_RECEPTOR_PROTEIN_SERINE_THREONINE_KINASE_SIGNALING_PATHWAY",0.0152335815842925,0.0799763033175356,0.151812881287453,-0.361081241320791,-1.4832239726211,85,"Ube2d3/Skil/Hspa1a/Peg10/Hspa5/Smurf2/Glg1/Lrp2/Tnfaip6/Adam17/Sorl1/Ldlrad4/Sap130/Fstl3/Fbn1/Bmp2/Arid4b/Zfp451/Usp15/Strap/Mtmr4/Spg20/Hipk2/Arid4a/Eng/Xbp1/Grem2/Rbbp7/Cav2/Ppm1a/Mecom"
"GOBP_CHROMOSOME_SEGREGATION",0.015409934171155,0.0807629080054509,0.141766537975907,-0.279743853718834,-1.34508173127389,254,"Hspa1b/Ddx3x/Ndel1/Hspa1a/Top1/Bub1/Dusp1/Actr2/Mki67/Tpr/Nek6/Rhoa/Actr3/Top2a/Ncapg/Cdc27/Nipbl/Prc1/Smarca5/Smc4/Kif3b/Kif11/Kif18a/Pdcd6ip/Stag2/Ddb1/Ripor2/Tpx2/Slc25a5/Ect2/Kpnb1/Eml4/Becn1/Smc6/Bub1b/Cenpf/Gem/Ccne2/Sycp1/Rrs1/Rad18/Kat5/Esco2/Tlk2/Knl1/Smarcad1/Diaph3/Cdc23/Kif23/Naa60/Ccdc66/Nusap1/Ncapg2/Stag1/Tex15/Haus6/Kmt5a/Cdc42/Uvrag/Cenpj/Sox7/Sycp2/Gen1/Cdc16/Ccnb1/Spice1/Tubb1/Tnks/Ncapd2/Uhrf1"
"GOBP_REGULATION_OF_LAMELLIPODIUM_ASSEMBLY",0.0155620651775906,0.0814200832745077,0.15627914647544,-0.519951725074448,-1.6530775363911,25,"Hsp90aa1/Actr2/Actr3/Was/Ocln/Rac1/Akirin1/Wasf2/Epha2/Slit2/Nckap1/Rac2/Cdc42/Mtor"
"GOBP_REGULATION_OF_AEROBIC_RESPIRATION",0.01561144839549,0.0815383539695834,0.170004278488927,0.53667990454859,1.6747705768059,20,"Park7/Pink1/Uqcc2/Shmt2/Ppif/Actn3/Trpv4/Nop53/Etfrf1/Snca/Abcd1"
"GOBP_NEGATIVE_REGULATION_OF_EXTRINSIC_APOPTOTIC_SIGNALING_PATHWAY_VIA_DEATH_DOMAIN_RECEPTORS",0.0156745661504012,0.0817278320684446,0.157220069393743,-0.580656733670906,-1.67489919093108,17,"Bmp5/Icam1/Ddx3x/Tnfaip3/Hgf"
"GOBP_RESPONSE_TO_INTERLEUKIN_6",0.015819839940443,0.0822045968665345,0.15627914647544,-0.542998574518763,-1.64954187511998,21,"Jak1/Jak2/Smad4/Ripk1/Chil1/St3gal6"
"GOBP_POSITIVE_REGULATION_OF_EPITHELIAL_TO_MESENCHYMAL_TRANSITION",0.0158296943231441,0.0822045968665345,0.154446348855961,-0.48265533745979,-1.61302160844167,31,"Il1b/Ctnnb1/Smad4/Smad2/Tgfbr2/Adam8/Col1a1/Tgfbr1/Bmp2/Loxl2/Jag1/Eng/Mtor"
"GOBP_ACTIVIN_RECEPTOR_SIGNALING_PATHWAY",0.0158469945355191,0.0822045968665345,0.154446348855961,-0.494237488485913,-1.62480934039761,29,"Smad4/Smad2/Acvr2a/Tgfbr2/Cited2/Inhbb/Fstl3/Tgfbr1/Acvrl1"
"GOBP_MITOTIC_SISTER_CHROMATID_COHESION",0.0159170831019804,0.0824277517781127,0.155354732375283,-0.537597314861898,-1.65283088309428,22,"Bub1/Atrx/Pds5b/Nipbl/Stag2/Pds5a/Esco2/Stag1/Pogz/Tnks/Rb1/Smc5/Slf2/Smc3"
"GOBP_REGULATION_OF_JUN_KINASE_ACTIVITY",0.016,0.0826938802605891,0.155354732375283,-0.592310724963118,-1.68359035023007,16,"Dnaja1/Traf6/Ptpn22/Ptpn1/Arhgef5/Sash1"
"GOBP_STEROL_BIOSYNTHETIC_PROCESS",0.0160227879651059,0.0826938802605891,0.151812881287453,-0.440513446732026,-1.56282379812894,41,"Idi1/Lbr/Acly/Dhcr24/Insig1/Lipa/Hmgcr/Ces1d/Gnai1/Kpnb1/Abca2/Cftr/Prkaa1/Apob/Msmo1/Sqle/Abcg1/Sc5d"
"GOBP_RESPONSE_TO_BMP",0.0160554334967044,0.0827221573561166,0.147704896905467,-0.358341508148009,-1.47561517827486,86,"Bmp5/Ube2d3/Skil/Smad4/Smad2/Acvr2a/Smurf2/Ddx5/Gpc3/Lrp2/Tnfaip6/Sorl1/Fstl3/Fbn1/Acvrl1/Ngly1/Bmpr1b/Vstm2a/Bmp2/Usp15/Mtmr4/Rbpj/Spg20/Hipk2/Eng/Hivep1/Grem2/Atf2/Ppm1a/Ilk/Runx2"
"GOBP_POSITIVE_REGULATION_OF_MACROPHAGE_CYTOKINE_PRODUCTION",0.0161199625117151,0.082914334202994,0.155354732375283,-0.572574663476064,-1.6674258325148,18,"Tlr4/Cd36/Tlr7/H2-Q7/Laptm5/Rtn4/Myd88/Plcg2"
"GOBP_MYELOID_LEUKOCYTE_MEDIATED_IMMUNITY",0.0162320842686928,0.0833502472144512,0.148500141871431,-0.39265806099193,-1.52995728446071,63,"Itgb2/Trem1/Snap23/Fgr/Lyn/Cd177/C3/Il4ra/Cd84/Kmt2e/Adam17/Itgam/Adora2b/Tyrobp/Myd88/Cd300a/Grp/Pik3cg/Lat2/Rac2/Snx4/Ccl3/D6Wsu163e/Fcgr1/Spi1/Dnase1/Snx6"
"GOBP_PRODUCTION_OF_MOLECULAR_MEDIATOR_INVOLVED_IN_INFLAMMATORY_RESPONSE",0.0163421418636996,0.083774111068965,0.148500141871431,-0.395058974412588,-1.51918664993732,59,"Tlr4/Jak2/Alox5/Snap23/Cd36/Ceacam1/Adcy7/Chia1/Lyn/Il4ra/Lipa/Adam17/Abcd2/Myd88/Zfp36/Zc3h12a/Il1r2"
"GOBP_REGULATION_OF_AUTOPHAGY",0.0163760424564064,0.0838068055121973,0.138395468894856,-0.285569741174936,-1.35375876867857,224,"Bag3/Lrrk2/Pik3c2a/Usp33/Lepr/Wac/Atp6v0c/Hgf/Hspb1/Gnai3/Mcl1/Vps13c/Mid2/Pptc7/Lamp3/Snx7/Rb1cc1/Scfd1/Casp3/Eif4e/Ubqln1/Tpcn2/Eef1a1/Ifi205/Ptpn22/Nedd4/Eif4g2/Rock1/Smcr8/Herc1/Slc25a5/Fzd5/Dram2/Becn1/Exoc4/Rraga/Rragc/Kat5/Slc7a5/Vps26a/Snx5/Tlk2/Zc3h12a/Foxk2/Prkd1/Dele1/Tsc2/Atp6v1a/Ccny/Scoc/Irgm1/Tbk1/Prkaa1/Irgm2/Svip/Snx4/Huwe1/Mtor/Uvrag/Xbp1/Dapk1/Clec16a/Sesn3/Ralb"
"GOBP_TEMPERATURE_HOMEOSTASIS",0.016516762060507,0.0843851350238988,0.143184642183776,-0.342997424380899,-1.4578005089946,102,"Tlr4/Ptgs2/Arntl/Il1b/Lepr/Jak2/Cd36/Il18r1/Dock7/Plac8/Irf4/Il4ra/Adam17/Plcl1/Nrd1/Zfp516/Lama4/Kdm3a/Pgam5/Vegfa/Rbpj/Scd1/Aldh1a7/Igf2bp2/Lcn2/Adipor2/Il18/Napepld/Rb1/Alms1/Kdm6b/Apln"
"GOBP_LAMELLIPODIUM_ORGANIZATION",0.0166579906298803,0.0849641230619521,0.146922135732098,-0.40047841041398,-1.53012435906422,57,"Hsp90aa1/Itgb1/Actr2/Actr3/Golph3/Was/S1pr1/Ocln/Rac1/Akirin1/Wasf2/Vav3/Epha2/Slit2/Nckap1/Abi1/Rac2/Cdc42/Mtor/Snx1"
"GOBP_ENERGY_HOMEOSTASIS",0.0168350168350168,0.0857234552886727,0.147704896905467,-0.435030661044762,-1.55850974094343,43,"Arntl/Lepr/Slc25a25/Cd36/Lipa/Pprc1/Sorl1/Rasal2/Ubb/Prkaa1/Igf2bp2/Pm20d1/Rrp8/Eif4g1/Mapk8"
"GOBP_FC_RECEPTOR_MEDIATED_STIMULATORY_SIGNALING_PATHWAY",0.0171226502884794,0.087042521082504,0.150129441088022,-0.539684031180612,-1.63947282836783,21,"Ptprc/Fgr/Lyn/Vav3/Pak1/Ptprj/Ifng/Fyn/Limk1/Hck/Yes1/Appl1/Plscr1/Myo1g/Nos2"
"GOBP_PROTEASOMAL_PROTEIN_CATABOLIC_PROCESS",0.0172363847045191,0.0872469087517675,0.131742417142485,-0.264349623311319,-1.30895929358353,343,"Rybp/Lrrk2/Hspa1b/Arntl/Ube2d3/Wac/Ascc3/Ctnnb1/Topors/Rnf139/Hspa1a/Il33/Usp25/Neurl3/Xpo1/Hsp90ab1/Pcbp2/Kctd10/Fem1c/Fmr1/Pkd1/Trip12/Hspa5/Lamp3/Crbn/Rad23b/Smurf2/Zfand2a/Kcne2/Mdm2/Yod1/Kbtbd2/Wdr26/Cdc27/Socs4/Psmd14/Itch/Kbtbd8/Rffl/Ubqln1/Ddb1/Canx/Ltn1/Fbxl5/Tmtc3/Sh3bgrl/Ccdc47/Clock/Rhbdd1/Sh3rf3/Ubxn6/Appbp2/Kat5/Kbtbd7/Edem3/Klhl28/Tlk2/Plaa/Pbk/Tmem67/Ubb/Senp1/Nemf/Cdc23/Psmd12/Usp14/Cul2/Edem1/Klhl11/Psmb7/Bag2/Klhl6/Svip/Kcmf1/Man1a/Huwe1/Psmd1/Fbxo38/Xbp1/Faf2/Pmaip1/Psmc6/Cul1/Dcaf1/Ipp/Cdc16/Fbxw8/Cul5/Psen1/Ube2n"
"GOBP_HYDROGEN_PEROXIDE_CATABOLIC_PROCESS",0.0172488141440276,0.0872469087517675,0.161159145661682,0.579547238065344,1.66398679329136,15,"Hba-a2/Hba-a1/Gpx1/Gpx3/Mt3/Prdx6/Snca"
"GOBP_REGULATION_OF_PRESYNAPTIC_MEMBRANE_POTENTIAL",0.0172488141440276,0.0872469087517675,0.161159145661682,0.580022758375097,1.66535209962603,15,"Kcna2/Gria1/Grik5/Gabbr1/Kcnj11/Kcnj3"
"GOBP_REGULATION_OF_ORGANIC_ACID_TRANSPORT",0.0175438596491228,0.0885274498086024,0.145392780236481,-0.457650447261375,-1.58001517663491,36,"Thbs1/Il1b/Itgb1/Arl6ip1/Eprs/Ace2/Slc38a2/Pla2r1/Acsl4/Ces1d/Acsl5/Slc7a5"
"GOBP_POSITIVE_REGULATION_OF_ERK1_AND_ERK2_CASCADE",0.0175761633746234,0.0885274498086024,0.140389202001749,-0.349697902592487,-1.45735429552901,92,"Tlr4/Ptprc/Ccr1/App/Icam1/Il1b/Cd36/Rapgef2/Jun/Chil1/Fgf2/Fpr2/Rap1b/Npnt/Ddr2/Ptpn22/Nrg1/Braf/C5ar1/Mfhas1/Bmp2/Fga/Vegfa/Shc1/Dstyk/Gpnmb/Garem1/Arhgap8/Fgg/Alox15/Nox4/Ccl3/Chrna7/Ackr3"
"GOBP_RESPONSE_TO_CALCIUM_ION",0.0175972927241963,0.0885274498086024,0.141072897117004,-0.36495907157427,-1.48695862848875,80,"Thbs1/Cacybp/App/Fos/Fosb/Itpkc/Dusp1/Clic4/Jun/Inhbb/Anxa11/Nedd4/Braf/Adam9/Ect2/Calm1/Iqgap1/Kcnh1/Fga/Plcg2/Homer1/Prkaa1/Mttp/Cpne3/Fgg/Alox15"
"GOBP_MUSCLE_CELL_PROLIFERATION",0.0176182707993475,0.0885274498086024,0.138395468894856,-0.330577718394773,-1.4301539211642,116,"Tlr4/Thbs1/Tnfaip3/Hgf/Ctnnb1/Jak2/Fos/Ogn/Ace2/Mdm2/Jun/Vgll4/Fgf2/Kpna1/S1pr1/Itga2/Ddr2/Nrg1/Akirin1/Tgfbr1/Bmp2/Myd88/Pak1/Mmp2/Rbpj/Runx1/Myh10/Ereg/Pim1/Xbp1"
"GOBP_NEGATIVE_REGULATION_OF_TRANSLATIONAL_INITIATION",0.0178604651162791,0.0894492044063648,0.146922135732098,-0.586602266703485,-1.66736456731654,16,"Eif2s1/Fmr1/Tpr/Paip2b"
"GOBP_TROPHOBLAST_CELL_MIGRATION",0.0178604651162791,0.0894492044063648,0.146922135732098,-0.586394310893355,-1.66677347149393,16,"Ythdf3/Smad2/Smurf2/Arhgdib/Tgfbr1/Vegfa/Mmp2"
"GOBP_GOLGI_ORGANIZATION",0.0179417738659445,0.0897088693297224,0.139715216553372,-0.355913985053474,-1.46199828296653,85,"Lrrk2/Rab1a/Vmp1/Vcpip1/Atp8b4/Vps13b/Lysmd3/Golph3/Rbsn/Pi4k2b/Cog5/Camsap2/Prkd1/Tmed10/Tmed7/Golgb1/Pdcd10/Bet1/Huwe1/Cdc42/Yipf5/Sec23ip/Hikeshi/Arhgap21/Dync2h1/Fbxw8/Ywhaz/Armh3/Rab6b/Sec16a/Hook1/Rab2b/Lman1/Map2k1/Htt/Myo5a"
"GOBP_PROTEIN_TARGETING_TO_VACUOLE",0.0180131004366812,0.0897576849652531,0.144645572264101,-0.475815409199391,-1.59016274575452,31,"Hspa8/Vps13c/Lamp2/Laptm5/Sorl1/Nedd4/Vps37b/Becn1/Vps13a/Irgm1/Irgm2"
"GOBP_CELL_SURFACE_PATTERN_RECOGNITION_RECEPTOR_SIGNALING_PATHWAY",0.0180227471566054,0.0897576849652531,0.141766537975907,-0.415080455339208,-1.54008421552538,50,"Tlr4/Tnfaip3/Cd14/Pik3ap1/Tax1bp1/Traf6/Lyn/Tlr5/Pira2/Ptpn22/Tnip3/Mfhas1/Myd88"
"GOBP_DEFENSE_RESPONSE_TO_GRAM_POSITIVE_BACTERIUM",0.0180543382997371,0.0897576849652531,0.141766537975907,-0.413020573862909,-1.54362414420962,52,"App/Il1b/Gbp2/Gbp9/Cd36/H2-Q7/Fgr/Lyz2/Il7r/Adam17/Klrk1/C5ar1/Epha2/Myd88/B2m/Tbk1/Gbp4/Ear6/Il18/Fcnb"
"GOBP_NATURAL_KILLER_CELL_ACTIVATION",0.0180806675938804,0.0897576849652531,0.141072897117004,-0.392743701118197,-1.51028334053896,59,"Ptprc/Nfil3/Jak2/Il18r1/Fgr/Ulbp1/Ptpn22/Klrk1/Sp3/Mertk/Tyrobp/H2-Q2/Bloc1s6/Clec12a/Klrc1/Cd48/Klrc2/Il18/Zbtb1/Il12b/Fyn/Kat7/Pik3cd"
"GOBP_MEMBRANE_ORGANIZATION",0.0180989223542415,0.0897576849652531,0.12546307449004,-0.248309386325385,-1.26967004755152,491,"Ptprc/Hspa8/Thbs1/Itgb2/Lrrk2/Pik3c2a/Atp11c/Gca/Pltp/Picalm/Sec61a1/Tmem33/Anxa1/Atp11b/Hspa1a/Snap23/Myh9/Cd36/Arl6ip1/Rab1a/Snap29/Vmp1/Vcpip1/Atp8b4/Dhcr24/Ace2/Nek6/Tmem63b/Mal/Exoc6/Rhoa/Pafah1b1/Atl3/Golph3/Insig1/Dock2/Uhrf1bp1l/Cd24a/C3/Stxbp6/Ppt1/Slc7a11/Rab5if/Laptm5/Pdcd6ip/Crk/Itga2/Atr/Tmem41b/Tmco1/Rtn4/Rac1/Ccdc47/Abcd2/Vps37b/Mmgt1/Agrn/Tmem30a/Slc25a5/Stam/Colec12/Vav3/Shank3/Itgam/Prkci/Atp1b1/Sclt1/Becn1/Exoc4/Serp1/Baiap2l1/Iqgap1/Casp7/Fnbp1l/Crb1/Atp10a/Arhgap25/Abca2/Cd300a/Cr1l/Aak1/Plcg2/Stam2/Wasl/Diaph3/Esyt1/Spire1/Mtmr4/Stx19/Gdnf/Trappc10/Rabep1/Bin2/Tmed10/Rab31/Sptbn1/Exoc5/Ap3s1/Nrcam/Stx7/Tmeff2/Myh10/Serinc5/Spg20/Bloc1s6/Bet1/Huwe1/Cdc42/Yipf5/Uvrag/Farp1/Mttp/Pmaip1/Rft1/Osbpl8/Chp1/Eya2/Cav2/Sec24b/Dlg1/Slc4a1/Alox15/Atf2/Ilk/Asap1/Npc1"
"GOBP_AXIS_SPECIFICATION",0.0182527024632288,0.0903116737848282,0.141766537975907,-0.433278714388918,-1.5522333421209,43,"Ctnnb1/Wls/Smad4/Smad2/Cited2/Gpc3/Fzd5/Nrarp/Nckap1/Pgap1/Frs2/Stc1/Wt1/Srf"
"GOBP_HYALURONAN_METABOLIC_PROCESS",0.0182699478001491,0.0903116737848282,0.145392780236481,-0.554995608470717,-1.64201893187097,19,"Il1b/Cltc/Hexb/Fgf2/Tnfaip6/Hmmr"
"GOBP_ADAPTIVE_THERMOGENESIS",0.0183349851337958,0.0904862718515532,0.136483198012004,-0.343625040928992,-1.4492131913983,98,"Tlr4/Arntl/Lepr/Jak2/Cd36/Il18r1/Dock7/Plac8/Irf4/Il4ra/Lipa/Adam17/Sorl1/Plcl1/Slc25a5/Nrd1/Zfp516/Lama4/Kdm3a/Pgam5/Vegfa/Rbpj/Scd1/Aldh1a7/Igf2bp2/Pm20d1/Lcn2/Adipor2/Il18/Rb1/Alms1/Thada/Kdm6b/Hnrnpu"
"GOBP_GAMETE_GENERATION",0.0184580434473946,0.0907879393636515,0.125952931638622,-0.257913448269341,-1.29194758283281,385,"Lrrk2/Arntl/Tut7/Ddx3x/Ctnnb1/Skil/Rps6ka2/Fndc3a/Hexb/Itgb1/Smad4/B4galnt1/Herc4/Wdr48/Zc3h14/Abhd2/Acvr2a/Etv6/Atrx/Mmp19/Taf4b/Kdm2b/Cxadr/Rad23b/Fxr1/Pgm3/Dedd/Vps13b/Ddx20/Orc4/Top2a/Pafah1b1/Slc2a3/Aff4/Inhbb/Cfap206/Kif18a/Ccr6/Cfap44/Ddb1/Tnfaip6/Dzip1/Nr2c2/Gmnc/H3f3a/Clock/Rai14/Rhbdd1/Mertk/Tgfbr1/Agfg1/Herpud2/Yy1/Sycp1/Bmpr1b/Kat5/Arid4b/Spin4/Btg1/Ccdc146/Cftr/Setx/Adamts2/Knl1/Kdm3a/Ubb/Marf1/Tesk1/Spag16/Ythdf2/Spire1/1700102P08Rik/Ccny/Mmp2/Adam28/Tex15/Foxj3/Zfx/Ereg/Apob/Kdm1b/Cntln/Arid4a/Mtor/Spag11b"
"GOBP_ARTERY_DEVELOPMENT",0.0184769469867035,0.0907879393636515,0.139050712469267,-0.387928038986232,-1.51152717352654,63,"Ndst1/Col3a1/Adamts9/Egr2/Adgrf5/Tgfbr2/Akt3/Cited2/Robo2/Lrp2/Luzp1/Rtn4/Aplnr/Tgfbr1/Acvrl1/Vegfa/Rbpj/Jag1/Myh10/Apob/Robo1/Eng/Srf/Sec24b"
"GOBP_MEMBRANE_DOCKING",0.018499127399651,0.0907879393636515,0.139715216553372,-0.390620377786344,-1.50470851787154,60,"Icam1/Snap29/Vmp1/Plek/Exoc6/Esyt3/Sytl2/Cep290/Rock1/Vcam1/Exoc4/Calm1/Cftr/Esyt1/Stx19/Exoc5/Stx7/Bloc1s6/Chp1/Ralb/Cav2/Selenon/Cep83/Rims1/Exoc2/Unc13b/Exoc6b"
"GOBP_REGULATORY_NCRNA_MEDIATED_GENE_SILENCING",0.0185153728554442,0.0907879393636515,0.137749272114041,-0.372406384973725,-1.49306523388406,73,"Tut7/Dhx9/Smad2/Fmr1/Fxr1/Ripk1/Ddx5/Pus10/Cnot2/Zfp36/Dgcr8/Tex15/Ncbp1/Dicer1/Mettl3/Ddx6/Eif4g1/Helz2/Hnrnpa2b1/Spin1/Znfx1/Pum2/Hnrnpu/Zc3h7a/Morc1/Tdrd7/Piwil2/Spen/Cnot6/Eri1/Cnot7/Ago2"
"GOBP_LIPID_LOCALIZATION",0.0187186120833967,0.0916369353600371,0.129547467550097,-0.283507482266549,-1.34051720872874,221,"Thbs1/Ptgs2/Apold1/Atp11c/Pltp/Il1b/Anxa1/Atp11b/Cd36/Ceacam1/Osbpl9/Vps13c/Vmp1/Atp8b4/Abhd5/Eprs/Vps13b/Tmem63b/Pla2r1/Esyt3/Apobr/Lyn/Uhrf1bp1l/C3/Pnpla8/Lipa/Abca5/Acsl4/Tpcn2/Ces1d/Tmem41b/Abcd2/Tmem30a/Zdhhc5/Acsl5/Vstm2a/Zc3h12a/Atp10a/Sftpa1/Abca2/Cftr/Abca13/Abca6/Ttc39b/Tspo2/Esyt1/Vps13a/Apob/Serinc5/Abcd3/Spg20/Mttp/Rft1/Osbpl8/Kdm5b/Stard3/Slc4a1/Slc10a5/Npc1"
"GOBP_INTRACELLULAR_PROTEIN_TRANSPORT",0.0187885586090858,0.0918317190444082,0.124026527381656,-0.25359760240884,-1.27832905363354,412,"Hspa8/Hsp90aa1/Bag3/Lrrk2/Ipo7/Sec61a1/Il1b/Arl5b/Rab5a/Cltc/Ndel1/Jak2/Il33/Hspb1/Ap4e1/Cd36/Wls/Xpo1/Vps13c/Tnpo3/Rab1a/Pom121/Egr2/Pkd1/Hspa5/Tpr/Mdm2/Exoc6/Ppp1r10/Lamp2/Cse1l/Arcn1/Yod1/Scfd1/Copg2/Insig1/Kpna1/Cd24a/Frat2/Laptm5/Arl5a/Rffl/Sytl2/Arf6/Cep290/Sorl1/Nedd4/Nup54/Cblb/Vps37b/Fam91a1/Rab32/Tmem30a/Srp54a/Nr4a1/Glp1r/Stam/Ect2/Kpna2/Ptpn1/Rhbdd1/Kif5b/Kpnb1/Atp1b1/Becn1/Appbp2/Xpo7/Mia2/Vps26a/Snx5/Zc3h12a/Slu7/Ranbp6/Ric1/Copa/Stam2/Prkd1/Tsc2/Stx19/Edem1/Tmed10/Vps13a/Rab31/Ap3s1/Irgm1/Tmed7/Irgm2/Svip/Stx7/Pdcd10/Arf4/Lonp2/Sec23ip/Xbp1/Faf2/Sytl5/Hikeshi/Ipo9/Snx1/Chp1/Chm/Xpo4/Kif20b/Chml/Sec24b/Atf2/Ppm1a/Psen1/Med1"
"GOBP_REGULATION_OF_TOLERANCE_INDUCTION",0.0192020879940343,0.0936390054891831,0.141766537975907,-0.595510465277474,-1.66086311937982,15,"H2-Q7/Tgfbr2/Itch/Cblb/Phlpp1/Irak3/Pirb"
"GOBP_REGULATION_OF_T_CELL_RECEPTOR_SIGNALING_PATHWAY",0.0192517253904831,0.0936390054891831,0.139715216553372,-0.474785364823186,-1.59660531238456,32,"Ptprc/Dusp3/Ceacam1/Laptm5/Lipa/Ptpn22/Cblb/Cd300a/Cyld/Ptpn6/Dgkz/Ptprj"
"GOBP_VASCULAR_TRANSPORT",0.0192608016657991,0.0936390054891831,0.136483198012004,-0.396011482645424,-1.51305738413845,57,"Lepr/Slc5a3/Cd36/Slc1a3/Slc38a2/Slc2a3/Slc7a1/Lrp2/Slc7a5/Slc6a20a/Flvcr2/Abca2/Slc2a13/Slc6a9"
"GOBP_TIGHT_JUNCTION_ASSEMBLY",0.0192813321647677,0.0936390054891831,0.137111915255226,-0.410237213666944,-1.53322160672744,52,"Prkch/Pof1b/Actg1/Rock2/Pdcd6ip/Ocln/Rac1/Rock1/Fzd5/Ect2/Mpp7/Epha2/Acvrl1/Tjp1/Tbcd/Cldn8/Srf/Dlg1/Mpdz/Patj/Ildr1/Cdh5/Cldn1"
"GOBP_SARCOMERE_ORGANIZATION",0.0193505338078292,0.0937995850115953,0.154446348855961,0.452675713574365,1.59804457924416,32,"Myom1/Tnnt2/Csrp2/Synpo2l/Tnnt3/Ttn/Actn2/Csrp3/Myom2/Tpm1/Cav3/Casq1/Mybpc3/Fhod3/Mylk3/Lmod2"
"GOBP_CELLULAR_RESPONSE_TO_AMYLOID_BETA",0.0194068106920542,0.0937995850115953,0.139715216553372,-0.508230127062378,-1.61581117216934,25,"Tlr4/App/Icam1/Cd36/Fpr2/Atp1a3/Vcam1/Tyrobp"
"GOBP_MIRNA_PROCESSING",0.0194068106920542,0.0937995850115953,0.139715216553372,-0.508919252264299,-1.61800210131933,25,"Tut7/Smad2/Ripk1/Ddx5/Pus10/Dgcr8/Ncbp1/Dicer1/Mettl3/Hnrnpa2b1/Pum2/Zc3h7a"
"GOBP_NEGATIVE_REGULATION_OF_CATABOLIC_PROCESS",0.0195928363692025,0.0944867718519407,0.126949802769892,-0.284948475367828,-1.34184098222401,212,"Rybp/Lrrk2/Il1b/Lepr/Timp3/Wac/Dhx9/Hgf/Usp25/Mcl1/Smad4/Vps13c/Hsp90ab1/Zc3h14/Pptc7/Lamp3/Slc11a1/Fxr1/Dedd/Scfd1/Hmgcr/Eif4e/Ptpn22/Sorl1/Eif4g2/Rock1/Gpld1/Smcr8/Herc1/Becn1/Mdm4/Apobec1/Rraga/Rragc/Slc7a5/Myd88/Zfp36/Tlk2/Foxk2/Pbk/Ric1/Senp1/Pik3cg/Tsc2/Usp14/Gdnf/Prkaa1/Svip/Tmem132a/Hipk2/Mtor/Ppp2ca/Igf2bp2/Paip1/Irak3/Clec16a/Slc4a1/Npc1/Psen1/Nbas"
"GOBP_CELLULAR_RESPONSE_TO_STEROID_HORMONE_STIMULUS",0.0196110475567903,0.0944867718519407,0.131183404131763,-0.328955514598839,-1.42142558470147,114,"Hspa8/Hspa1b/Arntl/Anxa1/Zfp366/Jak2/Hspa1a/Rnf6/Strn3/Abhd2/Plpp1/Klf9/Rhoa/Cdk12/Zfp36l2/Ddx5/Atp1a3/Cbx3/Eif4e/Taf7/Nedd4/Clock/Shq1/Cnot2/Zfp36/Pkn1/Kdm3a/Pak1/Aqp1/Ddx54/Sgk1/Bmi1/Nr3c2/Uri1/Stc1/Esr1"
"GOBP_NEGATIVE_REGULATION_OF_EXOCYTOSIS",0.0196799705720066,0.0946690527515958,0.139050712469267,-0.512372528046824,-1.6116727585319,24,"Anxa1/Ceacam1/Fmr1/Stxbp6/Rap1b/Cd84/Smcr8/Braf/H2-Q2/Cd300a"
"GOBP_SPHINGOID_METABOLIC_PROCESS",0.0197209302325581,0.0947164551390214,0.139715216553372,-0.58125730146553,-1.65217198086203,16,"Asah2/Plpp1/Asah1/Acer3/Abca2"
"GOBP_NEGATIVE_REGULATION_OF_TYPE_II_INTERFERON_PRODUCTION",0.0197765976927303,0.0948196894875741,0.138395468894856,-0.491285716315367,-1.59861506823949,28,"Tlr4/Il33/Laptm5/Zc3h12a/Vsir/Cr1l/Il1rl1/Irgm1/Irgm2/Cd96/Pirb"
"GOBP_POSITIVE_REGULATION_OF_CELL_POPULATION_PROLIFERATION",0.0198047036171091,0.0948196894875741,0.119566417816168,-0.246288877813613,-1.25819584607175,479,"Tlr4/Ptprc/Thbs1/Cxcr2/Prkch/Bmp5/Il1b/Lepr/Anxa1/Tnfaip3/Csf3r/Ccdc117/Dhx9/Ctnnb1/Jak2/Gpam/Jaml/H2-DMb1/Bst1/Itgb1/Odc1/Smad4/Wdr48/Areg/H2-Q7/Tnc/Tgfbr2/Traf6/Icosl/Mdm2/Plac8/Lamc2/Tpd52/Jun/Akt3/Lyn/Fgf2/Prc1/Slc39a10/Cd24a/Il7r/Cd55/S1pr1/Ccr3/Slc7a1/Lrp2/Tnfsf13b/Csf2rb2/Itga2/Adam17/Rtn4/Ddr2/Aplnr/N4bp2l2/Btc/Vegfc/Tgfa/Nrg1/Vcam1/Cdca7l/Slc25a5/Nr4a1/Vav3/Tgfbr1/Prkci/C5ar1/Birc6/Acer3/Kitl/Acvrl1/Vstm2a/Slc7a5/Bmp2/Myd88/Cr1l/Irs1/Nrarp/Prkd1/Pak1/Aqp1/Gdnf/Vegfa/Shc1/Rac2/Ccdc88b/Mmp2/Cd40lg/Rbpj/Epgn/Prkaa1/Bmi1/Ghr/Ereg/Tjp1/Pdcd10/Hipk2/Pim1/Cdc42/Xbp1/Garem1/Tspan31/Sash3/Esr1/Ptpn6/Kdm5b/Il12rb2/Cav2/Bicral/Lrp5/Kif20b/Dlg1/Ccnb1/Atf2/Stxbp4/Ilk/Runx2/Med1/Pirb/Iqgap3"
"GOBP_CELLULAR_COMPONENT_ASSEMBLY_INVOLVED_IN_MORPHOGENESIS",0.0200488997555012,0.0958381471828905,0.159153456855406,0.33955433350738,1.45298859254403,79,"Lmod1/Myl9/Myom1/Tnnt2/Csrp2/Myh11/Obsl1/Synpo2l/Tnnt3/Ttn/Actn2/Ccdc42/Csrp3/Acta1/Tmod4/Myom2/Tpm1/Cav3/Gpc1/Casq1/Pln/Ank2/Neb/Mybpc3/Fhod3/Cntn1"
"GOBP_NEGATIVE_REGULATION_OF_RESPONSE_TO_BIOTIC_STIMULUS",0.0201421800947867,0.096133132270573,0.131742417142485,-0.356486001875592,-1.45820664424261,82,"Ythdf3/Tnfaip3/Pvr/Arg2/Ceacam1/Pcbp2/H2-Q7/Itch/Crk/Pira2/Ifi205/Nt5c2/H2-Q2/Serping1/Cr1l/Usp15/Ythdf2/Irgm1/Irgm2/Pim1/Klrc1/Irak3/Ptpn6/Cd96/Pirb/Ahr/Ywhaz/Mettl3"
"GOBP_DENDRITIC_CELL_MIGRATION",0.0202226345083488,0.0962179654811715,0.137749272114041,-0.541258956397016,-1.62562969840812,20,"Ccr1/Cxcr2/Alox5/Eps8/Dock8/Ccr6/Pik3cg/Cdc42/Arhgef5/Spi1/Cxcr1"
"GOBP_MUSCLE_CELL_MIGRATION",0.0202231520223152,0.0962179654811715,0.133462622481397,-0.40522720420466,-1.52487813725171,53,"Tlr4/Anxa1/Abhd2/Sema6d/Mdm2/Dock7/Postn/Crk/Itga2/Ddr2/Sorl1/Rock1/Akirin1/Ptpn1/Slit2/Pak1/Plat/Xbp1"
"GOBP_REGULATION_OF_P38MAPK_CASCADE",0.0205828779599271,0.0976599752050353,0.13525091239264,-0.482567592250778,-1.58644447159252,29,"Il1b/Hgf/Dusp1/Map3k3/Rell1/Mink1/Ptpn22/Mfhas1/Bmp2/Zc3h12a/Phlpp1/Cyld/Sash1/Dlg1"
"GOBP_RESPIRATORY_BURST",0.0205903790087464,0.0976599752050353,0.13525091239264,-0.49688361634759,-1.60897987985385,27,"Cybb/Slc11a1/Ncf2/Cd24a/Cd55/Lipa/Rac1/Pik3cg/Rac2/Cybc1/Cd55b/Dusp10/Pik3cd/Hck/Ncf4"
"GOBP_STRIATED_MUSCLE_CONTRACTION",0.0206398348813209,0.0977422973773286,0.161159145661682,0.306278009664917,1.39860168531058,115,"Dmpk/Tnnt2/Atp1a2/Prkaca/Tmem38a/Kcnh2/Tnni2/Tnnt3/Aldoa/Vegfb/Ttn/Rem1/Csrp3/Myl4/Tpm1/Smpx/Atp2a1/Myh14/Hrc/P2rx4/Cav3/Kbtbd13/Casq1/Pln/Actn3/Trpv4/Ank2/Trdn/Mybpc3/Gstm7/Ryr1/Dsc2/Kcnj3/Dtna/Scn8a/Gpd1l/Adra1b/Chrnb1/Scn4b/Chrna1/Adora1/Jup/Fgf13/Kcna5/Ryr2/Gsto1/Pik3ca/Nppa/Grk2/Large1"
"GOBP_MISMATCH_REPAIR",0.0207477847417333,0.0980437517756403,0.146922135732098,0.55657545533772,1.62388977937861,16,"Rnaseh2c/Rnaseh2a/Rpa3/Rpa2/Axin2/Hdac10/Rnaseh2b/Rpa1/Mutyh"
"GOBP_MYELOID_CELL_ACTIVATION_INVOLVED_IN_IMMUNE_RESPONSE",0.0207678883071553,0.0980437517756403,0.131742417142485,-0.388152457319063,-1.49520184295204,60,"Itgb2/Il33/Snap23/Fgr/Lyn/Dock2/Cd177/Il4ra/Cd84/Pira2/Itgam/Adora2b/Tyrobp/Myd88/Cd300a/Grp/Plcg2/Pik3cg/Lat2/Rac2/Snx4/Ptpn6/Ccl3/D6Wsu163e/Spi1/Dnase1/Snx6/Ifng/Anxa3"
"GOBP_IMMUNOGLOBULIN_PRODUCTION_INVOLVED_IN_IMMUNOGLOBULIN_MEDIATED_IMMUNE_RESPONSE",0.0208863058481656,0.0984501568230098,0.134050934338562,-0.470520660764183,-1.58226399173562,32,"Ptprc/Hspd1/Pcyt1a/Swap70/Nfkbiz/Ccr6/Ndfip1/Rif1"
"GOBP_POSITIVE_REGULATION_OF_LEUKOCYTE_CHEMOTAXIS",0.021034180543383,0.0988595129220129,0.131183404131763,-0.406992636439921,-1.52109531553922,52,"Thbs1/Ccr1/App/Nedd9/Swap70/Fpr2/Mospd2/Ccr6/Ripor2/Adam17/Rac1/Vegfc/Akirin1/C5ar1/Tnfsf14/Vegfa/Rac2"
"GOBP_NEGATIVE_REGULATION_OF_LOCOMOTION",0.0210380835380835,0.0988595129220129,0.122637391177921,-0.284701381855083,-1.33824800514219,210,"Thbs1/Dusp3/Bmp5/Dnaja4/Hc/Il33/Ptprg/Col3a1/Adamts9/Stk24/Dusp1/Abhd2/Mmp28/Clic4/Arhgdib/Sema6d/Gtpbp4/Rhoa/Nedd9/Cited2/Fgf2/Robo2/Rnf20/Plcb1/Was/Crk/Phldb2/Tnfaip6/Ripor2/Rin3/Stk26/Rac1/Ldlrad4/Sap130/Klrk1/Braf/Ptpn1/Tgfbr1/Acvrl1/Arid4b/Cd300a/Slit2/Wasl/Rap2a/Krit1/Jag1/Tmeff2/Pdcd10/Arid4a/Robo1/Eng/Stc1/Rbbp7/Osbpl8/Srf"
"GOBP_NEGATIVE_REGULATION_OF_CELL_SUBSTRATE_ADHESION",0.021124239169352,0.0990809190809191,0.132308522605383,-0.443257745398755,-1.548016152205,38,"Thbs1/Actn4/Rhoa/Cask/Spry4/Col1a1/Postn/Phldb2/Rasa1/Ptpn1/Acvrl1/Map4k4/Jag1/Tbcd"
"GOBP_REGULATION_OF_ESTABLISHMENT_OR_MAINTENANCE_OF_CELL_POLARITY",0.0211502782931354,0.0990809190809191,0.134646973904378,-0.539011423720571,-1.61887940665998,20,"Dock8/Rock2/Rap1b/Ripor2/Rock1/Ankfn1/Krit1/Kif20b/Cdh5/Shtn1/Abl2/Wdpcp/Kank1"
"GOBP_NEGATIVE_REGULATION_OF_PROTEIN_METABOLIC_PROCESS",0.0212366368101705,0.0993326560475716,0.11831785640414,-0.261786475352608,-1.29633066311874,341,"Dnaja1/Rybp/Ptprc/Thbs1/Lrrk2/Samsn1/Hspa1b/Prkch/Ddx3x/Timp3/Wac/Tnfaip3/Ctnnb1/Rnf139/Hspa1a/Usp25/Ceacam1/Cpeb4/Smad4/Eif2s1/Hsp90ab1/Dusp1/Fmr1/Lamp3/Tpr/Eprs/Fxr1/Dedd/Mdm2/Trim44/Gtpbp4/Dcun1d3/Lyn/Inhbb/Socs4/Paip2b/Glg1/Serpinb8/Hmgcr/Cd84/Eif4e/Taf7/Caprin1/Dtx3l/Rtn4/Ptpn22/Sorl1/Rock1/Senp2/Ptpn1/Btg2/Purb/Mdm4/Zfp36/Tlk2/Zc3h12a/Plaa/Pbk/Cd300a/Cr1l/Il1r2/Fga/Ric1/Senp1/Slit2"
"GOBP_NEGATIVE_REGULATION_OF_RESPONSE_TO_ENDOPLASMIC_RETICULUM_STRESS",0.0214311660007265,0.100088804405233,0.132308522605383,-0.469570402354758,-1.57906846858551,32,"Lrrk2/Hspa1a/Alox5/Usp25/Hspa5/Hyou1/Akt3/Ptpn1/Usp14/Txndc12/Svip/Xbp1"
"GOBP_MITOTIC_CELL_CYCLE_PROCESS",0.0215009016507144,0.100260712904174,0.115167141009445,-0.246920167865542,-1.25660165188244,463,"Hspa1b/Il1b/Ddx3x/Anxa1/Cltc/Wac/Ndel1/Hspa1a/Rint1/Tom1l1/Tmod3/Itgb1/Usp16/Bub1/Dusp1/Mki67/Pkd1/Tpr/Nek6/Mdm2/Exoc6/Gtpbp4/Rhoa/Ppp1r10/Nabp1/Eps8/Pafah1b1/Ncapg/Cdk14/Cep126/Dcun1d3/Zfp36l2/Cdc73/Cdc27/Nipbl/Prc1/Smarca5/Rock2/Smc4/Plcb1/Kif3b/Kif11/Kif18a/Pdcd6ip/Stag2/Eif4e/Kmt2e/Ddb1/Atr/Ripor2/Adam17/Arf6/Ddr2/Zfp655/Tbce/Tpx2/Btc/Rock1/Tgfa/Rasa1/Senp2/Ect2/Rrm2b/Topbp1/Gnai1/Slfn9/Kpnb1/Eml4/Becn1/Exoc4/Calm1/Bub1b/Cenpf/Mcm6/Ccne2/Rrs1/Iqgap1/Kat5/Rdx/Knl1/Ankfn1/Cdc23/Kif23/Mtmr4/Zfp365/Ccdc66/Nusap1/Cul2/Ccny/Ncapg2/Stag1/Sptbn1/Exoc5/Epgn/Myh10/Ereg/Spg20/Gpnmb/Kmt5a/Cdc42/Rbl2/Ppp2ca/Cenpj/Sox7/Rab35/Ptpn6/Cul1/Cav2/Gen1/Lrp5/Kif20b/Cdc16/Dlg1/Ccnb1/Atf2/Ilk/Cul5/Plrg1/Spice1"
"GOBP_EPIGENETIC_REGULATION_OF_GENE_EXPRESSION",0.0215434083601286,0.100305318740966,0.124026527381656,-0.31429794874253,-1.3930509641809,135,"App/Tut7/Lbr/Trip12/Atrx/Tpr/Smarca5/Cbx3/Kmt2e/Ddb1/Mettl4/Ifi205/Atad2b/Rif1/H3f3a/Dyrk1a/Mbd1/Tdg/Apobec1/Smchd1/Arid4b/Smarcad1/Pphln1/Tex15/Bmi1/Hipk2/Hells/Kdm1b/Arid4a/Baz1a/Wt1/Zfp445/Atf2/Rrp8/Mettl3/Uhrf1/L3mbtl3/Padi2/Spi1/Noc2l/Ythdc1/Rnf2/Rb1/Spin1/Znfx1/Dot1l/Eed/Hnrnpu/Trim37/Dcaf13/Kat8/Smyd5/Kat7/Morc1/Zfp729a/Rbm15b"
"GOBP_HETEROCHROMATIN_FORMATION",0.0217056913348146,0.100906610861848,0.12745704201113,-0.370627017499083,-1.46946287305074,69,"Lbr/Trip12/Atrx/Tpr/Smarca5/Cbx3/Rif1/H3f3a/Dyrk1a/Mbd1/Smchd1/Smarcad1/Pphln1/Tex15/Bmi1/Hells/Baz1a/Rrp8/Mettl3/Uhrf1/Ythdc1/Rb1/Spin1/Znfx1/Dot1l/Eed/Hnrnpu/Kat8/Smyd5/Morc1/Rbm15b/Piwil2/Spen"
"GOBP_MEMBRANE_PROTEIN_PROTEOLYSIS",0.0217391304347826,0.100908006362672,0.129547467550097,-0.422425076581352,-1.53071392546872,45,"App/Il1b/Timp3/Erap1/Sh3d19/Myh9/Adam8/Adam17/Rock1/Gpld1/Adam9/Rhbdd1/Nrd1/Sppl2a"
"GOBP_MYD88_DEPENDENT_TOLL_LIKE_RECEPTOR_SIGNALING_PATHWAY",0.0220190334017541,0.10174446076499,0.132308522605383,-0.565431287879554,-1.63098152777701,17,"Tlr4/Hspd1/Cd300lf/Traf6/Myd88/Cd300a"
"GOBP_POSITIVE_REGULATION_OF_CELLULAR_RESPONSE_TO_TRANSFORMING_GROWTH_FACTOR_BETA_STIMULUS",0.0220190334017541,0.10174446076499,0.132308522605383,-0.565934318291639,-1.6324325145328,17,"Thbs1/Rnf111/Smad4/Hsp90ab1/Cited2/Npnt"
"GOBP_MONOSACCHARIDE_CATABOLIC_PROCESS",0.0220195729537367,0.10174446076499,0.144645572264101,0.446638880022501,1.57673323241448,32,"Pfkm/Eno3/Galt/Hsd17b14/Tpi1/Galk1/Gpi1/Fut10/Actn3"
"GOBP_LIPOPROTEIN_LOCALIZATION",0.0221849366144668,0.102353230289472,0.131742417142485,-0.547854141121876,-1.62089007173378,19,"Cd36/Vmp1/Apobec1/Mia2/Unc119b/Zdhhc3/Apob/Mttp"
"GOBP_MESONEPHROS_DEVELOPMENT",0.0223841749089016,0.103116206652958,0.126448470699906,-0.391220692662822,-1.49475301551103,57,"Ctnnb1/Arg2/Smad4/Smad2/Pkd1/Fgf2/Robo2/Gpc3/Npnt/Cat/Bmp2/Hs2st1/Slit2/Dchs1/Gdnf/Vegfa/Wt1/Dlg1/Ilk"
"GOBP_REGULATION_OF_G_PROTEIN_COUPLED_RECEPTOR_SIGNALING_PATHWAY",0.0227388426947226,0.104456881845785,0.124026527381656,-0.363351651742916,-1.46346363513408,75,"Lrrk2/Pde4b/App/Usp33/Plek/Rock2/Plcb1/C3/Gprasp1/Sh2b3/Aplnr/Rock1/Grp/Slc24a4/Slit2/Grk6/Zdhhc3/Robo1/Cav2/Gnat1/Padi2/Gtf2h2/Nmt2/Rgs2/Rpgrip1l/Apln/Bicd1"
"GOBP_NUCLEOSOME_ORGANIZATION",0.0227438136826783,0.104456881845785,0.128489714653408,-0.466454299763075,-1.55887816102531,31,"Nfe2/Atrx/Lin54/Smarca5/Chd2/Atad2b/H3f3a/Chaf1a/Naa60/Baz1a"
"GOBP_ENDODERM_DEVELOPMENT",0.0227995758218452,0.104555283701082,0.126448470699906,-0.418926883384909,-1.51803775320378,45,"Itgb2/Ctnnb1/Myh9/Smad4/Smad2/Dusp1/Col12a1/Med12/Cdc73/Dusp4/Lama3/Kif16b"
"GOBP_NEGATIVE_REGULATION_OF_MAPK_CASCADE",0.0229020394516884,0.104867233278784,0.122637391177921,-0.343068673863031,-1.43124135979351,93,"Dnaja1/Tlr4/Ptprc/Dusp3/Il1b/Eif3a/Smad4/Dusp1/Ace2/Pafah1b1/Cdk12/Spry4/Lyn/Dusp4/Itch/Sh2b3/Ptpn22"
"GOBP_RESPONSE_TO_AMYLOID_BETA",0.0229508196721311,0.104932801654113,0.12797030576243,-0.477510847182048,-1.56982038537669,29,"Tlr4/App/Icam1/Cd36/Fpr2/Atp1a3/Vcam1/Tyrobp/Mmp2/Lcn2/Psen1/Chrna7/Snx6/Fyn"
"GOBP_HEMATOPOIETIC_PROGENITOR_CELL_DIFFERENTIATION",0.023019634394042,0.105089635277148,0.123095330850962,-0.354193793437568,-1.4488303614244,82,"Ptprc/Plek/Top2a/Cited2/Lyn/Itch/Lipa/Chd2/Sh2b3/N4bp2l2/Zfat/Braf/Sp3/Fstl3/Kitl/Rrs1/Kat5/Esco2/Ythdf2/Vegfa/Herc6/Eef2/Ptpn6/Srf/Pld4/Atf2/Wdr7/Psen1/Med1/Mettl3/Spi1/Mllt3/Zbtb1/Lig4/Dact2/Hspa9/Xrcc5/Kdr/Tal1"
"GOBP_POSITIVE_REGULATION_OF_EPITHELIAL_CELL_MIGRATION",0.0231413994169096,0.10548736710253,0.12745704201113,-0.490972154060381,-1.58983772348623,27,"Tgfbr2/Jun/Itga2/Arf6/Rtn4/Adam9/Plcg2/Map4k4/Mtor/Dock1/Ppm1f/Ifng/Capn7/Enpp2/Insl3/Iqsec1/Dock5/Bmpr2"
"GOBP_REACTIVE_OXYGEN_SPECIES_METABOLIC_PROCESS",0.0232334561768947,0.105748690670619,0.119145934080369,-0.311530718814128,-1.38692598663343,140,"Tlr4/Thbs1/Itgb2/Lrrk2/App/Slc5a3/Alox5/Arg2/Cybb/Bst1/Pon3/Cd36/Tgfbr2/Ace2/Ncf2/Rhoa/Pla2r1/Ripk1/Cd177/Fpr2/Lipa/Gch1/Rac1/Rfk/Abcd2/Itgam/Tyrobp/Cat/Pdk3/Zc3h12a/Epx/Plcg2/Sh3pxd2b/Shc1/Rac2"
"GOBP_LYMPHOCYTE_HOMEOSTASIS",0.0233128834355828,0.10584263511664,0.124499976253388,-0.402645912015939,-1.50484985661128,52,"Tnfaip3/Skil/Gpam/Dock11/Lyn/Gapt/Il7r/Casp3/Tnfsf13b/Gpr174/Rag1/Tnfsf14/Pkn1/Wdr37/Ripk3/Ppp2ca/Pmaip1/Sash3/Dock10/Bcl2l11/Ccnb2/Bcl10/Spns2/Ppp3cb/P2rx7/Ikbkg"
"GOBP_MULTICELLULAR_ORGANISMAL_REPRODUCTIVE_PROCESS",0.0233236151603499,0.10584263511664,0.110534700747335,-0.2466832583312,-1.25333309016964,452,"Ptgs2/Lrrk2/Arntl/App/Tut7/Ddx3x/Ctnnb1/Skil/Rps6ka2/Fndc3a/Hexb/Itgb1/Smad4/B4galnt1/Herc4/Wdr48/Zc3h14/Abhd2/Acvr2a/Etv6/Atrx/Mmp19/Taf4b/Kdm2b/Cxadr/Ace2/Rad23b/Fxr1/Pgm3/Dedd/Vps13b/Ddx20/Orc4/Top2a/Pafah1b1/Slc2a3/Aff4/Adcy7/Cited2/Inhbb/Robo2/Casp3/Cfap206/Kif18a/Ccr6/Cfap44/Acsl4/Ddb1/Tnfaip6/Dzip1/Nr2c2/Gmnc/H3f3a/Clock/Sp3/Rai14/Rhbdd1/Mertk/Tgfbr1/Agfg1/Herpud2/Yy1/Sycp1/Bmpr1b/Kat5/Arid4b/Spin4/Btg1/Ccdc146/Cftr/Setx/Adamts2/Knl1/Kdm3a/Ubb/Marf1/Slit2/Tesk1/Spag16/Ythdf2/Spire1/1700102P08Rik/Ccny/Mmp2/Adam28/Tex15/Foxj3/Zfx/Ereg/Apob/Kdm1b/Cntln/Arid4a/Mtor/Spag11b/Stc1/Wt1/Esr1/Casp2"
"GOBP_REGULATION_OF_FATTY_ACID_BIOSYNTHETIC_PROCESS",0.023489932885906,0.106438758389262,0.12797030576243,-0.544849750507345,-1.61200123334929,19,"Ptgs2/Il1b/Ceacam1/Insig1/Abcd2/Plaa"
"GOBP_POSITIVE_REGULATION_OF_CHEMOTAXIS",0.0236686390532544,0.107089161838276,0.121293105191013,-0.353408252510519,-1.44688125488787,83,"Thbs1/Ccr1/App/Hspb1/Nedd9/Fgf2/Swap70/Fpr2/Mospd2/Ccr6/S1pr1/Itga2/Ripor2/Adam17/Rac1/Vegfc/Akirin1/C5ar1/Tnfsf14/Slit2/Prkd1/Vegfa/Rac2"
"GOBP_NEGATIVE_REGULATION_OF_CELL_KILLING",0.0237263196615781,0.107190865533391,0.126448470699906,-0.505636028045303,-1.59048303241273,24,"Ptprc/Pvr/Ceacam1/H2-Q7/Il7r/Crk/H2-Q2/Cr1l/Klrc1/Pirb"
"GOBP_REGULATION_OF_MYELOID_LEUKOCYTE_DIFFERENTIATION",0.0237693863789616,0.107226342998427,0.120854561651304,-0.35946162919446,-1.45703297701838,77,"Tlr4/Ccr1/Ctnnb1/Fos/Ceacam1/Traf6/Nedd9/Ripk1/Lyn/Ndfip1/Tnfaip6/Fstl3/Fbn1/Kitl/Tyrobp/Creb1/Runx1/Fam102a/Mtor/Tmem64/Pirb/Ccl3/Rb1/Ifng/Il12b/Tlr3/Rptor/Ubash3b/Taok3/Zfp36l1/Tal1"
"GOBP_DETOXIFICATION",0.0238265427686443,0.107228159353278,0.143909619745855,0.350428049764185,1.45130002438595,66,"Gpx4/Hba-a2/Hba-a1/Cygb/Gpx7/Park7/Txn1/Gstk1/Gpx1/Gpx3/Mt3/Mb/Gstm2/Mt1/Prdx6/Slc47a1/Txnrd2/Gstm7/Ccs/Bmp7/Akr1a1/Prkce"
"GOBP_ESTABLISHMENT_OF_PROTEIN_LOCALIZATION_TO_VACUOLE",0.0238693467336683,0.107228159353278,0.124499976253388,-0.435799137992031,-1.52848433518852,39,"Hspa8/Tnfaip3/Vps13c/Lamp2/Laptm5/Sorl1/Nedd4/Vps37b/Stam/Becn1/Stam2/Vps13a/Irgm1/Irgm2"
"GOBP_POSITIVE_REGULATION_OF_VASCULAR_ASSOCIATED_SMOOTH_MUSCLE_CELL_PROLIFERATION",0.0238756246529706,0.107228159353278,0.126448470699906,-0.521413998556125,-1.60307564019851,22,"Jak2/Mdm2/Jun/Fgf2/Ddr2/Pak1/Mmp2/Xbp1"
"GOBP_REGULATION_OF_MAP_KINASE_ACTIVITY",0.0239107332624867,0.107228159353278,0.123558344666082,-0.420382527835771,-1.51417363059684,44,"Dnaja1/Dusp1/Traf6/Cdk12/Lyn/Fgf2/Ptpn22/Ptpn1/Cd300a/Pik3cg/Pdcd10/Arhgef5/Sash1/Pik3r5/Ptprj"
"GOBP_RENAL_TUBULE_DEVELOPMENT",0.0239458615304529,0.107228159353278,0.122184433304052,-0.388752316304313,-1.4853219882814,57,"Ctnnb1/Smad4/Pkd1/Col4a1/Fgf2/Cd24a/Gpc3/Npnt/Bmp2/Hs2st1/Dchs1/Aqp1/Gdnf/Vegfa/Jag1/Wt1/Dlg1/Ilk"
"GOBP_NEGATIVE_REGULATION_OF_G_PROTEIN_COUPLED_RECEPTOR_SIGNALING_PATHWAY",0.0240767559739319,0.107655979354806,0.124499976253388,-0.455411734335328,-1.55240048229664,34,"Pde4b/App/Plek/Gprasp1/Sh2b3/Aplnr/Slit2/Robo1/Padi2/Gtf2h2/Rgs2/Rpgrip1l/Apln/Bicd1"
"GOBP_PROTEASOME_MEDIATED_UBIQUITIN_DEPENDENT_PROTEIN_CATABOLIC_PROCESS",0.0241983372921615,0.108040963423214,0.112250868978221,-0.270519657853803,-1.30747068426796,265,"Rybp/Lrrk2/Hspa1b/Arntl/Ube2d3/Wac/Ascc3/Ctnnb1/Topors/Rnf139/Hspa1a/Il33/Xpo1/Hsp90ab1/Pcbp2/Kctd10/Fem1c/Trip12/Crbn/Rad23b/Smurf2/Zfand2a/Mdm2/Kbtbd2/Wdr26/Cdc27/Socs4/Psmd14/Itch/Kbtbd8/Rffl/Ddb1/Ltn1/Fbxl5/Sh3bgrl/Clock/Sh3rf3/Appbp2/Kat5/Kbtbd7/Klhl28/Tlk2/Plaa/Pbk/Senp1/Nemf/Cdc23/Psmd12/Usp14/Cul2/Klhl11/Psmb7/Bag2/Klhl6/Kcmf1/Huwe1/Psmd1/Fbxo38/Faf2/Psmc6/Cul1/Dcaf1/Ipp/Cdc16/Fbxw8/Cul5/Psen1/Ube2n/Rnf10/Mapk9"
"GOBP_ADENYLATE_CYCLASE_ACTIVATING_G_PROTEIN_COUPLED_RECEPTOR_SIGNALING_PATHWAY",0.0244357712540302,0.108941322794322,0.119566417816168,-0.360966620781646,-1.45385749721301,75,"Pde4b/App/Adgre1/Adcy4/Adcy3/Adgrf5/Rapgef2/Adcy7/S1pr1/Cnr2/Adcy9/Dgkq/Glp1r/Adora2b"
"GOBP_POSITIVE_REGULATION_OF_HEMOPOIESIS",0.0245138094459879,0.109129458717885,0.117106883409404,-0.322983125579128,-1.39561873186679,114,"Ptprc/Ccr1/Anxa1/Fos/Cd83/H2-Q7/Tgfbr2/Traf6/Rhoa/Nedd9/Adam8/Ripk1/Il7r/Nfkbiz/Il4ra/Rag1/Kitl/Tyrobp/Kat5/Vsir/Cr1l/Creb1/Runx1/Fam102a/Cyld/Xbp1/Sash3/Tmem64/Pirb/Il18/Spi1/Nfkbid/Rb1/Shb/Zbtb1/Ifng/Il12b/Rptor/Dusp10/Zfp36l1/Tespa1"
"GOBP_POSITIVE_REGULATION_OF_MYELOID_CELL_DIFFERENTIATION",0.0248361503966885,0.110403033515207,0.119566417816168,-0.377430778126954,-1.47432456727175,64,"Ccr1/Hspa1b/Hspa1a/Fos/Acvr2a/Rcor1/Traf6/Nedd9/Ripk1/Kitl/Tyrobp/Creb1/Runx1/Jag1/Abcb10/Fam102a/Tmem64/Med1/Rb1/Ifng/Il12b/Rptor/Kat7/Zfp36l1/Tal1"
"GOBP_ORGANIC_ACID_TRANSMEMBRANE_TRANSPORT",0.025037808771635,0.111019961717255,0.117506481856722,-0.343645293030164,-1.42610358713372,90,"Thbs1/Emb/Cd36/Slc1a3/Itgb1/Arl6ip1/Lrrc8d/Slc6a14/Slc11a1/Ace2/Slc38a2/Slc7a11/Slc7a1/Lrp2/Abcd2/Slc16a9/Acsl5/Slc7a5/Slc6a20a/Tspo2/Slc23a2/Slc6a9"
"GOBP_REGULATION_OF_BMP_SIGNALING_PATHWAY",0.0250657318141981,0.111019961717255,0.119991298354729,-0.400403906441364,-1.49647057926924,52,"Ube2d3/Skil/Smad2/Smurf2/Gpc3/Lrp2/Tnfaip6/Sorl1/Fstl3/Fbn1/Acvrl1/Ngly1/Mtmr4/Rbpj/Spg20/Hipk2/Eng/Grem2/Ppm1a/Ilk"
"GOBP_POSITIVE_REGULATION_OF_EPITHELIAL_CELL_DIFFERENTIATION",0.025086980406519,0.111019961717255,0.122637391177921,-0.480370677819256,-1.56309816955747,28,"Prkch/Ipo7/Ctnnb1/Trim16/Fgf2/Cd24a/Acvrl1/Bmp2/Btg1/Gdnf/Vezf1/Med1"
"GOBP_PYRUVATE_METABOLIC_PROCESS",0.0251207729468599,0.111019961717255,0.141072897117004,0.345029187641937,1.45004385336996,71,"Uchl1/Bckdk/Pdk2/Pfkm/Eno3/Prkaca/Vdac1/Ucp2/Bpgm/Tpi1/Aldoa/Galk1/Gpi1/Pdhx/Actn3/Ier3/Aldoc/Pfkfb1/Me3/Dlat/Pdk1"
"GOBP_NEGATIVE_REGULATION_OF_INTRINSIC_APOPTOTIC_SIGNALING_PATHWAY",0.0252115351407356,0.111259600729768,0.118729771541953,-0.377906573724985,-1.47247942358685,63,"Dnaja1/Ptgs2/Lrrk2/Ddx3x/Ctnnb1/Hspa1a/Hspb1/Hyou1/Mdm2/Fgf2"
"GOBP_CELLULAR_RESPONSE_TO_VIRUS",0.0253050969131371,0.111351118239869,0.120854561651304,-0.433686021727023,-1.52107297332953,39,"Hsp90aa1/Jak1/Ddx3x/Jak2/Tlr7/Fmr1/Ifih1/Ifi44/Zc3h12a/Irgm1/Irgm2/Wdfy4/Atf2/Tomm70a"
"GOBP_MITOTIC_SPINDLE_ASSEMBLY",0.0253054101221641,0.111351118239869,0.119145934080369,-0.383399838199168,-1.47689428175303,60,"Hspa1b/Hspa1a/Tpr/Rhoa/Prc1/Kif3b/Kif11/Pdcd6ip/Stag2/Ripor2/Tpx2/Kpnb1/Kif23/Ccdc66/Stag1/Spice1/Uhrf1/Kif4/Hnrnpu/Cep192/Lsm14a/Smc3/Pibf1/Racgap1/Chmp2b"
"GOBP_POSITIVE_REGULATION_OF_CATALYTIC_ACTIVITY",0.0254094596663095,0.111578266494179,0.111211882754101,-0.281024959675233,-1.32336489055892,212,"Ptprc/Ndel1/Jak2/Hspa1a/Tnfrsf10b/Arrdc4/Tom1l1/Itgb1/Lcp2/Cab39/Traf6/Dock11/Rapgef6/Rhoa/Nedd9/Rapgef2/Dock8/Chil1/Ralgapa1/Fgf2/Cacna1d/Pilrb2/Gch1/Adam17/Ddr2/Rfk/Tpx2/Gpld1/Agrn/Nrg1/Glp1r/Ect2/Ptpn1/Fbn1/Evi5/Rfc4/Tnfsf15/Rgs1/Epha2/Adora2b/Bmp2/Vsir/Tbc1d2/Cr1l/Ric1/Pik3cg/Abi1/Ccny/Irgm1/Ripk3/Bmi1/Irgm2/Ereg/Pdcd10/Dstyk/Pim1/Arhgef5/Esr1/Sash1/Ralb"
"GOBP_ENDOCARDIAL_CUSHION_FORMATION",0.0254920337394564,0.111578266494179,0.123095330850962,-0.551755122414259,-1.60679611415317,18,"Bmp5/Smad4/Tgfbr2/Robo2/Aplnr/Tgfbr1/Bmp2/Dchs1/Rbpj/Robo1/Eng"
"GOBP_POSITIVE_REGULATION_OF_NEUTROPHIL_MIGRATION",0.0254920337394564,0.111578266494179,0.123095330850962,-0.551618573513391,-1.60639846266904,18,"Adam8/Il1r1/Mospd2/Ripor2/Rtn4/Rac1/C5ar1/Rac2/Fut4"
"GOBP_ANTERIOR_POSTERIOR_AXIS_SPECIFICATION",0.0255036037700979,0.111578266494179,0.122184433304052,-0.508671072297782,-1.5817430601476,23,"Ctnnb1/Wls/Smad4/Gpc3/Fzd5/Nrarp/Nckap1/Pgap1/Frs2/Wt1/Srf"
"GOBP_REGULATION_OF_NEUTROPHIL_CHEMOTAXIS",0.0255644709833924,0.111684094898752,0.122637391177921,-0.558217164217314,-1.6101724521485,17,"Bst1/Mospd2/Tnfaip6/Ripor2/Rac1/C5ar1/Slit2/Rac2/Mpp1"
"GOBP_CYTOSOLIC_TRANSPORT",0.0257104194857916,0.112076154831886,0.116319528645477,-0.354990936679944,-1.44233671520129,79,"Lrrk2/Cltc/Washc2/Vps13c/Actr2/Cln5/Uhrf1bp1l/Laptm5/Kif16b/Tpcn2/Ces1d/Sorl1/Mon2/Rbsn/Kif5b/Evi5/Map2/Vps26a/Snx5/Ric1/Trappc10/Vps13a/Tmem87b/Heatr5a/Snx1/Tbc1d23/Pip4k2a/Snx6/Srsf10/Rab6b"
"GOBP_REGULATION_OF_PROTEIN_SERINE_THREONINE_KINASE_ACTIVITY",0.025727826675694,0.112076154831886,0.116319528645477,-0.349599172433013,-1.43003605578163,82,"Dnaja1/Prkch/Cab39/Dusp1/Ccnt1/Traf6/Rhoa/Rapgef2/Cdk12/Lyn/Fgf2/Ptpn22/Ptpn1/Ccne2/Cd300a/Pik3cg/Ccny/Irgm1/Irgm2/Pdcd10/Pim1/Uvrag/Arhgef5/Sash1/Ralb"
"GOBP_REGULATION_OF_EXTRINSIC_APOPTOTIC_SIGNALING_PATHWAY_IN_ABSENCE_OF_LIGAND",0.0258683068017366,0.112515450089514,0.119991298354729,-0.45576407525378,-1.54363884746026,33,"Hspa1b/Il1b/Hspa1a/Mcl1/Ripk1/Nrg1/Gdnf/Ppp1ca/Unc5b/Eya2"
"GOBP_DETECTION_OF_BIOTIC_STIMULUS",0.0259115306311309,0.112515450089514,0.121293105191013,-0.517742903490132,-1.59178894078222,22,"Tlr4/Naip2/H2-Q7/Clec4n/Nr4a1/Pak1/Atf2/Ptprj"
"GOBP_REGULATION_OF_LYMPHOCYTE_DIFFERENTIATION",0.0259909031838856,0.112515450089514,0.113318868985054,-0.315941286487703,-1.38576661613629,127,"Ptprc/Anxa1/Nfam1/Ceacam1/Cd83/H2-Q7/Tgfbr2/Rhoa/Irf4/Adam8/Zfp36l2/Il7r/Nfkbiz/Il4ra/Ndfip1/Braf/Rag1/Kat5/Zc3h12a/Vsir/Cr1l/Nrarp/Runx1/Cyld/Xbp1/Sash3/Ptpn6/Tcf7/Pirb/Mettl3/Sh3rf1/Il18/Spi1/Fgl2/Nfkbid/Ikzf3/Shb/Zbtb1/Ifng/Il12b/Dusp10/Zfp36l1/Tespa1/Ctla4/Il1rl2"
"GOBP_REGULATION_OF_REACTIVE_OXYGEN_SPECIES_BIOSYNTHETIC_PROCESS",0.0260568513119534,0.112515450089514,0.119991298354729,-0.484079235972432,-1.56751747352807,27,"Tlr4/Slc5a3/Alox5/Arg2/Cd36/Rhoa/Abcd2"
"GOBP_REGULATION_OF_CARDIAC_MUSCLE_CONTRACTION_BY_REGULATION_OF_THE_RELEASE_OF_SEQUESTERED_CALCIUM_ION",0.0260607365927202,0.112515450089514,0.13063133623686,0.540453277622226,1.61083415624212,17,"Atp1a2/Prkaca/Tmem38a/Hrc/Pln/Ank2/Trdn/Gstm7/Ryr2/Gsto1/Fkbp1a"
"GOBP_POSITIVE_REGULATION_OF_CYTOSOLIC_CALCIUM_ION_CONCENTRATION",0.0260663507109005,0.112515450089514,0.115547533922279,-0.347566246718852,-1.42770803413004,85,"Ccr1/Fpr1/Cxcr2/Jak2/Cd36/Pkd1/Swap70/Fpr2/Cd24a/Cd55/Ccr6/Ccr3/Cysltr1/Glp1r/C5ar1/Trpc6/Gpr35/Pik3cg"
"GOBP_MORPHOGENESIS_OF_A_BRANCHING_STRUCTURE",0.0261011419249592,0.112515450089514,0.113318868985054,-0.321777021309583,-1.39208011659419,116,"Lrrk2/Socs3/Hgf/Ctnnb1/Smad4/Areg/Pkd1/Tnc/Clic4/Tgfbr2/Col4a1/Fgf2/Gpc3/Npnt/Rtn4/Fzd5/Epha2/Bmp2/Nrarp/Slit2/Pak1/Sema3c/Dchs1/Gdnf/Vegfa/Ppp1ca/Eng/Frs2/Wt1/Esr1/Srf/Kdm5b/Lrp5/Dlg1/Ilk/Med1"
"GOBP_REGULATION_OF_ANIMAL_ORGAN_FORMATION",0.0261242769173353,0.112515450089514,0.121293105191013,-0.556897464495497,-1.60636579002238,17,"Ctnnb1/Cited2/Fgf2/Robo2/Bmp2/Gdnf/Robo1/Frs2/Wt1"
"GOBP_DEFENSE_RESPONSE_TO_GRAM_NEGATIVE_BACTERIUM",0.0263157894736842,0.113180196253345,0.11831785640414,-0.436743735815488,-1.52526687787152,38,"Tlr4/Trem1/App/Slc11a1/Lyz2/Selp/Nfkbiz/Prkd1/Aqp1/B2m/Irgm1/Irgm2/Il22ra1"
"GOBP_VIRAL_TRANSLATION",0.0264186046511628,0.113462131400269,0.120420653167431,-0.567414957056413,-1.61282635281654,16,"Eif3a/Pcbp2/Ptbp1/Peg10/Ace2"
"GOBP_SEX_DIFFERENTIATION",0.0266347687400319,0.114079397055434,0.110871775183071,-0.30629552548461,-1.37054927252193,144,"Bmp5/Ctnnb1/Tiparp/Fndc3a/Smad4/Wdr48/Acvr2a/Pkd1/Atrx/Mmp19/Dhcr24/Cited2/Inhbb/Tlr5/Robo2/Nipbl/Casp3/Kif18a/Lrp2/Tnfaip6/Rac1/Gmnc/Gfra1/H3f3a/Arid5b/Mertk/Tgfbr1/Kitl/Bmpr1b/Arid4b/Ubb/Slit2/Vegfa/Mmp2/Zfx/Ereg/Arid4a/Wt1/Esr1/Casp2/Sycp2"
"GOBP_SYMBIONT_ENTRY_INTO_HOST",0.0266372582287072,0.114079397055434,0.114417265153214,-0.346245134807318,-1.4272333707548,87,"Hspa1b/Icam1/Hspa1a/Pvr/Tmprss4/Myh9/Itgb1/Jpt2/Lamp3/Cxadr/Ace2/Mrc1/Cd55/Itch/Slc7a1/Tpcn2/Itga2/Gypa/Epha2/Siglec1"
"GOBP_REGULATION_OF_LAMELLIPODIUM_ORGANIZATION",0.0267727930535456,0.114498812988829,0.117910116623497,-0.454979118776148,-1.54098025855818,33,"Hsp90aa1/Actr2/Actr3/Was/Ocln/Rac1/Akirin1/Wasf2/Epha2/Slit2/Nckap1/Rac2/Cdc42/Mtor"
"GOBP_NEGATIVE_REGULATION_OF_TRANSPORTER_ACTIVITY",0.0269867857807556,0.115155000547705,0.119145934080369,-0.520744007888334,-1.58193609990763,21,"Fmr1/Kcne2/Cttnbp2nl/Ndfip1/Ubqln1/Calm1/Ndfip2/Gpr35/Grp"
"GOBP_RIBOSOME_ASSEMBLY",0.0270018621973929,0.115155000547705,0.133462622481397,0.383258380537734,1.47283498761622,47,"Rpl38/Rps28/Mettl17/Rps15/Mrm2/Fau/Rpl11/Rcc1l/Nop53/Mtg1/Rps14/Eif5b/Rps19/Mterf4/Eral1/Mrps7/Rps27l/Abt1/Mcat/Mpv17l2"
"GOBP_NUCLEAR_RECEPTOR_MEDIATED_SIGNALING_PATHWAY",0.0271286157868933,0.115436876350555,0.111211882754101,-0.327232541349502,-1.39753753939343,105,"Arntl/Zfp366/Jak2/Trim16/Rnf6/Strn3/Abhd2/Actn4/Plpp1/Rhoa/Cdk12/Cited2/Ddx5/Fam120b/Taf7/Nedd4/Clock/Shq1/Cnot2/Trim24/Bmp2/Pdk3/Pkn1/Kdm3a/Pak1/Ddx54/Nr3c2/Pim1/Huwe1/Esr1/Alox15/Med1/Pias2/Padi2/Sp100/Tmf1/Ncoa3/Ctbp2"
"GOBP_RHO_PROTEIN_SIGNAL_TRANSDUCTION",0.0271462504241602,0.115436876350555,0.113318868985054,-0.344957783165361,-1.42192686666682,87,"Lrrk2/Col3a1/Itgb1/Arhgef28/Kctd10/Dock11/Fxr1/Arhgdib/Dock7/Rhoa/Eps8/Arhgap30/Dock8/Rock2/Was/Ripor2/Rac1/Cdc42se2/Rock1/Arhgap20/Tagap/Pdcd10/Robo1/Arhgef18/Prag1/Akap13/Dock10/Col1a2/Arhgap42/Arhgef3/Gpr4/Arhgef12/Tnfaip1/Shtn1/Limk1/Abl2/Sema4d/Rtkn/Csnk1a1/Adgrg1"
"GOBP_REGULATION_OF_SMAD_PROTEIN_SIGNAL_TRANSDUCTION",0.0271816881258941,0.115436876350555,0.116319528645477,-0.446844594667561,-1.53623373276143,35,"Bmp5/Jak2/Ceacam1/Smad4/Acvr2a/Tgfbr2/Ldlrad4/Tgfbr1/Acvrl1/Bmp2/Sptbn1/Eng/Xbp1"
"GOBP_GENITALIA_DEVELOPMENT",0.0273516909998152,0.115837639965547,0.117910116623497,-0.505120834652336,-1.57070338428754,23,"Bmp5/Ctnnb1/Pkd1/Dhcr24/Nipbl/Lrp2/Mertk/Wt1/Esr1/Sycp2"
"GOBP_RENAL_TUBULE_MORPHOGENESIS",0.0273636204174706,0.115837639965547,0.114790404232843,-0.410299118784274,-1.49681254251813,46,"Ctnnb1/Smad4/Pkd1/Col4a1/Fgf2/Gpc3/Npnt/Bmp2/Hs2st1/Dchs1/Gdnf/Vegfa/Wt1/Dlg1/Ilk"
"GOBP_REGULATION_OF_POSTSYNAPTIC_MEMBRANE_NEUROTRANSMITTER_RECEPTOR_LEVELS",0.027390180878553,0.115837639965547,0.113681552791533,-0.36969357954439,-1.45263728804417,66,"Sacm1l/Hsp90aa1/Nptx1/Numb/Traf6/Shroom4/Mdm2/Erbin/Eps8/Cblb/Nrg1/Zdhhc5/Prkci/Rdx/Rap2a/Arc/Rabep1/Neto2/Dlg1/Usp32/Atad1/Clstn1/Rala/Snx6/Map2k1/Dlg4/Atg5/Dag1"
"GOBP_REGULATION_OF_PHAGOCYTOSIS",0.0277826314869824,0.117334414532401,0.113681552791533,-0.377397545412117,-1.45662790772087,61,"Ptprc/Cd36/Cd300lf/Slc11a1/Fgr/Dock2/Fpr2/C3/Itga2/Sirpb1a/Mertk/Cd300a/Plcg2/Rab31/Il2rb/Alox15/Cfp/Fcgr1/Ptprj/Fcnb/C2/Ifng/Hck/Atg5/Fcgr2b/Rab27a/Appl1/Il15/Plscr1/Bcr/Calr/Stat3"
"GOBP_REGULATION_OF_CALCIUM_ION_DEPENDENT_EXOCYTOSIS",0.0278677900194426,0.11753105347535,0.126448470699906,0.499318919658009,1.57919116857451,21,"Rab3a/Syt5/Cdk5/Scamp5/Stx1a/Ppp3ca/Adra2a"
"GOBP_NEGATIVE_REGULATION_OF_BMP_SIGNALING_PATHWAY",0.0280203784570597,0.118011137485127,0.115547533922279,-0.459278817110084,-1.53489788426884,31,"Ube2d3/Skil/Smurf2/Lrp2/Tnfaip6/Sorl1/Fstl3/Fbn1/Mtmr4/Spg20/Hipk2/Grem2/Ppm1a"
"GOBP_RIBONUCLEOSIDE_MONOPHOSPHATE_METABOLIC_PROCESS",0.028094979155338,0.118161894375697,0.115167141009445,-0.467212645573497,-1.54969360741542,30,"Magi3/Gda/Upp1/Cask/Umps/Uprt/Rfk/Nt5c2/Adss/Prps2/Mpp1/Cad/Dlg1"
"GOBP_REGULATION_OF_BODY_FLUID_LEVELS",0.0284090909090909,0.119318181818182,0.105228221404324,-0.279483120802968,-1.31371940117897,210,"Tlr4/Thbs1/Jak2/Hspb1/Myh9/Cd36/Ceacam1/Col3a1/Nfe2/Plek/Actg1/Jmjd1c/Lyn/Selp/Was/Tec/Slc7a11/Itga2/Sh2b3/Uprt/Aplnr/Prrg4/Btc/Dgkq/Oas2/Vav3/Mertk/P2ry2/Fli1/Ext2/Serping1/Cftr/Myo5b/Hps5/Creb1/Fga/Plcg2/Copa/Pik3cg/Aqp1/Negr1/Vegfa/Pdia3/Cd40lg/Plat/Ano1/Bloc1s6/Pros1/Xbp1/Vwf/Cad/Ptpn6/Srf/Fgg/Slc4a1/Ilk/Med1/Tubb1/Chrm3"
"GOBP_INTERLEUKIN_4_PRODUCTION",0.0285714285714286,0.119834710743802,0.115547533922279,-0.526055835306332,-1.57996829204909,20,"Il33/Cd83/Irf4/Ndfip1/Slc7a5/Epx/Cd40lg/Sash3"
"GOBP_NEGATIVE_REGULATION_OF_CELL_JUNCTION_ASSEMBLY",0.0287099179716629,0.120249931531931,0.115547533922279,-0.536649196215433,-1.5877389415516,19,"Thbs1/Il1b/Robo2/Rock2/Phldb2/Rock1/Acvrl1/Ptpn13"
"GOBP_STRIATED_MUSCLE_CELL_DIFFERENTIATION",0.028843537414966,0.120643642072213,0.139715216553372,0.269092664489126,1.31247183225276,171,"Lmod1/Dmpk/Meis1/Myl9/Myom1/Tnnt2/Csrp2/Dyrk1b/Asb2/Myh11/Obsl1/Synpo2l/Dcaf8/Tnnt3/Ttn/Hdac3/Actn2/Scgb3a1/Csrp3/Fzd7/Flot1/Acta1/Tmod4/Gpx1/Myom2/Rpl3l/Tpm1/Sgcb/Cav3/Plpp7/Mmp14/Hopx/Casq1/Ppif/Actn3/Tbx5/Mesp1/Prickle1/Neb/Alpk3/Smyd1/Rxrb/Tbx18/Bves/Mybpc3/Fhod3/Ryr1/Ppp3ca/Cby1/Akap6/Mylk3/Msx1/Tbx1/Barx2/Bcl9/Lmod2"
"GOBP_REGULATION_OF_CALCIUM_MEDIATED_SIGNALING",0.0289703315881326,0.121007763629443,0.111211882754101,-0.378465070658781,-1.45788506673507,60,"Ptprc/Lrrk2/Car8/App/Bst1/Ptbp1/Jpt2/Plek/Rcan1"
"GOBP_VASCULAR_PROCESS_IN_CIRCULATORY_SYSTEM",0.0291153415453527,0.121446869870684,0.106110518756861,-0.30121663115674,-1.35379565301002,151,"Pik3c2a/Lepr/Slc5a3/Cd36/Ceacam1/Slc1a3/Itgb1/Ace2/Rhoa/Slc38a2/Slc2a3/Rock2/Slc7a1/Ocln/Lrp2/Scpep1/Rap1gds1/Rock1/Gclm/P2ry2/Atp2b1/Adora2b/Ext2/Slc7a5/Hrh2/Slc6a20a/Flvcr2/Abca2/Fga/Slit2/Slc2a13/Slc6a9/Vegfa/Mmp2/Tjp1/Bloc1s6/Slc4a4/Fgg/Htr7/Ptprj/Arhgap42/Npr1/Gpr4/Slc5a5/Bdkrb2/Rgs2/Plec/Apln/Cdh5/Map2k1/Kel/Slc12a2"
"GOBP_REGULATION_OF_CELLULAR_RESPIRATION",0.0292084726867336,0.121668672135573,0.12546307449004,0.446082876525907,1.54887335214198,30,"Park7/Pink1/Uqcc2/Shmt2/Il10rb/Ppif/Actn3/Trpv4/Nop53/Etfrf1/Snca/Abcd1/Pik3ca/Ak4/Prelid1"
"GOBP_MITOCHONDRIAL_CALCIUM_ION_HOMEOSTASIS",0.0293229840448469,0.121978806579998,0.123095330850962,0.556232639839733,1.59704629044673,15,"Smdt1/Slc8b1/Atp2a1/Mcu/Bnip3/Micu1"
"GOBP_POST_EMBRYONIC_DEVELOPMENT",0.0294985250737463,0.122541621895713,0.109869472131707,-0.383527680640529,-1.46536000758904,57,"Selenop/Tiparp/Jak2/Smad2/Atrx/Csrnp1/Tbce/Ccdc47/Arid5b/Fzd5/Tgfbr1/Serp1/Crb1/Nr4a2/Sema3c/Vegfa/Zfx/Apob/Mtor/Kdm5b/Psen1"
"GOBP_SKELETAL_SYSTEM_DEVELOPMENT",0.0295989344383602,0.122683165437191,0.101117648743061,-0.266422714509091,-1.2906905199866,274,"Ptprc/Nab1/Bmp5/Lepr/Rps6ka3/Ndst1/Ctnnb1/Tiparp/Serpinh1/Hexb/Col3a1/Smad2/Wdr48/Ppib/Acvr2a/Pkd1/Ogn/Med12/Tgfbr2/Pls3/Csrnp1/Fgr/Rhoa/Pafah1b1/Cited2/Chil1/Insig1/Col1a1/Fgf2/Nipbl/Glg1/Lipa/Ddr2/Rflnb/Gpld1/Pappa2/Csgalnact1/Arid5b/Sp3/Tgfbr1/Fbn1/Epha2/Acvrl1/Serp1/Bmpr1b/Ext2/Tyrobp/Bmp2/Trps1/Phex/Ankrd11/Tgfbi/Bbx/Dchs1/Loxl2/Sh3pxd2b/Vegfa/Itgb6/Mmp2/Runx1/Bmi1/Efemp1/Ghr/Lrrk1/Slc26a2/Stc1/Xylt1/Srf/Lrp5/Dlg1/Atf2/Akap13/Runx2/Psen1/Pirb"
"GOBP_SUBSTRATE_DEPENDENT_CELL_MIGRATION",0.0296131778641495,0.122683165437191,0.113318868985054,-0.509601455093032,-1.56675824034559,22,"Ptprc/Ston1/Adam8/Itga2/Vegfc/Slit2/Tnfrsf12a/Myh10/Robo1"
"GOBP_MACROPHAGE_CYTOKINE_PRODUCTION",0.0296594653972904,0.122707978443953,0.11260357881031,-0.487594964435218,-1.55020599739306,25,"Tlr4/Cd36/Tlr7/H2-Q7/Litaf/Laptm5/Rtn4/Myd88/Epx/Plcg2"
"GOBP_DNA_BIOSYNTHETIC_PROCESS",0.0297355018892722,0.122855635349842,0.10640946434982,-0.328198353017948,-1.39228246644422,101,"Hsp90aa1/Hgf/Ctnnb1/Polk/Tom1l1/Hsp90ab1/Dusp1/Rev1/Fgf2/Jade3/Atr/Rrm2b/Rfc4/Nynrin/Cenpf/Polh/Sycp1/Vegfa/Tnks2/Sox7/Cct2/Usp10/Nox4/Tnks/Cct3/Dnajc2/Dtl/Hnrnpc/Rev3l/Zbtb1/Lig4/Hnrnpu/Vcp/Kat7/Xrcc5"
"GOBP_REGULATION_OF_VIRAL_GENOME_REPLICATION",0.0298692117355956,0.123240853299307,0.110200614426747,-0.408740564800035,-1.48112626150609,45,"Ddx3x/Pde12/Pkn2/Fam111a/Top2a/Ddx5/Ifih1/Ddb1/Ifi205/Oas2/Ppid"
"GOBP_RIBONUCLEOSIDE_MONOPHOSPHATE_BIOSYNTHETIC_PROCESS",0.0301395348837209,0.12418793466973,0.11260357881031,-0.56002479287138,-1.59182047096405,16,"Upp1/Umps/Uprt/Rfk/Adss/Prps2/Cad"
"GOBP_VESICLE_TARGETING_TO_FROM_OR_WITHIN_GOLGI",0.0301854247520483,0.124208943743226,0.121293105191013,0.554224704719868,1.59128113913241,15,"Mapk15/Trappc2l/Preb/Tmed9/Wipi1/Trappc3/Trappc4"
"GOBP_DIGESTION",0.0304973141569919,0.125322971130958,0.107942085094929,-0.389570888002645,-1.47338902957417,54,"Tlr4/Cd36/Serpina3n/Asah2/Chia1/Lipa/Hrh2/Cyp8b1/Copa/Strap/Aqp1/Negr1/Sgk1/Npc1/Chrm3/Pls1/Pgc/Il10ra/Ireb2/Serpina3k"
"GOBP_REGULATION_OF_CELL_DIVISION",0.0306005563737522,0.125575152003181,0.104651813957764,-0.324639380473905,-1.38245993669986,103,"Il1b/Yme1l1/Prpf40a/Pkn2/Ahctf1/Rhoa/Fgf2/Prc1/Kif3b/Dr1/Arf6/Btc/Vegfc/Tgfa/Klhl9/Ect2/Myo19/Birc6/Becn1/Calm1/Cat/Macc1/Kif23/Ccdc66/Vegfa/Ereg/Cdc42/Uvrag/Garem1"
"GOBP_SOMATIC_DIVERSIFICATION_OF_IMMUNE_RECEPTORS",0.03064116188452,0.125575152003181,0.108893281951179,-0.411455801710273,-1.48202050240577,44,"Ptprc/Hspd1/Pcyt1a/Swap70/Nfkbiz/Ccr6/Ndfip1/Dclre1c/Rif1/Rag1/Yy1/Kmt5b"
"GOBP_MORPHOGENESIS_OF_AN_EPITHELIUM",0.0308705193855157,0.126345069259268,0.0983849253696529,-0.263198594324998,-1.28466601070904,293,"Bmp5/Socs3/Flrt3/Hgf/Ctnnb1/Prkx/Ceacam1/Itgb1/Smad4/Areg/Pkd1/Tnc/Clic4/Med12/Tgfbr2/Traf6/Kdm2b/Actg1/Col4a1/Rhoa/Pafah1b1/Cited2/Fgf2/Gpc3/Casp3/Lrp2/Npnt/Luzp1/Phldb2/Rab10/Ccdc39/Adam17/Cep290/Aplnr/Vegfc/Fzd5/Mical2/Epha2/Acvrl1/Bmp2/Hs2st1/Nrarp/Slit2/Pak1/Rap2a/Sema3c/Tsc2/Dchs1/Nckap1/Gdnf/Vegfa/Mmp2/Rbpj/Exoc5/Myo9a/Astn2/Jag1/Ppp1ca/Tmeff2/Gorab/Pdcd10/Cdc42/Eng/Frs2/Mtor/Car2/Wt1/Esr1/Srf/Kdm5b/Lrp5/Kif20b/Ift122/Sec24b/Dlg1/Lcn2/Ilk/Psen1/Med1"
"GOBP_REGULATION_OF_PHOSPHORUS_METABOLIC_PROCESS",0.0310021629416006,0.126713538466005,0.0974433570168394,-0.255338858480101,-1.26742494716775,349,"Dnaja1/Ptprc/Thbs1/Itgb2/Samsn1/Prkch/App/Jak2/Tnfrsf10b/Hspb1/Ceacam1/Tom1l1/Lcp2/Cab39/Areg/Dusp1/Ccnt1/Acvr2a/Plek/Adgrf5/Traf6/Fgr/Rhoa/Nedd9/Rapgef2/Cdk12/Ripk1/Lyn/Chil1/Fgf2/Rock2/Socs4/C3/Pilrb2/Jmjd8/Taf7/Adam17/Ddr2/Rac1/Ptpn22/Smg8/Tpx2/Gpld1/Nrg1/Spata18/Braf/Ect2/Lacc1/Ptpn1/Fbn1/Tnfsf15/Mob1b/Ccne2/Iqgap1/Bmp2/Pdk3/Zc3h12a/Abca2/Cd300a/Slit2/Pik3cg/Rap2a/Vegfa/Abi1/Ptpn13/Ccny/Irgm1/Ripk3/Prkaa1/Irgm2/Ereg/Pdcd10/Dstyk/Pim1/Rbl2/Eng/Mtor/Slc4a4/Uri1/Uvrag/Xbp1/Ppp2ca/Arhgef5/Sash1/Chp1/Ralb"
"GOBP_ERBB_SIGNALING_PATHWAY",0.031144211238998,0.12712348957473,0.105519930289441,-0.342931812909478,-1.40867103486515,85,"Dusp3/Pik3c2a/Ctnnb1/Ceacam1/Areg/Erbin/Socs4/Kif16b/Adam17/Rtn4/Cblb/Btc/Tgfa/Nrg1/Dgkq/Braf/Iqgap1/Reps2/Snx5/Shc1/Rbpj/Epgn/Efemp1/Ereg/Arf4/Garem1/Cpne3/Ralb/Cul5/Ptprj/Rala/Plce1/Snx6/Rnf115"
"GOBP_POSITIVE_T_CELL_SELECTION",0.0320232896652111,0.130503872885257,0.107942085094929,-0.451965920155261,-1.51045837248281,31,"Ptprc/Socs3/Jak1/Irf4/Dock2/Braf/Cyld/Mtor/Srf"
"GOBP_NEGATIVE_REGULATION_OF_T_CELL_PROLIFERATION",0.0320580942260007,0.130503872885257,0.10640946434982,-0.409847585167742,-1.47622787564384,44,"Arg2/H2-Q7/Casp3/Itch/Laptm5/Ndfip1/Ripor2/Cblb/Vsir/Cr1l/Gpnmb/Ptpn6/Dlg1/Pirb"
"GOBP_NEGATIVE_REGULATION_OF_PROTEOLYSIS",0.0322416426268454,0.131075836847456,0.103804265291514,-0.351108405655035,-1.41415177611358,75,"Rybp/Thbs1/Lrrk2/Timp3/Wac/Usp25/Hsp90ab1/Lamp3/Mdm2/Glg1/Serpinb8/Rock1/Tlk2/Pbk/Cr1l/Il1r2/Senp1/Usp14/Chac1/Plat/Svip/Hipk2"
"GOBP_RESPONSE_TO_ORGANOPHOSPHORUS",0.0323021705691335,0.131146812510682,0.104084546739236,-0.359733846394767,-1.42947844223519,70,"App/Il1b/Fos/Fosb/Top1/Tlr7/Areg/Dusp1/Mmp19/Rapgef2/Col1a1/Inhbb/Rap1b/Dgkq/P2ry2/Cftr/Pik3cg/Aqp1"
"GOBP_CELL_PROJECTION_MORPHOGENESIS",0.0325039551272832,0.131769181001459,0.0949835566636969,-0.252635693487645,-1.2588039212323,367,"Lrrk2/App/Usp33/Picalm/Flrt3/Ndel1/Emb/Ctnnb1/Skil/Sema3a/Rnf6/Itgb1/Smad4/Arhgef28/Nptx1/Egr2/Numb/Actg1/Mink1/Pcdhac2/Sema6d/Dock7/Rapgef2/Pafah1b1/Lama2/Robo2/Postn/Lrp2/Caprin1/Rab10/Ccdc39/Kidins220/Adam17/Rtn4/Rac1/Nedd4/Cyfip2/Tbce/Nin/Rock1/Braf/Wasf2/Kif5b/Shank3/Klf7/Map2/Nrd1/Bmpr1b/Iqgap1/Trpc6/Plaa/Nr4a2/Cdkl5/Cckar/Creb1/Ubb/Slit2/Wasl/Slc23a2/Pak1/Rap2a/Sema3c/Zfp365/Nckap1/Gdnf/Negr1/Arc/Vegfa/Abi1/Vps13a/B4galt5/Map4k4/Myo9a/Sgk1/Tnfrsf12a/Nrcam/Myh10/Ano1/Spg20/Macf1/Robo1/Cdc42/Gpm6a/Farp1/Wdr47/Dicer1/Snx1/Unc5b/Srf/Kif20b/Fbxw8/Dclk1/Unc5a/Psen1/Dock10/Ppp1r12a/Trak2/Cntn6"
"GOBP_CARBOHYDRATE_HOMEOSTASIS",0.0325420112029875,0.131769181001459,0.130086070372915,0.275406179819999,1.31466527775046,148,"Plscr3/Pdk2/Mustn1/Usf2/Inpp5k/Nucks1/Park7/Slc8b1/Pfkm/Pih1d1/Prkaca/Gpr27/Cdk16/Ucp2/Pik3r2/Gas6/Stx4a/Stk11/Endog/Gpi1/Aspscr1/Csrp3/Ubtf/Gpx1/Cry2/Mcu/Sgcb/Slc2a4/Cav3/Abcc8/Cma1/Trpv4/C1qtnf12/Ndufaf2/Ager/Serpinf1/Ier3ip1/Adra2a/Tcf7l2"
"GOBP_POSITIVE_REGULATION_OF_PHOSPHORYLATION",0.0330539300964732,0.133664298995698,0.0988657646175473,-0.293218506633055,-1.33360457227621,164,"Ptprc/Thbs1/Jak2/Tnfrsf10b/Tom1l1/Lcp2/Cab39/Areg/Acvr2a/Traf6/Rhoa/Nedd9/Rapgef2/Ripk1/Lyn/Chil1/Fgf2/Rock2/C3/Pilrb2/Adam17/Ddr2/Rac1/Tpx2/Nrg1/Braf/Ect2/Ptpn1/Fbn1/Tnfsf15/Bmp2/Pik3cg/Rap2a/Vegfa/Abi1/Ccny/Irgm1/Ripk3/Irgm2/Ereg/Pdcd10/Dstyk/Pim1/Xbp1/Arhgef5/Sash1/Ralb"
"GOBP_NEGATIVE_REGULATION_OF_LEUKOCYTE_MEDIATED_IMMUNITY",0.0335028942290826,0.135300149771295,0.103526179501938,-0.403309515031819,-1.47131376349344,46,"Ptprc/Pvr/Ceacam1/H2-Q7/Il7r/Crk/Ndfip1/Cd84/H2-Q2/Cd300a/Cr1l/Klrc1/Ptpn6/Cd96/Pirb/Ahr"
"GOBP_CELLULAR_RESPONSE_TO_PEPTIDE_HORMONE_STIMULUS",0.0336904207421208,0.135877259814249,0.0969823177419894,-0.281481741229711,-1.3078587368729,191,"Pik3c2a/Il1b/Socs3/Jak1/Ndel1/Jak2/Fos/Ceacam1/Top1/Dennd4c/Eprs/Mdm2/Sik2/Kbtbd2/Lyn/Insig1/Inhbb/Rock2/Plcb1/Crk/Rab10/Ddr2/Rac1/Sorl1/Rap1gds1/Rock1/Gpld1/Nr4a1/Glp1r/Ptpn1/Fbn1/Prkci/Atp2b1/Snx5/Nr4a2/Irs1/Sorbs1/Creb1/Prkd1/Pak1/Tsc2/Shc1/Rab31/Ap3s1/Prkaa1/Ghr/Mtor/Car2/Xbp1/Osbpl8/Sesn3/Cav2/Fbxw8/Stxbp4"
"GOBP_PANCREAS_DEVELOPMENT",0.0337982832618026,0.135881416868038,0.104084546739236,-0.437533059950166,-1.50422105115501,35,"Arntl/Bmp5/Ctnnb1/Wls/Smad2/Ccdc39/Srp54a/Clock"
"GOBP_POSITIVE_REGULATION_OF_ENDOCYTOSIS",0.0338051623646961,0.135881416868038,0.100350475629529,-0.331719702639314,-1.3894825933996,95,"Ptprc/Lrrk2/App/Sele/Cd14/Cd36/Cd300lf/Fmr1/Slc11a1/Dock2/Fpr2/C3/Gpc3/Ppt1/Itga2/Aplnr/Sirpb1a/Mertk/Abca13/Plcg2/Wasl/B2m/Vegfa/Rab31/Cdc42/Il2rb/Cfp/Atad1/Fcgr1/Ptprj/Fcnb/C2/Ifng/Apln/Bicd1"
"GOBP_REPRODUCTIVE_SYSTEM_DEVELOPMENT",0.0338471317336723,0.135881416868038,0.0979108420486795,-0.292870236135539,-1.32900051413077,162,"Bmp5/Ctnnb1/Tiparp/Fndc3a/Smad4/Wdr48/Acvr2a/Pkd1/Tnc/Atrx/Mmp19/Dhcr24/Cited2/Inhbb/Tlr5/Robo2/Nipbl/C3/Casp3/Kif18a/Lrp2/Tnfaip6/Antxr2/Rac1/Gmnc/Gfra1/H3f3a/Arid5b/Mertk/Tgfbr1/Kitl/Bmpr1b/Arid4b/Ubb/Slit2/Vegfa/Mmp2/Zfx/Ereg/Arid4a/Frs2/Wt1/Esr1/Casp2/Sycp2/Kdm5b"
"GOBP_REGULATION_OF_SPROUTING_ANGIOGENESIS",0.0338952329164401,0.135881416868038,0.104651813957764,-0.456972019960954,-1.51572656436115,30,"Thbs1/Jak1/Alox5/Ceacam1/Adamts9/Fgf2/Jmjd8"
"GOBP_STEROID_METABOLIC_PROCESS",0.0339145736682131,0.135881416868038,0.0981470491928706,-0.298455475276259,-1.34078333225922,150,"Idi1/Bmp5/Hsd17b12/Lepr/Lbr/Tiparp/Dhrs9/Osbpl9/Acly/Dhcr24/Acbd3/Ddx20/Apobr/Insig1/Lipa/Abca5/Hmgcr/Lrp2/Asah1/Ces1d/Dgkq/Gnai1/Kpnb1/Cat/Bmp2/Abca2/Cyp8b1/Cftr/Creb1/Ttc39b/Prkaa1/Apob/Abcd3/Msmo1/Esr1/Lrp5/Stard3/Npc1/Med1/Sqle/Osbpl3/Abcg1/Hdlbp/Atp1a1/Sc5d/Cyp2e1/Scp2/Ifng"
"GOBP_TISSUE_MORPHOGENESIS",0.0342199856218548,0.136904098314402,0.0924960508813,-0.252277221394308,-1.25663138771459,365,"Bmp5/Socs3/Flrt3/Hgf/Ctnnb1/Prkx/Ceacam1/Wls/Col3a1/Itgb1/Smad4/Smad2/Areg/Pkd1/Tnc/Clic4/Med12/Tgfbr2/Traf6/Kdm2b/Actg1/Col4a1/Mdm2/Rhoa/Pafah1b1/Cited2/Fgf2/Robo2/Gpc3/Casp3/Gcnt1/S1pr1/Lrp2/Npnt/Luzp1/Itga2/Phldb2/Rab10/Ccdc39/Adam17/Cep290/Aplnr/Vegfc/Nrg1/Fzd5/Tgfbr1/Exoc4/Mical2/Epha2/Mdm4/Acvrl1/Ext2/Bmp2/Hs2st1/Nrarp/Slit2/Pak1/Rap2a/Sema3c/Tsc2/Dchs1/Nckap1/Gdnf/Vegfa/Mmp2/Rbpj/Exoc5/Myo9a/Astn2/Jag1/Ppp1ca/Tmeff2/Gorab/Pdcd10/Robo1/Itga8/Cdc42/Eng/Frs2/Mtor/Car2/Stc1/Wt1/Esr1/Srf/Kdm5b/Eya2/Lrp5/Kif20b/Ift122/Sec24b/Dlg1/Lcn2/Gcnt4/Ilk/Psen1/Med1"
"GOBP_PLATELET_AGGREGATION",0.0342597447998602,0.136904098314402,0.10216770010847,-0.395085627039403,-1.46042880828921,49,"Jak2/Hspb1/Myh9/Ceacam1/Plek/Actg1/Lyn/Slc7a11/Sh2b3/Fga/Pik3cg/Pdia3/Ptpn6/Fgg/Ilk/Tubb1"
"GOBP_POSITIVE_REGULATION_OF_PROTEOLYSIS",0.0345381526104418,0.13783574665635,0.0974433570168394,-0.30554811031421,-1.35078907074114,132,"Lrrk2/Hspa1b/App/Il1b/Rnf139/Hspa1a/Il33/Sh3d19/Myh9/Neurl3/Fmr1/Zfand2a/Kcne2/Mdm2/Adam8/Socs4/Laptm5/Ubqln1/Ifi205/Tmtc3/Cyfip2/Gpld1/Adam9/Rhbdd1/Sh3rf3/Nrd1"
"GOBP_AMINOGLYCAN_METABOLIC_PROCESS",0.0348816827344435,0.139024507757042,0.101377203467264,-0.388516884554896,-1.45204399340916,52,"Il1b/Ndst1/Cltc/Hexb/Chia1/Chil1/Fgf2/Tnfaip6/B3gnt9/Csgalnact1/Hmmr/Chsy3/Ext2/B3gnt3/B4galt5/Ctbs/Galnt5/Xylt1/Chpf2"
"GOBP_REGULATION_OF_PROTEIN_TRANSPORT",0.035069392627966,0.139589935362296,0.0931001287011121,-0.267780945591958,-1.28981345792085,257,"Dnaja1/Tlr4/Hspa8/Hsp90aa1/Bag3/Arntl/App/Il1b/Ndel1/Jak2/Alox5/Cd36/Wls/Xpo1/Tpr/Mdm2/Yod1/Scfd1/Adam8/Golph3/Insig1/Inhbb/Plcb1/Slc7a11/Frat2/Ndfip1/Hmgcr/Acsl4/Arf6/Cep290/Rac1/Sorl1/Rap1gds1/Frmd4a/Vegfc/Gpld1/Tmem30a/Adam9/Clock/Ect2/Gnai1/Ptpn1/Klf7/Ppid/Ndfip2/Serp1/Zc3h12a/Cftr/Irs1/Fga/Dph3/Prkd1/Edem1/Tmed10/Nadk/Svip/Myh10/Ano1/Pdcd10/Tmem132a/Xbp1/Arhgef5/Chp1/Xpo4/Fgg/Lrp5/Kif20b/Ppm1a/Stxbp4/Psen1"
"GOBP_POSITIVE_REGULATION_OF_MRNA_METABOLIC_PROCESS",0.0355089617855935,0.141126463841735,0.0986244904449457,-0.347777130833608,-1.40521588254661,76,"Ythdf3/Tut7/Dhx9/Pde12/Fxr1/Zfp36l2/Cdc73/Rock2/Caprin1/Rock1/Btg2/Cnot2/Zfp36/Zc3h12a/Ythdf2/Samd4/Ncbp1/Paip1/Zc3hav1/Ccnb1/Mettl3/Mettl16/Pum2/Hnrnpu/Csde1/Rbmxl1/Noct/Zfp36l1/Tra2a/Khsrp/Piwil2/Cnot6/Cnot7/Ago2/Rbmx"
"GOBP_HUMORAL_IMMUNE_RESPONSE_MEDIATED_BY_CIRCULATING_IMMUNOGLOBULIN",0.0355481109249953,0.141126463841735,0.103526179501938,-0.509080713436719,-1.54650489713358,21,"Ptprc/C7/Hc/C3/Cd55/Serping1/Cr1l/Cfi/Ptpn6/C1s1"
"GOBP_REGULATION_OF_EXOCYTOSIS",0.0357492654260529,0.141740251591577,0.0965275765869161,-0.314573338810603,-1.36050441662049,115,"Itgb2/Lrrk2/Anxa1/Rab5a/Ceacam1/Fmr1/Fgr/Cadps2/Cask/Lyn/Cd177/Stxbp6/Rap1b/Il4ra/Pdcd6ip/Cd84/Tpcn2/Smcr8/Braf/Stam/Itgam/Adora2b/H2-Q2/Cftr/Cd300a/Fga"
"GOBP_NEGATIVE_REGULATION_OF_ANTIGEN_RECEPTOR_MEDIATED_SIGNALING_PATHWAY",0.0362925739810162,0.143707266283738,0.102435227350191,-0.508029344140941,-1.54331100720277,21,"Dusp3/Ceacam1/Laptm5/Ptpn22/Cblb/Cd300a/Ptpn6/Dgkz/Ptprj"
"GOBP_MALE_SEX_DIFFERENTIATION",0.0364777740074652,0.144253015393158,0.0974433570168394,-0.335437806060364,-1.38268522065601,87,"Bmp5/Ctnnb1/Fndc3a/Smad4/Wdr48/Acvr2a/Atrx/Dhcr24/Cited2/Inhbb/Tlr5/Kif18a/Lrp2/Gmnc/Gfra1/H3f3a/Arid5b/Tgfbr1/Kitl/Arid4b/Ubb"
"GOBP_REGULATION_OF_EPIDERMIS_DEVELOPMENT",0.0369030390738061,0.145745465602775,0.100098503124201,-0.43967652758558,-1.48915152630145,33,"Nab1/Prkch/Trim16/Fgf2/Rock2/Rock1/Maff/Klf7/Zfp36"
"GOBP_PERK_MEDIATED_UNFOLDED_PROTEIN_RESPONSE",0.0370232558139535,0.146030847090011,0.101377203467264,-0.548267402426839,-1.55840113840419,16,"Tmem33/Eif2s1/Hspa5/Akt3/Qrich1/Ptpn1"
"GOBP_CEREBRAL_CORTEX_CELL_MIGRATION",0.03715787565706,0.146185453467192,0.0998483683168439,-0.453542238750644,-1.50435035255094,30,"Ndel1/Ctnnb1/Col3a1/Rhoa/Pafah1b1/Rtn4/Rac1/Mboat7/Slit2/Robo1/Wdr47/Syne2/Psen1"
"GOBP_LYMPHOCYTE_COSTIMULATION",0.0371584699453552,0.146185453467192,0.100098503124201,-0.457033533959641,-1.50250106912664,29,"Lyn/Map3k8/Icos/Cd24a/Tnfsf13b/Klrk1/Tnfsf14/Cd40lg/Mtor/Ptpn6/Pirb"
"GOBP_CATECHOLAMINE_SECRETION",0.0372830512106278,0.146461368476602,0.108573492628993,0.509428157285511,1.55171618471551,18,"Sncg/Kcna2/Pink1/Gabbr1/Stx1a/Adra2a/Snca/Adra2b/Grk2"
"GOBP_POSITIVE_REGULATION_OF_CELL_PROJECTION_ORGANIZATION",0.0373248019500305,0.146461368476602,0.0911296779883595,-0.272214947499571,-1.28556323986054,217,"Hsp90aa1/Bmp5/Ndel1/Skil/Actr2/Fmr1/Dock11/Nedd9/Rapgef2/Actr3/Eps8/Pafah1b1/Atf1/Lyn/Robo2/Ocln/Arsb/Itga2/Caprin1/Kidins220/Ripor2/Dzip1/Arf6/Ddr2/Rac1/Rp1/Nin/Agrn/Tmem30a/Braf/Akirin1/Wasf2/Fig4/Tgfbr1/Prkci/Nrd1/Cep135/Fnbp1l/Cdkl5/Setx/Slit2/Wasl/Prkd1/Pak1/Nckap1/Ift88/Negr1/Vegfa/Rac2/Tnfrsf12a/Macf1/Robo1/Cdc42/Mtor/Gpm6a/Fbxo38/Cenpj"
"GOBP_STRIATED_MUSCLE_CELL_APOPTOTIC_PROCESS",0.0377046165164613,0.147761334996943,0.0998483683168439,-0.483973985727527,-1.52234486811495,24,"Hsp90aa1/Bag3/Jak2/Rps6ka2/Smad4/Ppp1r10/Nrg1/Ptpn1"
"GOBP_FC_RECEPTOR_SIGNALING_PATHWAY",0.0380969415131461,0.148993754235688,0.0979108420486795,-0.428031194928278,-1.48567492097085,37,"Clec4e/Clec4d/Traf6/Fgr/Lyn/Pira2/Vav3/Plcg2/Pak1/Mapk9/Fcgr1/Mapk8/Ifng/Fyn/Limk1/Hck/Fcgr2b/Yes1/Appl1/Map3k7"
"GOBP_MICROTUBULE_CYTOSKELETON_ORGANIZATION_INVOLVED_IN_MITOSIS",0.0381169571591464,0.148993754235688,0.0933040495921608,-0.312376488850492,-1.35438481204605,117,"Hspa1b/Cltc/Ndel1/Hspa1a/Itgb1/Pkd1/Tpr/Nek6/Rhoa/Pafah1b1/Cep126/Prc1/Kif3b/Kif11/Pdcd6ip/Stag2/Ripor2/Tbce/Tpx2/Gnai1/Kpnb1/Kat5/Ankfn1/Kif23/Ccdc66/Nusap1/Stag1"
"GOBP_REGULATION_OF_HEART_CONTRACTION",0.0382613222280062,0.149208616322441,0.11831785640414,0.288404716622903,1.328172601232,122,"Tbx2/Fxyd1/Dmpk/Des/Tnnt2/S100a1/Atp1a2/Hspb7/Prkaca/Tmem38a/Kcnh2/Slc4a3/Csrp3/Myl4/Tpm1/Atp2a1/Hrc/P2rx4/Cav3/Hopx/Pln/Ank2/Tbx5/Agt/Epas1/Chrm2/Trdn/Tbx18/Bves/Mybpc3/Gstm7/Dsc2/Kcnj3/Gpd1l/Adra1b/Gnao1/Popdc2/Ywhae/Scn4b/Adora1/Jup/Atp1b2/Fgf13/Kcna5/Ryr2/Gsto1/Nppa/Grk2/Fkbp1a/Celf2/Npff/Tnni3k/Kcnj5/Ace/Myh7/Atp2a2"
"GOBP_RESPONSE_TO_ISCHEMIA",0.0382699275362319,0.149208616322441,0.110200614426747,0.405702489220708,1.4696549727755,36,"Uchl1/Cib1/Eef2k/Pink1/Nol3/Sirt5/P2rx4/Cav3/Kcnj11/Ppif/Camk2a/Cx3cr1/Bves/Mlycd/Panx1"
"GOBP_REGULATION_OF_CELL_PROJECTION_ASSEMBLY",0.0383631713554987,0.149380891019813,0.0920996025791478,-0.298875508934357,-1.3323579180835,141,"Hsp90aa1/Icam1/Rab5a/Ndel1/Actr2/Fmr1/Dock11/Actr3/Eps8/Was/Ocln/Luzp1/Ripor2/Dzip1/Arf6/Rac1/Rp1/Agrn/Akirin1/Wasf2/Tgfbr1/Evi5/Epha2/Cep135/Fnbp1l/Tbc1d2/Cdkl5/Rdx/Slit2/Tesk1/Wasl/Nckap1/Ift88/Odf2l/Rac2/Arf4/Cdc42/Cyld/Mtor/Gpm6a/Cenpj/Tbc1d19/Srf/Syne2"
"GOBP_POSITIVE_REGULATION_OF_CANONICAL_WNT_SIGNALING_PATHWAY",0.0385210662080825,0.149804146364765,0.0954173509538673,-0.360622329360323,-1.41407294937632,65,"Lrrk2/Arntl/Ddx3x/Usp34/Wls/Rnf146/Scel/Smurf2/Col1a1/Fgf2/Gpc3"
"GOBP_POSITIVE_REGULATION_OF_PROTEIN_UBIQUITINATION",0.0387434554973822,0.150476813762154,0.0958569623789466,-0.374687184906624,-1.43543858051437,58,"Lrrk2/Ddx3x/Arrdc4/Rnf111/Rassf1/Hspa5/Traf6/Laptm5/Ndfip1/Ubqln1/Ptpn22/Cblb/Senp2/Ndfip2/Fanci/Ubb/Aimp2/Bmi1/Huwe1/Ube2n/Fancm/Ube2v2/Mapk9"
"GOBP_NEGATIVE_REGULATION_OF_PROTEIN_SERINE_THREONINE_KINASE_ACTIVITY",0.0388081662681626,0.150536135396885,0.0983849253696529,-0.482713284039999,-1.51837931872421,24,"Dnaja1/Prkch/Dusp1/Lyn/Ptpn22/Ptpn1/Cd300a"
"GOBP_REGULATORY_NCRNA_PROCESSING",0.0391020999275887,0.151483326055353,0.0972120409994456,-0.435795925167955,-1.48553441513982,34,"Tut7/Smad2/Ripk1/Ddx5/Pus10/Dgcr8/Tex15/Ncbp1/Dicer1/Mettl3/Hnrnpa2b1/Pum2/Zc3h7a/Tdrd7/Piwil2/Ago2/Exd1/Stat3"
"GOBP_REGULATION_OF_GTPASE_ACTIVITY",0.0393980385525871,0.152435867080848,0.0935092741782427,-0.331393613425604,-1.36891944913708,88,"Lrrk2/Ndel1/Itgb1/Dock11/Rapgef6/Rapgef2/Fgd3/Dock8/Ralgapa1/Crk/Ripor2/Klrk1/Agrn/Ect2/Vav3/Evi5/Rgs1/Epha2/Mia2/Tbc1d2/Rdx/Ric1/Fgd6"
"GOBP_B_CELL_HOMEOSTASIS",0.0395459538630538,0.152813996843907,0.0972120409994456,-0.476453546911192,-1.51478419543657,25,"Tnfaip3/Dock11/Lyn/Gapt/Il7r/Casp3/Tnfsf13b/Pkn1/Sash3/Dock10/Bcl2l11/Bcl10/Spns2"
"GOBP_POSITIVE_REGULATION_OF_STEM_CELL_PROLIFERATION",0.0396076253933,0.152858326137641,0.097676284397018,-0.497583745027221,-1.52981006037571,22,"Ptprc/Ctnnb1/Fgf2/N4bp2l2/Vegfc/Tgfbr1/Kitl"
"GOBP_MUSCLE_ORGAN_DEVELOPMENT",0.040329451860267,0.155447064448751,0.120420653167431,0.25619420913383,1.2706785087677,196,"Mustn1/Vamp5/Id3/Des/Myom1/Tnnt2/Myl6/Sgcg/Smtn/Nr2f2/Vangl2/Hmg20b/Igsf8/Asb2/Cdk5/Uqcc2/Ttn/Csrp3/Fzd2/Flot1/Acta1/Gpx1/Myom2/Rpl3l/Eid2b/Tpm1/Myh14/Sgcb/Efemp2/Cav3/Eid2/Coprs/Gpc1/Frg1/Nr1d2/Asnsd1/Foxo4/Casq1/Mylpf/Ppif/Actn3/Tcf15/Cryab/Neurl1a/Lemd2/Neb/Smyd1/Bves/Mybpc3/Lef1/Ryr1/Cntfr/Ppp3ca/Unc45b/Ctf1/Fgfrl1/Pax5/Sox8/Sox11/Foxc1/Msx1/Tbx1/Barx2/Bcl9"
"GOBP_GLYCOLYTIC_PROCESS_THROUGH_FRUCTOSE_6_PHOSPHATE",0.040497107349475,0.15589594422143,0.104084546739236,0.505768016510011,1.54056741015632,18,"Pfkm/Eno3/Prkaca/Tpi1/Galk1/Gpi1"
"GOBP_POSITIVE_REGULATION_OF_PHAGOCYTOSIS",0.040650406504065,0.156288494703129,0.0941329115999785,-0.400803388357163,-1.45236483804059,45,"Ptprc/Cd36/Cd300lf/Slc11a1/Dock2/Fpr2/C3/Itga2/Sirpb1a/Mertk/Plcg2/Rab31/Il2rb/Cfp/Fcgr1/Ptprj/Fcnb/C2/Ifng"
"GOBP_ENDOPLASMIC_RETICULUM_TO_GOLGI_VESICLE_MEDIATED_TRANSPORT",0.0408093861588165,0.156701867406805,0.0920996025791478,-0.345913992595796,-1.38972951189614,74,"Lrrk2/Rnf139/Rint1/Rab1a/Hyou1/Arcn1/Scfd1/Atl3/Copg2/Insig1/Sorl1/Mia2/Copa/Yipf6/Trappc10/Pgap1/Tmed10/Tmed7/Arf4/Bet1/Yipf5/Sec23ip"
"GOBP_NEGATIVE_REGULATION_OF_T_CELL_RECEPTOR_SIGNALING_PATHWAY",0.0408658331778317,0.156720984920022,0.0965275765869161,-0.53364659211124,-1.53929885514222,17,"Dusp3/Ceacam1/Laptm5/Ptpn22/Cblb/Ptpn6/Dgkz/Ptprj"
"GOBP_ERYTHROCYTE_DEVELOPMENT",0.0409642921877832,0.156900968190943,0.0949835566636969,-0.446864572699924,-1.48220125943606,30,"Tmod3/Ptbp3/Adgrf5/Cited2/Sh2b3/Rac1/Diaph3/Rac2/Rhag/Abcb10/Arid4a/Srf/Slc4a1/Med1/L3mbtl3"
"GOBP_T_CELL_LINEAGE_COMMITMENT",0.0411991907301821,0.157424812030075,0.0954173509538673,-0.480091151057276,-1.51013137398445,24,"Socs3/Jak1/Rhoa/Irf4/Braf/Cyld/Mtor/Il6st/Il12b"
"GOBP_NEGATIVE_REGULATION_OF_COLD_INDUCED_THERMOGENESIS",0.0412277515437704,0.157424812030075,0.0947688008055759,-0.439511277277363,-1.47798582716485,32,"Tlr4/Arntl/Il18r1/Dock7/Adam17/Plcl1/Nrd1/Lama4/Pgam5/Rbpj/Aldh1a7"
"GOBP_INTRINSIC_APOPTOTIC_SIGNALING_PATHWAY",0.041256157635468,0.157424812030075,0.0870211644808265,-0.275203643602236,-1.28767564188979,201,"Dnaja1/Ptgs2/Lrrk2/App/Ddx3x/Ctnnb1/Jak2/Skil/Topors/Hspa1a/Tnfrsf10b/Hspb1/Mcl1/Stk24/Hyou1/Mdm2/S100a8/Fgf2/Cd24a/Ddx5/Casp3/Laptm5/Ubqln1/Ifi205/Qrich1/Rrm2b/Ptpn1/Becn1/Epha2/Usp15/Ubb/Cul2/Sgms1/Mmp2/Chac1/Ripk3/Txndc12/Pdcd10/Hipk2/Hells/Cyld/Uri1/Xbp1/Pmaip1/Casp2/Cul1/Taf6/Tnfrsf1b/Atf2/Rrp8/Cul5/Uaca/Mybbp1a"
"GOBP_MODULATION_BY_HOST_OF_VIRAL_PROCESS",0.0414254703328509,0.157873037751603,0.0943434935405217,-0.435275379566101,-1.47424516701346,33,"Rab5a/Ppib/Fmr1/Rock2/Tmem41b/Eef1a1/Smc6/Zc3h12a/Pcx/Fasn/Cdc42/Paip1/Cav2"
"GOBP_POSITIVE_REGULATION_OF_SECRETION",0.0417061611374408,0.158718353585513,0.0876971923285634,-0.28308120507423,-1.29620330766287,172,"Tlr4/Itgb2/Il1b/Rab5a/Jak2/Wls/Smad4/Fgr/Cadps2/Pla2r1/S100a8/Adam8/Golph3/Cd177/Inhbb/Plcb1/Il4ra/Pdcd6ip/Acsl4/Arf6/Rac1/Frmd4a/Vegfc/Gpld1/Adam9/Stam/Rhbdd1/Itgam/Ppid/P2ry2/Adora2b/Serp1/H2-Q2/Bmp2/Cftr/Grp/Creb1/Fga/Prkd1/Aqp1/Gdnf/Negr1/Tmed10/Nadk/Myh10/Ano1/Tmem132a/Snx4/Klrc1/Xbp1"
"GOBP_MONOCARBOXYLIC_ACID_TRANSPORT",0.0417515274949083,0.158718353585513,0.0909392279226991,-0.348454603858533,-1.39528559895856,72,"Thbs1/Ptgs2/Il1b/Anxa1/Emb/Cd36/Ceacam1/Eprs/Pla2r1/Lyn/Pnpla8/Acsl4/Ces1d/Abcd2/Slc16a9"
"GOBP_REGULATION_OF_SYSTEMIC_ARTERIAL_BLOOD_PRESSURE_BY_RENIN_ANGIOTENSIN",0.0419463087248322,0.159259763576667,0.0951997347571879,-0.517789424735266,-1.53194011837437,19,"Rps6ka2/Mme/Enpep/Ace2/Rhoa"
"GOBP_PHOSPHATIDYLINOSITOL_PHOSPHATE_BIOSYNTHETIC_PROCESS",0.0419985517740768,0.159259763576667,0.0937158165018434,-0.433692971395399,-1.47836589881793,34,"Pik3c2a/Itpkc/Ttc7b/Pi4k2b/Fig4/Becn1/Pik3cg/Efr3a/Ttc7/Uvrag/Inpp5e/Pip4k2a/Synj2/Pik3cd/Pik3r1/Atg14/Pik3c2g/Impa2/Synj1"
"GOBP_DEPHOSPHORYLATION",0.0423827799098949,0.160492244550076,0.0894560863550852,-0.326271722185337,-1.36409052524959,94,"Sacm1l/Ptprc/Dusp3/Dusp1/Plpp1/Dusp4/Cttnbp2nl/Ptpn22/Dapp1/Gpld1/Fig4/Ptpn1/Ptprf/Iqgap1/Bmp2/Mtmr4/Ptpn13/Ppp1ca/Mtmr6/Uri1/Ppp2ca/Ptpn6/Chp1/Ptprb/Ppm1a/Ppp1cb/Ppp1r12a/Ptprj/Inpp5e/Dusp6/Synj2/Dusp11/Mtm1/Dusp10/Ssh2/Ptpn21"
"GOBP_PHOSPHATIDYLINOSITOL_3_KINASE_PROTEIN_KINASE_B_SIGNAL_TRANSDUCTION",0.0424831478288133,0.160492244550076,0.0865239251810879,-0.279881119490234,-1.29206571422853,183,"Thbs1/Pik3c2a/App/Il1b/Hgf/Jak2/Pik3ap1/Ceacam1/Itgb1/H2-Q7/Fgr/Kbtbd2/Adam8/Il1r1/Chil1/Fgf2/Selp/Fpr2/Lrp2/Sh2b3/Adam17/Rtn4/Ddr2/Rac1/Nedd4/Vav3/Ptpn1/Mertk/Tgfbr1/Becn1/Mfhas1/Cat/Phlpp1/Irs1/Pik3cg/Prkd1/Tsc2/Vegfa/Ptpn13/Cdc42/Eng/Mtor/Pros1/Xbp1/Ppp2ca/Osbpl8/Ptpn6/Unc5b/Sesn3/Dlg1/Btbd10/Ilk/Pik3r5/Nox4/Ccl3/Otud3"
"GOBP_TRNA_PROCESSING",0.0425636007827789,0.160492244550076,0.108573492628993,0.309178212782032,1.34976455720004,88,"Lage3/Rpp25l/Tsen34/Pop7/2210016F16Rik/Dus3l/Trub2/Pop4/Trpt1/Tsen54/Rpp21/Zbtb8os/Tsen15/Trmt112/Ankrd16/Elp2/Ctu2/Trmt12/Trmt1/Dus2/Dus1l/Mtfmt/Nat10/Trit1/Qtrt1/Rpusd4/Dtwd1/Tsen2/Akt1"
"GOBP_NATURAL_KILLER_CELL_MEDIATED_IMMUNITY",0.0425752855659398,0.160492244550076,0.0909392279226991,-0.376447120310004,-1.43018549261998,55,"Pvr/Ceacam1/H2-Q7/Il18rap/Lyst/Ulbp1/Cebpg/Crk/Klrk1/Kif5b/Tyrobp/H2-Q2/Klrc1/Ptpn6/Cd96/Pirb/Klrc2/Il18"
"GOBP_NEGATIVE_REGULATION_OF_IMMUNE_EFFECTOR_PROCESS",0.0426395939086294,0.160492244550076,0.0898202850323628,-0.340113675929004,-1.38573063250119,80,"Ptprc/Anxa1/Il33/Pvr/Ceacam1/H2-Q7/Il7r/Cd55/Il4ra/Crk/Ndfip1/Cd84/H2-Q2/Serping1/Zc3h12a/Cd300a/Cr1l/Epx/Klrc1/Irak3/Ptpn6/Cd96/Pirb/Ahr"
"GOBP_RNA_5_END_PROCESSING",0.0426398114420399,0.160492244550076,0.101377203467264,0.504058916356001,1.53536149773796,18,"Rpp25l/Pop7/Snrpb/Pop4/Rpp21/Snrpd3"
"GOBP_SMOOTH_MUSCLE_CELL_PROLIFERATION",0.0429177268871925,0.161269388019988,0.0896376494762061,-0.338533023135182,-1.38129537295863,81,"Tlr4/Thbs1/Tnfaip3/Ctnnb1/Jak2/Ogn/Ace2/Mdm2/Jun/Fgf2/S1pr1/Itga2/Ddr2"
"GOBP_MUSCLE_TISSUE_DEVELOPMENT",0.0429522081064731,0.161269388019988,0.120420653167431,0.241305701616474,1.23483708102933,251,"Tbx2/Vamp5/Meis1/Myom1/Tnnt2/Myl6/Sgcg/Csrp2/Nr2f2/Hmg20b/Igsf8/Asb2/Myh11/Cdk5/Obsl1/Hey1/Uqcc2/Nprl3/Ttn/Hdac3/Ndrg4/Actn2/Myl7/Csrp3/Fzd7/Flot1/Acta1/Gpx1/Myom2/Rpl3l/Tpm1/Myh14/Sgcb/Efemp2/Cav3/Kcnj11/Mbd3/Gpc1/Hopx/Nr1d2/Asnsd1/Casq1/Mylpf/Pln/Ppif/Actn3/Tbx5/Mesp1/Prickle1/Id2/Neurl1a/Lemd2/Neb/Alpk3/Smyd1/Rxrb/Tbx18/Bves/Mybpc3/Fhod3/Lef1/Ryr1/Ppp3ca/Pax5/Cby1/Sox8/Akap6/Sox11/Foxc1/Fgfr1/Mylk3/Msx1/Tbx1/Barx2/Bcl9/Bmp7/Osr1/S100b/Prmt1/Mbd2"
"GOBP_SISTER_CHROMATID_COHESION",0.0431049901627616,0.161643713110356,0.0919032203847858,-0.422941695468173,-1.4680095222855,37,"Ctnnb1/Bub1/Atrx/Pds5b/Nipbl/Stag2/Bub1b/Pds5a/Esco2/Stag1/Pogz/Tnks/Mcmbp/Rb1/Fen1/Smc5/Slf2"
"GOBP_PHOSPHATIDYLINOSITOL_3_PHOSPHATE_BIOSYNTHETIC_PROCESS",0.0431627906976744,0.161661374753282,0.0937158165018434,-0.537967552789091,-1.5291247354486,16,"Pik3c2a/Fig4/Becn1/Pik3cg/Uvrag/Inpp5e/Synj2/Pik3cd/Atg14/Pik3c2g/Synj1"
"GOBP_LEUKOCYTE_DEGRANULATION",0.0432953549517967,0.161695009757457,0.0907499282531725,-0.380958955591355,-1.42379697046009,52,"Itgb2/Snap23/Ceacam1/Fgr/Lyn/Cd177/Il4ra/Cd84/Itgam/Adora2b/H2-Q2/Cd300a/Grp/Pik3cg/Lat2/Rac2/Snx4/Klrc1/Ccl3/D6Wsu163e/Klrc2/Spi1/Snx6/Anxa3/Pik3cd/Hck"
"GOBP_POSITIVE_REGULATION_OF_MITOTIC_NUCLEAR_DIVISION",0.0433092726263187,0.161695009757457,0.0933040495921608,-0.492553359522179,-1.51434425300139,22,"Il1b/Btc/Tgfa/Cdc23/Nusap1/Epgn/Ereg/Lrp5/Cdc16/Rb1"
"GOBP_BRANCHING_MORPHOGENESIS_OF_AN_EPITHELIAL_TUBE",0.043331076506432,0.161695009757457,0.0890961354495908,-0.333854969622518,-1.37138582029765,85,"Ctnnb1/Smad4/Areg/Pkd1/Tnc/Clic4/Tgfbr2/Col4a1/Fgf2/Gpc3/Npnt/Epha2/Bmp2/Nrarp/Slit2/Pak1/Dchs1/Gdnf/Vegfa/Ppp1ca/Eng/Wt1/Esr1/Srf/Kdm5b/Lrp5/Dlg1/Ilk/Med1"
"GOBP_POSITIVE_REGULATION_OF_POST_TRANSLATIONAL_PROTEIN_MODIFICATION",0.0436555121454051,0.16270628455662,0.0889177270391536,-0.345962505895479,-1.38704547135086,73,"Lrrk2/Ddx3x/Arrdc4/Rnf111/Rassf1/Hspa5/Traf6/Dcun1d3/Laptm5/Ndfip1/Ubqln1/Ptpn22/Cblb/Senp2/Ndfip2/Fanci/Zc3h12a/Ubb/Aimp2/Dcun1d1/Bmi1/Huwe1/Ube2n/Fancm/Ube2v2/Mapk9"
"GOBP_SPHINGOLIPID_METABOLIC_PROCESS",0.0438654353562005,0.163229922883825,0.0873572860780536,-0.318753172942973,-1.34898202502337,100,"Hexb/B4galnt1/Asah2/Gla/Plpp1/Hacd4/Ppt1/St8sia6/Asah1/B3gnt5/B4galt3/Serinc1/Prkd3/Elovl7/Acer3/Abca2/Prkd1/Smpdl3a/St3gal2/A3galt2/Sgms1/B4galt5/Prkaa1/St8sia4"
"GOBP_POSITIVE_REGULATION_OF_NEUROGENESIS",0.0439032206377183,0.163229922883825,0.086034814321778,-0.296995361331544,-1.32221498447499,140,"Prkch/Il1b/Xrcc2/Ctnnb1/Skil/Mme/Itgb1/Egr2/Fmr1/Numb/Fxr1/Pafah1b1/Lyn/Fgf2/Robo2/Lrp2/Caprin1/Nin/Vegfc/Braf/Shank3/Prkci/Nrd1/Slc7a5/Bmp2/Cdkl5/Slit2/Pak1/Zfp365/Vegfa/Tnfrsf12a/Macf1/Robo1/Mtor/Dicer1/Srf/Tnfrsf1b/Fbxw8/Man2a1"
"GOBP_CEREBRAL_CORTEX_RADIALLY_ORIENTED_CELL_MIGRATION",0.0439580651094353,0.163234522266135,0.0922972084621158,-0.477354292822311,-1.50152255985058,24,"Ndel1/Ctnnb1/Col3a1/Pafah1b1/Rtn4/Rac1/Mboat7/Wdr47/Syne2"
"GOBP_POSITIVE_REGULATION_OF_B_CELL_PROLIFERATION",0.0441042464005832,0.163255396589179,0.0917080492176841,-0.46549293737333,-1.49427385118005,26,"Tlr4/Ptprc/Bst1/Slc39a10/Tnfsf13b/Vav3"
"GOBP_POSITIVE_REGULATION_OF_HYDROLASE_ACTIVITY",0.0441325667906662,0.163255396589179,0.0882143061853503,-0.342027723548756,-1.38198503233936,76,"Ndel1/Hspa1a/Itgb1/Dock11/Rapgef6/Rhoa/Rapgef2/Dock8/Ralgapa1/Gpld1/Agrn/Ect2/Evi5/Rgs1/Epha2/Bmp2/Vsir/Tbc1d2/Cr1l/Ric1"
"GOBP_POSITIVE_REGULATION_OF_MONONUCLEAR_CELL_MIGRATION",0.0441585535465925,0.163255396589179,0.0894560863550852,-0.369264808211857,-1.4199960088522,59,"Thbs1/Ccr1/App/Rhoa/Nedd9/Adam8/Dock8/Fpr2/Mospd2/Ccr6/Adam17/Rtn4/Akirin1/C5ar1"
"GOBP_SOMATIC_DIVERSIFICATION_OF_IMMUNOGLOBULINS",0.044178143444822,0.163255396589179,0.0907499282531725,-0.422289884861364,-1.46574712019137,37,"Ptprc/Hspd1/Pcyt1a/Swap70/Nfkbiz/Ccr6/Ndfip1/Rif1/Yy1/Kmt5b/Cd40lg"
"GOBP_CELL_CELL_JUNCTION_ASSEMBLY",0.0444667335339351,0.163930534639951,0.0873572860780536,-0.325735399231874,-1.35892901698055,93,"Prkch/Il1b/Ctnnb1/Pof1b/Pkn2/Ace2/Actg1/Rhoa/Rock2/Pdcd6ip/Ocln/Rac1/Aplnr/Rock1/Fzd5/Ect2/Mpp7/Epha2/Acvrl1"
"GOBP_CENTRAL_NERVOUS_SYSTEM_NEURON_DEVELOPMENT",0.0444755734547365,0.163930534639951,0.0894560863550852,-0.380498930809919,-1.416726044815,51,"Ndel1/Arhgef28/Scyl2/Rapgef2/Pafah1b1/Robo2/Crk/Rac1/Nin/Btg2/Map2/Nr4a2/Ubb/Slit2/B4galt5/Robo1/Wdr47"
"GOBP_POSITIVE_REGULATION_OF_CELL_DIVISION",0.0445223488168273,0.163930534639951,0.0894560863550852,-0.379439044200755,-1.41811644975952,52,"Il1b/Pkn2/Rhoa/Fgf2/Kif3b/Arf6/Btc/Vegfc/Tgfa/Ect2/Cat/Macc1/Kif23/Vegfa/Ereg/Cdc42/Garem1/Kif20b"
"GOBP_STRESS_GRANULE_ASSEMBLY",0.0446428571428571,0.163983047086058,0.0911296779883595,-0.460703946210049,-1.49182495786437,27,"Ythdf3/Ddx3x/Eif2s1/Fmr1/Caprin1/Becn1/Ythdf2/Prkaa1/Usp10/Ddx6/Pum2/Csde1/G3bp1/Bicd1/Lsm14a/Atg5"
"GOBP_POSITIVE_REGULATION_OF_AUTOPHAGY",0.0446443172526574,0.163983047086058,0.0861969619137114,-0.31682448511887,-1.34656082768522,102,"Bag3/Lrrk2/Pik3c2a/Wac/Gnai3/Mid2/Snx7/Rb1cc1/Rock1/Smcr8/Slc25a5/Becn1/Kat5/Zc3h12a/Prkd1/Dele1/Tsc2/Ccny/Scoc/Irgm1/Tbk1/Prkaa1/Irgm2/Svip/Snx4/Huwe1/Uvrag/Xbp1/Dapk1/Sesn3/Ralb"
"GOBP_REGULATION_OF_EPITHELIAL_CELL_MIGRATION",0.0447204968944099,0.16406495547407,0.0898202850323628,-0.404360942124259,-1.44258861284467,42,"Ptprg/Tgfbr2/Jun/Arsb/Itga2/Arf6/Rtn4/Adam9/Plcg2/Map4k4/Macf1/Mtor/Sash1/Dock1/Ppm1f/Ifng/Eppk1/Dusp10/Capn7/Enpp2"
"GOBP_MICROVILLUS_ASSEMBLY",0.0455308826273558,0.166836988688687,0.0913212902305258,-0.525688195520562,-1.51634293086219,17,"Mink1/Rapgef6/Rapgef2/Rap1b/Stk26/Rdx/Rap2a/Map4k4"
"GOBP_POSITIVE_REGULATION_OF_CYTOKINESIS",0.0459267359212685,0.168085229423392,0.0898202850323628,-0.462992863120771,-1.48624838982142,26,"Pkn2/Rhoa/Kif3b/Arf6/Ect2/Kif23/Cdc42/Kif20b"
"GOBP_CELL_CELL_JUNCTION_ORGANIZATION",0.0460483344219464,0.16820861808467,0.0847686054189199,-0.304282453068267,-1.33085359609409,124,"Prkch/Il1b/Ctnnb1/Pof1b/Pkn2/Numb/Cxadr/Ace2/Actg1/Rhoa/Cd177/Rock2/Pdcd6ip/Ocln/Rac1/Aplnr/Rock1/Fzd5/Ect2/Tgfbr1/Mpp7/Prkci/Epha2/Acvrl1"
"GOBP_REGULATION_OF_DNA_BIOSYNTHETIC_PROCESS",0.0460709318497914,0.16820861808467,0.0875267616598382,-0.366854916766371,-1.41072884838021,59,"Hsp90aa1/Hgf/Ctnnb1/Tom1l1/Dusp1/Fgf2/Jade3/Atr/Rfc4/Vegfa/Tnks2/Sox7/Cct2/Nox4/Tnks/Cct3/Dnajc2/Hnrnpc/Hnrnpu/Kat7"
"GOBP_RESPONSE_TO_PURINE_CONTAINING_COMPOUND",0.0461382457326348,0.168252644617812,0.0861969619137114,-0.330325801546401,-1.36024924675025,86,"App/Il1b/Fos/Fosb/Top1/Tlr7/Areg/Dusp1/Mmp19/Rapgef2/Atf1/Col1a1/Inhbb/Rap1b/Dgkq/P2ry2/Adss/Cftr/Creb1/Pik3cg/Aqp1/Prkaa1/Stc1/Cad/Wt1"
"GOBP_ORGANELLE_LOCALIZATION",0.0463614181139658,0.168864256168691,0.0790299034720993,-0.24593896271472,-1.22802717208215,375,"Lrrk2/Apold1/Ndel1/Ctnnb1/Snap23/Myh9/Xpo1/Itgb1/Rab1a/Actr2/Actn4/Snap29/Vmp1/Pkd1/Plek/Fgr/Dock7/Exoc6/Cadps2/Actr3/Arcn1/Pafah1b1/Esyt3/Copg2/Ccdc186/Lyn/Kif3b/Kif18a/Il4ra/Pdcd6ip/Kif3a/Cd84/Sytl2/Kif16b/Cep290/Fam91a1/Stam/Ect2/Kif5b/Myo19/Kpnb1/Eml4/Becn1/Exoc4/Calm1/Map2/Cenpf/Gem/Adora2b/Rrs1/Kat5/Tlk2/Fnbp1l/Cftr/Pcdh17/Knl1/Cd300a/Grp/Ubb/Tesk1/Wasl/Lsg1/Pik3cg/Ankfn1/Cdc23/Lat2/Armc1/Esyt1/Spire1/Ccdc66/Stx19/Nusap1/Rnf13/Trappc10/Rac2/Tmed10/Exoc5/Ap3s1/Stx7/Myh10/Pdcd10/Bloc1s6/Snx4/Cdc42/Syne3/Uvrag/Sox7/Arhgap21/Ralb/Cav2/Syne2/Armcx3/Dlg1/Stard3/Bicd2/Ccnb1/Spice1/Psen1/Ywhaz/Trak2/Tbc1d23/D6Wsu163e/Cenpq/Sdcbp/Selenon/Ooep/Rb1/Snx6/Cep83/Actr10/Ifng/Hnrnpu/Rims1/Sec16a/Exoc2/Bicd1/Unc13b/Arl6/Mtm1/Exoc6b"
"GOBP_VESICLE_CARGO_LOADING",0.046485473289597,0.169113818598355,0.0905617673660515,-0.520275902343561,-1.51512376453393,18,"Picalm/Rab1a/Insig1/Mia2/Tmed10/Ap3s1/Sec24b"
"GOBP_ER_NUCLEUS_SIGNALING_PATHWAY",0.0468523878437048,0.170071256784698,0.0885639937858774,-0.429059542031498,-1.4531925900139,33,"Tmem33/Eif2s1/Hspa5/Akt3/Insig1/Tmco1/Qrich1/Ccdc47/Ptpn1"
"GOBP_T_HELPER_CELL_LINEAGE_COMMITMENT",0.0468603561387067,0.170071256784698,0.0901888162992841,-0.519580990236301,-1.51310007317473,18,"Socs3/Jak1/Irf4"
"GOBP_TRIGLYCERIDE_METABOLIC_PROCESS",0.0474938661058535,0.172165264633719,0.0865239251810879,-0.387685997017198,-1.42125176065114,47,"Gpam/Abhd5/Sik1/Apobr/Insig1/C3/Lipa/Sorl1/Gpld1/Apobec1/Kat5/Cat/Mboat7/Pik3cg/Apob/Lipf/Mttp"
"GOBP_POSITIVE_REGULATION_OF_CHROMOSOME_SEGREGATION",0.047636564281773,0.172477215502971,0.0885639937858774,-0.474182661447466,-1.4915461625866,24,"Ncapg/Smc4/Becn1/Smc6/Rad18/Kat5/Ncapg2/Ccnb1/Ncapd2/Hnrnpu/Smc5/Numa1/Ncapd3/Ska1/Birc5"
"GOBP_ESTABLISHMENT_OF_ORGANELLE_LOCALIZATION",0.0478971962616822,0.173214919972473,0.0784040413719235,-0.255500705144793,-1.2491108962858,299,"Lrrk2/Apold1/Ndel1/Ctnnb1/Snap23/Myh9/Xpo1/Itgb1/Rab1a/Actn4/Snap29/Pkd1/Fgr/Dock7/Exoc6/Cadps2/Pafah1b1/Copg2/Ccdc186/Lyn/Kif3b/Kif18a/Il4ra/Pdcd6ip/Kif3a/Cd84/Kif16b/Fam91a1/Stam/Ect2/Kif5b/Myo19/Kpnb1/Eml4/Becn1/Exoc4/Map2/Cenpf/Gem/Adora2b/Rrs1/Kat5/Fnbp1l/Knl1/Cd300a/Grp/Ubb/Tesk1/Wasl/Lsg1/Pik3cg/Ankfn1/Cdc23/Lat2/Spire1/Ccdc66/Nusap1/Trappc10/Rac2/Tmed10/Exoc5/Ap3s1/Myh10/Pdcd10/Bloc1s6/Snx4/Cdc42/Syne3/Sox7/Arhgap21/Syne2/Armcx3/Dlg1/Stard3/Bicd2/Ccnb1/Spice1/Psen1/Ywhaz/Trak2/Tbc1d23/D6Wsu163e/Cenpq/Sdcbp/Ooep/Rb1/Snx6/Cep83/Actr10/Ifng/Hnrnpu/Sec16a/Exoc2/Bicd1/Unc13b/Arl6/Exoc6b"
"GOBP_OOGENESIS",0.0480280455740578,0.173482086326223,0.086034814321778,-0.375415382829338,-1.40307840750668,52,"Tut7/Ctnnb1/Rps6ka2/Hexb/Taf4b/Ddx20/Inhbb/Tnfaip6/H3f3a/Bmpr1b/Marf1/Ythdf2/Zfx/Ereg/Ccnb1/Mettl3/Ythdc1/Shb/Diaph2/Dcaf13/Kat8/Aspm/Tdrd7/Piwil2"
"GOBP_ENDOTHELIAL_CELL_APOPTOTIC_PROCESS",0.048156104547082,0.173705476759207,0.0868545009090863,-0.41441793739402,-1.4472971256764,38,"Thbs1/Icam1/Tnfaip3/Col4a3/H2-Q7/Braf/Ptpn1/Prkci/Fga/Krit1/Cd40lg/Xbp1/Fgg"
"GOBP_POSITIVE_REGULATION_OF_LAMELLIPODIUM_ASSEMBLY",0.0482039828773497,0.173705476759207,0.0885639937858774,-0.493930723560292,-1.50048167740237,21,"Hsp90aa1/Actr2/Actr3/Ocln/Rac1/Akirin1/Wasf2/Nckap1/Rac2/Cdc42/Mtor"
"GOBP_BLOOD_VESSEL_ENDOTHELIAL_CELL_PROLIFERATION_INVOLVED_IN_SPROUTING_ANGIOGENESIS",0.0483299122970704,0.173828074521319,0.0885639937858774,-0.5237643210666,-1.51079353208742,17,"Thbs1/Fgf2/Aplnr/Epha2/Acvrl1/Nrarp/Vegfa/Pdcd10"
"GOBP_CELLULAR_RESPONSE_TO_TOXIC_SUBSTANCE",0.0483521770507578,0.173828074521319,0.100860025098152,0.330845820756961,1.37272590022746,67,"Gpx4/Hba-a2/Hba-a1/Cygb/Gpx7/Park7/Pink1/Txn1/Gstk1/Gpx1/Gpx3/Mt3/Mb/Gstm2/Prdx6/Txnrd2/Gstm7/Ccs"
"GOBP_FOREBRAIN_NEURON_DEVELOPMENT",0.0484712900820283,0.174050799881812,0.0883886491452962,-0.546559137637052,-1.52433914631283,15,"Scyl2/Rapgef2/Robo2/Rac1/Ubb/Slit2/Robo1/Plxna1"
"GOBP_RAC_PROTEIN_SIGNAL_TRANSDUCTION",0.0486409155937053,0.174454167235374,0.0863599961425958,-0.419072522278696,-1.44075446560321,35,"Dock7/Eps8/Crk/Arf6/Rtn4/Rac1/Wasf2/Kbtbd7/Cdkl5/Pik3cg/Nckap1/Arhgap17/Farp1"
"GOBP_AMINOGLYCAN_CATABOLIC_PROCESS",0.0487441860465116,0.174618878248974,0.0880409553363699,-0.53084489200463,-1.50887920812774,16,"Hexb/Chia1/Chil1/Fgf2/Hmmr"
"GOBP_COCHLEA_MORPHOGENESIS",0.0491591203104787,0.175898379959351,0.0945554515592395,0.526505376313745,1.5116938451947,15,"Tbx2/Vangl2/Nectin1/Fzd2/Tbx18/Tbx1/Dvl2"
"GOBP_T_HELPER_17_CELL_DIFFERENTIATION",0.0492319081991486,0.175952066275126,0.0873572860780536,-0.486863538842039,-1.49685102697622,22,"Socs3/Jak1/Irf4/Nfkbiz/Zc3h12a/Nfkbid/Il6st/Il12b"
"GOBP_PROTEIN_K48_LINKED_DEUBIQUITINATION",0.0494845360824742,0.176647611220556,0.0876971923285634,-0.516677004174813,-1.50464321735301,18,"Usp33/Tnfaip3/Usp34/Usp25/Vcpip1/Yod1"
"GOBP_TISSUE_MIGRATION",0.0497131931166348,0.17719196453565,0.0841553633643137,-0.357833217788126,-1.38857527505442,62,"Ptprg/Smad4/Pkn2/Tgfbr2/Jun/Ocln/Arsb/Itga2/Arf6/Rtn4/Rock1/Adam9/Kitl/Pkn1/Plcg2/Tesk1/Map4k4/Macf1/Mtor/Sash1/Dock1/Ppm1f/Ifng/Fat2/Eppk1/Dusp10/Capn7/Enpp2"
"GOBP_REGULATION_OF_SECRETION",0.0497534087612417,0.17719196453565,0.0766084781008854,-0.250724292638848,-1.23759589569667,331,"Tlr4/Itgb2/Lrrk2/Arntl/Il1b/Anxa1/Rab5a/Jak2/Alox5/Ceacam1/Wls/Smad4/Fmr1/Fgr/Mctp2/Cadps2/Slc38a2/Pla2r1/S100a8/Cask/Adam8/Golph3/Lyn/Cd177/Inhbb/Plcb1/Stxbp6/Rap1b/Il4ra/Pdcd6ip/Hmgcr/Cd84/Acsl4/Tpcn2/Ces1d/Arf6/Rac1/Rap1gds1/Frmd4a/Vegfc/Gpld1/Smcr8/Nrg1/Braf/Adam9/Oas2/Clock/Stam/Gnai1/Rhbdd1/Itgam/Klf7/Ppid/P2ry2/Adora2b/Serp1/H2-Q2/Bmp2/Cftr/Cd300a/Irs1/Grp/Cckar/Creb1/Fga/Ric1/Dph3/Prkd1/Aqp1/Gdnf/Negr1/Rac2/Tmed10/Nadk/Sgk1/Myh10/Ano1/Tmem132a/Snx4/Klrc1/Xbp1/Stc1"
"GOBP_ASTROCYTE_DEVELOPMENT",0.049936212866776,0.17737100954076,0.086034814321778,-0.460101137272755,-1.47696569190584,26,"Tlr4/App/Il1b/S100a8/Fpr2/C5ar1"
"GOBP_REGULATION_OF_LIPID_METABOLIC_PROCESS",0.0499763518839666,0.17737100954076,0.0798002089527527,-0.278780757716395,-1.28053642101055,176,"Ptgs2/Golm1/Bmp5/Il1b/Ceacam1/Ugt1a7c/Serpina3n/Adgrf5/Abhd5/Plpp1/Sik1/Ddx20/Insig1/C3/Asah1/Ces1d/Sorl1/Abcd2/Gpld1/Dgkq/Spata18/Gnai1/Kpnb1/Apobec1/Kat5/Bmp2/Pdk3/Plaa/Mboat7/Abca2/Irs1/Sorbs1/Creb1/Plcg2/Ttc39b/Pik3cg"
"GOBP_T_CELL_DIFFERENTIATION_IN_THYMUS",0.0500173070266528,0.17737100954076,0.0837037443963104,-0.371074343605685,-1.40977341643973,55,"Ptprc/Il1b/Ctnnb1/Adam8/Zfp36l2/Dock2/Il7r/Ccr6/Adam17/Braf/Fzd5/Rag1"
"GOBP_NEGATIVE_REGULATION_OF_RECEPTOR_MEDIATED_ENDOCYTOSIS",0.0500468603561387,0.17737100954076,0.087188756630299,-0.516007729071627,-1.50269418490834,18,"Picalm/Arf6/Rin3/Rac1/Abca2/B2m"
"GOBP_REGULATION_OF_ESTABLISHMENT_OF_PROTEIN_LOCALIZATION",0.0500949320870454,0.17737100954076,0.0766084781008854,-0.252169135478269,-1.23868774403567,317,"Dnaja1/Tlr4/Hspa8/Hsp90aa1/Bag3/Itgb2/Lrrk2/Arntl/App/Il1b/Ube2d3/Ndel1/Jak2/Alox5/Cd36/Wls/Spidr/Xpo1/Tpr/Mdm2/Yod1/Scfd1/Adam8/Golph3/Insig1/Inhbb/Plcb1/Slc7a11/Frat2/Ndfip1/Hmgcr/Acsl4/Arf6/Cep290/Rac1/Sorl1/Rap1gds1/Frmd4a/Vegfc/Gpld1/Tmem30a/Adam9/Clock/Fzd5/Ect2/Gnai1/Ptpn1/Itgam/Klf7/Ppid/Ndfip2/Cep135/Serp1/Zc3h12a/Cftr/Irs1/Fga/Dph3/Prkd1/Pak1/Rac2/Edem1/Tmed10/Nadk/Prkaa1/Svip/Myh10/Ano1/Pdcd10/Tmem132a/Huwe1/Xbp1/Cenpj/Arhgef5/Chp1/Xpo4/Fgg/Lrp5/Kif20b/Ppm1a/Stxbp4/Psen1"
"GOBP_NEGATIVE_REGULATION_OF_INNATE_IMMUNE_RESPONSE",0.050261780104712,0.177755075980079,0.0838535061362348,-0.362113033281302,-1.39489539357494,60,"Ythdf3/Tnfaip3/Pvr/Ceacam1/H2-Q7/Crk/Ifi205/H2-Q2/Serping1/Cr1l/Usp15/Ythdf2/Pim1/Klrc1/Irak3/Ptpn6/Cd96/Pirb/Ywhaz/Mettl3"
"GOBP_REGULATION_OF_LEUKOCYTE_APOPTOTIC_PROCESS",0.0504245364754809,0.177978193189909,0.0834065212039972,-0.370669323448093,-1.40190176316356,54,"Anxa1/Gpam/Arg2/Rapgef2/Adam8/Lyn/Dock8/Slc39a10/Il7r/Slc7a11/Adam17/Mertk/Rag1/Kitl"
"GOBP_REGULATED_EXOCYTOSIS",0.0504417670682731,0.177978193189909,0.080193537050732,-0.297902095241377,-1.31698701716442,132,"Itgb2/Lrrk2/Rab5a/Snap23/Myh9/Ceacam1/Snap29/Fmr1/Plek/Fgr/Cadps2/Cask/Lyn/Cd177/Rap1b/Il4ra/Cd84/Rab10/Braf/Itgam/Adora2b/H2-Q2/Cd300a/Grp/Pik3cg/Lat2/Efr3a/Stx19/Rac2/Tmed10/Rab31/Bloc1s6/Snx4/Klrc1/Psen1/Rab11fip2/Dnajc5/Ccl3/D6Wsu163e/Syt10/Klrc2/Spi1/Tmem79/Snx6/Rab15/Rims1/Anxa3/Unc13b"
"GOBP_LEUKOCYTE_APOPTOTIC_PROCESS",0.0505016153715355,0.177983123618432,0.082532787767263,-0.340657962832335,-1.36861310772043,74,"Anxa1/Gpam/Arg2/Rapgef2/Adam8/Ripk1/Lyn/Dock8/Slc39a10/Il7r/Nfkbiz/Casp3/Slc7a11/Lipa/Adam17/Mertk/Rag1/Kitl/Casp7/Pkn1"
"GOBP_POSITIVE_REGULATION_OF_PHOSPHORUS_METABOLIC_PROCESS",0.050703354459731,0.178360512206504,0.0784040413719235,-0.272171836668414,-1.27116015643816,199,"Ptprc/Thbs1/App/Jak2/Tnfrsf10b/Tom1l1/Lcp2/Cab39/Areg/Acvr2a/Adgrf5/Traf6/Rhoa/Nedd9/Rapgef2/Ripk1/Lyn/Chil1/Fgf2/Rock2/C3/Pilrb2/Adam17/Ddr2/Rac1/Tpx2/Gpld1/Nrg1/Spata18/Braf/Ect2/Ptpn1/Fbn1/Tnfsf15/Bmp2/Pik3cg/Rap2a/Vegfa/Abi1/Ccny/Irgm1/Ripk3/Prkaa1/Irgm2/Ereg/Pdcd10/Dstyk/Pim1/Mtor/Slc4a4/Xbp1/Arhgef5/Sash1/Chp1/Ralb"
"GOBP_MITOTIC_SPINDLE_ORGANIZATION",0.0507258468212915,0.178360512206504,0.0815460312657354,-0.320231343572204,-1.33883665654191,94,"Hspa1b/Cltc/Hspa1a/Pkd1/Tpr/Nek6/Rhoa/Cep126/Prc1/Kif3b/Kif11/Pdcd6ip/Stag2/Ripor2/Tbce/Tpx2/Gnai1/Kpnb1"
"GOBP_EAR_MORPHOGENESIS",0.0509888015248987,0.178964249130997,0.097676284397018,0.329525235289756,1.36473088365396,66,"Tbx2/Rpl38/Mapk3/Vangl2/Nectin1/Stox1/Fzd2/Osr2/Tprn/Tbx18/Gata2/Gata3/Fgfr1/Msx1/Tbx1/Scrib/Osr1/Dvl2/Insig2/Fzd6/Triobp/Fgf9/Kcnq4/Tfap2a/Slc9a3r1/Wdr19/Gsc/Aldh1a3/Prox1/Ephb2/Hpn"
"GOBP_REGULATION_OF_TRANSLATIONAL_INITIATION",0.0510150963040083,0.178964249130997,0.0829663391489805,-0.366088784488838,-1.3987304987241,57,"Ythdf3/Ddx3x/Hspb1/Eif2s1/Bzw1/Fmr1/Tpr/Eif5/Paip2b/Sh3bgrl/Eif4g2/Ythdf2/Ppp1ca/Ncbp1/Mtor/Paip1"
"GOBP_REGULATION_OF_LIPOPOLYSACCHARIDE_MEDIATED_SIGNALING_PATHWAY",0.0510812826249068,0.178990225078068,0.086034814321778,-0.508842154256908,-1.50546858005983,19,"Tnfaip3/Cd14/Cd36/Traf6/Cd55/Pira2"
"GOBP_REGULATION_OF_CELL_PROJECTION_ORGANIZATION",0.0514954853273138,0.180234198645598,0.0741759589930858,-0.241114469969823,-1.2136678154534,409,"Hsp90aa1/Lrrk2/Bmp5/App/Icam1/Rab5a/Ndel1/Skil/Sema3a/Rnf6/Ptprg/Stk24/Actr2/Fmr1/Dock11/Sema6d/Mdm2/Rhoa/Nedd9/Rapgef2/Actr3/Eps8/Pafah1b1/Atf1/Lyn/Robo2/Was/Crk/Ocln/Arsb/Fat3/Luzp1/Itga2/Caprin1/Kidins220/Ripor2/Adam17/Dzip1/Arf6/Rtn4/Ddr2/Rac1/Rp1/Nedd4/Nin/Agrn/Tmem30a/Braf/Akirin1/Wasf2/Fig4/Ptpn1/Ptprf/Tgfbr1/Evi5/Shank3/Prkci/Map2/Epha2/Nrd1/Cep135/Trpc6/Fnbp1l/Tbc1d2/Cdkl5/Rdx/Setx/Slit2/Tesk1/Wasl/Camsap2/Prkd1/Pak1/Rap2a/Zfp365/Nckap1/Ift88/Odf2l/Negr1/Arc/B2m/Vegfa/Homer1/Rac2/Myo9a/Mboat1/Tnfrsf12a/Nrcam/Spg20/Arf4/Macf1/Robo1/Cdc42/Cyld/Mtor/Gpm6a/Fbxo38/Cenpj"
"GOBP_FOCAL_ADHESION_ASSEMBLY",0.0516185476815398,0.180327437760401,0.0828210936072908,-0.37697730078258,-1.39870905285618,50,"Thbs1/Dusp3/Ston1/Actg1/Rhoa/Rock2/Itga2/Phldb2/Rac1/Rock1/Acvrl1/Sorbs1/Vegfa/Map4k4/Macf1"
"GOBP_CELLULAR_RESPONSE_TO_GROWTH_HORMONE_STIMULUS",0.0516405667412379,0.180327437760401,0.0855536111942314,-0.542194182936479,-1.51216540176483,15,"Jak1/Jak2/Lyn/Ptpn1/Ghr/Pxn/Pik3r1/Leprotl1/Mbd5/Stat3"
"GOBP_POSITIVE_REGULATION_OF_T_CELL_MIGRATION",0.0517401823934487,0.180468333777837,0.0853949304825912,-0.491346614059585,-1.4926315705488,21,"App/Rhoa/Adam8/Dock8/Adam17/Tnfsf14"
"GOBP_MYELOID_CELL_DEVELOPMENT",0.0518736988202637,0.180727017056868,0.0822473549270266,-0.369296052674142,-1.40640406725406,56,"App/Tmod3/Ptbp3/Adgrf5/Pafah1b1/Cited2/Sh2b3/Rac1/Wasf2/Fbn1/Fli1/Tyrobp/Diaph3/Abi1/Rac2/Rhag/Abcb10/Lrrk1/Arid4a/Ptpn6/Srf/Slc4a1/Med1/Pirb"
"GOBP_REGULATION_OF_TRIGLYCERIDE_METABOLIC_PROCESS",0.051948051948052,0.180779220779221,0.0850801033973234,-0.499335476721241,-1.49971574757908,20,"Abhd5/Sik1/C3/Sorl1/Gpld1/Apobec1/Kat5/Mboat7/Pik3cg"
"GOBP_GLIAL_CELL_PROLIFERATION",0.0522174535050072,0.181368792070246,0.0832590466084807,-0.416784283624188,-1.43288759320146,35,"Prkch/Il1b/Lepr/Il33/Areg/Lyn/Vegfc/Orc3/Prkci/Slc7a5/Creb1"
"GOBP_NUTRIENT_STORAGE",0.0522672204915196,0.181368792070246,0.0818244882946139,-0.368843967725996,-1.40129984590586,55,"Hexb/Ldah/Cd36/B4galnt1/Mest/Abhd5/C3/Mospd2/Lipa/Ces1d/Vstm2a/Zc3h12a/Ttc39b/Negr1/Apob/Npc1/Sqle/Abcg1/Ooep"
"GOBP_ANTIGEN_PROCESSING_AND_PRESENTATION_OF_PEPTIDE_OR_POLYSACCHARIDE_ANTIGEN_VIA_MHC_CLASS_II",0.0522961574507966,0.181368792070246,0.0852370970743608,-0.513108362208106,-1.49425078090436,18,"Thbs1/H2-DMb1/Traf6/Ctse/H2-Ob/Ctss/B2m"
"GOBP_EPIBOLY",0.0523617722445991,0.181389757093065,0.0841553633643137,-0.463327179891521,-1.47305166257203,25,"Ceacam1/Itgb1/Rhoa/Phldb2/Adam17/Acvrl1/Tmeff2/Pdcd10/Mtor"
"GOBP_ANTIGEN_PROCESSING_AND_PRESENTATION",0.0526043463263194,0.182022993822321,0.0814078219628671,-0.352446742736278,-1.37673163288294,64,"Thbs1/Icam1/Erap1/H2-DMb1/H2-Q7/Traf6/Slc11a1/Ctse/Mfsd6/Ulbp1/Was/H2-Ob/Rab10/Rab32/Cd68/H2-Q2/Clec4a3/Ctss"
"GOBP_INTRACELLULAR_PH_REDUCTION",0.0526698147475481,0.182042662776713,0.0835547516226498,-0.427702066068686,-1.43827388415274,32,"Atp6v0c/Clic4/Slc11a1/Cln5/Lamp2/Ppt1/Tpcn2/Dmxl2/Slc4a7/Atp6v1a/Car2"
"GOBP_NEPHRON_EPITHELIUM_DEVELOPMENT",0.0528656971770744,0.182512525968471,0.080861650980769,-0.348672142411997,-1.37660459366156,67,"Ctnnb1/Smad4/Pkd1/Fgf2/Cd24a/Gpc3/Npnt/Iqgap1/Bmp2/Hs2st1/Dchs1/Aqp1/Gdnf/Vegfa/Jag1/Wt1/Dlg1/Ilk"
"GOBP_SMOOTH_MUSCLE_CELL_MIGRATION",0.0536663124335813,0.18506672860731,0.0816849181752493,-0.392378514477798,-1.41330612119814,44,"Tlr4/Abhd2/Sema6d/Mdm2/Dock7/Postn/Crk/Itga2/Ddr2/Sorl1/Ptpn1/Slit2/Pak1/Plat/Xbp1"
"GOBP_PROTEIN_ACETYLATION",0.0537874557975061,0.185157490279088,0.0837037443963104,-0.489529260182419,-1.4871107433073,21,"Arntl/Naa16/Naa15/Clock/Kat5/Esco2/Naa60/Xbp1"
"GOBP_POSTREPLICATION_REPAIR",0.053858967240422,0.185157490279088,0.0834065212039972,-0.481900800042384,-1.48159319787991,22,"Polk/Rev1/Polh/Rad18/Ube2n/Usp10/Ube2v2/Dtl/Rev3l/Zbtb1/Vcp"
"GOBP_NEUROMUSCULAR_JUNCTION_DEVELOPMENT",0.0539162112932605,0.185157490279088,0.0826765785309944,-0.439120538137495,-1.44361196499274,29,"Lrrk2/Tnc/Col4a1/Col4a5/Crk/Rac1/Nedd4/Agrn"
"GOBP_POSITIVE_REGULATION_OF_LYMPHOCYTE_MIGRATION",0.053935860058309,0.185157490279088,0.0826765785309944,-0.450477066696687,-1.45870886622979,27,"App/Rhoa/Nedd9/Adam8/Dock8/Adam17/Tnfsf14/Ccl3/Ccl4/Jam2/P4hb/Abl2"
"GOBP_COMPLEMENT_ACTIVATION",0.0540095203222263,0.185201564618445,0.0828210936072908,-0.461787559680997,-1.4681567627922,25,"C7/Il1b/Hc/C3/Cd55/Serping1/Cr1l/Cfi/C1s1/Cfp/Fcnb/C2/Cd55b"
"GOBP_POSITIVE_REGULATION_OF_LAMELLIPODIUM_ORGANIZATION",0.05466472303207,0.18723743715709,0.0821057009024537,-0.449761476828336,-1.45639168437367,27,"Hsp90aa1/Actr2/Actr3/Ocln/Rac1/Akirin1/Wasf2/Nckap1/Rac2/Cdc42/Mtor"
"GOBP_REGULATION_OF_T_CELL_MEDIATED_CYTOTOXICITY",0.0547398948704006,0.187284247056595,0.0818244882946139,-0.433260579871751,-1.43707829257958,30,"Ptprc/Pvr/Ceacam1/H2-Q7/Ulbp1/Il7r/H2-Q2/B2m/Ripk3/Stx7/Klrc1/Pirb/Il12b/Ppp3cb/Cd1d1/P2rx7/Fcgr2b"
"GOBP_RESPONSE_TO_PROTOZOAN",0.0549962714392245,0.187950220575127,0.0828210936072908,-0.504993989477862,-1.49408333786384,19,"Gbp2/Gbp9/Slc11a1/Irf4/Lyst/Il4ra/Myd88/Ccdc88b/Gbp4"
"GOBP_RELEASE_OF_CYTOCHROME_C_FROM_MITOCHONDRIA",0.0550724637681159,0.187999610060441,0.0907499282531725,0.415043237290989,1.4410986030965,30,"Plscr3/Pink1/Nol3/Fxn/Bax/Gpx1/Pycard/Parl/Ppif/Bbc3/Bnip3"
"GOBP_REGULATION_OF_MICROTUBULE_BASED_PROCESS",0.0553453169347209,0.188719473758371,0.0756977855210356,-0.276686691862647,-1.27142624415025,177,"Hspa1b/Cltc/Hspa1a/Xpo1/Ccnl1/Chordc1/Pkd1/Mid1/Tpr/Rhoa/Cyb5d1/Pafah1b1/Rock2/Cfap206/Kif18a/Ccr6/Pdcd6ip/Ocln/Phldb2/Ccdc39/Ripor2/Rac1/Tpx2/Rock1/Gnai1/Dyrk1a/Map2/Plk4/Tmem67/Diaph3/Camsap2/Pak1/Atxn7/Pgam1/Ttc21b/Prkaa1/Haus6/Hdgfl3/Macf1/Cyld/Ppp2ca/Wdr47/Cenpj/Tbcd/Gen1/Bicd2/Togaram1/Spice1/Slain1/Ccdc88c/Cfap69/Irgc1"
"GOBP_T_CELL_MEDIATED_CYTOTOXICITY",0.0556251117868002,0.189461370683229,0.0805924900764779,-0.411306513037698,-1.42762438460699,37,"Ptprc/Pvr/Ceacam1/H2-Q7/Ulbp1/Il7r/H2-Q2/B2m/Ripk3/Stx7/Klrc1/Pirb/Il12b/Ppp3cb/Cd1d1/P2rx7/Fcgr2b/Rab27a"
"GOBP_POSITIVE_REGULATION_OF_MYELOID_LEUKOCYTE_CYTOKINE_PRODUCTION_INVOLVED_IN_IMMUNE_RESPONSE",0.0557097908569313,0.189537780066319,0.0819647472921866,-0.479166460647729,-1.47318653275825,22,"Tlr4/Cd36/Tlr7/H2-Q7/Laptm5/Rtn4/Myd88/Plcg2"
"GOBP_REGULATION_OF_PLATELET_AGGREGATION",0.0558139534883721,0.18968023255814,0.0821057009024537,-0.524441051564719,-1.49067686345516,16,"Jak2/Ceacam1/Lyn/Sh2b3"
"GOBP_RESPONSE_TO_KETONE",0.0560064935064935,0.190122377622378,0.0763778694074653,-0.299586805934912,-1.30740047887089,122,"Ptprc/Thbs1/Jak2/Fos/Cybb/Fosb/Dusp1/Abhd2/Adcy3/Tnc/Klf9/Golph3/Fgf2/Rock2/Lipa/Postn/Cbx3/Eif4e/Gnai1/Btg2/Itgam/Cftr/Creb1/Slit2/Prkd1/Aqp1/Acaca/Sgk1/Prkaa1/Bmi1/Ghr/Cad/Gnb1"
"GOBP_POSITIVE_REGULATION_OF_JNK_CASCADE",0.0562338779019776,0.19068169065871,0.0785280756545386,-0.348556619535319,-1.36676086554383,65,"Tlr4/App/Il1b/Sema3a/Naip2/Traf6/Mink1/Rb1cc1/Ripk1/Plcb1/Crk/Nr2c2/Sh3rf3/Mfhas1/Myd88"
"GOBP_RESPONSE_TO_GROWTH_HORMONE",0.0563666605063759,0.190919333973209,0.0814078219628671,-0.474570684300596,-1.47570586833475,23,"Cacybp/Jak1/Jak2/Trim16/Lyn/Ptpn1/Phex/Ghr"
"GOBP_REGULATION_OF_PROTEASOMAL_UBIQUITIN_DEPENDENT_PROTEIN_CATABOLIC_PROCESS",0.0566835871404399,0.191779469825155,0.0775512583160702,-0.33230712123225,-1.35392426085782,80,"Rybp/Lrrk2/Hspa1b/Wac/Hspa1a/Il33/Xpo1/Hsp90ab1/Rad23b/Zfand2a/Mdm2/Socs4"
"GOBP_NEURON_MATURATION",0.0575735561205957,0.194574337832646,0.0798002089527527,-0.424316902566029,-1.42689027709137,32,"Lrrk2/App/Cln5/C3/Ccdc39/Rac1/Agrn/Sclt1/Nr4a2/B4galt5/Nrcam"
"GOBP_CELL_PROJECTION_ASSEMBLY",0.0578289286729184,0.195220718191837,0.0700863026681222,-0.241330904156091,-1.20863859770313,383,"Hsp90aa1/Icam1/Rab5a/Ndel1/Itgb1/Ston1/Rab1a/Actr2/Tbc1d31/Snap29/Emp1/Fmr1/Dock11/Mink1/Rapgef6/Rapgef2/Actr3/Eps8/Golph3/Cep126/Fgd3/Kif3b/Was/Cfap206/Rap1b/S1pr1/Kif3a/Ocln/Cfap44/Luzp1/Ccdc39/Ripor2/Dzip1/Arf6/Stk26/Cep290/Rac1/Rp1/Gmnc/Cyfip2/Hydin/Rock1/Agrn/Akirin1/Wasf2/Vav3/Tgfbr1/Evi5/Sclt1/Plk4/Epha2/Cep135/Arhgef26/Fnbp1l/Ccdc146/Tbc1d2/Cdkl5/Rdx/Parvg/Tmem67/Slit2/Tesk1/Wasl/Spag16/Unc119b/Rap2a/Ccdc66/Fgd6/Nckap1/Ift88/Odf2l/Ttc21b/Rac2/Map4k4/Wdr35/Exoc5/Gorab/Myh10/Cep162/Bloc1s6/Arf4/Cdc42/Cyld/Mtor/Gpm6a/Cenpj/Lrrc61/Tbc1d19/Srf/Syne2/Dync2h1/Ift122/Fbxw8/Alpk1/Togaram1/Asap1/Fgd4/Rp2/Fxyd5/Ehd2/Gdi2/Cfap69/Sdcbp/Rala/Jhy/Plce1/Inpp5e"
"GOBP_LOCALIZATION_WITHIN_MEMBRANE",0.0583041345480028,0.196606965336289,0.0692905673045036,-0.237704242098182,-1.20021870674714,420,"Sacm1l/Ptprc/Itgb2/Prkch/Cd53/Picalm/Sec61a1/Arl5b/Cltc/Slc5a3/Washc2/Fyb/Tm9sf1/Itgb1/Arl6ip1/Nptx1/Numb/Hspa5/Dennd4c/Traf6/Snx7/Sgtb/Fxr1/Rapgef6/Vps13b/Mal/Exoc6/Rapgef2/Itgal/Golph3/Dock2/Rock2/Cd24a/Gpc3/Slc7a11/Rab5if/Crk/Arl5a/Rab10/Tnfaip6/Tmco1/Arf6/Rac1/Sorl1/Nup54/Ccdc47/Ttc7b/Vps37b/Mmgt1/Rock1/Agrn/Rab32/Braf/Srp54a/Glp1r/Kif5b/Zdhhc5/Shank3/Itgam/Prkci/Atp1b1/Exoc4/Epha2/Map7/Rraga/Rragc/Srp72/Vps26a/Icmt/Rdx/Sorbs1/Arfgef2/Efr3a/Pak1/Rap2a/Mtmr4/Dchs1/Ttc7/Wdr72/Zdhhc3/Sh3pxd2b/Rabep1/Neto2/Rab31/Sptbn1/Exoc5"
"GOBP_INTERLEUKIN_1_MEDIATED_SIGNALING_PATHWAY",0.0586270871985158,0.197276979905365,0.0799307015710976,-0.492192303937511,-1.47826177683024,20,"Il1b/Tax1bp1/Traf6/Il1r1/Plcb1/Vrk2/Myd88/Il1r2"
"GOBP_ORGANELLE_FISSION",0.058632402894698,0.197276979905365,0.071001584690387,-0.253644914249698,-1.23228087753341,284,"Lrrk2/Hspa1b/Il1b/Ndel1/Hspa1a/Rps6ka2/Tom1l1/Usp16/Bub1/Dusp1/Actr2/Mki67/Tpr/Rhoa/Actr3/Orc4/Top2a/Eps8/Ncapg/Nipbl/Prc1/Smarca5/Smc4/Plcb1/Kif3b/Kif11/Kif18a/Pdcd6ip/Stag2/Ddb1/Ripor2/Tpx2/Btc/Tgfa/Mtfr2/Myo19/Kpnb1/Eml4/Becn1/Bub1b/Cenpf/Ccne2/Sycp1/Rrs1/Kat5/Knl1/Ubb/Marf1/Cdc23/Kif23/Spire1/Ccdc66/Nusap1/Pgam5/Ncapg2/Slx4/Stag1/Irgm1/Tex15/Foxj3/Epgn/Irgm2/Ereg/Kmt5a/Cdc42/Sox7/Sycp2/Cav2/Gen1/Lrp5/Kif20b/Cdc16/Ccnb1/Spice1/Fancm/Ncapd2/Uhrf1"
"GOBP_REGULATION_OF_ADENYLATE_CYCLASE_ACTIVITY",0.0587796230640045,0.197554031158823,0.0800618093065621,-0.515496685138011,-1.48694560968383,17,"Gnai3/Cacna1d/Glp1r/Adora2b/Cap1/Gnas/Cacna1c/Adora3/Stim1/Ednrb"
"GOBP_PROTEIN_AUTOUBIQUITINATION",0.0588853838065195,0.197691283010862,0.0774315909249512,-0.380664409642886,-1.39551071378567,47,"Lrrk2/Ube2d3/Rnf146/Traf6/Mdm2/Itch/Ltn1/Dtx3l/Rag1/Sh3rf3/Rad18/Rnf13/Sash1/Rnf10/Uhrf1/Sh3rf1/Rnf115/Trim37/Trim13"
"GOBP_PYRIMIDINE_CONTAINING_COMPOUND_BIOSYNTHETIC_PROCESS",0.0590399117160199,0.197991774422115,0.0792842936900608,-0.462523823547232,-1.45487317484549,24,"Upp1/Umps/Uprt/Slc4a7/Ctps2/Mtor/Cad/Slc19a3/Shmt1"
"GOBP_CELL_JUNCTION_DISASSEMBLY",0.0591848129536572,0.198259356923967,0.079670326613859,-0.48447207231423,-1.47174782423091,21,"Dusp3/Il1b/Itgb1/Ston1/C3/Arf6/Tgfbr1/Itgam"
"GOBP_SPINDLE_LOCALIZATION",0.0593849416755037,0.198711150991109,0.0774315909249512,-0.384812655660229,-1.39442027325353,45,"Ndel1/Myh9/Itgb1/Actr2/Actr3/Pafah1b1/Kpnb1/Kat5/Wasl/Ankfn1/Spire1/Ccdc66/Nusap1"
"GOBP_POSITIVE_REGULATION_OF_MYELOID_LEUKOCYTE_DIFFERENTIATION",0.0595600071543552,0.198982886664514,0.0777921919210674,-0.407560328493058,-1.4146215649685,37,"Ccr1/Fos/Traf6/Nedd9/Ripk1/Kitl/Tyrobp/Creb1/Runx1/Fam102a/Tmem64/Rb1/Ifng/Il12b/Rptor/Zfp36l1"
"GOBP_RESPONSE_TO_CAMP",0.0595968448729185,0.198982886664514,0.0769581592091491,-0.36784930226546,-1.37480091874576,52,"App/Fos/Fosb/Top1/Areg/Dusp1/Mmp19/Rapgef2/Col1a1/Inhbb/Rap1b/Dgkq/Cftr/Pik3cg/Aqp1"
"GOBP_GASTRULATION",0.0597914630172695,0.199414025068549,0.0739656151550254,-0.30327600158097,-1.30984124361682,113,"Itgb2/Ctnnb1/Myh9/Wls/Itgb1/Smad4/Smad2/Dusp1/Col12a1/Acvr2a/Tgfbr2/Cdc73/Dusp4/Gpc3/Lama3/Supt20/Lmbrd1/Kif16b/Itga2/Aplnr/Exoc4/Epha2/Ext2"
"GOBP_REGULATION_OF_ESTABLISHMENT_OF_PROTEIN_LOCALIZATION_TO_MITOCHONDRION",0.0601013758146271,0.199985082318479,0.0779134661483548,-0.413017080851937,-1.40788624264827,34,"Dnaja1/Bag3/Lrrk2/Ube2d3"
"GOBP_T_CELL_SELECTION",0.0601220387652548,0.199985082318479,0.0775512583160702,-0.399557744191881,-1.40137439420938,39,"Ptprc/Socs3/Jak1/Rhoa/Irf4/Dock2/Braf"
"GOBP_MAST_CELL_ACTIVATION",0.0601597160603372,0.199985082318479,0.0770757391871296,-0.393065334223328,-1.40229066703557,42,"Snap23/Cd300lf/Lcp2/Fgr/Lyn/Il4ra/Cd84/Cnr2/Adora2b/Cd300a/Grp/Pik3cg/Lat2/Rac2/Snx4/Ptpn6"
"GOBP_INTERFERON_MEDIATED_SIGNALING_PATHWAY",0.0605584642233857,0.201091083489869,0.076149236537059,-0.355244623082884,-1.36843759485905,60,"Ythdf3/Jak1/Jak2/Ifih1/Oas2/Ptpn1/Azi2/Myd88/Ythdf2/Irgm1/Tbk1/Irgm2/Ptpn6/Traf3/Med1/Mettl3/Oasl1/Irak1/Sp100/Trim56/Ifng/Lsm14a/Hck/Zbp1/Ifnar1/Cnot7/Trim65"
"GOBP_MATURATION_OF_SSU_RRNA_FROM_TRICISTRONIC_RRNA_TRANSCRIPT_SSU_RRNA_5_8S_RRNA_LSU_RRNA",0.0606952363435718,0.201325702250737,0.0781576498045414,-0.461316609901591,-1.45107587260951,24,"Tsr1/Bms1/Heatr1/Utp20/Nol10/Rrs1/Rcl1/Utp6/Fam207a/Wdr43/Dcaf13"
"GOBP_PROTEIN_LOCALIZATION_TO_CELL_CELL_JUNCTION",0.0609184629803187,0.201846267437508,0.078777842678775,-0.505468217419627,-1.47200149954929,18,"Jak1/Actg1/Mpp7/Tjp1/Cgnl1/Arhgef18/Mapk9/Ildr1/Cdh5"
"GOBP_EPITHELIAL_CELL_APOPTOTIC_PROCESS",0.0611636873466526,0.202275081003498,0.0759225511621017,-0.379011934353303,-1.38945276113115,47,"Jak2/Eif2s1/Tgfbr2/Pla2r1/Nfkbiz/Casp3/Arf6/Btc/Cast/Zfp36/Pik3cg/Exoc5/Prkaa1/Esr1/Atf2/Npc1/Rb1/Tmf1/Zfp36l1/Casp9/Ppara/Stk3"
"GOBP_DETECTION_OF_STIMULUS",0.0611807387862797,0.202275081003498,0.0735499839648035,-0.309776735331669,-1.31099321733687,100,"Tlr4/Piezo1/Ctnnb1/Naip2/Pkd1/H2-Q7/Clec4n/Piezo2/Itga2/Rp1/Nr4a1/Calm1/Pkd2l2/Crb1/Slc24a4/Pak1/Ccdc66/Ano1/Eng/Wdr47/Atf2/Gnat1/Gpr88/Ptprj"
"GOBP_ORGANIC_ACID_TRANSPORT",0.0612954186413902,0.202286252015714,0.0718550298668081,-0.278299499219337,-1.26787175698632,166,"Thbs1/Ptgs2/Il1b/Anxa1/Emb/Cd36/Ceacam1/Slc1a3/Itgb1/Arl6ip1/Lrrc8d/Slc6a14/Eprs/Slc11a1/Ace2/Slc38a2/Pla2r1/Lyn/Slc7a11/Pnpla8/Slc7a1/Lrp2/Acsl4/Ces1d/Abcd2/Slc16a9/Acsl5/Slc7a5/Slc6a20a/Tspo2/Slc23a2/Slc6a9/Slc16a10"
"GOBP_HEART_PROCESS",0.0613169821380965,0.202286252015714,0.0941329115999785,0.260866196982275,1.24994521229017,151,"Tbx2/Fxyd1/Dmpk/Des/Tnnt2/Sgcg/S100a1/Atp1a2/Hspb7/Prkaca/Tmem38a/Kcnh2/Tnni2/Vegfb/Ttn/Slc4a3/Myl7/Csrp3/Gpx1/Myl4/Tpm1/Atp2a1/Hrc/P2rx4/Cav3/Hopx/Pln/Ank2/Tbx5/Agt/Epas1/Chrm2/Trdn/Tbx18/Bves/Mybpc3/Gstm7/Dsc2/Kcnj3/Scn8a/Gpd1l/Adra1b/Gnao1/Popdc2/Ywhae/Scn4b/Adora1/Jup/Atp1b2/Fgf13/Kcna5/Ryr2/Gsto1/Pik3ca/Nppa/Grk2/Fkbp1a/Yap1/Celf2/Npff/Tnni3k/Kcnj5/Ace/Myh7"
"GOBP_ENDOCRINE_PROCESS",0.0615987181769628,0.202995775810446,0.0762633077782967,-0.395143166995944,-1.40186218974823,41,"Il1b/Rps6ka2/Mme/Smad4/Enpep/Ace2/Rhoa/Inhbb"
"GOBP_REGULATION_OF_AUTOPHAGOSOME_ASSEMBLY",0.0619307832422587,0.203718578423411,0.0769581592091491,-0.43295485740583,-1.42334224471432,29,"Lrrk2/Rab5a/Snx7/Scfd1/Smcr8/Becn1/Ift88/Snx4/Mtor/Ralb"
"GOBP_REGULATION_OF_SYNAPTIC_VESICLE_ENDOCYTOSIS",0.0619518566896809,0.203718578423411,0.0779134661483548,-0.512112139105168,-1.47718291671334,17,"Lrrk2/Actg1/Rac1/Rock1/Dgkq/Abca13"
"GOBP_COCHLEA_DEVELOPMENT",0.0620567375886525,0.203843328972435,0.0850801033973234,0.414056387027197,1.424900723476,29,"Tbx2/Vangl2/Nectin1/Fzd2/Tbx18/Gata2/Ift27/Gata3/Tbx1/Dvl2/Ntrk3/Hes1/Ift20"
"GOBP_CYTOSKELETON_DEPENDENT_CYTOKINESIS",0.0624576844955992,0.204939277251185,0.0737569644215925,-0.323479219074798,-1.32876504639641,85,"Actr2/Exoc6/Rhoa/Actr3/Orc4/Rock2/Pdcd6ip/Luzp1/Arf6/Rock1/Rasa1/Ect2/Exoc4/Iqgap1/Kif23/Spire1/Mtmr4/Zfp365/Nusap1/Sptbn1/Exoc5/Myh10/Spg20/Rab35/Kif20b/Iqgap3/Ckap2/Kif4/Plec/Exoc2/Exoc6b"
"GOBP_POSITIVE_REGULATION_OF_OSTEOBLAST_DIFFERENTIATION",0.0630229659960833,0.20657150856628,0.0753641771859303,-0.393551939121792,-1.3962169391698,41,"Hgf/Ctnnb1/Gdpd2/Acvr2a/Fgf2/Npnt/Ddr2/Bmpr1b/Bmp2/Prkd1/Vegfa/Jag1/Lrp5/Ilk/Runx2/Il6st/Tent5a/Taok3"
"GOBP_NEUTRAL_AMINO_ACID_TRANSPORT",0.0631331403762663,0.206710120909388,0.0759225511621017,-0.415249422364774,-1.40641874722306,33,"Slc1a3/Slc6a14/Ace2/Slc38a2/Slc7a11/Slc7a5/Slc6a20a/Slc6a9/Serinc5"
"GOBP_SKELETAL_MUSCLE_ORGAN_DEVELOPMENT",0.0633299284984678,0.207131721028823,0.0905617673660515,0.285100737597084,1.27990900411693,104,"Vamp5/Des/Myom1/Myl6/Nr2f2/Hmg20b/Igsf8/Asb2/Cdk5/Uqcc2/Csrp3/Flot1/Acta1/Gpx1/Myom2/Myh14/Gpc1/Nr1d2/Asnsd1/Casq1/Mylpf/Ppif/Actn3/Neurl1a/Lemd2/Smyd1/Bves/Ryr1/Cntfr/Ppp3ca/Fgfrl1/Pax5/Sox8/Sox11/Tbx1/Barx2/Bcl9/S100b/Popdc2/Hoxd9/Chrna1/Ankrd1/Foxp2"
"GOBP_REGULATION_OF_BICELLULAR_TIGHT_JUNCTION_ASSEMBLY",0.0634446725135286,0.207284364596239,0.0769581592091491,-0.511061428848751,-1.47415215231102,17,"Prkch/Rock2/Rac1/Rock1/Fzd5/Epha2/Acvrl1"
"GOBP_PEPTIDYL_SERINE_MODIFICATION",0.0635167878158532,0.207297555090325,0.0739656151550254,-0.360714443830145,-1.37041442665181,55,"Prkx/Top1/Pkd1/Nek6/Ripk1/Rock1/Braf/Tgfbr1/Pdk3/Tlk2/Prkd1/Irgm1/Tbk1/Irgm2/Pdcd10/Hipk2"
"GOBP_NEGATIVE_REGULATION_OF_INTRACELLULAR_STEROID_HORMONE_RECEPTOR_SIGNALING_PATHWAY",0.0638534147695725,0.208105522143248,0.0763778694074653,-0.471602483382484,-1.44993125436045,22,"Arntl/Zfp366/Strn3/Rhoa/Cdk12/Clock/Cnot2"
"GOBP_POSITIVE_REGULATION_OF_CELL_KILLING",0.0639390719093163,0.208105522143248,0.0746018195047473,-0.385627978353437,-1.388991400402,44,"Ptprc/Pvr/H2-Q7/Il18rap/Ulbp1/Klrk1/Itgam/Tyrobp/H2-Q2/B2m/Stx7/Klrc1/Klrc2/Spi1/Mapk8/Il12b"
"GOBP_GRANULOCYTE_DIFFERENTIATION",0.0639693821760525,0.208105522143248,0.0756977855210356,-0.445748787679947,-1.43089336947589,26,"Lbr/Ceacam1/Cited2/Lyn/Srp54a/Sp3/Runx1/Fasn/L3mbtl3/Spi1"
"GOBP_NEGATIVE_REGULATION_OF_PROTEIN_LOCALIZATION",0.0642694435405142,0.208688699360341,0.0711887468782548,-0.295750867955031,-1.29217864679427,123,"Dnaja1/Bag3/Lrrk2/App/Picalm/Il1b/Cltc/Cd36/Numb/Yod1/Insig1/Inhbb/Rock2/Ndfip1/Hmgcr/Ripor2/Arf6/Frmd4a/Gnai1/Klf7/Ndfip2/Mfhas1"
"GOBP_REGULATION_OF_PROTEASOMAL_PROTEIN_CATABOLIC_PROCESS",0.0642857142857143,0.208688699360341,0.0710949907592617,-0.296030533601175,-1.29188086298656,122,"Rybp/Lrrk2/Hspa1b/Wac/Hspa1a/Il33/Usp25/Neurl3/Xpo1/Hsp90ab1/Fmr1/Pkd1/Lamp3/Rad23b/Zfand2a/Kcne2/Mdm2/Socs4/Psmd14/Ubqln1/Tmtc3"
"GOBP_FORMATION_OF_PRIMARY_GERM_LAYER",0.0643791404790216,0.208730062501932,0.0727383231489883,-0.334681135671595,-1.34181579121784,73,"Itgb2/Ctnnb1/Myh9/Wls/Itgb1/Smad2/Dusp1/Col12a1/Cdc73/Dusp4/Lama3/Kif16b/Itga2/Exoc4/Epha2/Ext2"
"GOBP_CERAMIDE_METABOLIC_PROCESS",0.0644766730735628,0.208730062501932,0.0737569644215925,-0.350625196985755,-1.3532956249672,61,"Hexb/B4galnt1/Asah2/Gla/Plpp1/St8sia6/Asah1/B4galt3/Acer3/Abca2/St3gal2/Sgms1/B4galt5/Prkaa1/St8sia4"
"GOBP_NEGATIVE_REGULATION_OF_NATURAL_KILLER_CELL_MEDIATED_IMMUNITY",0.0645041014168531,0.208730062501932,0.0762633077782967,-0.496255187788393,-1.4682285786604,19,"Pvr/Ceacam1/H2-Q7/Crk/H2-Q2/Klrc1/Cd96/Pirb"
"GOBP_CELLULAR_RESPONSE_TO_OSMOTIC_STRESS",0.0646712987707108,0.209048943478572,0.0743880192035108,-0.394000824445771,-1.39115411613063,40,"Ptgs2/Ddx3x/Lrrc8d/Cab39/Casp3/Nfat5/Scn7a/Usp15/Aqp1/Vps13a/Mtor"
"GOBP_REGULATION_OF_HYDROLASE_ACTIVITY",0.0647727272727273,0.209154776824448,0.0708158139319178,-0.292919919542092,-1.28668987750878,128,"Lrrk2/Ndel1/Hspa1a/Itgb1/Abce1/Dock11/Rapgef6/Rhoa/Rapgef2/Fgd3/Dock8/Ralgapa1/Serpinb8/Crk/Ripor2/Gpld1/Klrk1/Agrn/Ect2/Vav3/Evi5/Rgs1/Epha2/Mia2/Bmp2/Vsir/Tbc1d2/Rdx/Cr1l/Ric1"
"GOBP_FOAM_CELL_DIFFERENTIATION",0.0650421743205248,0.209393480951726,0.076149236537059,-0.501393007844403,-1.46013386000445,18,"Prkch/Il1b/Cd36/Abca5/Apob/Mapk9/Abcg1/Il18"
"GOBP_DNA_CATABOLIC_PROCESS",0.065052950075643,0.209393480951726,0.0819647472921866,0.500113110289911,1.45915268189513,16,"Endog/Bax/Mus81/Dffa/Exog"
"GOBP_RESPONSE_TO_OXYGEN_RADICAL",0.065052950075643,0.209393480951726,0.0819647472921866,0.500216165481501,1.45945336039385,16,"Cygb/Park7/Ucp2/Mt3/Mb/Txnrd2/Ccs/Bmp7"
"GOBP_REGULATION_OF_T_HELPER_CELL_DIFFERENTIATION",0.0651775906261443,0.209573139869704,0.0751440930078969,-0.453704280780363,-1.44245767165233,25,"Anxa1/Irf4/Nfkbiz/Il4ra/Zc3h12a/Il18/Nfkbid/Shb/Il12b"
"GOBP_PYROPTOTIC_INFLAMMATORY_RESPONSE",0.0653266331658292,0.209830799567458,0.0756977855210356,-0.480586619863379,-1.45994444790134,21,"Dhx9/Gbp2/Naip2/Casp3/Dpp9/Zdhhc5"
"GOBP_POSITIVE_REGULATION_OF_RECEPTOR_MEDIATED_ENDOCYTOSIS",0.0659219923091009,0.211273221086003,0.0747093797274478,-0.436295653747082,-1.41968061175987,28,"App/Sele/Fmr1/C3/Ppt1/Aplnr/Plcg2/Wasl/B2m/Vegfa"
"GOBP_SPECIFICATION_OF_ANIMAL_ORGAN_IDENTITY",0.0660482374768089,0.211273221086003,0.0751440930078969,-0.484449778069948,-1.45500769513377,20,"Ctnnb1/Fgf2/Robo2/Lrp2/Bmp2/Gdnf/Rbpj/Robo1/Frs2"
"GOBP_TRANSEPITHELIAL_TRANSPORT",0.0660482374768089,0.211273221086003,0.0751440930078969,-0.484613422751738,-1.45549918936506,20,"Slc1a3/Cxadr/Actg1/Gpld1/Cftr/Aqp1"
"GOBP_NUCLEAR_EXPORT",0.066053236937233,0.211273221086003,0.0705397288527552,-0.304631171051893,-1.29777749155761,104,"Bag3/Il1b/Dhx9/Washc4/Zc3h11a/Xpo1/Pom121/Egr2/Fmr1/Pkd1/Tpr/Mdm2/Cse1l/Frat2/Eif4e/Rbm33/Agfg1/Xpo7/Iws1/Lsg1/Nemf/Prkd1/Ncbp1/Chp1/Xpo4/Ppm1a/Thoc2/Ranbp17/Ythdc1/Cpsf6/Hnrnpa2b1/Sp100/Thoc1"
"GOBP_NEGATIVE_REGULATION_OF_TRANSFORMING_GROWTH_FACTOR_BETA_RECEPTOR_SIGNALING_PATHWAY",0.066759388038943,0.213307803335342,0.0722438159950612,-0.352496834201722,-1.35551530112857,59,"Skil/Hspa1a/Peg10/Hspa5/Smurf2/Glg1/Adam17/Ldlrad4/Sap130/Fbn1/Bmp2/Arid4b/Zfp451/Usp15/Strap/Mtmr4/Arid4a/Eng/Xbp1/Rbbp7/Cav2/Ppm1a/Mecom"
"GOBP_VACUOLE_ORGANIZATION",0.0671248202013745,0.214250605359733,0.068945037482762,-0.280639260456135,-1.26238178521286,152,"Bag3/Lrrk2/Rab5a/Atp6v0c/Hexb/B4galnt1/Rab1a/Vmp1/Traf6/Snx7/Rb1cc1/Cln5/Lamp2/Scfd1/Ppt1/Laptm5/Lipa/Arsb/Ubqln1/Tpcn2/Tmem41b/Atg4c/Smcr8/Fig4/Becn1"
"GOBP_MEMBRANE_LIPID_CATABOLIC_PROCESS",0.0672466920427769,0.214347108378871,0.0735499839648035,-0.424182429555921,-1.40696705384303,30,"Hexb/Asah2/Gla/Plpp1/Ppt1/Asah1/Acer3/Smpdl3a"
"GOBP_GLYCEROLIPID_METABOLIC_PROCESS",0.0674382716049383,0.214347108378871,0.0675291436315801,-0.266068883823175,-1.2459918222429,204,"Sacm1l/Pik3c2a/Gpam/Pcyt1a/Itpkc/Abhd2/Far1/Abhd5/Sik1/Pafah1b1/Apobr/Insig1/Plcb1/C3/Pigh/Pnpla8/Lipa/Pigb/Serinc1/Sorl1/Ttc7b/Plcl1/Gpld1/Dgkq/Spata18/Pi4k2b/Pigm/Fig4/Becn1/Apobec1/Kat5/Cat/Mboat7/Plcg2/Pik3cg/Efr3a/Mtmr4/Ttc7/Pgap1/Mboat1/Apob/Serinc5/Chpt1/Mtmr6/Lipf/Uvrag/Mttp/Osbpl8/Gpcpd1/Alox15/Pik3r5/Agmo/Mppe1/Dgkz/Dgke/Daglb/Gde1/Plce1/Inpp5e/Napepld/Osbpl10/Pip4k2a"
"GOBP_ENDOTHELIAL_CELL_MIGRATION",0.0674876059491444,0.214347108378871,0.0687740931754234,-0.282196063999658,-1.26622896170458,148,"Thbs1/Ptgs2/Itgb2/Pik3c2a/Dnaja4/Anxa1/Prkx/Hspb1/Myh9/Ceacam1/Itgb1/Adamts9/Rhoa/S100a8/Akt3/Fgf2/Rock2/Adam17/Rac1/Vegfc/Gpld1/Nr4a1/Tgfbr1/Epha2/Acvrl1/Zc3h12a/Slit2/Pik3cg/Prkd1/Loxl2/Vegfa/Krit1/Pdcd10/Robo1/Stc1/Sash1/Srf"
"GOBP_IMMUNE_RESPONSE_REGULATING_CELL_SURFACE_RECEPTOR_SIGNALING_PATHWAY_INVOLVED_IN_PHAGOCYTOSIS",0.0675499160291099,0.214347108378871,0.0744947003424623,-0.508093517890835,-1.46559123951364,17,"Fgr/Lyn/Vav3/Pak1/Ifng/Fyn/Limk1/Hck/Yes1/Appl1/Myo1g/Nos2"
"GOBP_POSITIVE_REGULATION_OF_P38MAPK_CASCADE",0.0675499160291099,0.214347108378871,0.0744947003424623,-0.508104673138373,-1.46562341672609,17,"Il1b/Map3k3/Rell1/Mink1/Mfhas1/Bmp2/Zc3h12a"
"GOBP_POSITIVE_REGULATION_OF_NUCLEAR_DIVISION",0.0675774134790528,0.214347108378871,0.0735499839648035,-0.428094993705123,-1.40736540742875,29,"Il1b/Plcb1/Btc/Tgfa/Cdc23/Nusap1/Epgn/Ereg/Lrp5/Cdc16/Ooep/Rb1"
"GOBP_ICOSANOID_SECRETION",0.0677365180070909,0.214628197015184,0.0743880192035108,-0.507761262173545,-1.46463285084818,17,"Ptgs2/Il1b/Anxa1/Pla2r1/Pnpla8/Acsl4"
"GOBP_REGULATION_OF_PROTEOLYSIS_INVOLVED_IN_PROTEIN_CATABOLIC_PROCESS",0.067953421598341,0.215091651524894,0.0684357744975362,-0.282984274680576,-1.26801111049721,146,"Rybp/Lrrk2/Hspa1b/Wac/Rnf139/Hspa1a/Il33/Usp25/Neurl3/Xpo1/Hsp90ab1/Fmr1/Pkd1/Lamp3/Rad23b/Zfand2a/Kcne2/Mdm2/Socs4/Psmd14/Laptm5/Ubqln1/Ifi205/Tmtc3"
"GOBP_NUCLEOSIDE_MONOPHOSPHATE_BIOSYNTHETIC_PROCESS",0.0680890538033395,0.215297163895295,0.0739656151550254,-0.481750922260204,-1.44690188902342,20,"Upp1/Umps/Uprt/Rfk/Adss/Prps2/Cad/Shmt1"
"GOBP_POSITIVE_REGULATION_OF_PLASMA_MEMBRANE_BOUNDED_CELL_PROJECTION_ASSEMBLY",0.0684066871374957,0.215746383042357,0.0706314172523161,-0.335572703433587,-1.33774737290613,71,"Hsp90aa1/Ndel1/Actr2/Fmr1/Dock11/Actr3/Eps8/Ocln/Ripor2/Dzip1/Rac1/Rp1/Agrn/Akirin1/Wasf2/Tgfbr1/Cep135/Fnbp1l/Wasl/Nckap1/Ift88/Rac2/Cdc42/Mtor/Gpm6a/Cenpj/Srf"
"GOBP_CYCLIC_NUCLEOTIDE_METABOLIC_PROCESS",0.0684190902311708,0.215746383042357,0.0739656151550254,-0.489631881598618,-1.44863275846075,19,"Pde4b/Adcy4/Adcy3/Adcy7/Adcy9/Epha2"
"GOBP_RESPONSE_TO_INTERLEUKIN_1",0.0684436801375752,0.215746383042357,0.070908526474039,-0.341922326383268,-1.34074646288277,65,"App/Il1b/Sele/Gbp2/Tax1bp1/Traf6/Il1r1/Chil1/Inhbb/Plcb1/Prkci/Yy1/Vrk2/Myd88/Zc3h12a/Il1r2/Mmp2/Bmi1/Ghr/Irak3/Lcn2/Usp10/Ccl3"
"GOBP_NEGATIVE_REGULATION_OF_SECRETION",0.0687848571911442,0.216597611320614,0.0700863026681222,-0.319206396087301,-1.3144606258516,86,"Il1b/Anxa1/Ceacam1/Fmr1/Pla2r1/Inhbb/Stxbp6/Rap1b/Hmgcr/Cd84/Acsl4/Frmd4a/Smcr8/Nrg1/Braf/Gnai1/Klf7/H2-Q2/Cd300a/Irs1/Dph3"
"GOBP_NEGATIVE_REGULATION_OF_CATALYTIC_ACTIVITY",0.0688921616756668,0.216711397006617,0.0688594151123592,-0.303815448120484,-1.29378230257819,103,"Dnaja1/Ptprc/Lrrk2/Prkch/Ceacam1/Gnai3/Abce1/Dusp1/Gla/Cand1/Lyn/Socs4/Serpinb8/Taf7/Dtx3l/Ptpn22/Klrk1/Ptpn1/Zfp36/Rdx/Cd300a/Cr1l"
"GOBP_CARDIAC_CELL_DEVELOPMENT",0.0694218713721848,0.218152320256246,0.0822473549270266,0.346876277908606,1.34356297484091,48,"Meis1/Asb2/Myh11/Obsl1/Ttn/Actn2/Csrp3/Sgcb/Cav3/Tbx5/Prickle1/Neb/Alpk3/Tbx18/Bves/Fhod3/Akap6/Mylk3"
"GOBP_ORGANIC_ACID_CATABOLIC_PROCESS",0.0697071780253952,0.218598885804952,0.0868545009090863,0.271808455194237,1.25863254724641,125,"Bckdk/Mcee/Ivd/Bcat2/Amacr/Dcxr/Amdhd2/Hadh/Gpt/Sdsl/Qdpr/Renbp/Abcd4/Bckdhb/Glul/Tst/Asrgl1/Hadhb/Gcat/Echdc2/Aldh5a1/Cdo1/Etfbkmt/Echs1/Mlycd/Dlat/Thnsl2/Crym/Mpst/Hacl1/Akr1a1/Acads/Plin5/Acat1/Abcd1/Cryl1/Ddo/Gpt2/Mthfs/Amt/Gnpda1/Gldc/Scly/Eci2/Mcat/Nudt19/Akt1"
"GOBP_NEGATIVE_REGULATION_OF_ENDOTHELIAL_CELL_PROLIFERATION",0.0697075593157992,0.218598885804952,0.0727383231489883,-0.455405771609047,-1.43248327340733,24,"Thbs1/Alox5/Col4a3/Tgfbr1/Acvrl1/Krit1/Pdcd10/Eng/Cav2/Il12b/Sparc"
"GOBP_REGULATION_OF_SKELETAL_MUSCLE_CONTRACTION",0.0700733074601121,0.21945889050777,0.078777842678775,0.506272399222767,1.45360124383792,15,"Dmpk/Rem1/Atp2a1/Cav3/Kbtbd13/Casq1/Actn3/Gstm7"
"GOBP_EPITHELIAL_TO_MESENCHYMAL_TRANSITION",0.0702595470325674,0.21945889050777,0.0685199122966855,-0.306609145243516,-1.2951788481599,99,"Bmp5/Il1b/Hgf/Ctnnb1/Smad4/Smad2/Tgfbr2/Adam8/Col1a1/Slc39a10/Rock2/Ddx5/Kbtbd8/Rtn4/Ldlrad4/Rflnb/Rock1/Tgfbr1/Acvrl1/Bmp2/Loxl2/Vegfa/Rbpj/Jag1/Eng/Mtor/Ppp2ca"
"GOBP_ACTIN_FILAMENT_BUNDLE_ORGANIZATION",0.070272920411832,0.21945889050777,0.0681021234212085,-0.298453652986756,-1.2896262241426,114,"Itgb1/Plek/Pls3/Actg1/Rhoa/Nedd9/Eps8/Swap70/Rock2/Was/S1pr1/Luzp1/Phldb2/Rac1/Rflnb/Rock1/Braf/Wasf2/Tgfbr1/Shank3/Baiap2l1/Rdx/Sorbs1/Tesk1/Diaph3/Spire1/Pak1/Arhgap28/Tmeff2/Tjp1/Pdcd10/Bloc1s6/Cgnl1/Cdc42/Mtor/Arhgef18/Arhgef5/Srf"
"GOBP_REGULATION_OF_MITOCHONDRION_ORGANIZATION",0.070316301703163,0.21945889050777,0.0837037443963104,0.309679235321512,1.30248674332811,72,"Plscr3/Slc25a4/Inf2/Siva1/Ddhd2/Pink1/Nol3/Fxn/Endog/Stox1/Bax/Gpx1/Mcu/Pycard/Parl/Ppif/Ier3/Bbc3/Adck1/Vat1/Mapt"
"GOBP_POSITIVE_REGULATION_OF_GLIOGENESIS",0.0703544575725027,0.21945889050777,0.0713773181547492,-0.397273907580168,-1.38742398112063,38,"Prkch/Il1b/Egr2/Lyn/Lrp2/Vegfc/Prkci/Slc7a5/Bmp2/Zfp365/Mtor/Dicer1/Tnfrsf1b"
"GOBP_RESPONSE_TO_DIETARY_EXCESS",0.0705116279069768,0.21945889050777,0.0727383231489883,-0.511120740111,-1.45281506747479,16,"Slc25a25/Lipa/Sorl1/Rasal2"
"GOBP_REGULATION_OF_INTRACELLULAR_STEROID_HORMONE_RECEPTOR_SIGNALING_PATHWAY",0.0705312275664034,0.21945889050777,0.0713773181547492,-0.393949331745271,-1.38170393178163,39,"Arntl/Zfp366/Rnf6/Strn3/Rhoa/Cdk12/Ddx5/Clock/Shq1/Cnot2/Pkn1/Pak1"
"GOBP_SECONDARY_ALCOHOL_METABOLIC_PROCESS",0.0705583756345178,0.21945889050777,0.0692037251597512,-0.322843450515577,-1.31536627470164,80,"Idi1/Lepr/Lbr/Acly/Dhcr24/Apobr/Insig1/Lipa/Abca5/Hmgcr/Ces1d/Dgkq/Gnai1/Kpnb1/Cat/Abca2/Cftr/Ttc39b/Prkaa1/Apob/Msmo1/Lrp5/Stard3/Npc1/Sqle/Abcg1/Hdlbp/Sc5d"
"GOBP_REGULATION_OF_SYSTEMIC_ARTERIAL_BLOOD_PRESSURE_MEDIATED_BY_A_CHEMICAL_SIGNAL",0.0709950340261173,0.220472535216086,0.072048676645702,-0.454181719128003,-1.4286330044512,24,"Rps6ka2/Mme/Enpep/Ace2/Rhoa"
"GOBP_GANGLIOSIDE_METABOLIC_PROCESS",0.0710290827740492,0.220472535216086,0.0725393663199148,-0.523814357748338,-1.46090454981421,15,"Hexb/B4galnt1/St8sia6/Abca2/St3gal2/B4galt5/St8sia4"
"GOBP_NEGATIVE_REGULATION_OF_ION_TRANSMEMBRANE_TRANSPORTER_ACTIVITY",0.0712558139534884,0.22095107279875,0.0723419514602353,-0.510605760860057,-1.45135128493478,16,"Fmr1/Kcne2/Ubqln1/Calm1/Gpr35/Grp"
"GOBP_REGULATION_OF_CARDIAC_MUSCLE_CONTRACTION_BY_CALCIUM_ION_SIGNALING",0.0717981888745149,0.222311875547566,0.0777921919210674,0.465629945183677,1.4365160683351,19,"Atp1a2/Prkaca/Tmem38a/Hrc/Pln/Ank2/Trdn/Gstm7/Ryr2/Gsto1/Fkbp1a/Atp2a2"
"GOBP_O_GLYCAN_PROCESSING",0.0718406849060115,0.222311875547566,0.072048676645702,-0.474660134117626,-1.44194074242461,21,"Gcnt1/B3gnt5/St3gal2/B3gnt3/Galnt6/B4galt5/Galnt5/Gcnt4/Xxylt1"
"GOBP_REGULATION_OF_ALCOHOL_BIOSYNTHETIC_PROCESS",0.0719883360670676,0.222542622664184,0.0711887468782548,-0.439292716608229,-1.41016880545078,26,"Bmp5/Plek/Insig1/Dgkq/Gnai1/Kpnb1/Bmp2/Abca2/Prkaa1/Apob"
"GOBP_MYELOID_LEUKOCYTE_CYTOKINE_PRODUCTION",0.0723219140837412,0.223347087611554,0.0708158139319178,-0.420560620600797,-1.39495390685693,30,"Tlr4/Cd36/Tlr7/H2-Q7/Litaf/Laptm5/Rtn4/Myd88/Epx/Plcg2"
"GOBP_ANTIGEN_PROCESSING_AND_PRESENTATION_OF_EXOGENOUS_PEPTIDE_ANTIGEN",0.0725009154155987,0.223475397988043,0.0710949907592617,-0.447350699587688,-1.42225779185821,25,"H2-DMb1/H2-Q7/Traf6/Ctse/Mfsd6/H2-Ob/H2-Q2/Clec4a3/Ctss/B2m"
"GOBP_MACROPHAGE_DIFFERENTIATION",0.0725102440762516,0.223475397988043,0.0700863026681222,-0.389291096939437,-1.37452481893181,40,"Tlr4/App/Il33/Ripk1/Ccdc39/Myd88/Diaph3/Il1rl1/Vegfa/Vps13a/Cdc42/L3mbtl3/Spi1/Rb1/Ifng/Taok3/Nrros/Cebpe/Parp1/Il15/Mfsd8"
"GOBP_CRANIAL_SKELETAL_SYSTEM_DEVELOPMENT",0.072992700729927,0.224734857151292,0.069818186147199,-0.386870078927871,-1.37251148771469,41,"Ndst1/Ctnnb1/Smad2/Med12/Tgfbr2/Insig1/Nipbl/Lrp2/Tgfbr1"
"GOBP_REGULATION_OF_DNA_DAMAGE_RESPONSE_SIGNAL_TRANSDUCTION_BY_P53_CLASS_MEDIATOR",0.07320213352952,0.225152016765039,0.070908526474039,-0.453233687308765,-1.42565096116502,24,"Mdm2/Pla2r1/Ddx5/Atr/Ifi205/Dyrk1a/Cops3/Kmt5a/Pmaip1"
"GOBP_NEUTRAL_LIPID_METABOLIC_PROCESS",0.0734736115902035,0.225758978095025,0.0684357744975362,-0.341113315122964,-1.33246086396307,64,"Gpam/Abhd2/Abhd5/Sik1/Apobr/Insig1/C3/Lipa/Sorl1/Gpld1/Dgkq/Apobec1/Kat5/Cat/Mboat7/Pik3cg/Apob/Lipf/Mttp/Agmo/Dgkz/Dgke/Daglb/Plce1"
"GOBP_POSITIVE_REGULATION_OF_G_PROTEIN_COUPLED_RECEPTOR_SIGNALING_PATHWAY",0.0736390753169277,0.22603192763546,0.0711887468782548,-0.520970733860658,-1.45297375713161,15,"Lrrk2/App/C3/Grp/Cav2"
"GOBP_TRANSLATIONAL_INITIATION",0.0737109044801352,0.22603192763546,0.0676101640365674,-0.320017474176273,-1.31017677525352,83,"Ythdf3/Ddx3x/Eif3a/Hspb1/Eif2s1/Abce1/Bzw1/Fmr1/Tpr/Eif5/Paip2b/Eif4e/Sh3bgrl/Eif4g2/Ythdf2/Dhx33/Ppp1ca/Ncbp1/Mtor/Paip1/Eif3l/Eif3j1"
"GOBP_REGULATION_OF_ORGANELLE_ASSEMBLY",0.0740152477763659,0.226530376469723,0.0652926206630866,-0.27630759769774,-1.25107626459513,159,"Lrrk2/Hspa1b/Rab5a/Hspa1a/Smad4/Tpr/Snx7/Rhoa/Scfd1/Pdcd6ip/Luzp1/Caprin1/Ripor2/Dzip1/Rp1/Smcr8/Stam/Evi5/Becn1/Plk4/Cep135/Cnot2/Tbc1d2/Cdkl5/Rdx/Tesk1/Ift88/Odf2l/Prkaa1/Snx4/Arf4/Cyld/Mtor/Cenpj/Arhgef5/Tbc1d19/Ralb/Syne2/Spice1/Usp10/Mapk9/Gdi2/Sdcbp/Pip4k2a/Kif24/Alms1/Hnrnpu/Trim37/Mtm1/Wdr44/Htt/Hck/Msn/Cdkl1/Atg5/Numa1/Sh3glb1/Cnot6/Cep76/Tapt1/Cep295nl/Chmp2b"
"GOBP_MYOBLAST_FUSION",0.0741082979116614,0.226530376469723,0.0706314172523161,-0.458522410211366,-1.42580280218766,23,"Cd53/Myh9/Itgb1/Dock2/Il4ra/Ripor2/Kcnh1/Tnfsf14"
"GOBP_RESPONSE_TO_IONIZING_RADIATION",0.0741431964709874,0.226530376469723,0.0675291436315801,-0.315176979603688,-1.29916945471137,87,"Ptprc/Xrcc2/Top1/Spidr/Mdm2/Nabp1/Dcun1d3/Nipbl/Casp3/Dclre1c/Atr/Ifi205/Vcam1/Clock/Ect2/Topbp1/Apobec1/Kat5/Tlk2"
"GOBP_AMINO_ACID_TRANSMEMBRANE_TRANSPORT",0.0741710296684119,0.226530376469723,0.0685199122966855,-0.346840830816435,-1.3360653518199,60,"Slc1a3/Itgb1/Arl6ip1/Lrrc8d/Slc6a14/Slc11a1/Ace2/Slc38a2/Slc7a11/Slc7a1/Slc7a5/Slc6a20a/Tspo2/Slc6a9/Slc16a10"
"GOBP_REGULATION_OF_IMMUNOGLOBULIN_PRODUCTION",0.0743889479277365,0.226968283005969,0.068945037482762,-0.379057519975232,-1.36532530069888,44,"Ptprc/Il33/Il13ra1/Traf6/Il4ra/Ndfip1/Rif1/Pkn1/Kmt5b/Cr1l/Cd40lg/Xbp1/Sash3"
"GOBP_AORTA_DEVELOPMENT",0.0750179468772434,0.228658306547754,0.0691171906949246,-0.391404118670284,-1.37277707081361,39,"Ndst1/Col3a1/Adamts9/Egr2/Tgfbr2/Robo2/Lrp2/Aplnr/Acvrl1/Rbpj/Jag1/Myh10/Robo1/Eng/Srf/Sec24b"
"GOBP_CORTICAL_CYTOSKELETON_ORGANIZATION",0.0752745306411619,0.229210945802338,0.0685199122966855,-0.378479052091262,-1.36324172024999,44,"Fmnl1/Plek/Pafah1b1/Rock2/Pdcd6ip/Arf6/Rac1/Rock1/Ect2/Iqgap1/Nckap1/Rac2/Ppfibp1/Dlg1/Iqgap3/Ehd2/Pls1/Kcnc3/Plec/Fmnl2/Rtkn/Wdr1/Racgap1/Rhobtb2/Ptk2b/Kank1/Calr"
"GOBP_REGULATION_OF_SUBSTRATE_ADHESION_DEPENDENT_CELL_SPREADING",0.0759538598047915,0.230938050652038,0.0682683723194118,-0.381894974236751,-1.36243955274803,42,"Washc2/Actn4/Nedd9/Spry4/Postn/Crk/Rac1/Braf/Fga/Tesk1/Cdc42/Fgg/Ilk/Dock1/Prex1"
"GOBP_RUFFLE_ASSEMBLY",0.0759934078007691,0.230938050652038,0.0693777189790397,-0.428599592574781,-1.39463807755308,28,"Icam1/Ndel1/Ston1/Eps8/Arf6/Rac1/Arhgef26/Rdx"
"GOBP_REGULATION_OF_CELL_MATRIX_ADHESION",0.076269746899949,0.231546739093066,0.0665778123685814,-0.328737246014175,-1.31798533245123,73,"Thbs1/Dusp3/Bst1/Cd36/Actg1/Mink1/Rhoa/Cask/Rock2/Postn/Phldb2/Rac1/Rock1/Rasa1/Utrn/Acvrl1"
"GOBP_FIBROBLAST_APOPTOTIC_PROCESS",0.0764354958985831,0.231818809772097,0.069818186147199,-0.48234558929299,-1.42707541687754,19,"Stk17b/Xrcc2/Casp3/Api5/Casp7/Btg1/Pik3cg"
"GOBP_REGULATION_OF_MITOTIC_CELL_CYCLE",0.0767997668318275,0.232559957972275,0.0611971384770468,-0.246332819615342,-1.20662576048724,306,"Dusp3/App/Il1b/Ddx3x/Anxa1/Wac/Ctnnb1/Rint1/Tom1l1/Tmod3/Bub1/Dusp1/Asah2/Pkn2/Mki67/Pkd1/Tpr/Nek6/Sik1/Btg3/Mdm2/Asns/Gtpbp4/Ppp1r10/Nabp1/Pafah1b1/Dcun1d3/Zfp36l2/Cdc73/Cdc27/Rnf20/Plcb1/Eif4e/Kmt2e/Ddb1/Atr/Adam17/Ddr2/Zfp655/Btc/Tgfa/Senp2/Rrm2b/Topbp1/Slfn9/Bub1b/Cenpf/Ccne2/Iqgap1/Dynlt3/Rdx/Knl1/Cdc23/Nusap1/Epgn/Ereg/Gpnmb/Pim1/Cdc42/Rbl2/Cyld/Ppp2ca/Cenpj/Sox7/Ptpn6/Cav2/Gen1/Lrp5/Kif20b/Cdc16/Dlg1/Ccnb1/Atf2"
"GOBP_REGULATION_OF_CELL_MORPHOGENESIS",0.0768616171300735,0.232559957972275,0.0642148359994021,-0.276996020952035,-1.24743782960802,153,"Itgb2/Anxa1/Sh3d19/Hexb/Myh9/Prpf40a/Fmnl1/Larp4/Zmym6/Fgr/Eps8/Pafah1b1/Fgd3/Crk/Caprin1/Rac1/Cdc42se2/Rasa1/Plaa/Atp10a/Cdkl5/Rdx/Parvg/Slc23a2/Arhgap15/Fgd6/Arc/Vegfa/Rac2/Myo9a/Myh10/Macf1/Syne3/Arhgef18/Zmym4/Fbxw8/Dlg1/Prag1/Fgd4/Mkln1/Ccl3/Fzd4/Brwd1/Sparc/Rims1/Fyn/Kdr/Dlg4/Hck/Msn/Fmnl2/Fn1/Enpp2/Sema4d/Cldn4/Sh3kbp1/Mfsd2a/Bhlhb9/Wdr1/Ntng2/Fgd5/Palmd/Rhobtb2/Ptk2b/Wdpcp/Kank1/Map3k13/Nedd4l/Rab21/Cdc42ep4/Rims2/Arhgap18/Rhoj/Fmnl3"
"GOBP_TRABECULA_MORPHOGENESIS",0.0769089910272844,0.232559957972275,0.068945037482762,-0.427662960191274,-1.3915903304032,28,"Bmp5/Rhoa/Col1a1/S1pr1/Nrg1/Tgfbr1/Vegfa/Mmp2/Rbpj/Eng/Srf/Med1"
"GOBP_REGULATION_OF_RAC_PROTEIN_SIGNAL_TRANSDUCTION",0.0770232558139535,0.232674418604651,0.0694651820488471,-0.505519755335288,-1.43689476834334,16,"Crk/Arf6/Rtn4/Kbtbd7/Cdkl5/Pik3cg/Arhgap17"
"GOBP_NEGATIVE_REGULATION_OF_KINASE_ACTIVITY",0.0771096863628487,0.232704653097001,0.0668907051006929,-0.35387337588969,-1.33837811281912,54,"Dnaja1/Ptprc/Prkch/Ceacam1/Dusp1/Lyn/Socs4/Taf7/Ptpn22/Ptpn1"
"GOBP_REGULATION_OF_TOLL_LIKE_RECEPTOR_4_SIGNALING_PATHWAY",0.0776196636481242,0.234011758226275,0.068945037482762,-0.456173383143495,-1.41849836231472,23,"Tnfaip3/Cd14/Tax1bp1/Lyn/Pira2/Ptpn22/Mfhas1"
"GOBP_PROTEIN_LOCALIZATION_TO_GOLGI_APPARATUS",0.0777963893541783,0.234312567342703,0.0691171906949246,-0.469742580373708,-1.42700200924113,21,"Arl5b/Vps13c/Golph3/Arl5a/Sorl1/Tmed10/Vps13a/Bicd2"
"GOBP_RESPONSE_TO_TUMOR_CELL",0.0787845705967977,0.237016192100101,0.0678548833422593,-0.414041201860045,-1.38371494843575,31,"Hspd1/Tnfrsf10b/Pvr/Ceacam1/H2-Q7/Laptm5"
"GOBP_POSITIVE_REGULATION_OF_AMYLOID_PRECURSOR_PROTEIN_CATABOLIC_PROCESS",0.0788497217068646,0.237016192100101,0.0685199122966855,-0.473289763861767,-1.42148944972266,20,"App/Picalm/Lyn/Rock2/Casp3/Abca2/Slc2a13/Abcg1/Chrna7/Ifng"
"GOBP_FATTY_ACID_TRANSPORT",0.0791455086674838,0.237670684312119,0.0663458340758821,-0.357745656613574,-1.3320079193523,51,"Thbs1/Ptgs2/Il1b/Anxa1/Cd36/Eprs/Pla2r1/Lyn/Pnpla8/Acsl4/Abcd2"
"GOBP_MIRNA_METABOLIC_PROCESS",0.0795434591747147,0.238630377524144,0.0662690130576484,-0.365049821001038,-1.34298163064913,48,"App/Tut7/Fos/Smad4/Jun/Fgf2/Ddx5/Yy1/Bmp2/Zc3h12a/Vegfa/Dicer1/Wt1/Esr1/Srf"
"GOBP_CENTRAL_NERVOUS_SYSTEM_NEURON_AXONOGENESIS",0.0797704978715528,0.238859379055578,0.0680194272735311,-0.459041037132591,-1.41131136969179,22,"Ndel1/Arhgef28/Pafah1b1/Nin/Nr4a2/Slit2/B4galt5/Wdr47"
"GOBP_EMBRYONIC_AXIS_SPECIFICATION",0.0797912005965697,0.238859379055578,0.0682683723194118,-0.479082988720528,-1.41742263435935,19,"Ctnnb1/Smad4/Smad2/Fzd5/Nrarp/Nckap1/Frs2/Wt1"
"GOBP_CELL_SUBSTRATE_JUNCTION_ORGANIZATION",0.0798551224560193,0.238859379055578,0.0655143420284748,-0.338218771581626,-1.3211541637644,64,"Thbs1/Dusp3/Ston1/Actg1/Rhoa/Rock2/Lama3/Itga2/Phldb2/Arf6/Rac1/Rock1/Acvrl1/Dst/Sorbs1/Vegfa/Map4k4/Macf1"
"GOBP_PHOSPHOLIPID_BIOSYNTHETIC_PROCESS",0.0800063877355477,0.239076987884929,0.0628526173488668,-0.280104814742314,-1.253848735969,145,"Sacm1l/Pik3c2a/Idi1/Gpam/Pcyt1a/Hexb/Itpkc/Far1/Adgrf5/Abhd5/Pigh/Pigb/Serinc1/Ttc7b/Dgkq/Pi4k2b/Pigm/Fig4/Becn1/Mboat7/Abca2/Plcg2/Pik3cg/Efr3a/Mtmr4/Ttc7/Pgap1/Sgms1/Mboat1/Serinc5/Chpt1/Mtmr6/Uvrag/Xbp1"
"GOBP_REGULATION_OF_RESPONSE_TO_OXIDATIVE_STRESS",0.0801484230055659,0.23920692621824,0.0679370144586811,-0.471730591935216,-1.41680659660999,20,"Alox5/Ncoa7/Usp25/Cd36/Slc7a11/Pnpla8/Gch1"
"GOBP_AMINO_SUGAR_METABOLIC_PROCESS",0.0802069857697283,0.23920692621824,0.0677730323030541,-0.454121670818748,-1.41211844038123,23,"Hexb/Pgm3/Chia1/Chil1/Gnpda2/Csgalnact1/Slc35a3/Gfpt1/Aldh1a7/Ctbs"
"GOBP_ANTIGEN_PROCESSING_AND_PRESENTATION_OF_EXOGENOUS_ANTIGEN",0.0807215743440233,0.240338266384778,0.0670487152800428,-0.428281806944795,-1.38683745571433,27,"H2-DMb1/H2-Q7/Traf6/Ctse/Mfsd6/H2-Ob/H2-Q2/Clec4a3/Ctss/B2m"
"GOBP_COMPLEMENT_ACTIVATION_CLASSICAL_PATHWAY",0.0807441860465116,0.240338266384778,0.0677730323030541,-0.503249335304313,-1.43044130212364,16,"C7/Hc/C3/Cd55/Serping1/Cr1l/Cfi/C1s1/C2/Cd55b"
"GOBP_EMBRYO_IMPLANTATION",0.0809228039041704,0.240634704968944,0.0660400458643361,-0.379821064208058,-1.35504071997318,42,"Ptgs2/Ythdf3/Il1b/Smad2/Vmp1/Smurf2/Arhgdib/H3f3a/Tgfbr1"
"GOBP_VESICLE_CYTOSKELETAL_TRAFFICKING",0.0811193765497698,0.240983903994194,0.0658886340177412,-0.375380837203791,-1.35208227623436,44,"Ndel1/Rab1a/Actn4/Pafah1b1/Ccdc186/Kif3b/Kif3a/Kif16b/Kif5b/Map2/Fnbp1l/Wasl/Ap3s1/Bloc1s6"
"GOBP_MESENCHYME_MORPHOGENESIS",0.0821966977745872,0.243946339886567,0.0658886340177412,-0.388159639016617,-1.36139766251713,39,"Bmp5/Smad4/Smad2/Tgfbr2/Mdm2/Robo2/Aplnr/Tgfbr1/Exoc4/Mdm4/Acvrl1/Bmp2/Dchs1/Nckap1/Rbpj/Robo1/Eng"
"GOBP_OSTEOBLAST_DIFFERENTIATION",0.082596818254861,0.24489514273228,0.0620094437915393,-0.281908211692696,-1.25277987585898,138,"Ipo7/Cltc/Dhx9/Hgf/Ctnnb1/Gdpd2/Snrnp200/Smad4/Areg/Acvr2a/Tnc/Iars/Gtpbp4/Dnajc13/Col1a1/Fgf2/Ddx5/Npnt/Tnfaip6/Ddr2/Ccdc47/Vegfc/H3f3a/Epha2/Bmpr1b/Cat/Bmp2/Tpm4/Prkd1/Rsl1d1/Vegfa/Jag1/Fasn/Tmem64/Lrp5/Ptprb/Ilk/Runx2/Mybbp1a"
"GOBP_REGULATION_OF_MICROTUBULE_CYTOSKELETON_ORGANIZATION",0.0828460038986355,0.245274264378147,0.0622655030196783,-0.289687683359024,-1.26006042992725,119,"Hspa1b/Cltc/Hspa1a/Pkd1/Mid1/Tpr/Rhoa/Pafah1b1/Kif18a/Pdcd6ip/Ocln/Phldb2/Ripor2/Rac1/Tpx2/Rock1/Gnai1/Dyrk1a/Map2/Diaph3/Camsap2/Pak1/Atxn7/Prkaa1/Haus6/Hdgfl3/Cyld/Ppp2ca/Wdr47/Cenpj/Tbcd/Bicd2/Togaram1/Slain1"
"GOBP_RUFFLE_ORGANIZATION",0.0828857858933047,0.245274264378147,0.0655143420284748,-0.394581799066226,-1.36227383733437,36,"Icam1/Ndel1/Ston1/Plek/Eps8/Arf6/Rac1/Arhgef26/Rdx"
"GOBP_NUCLEOBASE_CONTAINING_COMPOUND_TRANSPORT",0.0830084470435348,0.24539875849278,0.0622012112321493,-0.286162532261127,-1.25515246331039,127,"Dhx9/Slc25a25/Zc3h11a/Xpo1/Lrrc8d/Pom121/Fmr1/Peg10/Tpr/Tgfbr2/Fxr1/Ahctf1/Nup205/Eif4e/Nup54/Abcd2/Rbm33/Senp2/Slc25a5/Kpnb1/Agfg1/Zfp36/Cr1l/Calhm5/Iws1/Slc35a3/Arc/Ncbp1/Igf2bp2/Bicd2/Thoc2/Tnks/Slc25a24/Ranbp17/Ythdc1/Cpsf6/Hnrnpa2b1"
"GOBP_FEMALE_SEX_DIFFERENTIATION",0.0832330180567498,0.245823996103592,0.0640052201911665,-0.335170662802202,-1.31427182707692,65,"Tiparp/Smad4/Mmp19/Inhbb/Robo2/Casp3/Lrp2/Tnfaip6/Rac1/Arid5b/Mertk/Kitl/Bmpr1b/Ubb/Slit2/Vegfa/Mmp2/Zfx/Ereg/Wt1/Esr1/Casp2"
"GOBP_CHONDROITIN_SULFATE_PROTEOGLYCAN_METABOLIC_PROCESS",0.0835666594874004,0.246570230754975,0.0718550298668081,0.472574185261234,1.40851886832147,17,"Cytl1/Chst12/Chpf/B3gat3/Xylt2"
"GOBP_CD4_POSITIVE_OR_CD8_POSITIVE_ALPHA_BETA_T_CELL_LINEAGE_COMMITMENT",0.0837183515061911,0.24677868377188,0.0662690130576484,-0.451956802504441,-1.4053866531443,23,"Socs3/Jak1/Irf4/Braf/Cyld/Mtor/Il6st/Il12b"
"GOBP_HYDROGEN_PEROXIDE_METABOLIC_PROCESS",0.083835005574136,0.246883551231377,0.0730396943187741,0.393228133950533,1.3653529647492,30,"Hba-a2/Hba-a1/Park7/Pink1/Txn1/Gpx1/Gpx3/Mt3/Prdx6"
"GOBP_POSITIVE_REGULATION_OF_NERVOUS_SYSTEM_DEVELOPMENT",0.084220562529795,0.247779336138382,0.0610138668284157,-0.273008340250343,-1.23887025647352,162,"Prkch/Il1b/Flrt3/Xrcc2/Ctnnb1/Skil/Mme/Itgb1/Egr2/Fmr1/Numb/Fxr1/Pafah1b1/Lyn/Fgf2/Robo2/Lrp2/Caprin1/Nin/Vegfc/Agrn/Braf/Shank3/Prkci/Nrd1/Slc7a5/Bmp2/Cdkl5/Slit2/Pak1/Zfp365/Vegfa/Tnfrsf12a/Macf1/Robo1/Mtor/Dicer1/Srf/Tnfrsf1b/Fbxw8/Man2a1"
"GOBP_VESICLE_MEDIATED_TRANSPORT_IN_SYNAPSE",0.0845858650463703,0.248415299369228,0.0610747871837814,-0.274803602638671,-1.23846110290731,154,"Sacm1l/Lrrk2/Rab5a/Atp6v0c/Ctnnb1/Snap23/Ston1/Snap29/Fmr1/Numb/Pls3/Actg1/Mdm2/Cadps2/Cask/Casp3/Rap1b/Canx/Arf6/Rac1/Cblb/Rock1/Nrg1/Dgkq/Braf/Calm1/Plaa/Pcdh17/Aak1/Abca13/Efr3a/Atp6v1a/Stx19/Arc/Rabep1/Ap3s1/Bloc1s6/Usp32/Psen1/Mkln1/Fcho2/Dnajc5/Ston2/Atad1/Syt10/Clstn1"
"GOBP_PHOSPHOLIPID_TRANSLOCATION",0.0845998901300128,0.248415299369228,0.065588721362786,-0.42168044671192,-1.37212358045214,28,"Atp11c/Atp11b/Vmp1/Atp8b4/Tmem63b/Tmem41b/Tmem30a/Atp10a/Serinc5/Slc4a1/Clptm1l/Atp10b/Mfsd2a/Xrcc4/P2rx7/Serinc3/Tmem30b/Plscr1"
"GOBP_PROTEIN_DEACETYLATION",0.0847347994825356,0.248571738366398,0.0713773181547492,0.456945040869664,1.40972224906278,19,"Brms1/Hdac3/Sirt5/Mapt/Bex4/Sirt7/Hdac1/Hdac4/Hdac6/Sirt3/Flna"
"GOBP_NEUROBLAST_PROLIFERATION",0.0848388239461566,0.248637361805627,0.0643556552289972,-0.372972582314025,-1.34340799552957,44,"Lrrk2/Ctnnb1/Itgb1/Numb/Dock7/Pafah1b1/Fgf2/Rab10/Vegfc/Btg2"
"GOBP_CYTOKINETIC_PROCESS",0.0850340136054422,0.248931730100368,0.0646399151525937,-0.388760309873701,-1.35769142280711,38,"Myh9/Rhoa/Pdcd6ip/Luzp1/Anxa11/Arf6/Ect2/Iqgap1/Spire1/Mtmr4/Spg20/Kif20b/Iqgap3"
"GOBP_CELL_RECOGNITION",0.085102768812638,0.248931730100368,0.0628526173488668,-0.325029473258389,-1.30311999495924,73,"App/Emb/Cd36/Nedd9/Dock8/Dock2/Robo2/Casp3/Rtn4/Colec12/Sftpa1/Nrcam/Robo1/Cct2/Dlg1/Cfp/Ywhaz/Cct3/Cntn6/Fcgr1/B4galt1/Fcnb"
"GOBP_REGULATION_OF_PROTEIN_STABILITY",0.0858923685010642,0.25085323083344,0.0589828311509697,-0.256323103692892,-1.21422697941752,223,"Hspa8/Hsp90aa1/Bag3/Hspd1/Lrrk2/Hspa1b/Usp33/Rnf139/Hspa1a/Usp12/Usp34/Usp25/Hsp90ab1/Ppib/Rassf1/Naa16/Tpr/Mdm2/Trim44/Gtpbp4/Ppp1r10/Lamp2/Cdc73/Tbrg1/Casp3/Naa15/Ifi205/Rtn4/Senp2/Atp1b1/Mdm4/Trim24/Tyrobp/Bmp2/Usp24/Creb1/Aak1/Nckap1/B4galt5/Bag2/Irgm1/Irgm2/Ppp1ca/Pdcd10/Pim1/Mtor/Uri1/Xbp1/Sox7/Cct2/Chp1/Naa30/Stxbp4/Ywhaz/Usp10/Cct3/Otud3"
"GOBP_REGULATION_OF_REPRODUCTIVE_PROCESS",0.0859244399866265,0.25085323083344,0.0620094437915393,-0.305500195317767,-1.27451017325573,93,"Ctnnb1/Rps6ka2/Myh9/Dusp1/Smurf2/Arhgdib/Cited2/Inhbb/Cdc27/Plcb1/Cfap206/Ccr6/Ddb1/Knl1/Cdc23/Ythdf2/Pgam1/Vegfa/Plat/Wt1/Esr1/Sycp2/Cdc16/Mettl3/B4galt1/Cfap69/Irgc1/Ooep/Shb"
"GOBP_REGULATION_OF_HUMORAL_IMMUNE_RESPONSE",0.086490482350767,0.251966556714758,0.0651459743455219,-0.450189071270849,-1.39988978736361,23,"Ptprc/Il1b/C3/Cd55/Serping1/Cr1l/Ptpn6/Pgc/Cd55b/Spns2"
"GOBP_REGULATION_OF_DNA_REPLICATION",0.08654990647849,0.251966556714758,0.0623299809682921,-0.323437867782729,-1.299430377908,74,"Cacybp/Dhx9/Atrx/Gtpbp4/Atf1/Smarca5/Jade3/Atr/Mettl4/Gmnc/Senp2/Orc3/Slfn9/Mcm6/Acvrl1/Yy1/Pds5a/Esco2/Zbtb38/Ino80c/Ereg/Baz1a"
"GOBP_REGULATION_OF_REGULATED_SECRETORY_PATHWAY",0.0865742306391613,0.251966556714758,0.0621371046981612,-0.32082164329594,-1.29630050010348,76,"Itgb2/Lrrk2/Rab5a/Ceacam1/Fmr1/Fgr/Cask/Lyn/Cd177/Rap1b/Il4ra/Cd84/Braf/Itgam/Adora2b/H2-Q2/Cd300a"
"GOBP_REGULATION_OF_TRANSCRIPTION_BY_RNA_POLYMERASE_III",0.0866890380313199,0.251966556714758,0.0653662929462658,-0.47388770705557,-1.40205179048228,19,"Sf3b1/Dek/Smarca5/Ice2/Polr3f/Mtor/Mybbp1a/Rptor/Zfp143/Myo1c/Ice1"
"GOBP_NEURON_PROJECTION_EXTENSION",0.0867195242814668,0.251966556714758,0.0613201759333526,-0.30031084084559,-1.26653875659567,98,"Flrt3/Ndel1/Ctnnb1/Sema3a/Rnf6/Itgb1/Sema6d/Pafah1b1/Postn/Rtn4/Cyfip2/Map2/Iqgap1/Plaa/Cdkl5/Slit2/Slc23a2/Pak1/Vegfa/Tnfrsf12a/Nrcam/Macf1"
"GOBP_VASCULAR_ENDOTHELIAL_GROWTH_FACTOR_PRODUCTION",0.0871804303844032,0.253064261697338,0.0647115329729563,-0.442939773947373,-1.39327135680471,24,"Ptgs2/Il1b/Hc/C3/C5ar1/Adora2b"
"GOBP_RIBOSOME_BIOGENESIS",0.0873061458931648,0.253187823090178,0.0815460312657354,0.237182840074108,1.18919926673343,209,"Rpl38/Rps28/Pin4/Mettl17/Rps15/Imp3/Pih1d1/Mrm2/Rpl35a/Exosc4/Fau/Pop7/Rps23/Pop4/Rpusd1/Rpl11/Rps9/Nhp2/Rps17/Rpl35/Rcc1l/Sart1/Tsr3/Rps19bp1/Rpl14/Glul/Frg1/Rps24/Suv39h1/Rps11/Rps13/Nop53/Nsun4/Exosc2/Trmt112/Exosc8/Eif4a3/Rps16/Ybey/Mtg1/Rps12/Rrnad1/Rps14/Abcf1/Rpl7/Rps8/Eif5b/Malsu1/Gar1/Sirt7/Rps19/Rrp9/Mterf4/Pelp1/Eral1/Bud23/Mrps7/Nat10/Ak6/Nop16/9930104L06Rik/Rps27l/Rpusd4/Rrp36/Abt1/Mrm1/Mcat/Mpv17l2/Rps27a/Nudt16/C1d/Aatf/Npm3"
"GOBP_REGULATION_OF_MAST_CELL_DEGRANULATION",0.087535145267104,0.253610387572152,0.0652191815441775,-0.483037668703902,-1.40668027814032,18,"Fgr/Lyn/Il4ra/Cd84/Adora2b/Cd300a/Rac2/Snx4/D6Wsu163e"
"GOBP_REGULATION_OF_SPINDLE_ASSEMBLY",0.0885911036664806,0.256370479756169,0.0645685196273197,-0.461318041004038,-1.40140962075063,21,"Hspa1b/Hspa1a/Tpr/Pdcd6ip/Ripor2"
"GOBP_REGULATION_OF_TRANSPORTER_ACTIVITY",0.0886561954624782,0.256370479756169,0.0623946459917812,-0.342455883510924,-1.31195943474347,58,"Actn4/Vmp1/Fmr1/Mink1/Kcne2/Cttnbp2nl/Ndfip1/Ubqln1/Calm1/Ndfip2/Trpc6/Gpr35/Cftr/Ctss/Grp/Sgk1/Pim1/Dapk1/Chp1"
"GOBP_EMBRYONIC_ORGAN_MORPHOGENESIS",0.0887700534759358,0.256456179159606,0.0779134661483548,0.25008205029674,1.20784006409256,158,"Tbx2/Rpl38/Mapk3/Ppp1r35/Hoxb4/Efna1/Hoxb5/Pcgf2/Vangl2/Asb2/Nectin1/Hoxb6/Ndrg4/Sox18/Rbpms2/Tbx15/Cluap1/Stox1/Tead2/Fzd2/Ccdc103/Osr2/Mmp14/Tprn/Mesp1/Id2/Ccdc40/Tbx18/Hoxa7/Eif4a3/Gata2/Pax5/Sox11/Gata3/Fgfr1/Msx1/Tbx1/Fuz/Scrib/Bmp7/Osr1/Ovol2/Hoxd9/Mthfd1/Dvl2/Ryr2/Hes1/Insig2/Mthfd1l/Fzd6/Hnf1b/Triobp"
"GOBP_REGULATION_OF_MITOCHONDRIAL_MEMBRANE_PERMEABILITY",0.0889632107023411,0.256617851408103,0.0708158139319178,0.389858212745052,1.35365204227794,30,"Slc25a4/Siva1/Spg7/Nol3/Bax/Alkbh7/Ppif/Ier3/Vdac2/Camk2a/Bloc1s2/Bnip3"
"GOBP_NEGATIVE_REGULATION_OF_CALCIUM_ION_TRANSPORT",0.0889945652173913,0.256617851408103,0.0713773181547492,0.368785287073677,1.33592261678094,36,"Inpp5k/Atp1a2/Vdac1/Ucp2/Rem1/Cav3/Pln/Eppin/Ppp3ca/Adra2a/Mrln/Tmbim6/Ywhae/Hes1/Gsto1"
"GOBP_DISRUPTION_OF_ANATOMICAL_STRUCTURE_IN_ANOTHER_ORGANISM",0.0896082990520479,0.257781136811466,0.0628526173488668,-0.38938957541716,-1.35155178767215,37,"Trem1/C7/Hc/Gbp2/Lyz2"
"GOBP_DIGESTIVE_SYSTEM_PROCESS",0.0896696381751442,0.257781136811466,0.0620731825163625,-0.358020369384175,-1.3234175723402,49,"Tlr4/Cd36/Serpina3n/Lipa/Hrh2/Cyp8b1/Copa/Strap/Aqp1/Negr1/Sgk1/Npc1/Chrm3/Pls1/Il10ra/Ireb2/Serpina3k/Muc13/Tlr9/Ldlr"
"GOBP_DEVELOPMENT_OF_PRIMARY_FEMALE_SEXUAL_CHARACTERISTICS",0.0896946564885496,0.257781136811466,0.0618193194977296,-0.344831381481298,-1.31323433846736,56,"Tiparp/Smad4/Mmp19/Inhbb/Robo2/Casp3/Tnfaip6/Rac1/Arid5b/Kitl/Bmpr1b/Ubb/Slit2/Vegfa/Mmp2/Zfx/Ereg/Wt1/Esr1/Casp2"
"GOBP_REGULATION_OF_RESPONSE_TO_ENDOPLASMIC_RETICULUM_STRESS",0.0898130351214398,0.257781136811466,0.0620094437915393,-0.337212621122538,-1.30152758207903,61,"Lrrk2/App/Tmem33/Hspa1a/Alox5/Usp25/Hspa5/Hyou1/Akt3/Ubqln1"
"GOBP_NEGATIVE_REGULATION_OF_MOLECULAR_FUNCTION",0.0898431551697883,0.257781136811466,0.057642075315137,-0.257191958662687,-1.21346595457745,215,"Dnaja1/Ptprc/Lrrk2/Prkch/Usp33/Btaf1/Ceacam1/Gnai3/Abce1/Dusp1/Fmr1/Gla/Sik1/Kcne2/Erbin/Jun/Cand1/Lyn/Socs4/Cebpg/Cttnbp2nl/Serpinb8/Ndfip1/Ubqln1/Taf7/Ripor2/Dtx3l/Ifi205/Ptpn22/Rock1/Klrk1/Ptpn1/Ptprf/Calm1/Ndfip2/Zfp36/Gpr35/Rdx/Cd300a/Cr1l/Grp"
"GOBP_RESPONSE_TO_GAMMA_RADIATION",0.0899059334298119,0.257781136811466,0.0631185759587299,-0.39965401230663,-1.3535982593546,33,"Ptprc/Xrcc2/Top1/Mdm2/Dcun1d3/Atr/Apobec1/Tlk2"
"GOBP_TETRAPYRROLE_METABOLIC_PROCESS",0.090249433106576,0.258522600008959,0.070908526474039,0.371825149157801,1.33608753009297,35,"Slc25a39/Fxn/Mmab/Cox10/Abcd4/Alad/Clybl/Ppox/Sucla2/Fech/Slc11a2/Slco2b1/Mmaa/Blvra/Rsad1/Bdh2/Hmbs/Tmem14c/Nfe2l1"
"GOBP_POSITIVE_REGULATION_OF_RECEPTOR_SIGNALING_PATHWAY_VIA_STAT",0.0903525046382189,0.25857460208964,0.0637975135396477,-0.464198201482483,-1.39418364049028,20,"Jak2/Wdr48/Il7r/Calm1/Ociad2/Ghr/Cenpj"
"GOBP_REGULATION_OF_RELEASE_OF_SEQUESTERED_CALCIUM_ION_INTO_CYTOSOL",0.0906998158379374,0.259324825564807,0.0712828552644706,0.34362430320918,1.31165068187069,45,"Thy1/Atp1a2/Prkaca/Tmem38a/Bax/Hrc/Casq1/Pln/Ank2/Trdn/Gstm7/Hap1/Akap6/Snca/Prkce/Cyba/Ryr2/Gsto1"
"GOBP_RRNA_PROCESSING",0.0911290322580645,0.260128786307599,0.0770757391871296,0.255689393539483,1.20924081381742,142,"Rps28/Pin4/Rps15/Imp3/Pih1d1/Mrm2/Rpl35a/Exosc4/Pop7/Pop4/Rpusd1/Rpl11/Nhp2/Rps17/Rpl35/Sart1/Tsr3/Rpl14/Frg1/Rps24/Suv39h1/Nop53/Nsun4/Exosc2/Trmt112/Exosc8/Eif4a3/Rps16/Ybey/Rrnad1/Rps14/Rpl7/Rps8/Gar1/Sirt7/Rps19/Rrp9/Mterf4/Pelp1/Bud23/Nat10/Ak6/Rpusd4/Rrp36/Abt1/Mrm1/Nudt16/C1d/Npm3"
"GOBP_POSITIVE_REGULATION_OF_DNA_TEMPLATED_TRANSCRIPTION_ELONGATION",0.0911518604237137,0.260128786307599,0.0621371046981612,-0.376387074297119,-1.33532059323831,41,"Ctnnb1/Cdk13/Ccnt1/Scaf8/Ppp1r10/Cdk12/Cdc73/Tox4/Med14"
"GOBP_STEROID_HORMONE_RECEPTOR_SIGNALING_PATHWAY",0.0918194161575017,0.26151080786237,0.0603547333389437,-0.324057557331125,-1.29759468800525,72,"Arntl/Zfp366/Jak2/Rnf6/Strn3/Abhd2/Plpp1/Rhoa/Cdk12/Ddx5/Taf7/Nedd4/Clock/Shq1/Cnot2/Pkn1/Kdm3a/Pak1/Ddx54/Nr3c2"
"GOBP_REGULATION_OF_KERATINOCYTE_DIFFERENTIATION",0.091846298031865,0.26151080786237,0.0635916868333331,-0.480132941104766,-1.39822126284647,18,"Prkch/Trim16/Rock2/Rock1/Zfp36/Med1/Ncoa3/Zfp36l1/Extl3/Numa1"
"GOBP_REGULATION_OF_TOLL_LIKE_RECEPTOR_SIGNALING_PATHWAY",0.0919859337405145,0.26151080786237,0.0631185759587299,-0.450560469180594,-1.38523805379206,22,"App/Cd36/Cd300lf/S100a8/Irf4/Mfhas1/Cd300a/Irak3/Esr1"
"GOBP_REGULATION_OF_MITOTIC_NUCLEAR_DIVISION",0.0919911579663323,0.26151080786237,0.0603547333389437,-0.320899914854038,-1.28923400493581,74,"Il1b/Tom1l1/Bub1/Dusp1/Mki67/Tpr/Btc/Tgfa/Bub1b/Cenpf/Knl1/Cdc23/Nusap1/Epgn/Ereg/Cdc42/Cav2/Gen1/Lrp5/Kif20b/Cdc16/Ccnb1"
"GOBP_NEGATIVE_REGULATION_OF_FIBROBLAST_PROLIFERATION",0.0920655454937473,0.26151080786237,0.0683519284059275,0.450700814274536,1.39045817051498,19,"Parp10/Bax/Lzts2/Dab2ip/Med31/B4galt7/Med25/Inca1/Lta"
"GOBP_RECEPTOR_CATABOLIC_PROCESS",0.0928717662386004,0.263555012298731,0.0629852035126315,-0.4584049634441,-1.39256016212204,21,"Itch/Laptm5/Gprasp1/Kif16b/Dtx3l/Nedd4/Ptpn1/Becn1/Abca2/Rnf43"
"GOBP_CHROMOSOME_CONDENSATION",0.0932499540187604,0.264381852874418,0.0624594990102385,-0.439019607015927,-1.38094043368439,24,"Top2a/Ncapg/Smarca5/Smc4/H3f3a/Nusap1/Ncapg2/Kmt5a/Ccnb1/Ncapd2"
"GOBP_POSITIVE_REGULATION_OF_AMYLOID_BETA_FORMATION",0.0935868754660701,0.265090265855054,0.0627866166785788,-0.506297213285195,-1.41204969185277,15,"Picalm/Rock2/Casp3/Abca2/Slc2a13/Abcg1/Chrna7/Ifng"
"GOBP_ENDOTHELIAL_CELL_PROLIFERATION",0.0938495056142115,0.265587123229809,0.0592614910050427,-0.304022255747722,-1.26406185910591,91,"Thbs1/Alox5/Prkx/Col4a3/Jun/Akt3/Fgf2/Lipa/Ccr3/Adam17/Aplnr/Nr4a1/Col8a2/Tgfbr1/Epha2/Acvrl1/Nrarp/Prkd1/Loxl2/Vegfa/Krit1/Pdcd10/Eng/Xbp1/Cav2/Dlg1"
"GOBP_COLLAGEN_FIBRIL_ORGANIZATION",0.0942867157378198,0.266470253635343,0.0605325265846256,-0.360299461361808,-1.32085308151951,47,"Serpinh1/P4ha1/Col3a1/Colgalt1/Col12a1/Col1a1/Antxr2/Ddr2/Tgfbr1/Adamts2/Loxl2/Aebp1/Plod2/Adamts3/Col1a2/Selenon/Rb1"
"GOBP_RHYTHMIC_PROCESS",0.0943365955398684,0.266470253635343,0.057746241136524,-0.271616680871325,-1.22537229635255,156,"Nfil3/Arntl/Dhx9/Top1/Mmp19/Sik1/Fxr1/Klf9/Top2a/Robo2/Rock2/Ddx5/Casp3/Cbx3/Ddb1/Tnfaip6/Clock/Dyrk1a/Becn1/Bmpr1b/Kat5/Setx/Phlpp1/Creb1/Slit2/Ankfn1/Bhlhe40/Kdm5c/Mmp2/Prkaa1/Gfpt1/Ppp1ca/Ereg/Bloc1s6/Huwe1/Mtor/Mttp/Esr1/Casp2/Kdm5b/Htr7/Ppp1cb/Ahr/Mybbp1a/Mettl3/Mapk9"
"GOBP_ENDOSOMAL_TRANSPORT",0.09517725966145,0.26859569570817,0.0573326669871646,-0.270955513858241,-1.22470888305637,158,"Lrrk2/Picalm/Rab5a/Cltc/Washc4/Washc2/Snx7/Vps13b/Cln5/Dnajc13/Uhrf1bp1l/Lyst/Was/Kif16b/Rab10/Arf6/Sorl1/Vps37b/Rbsn/Stam/Evi5/Becn1/Ubxn6/Reps2/Vps26a/Snx5/Ap5m1/Rdx/Myo5b/Ric1/Stam2/Diaph3/Mtmr4/Trappc10/Tmem87b/Snx4/Heatr5a/Rab35/Clec16a/Snx1/Arhgap8/Dclk1/Tbc1d23/Ehd2/Reps1/Ubap1/Alms1/Snx6/Rab6b/Snx31/Dync1li1/Laptm4b/Vcp/Hook1/Lman1/Als2cl/Map2k1/Snx16"
"GOBP_NEGATIVE_REGULATION_OF_RESPONSE_TO_WOUNDING",0.0953630796150481,0.268783602810685,0.0601199218047462,-0.352300843675548,-1.30715132809034,50,"Thbs1/Alox5/Il33/Ceacam1/Cask/Fgf2/Crk/Phldb2/Sh2b3/Serping1/Fga/Plat/Pros1/Ptpn6/Fgg"
"GOBP_AUTOPHAGOSOME_ORGANIZATION",0.0954637779282329,0.268783602810685,0.0590382721694151,-0.311694866526999,-1.27498842298049,82,"Bag3/Lrrk2/Rab5a/Rab1a/Vmp1/Traf6/Snx7/Rb1cc1/Scfd1/Ubqln1/Tmem41b/Atg4c/Smcr8/Becn1/Ift88/Lrba/Irgm1/Irgm2/Snx4/Mtor"
"GOBP_SYNCYTIUM_FORMATION",0.0955240174672489,0.268783602810685,0.0613201759333526,-0.404496302089592,-1.3518161411809,31,"Cd53/Myh9/Itgb1/Dock2/Il4ra/Ripor2/Adam9/Tyrobp/Kcnh1/Tnfsf14"
"GOBP_CELL_GROWTH",0.095596926713948,0.268783602810685,0.0548754448345273,-0.24509142040518,-1.19034783444777,283,"Hspa1b/App/Ddx3x/Rps6ka3/Flrt3/Ndel1/Ctnnb1/Hspa1a/Sema3a/Rnf6/Ceacam1/Itgb1/Smad4/Tnc/Tgfbr2/Kdm2b/Sema6d/S100a8/Pafah1b1/Dcun1d3/Vgll4/Cdc73/Ppt1/Itch/Postn/Crk/Jade3/Acsl4/Osgin1/Adam17/Rtn4/Cyfip2/Nin/Eif4g2/Rerg/Pappa2/H3f3a/Nrg1/Tgfbr1/Map2/Acvrl1/Yy1/Iqgap1/Plaa/Btg1/Cdkl5/Slit2/Slc23a2/Pak1/Vegfa/Sgk1/Tnfrsf12a/Nrcam/Spg20/Macf1/Ncbp1/Chpt1/Cdc42/Mtor/Uri1/Xbp1/Rbbp7/Wt1/Srf"
"GOBP_RESPONSE_TO_CORTICOSTEROID",0.0958579881656805,0.269163497043227,0.058872381059619,-0.310650360941125,-1.2718270749959,83,"Ptprc/Anxa1/Jak2/Fos/Cybb/Fosb/Areg/Dusp1/Klf9/Zfp36l2/Casp3/Cbx3/Eif4e/Adam9/Zfp36/Slit2/Aqp1/Sgk1/Bmi1/Ghr/Stc1/Cad"
"GOBP_GLYCEROLIPID_BIOSYNTHETIC_PROCESS",0.0959302325581395,0.269163497043227,0.0574352925653288,-0.281321766209301,-1.23779136989881,129,"Sacm1l/Pik3c2a/Gpam/Pcyt1a/Itpkc/Far1/Abhd5/Sik1/C3/Pigh/Pigb/Ttc7b/Gpld1/Dgkq/Pi4k2b/Pigm/Fig4/Becn1/Kat5/Mboat7/Plcg2/Pik3cg/Efr3a/Mtmr4/Ttc7/Pgap1/Chpt1/Mtmr6/Uvrag/Alox15/Agmo/Mppe1/Dgkz/Dgke/Daglb/Plce1/Inpp5e/Pip4k2a"
"GOBP_POSITIVE_REGULATION_OF_MITOTIC_CELL_CYCLE_PHASE_TRANSITION",0.0959972275168948,0.269163497043227,0.0596007554342557,-0.345333410966271,-1.30607926550117,54,"Ddx3x/Anxa1/Tmod3/Mdm2/Plcb1/Kmt2e/Adam17/Ddr2/Rrm2b/Ccne2/Rdx/Cdc23/Cenpj/Cdc16/Ccnb1/Plrg1/Eif4g1/Dtl/Rb1"
"GOBP_NUCLEUS_ORGANIZATION",0.0965388530709196,0.270257797519639,0.0587625026852205,-0.307416089673268,-1.26717882153868,87,"Golm1/Uspl1/Tpr/Nek6/Fxr1/Ahctf1/Pafah1b1/Nup205/Smarca5/Pdcd6ip/Cfap44/Atr/Rtn4/Nup54/H3f3a/Agfg1/Sycp1/Kat5/Ccdc146/Kdm3a"
"GOBP_REGULATION_OF_RECEPTOR_INTERNALIZATION",0.096565019277953,0.270257797519639,0.0597724230084275,-0.359434651099733,-1.31768269848515,47,"App/Sele/Fmr1/Numb/Mdm2/Rin3/Aplnr/Cblb/Nrg1/Plcg2/Arc/Vegfa/Rabep1/Usp32/Mkln1/Atad1/Sdcbp/Rala"
"GOBP_NEGATIVE_REGULATION_OF_CELLULAR_RESPONSE_TO_GROWTH_FACTOR_STIMULUS",0.0971576227390181,0.271663340530815,0.0590382721694151,-0.327901729760325,-1.28842453810274,66,"Thbs1/Ube2d3/Skil/Smurf2/Cask/Spry4/Fgf2/Lrp2/Tnfaip6/Sorl1/Nedd4/Ptpn1/Fstl3/Fbn1/Slit2/Mtmr4/Spg20/Hipk2/Grem2"
"GOBP_VESICLE_DOCKING_INVOLVED_IN_EXOCYTOSIS",0.0973209404045927,0.271663340530815,0.0607718687747803,-0.423019871264484,-1.35793152035111,26,"Plek/Exoc6/Sytl2/Exoc4/Cftr/Exoc5/Bloc1s6/Ralb/Rims1/Exoc2/Unc13b/Exoc6b"
"GOBP_CIRCULATORY_SYSTEM_PROCESS",0.0973348783314021,0.271663340530815,0.0537722460118177,-0.238121403359051,-1.17736011462196,338,"Hsp90aa1/Ptgs2/Pde4b/Pik3c2a/App/Lepr/Slc5a3/Erap1/Rps6ka2/Cd36/Ceacam1/Slc1a3/Mme/Itgb1/Enpep/Kcnj2/Cxadr/Ace2/Kcne2/Mdm2/Rhoa/Slc38a2/Slc2a3/Cacna1d/Rock2/Atp1a3/Postn/Scn3a/Slc7a1/Ocln/Lrp2/Gch1/Scpep1/Rac1/Rap1gds1/Rock1/Vegfc/Cyp2j9/Glp1r/Gclm/Ptpn1/Scn7a/Atp1b1/Calm1/P2ry2/Atp2b1/Acvrl1/Adora2b/Fli1/Ext2/Slc7a5/Hrh2/Slc6a20a/Serping1/Snx5/Zc3h12a/Flvcr2/Abca2/Fga/Slit2/Kcne4/Pik3cg/Slc2a13/Slc23a2/Slc6a9"
"GOBP_POSITIVE_REGULATION_OF_NUCLEOCYTOPLASMIC_TRANSPORT",0.0975912150194828,0.272129349573558,0.0597724230084275,-0.366859186512309,-1.32138818713264,44,"Hsp90aa1/Bag3/Il1b/Dhx9/Jak2/Tpr/Mdm2/Nedd4/Ect2/Zc3h12a/Prkd1/Xbp1/Xpo4/Ppm1a/Psen1/Ipo5/Cpsf6/Ifng"
"GOBP_TYPE_II_INTERFERON_MEDIATED_SIGNALING_PATHWAY",0.0977794364620265,0.272404742934008,0.061381954012731,-0.484133087528507,-1.39647759094797,17,"Jak1/Jak2/Irgm1/Irgm2/Med1/Sp100/Ifng/Hck"
"GOBP_VACUOLAR_ACIDIFICATION",0.0979591836734694,0.272561332670167,0.0611358774653469,-0.459136012688954,-1.37897974530397,20,"Atp6v0c/Clic4/Slc11a1/Cln5/Lamp2/Ppt1/Dmxl2"
"GOBP_POSITIVE_REGULATION_OF_SMALL_GTPASE_MEDIATED_SIGNAL_TRANSDUCTION",0.0980146664281882,0.272561332670167,0.0599454721514683,-0.383783747147509,-1.33209423745111,37,"Picalm/Col3a1/Fxr1/Crk/Rtn4/Rac1/Kitl/Cdkl5/Pik3cg/Map4k4/Robo1/Prag1/Akap13/Arhgef3/Gpr4/Map2k1/Sema4d/Csnk1a1/Adgrg1"
"GOBP_POSITIVE_REGULATION_OF_DNA_REPLICATION",0.0985167551730452,0.273506171570727,0.0605325265846256,-0.412576409805072,-1.34249957532076,28,"Cacybp/Dhx9/Atrx/Atf1/Smarca5"
"GOBP_MACROAUTOPHAGY",0.0985340788877135,0.273506171570727,0.0546498540116765,-0.25173007179619,-1.1975519542857,233,"Bag3/Lrrk2/Rab5a/Wac/Atp6v0c/Gnai3/Vps13c/Eif2s1/Rab1a/Snap29/Vmp1/Pptc7/Traf6/Snx7/Rb1cc1/Lamp2/Yod1/Scfd1/Casp3/Pdcd6ip/Ubqln1/Tmem41b/Atg4c/Nedd4/Vps37b/Smcr8/Slc25a5/Stam/Fzd5/Becn1/Exoc4/Calm1/Ubxn6/Kat5/Vps26a/Snx5/Plaa/Stam2/Diaph3/Dele1/Tsc2/Atp6v1a/Pgam5/Ift88/Scoc/Lrba/Irgm1/Tbk1/Irgm2/Spg20/Snx4/Huwe1/Mtor/Uvrag/Fundc1/Clec16a/Sesn3/Ralb"
"GOBP_REGULATION_OF_KETONE_METABOLIC_PROCESS",0.0987168520102652,0.273763947514806,0.0583286073011755,-0.325392897578413,-1.28469499872462,67,"Ptgs2/Bmp5/Il1b/Ceacam1/Ugt1a7c/Pptc7/Insig1/Ces1d/Abcd2/Dgkq/Bmp2/Pdk3/Plaa/Irs1/Creb1"
"GOBP_POSITIVE_REGULATION_OF_PROTEIN_EXPORT_FROM_NUCLEUS",0.0989767441860465,0.274234928158791,0.0608925327069951,-0.491436129679078,-1.3968633198962,16,"Bag3/Il1b/Tpr/Mdm2"
"GOBP_REGULATION_OF_DNA_METABOLIC_PROCESS",0.0997805413313826,0.276210680321873,0.0533476589218,-0.243065255462551,-1.18639566779552,293,"Ptprc/Hsp90aa1/Cacybp/Ccdc117/Dhx9/Hgf/Ctnnb1/Dek/Spidr/Tom1l1/Wdr48/Dusp1/Actr2/Tada2b/Atrx/Gtpbp4/Ppp1r10/Atf1/Fgf2/Smarca5/Kpna1/Il7r/Was/Supt20/Cebpg/Ndfip1/Jade3/Taf7/Morf4l2/Atr/Mettl4/Tada1/Rif1/Gmnc/Senp2/Orc3/Kpna2/Ppp4r3a/Slfn9/Rfc4/Smc6/Polh/Mcm6/Acvrl1/Smchd1/Yy1/Kat5/Pds5a/Esco2/Epc2/Kmt5b/Smarcad1/Spire1/Zfp365/Atxn7/Zbtb38/Eid3/Vegfa/Slx4/Tex15/Ino80c/Ereg/Kmt5a/Baz1a/Tnks2/Sox7/Cct2/Eya2/Taf6"
"GOBP_REGULATION_OF_KERATINOCYTE_PROLIFERATION",0.100236923637689,0.27722200951568,0.0598299516205161,-0.421947245017918,-1.35448829442082,26,"Areg/Klf9/Cask/Zfp36/Prkd1/Stxbp4/Med1/Irf6/Eppk1/Zfp36l1/Ift74/Extl3"
"GOBP_MULTICELLULAR_ORGANISM_GROWTH",0.100377854443897,0.277359860963399,0.0565787817675287,-0.29236070489469,-1.24025205964361,101,"App/Xrcc2/Slc25a25/Gpam/Col3a1/Wdr48/Ppib/Atrx/Clic4/Vps13b/Plac8/Nipbl/Gmnc/H3f3a/Arid5b/Rasal2/Stk40/Creb1/Gpd2/Vps13a/Zfx/Ghr/Bloc1s6/Mtor/Garem1"
"GOBP_ESTABLISHMENT_OR_MAINTENANCE_OF_BIPOLAR_CELL_POLARITY",0.100681981335248,0.277704013068424,0.0592054667890258,-0.378224386804526,-1.32655161522502,39,"Clic4/Erbin/Rhoa/Pdcd6ip/Prkci/Crb1/Rap2a/Myo9a/Arf4/Cdc42/Dlg1/Ilk/Ooep/Patj/Fat1/Lama1/Dlg4/Msn/Pard6g/Wdr1/Pard3"
"GOBP_NEUTROPHIL_MEDIATED_IMMUNITY",0.100684804738108,0.277704013068424,0.0601783862400583,-0.445490118276593,-1.3696493736953,22,"Itgb2/Trem1/Cd177/Kmt2e/Adam17/Itgam/Myd88"
"GOBP_POSITIVE_REGULATION_OF_GROWTH",0.100834938985228,0.277866415574678,0.0557565734717297,-0.275820118293582,-1.22687388469182,139,"Ddx3x/Rps6ka3/Gpam/Ppib/Kdm2b/S100a8/Pafah1b1/Fgf2/Nipbl/Plcb1/Crk/Acsl4/Adam17/Eif4g2/Agrn/H3f3a/Nrg1/Tgfbr1/Serp1/Plaa/Cdkl5/Creb1/Slc23a2/Pak1/Vegfa/Rbpj/Tnfrsf12a/Ghr/Pim1/Macf1/Ncbp1/Cdc42/Mtor/Sash3/Wt1/Srf/Ccnb1/Eif4g1/Pls1/Sdcbp/Pum2/Ddx49/Ppm1f/Rims1/Mtm1/Fam122a/Rptor/Shtn1/Limk1/Extl3/Fn1"
"GOBP_ICOSANOID_BIOSYNTHETIC_PROCESS",0.100947521865889,0.277920742369083,0.0596007554342557,-0.417518708621664,-1.35198501124433,27,"Ptgs2/Il1b/Alox5/Naip2/Pnpla8"
"GOBP_REGULATION_OF_MEMBRANE_LIPID_DISTRIBUTION",0.101037195994278,0.277920742369083,0.0589828311509697,-0.387153063204473,-1.33101664993645,35,"Atp11c/Atp11b/Vmp1/Atp8b4/Tmem63b/Tmem41b/Tmem30a/Atp10a/Abca2/Serinc5/Rft1/Slc4a1/Clptm1l/Abcg1/Atp10b/Mfsd2a/Xrcc4/P2rx7/Serinc3/Tmem30b/Plscr1"
"GOBP_OLIGODENDROCYTE_DIFFERENTIATION",0.101401092377108,0.278238146207707,0.0683519284059275,0.308288140159118,1.26040101344272,63,"Eif2b4/Nkx2-1/Erbb2/Id4/Cdk5/Sox10/Plp1/Cdkn2c/Vtn/Ntrk2/Id2/Sox13/Prdm8/Ptn/Cntn1/Bnip3/Sox8/Sox11/Il34/Mag/Dusp15/Ascl1/Hdac1/Cd9/Hes1"
"GOBP_POST_GOLGI_VESICLE_MEDIATED_TRANSPORT",0.101464254952627,0.278238146207707,0.0576940932334375,-0.326316221674115,-1.28219459986751,66,"Snap23/Vps13c/Exoc6/Scfd1/Golph3/Laptm5/Kif16b/Rab10/Sorl1/Mon2/Rbsn/Exoc4/Arfgef2/Rabep1/Vps13a/Rab31/Sptbn1/Exoc5/Ap3s1/Macf1"
"GOBP_STRIATED_MUSCLE_CELL_PROLIFERATION",0.101549973276323,0.278238146207707,0.0587077763275074,-0.374365094617401,-1.32182348360622,40,"Hgf/Jak2/Fos/Vgll4/Fgf2/Kpna1/Nrg1/Akirin1/Tgfbr1/Rbpj/Runx1/Myh10/Pim1/Cav2/Ccnb1"
"GOBP_REGULATION_OF_EMBRYONIC_DEVELOPMENT",0.101733496760637,0.278238146207707,0.0581149628110713,-0.349204652530293,-1.30020687615909,51,"Ctnnb1/Trip12/Pafah1b1/Lama2/Nipbl/Plcb1/Lama3/Dr1/Nr2c2/Tdg/Yy1/Lama4/B4galt5/Jag1/Ino80c"
"GOBP_CELLULAR_PROCESS_INVOLVED_IN_REPRODUCTION_IN_MULTICELLULAR_ORGANISM",0.101755476153488,0.278238146207707,0.0545157133850823,-0.258925231131373,-1.20343449248981,192,"Tut7/Ctnnb1/Rps6ka2/Fndc3a/Hexb/Abhd2/Taf4b/Fxr1/Vps13b/Ddx20/Pafah1b1/Aff4/Inhbb/Cfap206/Ccr6/Cfap44/Tnfaip6/Dzip1/H3f3a/Rhbdd1/Agfg1/Sycp1/Bmpr1b/Kat5/Arid4b/Ccdc146/Cftr/Knl1/Kdm3a/Marf1/Spag16/Ythdf2/Zfx/Ereg/Kdm1b/Arid4a/Mtor/Wt1/Ccnb1/Ttc21a/Mettl3/Dpy19l2/Ddx6/Cfap69/Ythdc1/Fzd4/Rnf2/Tmf1/Shb/Eed/Jam2/Klc3/Diaph2/Cep128/Dcaf13/Hook1/Kat8"
"GOBP_RRNA_METHYLATION",0.101768003449763,0.278238146207707,0.0648554401962692,0.479820307491058,1.37765241964297,15,"Mrm2/Nsun4/Trmt112/Rrnad1/Bud23/Mrm1"
"GOBP_HEAD_DEVELOPMENT",0.101792215065808,0.278238146207707,0.0515441499025212,-0.229462114222246,-1.15949571800761,423,"Dnajb1/Lrrk2/Bmp5/Ndst1/Flrt3/Ndel1/Selenop/Ctnnb1/Tiparp/Sema3a/Fos/Wls/Col3a1/Itgb1/Egr2/Numb/Scyl2/Hspa5/Atrx/Tgfbr2/Kdm2b/Shroom4/Csrnp1/Mink1/Col4a1/Fxr1/Sema6d/Vps13b/Dock7/Rhoa/Slc38a2/Cln5/Rapgef2/Arcn1/Pafah1b1/Akt3/Col1a1/Inhbb/Fgf2/Robo2/Nipbl/Plcb1/Casp3/Ppt1/Slc7a11/S1pr1/Crk/Lrp2/Ccdc39/Rtn4/Cep290/Rac1/Nin/Hydin/Herc1/Nrg1/Braf/Arid5b/Btg2/Shank3/Itgam/Zdhhc16/Calm1/Cenpf/Tyrobp/Bmp2/Mboat7/Nr4a2/Ankrd11/Cckar/Creb1/Ubb/Slit2/Diaph3/Pak1/Wdr37/Zfp365/Ddx10/Aqp1/Negr1/Pgap1/B2m/Ttc21b/Mmp2/Rbpj/Nrcam/Bmi1/Myh10/Bloc1s6/Robo1/Cdc42/Frs2"
"GOBP_POSITIVE_REGULATION_OF_MACROAUTOPHAGY",0.102792321116928,0.280719836592867,0.0576940932334375,-0.333821853545238,-1.28591495745245,60,"Bag3/Wac/Gnai3/Snx7/Smcr8/Slc25a5/Becn1/Kat5/Dele1/Tsc2/Scoc/Irgm1/Tbk1/Irgm2/Snx4/Huwe1/Uvrag/Sesn3/Ralb"
"GOBP_REGULATION_OF_CELL_SHAPE",0.103092783505155,0.281273963823939,0.0566281919237633,-0.305908950378743,-1.2597030488652,86,"Itgb2/Anxa1/Hexb/Myh9/Prpf40a/Fmnl1/Fgr/Eps8/Fgd3/Crk/Rac1/Cdc42se2/Rasa1/Atp10a/Rdx/Parvg/Arhgap15/Fgd6/Vegfa/Rac2/Myh10/Syne3/Arhgef18/Dlg1/Prag1/Fgd4/Mkln1/Ccl3/Brwd1/Fyn/Kdr/Hck/Msn/Fmnl2/Fn1/Sema4d/Sh3kbp1/Wdr1/Fgd5/Palmd/Rhobtb2/Ptk2b/Wdpcp/Cdc42ep4/Arhgap18/Rhoj/Fmnl3"
"GOBP_CHROMOSOME_LOCALIZATION",0.103179972936401,0.281273963823939,0.0566281919237633,-0.311832299503306,-1.2669821341517,79,"Ndel1/Actr2/Actr3/Kif18a/Pdcd6ip/Ect2/Kpnb1/Eml4/Becn1/Cenpf/Gem/Rrs1/Kat5/Knl1/Cdc23/Ccdc66/Cdc42/Sox7/Ccnb1/Spice1/Cenpq/Rb1/Hnrnpu/Numa1/Pibf1/Racgap1/Chmp2b/Chmp1b/Spc25/Apc/Abraxas2/Ska1/Cenpc1/Tex14/Birc5"
"GOBP_POSITIVE_REGULATION_OF_ORGANIC_ACID_TRANSPORT",0.103280224929709,0.281284881140762,0.0597724230084275,-0.471675513449868,-1.373591927586,18,"Il1b/Itgb1/Arl6ip1/Ace2/Pla2r1/Acsl5/Slc7a5"
"GOBP_REGULATION_OF_DNA_BINDING_TRANSCRIPTION_FACTOR_ACTIVITY",0.103409090909091,0.281284881140762,0.0553343907639583,-0.279642837017389,-1.22836851884499,128,"Tlr4/Hspa1b/Prkch/Dhx9/Hspa1a/Mid2/Il18r1/Traf6/Sik1/Erbin/Il18rap/S100a8/Ripk1/Cebpg/Ddr2/Clock/Arid5b/Trim34a/Prkci/Myd88/Prkd1/Cd40lg/Dhx33/Ripk3/Sgk1/Pim1/Cyld/Arhgef5/Esr1/Chp1/Srf/Traf3/Atf2/Ube2n/Pias2/Il18/Irak1/Rnf2/Rb1"
"GOBP_NUCLEOSIDE_MONOPHOSPHATE_METABOLIC_PROCESS",0.103509709602708,0.281284881140762,0.0581149628110713,-0.372995557766865,-1.31698786726075,40,"Magi3/Gda/Upp1/Cask/Umps/Uprt/Rfk/Nt5c2/Adss/Prps2/Mpp1/Cad/Dlg1/Shmt1/Ak7"
"GOBP_MESONEPHRIC_TUBULE_MORPHOGENESIS",0.103553481694185,0.281284881140762,0.0583286073011755,-0.376802635718798,-1.32156508800727,39,"Ctnnb1/Smad4/Fgf2/Gpc3/Npnt/Bmp2/Hs2st1/Dchs1/Gdnf/Vegfa/Wt1/Dlg1/Ilk"
"GOBP_NEGATIVE_REGULATION_OF_REGULATED_SECRETORY_PATHWAY",0.103813953488372,0.28153816760507,0.0593739823723063,-0.488018142988307,-1.38714799790848,16,"Ceacam1/Fmr1/Rap1b/Cd84/Braf/H2-Q2/Cd300a"
"GOBP_OLIGOSACCHARIDE_METABOLIC_PROCESS",0.103860793909734,0.28153816760507,0.0585444411550859,-0.403344682244545,-1.33785050893072,30,"Hexb/Gla/Mgam/St8sia6/St3gal6/Man2b1/Mgat2/St3gal2/St8sia4/Ctbs/Fut4/Npc1/B4galt1"
"GOBP_BRANCHED_CHAIN_AMINO_ACID_METABOLIC_PROCESS",0.103924105217766,0.28153816760507,0.0641447501054599,0.47880086673033,1.37472541757829,15,"Bckdk/Ivd/Bcat2/Bckdhb/Echs1"
"GOBP_REGULATION_OF_ERYTHROCYTE_DIFFERENTIATION",0.104091238233164,0.281740284817765,0.058436248184976,-0.38771332924475,-1.32163120520124,34,"Hspa1b/Hspa1a/Acvr2a/Lyn/Zfp36/Senp1/B2m/Abcb10/Med1/Spi1/Hspa9/Kat7/Zfp36l1/Tal1"
"GOBP_DETECTION_OF_MECHANICAL_STIMULUS",0.10446937649439,0.28251265668332,0.0588173707216382,-0.431470550523426,-1.35719480323859,24,"Piezo1/Ctnnb1/Pkd1/Piezo2/Itga2/Pkd2l2"
"GOBP_PROTEIN_DEACYLATION",0.104774249297905,0.283085704624773,0.0639357739676871,0.427941710295572,1.35344715162466,21,"Lypla2/Brms1/Hdac3/Sirt5/Mapt/Bex4/Sirt7/Hdac1/Hdac4"
"GOBP_SERINE_FAMILY_AMINO_ACID_METABOLIC_PROCESS",0.10488908033599,0.283144724843164,0.0637975135396477,0.455848169527385,1.35866657107856,17,"Sdsl/Shmt2/Cdo1/Thnsl2/Psph/Mpst/Mthfd1/Amt/Gldc/Scly"
"GOBP_DEVELOPMENTAL_GROWTH_INVOLVED_IN_MORPHOGENESIS",0.106072744752444,0.285842602034767,0.0542061922482673,-0.273397759856628,-1.21715912727938,140,"App/Flrt3/Ndel1/Ctnnb1/Sema3a/Rnf6/Itgb1/Areg/Tnc/Med12/Tgfbr2/Sema6d/Pafah1b1/S1pr1/Postn/Rtn4/Cyfip2/Nin/Map2/Iqgap1/Plaa/Cdkl5/Slit2/Slc23a2/Pak1/Vegfa/Tnfrsf12a/Nrcam/Spg20/Macf1/Esr1/Srf/Kdm5b/Dclk1/Med1"
"GOBP_CELLULAR_RESPONSE_TO_OXIDATIVE_STRESS",0.106214331008243,0.285842602034767,0.0538582753911296,-0.267390937446464,-1.21329910749923,161,"Lrrk2/Hspa1b/Arntl/Tnfaip3/Hgf/Hspa1a/Alox5/Fos/Ncoa7/Cd36/Eif2s1/Stk24/Mdm2/Pla2r1/Il18rap/Ripk1/Slc7a11/Pnpla8/Oser1/Gch1/Ddr2/Stk26/Zfp277/Ect2/Pyroxd1/Becn1/Vrk2/Trpc6/Cat/Zc3h12a/Nr4a2/Setx/Srxn1/Prkd1/Aqp1/Mmp2/Ripk3/Prkaa1/Pdcd10/Xbp1/Dapk1"
"GOBP_NEGATIVE_REGULATION_OF_CD4_POSITIVE_ALPHA_BETA_T_CELL_DIFFERENTIATION",0.106263982102908,0.285842602034767,0.0587077763275074,-0.498489205051344,-1.39027336101134,15,"Anxa1/Il4ra/Zc3h12a/Runx1"
"GOBP_REGULATION_OF_CHOLESTEROL_BIOSYNTHETIC_PROCESS",0.106263982102908,0.285842602034767,0.0587077763275074,-0.498299599990475,-1.38974455745337,15,"Insig1/Gnai1/Kpnb1/Abca2/Prkaa1/Apob/Abcg1"
"GOBP_REGULATION_OF_CELL_SUBSTRATE_JUNCTION_ORGANIZATION",0.106503632819422,0.286234388292269,0.0570783025835191,-0.364396278176227,-1.30546005133819,43,"Thbs1/Dusp3/Actg1/Rhoa/Rock2/Phldb2/Arf6/Rac1/Rock1/Acvrl1/Vegfa/Map4k4/Macf1"
"GOBP_DEVELOPMENTAL_GROWTH",0.106733524355301,0.286599278361456,0.0508678015760926,-0.232824716950796,-1.16305356636858,376,"App/Lepr/Anxa1/Flrt3/Xrcc2/Ndel1/Slc25a25/Ctnnb1/Gpam/Sema3a/Rnf6/Col3a1/Itgb1/Smad4/Smad2/Wdr48/Areg/Ppib/Tnc/Atrx/Clic4/Med12/Tgfbr2/Sema6d/Vps13b/Plac8/Pafah1b1/Vgll4/Fgf2/Nipbl/Kpna1/Plcb1/Tec/S1pr1/Postn/Tnfaip6/Rtn4/Ddr2/Gmnc/Cyfip2/Tbce/Nin/Agrn/H3f3a/Nrg1/Akirin1/Arid5b/Tgfbr1/Map2/Yy1/Serp1/Bmpr1b/Iqgap1/Rasal2/Plaa/Cdkl5/Stk40/Creb1/Slit2/Slc23a2/Pak1/Gpd2/Vegfa/Ncapg2/Vps13a/Rbpj/Runx1/Tnfrsf12a/Nrcam/Zfx/Ghr/Myh10/Ereg/Spg20/Bloc1s6/Pim1/Macf1/Mtor/Stc1/Garem1/Sash3/Wt1/Esr1/Srf/Kdm5b/Ccnb1/Atf2/Dclk1/Gnat1"
"GOBP_DEVELOPMENT_OF_PRIMARY_SEXUAL_CHARACTERISTICS",0.106957087126138,0.286724508167514,0.0543824704977098,-0.2816157957155,-1.22699222531973,121,"Tiparp/Fndc3a/Smad4/Wdr48/Acvr2a/Atrx/Mmp19/Cited2/Inhbb/Tlr5/Robo2/Casp3/Kif18a/Lrp2/Tnfaip6/Rac1/Gmnc/Gfra1/H3f3a/Arid5b/Tgfbr1/Kitl/Bmpr1b/Arid4b/Ubb/Slit2/Vegfa/Mmp2/Zfx/Ereg/Arid4a/Wt1/Esr1/Casp2"
"GOBP_SKELETAL_MUSCLE_CONTRACTION",0.106968486462494,0.286724508167514,0.0641447501054599,0.376083056000337,1.31659079318104,31,"Dmpk/Tnni2/Tnnt3/Ttn/Rem1/Atp2a1/Myh14/Cav3/Kbtbd13/Casq1/Actn3/Gstm7"
"GOBP_RNA_EXPORT_FROM_NUCLEUS",0.107606028741675,0.288179733965173,0.0564312611344041,-0.354669495498151,-1.30021370078951,47,"Dhx9/Zc3h11a/Xpo1/Pom121/Fmr1/Tpr/Eif4e/Rbm33/Agfg1/Iws1/Ncbp1/Thoc2/Ythdc1/Cpsf6/Hnrnpa2b1/Thoc1"
"GOBP_POSITIVE_REGULATION_OF_EPITHELIAL_CELL_PROLIFERATION",0.107852720755947,0.288586585854005,0.0542061922482673,-0.285570354643556,-1.23337101028927,113,"Bmp5/Tnfaip3/Ctnnb1/Jaml/Wdr48/Areg/Jun/Akt3/Fgf2/Ccr3/Adam17/Rtn4/Aplnr/Vegfc/Tgfa/Nr4a1/Tgfbr1/C5ar1/Acvrl1/Nrarp/Prkd1/Vegfa/Rbpj/Epgn/Cdc42/Xbp1/Kdm5b/Cav2/Stxbp4/Runx2/Med1/Iqgap3"
"GOBP_REGULATION_OF_OXIDATIVE_PHOSPHORYLATION",0.108709747136373,0.290624389842192,0.0627208096593469,0.467767166451256,1.36477868983313,16,"Pink1/Uqcc2/Shmt2/Ppif/Actn3/Etfrf1/Snca/Abcd1"
"GOBP_EPITHELIAL_TUBE_MORPHOGENESIS",0.108897126969416,0.290869957563046,0.0524048161202553,-0.256810719290817,-1.19841728281187,197,"Bmp5/Ctnnb1/Prkx/Smad4/Areg/Pkd1/Tnc/Clic4/Med12/Tgfbr2/Traf6/Kdm2b/Col4a1/Rhoa/Cited2/Fgf2/Gpc3/Casp3/Lrp2/Npnt/Luzp1/Ccdc39/Cep290/Aplnr/Mical2/Epha2/Acvrl1/Bmp2/Hs2st1/Nrarp/Slit2/Pak1/Tsc2/Dchs1/Nckap1/Gdnf/Vegfa/Rbpj/Ppp1ca/Eng/Wt1/Esr1/Srf/Kdm5b/Lrp5/Kif20b/Ift122/Sec24b/Dlg1/Lcn2/Ilk/Psen1/Med1"
"GOBP_RESPONSE_TO_COCAINE",0.109221955276289,0.291481905185189,0.0575901868329747,-0.435629979300242,-1.35461742189857,23,"Hsp90aa1/Fosb/Slc1a3/Mdm2"
"GOBP_CELLULAR_RESPONSE_TO_METAL_ION",0.109403107113655,0.291683430082189,0.0539014313173232,-0.289853591362093,-1.23192969680242,102,"Lrrk2/Cacybp/App/Fos/Cybb/Fosb/Eif2s1/Itpkc/Nptx1/Clic4/Slc11a1/Jun/Adcy7/Inhbb/Braf/Ect2/Becn1/Iqgap1/Kcnh1/Creb1/Plcg2/Aqp1/B2m/Slfn14/Prkaa1"
"GOBP_ANTIGEN_PROCESSING_AND_PRESENTATION_OF_PEPTIDE_ANTIGEN",0.109489051094891,0.291683430082189,0.0563823226021518,-0.368132565798298,-1.30603580654334,41,"Erap1/H2-DMb1/H2-Q7/Traf6/Slc11a1/Ctse/Mfsd6/Ulbp1/H2-Ob/H2-Q2/Clec4a3/Ctss/B2m/Pdia3"
"GOBP_NEGATIVE_REGULATION_OF_ESTABLISHMENT_OF_PROTEIN_LOCALIZATION",0.109908691241123,0.292239034406468,0.0547397849350589,-0.311085938158668,-1.256962756837,76,"Dnaja1/Bag3/Lrrk2/Il1b/Cd36/Yod1/Insig1/Inhbb/Ndfip1/Hmgcr/Frmd4a/Gnai1/Klf7/Ndfip2/Irs1/Dph3"
"GOBP_ARTERY_MORPHOGENESIS",0.109980705139449,0.292239034406468,0.0558040307839881,-0.355302467607587,-1.29617921549156,46,"Col3a1/Adamts9/Adgrf5/Tgfbr2/Akt3/Cited2/Lrp2/Rtn4/Tgfbr1/Acvrl1/Vegfa/Rbpj/Jag1/Apob/Eng/Srf/Sec24b"
"GOBP_KERATINOCYTE_PROLIFERATION",0.109985528219971,0.292239034406468,0.0567273700625101,-0.38858582122081,-1.31611112366566,33,"Areg/Klf9/Cask/Nfkbiz/Zfp36/Prkd1/Ereg/Stxbp4/Med1/Irf6/Eppk1/Zfp36l1/Ift74/Extl3/Cdkn1a"
"GOBP_REGULATION_OF_SYNAPTIC_VESICLE_RECYCLING",0.110204081632653,0.292564453854776,0.0574352925653288,-0.449959120972772,-1.35141765596284,20,"Lrrk2/Actg1/Rac1/Rock1/Dgkq/Plaa/Abca13"
"GOBP_REGULATION_OF_UBIQUITIN_DEPENDENT_PROTEIN_CATABOLIC_PROCESS",0.110566715662257,0.293079104685791,0.0535588041272954,-0.286367954320988,-1.22686867651081,107,"Rybp/Lrrk2/Hspa1b/Wac/Rnf139/Hspa1a/Il33/Xpo1/Hsp90ab1/Rad23b/Zfand2a/Mdm2/Socs4/Laptm5/Ifi205/Tmem168/Sh3rf3/Tlk2/Pbk/Senp1/Usp14/Bag2/Hipk2/Mtor"
"GOBP_PEROXISOME_PROLIFERATOR_ACTIVATED_RECEPTOR_SIGNALING_PATHWAY",0.110590440487348,0.293079104685791,0.057642075315137,-0.467008234756084,-1.36000009134526,18,"Actn4/Cited2/Fam120b/Bmp2/Pdk3/Huwe1/Alox15/Med1"
"GOBP_POSITIVE_REGULATION_OF_MULTICELLULAR_ORGANISM_GROWTH",0.110777881911903,0.293284329892059,0.0575901868329747,-0.466922241372686,-1.35974966533439,18,"Gpam/Ppib/Nipbl/Creb1/Ghr/Pls1"
"GOBP_POSITIVE_REGULATION_OF_GTPASE_ACTIVITY",0.110860513532269,0.293284329892059,0.055241759405866,-0.335440260340933,-1.27746977810381,56,"Ndel1/Itgb1/Dock11/Rapgef6/Rapgef2/Dock8/Ralgapa1/Agrn/Ect2/Evi5/Rgs1/Epha2/Tbc1d2/Ric1"
"GOBP_SYNAPTIC_VESICLE_MEMBRANE_ORGANIZATION",0.111039241052178,0.293502160593647,0.061945887634562,0.436670813397427,1.34717418092799,19,"Rab3a/Syngr2/Syt5/Syp/Grik5/Snapin/Syngr1/Cplx1"
"GOBP_REGULATION_OF_COAGULATION",0.111251808972504,0.29380898379989,0.0563823226021518,-0.388325621911931,-1.31522984806041,33,"Thbs1/Cd36/Ceacam1/Sh2b3/Serping1/Fga/Plat/Pros1/Fgg/Psen1"
"GOBP_NEGATIVE_REGULATION_OF_INTERLEUKIN_10_PRODUCTION",0.111441860465116,0.293821313643878,0.0571796738976665,-0.482403011776795,-1.37118748879637,16,"Thbs1/Tyrobp/Vsir/Epx/Pirb/Il12b/Fcgr2b"
"GOBP_HEPATICOBILIARY_SYSTEM_DEVELOPMENT",0.111543669600542,0.293821313643878,0.054338253937587,-0.305357611672257,-1.24906587037864,82,"Tnfaip3/Hgf/Ceacam1/Ugt1a7c/Pkd1/Rb1cc1/Jun/Cited2/Nipbl/Cebpg/Lipa/Itga2/Ccdc39/Arf6/Rtn4/Tgfa/Arid5b/Sp3"
"GOBP_ANTIGEN_PROCESSING_AND_PRESENTATION_OF_EXOGENOUS_PEPTIDE_ANTIGEN_VIA_MHC_CLASS_II",0.111627906976744,0.293821313643878,0.0571289261785879,-0.482338926827573,-1.37100533305014,16,"H2-DMb1/Traf6/Ctse/H2-Ob/Ctss/B2m"
"GOBP_NEURON_PROJECTION_ARBORIZATION",0.111642449880449,0.293821313643878,0.0567771390242865,-0.427391717884715,-1.34436479559653,24,"Lrrk2/Sema3a/Lrp2/Rock1/Zfp365/Vps13a/Myo9a/Macf1/Chrna7/Fzd4/Dlg4/Mfsd2a/Ntng2"
"GOBP_MIRNA_TRANSCRIPTION",0.111886860007161,0.29421026659914,0.0558992795229295,-0.381000226910975,-1.31538414181179,36,"App/Fos/Smad4/Jun/Fgf2/Ddx5/Yy1/Bmp2/Vegfa/Wt1/Esr1/Srf"
"GOBP_SKELETAL_SYSTEM_MORPHOGENESIS",0.112067565372746,0.29443117908543,0.0530144999143884,-0.277303869425302,-1.21541800731019,126,"Nab1/Ndst1/Ctnnb1/Tiparp/Serpinh1/Col3a1/Smad2/Wdr48/Pkd1/Med12/Tgfbr2/Csrnp1/Fgr/Cited2/Insig1/Col1a1/Nipbl/Glg1/Rflnb/Pappa2/Csgalnact1/Arid5b/Tgfbr1/Bmpr1b/Ext2/Ankrd11/Vegfa/Mmp2/Bmi1/Ghr/Stc1/Lrp5/Dlg1/Atf2/Runx2/Psen1"
"GOBP_BODY_MORPHOGENESIS",0.112250503570775,0.294657571873283,0.0564803168541392,-0.407125088039817,-1.32476129222734,28,"Tiparp/Csrnp1/Vps13b/Col1a1/Nipbl/Gpc3/Braf/Arid5b/Ankrd11/Nckap1/Mmp2/Grem2/Ift122"
"GOBP_REGULATION_OF_LYSOSOMAL_LUMEN_PH",0.113080798656466,0.296283525788624,0.0568270285718809,-0.472411742142427,-1.36266747428979,17,"Lrrk2/Atp6v0c/Cln5/Lamp2/Ppt1"
"GOBP_SPHINGOLIPID_BIOSYNTHETIC_PROCESS",0.113143052469663,0.296283525788624,0.0542061922482673,-0.318063657479208,-1.26389314261539,70,"B4galnt1/Asah2/Hacd4/St8sia6/Asah1/B3gnt5/B4galt3/Prkd3/Elovl7/Acer3/Abca2/Prkd1/St3gal2/A3galt2/Sgms1/B4galt5/Prkaa1/St8sia4"
"GOBP_REGULATION_OF_SYNCYTIUM_FORMATION_BY_PLASMA_MEMBRANE_FUSION",0.113161819537658,0.296283525788624,0.0567771390242865,-0.49401976290489,-1.37780820370837,15,"Cd53/Il4ra/Ripor2/Adam9/Tyrobp/Tnfsf14"
"GOBP_PYRIMIDINE_NUCLEOTIDE_BIOSYNTHETIC_PROCESS",0.113534675615213,0.297004370488249,0.0566777211926817,-0.454552705589597,-1.34484694422708,19,"Upp1/Umps/Uprt/Slc4a7/Ctps2/Cad/Shmt1"
"GOBP_CYTOKINE_PRODUCTION_INVOLVED_IN_INFLAMMATORY_RESPONSE",0.11366470693034,0.297089298371576,0.0552880218325674,-0.369182696014289,-1.30352526009795,40,"Tlr4/Jak2/Alox5/Ceacam1/Adcy7/Abcd2/Myd88/Zfp36/Zc3h12a/Il1r2"
"GOBP_PROTEIN_EXPORT_FROM_NUCLEUS",0.113910761154856,0.297459949948075,0.0546947688323271,-0.345227457653831,-1.28090675303931,50,"Bag3/Il1b/Xpo1/Egr2/Pkd1/Tpr/Mdm2/Cse1l/Frat2"
"GOBP_GOLGI_VESICLE_TRANSPORT",0.114001892147588,0.297459949948075,0.0516977810497724,-0.260209675012707,-1.1957113208654,177,"Lrrk2/Rnf139/Snap23/Rint1/Vps13c/Rab1a/Hyou1/Exoc6/Arcn1/Scfd1/Atl3/Copg2/Golph3/Insig1/Uhrf1bp1l/Laptm5/Kif16b/Rab10/Sorl1/Mon2/Rbsn/Prkci/Exoc4/Cog5/Mia2/Copa/Arfgef2/Prkd1/Spire1/Yipf6/Trappc10/Pgap1/Rabep1/Tmed10/Vps13a/Rab31/Sptbn1/Exoc5/Ap3s1/Tmed7/Arf4/Bet1/Macf1/Yipf5/Sec23ip/Uvrag/Snx1/Sec24b/Bicd2"
"GOBP_POSITIVE_REGULATION_OF_PROTEIN_TRANSPORT",0.114381698928171,0.298195439414625,0.0520088039998597,-0.268481976954749,-1.20667219441726,151,"Tlr4/Hsp90aa1/Bag3/App/Il1b/Jak2/Wls/Tpr/Mdm2/Adam8/Golph3/Plcb1/Acsl4/Arf6/Cep290/Rac1/Sorl1/Frmd4a/Vegfc/Gpld1/Tmem30a/Adam9/Ect2/Ppid/Serp1/Zc3h12a/Cftr/Fga/Prkd1/Edem1/Tmed10/Nadk/Myh10/Ano1/Pdcd10/Tmem132a/Xbp1/Arhgef5/Chp1/Xpo4/Fgg/Kif20b/Ppm1a/Psen1"
"GOBP_MULTICELLULAR_ORGANISMAL_LEVEL_CHEMICAL_HOMEOSTASIS",0.114640638864241,0.29861483776015,0.0549208699749138,-0.362954408709912,-1.29486763542506,42,"Picalm/Adgrf5/Slc11a1/Tmem63b/Lipa/Fbxl5/Ext2/Cftr/Myo5b/Aqp1/B2m/Vegfa/Itgb6/Rhag"
"GOBP_SEMI_LUNAR_VALVE_DEVELOPMENT",0.11481077147016,0.29880239241593,0.0556148644793071,-0.394993502735236,-1.32005803242377,31,"Smad2/Tgfbr2/Rhoa/Robo2/Rock2/Rock1/Bmp2/Slit2/Rbpj/Jag1/Robo1/Tnfrsf1b"
"GOBP_CARDIAC_SEPTUM_DEVELOPMENT",0.114916550764951,0.298822286147973,0.054250115182477,-0.330715834672689,-1.27175716411625,59,"Bmp5/Ndst1/Smad4/Tgfbr2/Mdm2/Cited2/Robo2/Lrp2/Luzp1/Aplnr/Tgfbr1/Mdm4/Slit2/Sema3c/Rbpj/Jag1/Myh10/Robo1/Eng/Frs2"
"GOBP_TELENCEPHALON_GLIAL_CELL_MIGRATION",0.115398956002983,0.299820666407067,0.0561877308987032,-0.453175868684704,-1.34077341241993,19,"Ctnnb1/Col3a1/Pafah1b1/Rtn4/Mboat7/Wdr47/Syne2"
"GOBP_POSITIVE_REGULATION_OF_LYMPHOCYTE_DIFFERENTIATION",0.115566835871404,0.30000086549738,0.0533057017908063,-0.305801052896214,-1.24593015935606,80,"Ptprc/Anxa1/Cd83/H2-Q7/Tgfbr2/Rhoa/Adam8/Il7r/Nfkbiz/Il4ra/Rag1/Kat5/Vsir/Cr1l/Runx1/Cyld/Xbp1/Sash3/Pirb/Il18/Spi1/Nfkbid/Shb/Zbtb1/Ifng/Il12b"
"GOBP_OLFACTORY_LOBE_DEVELOPMENT",0.115720930232558,0.300103762181359,0.0560429946064997,-0.4794558782167,-1.36281052479167,16,"Lrrk2/Sema3a/Robo2/Rac1/Slit2/Robo1/Srf"
"GOBP_REGULATION_OF_PROTEIN_CONTAINING_COMPLEX_DISASSEMBLY",0.115803586391822,0.300103762181359,0.0529732526440329,-0.29739396420447,-1.23650278942448,91,"Capza1/Washc2/Tmod3/Etf1/Plek/Mid1/Scaf8/Ppp1r10/Sptan1/Eps8/Swap70/Tpx2/Smcr8/Rdx/Setx/Diaph3/Camsap2/Atxn7/Sptbn1/Irgm1/Irgm2/Ppp1ca/Hdgfl3/Uvrag/Wdr47/Irak3/Clec16a"
"GOBP_ANATOMICAL_STRUCTURE_MATURATION",0.116914230953522,0.302724348004655,0.0513538397141682,-0.269149696551946,-1.20695821650495,147,"Lrrk2/App/Tut7/Ctnnb1/Rps6ka2/Ptbp3/Abhd2/Rhoa/Cln5/Arcn1/C3/Ccr6/S1pr1/Ccdc39/Rac1/Rflnb/Agrn/H3f3a/Fzd5/Sclt1/Acvrl1/Bmp2/Nr4a2/Cftr/Slc24a4/Diaph3/Ythdf2/Dchs1/Vegfa/Rac2/B4galt5/Mmp2/Slfn14/Rbpj/Nrcam/Nom1/Ereg/Xbp1/Xylt1"
"GOBP_REGULATION_OF_FIBROBLAST_GROWTH_FACTOR_RECEPTOR_SIGNALING_PATHWAY",0.117342217286693,0.303574385418844,0.0554741407704174,-0.436168601429397,-1.34099057928468,22,"Thbs1/Ctnnb1/Itgb1/Spry4/Fgf2"
"GOBP_REGULATION_OF_VIRAL_TRANSCRIPTION",0.11744966442953,0.303594421212156,0.0556619907567076,-0.489873306973315,-1.36624384651496,15,"Dhx9/Mid2/Ubp1/Zfp36/Larp7/Sp100/Trim13"
"GOBP_STEM_CELL_DIVISION",0.117952041477641,0.30463440737864,0.0600616151238803,0.420350640274027,1.32943894711628,21,"Lbh/Hoxb4/Ndufs6/Vangl2/Fzd7/Cdk2ap2/Wnt7a/Fut10"
"GOBP_POSITIVE_REGULATION_OF_LEUKOCYTE_APOPTOTIC_PROCESS",0.118139534883721,0.304860070949941,0.0554274498121651,-0.478247789675281,-1.35937664097894,16,"Anxa1/Rapgef2/Adam8/Lyn"
"GOBP_RESPONSE_TO_XENOBIOTIC_STIMULUS",0.118379116709668,0.304998674902656,0.0496186107895771,-0.249326372169745,-1.18234078859507,226,"Hsp90aa1/Thbs1/Pde4b/Il1b/Ctnnb1/Fos/Cybb/Fosb/Pon3/Top1/Slc1a3/Xpo1/Ugt1a7c/Ccnt1/Tgfbr2/Kcne2/Mdm2/Jun/Lyn/Col1a1/Nfkbiz/Casp3/Lipa/Itga2/Atr/Adam17/Vegfc/Cyp2j9/Gpld1/Braf/Vav3/Gclm/Becn1/Cenpf/Cyb5b/Cat/Abca2/Creb1/Otc/Rap2a/Sema3c"
"GOBP_PROTEIN_CONTAINING_COMPLEX_LOCALIZATION",0.118393574297189,0.304998674902656,0.0511654200013341,-0.273987690871244,-1.21126449764617,132,"Sacm1l/Xpo1/Nptx1/Numb/Traf6/Fxr1/Mdm2/Kif3b/Atr/Dzip1/Cblb/Tnfaip2/Nrg1/Kif5b/Tyrobp/Rdx/Wasl/Lsg1/Zfp365/Ift88/Zdhhc3/Arc/Ttc21b/Rabep1/Neto2/Wdr35/Stx7/Ipo9/Ralb/Dync2h1/Ift122/Dlg1/Usp32/Ttc21a/Mkln1/Mios/Atad1/Clstn1/Rala/Rpgr"
"GOBP_VENTRICULAR_SEPTUM_DEVELOPMENT",0.118568630941784,0.305191446506959,0.0540314682667677,-0.364264130084001,-1.29231163208127,41,"Smad4/Tgfbr2/Mdm2/Cited2/Robo2/Lrp2/Luzp1/Aplnr/Tgfbr1/Mdm4/Slit2/Rbpj/Robo1/Frs2"
"GOBP_PROTEIN_DNA_COMPLEX_ORGANIZATION",0.118972134156516,0.305326835976354,0.052087355964136,-0.293783270881599,-1.22826144295392,94,"Nfe2/Bdp1/Atrx/Taf4b/Lin54/Cand1/Smarca5/Nfkbiz/Dr1/Taf7/Chd2/Atad2b/H3f3a/Med14/Cenpf/Chaf1a/Creb1/Naa60/Pogz/Baz1a/Psmc6/Esr1/Taf6/Med1"
"GOBP_DNA_RECOMBINATION",0.118984166797304,0.305326835976354,0.05035804219297,-0.257889457098529,-1.19054163490884,183,"Ptprc/Hspd1/Xrcc2/Pcyt1a/Spidr/Wdr48/Actr2/Top2a/Nabp1/Swap70/Nipbl/Kpna1/Il7r/Was/Nfkbiz/Psmd14/Ccr6/Ndfip1/Dclre1c/Morf4l2/Rif1/Kpna2/Topbp1/Rag1/Smc6/Fan1/Mcm6/Smchd1/Yy1/Sycp1/Kat5/Setx/Epc2/Kmt5b/Smarcad1/Zfp365/Eid3/Aste1/Recql/Slx4/Cd40lg/Tex15/Ino80c/Pogz/Kmt5a"
"GOBP_REGULATION_OF_ENDOPLASMIC_RETICULUM_STRESS_INDUCED_INTRINSIC_APOPTOTIC_SIGNALING_PATHWAY",0.119008565700747,0.305326835976354,0.0546050400863614,-0.411870490193282,-1.32214101258197,26,"Lrrk2/App/Hspa1a/Hyou1/Ptpn1/Txndc12/Xbp1/Pmaip1/Bcl2l11/Eif2ak3/Nck2/Fcgr2b/Ikbkg/Serinc3"
"GOBP_FIBROBLAST_GROWTH_FACTOR_RECEPTOR_SIGNALING_PATHWAY",0.119022316684378,0.305326835976354,0.0537722460118177,-0.357150133219982,-1.28641719880687,44,"Thbs1/Ndst1/Flrt3/Ctnnb1/Itgb1/Spry4/Fgf2/Kif16b/Zdhhc16/Iqgap1"
"GOBP_NEGATIVE_REGULATION_OF_NF_KAPPAB_TRANSCRIPTION_FACTOR_ACTIVITY",0.119286510590858,0.305676855895196,0.060711786175293,0.374399394859807,1.29997647583489,30,"Brms1/Parp10/Lrrc14/Nfkbil1/Commd1/Mturn/Pycard"
"GOBP_CORTICAL_ACTIN_CYTOSKELETON_ORGANIZATION",0.119359534206696,0.305676855895196,0.0544711998459118,-0.391938046064257,-1.30984677554658,31,"Fmnl1/Plek/Rock2/Pdcd6ip/Arf6/Rock1/Ect2/Iqgap1/Nckap1/Dlg1/Iqgap3/Ehd2/Pls1/Kcnc3/Plec/Fmnl2/Rtkn/Racgap1"
"GOBP_SMALL_MOLECULE_BIOSYNTHETIC_PROCESS",0.11970802919708,0.305999624828046,0.0482874384163219,-0.236531012104263,-1.16170894343896,316,"Ptgs2/Idi1/Bmp5/Pltp/Il1b/Hsd17b12/Lepr/Lbr/Dhrs9/Alox5/Naip2/Ceacam1/Osbpl9/Slc1a3/Acly/Itpkc/Abhd2/Asah2/Pptc7/Plek/Dhcr24/Sik1/Asns/Hacd4/Insig1/Pnpla8/Lipa/Hmgcr/Asah1/Acsl4/Gch1/Ddb1/Ces1d/Rfk/Abcd2/Aldh18a1/Dgkq/Elovl7/Gnai1/Ppp4r3a/Kpnb1/Acer3/Ptafr/Cth/Bmp2/Plaa/Abca2/Cyp8b1/Cftr/Kdm3a/Creb1/Plcg2/Pcx/Otc/Gpd2/Pgam1/Acaca/Prkaa1/Scd1/Plod2/Apob/Serinc5/Abcd3/Fasn/Aldh1a7"
"GOBP_GLYCOSPHINGOLIPID_METABOLIC_PROCESS",0.119763694951665,0.305999624828046,0.0539014313173232,-0.371922355783596,-1.29888720523361,38,"Hexb/B4galnt1/Gla/St8sia6/B3gnt5/B4galt3/Abca2/St3gal2/A3galt2/B4galt5/Prkaa1/St8sia4"
"GOBP_MORPHOGENESIS_OF_AN_EPITHELIAL_SHEET",0.119787045252884,0.305999624828046,0.0536439029062424,-0.361024163524567,-1.28798133797569,42,"Bmp5/Flrt3/Ceacam1/Itgb1/Rhoa/Phldb2/Adam17/Acvrl1/Jag1/Tmeff2/Pdcd10/Mtor/Srf"
"GOBP_REGULATION_OF_MUSCLE_CONTRACTION",0.120229483661761,0.306699312890986,0.0641447501054599,0.272050518628585,1.20087664244585,94,"Dmpk/Myl9/Tnnt2/Atp1a2/Prkaca/Tmem38a/Tnnt3/Rem1/Ormdl3/Dapk3/Tpm1/Atp2a1/Hrc/P2rx4/Cav3/Kbtbd13/Casq1/Pln/Setd3/Actn3/Trpv4/Ank2/Chrm2/Trdn/Mybpc3/Gstm7/Dsc2/Adra2a/Adra1b/Adora1/Ppp1r12b/Jup/Fgf13/Adra2b/Ryr2/Gsto1/Nppa/Grk2"
"GOBP_REGULATION_OF_GRANULOCYTE_CHEMOTAXIS",0.120262390670554,0.306699312890986,0.0542941356227061,-0.407402871382698,-1.31922849030083,27,"Thbs1/Bst1/Mospd2/Tnfaip6/Ripor2/Rac1/Akirin1/C5ar1/Slit2/Rac2/Mpp1"
"GOBP_RESPONSE_TO_RADIATION",0.120880766926303,0.307615144918257,0.0487095049209452,-0.246477136324544,-1.17911449731684,244,"Ptprc/App/Xrcc2/Fos/Polk/Top1/Spidr/Col3a1/Slc1a3/Mme/Itgb1/Eif2s1/Dusp1/Sik1/Mdm2/Nabp1/Rev1/Dcun1d3/Nipbl/Casp3/Slc7a11/Hmgcr/Dclre1c/Ddb1/Atr/Ifi205/Rp1/Nedd4/Vcam1/Braf/Clock/Ect2/Topbp1/Rhbdd1/Rag1/Cops3/Ppid/Polh/Apobec1/Yy1/Kat5/Cat/Casp7/Tlk2/Crb1/Pbk/Creb1/Slc24a4/Bhlhe40/Ccdc66/Aqp1/Lrrn4/Itgb6/Mmp2/Prkaa1/Ppp1ca"
"GOBP_DENDRITIC_CELL_DIFFERENTIATION",0.120899039332971,0.307615144918257,0.0539880274007771,-0.394191629271932,-1.30749082621584,30,"H2-Q7/Tgfbr2/Traf6/Irf4/Lyn/Azi2/Itgb6/Rbpj/Clec12a/Psen1/Pirb/Spi1"
"GOBP_REGULATION_OF_POSTSYNAPTIC_MEMBRANE_POTENTIAL",0.120924574209246,0.307615144918257,0.0631185759587299,0.29172622173602,1.22697776651985,72,"Dmpk/Kcna2/Gria1/Cdk5/Grik5/Rgs7bp/Celf4/P2rx4/Gabbr1/Wnt7a/Grin1/Stx1a/Mpp2/Eif4a3/Ppp3ca/Snca/Chrnb1/Gabrd/Chrna1/Adora1/Akt1/Gabra4/Arrb2/Grin2c/Npff/Nlgn2/Mapk8ip2/Tmem108"
"GOBP_NATURAL_KILLER_CELL_DIFFERENTIATION",0.121161362367393,0.307960224047337,0.0546947688323271,-0.439859337298819,-1.33622154842665,21,"Ptprc/Nfil3/Sp3/Mertk"
"GOBP_NEGATIVE_REGULATION_OF_PROTEIN_LOCALIZATION_TO_MEMBRANE",0.121860465116279,0.308945580632647,0.0545157133850823,-0.476695138085863,-1.35496336746717,16,"Picalm/Cltc/Numb"
"GOBP_ACUTE_INFLAMMATORY_RESPONSE",0.121861924686192,0.308945580632647,0.0526463909337269,-0.336859942838432,-1.26761075470826,53,"Ptgs2/Il1b/Serpina3n/Adam8/C3/Lipa/Pik3cg/Lcn2/Fcgr1/B4galt1/Dnase1/Il6st/Fn1/Serpina3k/Fcgr2b/Cd6/Ext1/Plscr1/Ednrb/Stat3/F3"
"GOBP_NEGATIVE_REGULATION_OF_TRANSPORT",0.121995192307692,0.308945580632647,0.0485460071652527,-0.246667533784433,-1.17695923055676,239,"Thbs1/Lrrk2/Picalm/Il1b/Anxa1/Cd36/Ceacam1/Cd300lf/Cab39/Fmr1/Tpr/Crbn/Kcne2/Pla2r1/Yod1/Insig1/Inhbb/Stxbp6/Rap1b/Cttnbp2nl/Ndfip1/Hmgcr/Cd84/Ubqln1/Acsl4/Arf6/Rin3/Rac1/Nedd4/Frmd4a/Smcr8/Nrg1/Braf/Gnai1/Klf7/Calm1/Ndfip2/H2-Q2/Gpr35/Abca2/Cd300a/Irs1/Grp/Dph3/Prkd1/Mtmr4"
"GOBP_REGULATION_OF_MIRNA_METABOLIC_PROCESS",0.122038765254846,0.308945580632647,0.0534318440975073,-0.369623178335815,-1.2963844779776,39,"App/Fos/Smad4/Jun/Fgf2/Ddx5/Yy1/Bmp2/Zc3h12a/Vegfa/Wt1/Esr1/Srf"
"GOBP_NEGATIVE_REGULATION_OF_LIPID_LOCALIZATION",0.122091941187419,0.308945580632647,0.0544711998459118,-0.439109168591178,-1.33394265718323,21,"Thbs1/Abhd5/Pla2r1/Acsl4/Ces1d/Abca2/Ttc39b"
"GOBP_POSITIVE_REGULATION_OF_PROTEOLYSIS_INVOLVED_IN_PROTEIN_CATABOLIC_PROCESS",0.122252282718972,0.308945580632647,0.0516977810497724,-0.297760987200005,-1.22998992756344,88,"Lrrk2/Hspa1b/Rnf139/Hspa1a/Il33/Neurl3/Fmr1/Zfand2a/Kcne2/Mdm2/Socs4/Laptm5/Ubqln1/Ifi205/Tmtc3"
"GOBP_CELLULAR_RESPONSE_TO_CALCIUM_ION",0.122259252762673,0.308945580632647,0.0527275912884147,-0.350243826807314,-1.27772478395299,46,"Cacybp/Fos/Fosb/Itpkc/Clic4/Jun/Inhbb/Braf/Ect2/Iqgap1/Kcnh1/Plcg2/Prkaa1/Cpne3/Alox15/Slc25a24"
"GOBP_NEGATIVE_REGULATION_OF_PHOSPHORYLATION",0.122387053270398,0.309012087237447,0.0515824416487845,-0.306035191026078,-1.24047555910868,77,"Dnaja1/Ptprc/Samsn1/Prkch/Ceacam1/Dusp1/Lyn/Socs4/Taf7/Ptpn22/Ptpn1/Zc3h12a/Cd300a/Slit2"
"GOBP_SUBSTRATE_ADHESION_DEPENDENT_CELL_SPREADING",0.122825150732127,0.309861295757521,0.052087355964136,-0.318862864817054,-1.25290811860102,66,"Washc2/Antxr1/Rab1a/Actn4/Rhoa/Nedd9/Spry4/Postn/Crk/Rac1/Braf/Mertk/Parvg/Fga/Tesk1/Itga8/Cdc42/Fgg/Ilk/Dock1/Prex1/Fzd4/Radil/Pxn/Itgb7"
"GOBP_REGULATION_OF_THE_FORCE_OF_HEART_CONTRACTION",0.122973849146315,0.30997961146567,0.0587625026852205,0.459273658540191,1.33999764612095,16,"Atp1a2/Csrp3/Myl4/Pln/Ryr2/Grk2/Myh7/Atp2a2"
"GOBP_REGULATION_OF_AMYLOID_PRECURSOR_PROTEIN_CATABOLIC_PROCESS",0.123461259956553,0.310950816019607,0.0533476589218,-0.379441468638445,-1.29343421459567,34,"App/Picalm/Lyn/Rock2/Casp3/Rtn4/Sorl1/Rock1/Dyrk1a/Abca2/Slc2a13/Tmed10"
"GOBP_POSITIVE_REGULATION_OF_FATTY_ACID_METABOLIC_PROCESS",0.12389878163074,0.311794867822814,0.054250115182477,-0.459294746252434,-1.33753722176646,18,"Ptgs2/Il1b/Abcd2/Plaa/Irs1"
"GOBP_CD8_POSITIVE_ALPHA_BETA_T_CELL_ACTIVATION",0.124086223055295,0.312008711150598,0.0542061922482673,-0.459260337528232,-1.33743701824846,18,"H2-Q7/Vsir/Clec4a3/Runx1/Wdfy4/Pirb/Sh3rf1"
"GOBP_GLYCEROPHOSPHOLIPID_METABOLIC_PROCESS",0.124504989703786,0.312357781798137,0.0494126590359321,-0.262317144188146,-1.19163954747689,163,"Sacm1l/Pik3c2a/Gpam/Pcyt1a/Itpkc/Far1/Abhd5/Pafah1b1/Plcb1/Pigh/Pnpla8/Pigb/Serinc1/Ttc7b/Plcl1/Gpld1/Dgkq/Spata18/Pi4k2b/Pigm/Fig4/Becn1/Mboat7/Plcg2/Pik3cg/Efr3a/Mtmr4/Ttc7/Pgap1/Mboat1/Serinc5/Chpt1/Mtmr6/Uvrag/Osbpl8/Gpcpd1/Alox15/Pik3r5/Mppe1/Dgkz/Dgke/Gde1/Plce1/Inpp5e/Napepld/Osbpl10/Pip4k2a"
"GOBP_REGULATION_OF_MACROAUTOPHAGY",0.124593892137752,0.312357781798137,0.050072872271063,-0.278534571088975,-1.21154750980904,119,"Bag3/Lrrk2/Wac/Atp6v0c/Gnai3/Vps13c/Pptc7/Snx7/Scfd1/Casp3/Ubqln1/Nedd4/Smcr8/Slc25a5/Fzd5/Becn1/Exoc4/Kat5/Vps26a/Snx5/Dele1/Tsc2/Atp6v1a/Scoc/Irgm1/Tbk1/Irgm2/Snx4/Huwe1/Mtor/Uvrag/Clec16a/Sesn3/Ralb"
"GOBP_AMYLOID_PRECURSOR_PROTEIN_CATABOLIC_PROCESS",0.124602332979852,0.312357781798137,0.0524048161202553,-0.352161041286509,-1.27610276896289,45,"App/Picalm/Dhcr24/Lyn/Rock2/Casp3/Adam17/Rtn4/Sorl1/Rock1/Adam9/Dyrk1a/Abca2/Slc2a13/Tmed10"
"GOBP_POSITIVE_CHEMOTAXIS",0.12473079684135,0.312357781798137,0.0528091333836556,-0.368423057394756,-1.29217527722701,39,"App/Hgf/Fgf2/Fpr2/S1pr1/Itga2/Vegfc/Tsc2/Gdnf/Vegfa/Gpnmb/Ccl3/Ptprj"
"GOBP_NEGATIVE_REGULATION_OF_JNK_CASCADE",0.124745888005914,0.312357781798137,0.0536439029062424,-0.428029974950938,-1.33098475475612,23,"Dnaja1/Dusp3/Pafah1b1/Itch/Ptpn22"
"GOBP_CORONARY_VASCULATURE_DEVELOPMENT",0.12484053216694,0.312357781798137,0.0532220567988579,-0.408631046351563,-1.31174210888998,26,"Ndst1/Fgf2/Gpc3/Lrp2/Aplnr/Tgfbr1/Vegfa/Myh10/Srf/Dync2h1/Sec24b"
"GOBP_PROTEIN_LOCALIZATION_TO_MITOCHONDRION",0.125381226702813,0.313098375743387,0.0510532623450575,-0.300283920329974,-1.23121923707865,84,"Dnaja1/Hsp90aa1/Bag3/Hspd1/Lrrk2/Ube2d3/Hspa4"
"GOBP_REGULATION_OF_NUCLEAR_DIVISION",0.125401385837418,0.313098375743387,0.0509788589717893,-0.298751962129772,-1.23023127333605,86,"Il1b/Rps6ka2/Tom1l1/Bub1/Dusp1/Mki67/Tpr/Plcb1/Btc/Tgfa/Bub1b/Cenpf/Knl1/Cdc23/Nusap1/Epgn/Ereg/Cdc42/Cav2/Gen1/Lrp5/Kif20b/Cdc16/Ccnb1"
"GOBP_EPITHELIAL_CELL_MORPHOGENESIS",0.125500910746812,0.313098375743387,0.0530558347956872,-0.396642593525817,-1.30396541293255,29,"Pof1b/Clic4/Luzp1/Rac1/Rock1/Arhgef26/Amotl2/Stc1/Ccdc88c/Dact2/Fat1/Cdh5"
"GOBP_PYRIDINE_CONTAINING_COMPOUND_METABOLIC_PROCESS",0.125547821603506,0.313098375743387,0.0637975135396477,0.26524621076125,1.19646740119607,107,"Uchl1/Pgls/Pfkm/Eno3/Prkaca/Ucp2/Slc25a22/Bpgm/Dcxr/Tpi1/Aldoa/Galk1/Gpi1/Idh2/Naxd/Naprt/Mdh1/Actn3/Ier3/Aldoc/Pfkfb1/Sarm1/Gpd1l/Tigar/Ogt/Mdh2/Naxe/Shpk/Taldo1/Hdac4"
"GOBP_RESPONSE_TO_OXIDATIVE_STRESS",0.126344086021505,0.313942060653227,0.0474718353392469,-0.244359421111588,-1.17257261844268,249,"Ptgs2/Lrrk2/Hspa1b/Arntl/Tnfaip3/Selenop/Hgf/Jak2/Hspa1a/Alox5/Fos/Ncoa7/Usp25/Cd36/Eif2s1/Stk24/Areg/Dusp1/Rcan1/Mdm2/Pla2r1/Il18rap/Ripk1/Col1a1/Casp3/Slc7a11/Pnpla8/Crk/Oser1/Gch1/Ddr2/Stk26/Zfp277/Adam9/Ect2/Rrm2b/Gclm/Pyroxd1/Becn1/Vrk2/Trpc6/Cyb5b/Cat/Zc3h12a/Btg1/Nr4a2/Setx/Srxn1/Epx"
"GOBP_BRANCHING_INVOLVED_IN_BLOOD_VESSEL_MORPHOGENESIS",0.126345083487941,0.313942060653227,0.0533897062472259,-0.440173151323845,-1.3220262478374,20,"Ctnnb1/Tgfbr2/Col4a1/Fgf2/Nrarp/Vegfa/Eng/Srf"
"GOBP_MEMBRANE_LIPID_METABOLIC_PROCESS",0.126347980041848,0.313942060653227,0.0494468248226716,-0.273131248967832,-1.20385886510622,130,"Hexb/B4galnt1/Asah2/Gla/Plpp1/Hacd4/Pigh/Ppt1/St8sia6/Asah1/B3gnt5/B4galt3/Pigb/Serinc1/Prkd3/Pigm/Elovl7/St3gal6/Acer3/Abca2/Prkd1/Smpdl3a/St3gal2/Pgap1/A3galt2/Sgms1/B4galt5/Prkaa1/St8sia4"
"GOBP_POSITIVE_REGULATION_OF_RECEPTOR_INTERNALIZATION",0.126398210290828,0.313942060653227,0.0535163927028445,-0.483727500673824,-1.34910335341393,15,"App/Sele/Fmr1/Aplnr/Plcg2/Vegfa"
"GOBP_POSITIVE_REGULATION_OF_ORGANELLE_ORGANIZATION",0.126401630988787,0.313942060653227,0.0468096768126003,-0.237169516015992,-1.16010590162761,300,"Hsp90aa1/Lrrk2/Hspa1b/Il1b/Yme1l1/Anxa1/Ctnnb1/Washc2/Hspa1a/Bub1/Plek/Atrx/Tpr/Snx7/Rhoa/Ppp1r10/Ncapg/Swap70/Rock2/Smc4/Plcb1/Pdcd6ip/Ocln/Caprin1/Atr/Dzip1/Arf6/Rac1/Rp1/Btc/Tgfa/Smcr8/Braf/Wasf2/Tgfbr1/Becn1/Plk4/Cep135/Cnot2/Yy1/Baiap2l1/Kat5/Tesk1/Cdc23/Prkd1/Spire1/Pak1/Nckap1/Nusap1/Pgam5/Ift88/Ncapg2/Slx4/Irgm1/Ino80c/Epgn/Irgm2/Ereg/Snx4/Cdc42/Mtor/Uvrag/Cenpj/Arhgef5/Pmaip1/Tnks2/Cct2/Ralb/Lrp5/Cdc16/Dlg1/Alox15/Togaram1/Slain1/Tnks/Cct3/Ncapd2/Mapk9/Synpo/Sdcbp/Dstn/Rala/Ooep/Pip4k2a/Hnrnpa2b1/Rb1/Fen1/Bcl2l11/Pxn/Ppm1f/Lig4/Lman1/Smc5/Kdr/Slf2/Limk1/Htt/Tal1/Hck/Msn/Dnm1l/Atg5/Ppp3cb/Numa1/Cct8/Piwil2/Sh3glb1/P2rx7/Cnot6/Nck2/Cx3cl1"
"GOBP_MODULATION_BY_HOST_OF_VIRAL_GENOME_REPLICATION",0.12706976744186,0.315344288394837,0.0533057017908063,-0.473380211697157,-1.34554098518616,16,"Ppib/Fmr1/Tmem41b/Eef1a1/Smc6/Zc3h12a"
"GOBP_ANDROGEN_RECEPTOR_SIGNALING_PATHWAY",0.127209768543831,0.31543464594134,0.0526869485460313,-0.407678243785941,-1.30868352766385,26,"Rnf6/Plpp1/Rhoa/Ddx5/Shq1/Pkn1/Kdm3a"
"GOBP_POSITIVE_REGULATION_OF_LIPID_BIOSYNTHETIC_PROCESS",0.127440725244073,0.315712857859747,0.0513917494830751,-0.334423730862309,-1.2584432399374,53,"Ptgs2/Il1b/Adgrf5/Abcd2/Gpld1/Gnai1/Kpnb1/Kat5/Plaa/Sorbs1/Creb1/Prkaa1/Mtor/Xbp1/Chp1"
"GOBP_PHOSPHATIDYLINOSITOL_BIOSYNTHETIC_PROCESS",0.127529331746302,0.315712857859747,0.0506841501632225,-0.308545567136414,-1.23959969701271,74,"Sacm1l/Pik3c2a/Itpkc/Pigh/Pigb/Ttc7b/Pi4k2b/Pigm/Fig4/Becn1/Mboat7/Plcg2/Pik3cg/Efr3a/Mtmr4/Ttc7/Pgap1/Mtmr6/Uvrag/Mppe1/Dgke/Inpp5e/Pip4k2a/Synj2/Mtm1/Pik3cd/Pik3r1/Atg14/Htr2b/Pik3c2g/Impa2/Pigf/Synj1"
"GOBP_POSITIVE_REGULATION_OF_LEUKOCYTE_DEGRANULATION",0.127675414107575,0.315817738389574,0.0531803682854594,-0.435215787689048,-1.32211519550058,21,"Itgb2/Fgr/Cd177/Il4ra/Itgam/Adora2b/H2-Q2/Snx4/Klrc1"
"GOBP_NEGATIVE_REGULATION_OF_NEURON_APOPTOTIC_PROCESS",0.128115653040877,0.316416896062527,0.0499319098614031,-0.290189376458005,-1.21770689947142,96,"Xrcc2/Ctnnb1/Jak2/Naip2/Cpeb4/Kdm2b/Hyou1/Rhoa/Jun/Adam8/Fgf2/Fpr2/Ppt1/Rock1/Braf/Rasa1/Gclm/Btg2/Prkci"
"GOBP_CELL_JUNCTION_ASSEMBLY",0.128125462346501,0.316416896062527,0.0468688605343353,-0.239378270827724,-1.16146269279215,280,"Thbs1/Dusp3/Prkch/App/Il1b/Flrt3/Capza1/Ctnnb1/Pof1b/Ston1/Pkn2/Nptx1/Vmp1/Ace2/Actg1/Rhoa/Rapgef2/Robo2/Rock2/Lama3/Rap1b/Pdcd6ip/Crk/Ocln/Itga2/Phldb2/Caprin1/Arf6/Rtn4/Rac1/Aplnr/Cyfip2/Rock1/Agrn/Fzd5/Ect2/Ptpn1/Shank3/Mpp7/Gabra3/Epha2/Acvrl1/Dst/Pcdh17/Sorbs1/Senp1/Rap2a/Negr1/Vegfa/Ptpn13/Map4k4/Myo9a/Nrcam/Tjp1/Macf1/Cdc42/Gpm6a/Farp1/Tbcd/Cldn8/Srf"
"GOBP_REGULATION_OF_FIBROBLAST_MIGRATION",0.128303262256242,0.316599216831651,0.0524448692657274,-0.407011224531857,-1.30654233635978,26,"Thbs1/Itgb1/Fgf2/Rffl/Ddr2/Rac1/Braf/Pak1/Aqp1"
"GOBP_POLYSACCHARIDE_METABOLIC_PROCESS",0.128454719276899,0.316677353144511,0.051090574302609,-0.3224432714677,-1.25124424483368,62,"Lepr/Ndst1/Cltc/Mgam/Rb1cc1/Chia1/Ppp1r2/Pygl/Phkb/Ext2/Stk40/Irs1/Sorbs1"
"GOBP_REGULATION_OF_CELLULAR_RESPONSE_TO_INSULIN_STIMULUS",0.128709394205443,0.316677353144511,0.0513160055618241,-0.345435712836887,-1.27082329649686,48,"Il1b/Socs3/Kbtbd2/Sorl1/Gpld1/Ptpn1/Atp2b1/Snx5/Irs1/Sorbs1/Pak1/Tsc2/Prkaa1/Mtor/Osbpl8/Fbxw8/Ptprj/Pip4k2a"
"GOBP_LIVER_REGENERATION",0.128719275549806,0.316677353144511,0.0572815437800962,0.465257904449407,1.33584108012078,15,"Rps15/Ucp2/Vtn/Srsf5"
"GOBP_WNT_SIGNALING_PATHWAY",0.128750923872875,0.316677353144511,0.0467212718610304,-0.239721944909544,-1.16207714024193,276,"Lrrk2/Arntl/App/Zbtb33/Ddx3x/Rab5a/Atp6v0c/Tnfaip3/Ctnnb1/Hbp1/Usp34/Wls/Smad4/Rnf146/Scel/Pkd1/Scyl2/Med12/Crbn/Smurf2/Rhoa/Cdk14/Vgll4/Cdc73/Col1a1/Fgf2/Prickle2/Kpna1/Cd24a/Gpc3/Frat2/Ddb1/Rac1/Senp2/Fzd5/Amer2/Bmp2/Tle4/Spin4/Nr4a2/Rnf43/Tmem67/Nrarp/Plcg2/Grk6/Tsc2/Ttc21b/Ccny/Rbpj/Amotl2/Tmem170b/Prkaa1/Ppp1ca/Lrrk1/Tmem132a/Macf1/Cdc42/Cyld/Ppp2ca/Tnks2/Tmem64/Lrp5/Tcf7/Ppm1a/Ilk/Psen1"
"GOBP_NUCLEOSIDE_DIPHOSPHATE_CATABOLIC_PROCESS",0.129422939919259,0.318073326920213,0.0601199218047462,0.299640448499807,1.22504590920255,63,"Uchl1/Pfkm/Eno3/Prkaca/Ucp2/Bpgm/Entpd2/Tpi1/Aldoa/Galk1/Gpi1/Actn3/Ier3/Aldoc/Pfkfb1"
"GOBP_MAINTENANCE_OF_BLOOD_BRAIN_BARRIER",0.129622848773343,0.318307721382927,0.0522851537507428,-0.411931373428134,-1.30964946765256,25,"Tspan12/Itgb1/Actg1/Lama2/Ocln/Vegfa/Tjp1/Jam2/Cdh5/Cldn1/Slc12a2/Mfsd2a/Gjb6/Slc1a1/Cldn12/Wnk3"
"GOBP_ACETYL_COA_BIOSYNTHETIC_PROCESS",0.130228546787408,0.319228268067003,0.0569271714142935,0.464203673452962,1.33281418888579,15,"Bckdk/Pdk2/Pdhx/Mlycd/Dlat/Pdk1/Acat1"
"GOBP_ICOSANOID_TRANSPORT",0.130297982602258,0.319228268067003,0.0524448692657274,-0.427246757558469,-1.31356057047259,22,"Ptgs2/Il1b/Anxa1/Pla2r1/Pnpla8/Acsl4"
"GOBP_TELOMERE_MAINTENANCE_IN_RESPONSE_TO_DNA_DAMAGE",0.13031222896791,0.319228268067003,0.0570783025835191,0.419750707775286,1.30987974212821,20,"Tfpt/Xrcc1/Rtel1/Ino80b/Mcrs1/Shld1"
"GOBP_GLUCOSAMINE_CONTAINING_COMPOUND_METABOLIC_PROCESS",0.131431767337808,0.321467861969204,0.0524048161202553,-0.481441840677087,-1.34272870743646,15,"Hexb/Pgm3/Chia1/Chil1/Gnpda2"
"GOBP_PROTEIN_CONTAINING_COMPLEX_DISASSEMBLY",0.131437598736177,0.321467861969204,0.0479063974146957,-0.258300816628617,-1.18273614385046,172,"Hspa8/Cltc/Capza1/Washc2/Tmod3/Nfe2/Abce1/Nckap5/Snap29/Vmp1/Etf1/Plek/Mid1/Scaf8/Ppp1r10/Lamp2/Sptan1/Eps8/Swap70/Kif18a/Ubqln1/Atad2b/Tpx2/Smcr8/Kif5b/Becn1/Calm1/Mical2/Rdx/Setx/Diaph3/Camsap2/Atxn7/Sptbn1/Irgm1/Irgm2/Ppp1ca/Hdgfl3/Uvrag/Wdr47/Faf2/Irak3/Clec16a"
"GOBP_PHOSPHATIDYLINOSITOL_METABOLIC_PROCESS",0.131724484665661,0.32178867432548,0.0494126590359321,-0.292470415544759,-1.21603168918582,91,"Sacm1l/Pik3c2a/Itpkc/Plcb1/Pigh/Pigb/Ttc7b/Plcl1/Pi4k2b/Pigm/Fig4/Becn1/Mboat7/Plcg2/Pik3cg/Efr3a/Mtmr4/Ttc7/Pgap1/Mtmr6/Uvrag/Pik3r5/Mppe1/Dgke/Plce1/Inpp5e/Pip4k2a/Synj2/Mtm1/Lclat1/Pik3cd"
"GOBP_ORGANIC_ACID_METABOLIC_PROCESS",0.131780123771387,0.32178867432548,0.0744947003424623,0.201442270312067,1.10026534291414,476,"Lypla2/Uchl1/Gpx4/Bckdk/Pdk2/Mcee/Dbi/Cygb/Fabp3/Slc25a42/Ivd/Park7/Pfkm/Ndufs6/Mif/Eno3/Atp1a2/Prkaca/Rbp1/Vdac1/Mid1ip1/Bcat2/Cyp2a5/Ucp2/Amacr/Bpgm/Dcxr/Azin2/Cyp2u1/Plp1/Ddah2/Tpi1/Aldoa/Acbd4/Galk1/Mrps36/Amdhd2/Hadh/Gpi1/Slc25a16/Ndufab1/Alkbh7/Hagh/Gpx1/Gpt/Sdsl/Papss2/Qdpr/Renbp/Shmt2/Idh2/Abcd4/Gstm2/Pycard/Bckdhb/Ppa2/Glul/Acot6/Pdhx/Tst/Asrgl1/Idh3b/Asnsd1/Acsbg1/Mdh1/Slc6a8/Actn3/Ier3/Hadhb/Mecr/Hacd1/Gcat/Echdc2/Aldh5a1/Aldoc/Fpgs/Cdo1/Etfbkmt/Sdhb/Pfkfb1/Cbr1/Me3/Gstm7/Nans/Ptges2/Echs1/Mlycd/Apip/Dlat/Pecr/Cyp46a1/Cs/Thnsl2/Fmo4/Psph/Pdk1/Adssl1/Fgfr1/Snca/Crym/Mpst/Ptgds/Hacl1/Akr1a1/Asl/Aasdh/Acads/Tigar/Ddc/Plin5/Ogt/Lias/Mdh2/Ttc36/Acat1/Mthfd1/Cyp2d22/Nr1d1/Abcd1/Gstm4/Thap4/Mgst2/Cryl1/Sucla2/Ddo/Ptgis/Sdhaf3/Elovl4/Hdac4/Gpt2/Mthfs/Amt/Gsto1/Gnpda1/Gpat4/Dagla/Ggt6/Insig2/Got1l1/Mthfd1l/Gldc/Stat5b/Scly/Gck/Naaa/Lpl/Eci2/Fahd2a/Mcat/Nudt19/Akt1/Sdha"
"GOBP_REGULATION_OF_OSTEOBLAST_DIFFERENTIATION",0.132207437734562,0.322573435818702,0.049792010581661,-0.309934399262664,-1.23554128254333,71,"Ipo7/Hgf/Ctnnb1/Gdpd2/Areg/Acvr2a/Fgf2/Ddx5/Npnt/Tnfaip6/Ddr2/Vegfc/Bmpr1b/Bmp2/Prkd1/Vegfa/Jag1/Tmem64/Lrp5/Ilk/Runx2/Crim1/Il6st/Tent5a/Noct/Taok3"
"GOBP_REGULATION_OF_GLIAL_CELL_PROLIFERATION",0.132507854370726,0.323047571304133,0.0519305727398162,-0.423794023364092,-1.31781281046735,23,"Prkch/Il1b/Lyn/Vegfc/Prkci/Slc7a5/Creb1/Dicer1/Rnf10/Rb1"
"GOBP_MICROVILLUS_ORGANIZATION",0.13265306122449,0.323142857142857,0.0520088039998597,-0.436867130749185,-1.31209686899536,20,"Mink1/Rapgef6/Rapgef2/Rap1b/Stk26/Rdx/Rap2a/Map4k4/Fxyd5/Pls1"
"GOBP_DNA_SYNTHESIS_INVOLVED_IN_DNA_REPAIR",0.13287747181667,0.323158207317336,0.0518526599597102,-0.423587995921516,-1.31717215583759,23,"Polk/Rev1/Rrm2b/Nynrin/Polh/Sycp1/Usp10/Dtl/Rev3l/Zbtb1/Vcp"
"GOBP_POSITIVE_REGULATION_OF_G1_S_TRANSITION_OF_MITOTIC_CELL_CYCLE",0.13294268449002,0.323158207317336,0.0515824416487845,-0.398252595048656,-1.29589071749356,28,"Ddx3x/Anxa1/Mdm2/Plcb1/Kmt2e/Adam17/Ddr2/Ccne2/Rdx"
"GOBP_FEMALE_MEIOTIC_NUCLEAR_DIVISION",0.132977745080007,0.323158207317336,0.0516977810497724,-0.41499102469952,-1.30535829485834,24,"Orc4/Top2a/Ddb1/Ubb/Marf1/Spire1/Ereg/Sycp2/Ccnb2/Dcaf13/Mastl"
"GOBP_MRNA_TRANSCRIPTION",0.134225759768452,0.325930971686551,0.0509788589717893,-0.378082615147013,-1.28053754997105,33,"Taf4b/Ddx5/Nfkbiz/Taf7/C5ar1/Creb1/Hltf/Ereg/Ncbp1/Taf6/Atf2/Med1"
"GOBP_NEGATIVE_REGULATION_OF_CYTOKINE_PRODUCTION_INVOLVED_IN_INFLAMMATORY_RESPONSE",0.13473995928188,0.326698342136271,0.0515059350751614,-0.425313416530443,-1.30761655685806,22,"Jak2/Ceacam1/Adcy7/Abcd2/Zfp36/Zc3h12a/Il1r2"
"GOBP_WALKING_BEHAVIOR",0.134756360500216,0.326698342136271,0.0558992795229295,0.423574508448416,1.30677073890355,19,"Uchl1/Fxn/Cend1/Hexa/Htra2/Large1/Zfp212/Arrb2"
"GOBP_REGULATION_OF_ACUTE_INFLAMMATORY_RESPONSE",0.135046473482777,0.326937553148223,0.0510160239838462,-0.4027450996823,-1.29284769505215,26,"Ptgs2/Il1b/Adam8/C3"
"GOBP_GAMMA_DELTA_T_CELL_ACTIVATION",0.13506976744186,0.326937553148223,0.0515824416487845,-0.467719641366175,-1.32945131943406,16,"Ptprc/Jaml/Cxadr"
"GOBP_REGULATION_OF_CELL_SIZE",0.136015637726014,0.328965541601043,0.0478123851715253,-0.27562408063526,-1.19503574043057,117,"Hsp90aa1/Sema3a/Rnf6/Plek/Sema6d/Rb1cc1/Rhoa/Pafah1b1/Akt3/Il7r/Rtn4/Rac1/Vav3/Shank3/Map2/Cdkl5/Rdx/Creb1/Prkd1/Pak1/Aqp1/Vegfa/Tnfrsf12a/Nrcam/Spg20/Macf1/Mtor/Srf/Iqgap3/Xk/Pum2/Rptor/Shtn1/Kel/Limk1/Slc12a2/Msn/Fn1/Sema4d/Epha7/P2rx7/Slc12a6/Cdh1/Gprc5b/Ntn1/Sin3a/Map3k7/Ret/Map3k13/Aqp4/Rab21"
"GOBP_POSITIVE_REGULATION_OF_RESPONSE_TO_WOUNDING",0.1362167982771,0.329190595836324,0.05035804219297,-0.363478993865931,-1.27483489493345,39,"Thbs1/Anxa1/Cd36/Itgb1/Actg1/Ocln/Ddr2/Braf"
"GOBP_REGULATION_OF_STEROID_METABOLIC_PROCESS",0.136680613668061,0.329862397670006,0.0494810541413483,-0.331626161509974,-1.24791593007627,53,"Bmp5/Ddx20/Insig1/Asah1/Ces1d/Dgkq/Gnai1/Kpnb1/Bmp2/Abca2/Creb1/Ttc39b/Prkaa1/Apob/Abcg1/Atp1a1/Scp2/Ifng"
"GOBP_REGULATION_OF_DNA_RECOMBINATION",0.136711443632035,0.329862397670006,0.0488083137912282,-0.30554187250346,-1.22753217975266,74,"Ptprc/Spidr/Wdr48/Actr2/Kpna1/Il7r/Was/Ndfip1/Morf4l2/Rif1/Kpna2/Smchd1/Kat5/Epc2/Kmt5b/Smarcad1/Zfp365/Tex15/Kmt5a"
"GOBP_CALCIUM_MEDIATED_SIGNALING",0.136899076727157,0.330053593534595,0.0470476102932455,-0.265845632427226,-1.18730565030503,142,"Ptprc/Ccr1/Lrrk2/Car8/Cxcr2/App/Sele/Nfam1/Bst1/Ptbp1/Jpt2/Plek/Rcan1/Mctp2/Fpr2/Ccr6/Nfat5/Ccr3/Tpcn2"
"GOBP_REGULATORY_T_CELL_DIFFERENTIATION",0.137331112344994,0.330731446357358,0.0509788589717893,-0.424181923083775,-1.30413780564229,22,"Ceacam1/H2-Q7/Kat5/Vsir/Cr1l/Pirb/Ifng/Dusp10/Ctla4"
"GOBP_POSITIVE_REGULATION_OF_TELOMERE_MAINTENANCE_VIA_TELOMERE_LENGTHENING",0.137397464578673,0.330731446357358,0.0511654200013341,-0.476611311665305,-1.3292564883059,15,"Hsp90aa1/Ctnnb1/Atr/Tnks2/Cct2/Tnks/Cct3/Hnrnpa2b1"
"GOBP_UNSATURATED_FATTY_ACID_BIOSYNTHETIC_PROCESS",0.138205499276411,0.332413700866249,0.0501793000881204,-0.376727598916313,-1.27594821130612,33,"Ptgs2/Il1b/Pnpla8/Acsl4/Abcd2/Elovl7/Plaa/Scd1/Alox15/Daglb/Acox1/Scp2"
"GOBP_RESPONSE_TO_AMINE",0.138326954620011,0.332443233479032,0.05035804219297,-0.401244625393834,-1.28803103874309,26,"Jak2/Fosb/Cnr2/Itga2/Rrm2b/Myd88/Nr4a2"
"GOBP_RESPONSE_TO_METAL_ION",0.138597033374536,0.332569784003642,0.0459731894695299,-0.251682768529346,-1.17277974646139,194,"Thbs1/Lrrk2/Cacybp/App/Fos/Cybb/Fosb/Eif2s1/Itpkc/Dusp1/Nptx1/Clic4/Slc11a1/Mdm2/S100a8/Jun/Atf1/Adcy7/Slc30a4/Inhbb/Casp3/Anxa11/Nedd4/Vcam1/Braf/Adam9/Ect2/Becn1/Calm1/Iqgap1/Kcnh1/Cat/Creb1/Fga/Plcg2/Otc/Aqp1/Loxl2/B2m/Homer1/Cpox/Slfn14/Prkaa1/Ppp1ca/Ppp2ca/Mttp/Cpne3/Fgg/Lcn2/Ccnb1/Alox15/Npc1/Slc25a24/Mapk9"
"GOBP_NEGATIVE_REGULATION_OF_ENDOCYTOSIS",0.138598047914818,0.332569784003642,0.0495841253138098,-0.353824817474269,-1.26229711986716,42,"Picalm/Cd300lf/Arf6/Rin3/Rac1/Abca2/Cd300a/Prkd1/B2m"
"GOBP_NEGATIVE_CHEMOTAXIS",0.13879781420765,0.332786885245902,0.0502505914554093,-0.391851257705914,-1.28821386155386,29,"Flrt3/Sema3a/Sema6d/Rhoa/Robo2/Nrg1/Slit2/Sema3c/Robo1"
"GOBP_POSITIVE_REGULATION_OF_DEFENSE_RESPONSE_TO_VIRUS_BY_HOST",0.139028475711893,0.333077662110711,0.0507941255783484,-0.427606438087783,-1.29899922172323,21,"Hsp90aa1/Trim44/Dtx3l/Zc3h12a/Pirb/Tomm70a/Il12b"
"GOBP_MITOCHONDRION_DISTRIBUTION",0.140007457121551,0.335086169742535,0.0506476343598228,-0.474433243258739,-1.32318191246067,15,"Lrrk2/Pkd1/Kif5b/Myo19/Armc1/Trak2/Mtm1/Dnm1l"
"GOBP_EYE_MORPHOGENESIS",0.140086927449014,0.335086169742535,0.0477188632185394,-0.289578150163376,-1.20808531055736,93,"Tspan12/Ctnnb1/Adamts9/Kdm2b/Cited2/Fgf2/Nipbl/Fat3/Cep290/Rp1/Fzd5/Sp3/Col8a2/Fbn1/Prkci/Epha2/Yy1/Crb1/Aqp1/Vegfa/Jag1/Efemp1/Hipk2/Frs2/Lrp5/Ift122/Man2a1/Gnat1"
"GOBP_SYNAPSE_MATURATION",0.140854326396495,0.336657318585029,0.0550577664801399,0.389856826678987,1.27782056295726,24,"Nfatc4/Palm/Pfn1/Dab2ip/Arhgef15/Neurl1a/Cx3cr1"
"GOBP_DIOL_METABOLIC_PROCESS",0.141563481796341,0.338086903584202,0.050108280606711,-0.419135907492098,-1.30332812113638,23,"Asah2/Plpp1/Lrp2/Asah1/Gch1/Acer3/Abca2"
"GOBP_REGULATION_OF_MEMBRANE_POTENTIAL",0.142259414225941,0.339115636505193,0.0645685196273197,0.223138478517171,1.13688678493763,239,"Fxyd1/Dmpk/Kcna2/Park7/Slc8b1/Ndufs6/Atp1a2/Ucp2/Kcnh2/Pink1/Gria1/Cdk5/Actn2/Slc4a3/Grik5/Stox1/Kctd7/Bax/Rgs7bp/Celf4/Myh14/P2rx4/Ndufc2/Gabbr1/Wnt7a/Cav3/Abcc8/Kcnj11/Ppa2/Grin1/Kcnn4/Pln/Ppif/Ank2/Tbx5/Ntrk2/Agt/Stx1a/Mapt/Trdn/Tbx18/Bves/Mpp2/Eif4a3/Bnip3/Dsc2/Ppp3ca/Kcng1/Wwp2/Akap6/Kcnj3/Snca/Scn8a/Gpd1l/Popdc2/Ywhae/Chrnb1/Scn4b/Gabrd/Chrna1/Adora1/Abcd1/Mfn1/Jup/Ntrk3/Atp1b2/Fgf13/Kcna5/Ryr2/Myoc"
"GOBP_AMIDE_BIOSYNTHETIC_PROCESS",0.14227309893704,0.339115636505193,0.0467506909493571,-0.281702479782972,-1.19728601214397,102,"Hsd17b12/Arg2/Acly/B4galnt1/Asah2/Asns/Ppt1/Slc7a11/St8sia6/Asah1/B4galt3/Acsl4/Elovl7/Gclm/Acsl5/Pdk3/Otc/St3gal2/Sgms1/B4galt5/Acaca/Chac1/Prkaa1/St8sia4/Fasn/Bloc1s6"
"GOBP_IMMUNE_RESPONSE_TO_TUMOR_CELL",0.142328336109569,0.339115636505193,0.050002257314372,-0.421720945658518,-1.29657158576244,22,"Hspd1/Pvr/Ceacam1/H2-Q7"
"GOBP_SENSORY_PERCEPTION_OF_PAIN",0.142698624056813,0.339732064310396,0.0550577664801399,0.361067634000808,1.26402483455861,31,"Mapk3/Kcna2/Penk/Cdk5/P2rx4/Npy1r/Tmem100"
"GOBP_CALCIUM_ION_TRANSPORT_INTO_CYTOSOL",0.142857142857143,0.33984375,0.054250115182477,0.449044425914889,1.31015237329799,16,"Bax/P2rx4/Grin1/Adcyap1r1/Tmbim6/Ryr2"
"GOBP_PHOSPHOLIPID_TRANSPORT",0.14312911041883,0.340224934602137,0.0480641860346252,-0.327020032380313,-1.24240372916464,55,"Atp11c/Pltp/Atp11b/Vmp1/Atp8b4/Tmem63b/Tmem41b/Tmem30a/Atp10a/Esyt1/Serinc5/Mttp/Osbpl8/Slc4a1/Clptm1l/Abcg1/Osbpl10/Scp2/Atp10b/Mfsd2a/Xrcc4/P2rx7/Plekha8/Serinc3/Tmem30b/Ldlr/Plscr1"
"GOBP_MOLTING_CYCLE",0.143479776847978,0.340792449689619,0.0481914203071104,-0.329148652666217,-1.23859301436011,53,"Arntl/Ctnnb1/Smad4/Nipbl/Mpzl3/Krt83/Clock/Mysm1/Rbpj/Nom1/Gorab/Edar/Farp2/Tmem79/Tnfrsf19/Pum2"
"GOBP_DEVELOPMENTAL_INDUCTION",0.143599257884972,0.340810397708293,0.0498268864819582,-0.430687315961921,-1.29353626998797,20,"Ctnnb1/Fgf2/Robo2/Fzd5/Bmp2/Gdnf/Hipk2/Robo1/Frs2"
"GOBP_REGULATION_OF_INTRACELLULAR_TRANSPORT",0.143784639746635,0.340984601268305,0.0456661013731298,-0.257915392186686,-1.17364971692552,165,"Hsp90aa1/Bag3/Lrrk2/Il1b/Ndel1/Dhx9/Jak2/Rnf139/Cd36/Rint1/Xpo1/Tpr/Mdm2/Yod1/Scfd1/Dnajc13/Insig1/Frat2/Cep290/Sorl1/Nedd4/Tmem30a/Ect2/Ptpn1/Map2/Zc3h12a/Abca2/Rdx/Iws1/Prkd1/Mtmr4/Pgap1/Ttc21b/Edem1/Svip/Pdcd10/Yipf5/Xbp1/Arhgap8/Chp1/Xpo4/Kif20b/Sec24b/Ppm1a/Psen1/Ppp1r12a/Thoc2"
"GOBP_NEPHRON_DEVELOPMENT",0.144345488153252,0.342048257919573,0.0470775782332911,-0.290184227052116,-1.20424395596865,90,"Sec61a1/Ctnnb1/Smad4/Col4a3/Pkd1/Enpep/Fgf2/Cd24a/Gpc3/Npnt/Iqgap1/Bmp2/Hs2st1/Dchs1/Aqp1/Gdnf/Vegfa/Jag1/Wt1/Dlg1/Ilk/Plce1/Six4/Gpr4"
"GOBP_MONOCARBOXYLIC_ACID_CATABOLIC_PROCESS",0.144879660217084,0.343047095926143,0.0564312611344041,0.306424171841416,1.22213970560569,56,"Mcee/Ivd/Amacr/Dcxr/Hadh/Abcd4/Hadhb/Echdc2/Etfbkmt/Echs1/Mlycd/Dlat/Hacl1/Akr1a1/Acads/Plin5/Acat1/Abcd1/Cryl1/Eci2/Mcat/Nudt19/Akt1/Fah"
"GOBP_HETEROTYPIC_CELL_CELL_ADHESION",0.145554961696063,0.344186050785902,0.0483839694551487,-0.357301146530082,-1.26157340252452,40,"Ptprc/Itgb2/Il1b/Itgb1/Cxadr/Vcam1/Itgam/Fga/Nrcam/Itgad/Fgg/Pirb"
"GOBP_REGULATION_OF_NUCLEOCYTOPLASMIC_TRANSPORT",0.145586743320933,0.344186050785902,0.047017692971269,-0.300385879766033,-1.21372848216958,76,"Hsp90aa1/Bag3/Il1b/Dhx9/Jak2/Cd36/Xpo1/Tpr/Mdm2/Frat2/Nedd4/Ect2/Zc3h12a/Iws1/Prkd1/Xbp1/Chp1/Xpo4/Ppm1a/Psen1/Ppp1r12a/Thoc2/Ipo5/Cpsf6/Sp100/Ifng"
"GOBP_EPITHELIAL_STRUCTURE_MAINTENANCE",0.146196660482375,0.344618031289893,0.0493445172546303,-0.429115734824542,-1.2888161467638,20,"Tlr4/Serpina3n/Cxadr/Strap/Srf/Ildr1/Il10ra/Serpina3k/Prrc1/Muc13/Tlr9"
"GOBP_POSITIVE_REGULATION_OF_CALCIUM_MEDIATED_SIGNALING",0.146204140937159,0.344618031289893,0.0487753178893387,-0.37752955981413,-1.26955408788963,32,"Ptprc/Car8/App/Ptbp1"
"GOBP_NEGATIVE_REGULATION_OF_EPITHELIAL_CELL_PROLIFERATION",0.146263104497802,0.344618031289893,0.0468985269479182,-0.300285226256267,-1.2133217851846,76,"Thbs1/Alox5/Ceacam1/Col4a3/Klf9/Cask/Cdc73/Gpc3/Tgfbr1/Acvrl1/Trim24/B2m/Krit1/Ereg/Pdcd10/Robo1/Eng/Cav2/Dlg1/Med1/Irf6/B4galt1/Rb1/Il12b/Sparc/Eppk1/Dusp10/Ift74/Pex2/Stk3/Cdk6"
"GOBP_REGULATION_OF_PROTEIN_LOCALIZATION_TO_NUCLEUS",0.14630467571644,0.344618031289893,0.0466625806686436,-0.288507667205713,-1.19955539859222,91,"Hsp90aa1/Bag3/Ipo7/App/Jak1/Jak2/Cd36/Tpr/Dtx3l/Ifi205/Ect2/Mfhas1/Zc3h12a/Tesk1/Prkd1/Mtor/Xbp1/Sox7/Cct2/Chp1/Psen1/Ywhaz/Larp7/Cct3/Ipo5/Tmem98/Ifng/Fyn/Kat7/Eif2ak3/Mark3/Ppp3cb/Cct8/Cdh1/Sumo1/Pik3r1/Otud7b/Parp1/Sin3a"
"GOBP_NEGATIVE_REGULATION_OF_WNT_SIGNALING_PATHWAY",0.146335341365462,0.344618031289893,0.058008949856548,0.264457450789142,1.17319219396877,96,"Nfatc4/Shisa2/Igfbp4/Rbx1/Sox10/Stk11/Dact1/Tmem88/Lzts2/Dab2ip/Sfrp5/Mesp1/Dkk2/Prickle1/Sox13/Nkd1/Sox2/Tbx18/Dact3/Tcf7l2/Cby1/Axin2/Sost/Fuz/Nkd2/Tpbgl/Mcc/Hdac1/Nxn/Fzd6/Ubac2/Otud5/Nppa/Ppp2r3a/Fgf9/Wnt11"
"GOBP_NEUROMUSCULAR_PROCESS_CONTROLLING_BALANCE",0.146493316242446,0.344723452827086,0.0489408978432111,-0.39281663821059,-1.2782024309771,28,"Hexb/Slc1a3/Pafah1b1/Herc1/Shank3/Ankfn1/Vps13a/Myh10/Aars/Gpr88"
"GOBP_TISSUE_HOMEOSTASIS",0.146913383314723,0.345444982388674,0.0453100651044091,-0.26276301847348,-1.1774026214999,146,"Tlr4/Tspan12/Tnfaip3/Ctnnb1/Col3a1/Itgb1/Serpina3n/Traf6/Cxadr/Actg1/Vps13b/Akt3/Adam8/Lama2/Nfkbiz/S1pr1/Lipa/Ocln/Rac1/Rp1/Dram2/Crb1/Strap/Ccdc66/Vegfa/Rac2/Acaca/Ildr2/Lrrk1/Tjp1/Aldh1a7/Sash3/Tmem64/Srf/Rdh12"
"GOBP_HORMONE_MEDIATED_SIGNALING_PATHWAY",0.147116324535679,0.345463814366614,0.0458050138104871,-0.277014793410486,-1.19266978836008,110,"Arntl/Zfp366/Jak2/Trim16/Rnf6/Strn3/Abhd2/Actn4/Plpp1/Rhoa/Cdk12/Ddx5/Taf7/Nedd4/Clock/Shq1/Cnot2/Trim24/Pkn1/Kdm3a/Pak1/Ddx54/Ghr/Nr3c2/Pim1/Esr1/Med1/Adipor2/Pias2/Padi2/Sp100/Tmf1/Ncoa3/Ctbp2"
"GOBP_MONOCARBOXYLIC_ACID_METABOLIC_PROCESS",0.147161433555344,0.345463814366614,0.0654401996471083,0.212324583918123,1.11508156052059,314,"Lypla2/Uchl1/Gpx4/Bckdk/Pdk2/Mcee/Dbi/Cygb/Fabp3/Slc25a42/Ivd/Park7/Pfkm/Ndufs6/Mif/Eno3/Prkaca/Rbp1/Vdac1/Mid1ip1/Cyp2a5/Ucp2/Amacr/Bpgm/Dcxr/Cyp2u1/Plp1/Tpi1/Aldoa/Acbd4/Galk1/Hadh/Gpi1/Slc25a16/Ndufab1/Alkbh7/Hagh/Gpx1/Shmt2/Idh2/Abcd4/Gstm2/Acot6/Pdhx/Acsbg1/Slc6a8/Actn3/Ier3/Hadhb/Mecr/Hacd1/Echdc2/Aldh5a1/Aldoc/Etfbkmt/Pfkfb1/Cbr1/Me3/Gstm7/Ptges2/Echs1/Mlycd/Dlat/Pecr/Cyp46a1/Thnsl2/Fmo4"
"GOBP_NEGATIVE_REGULATION_OF_NUCLEOCYTOPLASMIC_TRANSPORT",0.147261750754636,0.345463814366614,0.0533057017908063,0.415739622518678,1.28259931340126,19,"Park7/Pkig/Cdk5/Hdac3/Txn1"
"GOBP_ALCOHOL_METABOLIC_PROCESS",0.148375906654052,0.347243971186972,0.0447763159319511,-0.25410343068867,-1.16765200498537,177,"Idi1/Bmp5/Lepr/Lbr/Slc5a3/Dhrs9/Acly/Itpkc/Asah2/Plek/Dhcr24/Plpp1/Apobr/Insig1/Plcb1/Lipa/Abca5/Hmgcr/Lrp2/Asah1/Gch1/Ces1d/Dgkq/Gnai1/Kpnb1/Acer3/Ptafr/Cat/Bmp2/Aldh3a2/Abca2/Cftr/Plcg2/Ttc39b"
"GOBP_PEPTIDYL_AMINO_ACID_MODIFICATION",0.148384227690483,0.347243971186972,0.0432689513601533,-0.237006125410964,-1.14656520549624,268,"Itgb2/Samsn1/Uspl1/Ctnnb1/Jak2/Topors/Prkx/Top1/Egr2/P3h2/Pkd1/Nek6/Fgr/Mdm2/Nedd9/S100a8/Ripk1/Lyn/Chil1/Socs4/Ifih1/Adam17/Ddr2/Rock1/Nrg1/Braf/Senp2/Ptpn1/Tgfbr1/Dyrk1a/Smc6/Kat5/Cth/Pdk3/Tlk2/Zfp451/Agbl5/Dph3/Senp1/Prkd1/Naa60/Eid3/Loxl2/Zdhhc3/Vegfa/Abi1/Galnt6/Irgm1/Tbk1/Irgm2/Efemp1/Plod2/Senp5/Pdcd10/Hipk2/Kmt5a"
"GOBP_INTEGRIN_ACTIVATION",0.14846511627907,0.347243971186972,0.0490075527572982,-0.460403365742965,-1.30865545922129,16,"Piezo1/Plek/Selp/Rap1b"
"GOBP_MEMBRANE_LIPID_BIOSYNTHETIC_PROCESS",0.148476732507533,0.347243971186972,0.0462571422572702,-0.287940863886581,-1.19998390534373,92,"B4galnt1/Asah2/Hacd4/Pigh/St8sia6/Asah1/B3gnt5/B4galt3/Pigb/Prkd3/Pigm/Elovl7/St3gal6/Acer3/Abca2/Prkd1/St3gal2/Pgap1/A3galt2/Sgms1/B4galt5/Prkaa1/St8sia4"
"GOBP_PHOSPHOLIPID_METABOLIC_PROCESS",0.148613451815535,0.347296976806067,0.0440309113940373,-0.247386649249798,-1.16201585968417,208,"Sacm1l/Pik3c2a/Idi1/Gpam/Pcyt1a/Hexb/Itpkc/Plbd1/Far1/Adgrf5/Abhd5/Plpp1/Pafah1b1/Plcb1/Pigh/Pnpla8/Pigb/Serinc1/Ttc7b/Plcl1/Gpld1/Dgkq/Spata18/Pi4k2b/Pigm/Fig4/Becn1/Plaa/Mboat7/Abca2/Plcg2/Pik3cg/Efr3a/Smpdl3a/Mtmr4/Ttc7/Pgap1/Sgms1/Mboat1/Serinc5/Bloc1s6/Chpt1/Mtmr6/Uvrag/Xbp1/Osbpl8/Gpcpd1/Chp1/Alox15/Pik3r5/Mppe1/Dgkz/Dgke/Gde1/Plce1/Inpp5e/Napepld/Osbpl10/Pip4k2a"
"GOBP_NEUROTROPHIN_SIGNALING_PATHWAY",0.148979591836735,0.347885626643295,0.0488413695513331,-0.428183008702903,-1.28601477550537,20,"Rapgef2/Casp3/Kidins220/Cyfip2/Gfra1"
"GOBP_REGULATION_OF_EXTRACELLULAR_MATRIX_ORGANIZATION",0.149118118653127,0.347942276857296,0.0477499829963807,-0.35589441233608,-1.25660644828771,40,"Timp3/Antxr1/Smad4/Colgalt1/Lama2/Ddr2/Tgfbr1/Bmp2/Ric1/Aebp1/Runx1"
"GOBP_ESTABLISHMENT_OF_EPITHELIAL_CELL_POLARITY",0.149325448161153,0.348105960058086,0.0486766874868098,-0.414998677078713,-1.29046315622881,23,"Rhoa/Golph3/Arf6/Frmd4a/Rap2a/Myo9a/Cdc42/Fat1/Lama1/Msn/Pard3/Sipa1l3/Ttc8/Cyth3"
"GOBP_REGULATION_OF_EPITHELIAL_CELL_APOPTOTIC_PROCESS",0.149416909620991,0.348105960058086,0.0482874384163219,-0.393938876085496,-1.27563015696296,27,"Jak2/Eif2s1/Pla2r1/Btc/Cast/Zfp36/Prkaa1/Esr1/Npc1/Rb1/Tmf1/Zfp36l1/Ppara"
"GOBP_NEGATIVE_REGULATION_OF_SMALL_GTPASE_MEDIATED_SIGNAL_TRANSDUCTION",0.150035893754487,0.349245471562171,0.0477811569268953,-0.357622644882297,-1.25429484126532,39,"Itgb1/Kctd10/Arhgap30/Spry4/Arhgap22/Gmip/Ripor2/Arhgap25/Slit2/Rasa2/Cgnl1/Arhgap17"
"GOBP_PROTEIN_MODIFICATION_BY_SMALL_PROTEIN_REMOVAL",0.150135409614083,0.349245471562171,0.0462571422572702,-0.29372683949613,-1.20149017546869,82,"Uspl1/Usp33/Tnfaip3/Usp12/Usp34/Usp25/Usp16/Vcpip1/Yod1/Psmd14/Itch/Senp2/Cops3/Zc3h12a/Usp24/Otud1/Usp15/Senp1/Usp14/Senp5/Cyld/Usp32/Usp10/Usp39/Otud3/Mindy3"
"GOBP_ETHER_METABOLIC_PROCESS",0.150325581395349,0.349420912480028,0.0486766874868098,-0.459526177013117,-1.30616212857799,16,"Alox5/Far1/Agps/Pafah1b1/Fasn/Chpt1/Agmo"
"GOBP_CARDIAC_MUSCLE_TISSUE_DEVELOPMENT",0.150503444621092,0.349567497232055,0.0588173707216382,0.245028090149458,1.15594356031951,139,"Tbx2/Meis1/Tnnt2/Sgcg/Asb2/Myh11/Obsl1/Hey1/Nprl3/Ttn/Hdac3/Ndrg4/Actn2/Myl7/Csrp3/Fzd7/Tpm1/Sgcb/Cav3/Kcnj11/Mbd3/Hopx/Pln/Tbx5/Mesp1/Prickle1/Id2/Neb/Alpk3/Rxrb/Tbx18/Bves/Mybpc3/Fhod3/Cby1/Akap6/Foxc1/Fgfr1/Mylk3/Msx1/Bmp7/Prmt1/Mbd2/Adprhl1/Ankrd1/Ube4b/Ryr2/Ift20/Pou4f1/Wnt2/Nppa/Large1/Fgf9/Fkbp1a/Arrb2/Yap1/Rbp4/Msc"
"GOBP_POSITIVE_REGULATION_OF_AUTOPHAGY_OF_MITOCHONDRION",0.150632097707307,0.349599647499046,0.052485005744846,0.422702573656414,1.28755039446308,18,"Slc25a4/Park7/Vdac1/Pink1"
"GOBP_WOUND_HEALING_SPREADING_OF_EPIDERMAL_CELLS",0.151006711409396,0.350081767017097,0.0486112298055334,-0.468238673769165,-1.30590542009731,15,"Itgb1/Phldb2/Adam17/Acvrl1/Mtor"
"GOBP_TRIGLYCERIDE_BIOSYNTHETIC_PROCESS",0.15106976744186,0.350081767017097,0.0485460071652527,-0.45927013320858,-1.3054343469249,16,"Gpam/Sik1/C3/Gpld1/Kat5"
"GOBP_NEGATIVE_REGULATION_OF_TRANSFERASE_ACTIVITY",0.151753635585971,0.351399102934815,0.0462571422572702,-0.308196817500293,-1.21680255780647,67,"Dnaja1/Ptprc/Prkch/Ceacam1/Dusp1/Lyn/Socs4/Taf7/Dtx3l/Ptpn22/Ptpn1/Zfp36/Cd300a"
"GOBP_NEGATIVE_REGULATION_OF_LIPID_METABOLIC_PROCESS",0.152230971128609,0.352236555536941,0.0467506909493571,-0.332339367374252,-1.23308772385465,50,"Bmp5/Il1b/Ceacam1/Ugt1a7c/Sik1/Insig1/Sorl1/Gpld1/Apobec1/Bmp2/Abca2/Pik3cg"
"GOBP_TOLL_LIKE_RECEPTOR_3_SIGNALING_PATHWAY",0.152498135719612,0.352428317915442,0.0483517351609411,-0.435859046085967,-1.28953958261481,19,"Tnfaip3/Traf6/Ubqln1/Ptpn22/Colec12"
"GOBP_REGULATION_OF_NEUROTRANSMITTER_TRANSPORT",0.152545327754533,0.352428317915442,0.0466040845253941,-0.326364948531525,-1.22811787959244,53,"Lrrk2/App/Rab5a/Itgb1/Fmr1/Mctp2/Slc38a2/Cask/Rap1b"
"GOBP_ESTABLISHMENT_OF_PROTEIN_LOCALIZATION_TO_ENDOPLASMIC_RETICULUM",0.152838427947598,0.352837765807761,0.0476567854784662,-0.379199727053748,-1.2672756440901,31,"Sec61a1/Hspa5/Zfand2a/Sgtb/Rab10/Srp54a/Glp1r/Srp72/Edem1/Man1a"
"GOBP_POSITIVE_REGULATION_OF_SODIUM_ION_TRANSPORT",0.153083225528245,0.352913558349418,0.0522057901504851,0.413414033152587,1.27542463203187,19,"Fxyd1/Prss8/Fxyd6/Fxyd7/Cntn1/Gpd1l/Scn4b/Atp1b2/Fgf13/Akt1/Tesc"
"GOBP_REPRODUCTIVE_BEHAVIOR",0.153139643861293,0.352913558349418,0.0483839694551487,-0.443954545277679,-1.29286418781489,18,"App/Hexb/Acvr2a"
"GOBP_REGULATION_OF_LIPID_LOCALIZATION",0.153218957023951,0.352913558349418,0.0458329302910375,-0.301647967785909,-1.20937801215384,73,"Thbs1/Pltp/Il1b/Cd36/Abhd5/Eprs/Pla2r1/C3/Abca5/Acsl4/Ces1d/Tmem30a/Acsl5/Vstm2a/Zc3h12a/Abca2/Abca13/Ttc39b"
"GOBP_REGULATION_OF_ACTIN_FILAMENT_BUNDLE_ASSEMBLY",0.153598099117447,0.353519434476665,0.0457493152110703,-0.302468975095904,-1.21114945938383,72,"Plek/Actg1/Rhoa/Swap70/Rock2/Was/S1pr1/Phldb2/Rac1/Rock1/Braf/Wasf2/Tgfbr1/Shank3/Rdx/Tesk1/Pak1/Arhgap28/Tmeff2/Tjp1/Cgnl1/Cdc42/Mtor/Arhgef18/Arhgef5"
"GOBP_REGULATION_OF_NEUROGENESIS",0.154103852596315,0.354415582443942,0.0430067286602703,-0.244503056464437,-1.15359802208609,215,"Prkch/Arntl/Il1b/Xrcc2/Ctnnb1/Skil/Rnf6/Mme/Itgb1/Egr2/Fmr1/Numb/Fxr1/Sema6d/Dock7/Rapgef2/Pafah1b1/Lyn/Fgf2/Robo2/Lrp2/Caprin1/Rtn4/Sorl1/Nin/Vegfc/Braf/Btg2/Shank3/Prkci/Map2/Nrd1/Slc7a5/Trpc6/Bmp2/Cdkl5/Slit2/Bhlhe40/Ythdf2/Pak1/Zfp365/Hltf/B2m/Vegfa/Tnfrsf12a/Spg20/Macf1/Robo1/Mtor/Dicer1/Srf/Tnfrsf1b/Fbxw8/Man2a1/Psen1/Rnf10/Trak2"
"GOBP_RESPONSE_TO_ANGIOTENSIN",0.154462659380692,0.354429086947641,0.0474106087961033,-0.38402266480877,-1.26247730542895,29,"Cybb/Col3a1/Rock2/Ddr2/Rac1/Rap1gds1/Rock1/Ptpn1"
"GOBP_REGULATION_OF_NATURAL_KILLER_CELL_ACTIVATION",0.154518950437318,0.354429086947641,0.0474106087961033,-0.392492068692287,-1.2709451886744,27,"Jak2/Fgr/Ptpn22/Tyrobp/Bloc1s6/Clec12a/Klrc1/Klrc2/Il18/Zbtb1/Il12b"
"GOBP_REGULATION_OF_LONG_TERM_NEURONAL_SYNAPTIC_PLASTICITY",0.154604651162791,0.354429086947641,0.0479378445437886,-0.45708652831069,-1.29922764496955,16,"App/Rab5a/Fmr1/Fxr1/Shank3"
"GOBP_POSITIVE_REGULATION_OF_ENDOTHELIAL_CELL_MIGRATION",0.15474774927807,0.354429086947641,0.0455832854852302,-0.30135168837346,-1.20819015794915,73,"Thbs1/Ptgs2/Pik3c2a/Anxa1/Hspb1/Akt3/Fgf2/Rock2/Adam17/Rac1/Vegfc/Gpld1"
"GOBP_REGULATION_OF_ANATOMICAL_STRUCTURE_SIZE",0.154798761609907,0.354429086947641,0.0421316260302774,-0.234301501821122,-1.13934985533148,286,"Hsp90aa1/Lrrk2/Pik3c2a/Picalm/Rab5a/Capza1/Washc2/Sema3a/Rnf6/Tmod3/Itgb1/Plek/Ace2/Sema6d/Rb1cc1/Rhoa/Sptan1/Eps8/Pafah1b1/Akt3/Swap70/Rock2/Il7r/Was/Arf6/Rin3/Scpep1/Rtn4/Rac1/Rap1gds1/Cyfip2/Rock1/Rasa1/Vav3/Gclm/Shank3/Map2/P2ry2/Atp2b1/Adora2b/Ext2/Baiap2l1/Hrh2/Cdkl5/Rdx/Creb1/Fga/Slit2/Prkd1/Pak1/Nckap1/Aqp1/Vegfa/Mmp2/Sptbn1/Arhgap28/Tnfrsf12a/Nrcam/Spg20/Bloc1s6/Macf1/Mtor"
"GOBP_NUCLEAR_MEMBRANE_REASSEMBLY",0.154808106942648,0.354429086947641,0.0518915766779433,0.449890276318238,1.291717791155,15,"Nsfl1c/Banf1"
"GOBP_POSITIVE_REGULATION_OF_RELEASE_OF_SEQUESTERED_CALCIUM_ION_INTO_CYTOSOL",0.155502907602843,0.35551869234504,0.0517363831268346,0.42875012733894,1.27790019638567,17,"Thy1/Bax/Casq1/Hap1/Akap6/Snca/Gsto1/Capn3"
"GOBP_PROTEIN_LOCALIZATION_TO_CHROMOSOME",0.15551753635586,0.35551869234504,0.0456384520219657,-0.307136865915187,-1.21261772614477,67,"Ints8/Spidr/Vcpip1/Atrx/Nipbl/Ints6/Atr/Topbp1/Bub1b/Esco2/Knl1/Pphln1/Tnks2/Sox7/Esr1/Tnks/Cenpq/Spi1/Rb1/Spin1/Vcp/Xrcc5/Smc5/Slf2"
"GOBP_REGULATION_OF_T_HELPER_17_TYPE_IMMUNE_RESPONSE",0.155951265229616,0.3562427626588,0.0479063974146957,-0.442212240372863,-1.28779032689905,18,"Jak2/Nfkbiz/Clec4n/Zc3h12a"
"GOBP_NERVE_DEVELOPMENT",0.156540010506041,0.357142684287329,0.0460578909158033,-0.330364358940747,-1.23005809922703,51,"Ctnnb1/Sema3a/Slc1a3/B4galnt1/Nptx1/Egr2/Cited2"
"GOBP_REGULATION_OF_RECEPTOR_RECYCLING",0.156579797544691,0.357142684287329,0.0515441499025212,0.428152804544749,1.27611986125029,17,"Arap1/Gria1/Lamtor1/Bves/Snca/Scrib"
"GOBP_METAPHASE_CHROMOSOME_ALIGNMENT",0.156715141146279,0.357183835920972,0.0454461345170903,-0.306618041062673,-1.21056933572753,67,"Kif18a/Pdcd6ip/Ect2/Kpnb1/Eml4/Becn1/Cenpf/Gem/Rrs1/Kat5/Knl1/Cdc23/Ccdc66/Cdc42/Sox7/Ccnb1/Spice1/Cenpq/Rb1/Hnrnpu/Numa1/Pibf1/Racgap1/Chmp2b/Chmp1b/Spc25/Apc/Abraxas2/Ska1/Cenpc1/Tex14/Birc5"
"GOBP_NEGATIVE_REGULATION_OF_COAGULATION",0.157087414525966,0.357650425536232,0.0473495919352473,-0.411141823831278,-1.27847004085353,23,"Thbs1/Ceacam1/Sh2b3/Serping1/Fga/Plat/Pros1/Fgg/Thbd/Ubash3b"
"GOBP_MESENCHYMAL_CELL_DIFFERENTIATION",0.15725677830941,0.357650425536232,0.0436333153096766,-0.260767265043556,-1.16682862029252,144,"Bmp5/Il1b/Hgf/Ctnnb1/Sema3a/Smad4/Smad2/Tgfbr2/Sema6d/Adam8/Cited2/Col1a1/Slc39a10/Rock2/Ddx5/Kbtbd8/Rtn4/Ldlrad4/Rflnb/Rock1/Nrg1/Tgfbr1/Kitl/Acvrl1/Bmp2/Sema3c/Gdnf/Loxl2/Vegfa/Rbpj/Jag1/Cdc42/Eng/Mtor/Ppp2ca"
"GOBP_POSITIVE_REGULATION_OF_MUSCLE_CONTRACTION",0.157272223248937,0.357650425536232,0.0473191617520584,-0.41097171864705,-1.27794108863017,23,"Hsp90aa1/Ace2/Rhoa/Npnt/Itga2/Srf/Chrm3/Atp1a1/Rgs2/Map2k1/Cacna1c"
"GOBP_PTERIDINE_CONTAINING_COMPOUND_METABOLIC_PROCESS",0.157482030058811,0.357860284723193,0.0516977810497724,0.389714948272418,1.26367738044974,23,"Pcbd2/Spr/Qdpr/Shmt2/Fpgs/Pts/Mthfd1/Mthfs/Mthfd1l"
"GOBP_REGULATION_OF_VACUOLE_ORGANIZATION",0.158111250223574,0.359022190104983,0.046343236109192,-0.359632144247592,-1.24826522883022,37,"Lrrk2/Rab5a/Snx7/Scfd1/Smcr8/Becn1/Ift88/Irgm1/Irgm2/Snx4/Mtor/Ralb/Pip4k2a/Laptm4b/Mtm1/Ppp3cb/Sh3glb1"
"GOBP_REGULATION_OF_ENDOTHELIAL_CELL_MIGRATION",0.158683610296514,0.359635645302897,0.0439306272279452,-0.27412851912985,-1.18024311578764,110,"Thbs1/Ptgs2/Pik3c2a/Dnaja4/Anxa1/Hspb1/Ceacam1/Adamts9/Rhoa/Akt3/Fgf2/Rock2/Adam17/Rac1/Vegfc/Gpld1/Epha2/Acvrl1/Zc3h12a/Slit2/Pik3cg/Prkd1/Vegfa/Krit1"
"GOBP_LYMPHOCYTE_CHEMOTAXIS",0.158727239286371,0.359635645302897,0.0469580095971153,-0.403522078073306,-1.26928261196217,24,"Nedd9/Adam8/Adam17/Klrk1/Tnfsf14/Pik3cg/Ccl3/Padi2/Ccl4/Plec/Pik3cd/Slc12a2/Cx3cl1"
"GOBP_OUTFLOW_TRACT_MORPHOGENESIS",0.15873573309921,0.359635645302897,0.0457771421582791,-0.335439764320801,-1.23404920576808,48,"Ctnnb1/Smad4/Tgfbr2/Jun/Cited2/Robo2/Nipbl/Lrp2/Nedd4/Sema3c/Vegfa/Rbpj/Jag1/Robo1/Cdc42/Eng/Sec24b/Atf2/Ilk"
"GOBP_DEVELOPMENTAL_CELL_GROWTH",0.158869395711501,0.359670862410052,0.0438309371634251,-0.267796659513936,-1.17459694740362,127,"App/Flrt3/Ndel1/Ctnnb1/Sema3a/Rnf6/Itgb1/Tgfbr2/Sema6d/Pafah1b1/Postn/Rtn4/Cyfip2/Nin/Map2/Yy1/Iqgap1/Plaa/Cdkl5/Slit2/Slc23a2/Pak1/Vegfa/Tnfrsf12a/Nrcam/Spg20/Macf1/Srf/Dclk1/Tomm70a/Plxna1/Pum2/Rgs2/Rims1/Dcaf13/Shtn1/Limk1/Fn1/Ppp3cb/Ppara/Sema4d/Epha7/Cdh1/G6pdx/Adra1a/Ntn1/Sin3a/Impact/Ext1/Map3k13/Nedd4l/Rab21"
"GOBP_MICROTUBULE_CYTOSKELETON_ORGANIZATION",0.159486965007668,0.360800749218683,0.0401503101220417,-0.221587219585781,-1.12068021140313,426,"Hspa1b/Usp33/Cltc/Xrcc2/Ndel1/Ctnnb1/Hspa1a/Rnf19a/Myh9/Xpo1/Itgb1/Ccnl1/Chordc1/Nckap5/Pkd1/Mid1/Atrx/Tpr/Nek6/Dock7/Rhoa/Pafah1b1/Cep126/Prc1/Rock2/Kif3b/Cfap206/Kif11/Kif18a/Pdcd6ip/Kif3a/Stag2/Ocln/Cfap44/Ddb1/Phldb2/Ccdc39/Ripor2/Dzip1/Rac1/Rp1/Tbce/Nin/Tpx2/Hydin/Rock1/Gnai1/Dyrk1a/Kpnb1/Eml4/Map2/Plk4/Map7/Cep135/Cgn/Kat5/Dst/Ccdc146/Tmem67/Spag16/Diaph3/Ankfn1/Camsap2/Kif23/Spire1/Pak1/Atxn7/Ccdc66/Nusap1/Txndc9/Stag1/Ccdc88b/Prkaa1/Haus6/Hdgfl3/Cntln/Cyld/Uvrag/Ppp2ca/Ppfibp1/Wdr47/Cenpj/Tbcd/Lrrc61/Kiz/Chp1/Syne2/Tuba1c/Gen1/Dlg1/Bicd2/Ccnb1/Togaram1/Ilk/Spice1/Tubb1/Ppp1r12a/Slain1/Tnks"
"GOBP_REGULATION_OF_LIPID_STORAGE",0.159650082012028,0.360901633056144,0.0465749092505758,-0.393256562069209,-1.26238864293165,26,"Cd36/Mest/Abhd5/C3/Ces1d/Vstm2a/Zc3h12a/Ttc39b/Apob"
"GOBP_RIBOSOMAL_LARGE_SUBUNIT_ASSEMBLY",0.159930840717528,0.361062426276127,0.0510532623450575,0.438247995430176,1.278652218288,16,"Mrm2/Rpl11/Rcc1l/Nop53/Mtg1"
"GOBP_REGULATION_OF_PH",0.159958362248439,0.361062426276127,0.0452829797226623,-0.320328745861494,-1.2199200283235,56,"Lrrk2/Atp6v0c/Clic4/Slc11a1/Cln5/Lamp2/Ppt1/Tpcn2/Lacc1/Dmxl2/Slc4a7/Cftr/Atp6v1a/Car2/Slc4a4/Chp1/Slc4a1"
"GOBP_PROTEIN_METHYLATION",0.160667823070252,0.362395200925123,0.0510160239838462,0.403433358097373,1.25895959978562,20,"Snrpb/Mettl22/Mettl21a/Eef2kmt/Snrpd3/Setd3/Trmt112/Prmt1/Setd6/Prmt8/N6amt1/Eef1akmt1/Vcpkmt"
"GOBP_SENSORY_PERCEPTION_OF_LIGHT_STIMULUS",0.161143050388908,0.362711650963377,0.044463890880197,-0.287974616776773,-1.1895644266905,88,"Timp3/Crybg3/Clic5/Cln5/Col1a1/Ppt1/Rp1/Hmcn1/Dram2/Crb1/Tgfbi/Wdr36/Atxn7/Ccdc66/Myo9a/Efemp1/Rdh12/Chm/Gnat1/Opa3/Rp2"
"GOBP_MALE_GAMETE_GENERATION",0.161205766710354,0.362711650963377,0.0409012441448883,-0.231562405700304,-1.13267892923429,300,"Lrrk2/Arntl/Skil/Fndc3a/Smad4/B4galnt1/Herc4/Wdr48/Zc3h14/Abhd2/Acvr2a/Atrx/Taf4b/Kdm2b/Rad23b/Fxr1/Pgm3/Dedd/Vps13b/Pafah1b1/Slc2a3/Aff4/Inhbb/Cfap206/Kif18a/Ccr6/Cfap44/Dzip1/Nr2c2/Gmnc/H3f3a/Clock/Rai14/Rhbdd1/Mertk/Agfg1/Herpud2/Yy1/Sycp1/Kat5/Arid4b/Btg1/Ccdc146/Cftr/Setx/Adamts2/Knl1/Kdm3a/Ubb/Tesk1/Spag16/Ythdf2/1700102P08Rik/Ccny/Adam28/Tex15/Foxj3/Zfx/Apob/Cntln/Arid4a"
"GOBP_OVULATION_CYCLE",0.161296162201303,0.362711650963377,0.0461430060071698,-0.365765686588368,-1.24681642008208,34,"Mmp19/Robo2/Casp3/Tnfaip6/Bmpr1b/Slit2/Mmp2/Ereg/Esr1/Casp2"
"GOBP_NEGATIVE_REGULATION_OF_BIOMINERAL_TISSUE_DEVELOPMENT",0.16144668158091,0.362711650963377,0.0468688605343353,-0.462764619335743,-1.29063842538932,15,"Ccr1/Rock2/Rflnb/Rock1"
"GOBP_REGULATION_OF_RNA_SPLICING",0.161505867014342,0.362711650963377,0.0435109751834675,-0.273660697801319,-1.17879437102648,111,"Rnps1/Hspa1a/Ccnl1/Ptbp3/Ptbp1/Mbnl3/Mbnl1/Fmr1/Tada2b/Mbnl2/Slc38a2/Clk3/Ddx5/Supt20/Mettl4/Tada1/Hnrnpll/Dyrk1a/Srsf4/Hnrnph2/Cwc22/Setx/Wtap"
"GOBP_NEGATIVE_REGULATION_OF_CELL_MATRIX_ADHESION",0.161522823877287,0.362711650963377,0.0466333082853392,-0.408952217098047,-1.2716613280264,23,"Thbs1/Cask/Postn/Phldb2/Rasa1/Acvrl1/Map4k4/Jag1"
"GOBP_PROTEIN_MONOUBIQUITINATION",0.162201303403331,0.363835028683457,0.0460013775372782,-0.365384039649662,-1.2455154678952,34,"Ube2d3/Topors/Wdr48/Itch/Kbtbd8/Nedd4/Rad18/Ubb/Huwe1/Cul1/Ube2n/Rnf10/Fancm/Dtl/Trim56/Trim37"
"GOBP_NEGATIVE_REGULATION_OF_INTERLEUKIN_6_PRODUCTION",0.162262058769174,0.363835028683457,0.0465167036061421,-0.408717670335438,-1.27093199086878,23,"Tlr4/Tnfaip3/Hgf/Ptpn22/Zc3h12a/Irak3/Ptpn6"
"GOBP_POSITIVE_REGULATION_OF_TRANSLATIONAL_INITIATION",0.162790697674419,0.364751783972483,0.0466040845253941,-0.453152011864898,-1.28804413327243,16,"Ythdf3/Ddx3x/Sh3bgrl/Ythdf2/Mtor/Mettl3"
"GOBP_POSITIVE_REGULATION_OF_ESTABLISHMENT_OF_PROTEIN_LOCALIZATION",0.163268458449181,0.36534388916378,0.0419753966117665,-0.247516223456615,-1.15504415386503,197,"Tlr4/Hsp90aa1/Bag3/Itgb2/App/Il1b/Ube2d3/Jak2/Wls/Tpr/Mdm2/Adam8/Golph3/Plcb1/Acsl4/Arf6/Cep290/Rac1/Sorl1/Frmd4a/Vegfc/Gpld1/Tmem30a/Adam9/Fzd5/Ect2/Itgam/Ppid/Cep135/Serp1/Zc3h12a/Cftr/Fga/Prkd1/Pak1/Rac2/Edem1/Tmed10/Nadk/Prkaa1/Myh10/Ano1/Pdcd10/Tmem132a/Huwe1/Xbp1/Cenpj/Arhgef5/Chp1/Xpo4/Fgg/Kif20b/Ppm1a/Psen1/Chrm3/Tomm70a/Abcg1/Ipo5/Npepps"
"GOBP_NEGATIVE_REGULATION_OF_T_CELL_MEDIATED_IMMUNITY",0.163427725337775,0.36534388916378,0.0463720284138497,-0.411512939898994,-1.26518730107999,22,"Ptprc/Ceacam1/H2-Q7/Il7r/H2-Q2/Klrc1/Pirb/Ahr"
"GOBP_POSITIVE_REGULATION_OF_REPRODUCTIVE_PROCESS",0.163477016633876,0.36534388916378,0.0455008642931611,-0.357988434645585,-1.24255999481457,37,"Ctnnb1/Smurf2/Cited2/Inhbb/Plcb1/Ccr6/Knl1/Pgam1/Vegfa/Wt1/Cfap69/Irgc1/Ooep"
"GOBP_NEGATIVE_REGULATION_OF_ENDOPLASMIC_RETICULUM_STRESS_INDUCED_INTRINSIC_APOPTOTIC_SIGNALING_PATHWAY",0.16353488372093,0.36534388916378,0.0464876729628047,-0.452919350182982,-1.28738281321518,16,"Lrrk2/Hspa1a/Hyou1/Ptpn1/Txndc12/Xbp1"
"GOBP_REGULATION_OF_SODIUM_ION_TRANSPORT",0.164594843462247,0.36744230083764,0.0520088039998597,0.316869515583229,1.20952479873278,45,"Fxyd1/Dmpk/Prss8/Fxyd6/Fxyd7/Commd1/P2rx4/Cav3/Agt/Cntn1/Osr1/Gpd1l/Prkce/Scn4b/Atp1b2/Fgf13/Akt1/Tesc/Ptpn3/Nkain4/Nkain2"
"GOBP_FATTY_ACID_BIOSYNTHETIC_PROCESS",0.165117458171371,0.368338945151519,0.0438558043137023,-0.288119071475219,-1.18644607267681,86,"Ptgs2/Il1b/Hsd17b12/Alox5/Ceacam1/Acly/Abhd2/Asah2/Hacd4/Insig1/Pnpla8/Acsl4/Abcd2/Elovl7/Plaa/Acaca/Prkaa1/Scd1/Abcd3/Fasn/Xbp1"
"GOBP_NEGATIVE_REGULATION_OF_RHO_PROTEIN_SIGNAL_TRANSDUCTION",0.165395348837209,0.368685118617741,0.046199980919066,-0.451833387025366,-1.28429605990174,16,"Itgb1/Kctd10/Arhgap30/Ripor2"
"GOBP_POSITIVE_REGULATION_OF_PROTEIN_SERINE_THREONINE_KINASE_ACTIVITY",0.165514797093744,0.368685118617741,0.0449612426330254,-0.34322458296734,-1.22961184988937,43,"Cab39/Traf6/Rhoa/Rapgef2/Fgf2/Ptpn1/Pik3cg/Ccny/Irgm1/Irgm2/Pdcd10/Pim1/Arhgef5/Sash1/Ralb/Pik3r5"
"GOBP_NEURON_MIGRATION",0.165745856353591,0.368929921488805,0.0428185933122846,-0.27229438568873,-1.17459133559539,112,"Hsp90aa1/Ndel1/Ctnnb1/Sema3a/Col3a1/Rhoa/Rapgef2/Pafah1b1/Nipbl/Crk/Fat3/Adam17/Rac1/Igsf10/Wasf2/Zfp609/Plaa/Nr4a2/Cdkl5/Cckar/Vegfa/Abi1/Astn2/Nrcam/Myh10/Gpm6a/Srf/Kif20b/Cul5/Psen1"
"GOBP_STEROID_HORMONE_BIOSYNTHETIC_PROCESS",0.165920954511559,0.369049895169975,0.0461714702250228,-0.429518564536775,-1.27078053194477,19,"Bmp5/Hsd17b12/Dgkq/Bmp2/Stard3/Med1/Atp1a1/Scp2"
"GOBP_GLUCOSE_CATABOLIC_PROCESS",0.166702562998062,0.370227225659714,0.0498268864819582,0.422384987699005,1.25892874267117,17,"Pfkm/Eno3/Tpi1/Gpi1/Actn3"
"GOBP_RESPONSE_TO_NUTRIENT_LEVELS",0.166739670024821,0.370227225659714,0.0401900048998496,-0.231500606774447,-1.13133928823288,298,"Hspa8/Lrrk2/Prkch/Usp33/Yme1l1/Slc25a25/Fos/Cybb/Cpeb4/Eif2s1/Stk24/Nuak2/Tnc/Hspa5/Mdm2/Asns/Upp1/Cadps2/Slc38a2/Lamp2/Col1a1/Bmt2/Inhbb/Nfkbiz/Lipa/Postn/Arsb/Tpcn2/Itga2/Ifi205/Stk26/Sorl1/Vcam1/Gclm/Ptpn1/Cd68/Fbn1/Becn1/Rraga/Rragc/Trim24/Kat5/Slc7a5/Cat/Rasal2/Zfp36/Zc3h12a/Cyp8b1/Foxk2/Phex/Prkd1/Otc/Pak1/Dele1/Tsc2/Prkaa1/Ghr/Fasn/Pim1/Mtor/Xbp1/Stc1/Cad/Pmaip1/Eef2/Clec16a/Srf/Sesn3/Ralb/Lcn2/Atf2/Rrp8/Med1/Mybbp1a/Ywhaz"
"GOBP_REGULATION_OF_STEM_CELL_PROLIFERATION",0.166815025814492,0.370227225659714,0.0448817432190029,-0.346475511570847,-1.22920237502128,41,"Ptprc/Ctnnb1/Tgfbr2/Fgf2/N4bp2l2/Vegfc/Tgfbr1/Kitl/Dgcr8/Rbpj/Pim1/Runx2/Irf6/Hnrnpu/Kat7/Kdr/Zfp36l1"
"GOBP_NEGATIVE_REGULATION_OF_PROTEIN_MODIFICATION_PROCESS",0.167121966896995,0.370638302404479,0.042357435191323,-0.260942557973814,-1.15961001427341,138,"Dnaja1/Ptprc/Samsn1/Hspa1b/Prkch/Tnfaip3/Ctnnb1/Hspa1a/Ceacam1/Dusp1/Trim44/Gtpbp4/Dcun1d3/Lyn/Socs4/Taf7/Dtx3l/Ptpn22/Senp2/Ptpn1"
"GOBP_REGULATION_OF_POSTSYNAPTIC_NEUROTRANSMITTER_RECEPTOR_INTERNALIZATION",0.167572633552015,0.371367299247369,0.0460578909158033,-0.4359392206193,-1.26952232474634,18,"Numb/Mdm2/Cblb/Nrg1/Arc/Rabep1/Usp32/Atad1/Rala"
"GOBP_REGULATION_OF_MYOTUBE_DIFFERENTIATION",0.168297455968689,0.372326088057962,0.0498268864819582,0.389955328710572,1.24735717355493,22,"Dmpk/Hdac3/Rpl3l/Cav3/Plpp7/Mmp14/Actn3/Smyd1/Tbx1/Hdac1/Hdac4/Trim72/Naca"
"GOBP_GTP_METABOLIC_PROCESS",0.168372093023256,0.372326088057962,0.0457493152110703,-0.449559986916154,-1.27783412307573,16,"Lrrk2/Gnai3"
"GOBP_SMOOTH_MUSCLE_TISSUE_DEVELOPMENT",0.168372093023256,0.372326088057962,0.0457493152110703,-0.44961758142347,-1.27799783032035,16,"Tiparp/Col3a1/Itga8/Eng/Srf/Dlg1"
"GOBP_POSITIVE_REGULATION_OF_T_CELL_MEDIATED_CYTOTOXICITY",0.169720525633907,0.374879374968822,0.0454188345799311,-0.408754423372507,-1.25670630390895,22,"Ptprc/Pvr/H2-Q7/Ulbp1/H2-Q2/B2m/Stx7"
"GOBP_NEGATIVE_REGULATION_OF_PROTEIN_CONTAINING_COMPLEX_ASSEMBLY",0.169772958319214,0.374879374968822,0.0432449411992719,-0.2878950879639,-1.18042274848448,84,"Hspa8/Ddx3x/Capza1/Washc2/Tmod3/Hspa5/Crbn/Lamp2/Sptan1/Eps8/Ifi205/Sorl1/Dyrk1a/Map2/Rdx/Slit2/Sptbn1/Irgm1/Irgm2/Svip/Cdc42/Tbcd"
"GOBP_NEGATIVE_REGULATION_OF_TELOMERE_MAINTENANCE",0.170044052863436,0.375205899253017,0.0498968359090995,0.373193322691747,1.23625586581853,25,"Slx1b/Xrcc1/Rtel1/Mcrs1/Tinf2/Pot1a/Ten1/Ercc1/Nat10"
"GOBP_VESICLE_MEDIATED_TRANSPORT_TO_THE_PLASMA_MEMBRANE",0.170273926276632,0.375441061196483,0.0431254077181047,-0.295049884644126,-1.19216805041686,76,"Sacm1l/Washc2/Snx7/Vps13b/Exoc6/Golph3/Rab10/Arf6/Sorl1/Exoc4/Vps26a/Arfgef2/Mtmr4/Rabep1/Rab31/Sptbn1/Exoc5/Snx4/Macf1/Rab35/Arhgap8/Ehd2/Clstn1/Snx31/Sec16a/Exoc2/Exoc6b"
"GOBP_RESPONSE_TO_HYDROGEN_PEROXIDE",0.170590242238144,0.37586634414989,0.0432929962094138,-0.298774899152471,-1.19105437463155,71,"Tnfaip3/Areg/Dusp1/Mdm2/Il18rap/Ripk1/Col1a1/Casp3/Crk/Oser1/Zfp277/Adam9/Ect2/Becn1/Trpc6/Cat/Setx/Aqp1/Mmp2/Ripk3/Prkaa1"
"GOBP_POSITIVE_REGULATION_OF_CELL_JUNCTION_ASSEMBLY",0.171301706006076,0.377161022985179,0.0513160055618241,0.290227541139573,1.18118132833198,61,"Thy1/Eef2k/Lrrc4b/Crb3/Lrtm2/Thbs2/Flot1/Wnt7a/Cldn5/Amigo1/Hopx/Wnt4/Tbx5/Ntrk2/Agt"
"GOBP_FATTY_ACYL_COA_METABOLIC_PROCESS",0.171571349250416,0.377481761898496,0.0451481889855519,-0.407849993529798,-1.25392565464919,22,"Hsd17b12/Far1/Ppt1/Acsl4/Elovl7/Acsl5/Acaca/Fasn"
"GOBP_REGULATION_OF_FIBROBLAST_APOPTOTIC_PROCESS",0.172073079791201,0.37767000061534,0.0452559369048511,-0.457997377816966,-1.27734271342223,15,"Stk17b/Xrcc2/Api5/Btg1/Pik3cg"
"GOBP_RESPONSE_TO_TYPE_I_INTERFERON",0.17208077260755,0.37767000061534,0.0437813130319179,-0.330697407443638,-1.21660255107708,48,"Ythdf3/Jak1/Ifih1/Oas2/Ptpn1/Azi2/Myd88/Ythdf2/Tbk1/Ptpn6/Traf3/Mettl3/Oasl1/Irak1/Sp100/Trim56/Lsm14a/Zbp1/Ifnar1/Cnot7/Trim65"
"GOBP_REGULATION_OF_ATTACHMENT_OF_SPINDLE_MICROTUBULES_TO_KINETOCHORE",0.172093023255814,0.37767000061534,0.0452019785026896,-0.446314772969388,-1.26860989218653,16,"Ect2/Becn1/Kat5/Cdc42/Ccnb1/Hnrnpu/Racgap1/Apc/Birc5/Zw10/Cdk1/Cdca8/Aurkb"
"GOBP_CENTRIOLE_ASSEMBLY",0.172153024911032,0.37767000061534,0.0498268864819582,0.345947506646682,1.22127059420638,32,"Cep85/Ppp1r35/Ccdc61/Cep44"
"GOBP_MULTICELLULAR_ORGANISMAL_MOVEMENT",0.172327898550725,0.377711937559488,0.0502863396522084,0.332092102527998,1.22095930337033,38,"Dmpk/Tnni2/Tnnt3/Ttn/Rem1/Atp2a1/Myh14/Cav3/Kbtbd13/Casq1/Actn3/Gstm7/Ascl1/Comp/Chrnb1/Chrna1/Gsto1"
"GOBP_NEGATIVE_REGULATION_OF_ALPHA_BETA_T_CELL_DIFFERENTIATION",0.172420227654413,0.377711937559488,0.0452289365362808,-0.440653257854584,-1.2710604084376,17,"Anxa1/Il4ra/Zc3h12a/Runx1"
"GOBP_APOPTOTIC_MITOCHONDRIAL_CHANGES",0.172986891385768,0.378680865758205,0.051090574302609,0.294709604218922,1.185465401404,58,"Plscr3/Slc25a4/Siva1/Pink1/Nol3/Fmc1/Fxn/Bax/Gpx1/Atp2a1/Pycard/Parl/Ppif/Ier3/Vdac2/Camk2a/Bbc3/Bloc1s2/Bnip3"
"GOBP_NUCLEAR_ENVELOPE_ORGANIZATION",0.173546382600976,0.379632711939636,0.0495497041835319,0.349014901805544,1.22183065434288,31,"Dmpk/Nsfl1c/Des/Banf1"
"GOBP_OOCYTE_DIFFERENTIATION",0.173952641165756,0.38024823571409,0.0444123736809969,-0.377274551123799,-1.24029283257766,29,"Tut7/Ctnnb1/Rps6ka2/Inhbb/H3f3a/Ythdf2/Zfx/Ereg/Ccnb1/Shb/Dcaf13"
"GOBP_CARTILAGE_DEVELOPMENT",0.174574309803273,0.381333409864395,0.0419976236434102,-0.277482072858226,-1.17214022179313,99,"Bmp5/Ctnnb1/Serpinh1/Col3a1/Pkd1/Ogn/Tgfbr2/Chil1/Col1a1/Fgf2/Glg1/Rflnb/Gpld1/Csgalnact1/Tgfbr1/Acvrl1/Bmpr1b/Ext2/Bmp2/Trps1/Tgfbi/Loxl2/Runx1/Efemp1/Ghr/Slc26a2/Stc1/Srf/Atf2/Runx2"
"GOBP_ATRIOVENTRICULAR_VALVE_DEVELOPMENT",0.175255813953488,0.382226957805646,0.0447500605207678,-0.44481223172945,-1.26433905286897,16,"Smad4/Tgfbr2/Mdm2/Aplnr/Mdm4/Bmp2/Dchs1"
"GOBP_TELENCEPHALON_DEVELOPMENT",0.175323637525971,0.382226957805646,0.0411104208438996,-0.255422015215125,-1.1489486503986,152,"Lrrk2/Ndel1/Ctnnb1/Sema3a/Fos/Col3a1/Numb/Kdm2b/Fxr1/Vps13b/Rhoa/Slc38a2/Pafah1b1/Robo2/Plcb1/Casp3/Slc7a11/Crk/Ccdc39/Rtn4/Rac1/Nin/Herc1/Btg2/Shank3/Zdhhc16/Bmp2/Mboat7/Slit2/Wdr37/Aqp1/Myh10/Bloc1s6/Robo1/Wdr47/Srf/Syne2"
"GOBP_GLYCOSPHINGOLIPID_BIOSYNTHETIC_PROCESS",0.175464410520508,0.382226957805646,0.0444381127313095,-0.396239482652241,-1.24637513740204,24,"B4galnt1/St8sia6/B3gnt5/B4galt3/St3gal2/A3galt2/B4galt5/Prkaa1/St8sia4/Fut4"
"GOBP_REGULATION_OF_TISSUE_REMODELING",0.1754854801354,0.382226957805646,0.0436578910223929,-0.346956490245244,-1.22504806989139,40,"Lepr/Tnfaip3/Ceacam1/Adam8/Rock2/S1pr1/Ddr2/Rock1"
"GOBP_AXON_DEVELOPMENT",0.176,0.383073624017155,0.0393014653454297,-0.232112808082789,-1.12616078236155,281,"App/Usp33/Picalm/Flrt3/Ndel1/Emb/Jak2/Skil/Sema3a/Rnf6/Itgb1/Smad4/Arhgef28/Stk24/Nptx1/Egr2/Numb/Tnc/Actg1/Pcdhac2/Sema6d/Dock7/Pafah1b1/Jun/Lama2/Robo2/Casp3/Rab10/Adam17/Rtn4/Rac1/Cyfip2/Tbce/Nin/Braf/Ptprf/Kif5b/Klf7/Map2/Nrd1/Bmpr1b/Nr4a2/Cdkl5/Cckar/Creb1/Slit2/Camsap2/Pak1/Sema3c/Gdnf/Vegfa/B4galt5/Mmp2/Tnfrsf12a/Nrcam/Myh10/Spg20/Macf1/Robo1"
"GOBP_REGULATION_OF_NATURAL_KILLER_CELL_MEDIATED_IMMUNITY",0.176554427222519,0.383944186129797,0.0435109751834675,-0.346522654659281,-1.22351626558112,40,"Pvr/Ceacam1/H2-Q7/Il18rap/Crk/Klrk1/H2-Q2/Klrc1/Cd96/Pirb/Klrc2"
"GOBP_REGULATION_OF_CELL_JUNCTION_ASSEMBLY",0.176771716525356,0.383944186129797,0.0409428614964308,-0.255954178545419,-1.15036694007852,151,"Thbs1/Dusp3/Prkch/App/Il1b/Flrt3/Ctnnb1/Ace2/Actg1/Rhoa/Rapgef2/Robo2/Rock2/Rap1b/Phldb2/Arf6/Rtn4/Rac1/Aplnr/Cyfip2/Rock1/Agrn/Fzd5/Ptpn1/Epha2/Acvrl1/Senp1/Rap2a/Negr1/Vegfa/Ptpn13/Map4k4/Tjp1/Macf1/Farp1"
"GOBP_POSITIVE_REGULATION_OF_COLD_INDUCED_THERMOGENESIS",0.176778242677824,0.383944186129797,0.0429594939252289,-0.319346432118751,-1.20170706086475,53,"Lepr/Jak2/Cd36/Plac8/Irf4/Il4ra/Zfp516/Kdm3a/Vegfa/Scd1/Lcn2/Adipor2/Il18/Alms1/Kdm6b/Gnas"
"GOBP_REGULATION_OF_EPITHELIAL_TO_MESENCHYMAL_TRANSITION",0.176951155918651,0.383976608690255,0.0428654269061935,-0.309205059366321,-1.19987323427315,62,"Bmp5/Il1b/Ctnnb1/Smad4/Smad2/Tgfbr2/Adam8/Col1a1/Ldlrad4/Tgfbr1/Bmp2/Loxl2/Vegfa/Jag1/Eng/Mtor/Ppp2ca"
"GOBP_LIPID_DROPLET_ORGANIZATION",0.177113702623907,0.383976608690255,0.043980694668116,-0.383421585729389,-1.24157367368033,27,"Ldah/Mospd2/Ppid/Kat5/Tspo2/Negr1/Prkaa1/Spg20/Faf2/Sqle"
"GOBP_REGULATION_OF_DNA_TEMPLATED_TRANSCRIPTION_ELONGATION",0.177171472975306,0.383976608690255,0.0426788844272162,-0.307413927057383,-1.19781108239054,63,"Ctnnb1/Cdk13/Ints8/Ccnt1/Scaf8/Ppp1r10/Cdk12/Cdc73/Ints6/Tox4/Med14/Ppp1ca/Ncbp1/Med1/Larp7/Ints11/Med20/Ints3/Ints10/Wdr43/Hnrnpu/Kat7/Map2k1"
"GOBP_CHROMOSOME_ORGANIZATION",0.177544167031683,0.384510660463354,0.0387843992887662,-0.228690757942322,-1.12259688088748,314,"Hsp90aa1/Hspa1b/Ctnnb1/Hspa1a/Top1/Bub1/Hsp90ab1/Dusp1/Atrx/Tpr/Nek6/Rhoa/Ppp1r10/Top2a/Ncapg/Cdc27/Pds5b/Nipbl/Prc1/Smarca5/Smc4/Kif3b/Kif11/Kif18a/Pdcd6ip/Stag2/Dclre1c/Atr/Ripor2/Rif1/Tpx2/H3f3a/Topbp1/Kpnb1/Eml4/Becn1/Smc6/Bub1b/Cenpf/Gem/Ccne2/Smchd1/Yy1/Sycp1/Rrs1/Kat5/Pds5a/Esco2/Knl1/Cdc23/Kif23/Zfp365/Ccdc66/Eid3/Nusap1/Ncapg2/Slx4/Stag1/Tex15/Ino80c/Ppp1ca/Pogz/Kmt5a/Tnks2/Sox7/Cct2/Sycp2/Gen1/Cdc16/Ccnb1/Spice1/Tnks/Cct3/Ncapd2/Uhrf1/Mcmbp/Hnrnpc/Hnrnpa2b1/Rb1/Fen1/Pum2/Dot1l/Sp100/Kif4/Dync1li1/Lig4/Hnrnpu"
"GOBP_REGULATION_OF_MORPHOGENESIS_OF_A_BRANCHING_STRUCTURE",0.177987649836542,0.385197152631322,0.0437813130319179,-0.365008476976688,-1.22744826733109,32,"Lrrk2/Hgf/Ctnnb1/Fgf2/Rtn4/Gdnf/Vegfa/Esr1"
"GOBP_REGULATION_OF_TRANSCRIPTION_BY_RNA_POLYMERASE_I",0.178139875503479,0.385252784735861,0.0439556423350473,-0.391370084344995,-1.2442791583268,25,"Sf3b1/Dek/Dedd/Smarca5/Pwp1/Heatr1"
"GOBP_REGULATION_OF_SPINDLE_CHECKPOINT",0.178444236176195,0.385637117925134,0.0444897082298492,-0.431975577512011,-1.25797958398335,18,"Dusp1/Tpr/Knl1/Gen1/Ccnb1/Dync1li1"
"GOBP_REGULATION_OF_RUFFLE_ASSEMBLY",0.179229480737018,0.38663791271831,0.0442078566868354,-0.409249570417278,-1.24323402575495,21,"Icam1/Ndel1/Eps8/Rac1/Rdx"
"GOBP_EMBRYONIC_CRANIAL_SKELETON_MORPHOGENESIS",0.179510759610079,0.38663791271831,0.0438807083118067,-0.394625773218324,-1.2412991987198,24,"Ndst1/Smad2/Med12/Tgfbr2/Nipbl/Tgfbr1"
"GOBP_REGULATION_OF_NEUROBLAST_PROLIFERATION",0.179510759610079,0.38663791271831,0.0438807083118067,-0.394610832293423,-1.24125220189555,24,"Lrrk2/Ctnnb1/Itgb1/Fgf2/Vegfc/Btg2"
"GOBP_ENTEROENDOCRINE_CELL_DIFFERENTIATION",0.179530201342282,0.38663791271831,0.0442078566868354,-0.45461291477706,-1.26790353448309,15,"Arntl/Bmp5"
"GOBP_CRANIAL_NERVE_DEVELOPMENT",0.179542203147353,0.38663791271831,0.0431970245986141,-0.356319436788614,-1.22501188324872,35,"Ctnnb1/Sema3a/Slc1a3/Egr2/Cited2"
"GOBP_POSITIVE_REGULATION_OF_CELL_GROWTH",0.180207288532263,0.387795896523493,0.0415155189937178,-0.28024600919751,-1.1691527377422,93,"Ddx3x/Rps6ka3/Kdm2b/S100a8/Pafah1b1/Crk/Acsl4/Adam17/Eif4g2/H3f3a/Nrg1/Tgfbr1/Plaa/Cdkl5/Slc23a2/Pak1/Vegfa/Tnfrsf12a/Macf1/Ncbp1/Cdc42/Mtor/Srf/Eif4g1/Sdcbp/Pum2/Ddx49/Rims1/Fam122a/Rptor/Shtn1/Limk1/Extl3/Fn1/Sema4d/Mfsd2a"
"GOBP_POSITIVE_REGULATION_OF_PROTEIN_IMPORT_INTO_NUCLEUS",0.180575801749271,0.388314488931166,0.0435109751834675,-0.382109519644059,-1.23732501692676,27,"Hsp90aa1/Bag3/Jak2/Tpr/Ect2/Zc3h12a/Prkd1/Xbp1/Psen1/Ipo5"
"GOBP_NUCLEAR_TRANSCRIBED_MRNA_CATABOLIC_PROCESS_DEADENYLATION_DEPENDENT_DECAY",0.180897250361794,0.388731211963066,0.0432929962094138,-0.362544695122239,-1.22791177654734,33,"Dhx9/Pde12/Zfp36l2/Caprin1/Btg2/Cnot2/Zfp36/Samd4/Paip1/Hnrnpu/Csde1/Noct/Zfp36l1/Cnot6/Cnot7/Ago2"
"GOBP_REGULATION_OF_FILOPODIUM_ASSEMBLY",0.1816029143898,0.389940456019751,0.0433653397528181,-0.374635410505716,-1.23161663858837,29,"Rab5a/Fmr1/Dock11/Ripor2/Arf6/Agrn/Tgfbr1/Fnbp1l/Wasl/Cdc42/Gpm6a/Srf"
"GOBP_REGULATION_OF_INTRACELLULAR_PROTEIN_TRANSPORT",0.181893139841689,0.389940456019751,0.040984587350474,-0.275687473259946,-1.1667254713675,100,"Hsp90aa1/Bag3/Il1b/Ndel1/Jak2/Cd36/Xpo1/Tpr/Mdm2/Yod1/Insig1/Frat2/Cep290/Sorl1/Tmem30a/Ect2/Ptpn1/Zc3h12a/Prkd1/Edem1/Svip/Pdcd10/Xbp1/Chp1/Xpo4/Kif20b/Ppm1a/Psen1"
"GOBP_SPINDLE_ORGANIZATION",0.181935276123008,0.389940456019751,0.0404302882705214,-0.259963637127377,-1.15107181509106,134,"Hspa1b/Cltc/Hspa1a/Myh9/Pkd1/Atrx/Tpr/Nek6/Rhoa/Cep126/Prc1/Kif3b/Kif11/Pdcd6ip/Stag2/Ddb1/Ripor2/Tbce/Tpx2/Gnai1/Kpnb1/Kif23/Ccdc66/Stag1/Haus6/Uvrag/Cenpj/Kiz/Dlg1/Ccnb1/Ilk/Spice1/Tubb1/Tnks/Uhrf1"
"GOBP_DENDRITE_MORPHOGENESIS",0.181972212809217,0.389940456019751,0.0416021147235871,-0.285186544413635,-1.16931722235479,84,"Lrrk2/Picalm/Sema3a/Itgb1/Mink1/Rapgef2/Pafah1b1/Caprin1/Kidins220/Rac1/Nedd4/Shank3/Klf7/Map2/Trpc6/Cdkl5/Wasl/Rap2a/Zfp365/Arc/Abi1/Cdc42/Farp1/Fbxw8/Dock10/Trak2/Chrna7/Fzd4/Sdc2/Ctnnd2"
"GOBP_REGULATION_OF_CILIUM_MOVEMENT",0.182393448725107,0.390568249907138,0.0437813130319179,-0.407762582710015,-1.23871679752264,21,"Cyb5d1/Cfap206/Ccr6/Ccdc39/Pgam1/Cfap69/Irgc1"
"GOBP_NEGATIVE_REGULATION_OF_CANONICAL_NF_KAPPAB_SIGNAL_TRANSDUCTION",0.182790045566071,0.390918866940083,0.0422893646614475,-0.328940056412796,-1.20588991586569,47,"Tnfaip3/Tax1bp1/Ripk1/Itch/Tnip3/Azi2/Anxa4/Zc3h12a/Trim59/Irgm1/Irgm2/Cyld/Irak3/Esr1/Ppm1a/Usp10/Chrna7/Spi1/Irak1"
"GOBP_REGULATION_OF_EPITHELIAL_CELL_PROLIFERATION",0.182813946312866,0.390918866940083,0.0393579006834084,-0.242373135308789,-1.13552685200144,205,"Thbs1/Bmp5/Tnfaip3/Ctnnb1/Alox5/Jaml/Ceacam1/Wdr48/Areg/Col4a3/Klf9/Jun/Cask/Akt3/Cdc73/Fgf2/Gpc3/Ccr3/Adam17/Rtn4/Aplnr/Vegfc/Tgfa/Nr4a1/Tgfbr1/C5ar1/Acvrl1/Trim24/Zfp36/Nrarp/Prkd1/B2m/Vegfa/Krit1/Rbpj/Jag1/Epgn/Ereg/Pdcd10/Robo1/Cdc42/Eng/Frs2/Xbp1/Kdm5b/Cav2/Dlg1/Stxbp4/Runx2/Med1/Irf6/Iqgap3/Uhrf1/B4galt1/Six4/Rb1/Il12b/Sparc/Apln/Rptor/Cldn1/Eppk1/Dusp10/Kdr/Zfp36l1/Pik3cd/Ift74/Extl3"
"GOBP_POSITIVE_REGULATION_OF_MIRNA_TRANSCRIPTION",0.1830053338238,0.391053502802436,0.043413743815434,-0.393718516596548,-1.23844541421288,24,"Fos/Smad4/Jun/Fgf2/Bmp2/Wt1/Srf/Spi1/Apln"
"GOBP_GLYCEROPHOSPHOLIPID_BIOSYNTHETIC_PROCESS",0.18336329465599,0.391543641113246,0.0405925238683272,-0.268109438639758,-1.15850806163638,114,"Sacm1l/Pik3c2a/Gpam/Pcyt1a/Itpkc/Far1/Abhd5/Pigh/Pigb/Ttc7b/Dgkq/Pi4k2b/Pigm/Fig4/Becn1/Mboat7/Plcg2/Pik3cg/Efr3a/Mtmr4/Ttc7/Pgap1/Chpt1/Mtmr6/Uvrag/Alox15/Mppe1/Dgkz/Dgke/Inpp5e/Pip4k2a/Synj2/Mtm1/Lclat1/Pik3cd/Mfsd2a/Sh3glb1/Pik3r1/Atg14/Htr2b/Pik3c2g/Impa2/Pigf/Synj1/Pld1"
"GOBP_FATTY_ACYL_COA_BIOSYNTHETIC_PROCESS",0.184004474272931,0.392200357781753,0.0436087756134531,-0.452341234002431,-1.26156787619063,15,"Hsd17b12/Ppt1/Acsl4/Elovl7/Acsl5/Acaca/Fasn"
"GOBP_NEGATIVE_REGULATION_OF_POST_TRANSLATIONAL_PROTEIN_MODIFICATION",0.184078742876878,0.392200357781753,0.041776708077579,-0.305834642538504,-1.19165754043144,63,"Dnaja1/Hspa1b/Tnfaip3/Ctnnb1/Hspa1a/Trim44/Gtpbp4/Dcun1d3/Dtx3l/Senp2"
"GOBP_SPLICEOSOMAL_SNRNP_ASSEMBLY",0.184170471841705,0.392200357781753,0.047441195780349,0.382834522982945,1.22457972328847,22,"Gemin7/Snrpc/Snrpb/Tssc4/Sart1/Snrpd3/Cd2bp2/Smn1/Gemin2"
"GOBP_TRANSLESION_SYNTHESIS",0.184186046511628,0.392200357781753,0.0435353717179313,-0.44172800769455,-1.25557242143,16,"Polk/Rev1/Polh/Usp10/Dtl/Rev3l/Zbtb1/Vcp"
"GOBP_CELLULAR_RESPONSE_TO_STEROL",0.184563758389262,0.392730009989729,0.0435353717179313,-0.451358428789121,-1.25882685814393,15,"Insig1/Inhbb/Ces1d/Gpld1"
"GOBP_NEURON_RECOGNITION",0.185063752276867,0.393384322613184,0.0429123935596061,-0.373573824287285,-1.22812666616918,29,"App/Emb/Robo2/Casp3/Rtn4/Nrcam/Robo1/Ywhaz/Cntn6"
"GOBP_VENTRAL_SPINAL_CORD_DEVELOPMENT",0.1851296335976,0.393384322613184,0.0469282432542117,0.406644838129048,1.2386385945334,18,"Scyl1/Gata2/Ascl1/Tctn1/Abt1/Pax6/Cln8/Gli3/Dll4/Nfe2l1/Lmo4/Ift172/Reln"
"GOBP_STEROL_TRANSPORT",0.185326842837274,0.39352875623396,0.041776708077579,-0.310737221147282,-1.19493004483062,59,"Pltp/Cd36/Osbpl9/Lipa/Abca5/Tpcn2/Ces1d/Abca2/Cftr/Abca13/Ttc39b/Tspo2/Apob/Mttp/Stard3/Npc1/Osbpl3/Abcg1/Pip4k2a/Scp2"
"GOBP_CAMP_PKA_SIGNAL_TRANSDUCTION",0.186232558139535,0.394956069880036,0.0432689513601533,-0.440553376722018,-1.25223363776951,16,"Lrrk2/App/Atf1"
"GOBP_AORTIC_VALVE_MORPHOGENESIS",0.186258429014033,0.394956069880036,0.0427718921296353,-0.382448362772947,-1.22769335909366,26,"Smad2/Tgfbr2/Rhoa/Robo2/Rock2/Rock1/Slit2/Jag1/Robo1"
"GOBP_NEGATIVE_REGULATION_OF_PROTEIN_CATABOLIC_PROCESS",0.186443571794434,0.395073539397391,0.0412160410872884,-0.298375940905739,-1.18038661095622,68,"Rybp/Timp3/Wac/Usp25/Smad4/Hsp90ab1/Lamp3/Dedd/Hmgcr/Rock1/Mdm4/Tlk2/Pbk/Ric1/Senp1/Usp14/Svip/Tmem132a"
"GOBP_POSITIVE_REGULATION_OF_TRANSCRIPTION_BY_RNA_POLYMERASE_I",0.187384044526902,0.396790275093474,0.0430540984264808,-0.412507753470161,-1.23893535051793,20,"Sf3b1/Dek/Smarca5/Pwp1/Heatr1/Dhx33/Mtor/Mybbp1a/Wdr43/Eif2ak3/Rasl11a/Myo1c"
"GOBP_CELL_MATURATION",0.187876812774971,0.397557258443216,0.0399729091433235,-0.268400646405199,-1.15426498049614,109,"Lrrk2/App/Tut7/Ctnnb1/Rps6ka2/Ptbp3/Abhd2/Cln5/C3/Ccr6/Ccdc39/Rac1/Agrn/H3f3a/Fzd5/Sclt1/Nr4a2/Cftr/Diaph3/Ythdf2/Vegfa/Rac2/B4galt5/Slfn14/Nrcam/Ereg"
"GOBP_CARDIAC_CONDUCTION_SYSTEM_DEVELOPMENT",0.188024983846651,0.397594497092397,0.0466625806686436,0.411700214276183,1.2270825152657,17,"Hey1/Hopx/Tbx5/Mesp1/Id2/Tbx18/Bves/Msx1"
"GOBP_POSITIVE_REGULATION_OF_ATP_DEPENDENT_ACTIVITY",0.189539658526043,0.400519264546704,0.046545782323203,0.424113602125658,1.23741307163717,16,"Tnnt2/Tnnt3/Pfn1/Myl4/Atp2a1/Pfn2"
"GOBP_MITOTIC_CYTOKINETIC_PROCESS",0.190415451895044,0.401692895925674,0.0422441410140851,-0.378544258730584,-1.22578019458309,27,"Rhoa/Pdcd6ip/Arf6/Ect2/Iqgap1/Mtmr4/Spg20/Kif20b/Iqgap3"
"GOBP_HEAD_MORPHOGENESIS",0.190582542341336,0.401692895925674,0.0427253227144247,-0.405016101677864,-1.23037343220945,21,"Tiparp/Csrnp1/Vps13b/Col1a1/Nipbl/Braf/Arid5b/Ankrd11/Mmp2"
"GOBP_METHYLATION",0.190599844196313,0.401692895925674,0.0512782467692919,0.247498300234,1.13368461014876,118,"Mepce/Mrm2/Comtd1/Hemk1/Snrpb/Slc25a26/Mettl22/Mettl21a/Eef2kmt/Pnmt/Snrpd3/Kmt5c/Setd3/Suv39h1/Etfbkmt/Smyd1/Prdm8/Nsun4/Trmt112/Ndufaf5/Rrnad1/Mettl14/Dnmt3b/Inmt/Ezh1/Prmt1/Dnmt3l/Trmt12/Mettl24/Coq5/Prdm6/Trmt1/Bud23"
"GOBP_MAST_CELL_ACTIVATION_INVOLVED_IN_IMMUNE_RESPONSE",0.190622737146995,0.401692895925674,0.0420644872196636,-0.356613635807666,-1.21561905081204,34,"Snap23/Fgr/Lyn/Il4ra/Cd84/Adora2b/Cd300a/Grp/Pik3cg/Lat2/Rac2/Snx4/Ptpn6"
"GOBP_REGULATION_OF_TELOMERE_MAINTENANCE_VIA_TELOMERASE",0.19099066105109,0.402171137262615,0.0422893646614475,-0.375885257000478,-1.22310870398745,28,"Hsp90aa1/Ctnnb1/Atr/Tnks2/Sox7/Cct2/Tnks/Cct3/Hnrnpc/Hnrnpu"
"GOBP_CELL_MORPHOGENESIS_INVOLVED_IN_NEURON_DIFFERENTIATION",0.19117861837301,0.402171137262615,0.0371823354857534,-0.226766732972587,-1.11390782363355,317,"Lrrk2/App/Usp33/Picalm/Flrt3/Ndel1/Emb/Skil/Sema3a/Rnf6/Slc1a3/Itgb1/Smad4/Arhgef28/Nptx1/Egr2/Numb/Actg1/Mink1/Pcdhac2/Sema6d/Dock7/Rapgef2/Pafah1b1/Lama2/Robo2/Fat3/Caprin1/Rab10/Kidins220/Adam17/Rtn4/Rac1/Nedd4/Cyfip2/Tbce/Nin/Braf/Kif5b/Shank3/Klf7/Map2/Nrd1/Bmpr1b/Trpc6/Nr4a2/Cdkl5/Cckar/Creb1/Slit2/Wasl/Pak1/Rap2a/Sema3c/Zfp365/Gdnf/Arc/Vegfa/Abi1/B4galt5/Tnfrsf12a/Nrcam/Myh10/Spg20/Macf1/Robo1/Cdc42/Farp1/Wdr47/Tbcd/Unc5b/Srf/Sec24b/Fbxw8/Dclk1/Unc5a/Psen1/Dock10/Trak2/Cntn6/Xk/Ptprj/Pls1/Chrna7/Fzd4/Sdc2/Rb1/Ctnnd2"
"GOBP_NEGATIVE_REGULATION_OF_PROTEASOMAL_PROTEIN_CATABOLIC_PROCESS",0.191245913548856,0.402171137262615,0.0420644872196636,-0.360308621948567,-1.21164362367252,32,"Rybp/Wac/Usp25/Hsp90ab1/Lamp3/Tlk2/Pbk/Senp1/Usp14/Svip"
"GOBP_FILOPODIUM_ASSEMBLY",0.191387559808612,0.402191248873171,0.0414723944801625,-0.335383926891929,-1.20152247605175,43,"Rab5a/Fmr1/Dock11/Fgd3/Ripor2/Arf6/Agrn/Tgfbr1/Fnbp1l/Wasl/Fgd6/Cdc42/Gpm6a/Srf/Fgd4"
"GOBP_NEGATIVE_REGULATION_OF_T_CELL_APOPTOTIC_PROCESS",0.192,0.4032,0.0425403500042,-0.437887548034167,-1.24465625774737,16,"Gpam/Arg2/Dock8/Il7r/Rag1"
"GOBP_RECEPTOR_RECYCLING",0.192410119840213,0.403418744282233,0.0468392438701435,0.342243726086971,1.19812613623751,31,"Plekhj1/Arap1/Gria1/Lamtor1/Pex6/Bves/Ctsd/Pex10/Snca/Scrib"
"GOBP_REGULATION_OF_MACROPHAGE_CHEMOTAXIS",0.192573241276358,0.403418744282233,0.0425403500042,-0.431131163798138,-1.2435940127062,17,"Thbs1/Hc/Mmp28/Akirin1/C5ar1"
"GOBP_MICROTUBULE_NUCLEATION",0.192596566523605,0.403418744282233,0.0415371244882371,-0.35253118198495,-1.21198801569581,35,"Hspa1b/Ndel1/Hspa1a/Nin/Tpx2/Pak1/Ccdc66/Haus6/Cenpj/Slain1"
"GOBP_DEFINITIVE_HEMOPOIESIS",0.192755498059508,0.403418744282233,0.0460578909158033,0.43400930180639,1.24612059024257,15,"Hoxb4/Meis1/Lyl1"
"GOBP_VASCULAR_ASSOCIATED_SMOOTH_MUSCLE_CELL_MIGRATION",0.192766592095451,0.403418744282233,0.0424944299209872,-0.418184250582324,-1.23724664841682,19,"Mdm2/Dock7/Ddr2/Ptpn1/Pak1/Xbp1"
"GOBP_PHOSPHATIDYLINOSITOL_MEDIATED_SIGNALING",0.193814432989691,0.405333068992863,0.0424944299209872,-0.425480147985506,-1.23906389022907,18,"Pik3c2a/Plcb1/Plcl1/Plcg2/Pik3cg"
"GOBP_POSITIVE_REGULATION_OF_ORGANELLE_ASSEMBLY",0.194073817362675,0.405378811860293,0.0406333427646156,-0.313674148505066,-1.18634133992386,54,"Snx7/Rhoa/Pdcd6ip/Caprin1/Dzip1/Rp1/Becn1/Plk4/Cep135/Cnot2/Ift88/Snx4/Cenpj/Arhgef5/Ralb/Mapk9/Sdcbp/Pip4k2a/Htt/Msn/Atg5/Numa1/Sh3glb1/Cnot6/Tapt1"
"GOBP_NUCLEOSIDE_PHOSPHATE_CATABOLIC_PROCESS",0.194102564102564,0.405378811860293,0.0504300211031557,0.251989351116538,1.13551978898748,106,"Uchl1/Nudt3/Pfkm/Eno3/Prkaca/Pde9a/Neil1/Ucp2/Bpgm/Entpd2/Tpi1/Aldoa/Galk1/Gpi1/Nt5m/Dctpp1/Actn3/Ier3/Aldoc/Pfkfb1/Hint1/Mlycd/Sarm1/Ogg1/Tigar/Ogt/Pde7a/Acat1/Entpd5/Abcd1/Sucla2/Neil2/Hdac4/Gck/Pde1a/Nudt19/Nudt16/Nudt18/Gapdhs/Pde4a/Samhd1/Fitm2/Prkag3/Nudt10"
"GOBP_PORPHYRIN_CONTAINING_COMPOUND_METABOLIC_PROCESS",0.194727514399646,0.406036057556116,0.0464876729628047,0.35899513893594,1.21212640242086,27,"Slc25a39/Fxn/Cox10/Alad/Ppox/Sucla2/Fech/Slc11a2/Slco2b1/Blvra/Rsad1/Bdh2/Hmbs/Tmem14c/Nfe2l1"
"GOBP_PYRIDINE_CONTAINING_COMPOUND_CATABOLIC_PROCESS",0.194728093089527,0.406036057556116,0.0482874384163219,0.28365955815332,1.15970985580123,63,"Uchl1/Pfkm/Eno3/Prkaca/Ucp2/Bpgm/Tpi1/Aldoa/Galk1/Gpi1/Actn3/Ier3/Aldoc/Pfkfb1"
"GOBP_ENDOCRINE_PANCREAS_DEVELOPMENT",0.194817300521998,0.406036057556116,0.0422441410140851,-0.41754075825271,-1.2353428016627,19,"Arntl/Bmp5"
"GOBP_REGULATION_OF_VESICLE_FUSION",0.195591095742382,0.407187053783912,0.0457493152110703,0.421589996662334,1.23005008593635,16,"Rab3a/Syt5/Grik5/Cplx1/Snca/Cplx2/Anxa2/Syt7/Ankrd27"
"GOBP_POLYOL_METABOLIC_PROCESS",0.195636998254799,0.407187053783912,0.0406129202301208,-0.30936530013398,-1.18518835223946,58,"Slc5a3/Itpkc/Asah2/Plek/Plpp1/Plcb1/Lrp2/Asah1/Gch1/Acer3/Ptafr/Abca2/Plcg2/Gpd2"
"GOBP_POSITIVE_REGULATION_OF_MONOATOMIC_ION_TRANSMEMBRANE_TRANSPORT",0.195856420139725,0.40733492281407,0.0485134835352845,0.276038855191347,1.15703790454172,70,"Fxyd1/Thy1/Fxyd6/Kcnh2/Fxyd7/Actn2/Bax/Atp2a1/P2rx4/Amigo1/Grin1/Kcnn4/Casq1/Ank2/Tmsb4x/Ppp3ca/Adcyap1r1/Hap1/Akap6/Snca"
"GOBP_ANGIOGENESIS_INVOLVED_IN_WOUND_HEALING",0.19600222098834,0.40733492281407,0.0419310333602392,-0.398631457920584,-1.22558347374427,22,"Tnfaip3/Alox5/Vegfa/Xbp1/Srf/Adipor2/B4galt1/Gpr4/Kdr/Slc12a2/Dag1/Cx3cl1"
"GOBP_REGULATION_OF_INSULIN_RECEPTOR_SIGNALING_PATHWAY",0.196109358569926,0.40733492281407,0.0406537915299785,-0.325021820228088,-1.19152571360146,47,"Il1b/Socs3/Sik2/Sorl1/Ptpn1/Snx5/Irs1/Sorbs1/Pak1/Tsc2/Prkaa1/Mtor/Osbpl8/Sesn3/Fbxw8/Ptprj/Pip4k2a"
"GOBP_REGULATION_OF_STRIATED_MUSCLE_CONTRACTION",0.196390406079316,0.407640617935595,0.0480641860346252,0.28334594650705,1.15842769023825,63,"Dmpk/Atp1a2/Prkaca/Tmem38a/Tnnt3/Rem1/Atp2a1/Hrc/P2rx4/Cav3/Kbtbd13/Casq1/Pln/Actn3/Trpv4/Ank2/Trdn/Mybpc3/Gstm7/Dsc2/Adra1b/Adora1/Jup/Fgf13/Ryr2/Gsto1/Nppa/Grk2"
"GOBP_INTRINSIC_APOPTOTIC_SIGNALING_PATHWAY_IN_RESPONSE_TO_OXIDATIVE_STRESS",0.197139753801593,0.40891726861434,0.0412797479600563,-0.354581945493764,-1.20869345626674,34,"Ctnnb1/Jak2/Hspb1/Mcl1/Stk24/Fgf2/Ubqln1"
"GOBP_ENDOPLASMIC_RETICULUM_ORGANIZATION",0.199102054912796,0.412321135447928,0.0399729091433235,-0.302108440861123,-1.17713872631292,63,"Lrrk2/Sec61a1/Tmem33/Arl6ip1/Vcpip1/Esyt3/Atl3/Rab5if/Rab10/Tmco1/Rtn4/Ccdc47/Mmgt1"
"GOBP_ENDOSOME_TO_LYSOSOME_TRANSPORT",0.199186991869919,0.412321135447928,0.0404909326266485,-0.328525771016275,-1.19045719690629,45,"Plekhf2/Scyl2/Lyst/Lipa/Gprasp1/Tpcn2/Dtx3l/Ubxn6/Pcdhga3/Trak2/Vcp/Mtm1/Hook1/Snx16/Dennd3/Atg14/Chmp2b/Vps41/Chmp1b"
"GOBP_RECEPTOR_CLUSTERING",0.199186991869919,0.412321135447928,0.0404909326266485,-0.328574114313647,-1.19063237532867,45,"Itgb2/Cd53/Itgal/Slc7a11/Crk/Tnfaip6/Rac1/Agrn/Shank3"
"GOBP_REGULATION_OF_MITOCHONDRIAL_TRANSLATION",0.199439413540319,0.412533624277642,0.0452019785026896,0.393409993853219,1.21371012208167,19,"Coa3/Uqcc2/Trub2/Shmt2/Rcc1l/Mtg1/Malsu1/Rmnd1/Rpusd4/Mpv17l2"
"GOBP_L_GLUTAMATE_IMPORT",0.199560600512633,0.412533624277642,0.0412584842934089,-0.382590154804134,-1.21636521248305,25,"Slc1a3/Itgb1/Arl6ip1/Slc38a2/Slc7a11"
"GOBP_REGULATION_OF_NON_CANONICAL_WNT_SIGNALING_PATHWAY",0.199913550896909,0.412750841832019,0.0452019785026896,0.420330316475433,1.22637478591876,16,"Dact1/Sfrp5/Lbx2/Nkd1/Spef1/Plekha4"
"GOBP_DNA_REPLICATION",0.199936778884147,0.412750841832019,0.0379193221095002,-0.246726212368904,-1.12870470419506,171,"Cacybp/Dhx9/Polk/Top1/Fam111a/Atrx/Gtpbp4/Orc4/Rev1/Atf1/Tbrg1/Smarca5/Jade3/Atr/Mettl4/Gmnc/Senp2/Orc3/Rrm2b/Topbp1/Slfn9/Rfc4/Nynrin/Polh/Mcm6/Ccne2/Acvrl1/Yy1/Chaf1a/Pds5a/Esco2/Zfp365/Zbtb38/Noc3l/Recql/Slx4/Ino80c/Ereg/Baz1a/Rbbp7/Gen1/Mgme1/Fancm/Mcmbp/Dnajc2/Dtl/Ooep/Rbbp6/Fen1/Rev3l/Pura"
"GOBP_SULFUR_COMPOUND_TRANSPORT",0.200453514739229,0.413465233370447,0.046343236109192,0.331751643190631,1.19209051501447,35,"Slc25a39/Slc25a42/Slc25a10/Ucp2/Slc25a26/Slc25a16"
"GOBP_CELL_JUNCTION_ORGANIZATION",0.200554400554401,0.413465233370447,0.0350823822118328,-0.215229349909057,-1.09631523931592,467,"Thbs1/Lrrk2/Dusp3/Prkch/App/Il1b/Flrt3/Capza1/Ctnnb1/Pof1b/Itgb1/Ston1/Pkn2/Nptx1/Vmp1/Numb/Tnc/Pls3/Cxadr/Ace2/Actg1/Col4a1/Rhoa/Nedd9/Rapgef2/Pafah1b1/Cd177/Robo2/Col4a5/Rock2/C3/Lama3/Rap1b/Slc7a11/Pdcd6ip/Crk/Ocln/Arhgap22/Itga2/Phldb2/Caprin1/Ccdc39/Arf6/Rtn4/Rac1/Aplnr/Nedd4/Cyfip2/Rock1/Agrn/Wasf2/Fzd5/Ect2/Cast/Ptpn1/Ptprf/Kif5b/Tgfbr1/Shank3/Itgam/Mpp7/Prkci/C5ar1/Gabra3/Epha2/Acvrl1/Dst/Cdkl5/Rdx/Pcdh17/Sorbs1/Senp1/Wasl/Rap2a/Zfp365/Gdnf/Negr1/Arc/Vegfa/Ptpn13/Homer1/Map4k4/Myo9a/Nrcam/Myh10/Tjp1/Arf4/Macf1/Cdc42/Gpm6a/Farp1/Ppfibp1/Tbcd"
"GOBP_REGULATION_OF_CHOLESTEROL_METABOLIC_PROCESS",0.200983965014577,0.414070482726243,0.040984587350474,-0.374704215860923,-1.21334558915078,27,"Insig1/Ces1d/Dgkq/Gnai1/Kpnb1/Abca2/Ttc39b/Prkaa1/Apob"
"GOBP_MUSCLE_CELL_APOPTOTIC_PROCESS",0.202030999465526,0.415946175370202,0.040349788069391,-0.338627075565897,-1.19563823418246,40,"Hsp90aa1/Bag3/Jak2/Rps6ka2/Smad4/Ppp1r10/Nrg1/Ptpn1/Slc7a5/Zc3h12a"
"GOBP_NEGATIVE_REGULATION_OF_MACROAUTOPHAGY",0.20250137943719,0.41663290566638,0.0410264221970887,-0.384569429390405,-1.20966687163218,24,"Lrrk2/Vps13c/Pptc7/Scfd1/Smcr8/Becn1/Tsc2/Mtor/Clec16a/Npc1"
"GOBP_ENDOTHELIAL_CELL_CHEMOTAXIS",0.202680067001675,0.416718976380892,0.0412797479600563,-0.400453404506004,-1.21651269591719,21,"Thbs1/Hspb1/Fgf2/Nr4a1/Prkd1/Vegfa"
"GOBP_L_ALPHA_AMINO_ACID_TRANSMEMBRANE_TRANSPORT",0.202975557917109,0.417044921631308,0.0401107148777776,-0.32931299725579,-1.18615076422093,44,"Slc1a3/Itgb1/Arl6ip1/Slc11a1/Ace2/Slc38a2/Slc7a11/Slc7a1/Slc7a5/Slc6a20a"
"GOBP_CARDIAC_MUSCLE_CONTRACTION",0.203182374541004,0.417188355008332,0.0479693468044241,0.261903073991711,1.13805795093463,86,"Tnnt2/Atp1a2/Prkaca/Tmem38a/Kcnh2/Tnni2/Vegfb/Ttn/Csrp3/Myl4/Tpm1/Atp2a1/Hrc/P2rx4/Cav3/Pln/Ank2/Trdn/Mybpc3/Gstm7/Dsc2/Kcnj3/Scn8a/Gpd1l/Adra1b/Scn4b/Adora1/Jup/Fgf13/Kcna5/Ryr2/Gsto1/Pik3ca/Nppa/Grk2"
"GOBP_RESPONSE_TO_NERVE_GROWTH_FACTOR",0.203656770456191,0.417238073795099,0.0405314912401909,-0.353135790425038,-1.20376382521663,34,"Cstf2/App/Rapgef2/Crk/Kidins220/Arf6/Ptpn1/Creb1/Eef2/Rab35/Lcn2"
"GOBP_MESENCHYME_DEVELOPMENT",0.203683299228711,0.417238073795099,0.0374295602878443,-0.244949715545941,-1.12673385680773,178,"Bmp5/Il1b/Hgf/Ctnnb1/Sema3a/Smad4/Smad2/Tgfbr2/Sema6d/Mdm2/Adam8/Cited2/Col1a1/Robo2/Slc39a10/Rock2/Ddx5/Kbtbd8/Rtn4/Aplnr/Nedd4/Ldlrad4/Rflnb/Rock1/Nrg1/Tgfbr1/Kitl/Exoc4/Mdm4/Acvrl1/Bmp2/Sema3c/Dchs1/Nckap1/Gdnf/Loxl2/Vegfa/Rbpj/Jag1/Robo1/Cdc42/Eng/Mtor/Ppp2ca"
"GOBP_PROTEIN_K63_LINKED_UBIQUITINATION",0.203697056712132,0.417238073795099,0.0403297267408196,-0.34051774357462,-1.19430258468539,39,"Ddx3x/Arrdc4/Traf6/Itch/Ptpn22/Nedd4/Plaa/Kcmf1/Sash1/Ube2n/Ube2v2/Trim56/Rnf115/Rnf39"
"GOBP_REGULATION_OF_LYMPHOCYTE_CHEMOTAXIS",0.203765846383296,0.417238073795099,0.0411948614201256,-0.44396760528242,-1.23821404460017,15,"Nedd9/Adam17/Klrk1/Tnfsf14/Ccl3/Padi2/Ccl4"
"GOBP_PROTEIN_DEPOLYMERIZATION",0.203891708967851,0.417238073795099,0.0389854791151017,-0.283918641097025,-1.15677429621614,80,"Hspa8/Cltc/Capza1/Washc2/Tmod3/Nckap5/Plek/Mid1/Sptan1/Eps8/Swap70/Kif18a/Tpx2/Mical2/Rdx/Diaph3/Camsap2/Atxn7/Sptbn1/Hdgfl3/Wdr47"
"GOBP_RESPONSE_TO_ZINC_ION",0.205038335158817,0.419302706889589,0.0449082019903916,0.366456018185533,1.20112052274639,24,"Crip1/Mt3/P2rx4/Abcc8/Khk/Mt1/Pln/Alad"
"GOBP_MEMBRANE_BIOGENESIS",0.205404167620792,0.419576386572954,0.0459731894695299,0.31391084231577,1.17908646242467,42,"Nsfl1c/Banf1/Dmkn/Stx4a/Hdac3/Flot1/Cav3/Pex19/Tlcd2/Clip3/Vps4a/Tlcd1/Anxa2/Nlgn2/Cdh2/Rcc1/Chmp1a/Ephb2"
"GOBP_MITOTIC_METAPHASE_CHROMOSOME_ALIGNMENT",0.205447747908136,0.419576386572954,0.0399533206453487,-0.335459056755869,-1.19011894207824,41,"Kif18a/Pdcd6ip/Kpnb1/Eml4/Becn1/Rrs1/Kat5/Cdc23/Ccdc66/Sox7/Ccnb1"
"GOBP_MITOTIC_CHROMOSOME_CONDENSATION",0.20600298284862,0.420428339660891,0.0409428614964308,-0.443144953412246,-1.23591969004063,15,"Ncapg/Smarca5/Smc4/Nusap1/Kmt5a/Ncapd2"
"GOBP_INTRACELLULAR_STEROL_TRANSPORT",0.206366833240792,0.420888819302218,0.0407358500698217,-0.393667177627687,-1.21032090536157,22,"Tpcn2/Ces1d/Abca2/Tspo2/Npc1/Abcg1/Pip4k2a/Scp2/Serac1/Vps52/Ldlr/Osbp"
"GOBP_RESPONSE_TO_ELECTRICAL_STIMULUS",0.206770159551531,0.421429140451413,0.0443098064347317,0.389970178097538,1.20309793818701,19,"Rab3a/Palm/Gria1/Prickle1/Adssl1/Kcnj3/mt-Co1"
"GOBP_CARDIAC_EPITHELIAL_TO_MESENCHYMAL_TRANSITION",0.207235621521336,0.42209529600834,0.0406947679868852,-0.405299994943322,-1.21728740145085,20,"Smad4/Tgfbr2/Rtn4/Tgfbr1/Acvrl1/Bmp2/Rbpj/Jag1/Eng"
"GOBP_POSITIVE_REGULATION_OF_EXOCYTOSIS",0.207494795281055,0.422340676223805,0.0391519644289041,-0.308007261678096,-1.17299565600851,56,"Itgb2/Rab5a/Fgr/Cadps2/Cd177/Il4ra/Pdcd6ip/Stam/Itgam/Adora2b/H2-Q2/Cftr/Fga/Snx4/Klrc1/Fgg/Syt10/Klrc2/Sdcbp/Rab15/Ifng"
"GOBP_PROTEIN_TARGETING_TO_MITOCHONDRION",0.208413001912046,0.423286159077672,0.0390962704702094,-0.301033795046302,-1.16816456376221,62,"Hsp90aa1/Bag3/Hspd1/Lrrk2/Ube2d3/Hspa4"
"GOBP_CARDIAC_SEPTUM_MORPHOGENESIS",0.208474274523767,0.423286159077672,0.039623999518966,-0.334660310932889,-1.18728520569614,41,"Bmp5/Smad4/Tgfbr2/Mdm2/Cited2/Robo2/Lrp2/Aplnr/Tgfbr1/Slit2/Sema3c/Rbpj/Jag1/Robo1/Eng"
"GOBP_POSITIVE_REGULATION_OF_POTASSIUM_ION_TRANSPORT",0.208710651142734,0.423286159077672,0.0440812781729208,0.38913901667699,1.20053372008131,19,"Kcnh2/Actn2/Abcc8/Amigo1/Kcnn4/Ank2/Adra2a/Akap6/Adora1/Atp1b2/Nppa/Fhl1/Kcnc1/Flna/Stk39"
"GOBP_POSITIVE_REGULATION_OF_AMIDE_METABOLIC_PROCESS",0.208719851576994,0.423286159077672,0.0405314912401909,-0.404869511013877,-1.21599447603665,20,"Picalm/Rock2/Casp3/Abca2/Slc2a13/Abcg1/Chrna7/Ifng"
"GOBP_CELL_DIFFERENTIATION_IN_SPINAL_CORD",0.208926261319534,0.423286159077672,0.0440560759786921,0.389116248391695,1.20046347758936,19,"Sox13/Scyl1/Gata2/Ascl1/Tctn1/Abt1/Draxin/Cln8/Gli3/Dll4/Nfe2l1/Sox6/Lmo4/Ift172"
"GOBP_POSITIVE_REGULATION_OF_D_GLUCOSE_TRANSMEMBRANE_TRANSPORT",0.208938752988781,0.423286159077672,0.0403096907892751,-0.381896304960304,-1.20125853279992,24,"C3/Gpc3/Ocln/Braf/Prkci/Irs1/Sorbs1"
"GOBP_CELL_REDOX_HOMEOSTASIS",0.208958469232442,0.423286159077672,0.0442587547733942,0.374099887955152,1.19664008800684,22,"Bola2/Bola1/Txn1/Gpx1/Prdx6/Txnrd2"
"GOBP_REGULATION_OF_BLOOD_CIRCULATION",0.209071390230811,0.423286159077672,0.0496531608165045,0.235667572148676,1.11619074742805,143,"Tbx2/Fxyd1/Dmpk/Des/Tnnt2/S100a1/Atp1a2/Hspb7/Prkaca/Tmem38a/Kcnh2/Slc4a3/Csrp3/Myl4/Tpm1/Atp2a1/Hrc/P2rx4/Cav3/Hopx/Pln/Ank2/Tbx5/Agt/Epas1/Chrm2/Trdn/Ager/Tbx18/Bves/Mybpc3/Gstm7/Dsc2/Adra2a/Kcnj3/Gpd1l/Adra1b/Gnao1/Popdc2/Ywhae/Scn4b/Adora1/Jup/Agtr1a/Atp1b2/Fgf13/Kcna5/Adra2b/Ryr2/Gsto1"
"GOBP_GLYCOSAMINOGLYCAN_METABOLIC_PROCESS",0.209994683678894,0.424872964652646,0.0393579006834084,-0.329900773088948,-1.18187892129054,43,"Il1b/Ndst1/Cltc/Hexb/Fgf2/Tnfaip6/Csgalnact1/Hmmr/Chsy3/Ext2"
"GOBP_POSITIVE_REGULATION_OF_LIPID_METABOLIC_PROCESS",0.210686506594521,0.425989649787728,0.0382489817341206,-0.285941394108659,-1.15536460812098,76,"Ptgs2/Il1b/Adgrf5/Abhd5/Ces1d/Abcd2/Gpld1/Spata18/Gnai1/Kpnb1/Kat5/Plaa/Irs1/Sorbs1/Creb1/Prkaa1/Mtor/Xbp1/Chp1"
"GOBP_NEGATIVE_REGULATION_OF_CANONICAL_WNT_SIGNALING_PATHWAY",0.211002444987775,0.426345351683991,0.0469580095971153,0.265154983464022,1.13462597355145,79,"Igfbp4/Rbx1/Sox10/Stk11/Dact1/Tmem88/Lzts2/Dab2ip/Sfrp5/Mesp1/Dkk2/Prickle1/Sox13/Nkd1/Sox2/Tbx18/Dact3/Tcf7l2/Cby1/Axin2/Sost/Fuz/Nkd2/Tpbgl/Mcc/Hdac1/Fzd6/Ubac2/Otud5/Nppa/Ppp2r3a"
"GOBP_RESPONSE_TO_VITAMIN",0.211413520632133,0.426892685891808,0.0390038894080939,-0.318746034855994,-1.17263465156618,48,"Tnc/Mdm2/Col1a1/Nfkbiz/Lipa/Postn/Tpcn2/Itga2/Becn1/Trim24/Cat/Phex/Otc/Pim1/Stc1/Eef2/Med1"
"GOBP_EMBRYONIC_HEART_TUBE_MORPHOGENESIS",0.211893369788107,0.427372795848926,0.0450678193903269,0.314144823341405,1.17028511133113,40,"Tbx2/Vangl2/Asb2/Ndrg4/Sox18/Cluap1/Tead2/Ccdc103/Mesp1/Ccdc40"
"GOBP_PROTEIN_LOCALIZATION_TO_ENDOPLASMIC_RETICULUM",0.212011076497058,0.427372795848926,0.0386218062368277,-0.3073505111394,-1.16767593232994,55,"Lrrk2/Sec61a1/Hspa5/Zfand2a/Sgtb/Insig1/Rab10/Rtn4/Srp54a/Glp1r/Mia2/Srp72"
"GOBP_SPINDLE_ASSEMBLY",0.212156536219817,0.427372795848926,0.037765625523013,-0.272491682897245,-1.1413927096262,95,"Hspa1b/Hspa1a/Tpr/Nek6/Rhoa/Prc1/Kif3b/Kif11/Pdcd6ip/Stag2/Ddb1/Ripor2/Tpx2/Kpnb1/Kif23/Ccdc66/Stag1/Haus6/Cenpj/Spice1/Tubb1/Tnks/Uhrf1/Kif4/Ccnb2/Hnrnpu/Dcaf13/Cep192/Lsm14a/Aspm/Numa1/Smc3/Pibf1"
"GOBP_POSITIVE_REGULATION_OF_PROTEIN_LOCALIZATION_TO_NUCLEUS",0.212237093690249,0.427372795848926,0.0386938580528995,-0.300269803199939,-1.16519988598646,62,"Hsp90aa1/Bag3/Ipo7/Jak1/Jak2/Tpr/Dtx3l/Ifi205/Ect2/Zc3h12a/Tesk1/Prkd1/Xbp1/Sox7/Cct2/Psen1/Larp7/Cct3/Ipo5/Ifng/Fyn/Kat7/Eif2ak3/Ppp3cb/Cct8/Cdh1/Pik3r1"
"GOBP_ASTROCYTE_ACTIVATION",0.21235305094234,0.427372795848926,0.0402696947953221,-0.423096147753708,-1.22041708029235,17,"App/Il1b/Fpr2/C5ar1"
"GOBP_RESPONSE_TO_INTERFERON_BETA",0.212924424972618,0.428239679023528,0.043980694668116,0.364269034807805,1.19395232114091,24,"Ndufa13/Xaf1/Cdc34/Ifitm2/Bst2/Camk2a"
"GOBP_MACROMOLECULE_DEACYLATION",0.213114754098361,0.428277893177137,0.0442332865829381,0.352639884530548,1.19066825209127,27,"Lypla2/Brms1/Ppt2/Hdac3/Sirt5/Mapt/Bex4/Sirt7/Hdac10/Hdac1/Hdac4"
"GOBP_PROTEIN_STABILIZATION",0.213224724484907,0.428277893177137,0.0367632352615047,-0.250190098674693,-1.12193697095744,147,"Hsp90aa1/Bag3/Hspd1/Hspa1b/Usp33/Hspa1a/Hsp90ab1/Ppib/Rassf1/Naa16/Trim44/Gtpbp4/Ppp1r10/Lamp2/Tbrg1/Naa15/Ifi205/Rtn4/Atp1b1/Mdm4/Tyrobp/Creb1/Aak1/Nckap1/Bag2/Irgm1/Irgm2/Ppp1ca/Pdcd10/Pim1/Mtor/Uri1/Cct2/Chp1/Naa30/Stxbp4/Cct3/Otud3"
"GOBP_CHROMOSOME_ORGANIZATION_INVOLVED_IN_MEIOTIC_CELL_CYCLE",0.213658000732332,0.428865268444267,0.0397008671466232,-0.378030313851827,-1.2018681538442,25,"Atrx/Smc4/Ccne2/Sycp1/Tex15/Sycp2/Ncapd2/Mre11a/Tex11/Ncapd3"
"GOBP_ACETYL_COA_METABOLIC_PROCESS",0.214176994998913,0.42948446048441,0.0436578910223929,0.372112356244166,1.19028253432097,22,"Hmgcs2/Bckdk/Pdk2/Pdhx/Mlycd/Dlat/Pdk1"
"GOBP_RESPONSE_TO_REACTIVE_OXYGEN_SPECIES",0.214248569942798,0.42948446048441,0.0481595274507768,0.243680220503481,1.11774244164116,119,"Romo1/Pdk2/Hba-a2/Hba-a1/Cygb/Pcgf2/Park7/Pex14/Map1lc3a/Ucp2/Pink1/Hyal2/Klf2/Fxn/Endog/Txn1/Gpx1/Mt3/Tpm1/Mb/Ppp5c/Ppif/Cryab/Mapt/Txnrd2/Ankzf1/Ccs/Bnip3/Mapk7/Pex10/Adcyap1r1/Mapk13/Ogg1/Bmp7/Cfl1"
"GOBP_PURINE_CONTAINING_COMPOUND_CATABOLIC_PROCESS",0.214530332681018,0.429486645319578,0.046545782323203,0.259235687602202,1.13173286027601,88,"Uchl1/Nudt3/Pfkm/Eno3/Prkaca/Pde9a/Ucp2/Bpgm/Tpi1/Aldoa/Galk1/Gpi1/Actn3/Ier3/Aldoc/Pfkfb1/Nudt1/Hint1/Mlycd/Sarm1/Tigar/Ogt/Pde7a/Acat1/Abcd1/Sucla2/Hdac4/Gck/Pde1a/Nudt19/Nudt16/Nudt18/Gapdhs/Pde4a/Samhd1/Fitm2/Prkag3/Nudt10/Gapdh/Ogdh/Mlst8"
"GOBP_PROTEIN_K63_LINKED_DEUBIQUITINATION",0.214591475898009,0.429486645319578,0.0399729091433235,-0.396293325952968,-1.20387504989187,21,"Usp33/Tnfaip3/Usp25/Yod1/Psmd14"
"GOBP_POSITIVE_REGULATION_OF_CELL_CYCLE_PHASE_TRANSITION",0.214884516680924,0.429486645319578,0.038074588399225,-0.29253116893154,-1.15495246667716,67,"Ddx3x/Anxa1/Tmod3/Mdm2/Ppp1r10/Cdc73/Plcb1/Kmt2e/Adam17/Ddr2/Rrm2b/Ccne2/Rdx/Plcg2/Cdc23/Cenpj/Cdc16/Ccnb1/Stxbp4/Plrg1/Eif4g1/Dtl/Rb1"
"GOBP_REGULATION_OF_NEURAL_PRECURSOR_CELL_PROLIFERATION",0.214925373134328,0.429486645319578,0.0386397875986196,-0.317923548425626,-1.1696088065886,48,"Lrrk2/Ctnnb1/Itgb1/Kdm2b/Rhoa/Lyn/Fgf2/Lrp2/Vegfc/Btg2"
"GOBP_PROTEIN_DEPHOSPHORYLATION",0.214954892435808,0.429486645319578,0.0383722519522341,-0.306209836360056,-1.16615045346824,56,"Ptprc/Dusp3/Dusp1/Cttnbp2nl/Dapp1/Ptpn1/Ptprf/Ptpn13/Ppp1ca/Mtmr6/Ppp2ca/Ptpn6/Ptprb/Ppm1a/Ppp1cb/Ppp1r12a/Ptprj/Dusp6/Dusp11/Mtm1/Ssh2/Ptpn21/Ppp3cb"
"GOBP_MITOTIC_CYTOKINESIS",0.215219976218787,0.429583296663978,0.0378850326355364,-0.286577953194793,-1.14895876112057,73,"Exoc6/Rhoa/Rock2/Pdcd6ip/Arf6/Rock1/Rasa1/Ect2/Exoc4/Iqgap1/Kif23/Mtmr4/Zfp365/Nusap1/Sptbn1/Exoc5/Myh10/Spg20/Rab35/Kif20b/Iqgap3/Ckap2/Kif4/Exoc2/Exoc6b"
"GOBP_REGULATION_OF_MRNA_METABOLIC_PROCESS",0.215285422236201,0.429583296663978,0.0362323902738512,-0.243240909897895,-1.11982110957689,179,"Ythdf3/Rnps1/Tut7/Dhx9/Pde12/Zc3h14/Ptbp1/Fmr1/Slc11a1/Fxr1/Zfp36l2/Cdc73/Rock2/Ddx5/Caprin1/Rock1/Rbm33/Btg2/Dyrk1a/Srsf4/Apobec1/Cnot2/Myd88/Zfp36/Zc3h12a/Cwc22/Wtap/Iws1/Senp1/Ythdf2/Gdnf/Samd4/Ncbp1/Sltm/Igf2bp2/Paip1/Rbm39/Zc3hav1/Ccnb1/Nbas/Larp7/Mettl3/Mettl16/Ythdc1/Hnrnpc/Pum2/Srpk2/Srsf10/Hnrnpu/Tent5a/Csde1/Serbp1/Rbmxl1/Noct/Kat8/Rnasel/Zfp36l1/Tra2a/Ireb2/Rbm15b/Khsrp/Rbm7/Piwil2/Igf2bp3/Cnot6/Nova2/Cnot7/Ago2/Rbmx"
"GOBP_L_AMINO_ACID_CATABOLIC_PROCESS",0.215575620767494,0.42974098314184,0.0444123736809969,0.315852149055203,1.17092827729498,39,"Bckdk/Ivd/Gpt/Sdsl/Qdpr/Glul/Asrgl1/Gcat/Cdo1"
"GOBP_REGULATION_OF_ACTOMYOSIN_STRUCTURE_ORGANIZATION",0.215689625705008,0.42974098314184,0.0379709017537109,-0.289788308931322,-1.15153507122187,70,"Smad4/Actg1/Rhoa/Rock2/Was/S1pr1/Phldb2/Rac1/Rock1/Braf/Wasf2/Ect2/Tgfbr1/Tesk1/Prkd1/Pak1/Arhgap28/Tmeff2/Tjp1/Cgnl1/Cdc42/Mtor/Arhgef18/Arhgef5"
"GOBP_NEGATIVE_REGULATION_OF_NOTCH_SIGNALING_PATHWAY",0.215946843853821,0.42974098314184,0.0439056492517661,0.35450192040636,1.18447832174605,26,"Egfl7/Fbxw7/Arrdc1/Hey1/Mmp14/Neurl1a/Dlk2/Gata2/Wwp2/Bmp7/Ovol2"
"GOBP_REGULATION_OF_PROTEIN_EXPORT_FROM_NUCLEUS",0.215975254730713,0.42974098314184,0.0393202544074839,-0.35655362746289,-1.1915929671322,31,"Bag3/Il1b/Xpo1/Tpr/Mdm2/Frat2"
"GOBP_REGULATION_OF_RESPONSE_TO_TUMOR_CELL",0.21607009694258,0.42974098314184,0.0398557423668398,-0.408303976376465,-1.20801471027086,19,"Hspd1/Pvr/Ceacam1/Prkaa1/Fbxo38/Dapk1/Ahr"
"GOBP_DNA_STRAND_ELONGATION",0.216670256299806,0.430653348846547,0.0431492457223638,0.402755815295691,1.20042351627097,17,"Tfpt/Nucks1/Ino80b/Mcrs1"
"GOBP_MRNA_METABOLIC_PROCESS",0.218164143868907,0.433339737821802,0.0334240051951686,-0.215017674705579,-1.0909465388017,440,"Hspa8/Cstf2/Hspa1b/Dhx15/Ythdf3/Rnps1/Tut7/Sf3b1/Dhx9/Hspa1a/Cdk13/Dhx40/Prpf40a/Snrnp200/Pde12/Ptbp3/Zc3h14/Pcbp2/Ptbp1/Mbnl3/Etf1/Mbnl1/Fmr1/Mbnl2/Taf4b/Slc11a1/Fxr1/Srrm2/Rnpc3/Ddx20/Cdk12/Zfp36l2/Cdc73/Virma/Rock2/Ddx5/Nfkbiz/Cebpg/Taf7/Caprin1/Cstf3/Smg8/Ddx23/Rock1/Hnrnpll/Rbm33/Btg2/Prpf39/Dyrk1a/C5ar1/Zc3h13/Rbm41/Srsf4/Apobec1/Cnot2/Prpf6/Scaf11/Myd88/Zfp36/Zc3h12a/Slu7/Cwc22/Setx/Wtap/Creb1/Iws1/Senp1/Ppwd1/Tesk1/Strap/Ythdf2/Papolb/Cpsf2/Ttf2/Hltf/Gdnf/Samd4/Slfn14/Ereg/Ncbp1/Mfap1a/Sltm/Luc7l2/Ddx46/Igf2bp2/Paip1/Rbm39/Zc3hav1/Taf6/Mtpap/Prpf38b/Ccnb1/Atf2/Plrg1/Med1/Nbas/Larp7/Mettl3/Thoc2/Wbp4/Armc7/Usp39/Mettl16/Cwc25/Ythdc1/Dhx8/Hnrnpc/Cpsf6/Rbbp6/Hnrnpa2b1/Pum2/Srpk2/Cmtr2/Prpf18/Srsf10/Thoc1/Zbtb1/Hnrnpu/Tent5a/Csde1/Pnrc2/Cdc40/Serbp1/Rbmxl1/Noct/Kat8/Rnasel/Pnn/Zfp36l1/Ttc37/Dis3l/Mettl8/Gemin5/Tra2a/Ireb2/Rbm15b/Trmt10c/Fip1l1/Sf3b4/Cdc5l/Khsrp/Ptbp2/Rbm7/Piwil2"
"GOBP_REGULATION_OF_PROTEIN_IMPORT_INTO_NUCLEUS",0.218951902368988,0.434620953529053,0.0387119238036831,-0.336631908332865,-1.1806737410775,39,"Hsp90aa1/Bag3/Jak2/Cd36/Tpr/Ect2/Zc3h12a/Prkd1/Xbp1/Chp1/Psen1/Ipo5"
"GOBP_MICROTUBULE_POLYMERIZATION",0.219921941286272,0.435387986875401,0.037396361434556,-0.28414442416807,-1.14444238770187,75,"Hspa1b/Ndel1/Hspa1a/Ocln/Rac1/Nin/Tpx2/Dyrk1a/Map2/Diaph3/Camsap2/Pak1/Ccdc66/Haus6/Hdgfl3/Ppp2ca/Cenpj/Tbcd/Togaram1/Tubb1/Slain1"
"GOBP_POSITIVE_REGULATION_OF_PROTEASOMAL_PROTEIN_CATABOLIC_PROCESS",0.219921941286272,0.435387986875401,0.037396361434556,-0.284097686445315,-1.14425414318086,75,"Lrrk2/Hspa1b/Hspa1a/Il33/Neurl3/Fmr1/Zfand2a/Kcne2/Mdm2/Socs4/Ubqln1/Tmtc3"
"GOBP_MONOCARBOXYLIC_ACID_BIOSYNTHETIC_PROCESS",0.220013037809648,0.435387986875401,0.0365266953122174,-0.262460794489137,-1.13055075005163,111,"Ptgs2/Il1b/Hsd17b12/Dhrs9/Alox5/Ceacam1/Osbpl9/Acly/Abhd2/Asah2/Hacd4/Insig1/Pnpla8/Acsl4/Ces1d/Abcd2/Elovl7"
"GOBP_ORGANIC_ANION_TRANSPORT",0.22002133170806,0.435387986875401,0.0351249766034131,-0.234436148847168,-1.10807328317202,220,"Thbs1/Ptgs2/Il1b/Anxa1/Emb/Slc25a25/Cd36/Ceacam1/Slc1a3/Itgb1/Arl6ip1/Lrrc8d/Slc6a14/Eprs/Slc11a1/Ace2/Slc38a2/Pla2r1/Slc2a3/Lyn/Slc39a10/Slc7a11/Pnpla8/Slc7a1/Lrp2/Acsl4/Ces1d/Abcd2/Slc16a9/Slc25a5/Acsl5/Slc7a5/Slc6a20a/Slc4a7/Cftr/Cr1l/Calhm5/Slc35a3/Tspo2/Slc23a2/Slc6a9/Slc16a10/Slc37a2/Rhag/Serinc5/Abcd3/Slc26a2/Slc4a4/Mttp"
"GOBP_PROTEIN_SUMOYLATION",0.220053238686779,0.435387986875401,0.0383545810309316,-0.328749767003356,-1.17283995794194,42,"Ctnnb1/Topors/Egr2/Mdm2/Ifih1/Senp2/Smc6/Zfp451/Senp1/Eid3/Senp5"
"GOBP_RNA_MODIFICATION",0.220735785953177,0.436454849498328,0.0471075969382511,0.249687550288547,1.11684585459709,102,"Mepce/Mrm2/2210016F16Rik/Dus3l/Snrpb/Trub2/Rpusd1/Nhp2/Apobec2/Tsr3/Snrpd3/Nsun4/Trmt112/Rrnad1/Mettl14/Ankrd16/Elp2/Ctu2/Gar1/Trmt12/Trmt1/Bud23/Dus2/Dus1l/Mtfmt/Nat10/Trit1/Qtrt1/Rpusd4/Dtwd1/Mrm1/Akt1"
"GOBP_GLUTATHIONE_METABOLIC_PROCESS",0.221483942414175,0.437649970571812,0.0432929962094138,0.352713434525272,1.1785025494499,26,"Gstm1/Hagh/Gstk1/Gpx1/Gstm2/Gstm7/Gstm4/Mgst2/Gsto1/Ggt6"
"GOBP_ALTERNATIVE_MRNA_SPLICING_VIA_SPLICEOSOME",0.221650399290151,0.437694854629384,0.0381964542715156,-0.328391513279951,-1.17156186036116,42,"Rnps1/Dhx9/Cdk13/Ptbp1/Fmr1/Ddx5/Dyrk1a/Slu7/Wtap/Strap"
"GOBP_CONSTITUTIVE_HETEROCHROMATIN_FORMATION",0.221857923497268,0.437820723946326,0.0387481189630765,-0.362901557378203,-1.19304151103412,29,"Atrx/Smarca5/Rif1/H3f3a/Mbd1/Pphln1/Tex15/Bmi1/Hells/Spin1/Dot1l/Smyd5/Morc1/Piwil2"
"GOBP_PLACENTA_DEVELOPMENT",0.222316145393068,0.438233942252009,0.0370845733682492,-0.27847068293671,-1.14008093561697,83,"Ptgs2/Bmp5/Socs3/Mme/Hsp90ab1/Pkd1/Dedd/Cited2/Hs6st1/Senp2/Fzd5/Sp3/Birc6/Plk4"
"GOBP_CELLULAR_RESPONSE_TO_KETONE",0.222355152965305,0.438233942252009,0.0373136829992011,-0.289140085013597,-1.14638329095711,69,"Jak2/Fos/Adcy3/Tnc/Klf9/Golph3/Rock2/Postn/Cbx3/Eif4e/Gnai1/Btg2/Cftr/Creb1/Prkd1/Aqp1/Acaca/Sgk1/Prkaa1/Bmi1"
"GOBP_GLYCOSYL_COMPOUND_CATABOLIC_PROCESS",0.222883720930233,0.438991546075393,0.0391148129212067,-0.425572478648686,-1.20965177259121,16,"Gda/Gla/Upp1"
"GOBP_EPITHELIAL_CELL_PROLIFERATION",0.223337327741162,0.439405301584697,0.0344716810025692,-0.229660355557697,-1.10335059785517,253,"Thbs1/Bmp5/Tnfaip3/Hgf/Ctnnb1/Alox5/Prkx/Jaml/Ceacam1/Wdr48/Areg/Col4a3/Acvr2a/Klf9/Jun/Cask/Akt3/Cdc73/Fgf2/Gpc3/Nfkbiz/Lipa/Ccr3/Adam17/Rtn4/Aplnr/Vegfc/Tgfa/Nr4a1/Col8a2/Tgfbr1/C5ar1/Epha2/Acvrl1/Trim24/Zfp36/Nrarp/Prkd1/Loxl2/B2m/Vegfa/Krit1/Rbpj/Jag1/Epgn/Ereg/Pdcd10/Robo1/Cdc42/Eng/Frs2/Xbp1/Esr1/Kdm5b/Cav2/Dlg1/Btbd10/Stxbp4/Runx2/Psen1/Med1/Irf6/Iqgap3"
"GOBP_REGULATION_OF_NEURON_APOPTOTIC_PROCESS",0.223525630724731,0.439405301584697,0.0358987850072238,-0.252112407703618,-1.12036945972237,138,"App/Xrcc2/Ctnnb1/Jak2/Naip2/Mcl1/Cpeb4/Kdm2b/Hyou1/Rhoa/Jun/Adam8/Ripk1/Fgf2/Fpr2/Casp3/Ppt1/Rock1/Braf/Rasa1/Gclm/Btg2/Prkci/Casp7/Nr4a2/Ubb/Aimp2/Gdnf/Mmp2/Hipk2/Aars/Casp2/Unc5b/Lcn2/Psen1/Dnajc5/Ccl3/Six4/Bcl2l11/Srpk2/Snx6/Lig4/Il6st/Fyn/Kdr/Aifm1/Casp9/Tox3/Epha7/Bhlhb9/Cx3cl1/Fcgr2b/Pcdhgc5/G6pdx/Tyro3/Erbb3/Fzd1/Parp1"
"GOBP_POSITIVE_REGULATION_OF_TELOMERE_MAINTENANCE",0.223526703499079,0.439405301584697,0.0440057843225365,0.302789095460253,1.15577833061966,45,"Slx1b/Mapk3/Map2k7/Tfpt/Mapk15/Rtel1/Ino80b/Mcrs1/Wrap53"
"GOBP_ADRENERGIC_RECEPTOR_SIGNALING_PATHWAY",0.224,0.440051612903226,0.0390038894080939,-0.425256692173436,-1.20875417773085,16,"Pde4b/Rapgef2/Adcy9/Lmbrd2/Akap13/Gpr88/Rgs2/Gnas"
"GOBP_VESICLE_COATING",0.224450194049159,0.440651734932102,0.0423347135736638,0.384657663507495,1.18670828659609,19,"Mapk15/Trappc2l/Ap3s2/Preb/Tmed9/Trappc3/Trappc4"
"GOBP_ENDOPLASMIC_RETICULUM_TUBULAR_NETWORK_ORGANIZATION",0.224832214765101,0.441117328582301,0.0389670906894879,-0.433023795082197,-1.207692044053,15,"Tmem33/Arl6ip1/Atl3/Rab10/Rtn4"
"GOBP_NEURAL_NUCLEUS_DEVELOPMENT",0.225063938618926,0.441287632385466,0.0440812781729208,0.301508113633362,1.15438345309467,46,"Ndrg2/Nkx2-1/S100a1/Suds3/Ndufs3/Plp1/Atp5j/Sypl2/Nfib/Scrib/Mag/Ascl1/Ywhae/Foxp2/Large1/Fgf9/Actb/Rad1/Kcnc1/Aldh1a3/Hoxb2/Syngr3/Ldha/Dynll1/Calm3/Calm2"
"GOBP_RETROGRADE_AXONAL_TRANSPORT",0.22613721103654,0.443106697301328,0.0388389802276081,-0.432776636313143,-1.20700272470752,15,"Ndel1/Pafah1b1/Kif5b/Dst"
"GOBP_FIBROBLAST_PROLIFERATION",0.226933269091785,0.444135722375851,0.0447500605207678,0.271264679258493,1.13428027854224,69,"Brk1/Mif/Parp10/BC004004/S100a6/Hras/Gas6/Bax/Gpx1/Lzts2/Dab2ip/Pdgfa/Cd248/Cdk4/Med31/Agt/B4galt7/Med25"
"GOBP_RNA_3_END_PROCESSING",0.22695408342096,0.444135722375851,0.0374129517205865,-0.317667530569022,-1.16456498454056,47,"Cstf2/Tut7/Ints8/Cdc73/Ints6/Cstf3/Papolb/Cpsf2/Ncbp1/Mtpap/Ccnb1/Larp7/Ints11/Ythdc1/Cpsf6"
"GOBP_GOLGI_TO_PLASMA_MEMBRANE_PROTEIN_TRANSPORT",0.22747893713545,0.444609384981353,0.0420644872196636,0.372453191987219,1.17795414581216,21,"Vamp5/Vamp2/Rab34/Gga1/Arfrp1"
"GOBP_MICROTUBULE_ORGANIZING_CENTER_ORGANIZATION",0.227488151658768,0.444609384981353,0.0358837993522971,-0.263648444360823,-1.12598397664673,105,"Usp33/Xrcc2/Ndel1/Ctnnb1/Xpo1/Ccnl1/Chordc1/Pafah1b1/Rock2/Kif3b/Kif11/Pdcd6ip/Kif3a/Dzip1/Nin/Plk4/Cep135"
"GOBP_RESPONSE_TO_ALKALOID",0.22774363476734,0.444823199401251,0.0373797893946985,-0.315101829107681,-1.15922798459434,48,"Hsp90aa1/Dhx15/Fosb/Spidr/Slc1a3/Mdm2/Casp3"
"GOBP_CGMP_MEDIATED_SIGNALING",0.228093023255814,0.445033442190387,0.0386038458652974,-0.423734102796554,-1.20442635337406,16,"Thbs1/Cd36/Adora2b/Aqp1"
"GOBP_NADH_METABOLIC_PROCESS",0.228143580709095,0.445033442190387,0.0424486378330306,0.34287213913305,1.17221455380708,28,"Pfkm/Eno3/Slc25a22/Tpi1/Gpi1/Mdh1"
"GOBP_NEGATIVE_REGULATION_OF_TRANSCRIPTION_BY_RNA_POLYMERASE_II",0.228389947528307,0.445228802960112,0.0324135636295584,-0.211790925208854,-1.08297642466317,489,"Dnajb1/Rybp/Ptprc/Nfil3/App/Zbtb33/Ube2d3/Zfp366/Ctnnb1/Skil/Dnajb4/Hspa1a/Il33/Lcor/Mxd1/Fosb/Cd36/Xpo1/Smad4/Strn3/Zfp131/Lrrfip1/Etv6/Tpr/Traf6/Kdm2b/Ace2/Scaf8/Sik1/Smurf2/Mdm2/Ddx20/Jun/Cited2/Cdc73/Nipbl/Phf6/Ddx5/Dr1/Taf7/Ifi205/Gabpa/Rif1/Nedd4/Nr2c2/N4bp2l2/Prdm2/Sap130/Maff/Mier1/Arid5b/Sp3/Zbtb6/Btg2/Purb/Klf7/Ppid/Mbd1/Tdg/Mdm4/Cnot2/Yy1/Anxa4/Kat5/Phf12/Bmp2/Gtf2ird1/Arid4b/Tle4/Zfp36/Zc3h12a/Mier3/Nr4a2/Bcl6b/Zfp451/Trps1/Foxk2/Bach1/Zbtb2/Gatad2a/Nrarp/Aass/Strap/Bhlhe40/Loxl2/Vegfa/Aebp1/Rbpj/Amotl2/Runx1/Gatad2b/Bmi1/Zhx1/Hipk2/Arid4a/Kmt5a/Eng/Uri1/Xbp1/Dicer1/Hivep1/Rbbp7/Wt1/Esr1/Dcaf1/Nif3l1/Dlg1/Atf2/Ppm1a/Zfp263/Psen1/Med1/Zbtb37/Glis3/Ywhaz/Larp7"
"GOBP_FERTILIZATION",0.228832178468819,0.445805491642708,0.0364642487003225,-0.274526738374435,-1.13047417833685,86,"Fndc3a/Hexb/Myh9/Smad4/Wdr48/Abhd2/Adcy3/Clic4/Plcb1/Antxr2/Gmnc/H3f3a/Trpc6/Ccdc146/Plat/Zfx/Apob/Cntln/Cct2/Sycp2/Kdm5b/Cct3/B4galt1/Cfap69"
"GOBP_INNERVATION",0.229120059656972,0.446080934562328,0.0385500902673702,-0.431888984835962,-1.20452708794331,15,"Sema3a/Nptx1/Vcam1"
"GOBP_BASEMENT_MEMBRANE_ORGANIZATION",0.229774052478134,0.447068364086849,0.037988133903549,-0.365866564799194,-1.18472801699573,27,"Col3a1/Itgb1/Col4a1/Lama2/Phldb2/Hmcn1/Ctss"
"GOBP_RENAL_SYSTEM_VASCULATURE_DEVELOPMENT",0.230554960359974,0.448301311811061,0.0415587588967539,0.390369939328043,1.18906531611728,18,"Acta2/Pdgfa/Nrp1/Bmp7/Osr1/Hes1/Pdgfb/Itgb3"
"GOBP_CELLULAR_RESPONSE_TO_DSRNA",0.231255813953488,0.448374910836807,0.0383016902909786,-0.422214219815777,-1.20010622170656,16,"Dhx9/Pde12/Ifih1/Colec12"
"GOBP_AMINO_ACID_CATABOLIC_PROCESS",0.231294117647059,0.448374910836807,0.0437071508618789,0.28110994203673,1.13388720648233,59,"Bckdk/Ivd/Bcat2/Gpt/Sdsl/Qdpr/Bckdhb/Glul/Asrgl1/Gcat/Aldh5a1/Cdo1/Echs1/Thnsl2/Crym/Acat1/Ddo/Gpt2/Amt/Gldc/Scly"
"GOBP_INNER_EAR_MORPHOGENESIS",0.231297348484848,0.448374910836807,0.0438558043137023,0.28727888679713,1.14067555772673,55,"Tbx2/Vangl2/Nectin1/Stox1/Fzd2/Tprn/Tbx18/Gata2/Gata3/Fgfr1/Tbx1/Scrib/Dvl2/Insig2/Fzd6/Triobp/Fgf9/Kcnq4/Tfap2a/Slc9a3r1/Aldh1a3/Prox1/Ephb2/Hpn"
"GOBP_CONNECTIVE_TISSUE_DEVELOPMENT",0.231322988321869,0.448374910836807,0.0350965664375677,-0.246649686262397,-1.11220452719156,155,"Bmp5/Slc25a25/Ctnnb1/Serpinh1/Col3a1/Pkd1/Ogn/Tgfbr2/Vps13b/Chil1/Col1a1/Fgf2/Glg1/Lipa/Sorl1/Rflnb/Gpld1/Csgalnact1/Arid5b/Tgfbr1/Klf7/Acvrl1/Zfp516/Bmpr1b/Ext2/Bmp2/Rasal2/Trps1/Ubb/Tgfbi/Abhd15/Loxl2/Sh3pxd2b/Runx1/Prkaa1/Efemp1/Ghr/Spg20/Slc26a2/Xbp1/Stc1/Wt1/Srf/Lrp5/Atf2/Runx2"
"GOBP_PROTEIN_O_LINKED_GLYCOSYLATION",0.231329059088546,0.448374910836807,0.0367632352615047,-0.304116323614643,-1.15019286278189,54,"Colgalt1/Pgm3/Gcnt1/St8sia6/B3gnt5/B3gnt9/Tmtc3/St3gal2/B3gnt3/Galnt6/B4galt5/Plod2/Galnt5/Fut4/Gcnt4/Trak2/Xxylt1"
"GOBP_TISSUE_REMODELING",0.231638418079096,0.448688920515806,0.0358538738431883,-0.268429022502139,-1.1263950345423,96,"Lepr/Tnfaip3/Ctnnb1/Ceacam1/Traf6/Mdm2/Adam8/Rock2/S1pr1/Lipa/Ddr2/Rock1/Herc1/Epha2/Acvrl1/Crb1/Sema3c/Rac2/Mmp2/Rbpj/Runx1/Jag1/Lrrk1/Gpnmb/Tmem64/Lrp5"
"GOBP_POSITIVE_REGULATION_OF_FAT_CELL_DIFFERENTIATION",0.232495991448423,0.450063759669707,0.0372478657624834,-0.329187234465708,-1.16230765975886,40,"Ptgs2/Vstm2a/Bmp2/Zfp36/Zc3h12a/Creb1/Pim1/Xbp1/Tmem64/Lrp5/Napepld/Hnrnpu/Noct/Zfp36l1/Stk3/Cmklr1/Asxl2"
"GOBP_POSITIVE_REGULATION_OF_MIRNA_METABOLIC_PROCESS",0.232914160743576,0.450586797626549,0.0376978125856325,-0.367462805399315,-1.1795883832048,26,"Fos/Smad4/Jun/Fgf2/Bmp2/Zc3h12a/Wt1/Srf/Spi1/Apln"
"GOBP_POSITIVE_REGULATION_OF_ERYTHROCYTE_DIFFERENTIATION",0.23357528382654,0.451578882064644,0.038091938319143,-0.389922816835172,-1.18452247320242,21,"Hspa1b/Hspa1a/Acvr2a"
"GOBP_NEGATIVE_REGULATION_OF_PROTEIN_LOCALIZATION_TO_NUCLEUS",0.233952547360677,0.452021260604861,0.0377996460819896,-0.373512574760533,-1.17488742810904,24,"App/Cd36/Mfhas1/Mtor/Chp1/Ywhaz/Tmem98/Mark3/Sumo1/Otud7b/Sin3a"
"GOBP_REGULATION_OF_WNT_SIGNALING_PATHWAY",0.234239802224969,0.452277850974383,0.0341359210637563,-0.237419836153404,-1.10631799259006,194,"Lrrk2/Arntl/App/Ddx3x/Atp6v0c/Tnfaip3/Ctnnb1/Usp34/Wls/Smad4/Rnf146/Scel/Scyl2/Crbn/Smurf2/Cdk14/Vgll4/Cdc73/Col1a1/Fgf2/Kpna1/Gpc3/Senp2/Amer2/Bmp2/Tle4/Spin4/Rnf43/Nrarp/Tsc2/Ttc21b/Ccny/Rbpj/Tmem170b/Ppp1ca/Lrrk1/Tmem132a/Macf1/Cyld/Ppp2ca/Tnks2/Tmem64/Ppm1a/Ilk/Psen1"
"GOBP_RESPONSE_TO_INSULIN",0.234382413411355,0.452277850974383,0.0345945075973596,-0.243567866643062,-1.10778553626987,164,"Pik3c2a/Il1b/Socs3/Ndel1/Fos/Ceacam1/Vps13c/Dennd4c/Eprs/Sik2/Kbtbd2/Lyn/Insig1/Col1a1/Inhbb/Gcnt1/Rab10/Uprt/Sorl1/Gpld1/Ptpn1/Prkci/Srsf4/Atp2b1/Cat/Snx5/Irs1/Sorbs1/Otc/Pak1/Tsc2/Shc1/Rab31/Ap3s1/Prkaa1/Ghr/Mtor/Xbp1/Cad/Osbpl8/Sesn3/Cav2/Fbxw8/Stxbp4"
"GOBP_AMYLOID_BETA_METABOLIC_PROCESS",0.235137533274179,0.452756971392474,0.0369230408146938,-0.324081052883011,-1.15618396295079,42,"Picalm/Cd36/Mme/Rock2/Casp3/Rtn4/Sorl1/Rock1/Dyrk1a/Becn1/Abca2/Slc2a13/Tmed10"
"GOBP_INTERMEDIATE_FILAMENT_BASED_PROCESS",0.235230934479055,0.452756971392474,0.0371008228654284,-0.338811596093579,-1.16973001348781,36,"Ndel1/Arhgef28/Erbin/Krt83/Agfg1/Dst/Ppl/Macf1/Krt23/Atf2/Plec/Mtm1/Eppk1/Csnk1a1/Krt79/Pkp2/Agfg2"
"GOBP_POSITIVE_REGULATION_OF_SYNAPSE_ASSEMBLY",0.235320284697509,0.452756971392474,0.041953199874439,0.326535542790889,1.15274210309895,32,"Eef2k/Lrrc4b/Lrtm2/Thbs2/Wnt7a/Amigo1/Ntrk2"
"GOBP_ESTABLISHMENT_OF_MITOTIC_SPINDLE_LOCALIZATION",0.235336976320583,0.452756971392474,0.0374628324067324,-0.358923486728452,-1.17996357482115,29,"Ndel1/Itgb1/Pafah1b1/Kpnb1/Kat5/Ankfn1/Ccdc66/Nusap1"
"GOBP_REGULATION_OF_MONOATOMIC_ION_TRANSMEMBRANE_TRANSPORT",0.235374149659864,0.452756971392474,0.0468985269479182,0.223595815293069,1.09056562332862,171,"Fxyd1/Vamp2/Thy1/Psen2/Atp1a2/Prkaca/Vdac1/Fxyd6/Tmem38a/Ucp2/Kcnh2/Gria1/Fxyd7/Spg7/Commd1/Rem1/Actn2/Cd63/Bax/Atp2a1/Hrc/P2rx4/Cav3/Kcnj11/Amigo1/Grin1/Kcnn4/Casq1/Pln/Ppif/Ank2/Agt/Trdn/Gstm7/Tmsb4x/Ppp3ca/Kcng1/Wwp2/Adcyap1r1/Hap1/Akap6/Kcnj3/Snca/Tmbim6/Osr1/Prkce"
"GOBP_ENDOCHONDRAL_BONE_MORPHOGENESIS",0.235693848354793,0.453085712272944,0.0370359303299504,-0.341240093479182,-1.17316970783408,35,"Nab1/Serpinh1/Col3a1/Tgfbr2/Col1a1/Csgalnact1/Bmpr1b/Ext2/Ghr/Stc1/Atf2/Runx2"
"GOBP_NUCLEOSIDE_DIPHOSPHATE_METABOLIC_PROCESS",0.235938641344047,0.453270134317112,0.0440560759786921,0.259036837870312,1.11305618243869,81,"Ak1/Uchl1/Pfkm/Eno3/Prkaca/Ucp2/Bpgm/Entpd2/Tpi1/Aldoa/Guk1/Galk1/Gpi1"
"GOBP_SMOOTH_MUSCLE_CELL_DIFFERENTIATION",0.236454318748583,0.453974401380476,0.0422893646614475,0.316033072381132,1.15144764390593,37,"Tbx2/Nfatc4/Hey1/Rbpms2/Sgcb/Efemp2/Med28/Foxo4/Wnt4/Mesp1/Tbx18/Smarcd3/Comp/Prdm6"
"GOBP_CALCIUM_ION_REGULATED_EXOCYTOSIS",0.236712818222421,0.454146228291131,0.0419088969982131,0.322708023258617,1.15543971609183,34,"Rab3a/Vamp2/Syt5/Cdk5/Scamp5/Stx1a/Ppp3ca/Adra2a"
"GOBP_FIBROBLAST_MIGRATION",0.236842105263158,0.454146228291131,0.0369552081269571,-0.332210850225267,-1.16020028397661,38,"Thbs1/Itgb1/Fgf2/Rffl/Ddr2/Rac1/Braf/Arid5b/Iqgap1/Pak1/Aqp1"
"GOBP_TETRAPYRROLE_BIOSYNTHETIC_PROCESS",0.237200259235256,0.454546752279015,0.041089379907776,0.368903309126166,1.16672696526093,21,"Slc25a39/Fxn/Cox10/Alad/Ppox/Sucla2/Fech/Slc11a2/Rsad1/Hmbs/Tmem14c/Nfe2l1"
"GOBP_REGULATION_OF_HIPPO_SIGNALING",0.238218443910553,0.456210793526813,0.0375128785760837,-0.378113632973655,-1.17576691004193,23,"Strn3/Nuak2/Vgll4/Map4k4/Ppp2ca/Aars/Vcp/Mark3/Slmap/Stk3"
"GOBP_NAD_METABOLIC_PROCESS",0.23855421686747,0.456566681559677,0.0412797479600563,0.35632723417249,1.16792174923799,24,"Slc25a22/Naprt/Mdh1/Sarm1/Gpd1l/Mdh2/Slc25a18/Ldhb/Afmid/Nmnat2/Slc25a12/Nmnat3/Nampt/Nadsyn1/Qprt/Slc25a13"
"GOBP_NEGATIVE_REGULATION_OF_REACTIVE_OXYGEN_SPECIES_METABOLIC_PROCESS",0.238934155472363,0.456822285408691,0.0413650845498529,0.339583822811769,1.1609724264675,28,"Park7/Vdac1/Pink1/Mt3/Sirt5/Ndufc2/Cryab/Tigar/Plin5/Acp5/Abcd1"
"GOBP_PYRIMIDINE_RIBONUCLEOTIDE_METABOLIC_PROCESS",0.238987816307404,0.456822285408691,0.037748643821725,-0.406164035348024,-1.18281238758666,18,"Upp1/Umps/Uprt/Ctps2/Cad"
"GOBP_INNER_EAR_RECEPTOR_CELL_STEREOCILIUM_ORGANIZATION",0.240361835020461,0.459016393442623,0.0407152957956739,0.394077128666741,1.1745564794112,17,"Vangl2/Tprn/Ift27/Scrib/Elmod3/Hes1/Ift20/Triobp/Slc9a3r1"
"GOBP_NEGATIVE_REGULATION_OF_ACTIN_FILAMENT_DEPOLYMERIZATION",0.240437158469945,0.459016393442623,0.0370035891842464,-0.357296131172161,-1.17461363158615,29,"Capza1/Washc2/Tmod3/Sptan1/Eps8/Swap70"
"GOBP_REGULATION_OF_SYSTEM_PROCESS",0.240922008209662,0.459653831452645,0.0502149116750946,0.205404823389147,1.07033559740544,293,"Spp1/Tbx2/Fxyd1/Dmpk/Myl9/Cdk18/Inpp5k/Des/Tnnt2/S100a1/Atp1a2/Hspb7/Prkaca/Pde9a/Tmem38a/Kcnh2/Gria1/Sox10/Nol3/Tnnt3/Gas6/Rem1/Slc4a3/Csrp3/Ormdl3/Dapk3/Myl4/Tpm1/Celf4/Cry2/Atp2a1/Hrc/P2rx4/Wnt7a/Cav3/Abcc8/Kbtbd13/Hopx/Tmem100/Grin1/Casq1/Pln/Setd3/Actn3/Trpv4/Ank2/Tbx5/Agt/Epas1/Stx1a/Chrm2/Trdn/Ager/Tbx18/Bves/Mybpc3/Gstm7/Eif4a3/Dsc2/Mtg1/Ppp3ca/Adra2a/Akap6/Kcnj3/Fgfr1/Mag/Gpd1l/S100b/Adra1b/Gnao1/Apoa2/Popdc2/Ywhae/Scn4b/Fto/Adora1/Ppp1r12b/Jup/Cyba/Agtr1a/Atp1b2/Fgf13/Kcna5/Adra2b/Ryr2/Hdac4"
"GOBP_NEGATIVE_REGULATION_OF_TORC1_SIGNALING",0.241103202846975,0.459711491965585,0.0413864895014492,0.324697649565218,1.14625393680586,32,"Mapk3/Rnf167/Prkaca/Nprl3/Stk11/Castor2"
"GOBP_CELLULAR_RESPONSE_TO_INTERLEUKIN_1",0.242594215600351,0.462264947749104,0.0360041146230746,-0.305442513114146,-1.14156162609846,52,"Il1b/Gbp2/Tax1bp1/Traf6/Il1r1/Inhbb/Plcb1/Yy1/Vrk2/Myd88/Zc3h12a/Il1r2/Mmp2/Bmi1/Irak3/Lcn2/Usp10/Ccl3/Irak1"
"GOBP_REGULATION_OF_NUCLEOTIDE_EXCISION_REPAIR",0.242921979684461,0.462375489003583,0.0405518094310786,0.402858511963342,1.17539825703595,16,"Brd7/Bcl7b/Smarcd3/Dpf2/Arid1a/Actb"
"GOBP_AMYLOID_PRECURSOR_PROTEIN_METABOLIC_PROCESS",0.242990654205607,0.462375489003583,0.0357051552759562,-0.299949891553178,-1.13955974230597,55,"App/Picalm/Dhcr24/Lyn/Rock2/Casp3/Adam17/Rtn4/Sorl1/Rock1/Adam9/Dyrk1a/Abca2/Slc2a13/Tmed10"
"GOBP_NEGATIVE_REGULATION_OF_MYELOID_LEUKOCYTE_DIFFERENTIATION",0.243107769423559,0.462375489003583,0.0364020639179082,-0.336220904558805,-1.16078578112134,36,"Tlr4/Ctnnb1/Ceacam1/Lyn/Tnfaip6/Fstl3/Fbn1"
"GOBP_VESICLE_LOCALIZATION",0.243360695316272,0.462567613756585,0.034189115358795,-0.252361121690802,-1.11231202838824,130,"Lrrk2/Ndel1/Ctnnb1/Snap23/Rab1a/Actn4/Snap29/Exoc6/Cadps2/Pafah1b1/Ccdc186/Kif3b/Pdcd6ip/Kif3a/Kif16b/Fam91a1/Stam/Kif5b/Exoc4/Map2/Fnbp1l/Pcdh17/Tesk1/Wasl/Pik3cg/Trappc10/Tmed10/Exoc5/Ap3s1"
"GOBP_POSITIVE_REGULATION_OF_PROTEIN_LOCALIZATION_TO_MEMBRANE",0.243587565823,0.46271000494762,0.0352678679814223,-0.281092319953832,-1.12696556065894,73,"Itgb2/Prkch/Slc5a3/Itgb1/Crk/Tnfaip6/Arf6/Rac1/Kif5b/Zdhhc5/Itgam/Prkci/Epha2/Sorbs1/Pak1/Sptbn1/Farp1/Chp1/Dlg1/Rab11fip2"
"GOBP_PHOSPHATIDYLINOSITOL_DEPHOSPHORYLATION",0.244407158836689,0.463977430584612,0.0371496772766645,-0.398134775137312,-1.17792794795808,19,"Sacm1l/Fig4/Mtmr4/Mtmr6/Inpp5e/Synj2/Mtm1/Synj1/Mtmr7/Mtmr12/Inpp5b/Inpp5d"
"GOBP_BONE_MORPHOGENESIS",0.245413637937002,0.465349372657085,0.0354994556714804,-0.299272351047845,-1.13698565274834,55,"Nab1/Serpinh1/Col3a1/Tgfbr2/Cited2/Insig1/Col1a1/Glg1/Pappa2/Csgalnact1/Bmpr1b/Ext2/Ghr/Stc1/Lrp5/Atf2/Runx2"
"GOBP_REGULATION_OF_NERVOUS_SYSTEM_DEVELOPMENT",0.245435498353786,0.465349372657085,0.0325789493934004,-0.227073393386129,-1.09066068658908,252,"Prkch/Arntl/Il1b/Flrt3/Xrcc2/Ctnnb1/Skil/Rnf6/Mme/Itgb1/Egr2/Fmr1/Numb/Fxr1/Sema6d/Dock7/Rapgef2/Pafah1b1/Lyn/Fgf2/Robo2/Lrp2/Caprin1/Rtn4/Sorl1/Nin/Vegfc/Agrn/Braf/Fig4/Btg2/Shank3/Prkci/Map2/Nrd1/Slc7a5/Trpc6/Bmp2/Cdkl5/Slit2/Bhlhe40/Ythdf2/Pak1/Zfp365/Hltf/B2m/Vegfa/Ptpn13/Tnfrsf12a/Spg20/Macf1/Robo1/Mtor/Dicer1/Srf/Tnfrsf1b/Fbxw8/Dlg1/Man2a1/Psen1/Rnf10/Trak2"
"GOBP_LIVER_MORPHOGENESIS",0.246139534883721,0.466393829322296,0.0369552081269571,-0.416383104517267,-1.18353179711166,16,"Tnfaip3/Ceacam1/Lipa/Rtn4/Tgfa"
"GOBP_REGULATION_OF_DOUBLE_STRAND_BREAK_REPAIR_VIA_NONHOMOLOGOUS_END_JOINING",0.246672914714152,0.466949496646645,0.0370683414687486,-0.403587528157502,-1.1753092008039,18,"Dek/Actr2/Was/Rif1/Smchd1/Kmt5b"
"GOBP_LYTIC_VACUOLE_ORGANIZATION",0.246966330541788,0.466949496646645,0.0351107645601205,-0.283808219468723,-1.12777192228525,70,"Lrrk2/Atp6v0c/Hexb/Cln5/Lamp2/Ppt1/Laptm5/Lipa/Arsb/Tpcn2"
"GOBP_RESPONSE_TO_UV",0.246987951807229,0.466949496646645,0.0436825028426649,0.249164939270396,1.10535120447713,96,"Cirbp/Nfatc4/Map2k7/Trp53i13/Fbxw7/Tipin/Rbx1/Rpain/Hyal2/Xpa/Stk11/Mfap4/Bax/Crip1/Gpx1"
"GOBP_VESICLE_TRANSPORT_ALONG_MICROTUBULE",0.247046186895811,0.466949496646645,0.0360646432896811,-0.334899106741086,-1.1562223405633,36,"Ndel1/Rab1a/Pafah1b1/Kif3b/Kif3a/Kif16b/Kif5b/Map2"
"GOBP_REGULATION_OF_GROWTH",0.247760762785322,0.468009629454904,0.031715195601615,-0.218177030263063,-1.0803826818679,341,"Hspa1b/App/Ddx3x/Rps6ka3/Selenop/Gpam/Hspa1a/Sema3a/Rnf6/Tmprss4/Ceacam1/Smad4/Ppib/Tnc/Kdm2b/Sema6d/Plac8/S100a8/Pafah1b1/Dcun1d3/Vgll4/Cdc73/Fgf2/Nipbl/Plcb1/Gpc3/Ppt1/Itch/Crk/Jade3/Acsl4/Osgin1/Adam17/Rtn4/Eif4g2/Rerg/Pappa2/Agrn/H3f3a/Nrg1/Tgfbr1/Map2/Acvrl1/Yy1/Serp1/Plaa/Btg1/Cdkl5/Creb1/Slit2/Slc23a2/Pak1/Vegfa/Rbpj/Runx1/Sgk1/Tnfrsf12a/Nrcam/Ghr/Spg20/Pim1/Macf1/Ncbp1/Chpt1/Cdc42/Mtor/Uri1/Xbp1/Ppp2ca/Rbbp7/Sash3/Wt1/Dcaf1/Srf/Ccnb1/Ltbp4/Opa3/Tomm70a/Eif4g1/Ptprj/Clstn1/Pls1/Sdcbp/Six4/Rb1/Pum2/Bcl2l11/Npr1/Ddx49/Dusp6/Ccnb2/Ppm1f/Rgs2/Rims1/Mtm1/Fam122a/Rptor/Kat7/Gnas/Eppk1/Dusp10/Shtn1/Limk1/Extl3/Naif1/Fn1/Ppara/Sema4d/Epha7/Stk3/Mfsd2a/Cdkn1a/Osgin2"
"GOBP_REGULATION_OF_SYNAPTIC_VESICLE_EXOCYTOSIS",0.248123054385644,0.468403410170046,0.0364486780332804,-0.358308883293717,-1.16591620903081,28,"Lrrk2/Rab5a/Fmr1/Cask/Rap1b/Braf"
"GOBP_HEMATOPOIETIC_STEM_CELL_DIFFERENTIATION",0.24899304284145,0.469084570839643,0.0363710691140797,-0.365431182932441,-1.16181185766035,25,"Itch/Chd2/Sh2b3/N4bp2l2/Kat5/Ythdf2/Srf/Med1/Mettl3/Mllt3/Hspa9/Xrcc5/Tal1/Cdk6/Ext1/Pus7"
"GOBP_RECEPTOR_LOCALIZATION_TO_SYNAPSE",0.249064671298771,0.469084570839643,0.0357942052673273,-0.325016859347832,-1.14758272988289,40,"Sacm1l/Nptx1/Traf6/Kif3b/Kif5b/Tyrobp/Rdx/Zdhhc3/Neto2/Stx7/Dlg1/Mkln1/Clstn1"
"GOBP_CARDIOCYTE_DIFFERENTIATION",0.249204406364749,0.469084570839643,0.0428654269061935,0.254851635236004,1.10741705077584,86,"Tbx2/Mapk3/Meis1/Asb2/Myh11/Obsl1/Ttn/Hdac3/Sox18/Actn2/Csrp3/Fzd7/Sgcb/Cav3/Tbx5/Mesp1/Prickle1/Neb/Alpk3/Rxrb/Tbx18/Bves/Fhod3/Cby1/Akap6/Mylk3/Bmp7"
"GOBP_INTRINSIC_APOPTOTIC_SIGNALING_PATHWAY_IN_RESPONSE_TO_ENDOPLASMIC_RETICULUM_STRESS",0.249380092100602,0.469084570839643,0.0356460880400026,-0.316895788184011,-1.14142528374273,44,"Lrrk2/App/Hspa1a/Tnfrsf10b/Hyou1/Qrich1/Ptpn1/Chac1/Txndc12/Xbp1/Pmaip1"
"GOBP_MAINTENANCE_OF_PROTEIN_LOCALIZATION_IN_ORGANELLE",0.249390919158361,0.469084570839643,0.0405111989911376,0.34408155183569,1.14966130111492,26,"Park7/Pink1/Cdk5/Kdelr1/Hdac3/Txn1"
"GOBP_NEGATIVE_REGULATION_OF_TRANSLATION",0.24940818397024,0.469084570839643,0.0346907706589501,-0.270016013851375,-1.11538109958958,88,"Prkch/Ddx3x/Rnf139/Cpeb4/Eif2s1/Fmr1/Tpr/Eprs/Fxr1/Paip2b/Eif4e/Caprin1/Btg2/Purb"
"GOBP_REGULATION_OF_PROTEIN_TARGETING_TO_MEMBRANE",0.249619482496195,0.469192175432662,0.0400712187355577,0.360878578447321,1.15434884579477,22,"Inpp5k/Cib1/Erbb2/Cdk5/Hras"
"GOBP_POSITIVE_REGULATION_OF_LIPID_LOCALIZATION",0.249956148044203,0.469409034513141,0.0353976826103326,-0.314160884505553,-1.14609057335983,46,"Pltp/Il1b/Cd36/Pla2r1/C3/Abca5/Ces1d/Tmem30a/Acsl5/Vstm2a/Zc3h12a/Abca13"
"GOBP_LIPOSACCHARIDE_METABOLIC_PROCESS",0.250043170436885,0.469409034513141,0.0350682118590514,-0.29101600530495,-1.13391803567256,63,"Hexb/B4galnt1/Gla/Pigh/St8sia6/B3gnt5/B4galt3/Pigb/Pigm/St3gal6/Abca2/St3gal2/Pgap1/A3galt2/B4galt5/Prkaa1/St8sia4"
"GOBP_FC_EPSILON_RECEPTOR_SIGNALING_PATHWAY",0.250421743205248,0.469619666048237,0.0367473484524694,-0.402591304115256,-1.1724080425638,18,"Traf6/Lyn/Pira2/Vav3/Plcg2/Mapk9/Mapk8"
"GOBP_NEUTRAL_LIPID_BIOSYNTHETIC_PROCESS",0.250463821892393,0.469619666048237,0.0365266953122174,-0.389221780464319,-1.16899771932083,20,"Gpam/Sik1/C3/Gpld1/Kat5/Agmo/Daglb/Plce1"
"GOBP_GLYCOSYLATION",0.250721385059314,0.469813303080376,0.0335126487672167,-0.248661582721495,-1.10391587451694,136,"Stt3a/Colgalt1/B4galnt1/Pgm3/Cln5/Gcnt1/St8sia6/B3gnt5/B4galt3/B3gnt9/Tmtc3/Alg11/St3gal6/Cog5/Serp1/Ext2/Edem3/Alg10b/Abca2/Mgat2/St3gal2/B3gnt3/A3galt2/Galnt6/B4galt5/St8sia4/Gfpt1/Plod2/Man1a/Galnt5/Rft1/Chp1/Man2a1/Fut4/Gcnt4/Npc1/Psen1/Trak2/Xxylt1/B4galt1"
"GOBP_G_PROTEIN_COUPLED_RECEPTOR_SIGNALING_PATHWAY_COUPLED_TO_CYCLIC_NUCLEOTIDE_SECOND_MESSENGER",0.252504638218924,0.472431077694236,0.0363555960049805,-0.388616591519705,-1.16718008081363,20,"Ccr1/Anxa1/Cnr2/Hrh2/Htr7/Chrm3/Vipr1"
"GOBP_NEGATIVE_REGULATION_OF_CARTILAGE_DEVELOPMENT",0.252609992542878,0.472431077694236,0.0364486780332804,-0.421967873379939,-1.17685736745756,15,"Ctnnb1/Rflnb/Tgfbr1/Efemp1"
"GOBP_INTERMEMBRANE_LIPID_TRANSFER",0.252654705236177,0.472431077694236,0.0360646432896811,-0.364145734308213,-1.15772504316888,25,"Pltp/Tmem63b/Uhrf1bp1l/Esyt1/Mttp/Osbpl8"
"GOBP_SUBPALLIUM_DEVELOPMENT",0.25316927665921,0.472431077694236,0.0364020639179082,-0.421774178553107,-1.17631715764924,15,"Lrrk2/Slc7a11/Shank3"
"GOBP_NEURON_PROJECTION_ORGANIZATION",0.253303198887344,0.472431077694236,0.0349412990575916,-0.294411410643136,-1.13214966272645,59,"Lrrk2/App/Nedd9/Pafah1b1/Atp1a3/Caprin1/Abcd2/Shank3/Wasl/Zfp365/Arc/Homer1/Cdc42/Psen1/Dock10/Pls1/Chrna7/Ctnnd2/Sipa1l1/Fyn/Dlg4"
"GOBP_REGULATION_OF_MITOTIC_SISTER_CHROMATID_SEGREGATION",0.253340459647247,0.472431077694236,0.0354412126618991,-0.323960595830603,-1.14385323174851,40,"Bub1/Dusp1/Tpr/Becn1/Bub1b/Cenpf/Kat5/Knl1/Gen1/Ccnb1/Dync1li1/Hnrnpu"
"GOBP_PROTEIN_TARGETING",0.253374233128834,0.472431077694236,0.0324370698082917,-0.23193532394347,-1.08957603760404,209,"Hspa8/Hsp90aa1/Bag3/Itgb2/Hspd1/Lrrk2/Sec61a1/Ube2d3/Hspa4/Ap4e1/Arl6ip1/Vps13c/Hspa5/Zfand2a/Sgtb/Erbin/Lamp2/Golph3/Laptm5/Sorl1/Nedd4/Vps37b/Srp54a/Glp1r/Fzd5/Itgam/Prkci/Becn1/Srp72/Icmt/Nrarp/Pak1/Zdhhc3/Rac2/Edem1/Vps13a/Irgm1/Pmpca/Prkaa1/Irgm2/Bloc1s6/Man1a/Huwe1/Lonp2"
"GOBP_MONOSACCHARIDE_METABOLIC_PROCESS",0.253603844100374,0.472431077694236,0.0445414609420851,0.230617588088953,1.09041530705509,141,"Bckdk/Pdk2/Slc25a10/Pfkm/Igfbp4/Eno3/Atp1a2/Prkaca/Galt/Dcxr/Hsd17b14/Tpi1/Aldoa/Galk1/Gpi1/Npy1r/Kcnj11/Fut10/Khk/Actn3/C1qtnf12/Aldoc/Pfkfb1/Slc35a2/Mlycd/Dlat/Tcf7l2/Pdk1/Tigar/Sirt7/Ogt/Wdr5/Mdh2/Rorc/Pgp/Sdhaf3/Gsto1/Gal3st3/Mst1/Pik3ca/Gck/Gale/Fuca1"
"GOBP_ACTIVATED_T_CELL_PROLIFERATION",0.253639010189229,0.472431077694236,0.0358538738431883,-0.345334346450458,-1.15409842123227,31,"Gpam/Icosl/Cd24a/Casp3/Laptm5"
"GOBP_POSITIVE_REGULATION_OF_CELL_CYCLE_G1_S_PHASE_TRANSITION",0.253669889008235,0.472431077694236,0.035514052832793,-0.333023306025567,-1.14974623283393,36,"Ddx3x/Anxa1/Mdm2/Cdc73/Plcb1/Kmt2e/Adam17/Ddr2/Ccne2/Rdx/Plcg2/Cenpj/Stxbp4/Plrg1/Eif4g1"
"GOBP_PURINE_CONTAINING_COMPOUND_TRANSMEMBRANE_TRANSPORT",0.253910434968931,0.472590021076036,0.0393579006834084,0.381322800716921,1.16150776711361,18,"Slc25a4/Slc25a42/Slc25a26/Slc25a16"
"GOBP_REGULATION_OF_SYNAPTIC_PLASTICITY",0.254408713692946,0.473202553379669,0.0437565558643038,0.236726666276048,1.09227707151119,123,"Rab3a/Nfatc4/Vamp2/Penk/Pick1/Pde9a/Gria1/Cdk5/Syp/Hras/Stx4a/Fam107a/Grin1/Ntrk2/Nrgn/Neurl1a/Camk2a/Cx3cr1/Stx3/Mapt/Syngr1/Ager/Mpp2/Ptn/Adcy1/Cyp46a1"
"GOBP_LONG_CHAIN_FATTY_ACID_TRANSPORT",0.254631311296767,0.473202553379669,0.0357347785090555,-0.341992445056597,-1.15005009637585,32,"Thbs1/Anxa1/Cd36/Eprs/Pla2r1/Pnpla8/Abcd2/Acsl5"
"GOBP_NEGATIVE_REGULATION_OF_MONOATOMIC_ION_TRANSPORT",0.254705742196807,0.473202553379669,0.0417110149952,0.26901547594867,1.114129325741,66,"Inpp5k/Atp1a2/Vdac1/Ucp2/Kcnh2/Commd1/Rem1/Actn2/Cav3/Pln/Ppif/Agt/Eppin/Ppp3ca/Adra2a/Wwp2/Mrln/Tmbim6/Osr1/Prkce/Ywhae/Hes1/Gsto1/Gabre/Hamp"
"GOBP_NEGATIVE_REGULATION_OF_DNA_BINDING_TRANSCRIPTION_FACTOR_ACTIVITY",0.255166008822847,0.473768595649736,0.0410683665294573,0.291986421018742,1.13095697060165,48,"Id3/Pex14/Brms1/Parp10/Lrrc14/Nfkbil1/Commd1/Mturn/Pycard/Id2"
"GOBP_SUBSTANTIA_NIGRA_DEVELOPMENT",0.255338078291815,0.473799176355013,0.0400712187355577,0.321401474135084,1.13461771440556,32,"Ndrg2/S100a1/Suds3/Ndufs3/Plp1/Atp5j/Sypl2"
"GOBP_REGULATION_OF_FIBROBLAST_PROLIFERATION",0.255720688841708,0.474220156834958,0.0413864895014492,0.279454955405488,1.11809474846001,57,"Brk1/Mif/Parp10/S100a6/Hras/Gas6/Bax/Lzts2/Dab2ip/Pdgfa/Cd248/Cdk4/Med31/Agt/B4galt7/Med25"
"GOBP_REGULATION_OF_CYTOSKELETON_ORGANIZATION",0.256603773584906,0.47556816224348,0.0311360145358356,-0.218782289858444,-1.0792578178212,329,"Hspa1b/Cltc/Capza1/Washc4/Washc2/Hspa1a/Bst1/Tmod3/Smad4/Pkd1/Plek/Mid1/Clic4/Tpr/Actg1/Rhoa/Nedd9/Sptan1/S100a8/Eps8/Pafah1b1/Swap70/Rock2/Was/Kif18a/Pdcd6ip/S1pr1/Crk/Ocln/Phldb2/Ripor2/Arf6/Rac1/Cyfip2/Tpx2/Rock1/Braf/Rasa1/Wasf2/Ect2/Gnai1/Tgfbr1/Shank3/Dyrk1a/Map2/Plk4/Arhgef26/Baiap2l1/Rdx/Tmem67/Slit2/Tesk1/Diaph3/Camsap2/Prkd1/Pak1/Atxn7/Nckap1/Rac2/Sptbn1/Arhgap28/Prkaa1/Haus6/Tmeff2/Tjp1/Hdgfl3/Cgnl1/Cdc42/Arhgap17/Cyld/Mtor/Ppp2ca/Wdr47/Cenpj/Tbcd/Arhgef18/Arhgef5"
"GOBP_POSITIVE_REGULATION_OF_MITOCHONDRIAL_MEMBRANE_PERMEABILITY",0.257664709719504,0.477243942272439,0.0393579006834084,0.358051505235936,1.14530583550422,22,"Slc25a4/Siva1/Spg7/Bax/Ppif/Ier3/Vdac2/Bloc1s2/Bnip3"
"GOBP_RESPONSE_TO_UV_B",0.258050572725308,0.477602205183646,0.0391892050523801,0.397540315011345,1.15988164452233,16,"Hyal2/Stk11/Mfap4/Crip1"
"GOBP_PROTEINOGENIC_AMINO_ACID_METABOLIC_PROCESS",0.258182706399609,0.477602205183646,0.0419753966117665,0.254008582249174,1.10209011691148,85,"Bckdk/Ivd/Bcat2/Ucp2/Azin2/Gpt/Sdsl/Qdpr/Shmt2/Glul/Asrgl1/Asnsd1/Gcat/Aldh5a1/Fpgs/Cdo1/Apip/Psph/Adssl1/Asl/Ttc36/Mthfd1/Thap4/Ddo/Gpt2/Mthfs/Amt/Got1l1/Gldc"
"GOBP_HOMEOSTASIS_OF_NUMBER_OF_CELLS_WITHIN_A_TISSUE",0.258328680439233,0.477602205183646,0.0359438339015201,-0.38215139121556,-1.16091413868645,21,"Akt3/Nfkbiz/Lipa/Rac1/Vegfa/Ildr2/Sash3"
"GOBP_ALPHA_AMINO_ACID_METABOLIC_PROCESS",0.258571796854859,0.477761602805247,0.0432209656406866,0.241461692309433,1.09090457211747,108,"Bckdk/Ivd/Park7/Bcat2/Ucp2/Azin2/Ddah2/Gpt/Sdsl/Qdpr/Shmt2/Glul/Asrgl1/Asnsd1/Gcat/Aldh5a1/Fpgs/Cdo1/Apip/Thnsl2/Psph/Adssl1/Crym/Mpst/Asl/Ttc36/Acat1/Mthfd1/Thap4/Ddo/Gpt2/Mthfs/Amt/Got1l1/Gldc/Scly"
"GOBP_ESTROGEN_RECEPTOR_SIGNALING_PATHWAY",0.259017582019213,0.478176020221105,0.0353398441869359,-0.347440051247023,-1.15242091899436,30,"Zfp366/Strn3/Cdk12/Ddx5/Taf7/Cnot2/Pak1/Ddx54/Esr1/Med1/Padi2"
"GOBP_AMINO_ACID_ACTIVATION",0.2591985428051,0.478176020221105,0.0354266881911522,-0.351700055305658,-1.15621649144746,29,"Iars/Eprs/Mars2/Lrrc47/Dars/Tars/Aars/Gars/Rars/Nars2/Yars2"
"GOBP_PROTEIN_NEDDYLATION",0.259267195200343,0.478176020221105,0.0388937547614518,0.379655511356647,1.15642921021026,18,"Rbx1/Nedd8/Rpl11/Rnf7/Cops7a/Epas1/Cops6"
"GOBP_POSITIVE_REGULATION_OF_PROTEASOMAL_UBIQUITIN_DEPENDENT_PROTEIN_CATABOLIC_PROCESS",0.25976290097629,0.478386189368007,0.0344852766047729,-0.299232653486777,-1.12601850645583,53,"Lrrk2/Hspa1b/Hspa1a/Il33/Zfand2a/Mdm2/Socs4"
"GOBP_MYELOID_CELL_APOPTOTIC_PROCESS",0.259855635757912,0.478386189368007,0.0357051552759562,-0.375797114937969,-1.15537979855194,22,"Anxa1/Slc7a11/Lipa/Adam17/Arf6/Kitl"
"GOBP_NEGATIVE_REGULATION_OF_HORMONE_SECRETION",0.260008896797153,0.478386189368007,0.0396623861712408,0.320112852342383,1.13006859677285,32,"Ucp2/Hadh/Nmb/Cry2/Abcc8/Kcnj11/Ndufaf2/Adra2a/Gnao1/Ffar2/Adora1/Eny2/Inha/Rab11fip5/Npff/Vsnl1"
"GOBP_DENDRITE_DEVELOPMENT",0.26000957090445,0.478386189368007,0.0326982991152533,-0.244885997637763,-1.09729830804337,146,"Lrrk2/Bmp5/App/Picalm/Sema3a/Itgb1/Fmr1/Mink1/Rapgef2/Pafah1b1/Crk/Fat3/Caprin1/Kidins220/Arf6/Rac1/Nedd4/Shank3/Klf7/Map2/Trpc6/Cdkl5/Wasl/Camsap2/Mapk6/Rap2a/Zfp365/Arc/Abi1/Arf4/Cdc42/Farp1/Fbxw8/Psen1/Dock10/Trak2/Prex1/Chrna7/Fzd4/Sdc2/Ctnnd2"
"GOBP_REGULATION_OF_AMINO_ACID_TRANSPORT",0.260562069607296,0.479113225817763,0.0357644617683714,-0.381663916833403,-1.15943327033035,21,"Itgb1/Arl6ip1/Ace2/Slc38a2"
"GOBP_REGULATION_OF_PROTEIN_EXIT_FROM_ENDOPLASMIC_RETICULUM",0.261105904404873,0.479680580630014,0.0358688289733687,-0.398868377105856,-1.16156630424734,18,"Yod1/Insig1/Sorl1/Tmem30a/Edem1/Svip"
"GOBP_PROSTANOID_BIOSYNTHETIC_PROCESS",0.261185682326622,0.479680580630014,0.0357496126221224,-0.419079341049794,-1.16880132630295,15,"Ptgs2/Il1b/Pnpla8/Plaa"
"GOBP_POSITIVE_REGULATION_OF_NATURAL_KILLER_CELL_MEDIATED_IMMUNITY",0.261909141070443,0.480675466627522,0.0354121781823754,-0.365702172023579,-1.15031973051547,24,"Pvr/H2-Q7/Il18rap/Klrk1/H2-Q2/Klrc1/Klrc2/Il12b"
"GOBP_FACE_MORPHOGENESIS",0.262043111527648,0.480675466627522,0.0357942052673273,-0.398599193039015,-1.16078239867942,18,"Tiparp/Csrnp1/Col1a1/Nipbl/Arid5b/Ankrd11/Mmp2"
"GOBP_POSITIVE_REGULATION_OF_DNA_METABOLIC_PROCESS",0.262849913015973,0.481630669130669,0.0323199357051206,-0.239164088668152,-1.09026236153183,167,"Ptprc/Hsp90aa1/Cacybp/Ccdc117/Dhx9/Hgf/Ctnnb1/Spidr/Wdr48/Actr2/Atrx/Ppp1r10/Atf1/Fgf2/Smarca5/Was/Cebpg/Morf4l2/Atr/Rif1/Rfc4/Smchd1/Yy1/Kat5/Epc2/Kmt5b/Spire1/Vegfa/Slx4/Ino80c/Ereg/Baz1a/Tnks2/Cct2/Eya2/Ube2n/Nox4/Tnks/Cct3/Ube2v2"
"GOBP_OOCYTE_MATURATION",0.262922186975182,0.481630669130669,0.0356313584168532,-0.403359740660233,-1.16348758932828,17,"Tut7/Rps6ka2/H3f3a/Ythdf2/Ereg/Ccnb1/Shb"
"GOBP_CENTRAL_NERVOUS_SYSTEM_NEURON_DIFFERENTIATION",0.263114888053604,0.481630669130669,0.0329401098856199,-0.254723542249681,-1.1006672449952,114,"Ndel1/Ctnnb1/Itgb1/Arhgef28/Scyl2/Rapgef2/Pafah1b1/Robo2/Crk/Rac1/Nin/Herc1/Btg2/Shank3/Zdhhc16/Map2/Epha2/Bmpr1b/Nr4a2/Ubb/Slit2/B2m/Ttc21b/B4galt5/Robo1/Wdr47"
"GOBP_RESPONSE_TO_EPIDERMAL_GROWTH_FACTOR",0.263205499276411,0.481630669130669,0.034969405839687,-0.33815906129114,-1.14531945796527,33,"Dusp3/Fos/Tpr/Zfp36l2/Col1a1/Eef1a1/Becn1/Iqgap1/Zfp36/Bloc1s6/Cad/Garem1/Med1"
"GOBP_ESTABLISHMENT_OF_PROTEIN_LOCALIZATION_TO_MEMBRANE",0.263354700854701,0.481630669130669,0.0436333153096766,0.224942021356544,1.07980168695855,153,"Romo1/Vamp5/Vamp2/Ndufa13/Inpp5k/Timm13/Wdr83os/Tomm5/Cib1/Erbb2/Srp14/Tmem147/Zdhhc1/Emc9/Cdk5/Timm10/Tomm40/Hras/Oxa1l/Emc6/Commd1/Rab34/Bax/Vps37d"
"GOBP_DNA_DAMAGE_RESPONSE_SIGNAL_TRANSDUCTION_BY_P53_CLASS_MEDIATOR",0.26411466526831,0.482730585679474,0.0342024449747538,-0.305975175061796,-1.1310331981199,49,"Atrx/Mdm2/Pla2r1/Ddx5/Atr/Ifi205/Dyrk1a/Cops3/Mdm4/Kat5/Hipk2/Kmt5a/Pmaip1/Casp2/Usp10"
"GOBP_TELOMERE_CAPPING",0.264484169717855,0.483115954883544,0.0385679879229386,0.387021581984284,1.15352725069218,17,"Xrcc1/Rtel1/Tinf2/Pot1a/Ten1/Ercc1"
"GOBP_REGULATION_OF_VASCULAR_PERMEABILITY",0.264667777160837,0.48316149967311,0.0353254204221753,-0.374406561525503,-1.15110457328355,22,"Ceacam1/Ocln/Slit2/Vegfa/Tjp1/Ptprj/Npr1/Gpr4/Bdkrb2/Plec/Cdh5"
"GOBP_HIPPO_SIGNALING",0.264919941775837,0.483332068728235,0.0349553456182706,-0.341618430449917,-1.14167992642068,31,"Strn3/Nuak2/Vgll4/Mob1b/Dchs1/Map4k4/Amotl2/Ppp2ca/Aars/Vcp/Mark3/Slmap/Stk3"
"GOBP_STEROL_HOMEOSTASIS",0.265216628661638,0.483583613338137,0.034189115358795,-0.310377400335165,-1.13228804173989,46,"Ldah/Med13/Insig1/Cd24a/Abca5/Ces1d/Abca2/Ttc39b/Negr1/Apob/Xbp1/Mttp/Lrp5/Npc1/Abcg1/Il18/Acox1"
"GOBP_NEGATIVE_REGULATION_OF_BLOOD_VESSEL_ENDOTHELIAL_CELL_MIGRATION",0.265401079471431,0.483630333327653,0.0353832014498495,-0.380406652136472,-1.15561390346086,21,"Thbs1/Rhoa/Fgf2/Acvrl1"
"GOBP_FAT_CELL_DIFFERENTIATION",0.266837306031035,0.485956696689295,0.0322501280764486,-0.243131127300084,-1.0922438689912,150,"Ptgs2/Arntl/Erap1/Alox5/Egr2/Adgrf5/Plac8/Zfp36l2/Insig1/Inhbb/Nipbl/Plcb1/Fam120b/Senp2/Nr4a1/Arid5b/Zfp516/Vstm2a/Bmp2/Zfp36/Zc3h12a/Nr4a2/Creb1/Negr1/Noc3l/Vegfa/Jag1/Pim1/Xbp1/Osbpl8/Tmem64/Lrp5/Atf2/Med1/Opa3/Napepld/Ctbp2/Hnrnpu/Rgs2/Lamb3/Arl6/Noct/Rnasel/Dusp10/Zfp36l1"
"GOBP_EMBRYONIC_EYE_MORPHOGENESIS",0.267104029990628,0.486151686384616,0.0353976826103326,-0.396557957614658,-1.15483800593219,18,"Kdm2b/Cited2/Fzd5/Sp3/Fbn1/Efemp1/Hipk2/Frs2"
"GOBP_EPHRIN_RECEPTOR_SIGNALING_PATHWAY",0.267536704730832,0.486648306992463,0.0346769792883295,-0.345199281624384,-1.14498852949721,30,"Arhgef28/Lyn/Crk/Rasa1/Epha2/Pak1/Mmp2/Rbpj/Sipa1l1/Fyn/Epha7/Nck2/Tiam1/Yes1/Cdk5r1/Epha3/Epha4/Ephb1/Chn1"
"GOBP_RETROGRADE_TRANSPORT_ENDOSOME_TO_GOLGI",0.268079145508667,0.487287010574954,0.0339381926785758,-0.30255520822066,-1.12651523768608,51,"Lrrk2/Cltc/Washc2/Cln5/Uhrf1bp1l/Sorl1/Rbsn/Evi5/Vps26a/Snx5/Ric1/Trappc10/Tmem87b/Heatr5a/Snx1"
"GOBP_NEGATIVE_REGULATION_OF_VASCULATURE_DEVELOPMENT",0.268207891534851,0.487287010574954,0.0337819665031078,-0.288771903128908,-1.12058217315262,62,"Thbs1/Ctnnb1/Alox5/Cd36/Adamts9/Col4a3/H2-Q7/Rock2"
"GOBP_CARDIAC_MUSCLE_CELL_DIFFERENTIATION",0.268369067694531,0.487289094293291,0.0407564308684108,0.2636710970474,1.10252807781682,69,"Meis1/Asb2/Myh11/Obsl1/Ttn/Hdac3/Actn2/Csrp3/Fzd7/Sgcb/Cav3/Tbx5/Mesp1/Prickle1/Neb/Alpk3/Rxrb/Tbx18/Bves/Fhod3/Cby1/Akap6/Mylk3"
"GOBP_REGULATION_OF_BIOMINERAL_TISSUE_DEVELOPMENT",0.268536371603856,0.487302295312123,0.0339251079801371,-0.300294964158494,-1.12232316352714,52,"Ccr1/Alox5/Acvr2a/Rock2/S1pr1/Ddr2/Rflnb/Rock1/Atp2b1/Bmpr1b/Bmp2/Cftr"
"GOBP_BARBED_END_ACTIN_FILAMENT_CAPPING",0.269266654226535,0.488266685309471,0.0351392025914253,-0.400492116258401,-1.15521595221118,17,"Capza1/Washc2/Eps8"
"GOBP_POSITIVE_REGULATION_OF_LONG_TERM_SYNAPTIC_POTENTIATION",0.269388516032811,0.488266685309471,0.0351107645601205,-0.415098840721281,-1.15769981494794,15,"App/Mme/Shank3/Creb1"
"GOBP_NEGATIVE_REGULATION_OF_SMALL_MOLECULE_METABOLIC_PROCESS",0.269645340751043,0.488301069708819,0.0336787638082654,-0.290499959325932,-1.11710830179594,59,"Bmp5/Lepr/Ceacam1/Ugt1a7c/Plek/Sik1/Insig1"
"GOBP_CELLULAR_RESPONSE_TO_VITAMIN",0.269728209934396,0.488301069708819,0.0351962464722988,-0.395755430446962,-1.15250092289993,18,"Tnc/Mdm2/Col1a1/Postn/Trim24/Phex/Pim1/Med1"
"GOBP_REGULATION_OF_PEPTIDYL_TYROSINE_PHOSPHORYLATION",0.269891342446547,0.488306083036089,0.0338208621100742,-0.306564908539568,-1.12386291836171,47,"Itgb2/Samsn1/Jak2/Nedd9/Socs4/Adam17/Nrg1/Ptpn1"
"GOBP_REGULATION_OF_CHONDROCYTE_DIFFERENTIATION",0.270127504553734,0.488443142141402,0.034580808198191,-0.347617859107746,-1.1427962417371,29,"Ctnnb1/Glg1/Rflnb/Tgfbr1/Acvrl1/Bmpr1b/Trps1/Loxl2/Efemp1/Runx2"
"GOBP_VESICLE_DOCKING",0.271512560128274,0.490656228837147,0.0340301242667663,-0.319856794988394,-1.12936336502945,40,"Plek/Exoc6/Sytl2/Exoc4/Cftr/Stx19/Exoc5/Stx7/Bloc1s6/Ralb/Cav2/Cep83/Rims1/Exoc2/Unc13b/Exoc6b"
"GOBP_POSITIVE_REGULATION_OF_TRANSLATION",0.272141160502206,0.491500494501314,0.0330134770815452,-0.267238736750462,-1.10156650507413,87,"Thbs1/Prkch/Ythdf3/Ddx3x/Dhx9/Usp16/Larp4/Fmr1/Fxr1"
"GOBP_POLYOL_BIOSYNTHETIC_PROCESS",0.272466881489438,0.49179706824857,0.0340564998948168,-0.327325223699549,-1.1300738898772,36,"Itpkc/Asah2/Plek/Asah1/Gch1/Acer3/Ptafr/Abca2/Plcg2"
"GOBP_DNA_TEMPLATED_TRANSCRIPTION_TERMINATION",0.273488372093023,0.493348396340791,0.0347599263707937,-0.406063365244335,-1.15419885964395,16,"Dhx9/Scaf8/Ppp1r10/Setx/Ttf2/Ppp1ca"
"GOBP_ORGANIC_ACID_BIOSYNTHETIC_PROCESS",0.274236912857821,0.494405802043851,0.0315047269846711,-0.238062334254657,-1.08523986264675,167,"Ptgs2/Il1b/Hsd17b12/Dhrs9/Alox5/Naip2/Ceacam1/Osbpl9/Slc1a3/Acly/Abhd2/Asah2/Asns/Hacd4/Insig1/Pnpla8/Acsl4/Ces1d/Abcd2/Aldh18a1/Elovl7/Cth/Plaa/Cyp8b1/Otc/Acaca/Prkaa1/Scd1/Plod2/Serinc5/Abcd3/Fasn/Aldh1a7/Xbp1/Cad"
"GOBP_LYMPH_VESSEL_MORPHOGENESIS",0.275051315543945,0.495580624752255,0.0347045752570053,-0.398171252032513,-1.14852143996533,17,"Pkd1/Fgf2/Vegfc/Epha2/Acvrl1/Vegfa"
"GOBP_ORGANOPHOSPHATE_CATABOLIC_PROCESS",0.275569687334393,0.496220992272754,0.042357435191323,0.228633524768604,1.07860062276212,139,"Uchl1/Nudt3/Pfkm/Eno3/Prkaca/Pde9a/Neil1/Galt/Ucp2/Bpgm/Entpd2/Tpi1/Aldoa/Pnpla6/Galk1/Gpi1/Nt5m/Dctpp1/Actn3/Prdx6/Ier3/Aldoc/Pfkfb1/Hint1/Mlycd/Sarm1/Smpd2/Ogg1/Gpd1l/Tigar/Apoa2/Ogt/Pde7a/Acat1/Entpd5/Abcd1/Abhd16a/Sucla2/Neil2/Gdpd1/Hdac4/Gck/Gale/Pde1a/Nudt19/Nudt16"
"GOBP_REGULATION_OF_GLIOGENESIS",0.275874004845967,0.496475381061449,0.033136616625146,-0.293075485758199,-1.11344272637484,55,"Prkch/Il1b/Ctnnb1/Egr2/Lyn/Lrp2/Vegfc/Prkci/Slc7a5/Bmp2/Zfp365/Mtor/Dicer1/Tnfrsf1b/Rnf10/Tmem98/Rb1/Il6st"
"GOBP_REGULATION_OF_NEURON_MIGRATION",0.276249094858798,0.496677192506719,0.0340037974197033,-0.331812472569471,-1.13107722883048,34,"Col3a1/Rapgef2/Nipbl/Adam17/Rac1/Igsf10/Zfp609/Plaa/Kif20b/Cul5/Shtn1/Adgrg1/Cx3cl1/Nexmif/Ntng2"
"GOBP_NEGATIVE_REGULATION_OF_ENDOTHELIAL_CELL_MIGRATION",0.276430123099203,0.496677192506719,0.0339906522393914,-0.331745911696404,-1.13085033715497,34,"Thbs1/Dnaja4/Adamts9/Rhoa/Fgf2/Acvrl1/Slit2/Krit1/Pdcd10/Stc1"
"GOBP_HORMONE_BIOSYNTHETIC_PROCESS",0.276568025311744,0.496677192506719,0.0345397882178118,-0.376626952515115,-1.14413178712873,21,"Bmp5/Hsd17b12/Dgkq/Bmp2/Stard3/Med1/Atp1a1/Scp2"
"GOBP_PHOSPHOLIPID_DEPHOSPHORYLATION",0.27663859392164,0.496677192506719,0.0342024449747538,-0.357033703073169,-1.13511383042393,25,"Sacm1l/Plpp1/Fig4/Mtmr4/Mtmr6/Inpp5e/Synj2/Mtm1/Synj1/Sgpp2/Mtmr7/Mtmr12"
"GOBP_AMINE_BIOSYNTHETIC_PROCESS",0.277320034692108,0.497607251406875,0.0376809066731631,0.362438410301591,1.13103021062055,20,"Park7/Azin2/Oaz1/Paox/Pnmt/Oaz2/Gata3/Snca/Ddc"
"GOBP_ACTOMYOSIN_STRUCTURE_ORGANIZATION",0.277763123186494,0.498108780979314,0.0420644872196636,0.229896738598014,1.07818684132536,134,"Lmod1/Myl9/Inpp5k/Myom1/Tnnt2/Csrp2/Fhod1/Myh11/Arap1/Pik3r2/Obsl1/Synpo2l/Tnnt3/Ttn/Actn2/Csrp3/Pfn1/Acta1/Tmod4/Myom2/Tpm1/Rhpn2/Myh14/Cav3/Arhgef15/Casq1/Wnt4/Itgb5/Neb/Pfn2/Kctd13/Mybpc3/Fhod3/Dnm2/Rhoc"
"GOBP_REGULATION_OF_AUTOPHAGY_OF_MITOCHONDRION",0.278274474742959,0.498732063326846,0.038266531077908,0.314956574050291,1.11920027594189,33,"Slc25a4/Fbxw7/Park7/Rbx1/Vdac1/Pink1"
"GOBP_MONOSACCHARIDE_BIOSYNTHETIC_PROCESS",0.278545119705341,0.49892346441339,0.0388937547614518,0.290796876086231,1.11000274789115,45,"Pdk2/Slc25a10/Eno3/Prkaca/Tpi1/Gpi1/C1qtnf12/Aldoc/Pfkfb1/Tcf7l2/Sirt7/Ogt/Wdr5/Mdh2/Pgp/Sdhaf3/Mst1/Gck"
"GOBP_POSITIVE_REGULATION_OF_UBIQUITIN_DEPENDENT_PROTEIN_CATABOLIC_PROCESS",0.278755768244744,0.499007239450468,0.032686317971351,-0.278224219125899,-1.10558271715068,70,"Lrrk2/Hspa1b/Rnf139/Hspa1a/Il33/Zfand2a/Mdm2/Socs4/Laptm5/Ifi205"
"GOBP_RESPONSE_TO_AXON_INJURY",0.279500953041067,0.500047239723884,0.03290357014243,-0.293655644337944,-1.11062971634863,54,"Flrt3/Jak2/Stk24/Tnc/Jun/Lyn/Fgf2/Adam17/Braf/Ptprf/Tyrobp/Plcg2/Mmp2/Arf4"
"GOBP_MODULATION_OF_PROCESS_OF_ANOTHER_ORGANISM",0.279897348160821,0.500303918205358,0.0326265664694886,-0.280403091834462,-1.10706918432307,67,"Rab5a/Ppib/Mid2/Fmr1/Ccnt1/Jun/Rock2/Tmem41b/Eef1a1/Smc6/Zc3h12a/Pcx/Trim59/Fasn/Cdc42/Paip1/Cav2/Ccl3/Fcnb/Ccl4/Napepld"
"GOBP_NEGATIVE_REGULATION_OF_NUCLEOTIDE_METABOLIC_PROCESS",0.280051424898222,0.500303918205358,0.0372150648906272,0.372996763637123,1.13614669056828,18,"Prkaca/Actn3/Ier3/Pfkfb1/Tigar/Hdac4"
"GOBP_REGULATION_OF_MITOCHONDRIAL_MEMBRANE_POTENTIAL",0.280156537753223,0.500303918205358,0.0387662484583825,0.290358173854152,1.10832817459563,45,"Park7/Ndufs6/Ucp2/Pink1/Stox1/Bax/Ndufc2/Ppa2/Ppif/Mapt/Bnip3"
"GOBP_REGULATION_OF_CELLULAR_SENESCENCE",0.280301636932132,0.500303918205358,0.0340301242667663,-0.360132769459036,-1.13280112070867,24,"Arntl/Arg2/H2-Q7/Nek6/Akt3/Zfp277/Rsl1d1/B2m"
"GOBP_FATTY_ACID_DERIVATIVE_BIOSYNTHETIC_PROCESS",0.280579399141631,0.50050630954087,0.0334492751193387,-0.328252919225371,-1.12852032543124,35,"Hsd17b12/Alox5/Far1/Ppt1/Acsl4/Abcd2/Elovl7/Acsl5/Acaca/Fasn/Alox15/Acox1/Scp2"
"GOBP_MRNA_CATABOLIC_PROCESS",0.281900524392182,0.502568557830324,0.0310719727360789,-0.238509271901702,-1.08231874008399,162,"Hspa1b/Ythdf3/Rnps1/Tut7/Dhx9/Hspa1a/Pde12/Zc3h14/Etf1/Fmr1/Slc11a1/Fxr1/Zfp36l2/Rock2/Ddx5/Caprin1/Smg8/Rock1/Rbm33/Btg2/Apobec1/Cnot2/Myd88/Zfp36/Zc3h12a/Senp1/Tesk1/Ythdf2/Gdnf/Samd4/Slfn14/Ncbp1/Igf2bp2/Paip1/Zc3hav1/Mtpap/Nbas/Mettl3/Mettl16/Hnrnpc/Pum2/Hnrnpu/Tent5a/Csde1/Pnrc2/Serbp1/Noct/Rnasel/Zfp36l1/Ttc37/Dis3l/Ireb2/Khsrp/Piwil2/Igf2bp3/Cnot6/Eri1/Cnot7/Ago2/Zhx2"
"GOBP_POSITIVE_REGULATION_OF_NEURAL_PRECURSOR_CELL_PROLIFERATION",0.282331511839709,0.502611550705797,0.0336916230878898,-0.344188101079605,-1.13152088725823,29,"Ctnnb1/Itgb1/Lyn/Fgf2/Lrp2/Vegfc"
"GOBP_VASCULAR_ASSOCIATED_SMOOTH_MUSCLE_CONTRACTION",0.282438478747204,0.502611550705797,0.0341492010529558,-0.411222175862876,-1.14688789800451,15,"Pik3c2a/Rhoa/Rap1gds1/Atp2b1"
"GOBP_NEGATIVE_REGULATION_OF_TOR_SIGNALING",0.282554161915621,0.502611550705797,0.0383722519522341,0.295987048042011,1.10840327217813,41,"Mapk3/Rnf167/Prkaca/Nprl3/Stk11/Endog/Castor2/Rps6ka1/Kptn/Epm2a"
"GOBP_REGULATION_OF_MITOCHONDRIAL_MEMBRANE_PERMEABILITY_INVOLVED_IN_APOPTOTIC_PROCESS",0.282584884994524,0.502611550705797,0.0374961780735526,0.343277195424165,1.12514807767746,24,"Slc25a4/Siva1/Nol3/Bax/Ier3/Vdac2/Camk2a/Bloc1s2/Bnip3"
"GOBP_CELLULAR_RESPONSE_TO_ESTRADIOL_STIMULUS",0.282849109653233,0.502698657791797,0.0342291416004622,-0.391698069547587,-1.14068526145521,18,"Lcor/Kif18a/Itga2/Ddx18/Kat5/Mmp2/Esr1"
"GOBP_POSITIVE_REGULATION_OF_IMMUNOGLOBULIN_PRODUCTION",0.282964039229931,0.502698657791797,0.0335890746859153,-0.334167069562933,-1.12373497166841,32,"Ptprc/Il33/Il13ra1/Il4ra/Rif1/Kmt5b/Xbp1/Sash3"
"GOBP_METANEPHROS_MORPHOGENESIS",0.283184190902312,0.502796420581656,0.0340961551503935,-0.410698540264054,-1.14542749200867,15,"Ctnnb1/Pkd1/Gdnf/Wt1"
"GOBP_NEGATIVE_REGULATION_OF_MUSCLE_HYPERTROPHY",0.283598875351453,0.503239263079938,0.0341757981801189,-0.391603211961966,-1.14040902151872,18,"Smad4/Aplnr/Yy1/Pak1/Tnfrsf1b/Tomm70a/Rgs2/Ppara/G6pdx"
"GOBP_ACTIN_MEDIATED_CELL_CONTRACTION",0.284099109935049,0.503833307951209,0.0394334671812195,0.262642320355047,1.08973997260211,67,"Tnnt2/Myl6/Acta2/Atp1a2/Kcnh2/Ttn/Tpm1/Atp2a1/Cav3/Mylpf/Pln/Ank2/Myl1/Mybpc3/Dsc2/Kcnj3/Scn8a/Gpd1l/Scn4b/Adora1/Jup/Fgf13/Kcna5/Ryr2"
"GOBP_SYNAPTIC_VESICLE_TRANSPORT",0.284352836879433,0.503989748718203,0.037613471209552,0.323797918841483,1.11429240864952,29,"Rab3a/Pink1/Cdk5/Ap3s2/Slc2a4/Snapin/Bloc1s2/Btbd8/Dnm2/Snca/Borcs5/Tmem230"
"GOBP_CHEMICAL_SYNAPTIC_TRANSMISSION_POSTSYNAPTIC",0.284972870960132,0.504684392337486,0.0389303792602627,0.273696027217779,1.09505337009515,57,"Dmpk/Gria1/Cdk5/Grik5/Celf4/P2rx4/Wnt7a/Grin1/Stx1a/Mpp2/Eif4a3/Ppp3ca/Snca/Chrnb1/Chrna1/Adora1/Akt1/Arrb2/Grin2c/Npff/Nlgn2/Mapk8ip2/Tmem108"
"GOBP_ACTIN_FILAMENT_BASED_PROCESS",0.285181089300525,0.504684392337486,0.0283023335695062,-0.207225029646433,-1.05895231720315,487,"Pde4b/Cdc42bpb/Anxa1/Capza1/Washc4/Sele/Jak2/Washc2/Pof1b/Antxr1/Myo1f/Bst1/Myh9/Gdpd2/Tmod3/Itgb1/Smad4/Fmnl1/Actr2/Actn4/Nuak2/Plek/Kcnj2/Pls3/Shroom4/Cxadr/Actg1/Mink1/Kcne2/Rhoa/Nedd9/Actr3/Sptan1/Eps8/Pafah1b1/Fgd3/Phactr2/Dock2/Swap70/Cacna1d/Rock2/Was/Pdcd6ip/S1pr1/Scn3a/Crk/Luzp1/Phldb2/Arf6/Rac1/Rap1gds1/Cyfip2/Rflnb/Rock1/Braf/Rasa1/Hmcn1/Wasf2/Ect2/Ptpn1/Ttc17/Tgfbr1/Shank3/Myo19/Prkci/Scn7a/Mical2/Arhgef26/Baiap2l1/Iqgap1/Tyrobp/Fnbp1l/Arhgap25/Rdx/Parvg/Myo5b/Sorbs1/Tpm4/Slit2/Tesk1/Wasl/Kcne4/Diaph3/Myo5c/Prkd1/Spire1/Pak1/Rap2a/Fgd6/Nckap1/Aqp1/Shc1/Abi1/Rac2/Sptbn1/Amotl2/Arhgap28/Tmeff2/Myh10/Tjp1/Pdcd10/Bloc1s6/Cgnl1/Cdc42/Arhgap17/Mtor/Farp1/Stc1/Arhgef18/Arhgef5/Specc1"
"GOBP_CEREBRAL_CORTEX_DEVELOPMENT",0.285255326344268,0.504684392337486,0.0320313698146193,-0.271370633747382,-1.09649051300331,76,"Ndel1/Ctnnb1/Fos/Col3a1/Rhoa/Slc38a2/Pafah1b1/Plcb1/Crk/Ccdc39/Rtn4/Rac1"
"GOBP_NEGATIVE_REGULATION_OF_REPRODUCTIVE_PROCESS",0.285407725321888,0.504684392337486,0.033111902002548,-0.326882240455041,-1.12380798698318,35,"Rps6ka2/Myh9/Dusp1/Arhgdib/Ddb1/Knl1/Plat/Wt1/Sycp2"
"GOBP_REGULATION_OF_NEUROTRANSMITTER_SECRETION",0.285688983351045,0.504781489901742,0.03290357014243,-0.308640459829031,-1.11169045967337,44,"Lrrk2/Rab5a/Fmr1/Mctp2/Slc38a2/Cask/Rap1b/Braf"
"GOBP_CELLULAR_RESPONSE_TO_ALKALOID",0.28579418344519,0.504781489901742,0.0339120353192238,-0.385117978371058,-1.13941624372784,19,"Spidr/Slc1a3/Mdm2/Casp3/Casp7"
"GOBP_STEM_CELL_PROLIFERATION",0.286844368013758,0.505959375219562,0.0322501280764486,-0.281902810670688,-1.10539782611263,65,"Ptprc/Ctnnb1/Etv6/Tgfbr2/Fgf2/N4bp2l2/Vegfc/Tgfbr1/Kitl/Dgcr8/Rnf43/Ythdf2/Rbpj/Runx1/Pim1/Mecom/Runx2/Irf6/Shb/Lig4/Hnrnpu/Kat7/Xrcc5/Kdr/Zfp36l1"
"GOBP_SENSORY_PERCEPTION_OF_MECHANICAL_STIMULUS",0.286847881141314,0.505959375219562,0.0318949747934007,-0.263581342038683,-1.09111217550302,89,"Hexb/Slc1a3/Col4a3/Tmem63b/Clic5/Col1a1/Nipbl/Cacna1d/Casp3/Piezo2/Lrp2/Itga2/Ripor2/Ccdc50/Tmc7"
"GOBP_RESPONSE_TO_ACTIVITY",0.286959553695955,0.505959375219562,0.0325078283353193,-0.294181615773507,-1.1070113497312,53,"Slc25a25/Fos/Itgb1/Cab39/Slc38a2/Postn/Itga2/Gclm/Slc7a5/Cat/Creb1/Mmp2/Prkaa1/Bloc1s6"
"GOBP_NUCLEOBASE_METABOLIC_PROCESS",0.287180444112708,0.506055817316663,0.0338338510521825,-0.394781429158507,-1.13874352599337,17,"Gda/Umps/Nt5c2/Ctps2/Mtor/Cad/Shmt1"
"GOBP_MEIOTIC_CELL_CYCLE",0.289325390436323,0.509265365765346,0.0308292450742902,-0.244636767528331,-1.0832072175497,134,"Xrcc2/Rps6ka2/Myh9/Dusp1/Actr2/Atrx/Actr3/Orc4/Top2a/Cdc27/Smc4/Plcb1/Kif18a/Stag2/Ddb1/Ccne2/Sycp1/Knl1/Ubb/Marf1/Cdc23/Ythdf2/Spire1/Slx4/Tex15/Foxj3/Ereg/Ppp2ca/Sycp2/Cdc16/Mettl3/Fancm/Ncapd2/Ooep/Cks2/Spin1/Bcl2l11/Ccnb2/Dcaf13/Rad54b/Aspm/Numa1/Smc3/Mastl/Rbm7/Piwil2/Osgin2/Fignl1"
"GOBP_NUCLEOPHAGY",0.289336316181954,0.509265365765346,0.0336659162028857,-0.408359562110591,-1.13890414308598,15,"Snx7/Rb1cc1/Atg4c"
"GOBP_BASE_EXCISION_REPAIR",0.289813167259786,0.509809990933593,0.0372807383739711,0.313658451669852,1.10728314639919,32,"Neil1/Xrcc1/Xpa/Rpa3/Rpa2/Ogg1/Poll/Polg/Neil2/Pold1/Polb/Rpa1/Rps3/Mutyh"
"GOBP_VENTRICULAR_SEPTUM_MORPHOGENESIS",0.291233825405504,0.511891156300085,0.0330872308718024,-0.349485927022012,-1.12188100006678,26,"Smad4/Tgfbr2/Cited2/Robo2/Aplnr/Tgfbr1/Slit2/Rbpj/Robo1"
"GOBP_TOR_SIGNALING",0.291332470892626,0.511891156300085,0.0405111989911376,0.237110492891952,1.07256298779228,109,"Mapk3/Rnf167/Ppdpf/Gpr137/Pih1d1/Prkaca/Rhebl1/Rbx1/Lamtor2/Pink1/Otub1/Gas6/Nprl3/Lamtor1/Stk11/Hdac3/Endog/Castor2/Araf"
"GOBP_NEGATIVE_REGULATION_OF_LIPID_BIOSYNTHETIC_PROCESS",0.291521699322468,0.511928243619906,0.0331613748753957,-0.345469840931604,-1.12413871398012,28,"Bmp5/Ceacam1/Sik1/Insig1/Bmp2/Abca2/Prkaa1"
"GOBP_POSITIVE_REGULATION_OF_STEROL_TRANSPORT",0.293151707408099,0.514035251874291,0.0334240051951686,-0.39307241857411,-1.13381390014196,17,"Pltp/Abca5/Ces1d/Abca13/Abcg1/Scp2"
"GOBP_LIPID_HOMEOSTASIS",0.29317950458093,0.514035251874291,0.0315708415605313,-0.264243660418585,-1.08922070593043,87,"Ddx3x/Gpam/Ldah/Med13/Abhd5/Insig1/Cd24a/Pnpla8/Lipa/Abca5/Ces1d/Rtn4/Abca2/Ttc39b/Negr1/Itgb6/Acaca/Prkaa1/Apob/Bloc1s6/Xbp1/Mttp/Osbpl8/Lrp5/Npc1/Abcg1/Il18/Acox1"
"GOBP_POSITIVE_REGULATION_OF_CALCIUM_ION_TRANSMEMBRANE_TRANSPORT",0.293227990970655,0.514035251874291,0.0373466999137554,0.297503928809693,1.10290768605389,39,"Thy1/Bax/Atp2a1/P2rx4/Grin1/Casq1/Ppp3ca/Adcyap1r1/Hap1/Akap6/Snca"
"GOBP_REGULATION_OF_CELLULAR_RESPONSE_TO_VASCULAR_ENDOTHELIAL_GROWTH_FACTOR_STIMULUS",0.294052863436123,0.515184677308973,0.0367632352615047,0.337378347011632,1.11761367402009,25,"Nr2f2/Cd63/Dab2ip/Vtn/Cadm4/Ccbe1/Emilin1"
"GOBP_NUCLEIC_ACID_CATABOLIC_PROCESS",0.294332723948812,0.515378461428483,0.0294867004158672,-0.227171214035495,-1.0728395505136,217,"Hspa1b/Ythdf3/Rnps1/Tut7/Dhx9/Hspa1a/Ints8/Dedd2/Pde12/Zc3h14/Etf1/Fmr1/Slc11a1/Fxr1/Zfp36l2/Ints6/Rock2/Ddx5/Caprin1/Smg8/Slfn8/Rock1/Rbm33/Oas2/Btg2/Slfn9/Apobec1/Cnot2/Myd88/Zfp36/Zc3h12a/Senp1/Tesk1/Ythdf2/Gdnf/Samd4/Slfn14/Ncbp1/Ppp2ca/Dicer1/Igf2bp2/Paip1/Zc3hav1/Mtpap/Tnfrsf1b/Nbas/Mettl3/Mettl16/Ints11/Ear6/Dnase1/Hnrnpc/Ints3/Fen1/Pum2/Ddx49/Ints10/Hnrnpu/Tent5a/Csde1/Pnrc2/Serbp1/Noct/Rnasel/Zfp36l1/Ttc37/Dis3l/Trdmt1/Ireb2/Khsrp/Rbm7/Piwil2/Igf2bp3/Cnot6/Ints4/Eri1"
"GOBP_RESPONSE_TO_ESTRADIOL",0.294584339427389,0.515514164818747,0.0317935593641976,-0.281894909092318,-1.10114122628295,64,"Ctnnb1/Lcor/Strn3/Areg/Dusp1/Col1a1/Casp3/Kif18a/Postn/Itga2/Ddx18/Itgam/Kat5/Cat"
"GOBP_REGULATION_OF_MRNA_CATABOLIC_PROCESS",0.294748821329865,0.515514164818747,0.0306629252686305,-0.248629849513087,-1.07961611714962,118,"Ythdf3/Tut7/Dhx9/Pde12/Zc3h14/Fmr1/Slc11a1/Fxr1/Zfp36l2/Rock2/Caprin1/Rock1/Rbm33/Btg2/Apobec1/Cnot2/Myd88/Zfp36/Zc3h12a/Senp1/Ythdf2/Gdnf/Samd4/Igf2bp2/Paip1/Zc3hav1/Nbas/Mettl3/Mettl16/Hnrnpc/Pum2/Hnrnpu/Tent5a/Csde1/Serbp1/Noct/Rnasel/Zfp36l1/Ireb2/Khsrp/Piwil2/Igf2bp3/Cnot6"
"GOBP_BRAIN_MORPHOGENESIS",0.295115585384042,0.515741242885121,0.0332733305648578,-0.405820545203339,-1.13182289130853,15,"Pafah1b1/Akt3/Shank3"
"GOBP_NEGATIVE_REGULATION_OF_PROTEIN_UBIQUITINATION",0.295269450701785,0.515741242885121,0.0318385404491794,-0.290976145629607,-1.1004956326088,54,"Dnaja1/Hspa1b/Tnfaip3/Hspa1a/Trim44/Gtpbp4/Dtx3l/Senp2"
"GOBP_GLYCOLIPID_BIOSYNTHETIC_PROCESS",0.295386774250132,0.515741242885121,0.0320656807677177,-0.303354513476395,-1.1066678425885,46,"B4galnt1/Pigh/St8sia6/B3gnt5/B4galt3/Pigb/Pigm/St3gal6/St3gal2/Pgap1/A3galt2/B4galt5/Prkaa1/St8sia4"
"GOBP_POSITIVE_REGULATION_OF_MRNA_PROCESSING",0.295713978031445,0.516016655074929,0.036171170470305,0.376772111682554,1.12297845484057,17,"Cirbp/Celf4/Slc39a5/Prdx6"
"GOBP_EMBRYONIC_PLACENTA_DEVELOPMENT",0.29602510460251,0.516263713353175,0.0319062895292908,-0.292343203093298,-1.10009336576021,53,"Bmp5/Socs3/Pkd1/Cited2/Hs6st1/Senp2/Fzd5/Sp3/Birc6/Plk4"
"GOBP_NEUROTRANSMITTER_TRANSPORT",0.297893189612935,0.519224248638458,0.0305497591235925,-0.252007399306987,-1.08135233505202,108,"Lrrk2/App/Rab5a/Snap23/Slc1a3/Itgb1/Snap29/Fmr1/Mctp2/Cadps2/Slc38a2/Cask/Ppt1/Rap1b"
"GOBP_EMBRYONIC_ORGAN_DEVELOPMENT",0.298857486470235,0.520607005893515,0.0434379986196493,0.204500945393878,1.04949676777067,253,"Tbx2/Rpl38/Mapk3/Ppp1r35/Hoxb4/Id3/Efna1/Hoxb5/Spint2/Pcgf2/Nr2f2/Vangl2/Asb2/Nectin1/Hoxb6/Hey1/Ndrg4/Sox18/Rbpms2/Tbx15/Cluap1/Stox1/Tead2/Fzd2/Pbx2/Syf2/Ccdc103/Pdgfa/Plcd3/Osr2/Mmp14/Mbd3/Tprn/Mesp1/Tfeb/Prickle1/Id2/Epas1/Taf10/Ccdc40/Tbx18/Hoxa7/Eif4a3/Lef1/Gata2/Pax5/Cdkn1c/Sox11/Gata3/Foxc1/Fgfr1/Hscb/Msx1/Tbx1/Fuz/Scrib/Bmp7/Osr1/Rnf112/Mbd2/Ovol2/Hoxd9/Mthfd1/Dvl2/Ryr2/Hes1/Ppil1/Insig2/Mthfd1l/Ercc3/Fzd6/Wnt2/Hnf1b/Triobp"
"GOBP_NEGATIVE_REGULATION_OF_PROTEASOMAL_UBIQUITIN_DEPENDENT_PROTEIN_CATABOLIC_PROCESS",0.299463261151212,0.521122892403963,0.0328428821592717,-0.363921540282515,-1.11886861071227,22,"Rybp/Wac/Hsp90ab1/Tlk2/Pbk/Senp1"
"GOBP_POSITIVE_REGULATION_OF_INTRACELLULAR_PROTEIN_TRANSPORT",0.299495915174691,0.521122892403963,0.0316261823222395,-0.283037665092408,-1.09833040679068,62,"Hsp90aa1/Bag3/Il1b/Jak2/Tpr/Mdm2/Cep290/Sorl1/Tmem30a/Ect2/Zc3h12a/Prkd1/Edem1/Pdcd10/Xbp1/Xpo4/Kif20b/Ppm1a/Psen1"
"GOBP_ENDOMEMBRANE_SYSTEM_ORGANIZATION",0.299927901946647,0.521404109589041,0.0281562116364907,-0.212965467952501,-1.05685543169921,348,"Plekhf2/Ptprc/Lrrk2/Sec61a1/Tmem33/Atp6v0c/Washc4/Snap23/Myh9/Arl6ip1/Rab1a/Snap29/Vmp1/Vcpip1/Atp8b4/Nek6/Vps13b/Tmem63b/Lysmd3/Pafah1b1/Esyt3/Atl3/Golph3/Dnajc13/Lyst/Rab5if/Pdcd6ip/Rab10/Atr/Tmem41b/Tmco1/Rtn4/Ccdc47/Abcd2/Vps37b/Mmgt1/Rbsn/Stam/Pi4k2b/Colec12/Agfg1/Cog5/Serp1/Baiap2l1/Iqgap1/Casp7/Fnbp1l/Crb1/Atp10a/Knl1/Cr1l/Hps5/Creb1/Stam2/Arfgef2/Wasl/Camsap2/Prkd1/Esyt1/Atp6v1a/Stx19/Aqp1/Bin2/Tmed10/Sptbn1/Ap3s1/Tmed7/Golgb1/Tmeff2/Myh10/Serinc5/Pdcd10/Bet1/Huwe1/Cdc42/Yipf5/Sec23ip"
"GOBP_CALCIUM_ION_TRANSMEMBRANE_IMPORT_INTO_CYTOSOL",0.3,0.521404109589041,0.0396431810797813,0.237861955895427,1.07185861930178,106,"Thy1/Slc8b1/Atp1a2/Prkaca/Mcoln1/Tmem38a/Nol3/Bax/Gp9/Hrc/P2rx4/Grin1/Kcnn4/Casq1/Pln/Trpv4/Ank2/Trdn/Gstm7/Ryr1/Ppp3ca/Adcyap1r1/Hap1/Akap6/Snca/Plcb3/Tmbim6/Prkce"
"GOBP_REGULATION_OF_CHROMOSOME_SEGREGATION",0.300253592561285,0.521547170193447,0.0310506924682318,-0.265428764560986,-1.08668629332561,83,"Bub1/Dusp1/Tpr/Nek6/Ncapg/Cdc27/Smc4/Becn1/Smc6/Bub1b/Cenpf/Rad18/Kat5/Knl1/Cdc23/Ncapg2/Gen1/Cdc16/Ccnb1/Ncapd2/Rb1/Pum2/Dync1li1/Hnrnpu"
"GOBP_CHOLESTEROL_EFFLUX",0.300439399487367,0.521572389645971,0.0325670705681411,-0.350705467889672,-1.11499453295388,25,"Pltp/Lipa/Abca5/Ces1d/Abca2/Ttc39b/Apob/Npc1/Abcg1"
"GOBP_ACTIN_FILAMENT_DEPOLYMERIZATION",0.300840636737614,0.521722602527796,0.0320886022863019,-0.319180141368479,-1.10785834519032,37,"Capza1/Washc2/Tmod3/Plek/Sptan1/Eps8/Swap70"
"GOBP_NEUROEPITHELIAL_CELL_DIFFERENTIATION",0.300868600997967,0.521722602527796,0.0327222923721584,-0.359957266624484,-1.11930860518773,23,"Ipo7/Ctnnb1/Smad2/Fgf2"
"GOBP_GLYCOPROTEIN_METABOLIC_PROCESS",0.301234191680634,0.52205925649831,0.029067703848247,-0.225686837674528,-1.06671925989432,220,"Ndst1/Ctnnb1/Rnf139/Il33/Stt3a/Hexb/Colgalt1/Rab1a/Pgm3/Golph3/Hs6st1/Plcb1/Gcnt1/St8sia6/B3gnt5/B4galt3/B3gnt9/Erp44/Tmtc3/Alg11/Csgalnact1/St3gal6/Chsy3/Man2b1/Serp1/Ngly1/Bmpr1b/Ext2/Bmp2/Edem3/Fam20b/Alg10b/Abca2/Hs2st1/Mgat2/St3gal2/Hs6st3/B3gnt3/Galnt6/Edem1/B4galt5/St8sia4/Gfpt1/Plod2/Man1a/Galnt5/Xylt1/Rft1/Chpf2/Chp1/Man2a1/Fut4/Gcnt4/Npc1/Psen1"
"GOBP_POSITIVE_REGULATION_OF_BMP_SIGNALING_PATHWAY",0.301454138702461,0.522133371071188,0.0328549986729529,-0.381029174841037,-1.1273190438536,19,"Smad2/Gpc3/Acvrl1/Ngly1/Rbpj/Eng/Ilk/Cdh5/Kdr/Numa1"
"GOBP_MRNA_EXPORT_FROM_NUCLEUS",0.301687006460876,0.522133371071188,0.0321000773527401,-0.315469309545339,-1.10644986608855,39,"Zc3h11a/Xpo1/Fmr1/Tpr/Eif4e/Agfg1/Iws1/Ncbp1/Thoc2/Ythdc1/Hnrnpa2b1/Thoc1"
"GOBP_POSITIVE_REGULATION_OF_PROTEIN_POLYMERIZATION",0.301840490797546,0.522133371071188,0.0316372773870905,-0.293400340084775,-1.09655517796191,52,"Hsp90aa1/Hspa1b/Washc2/Hspa1a/Ocln/Arf6/Rac1/Baiap2l1/Pak1/Nckap1/Mtor/Dlg1/Alox15/Togaram1/Slain1"
"GOBP_PHENOL_CONTAINING_COMPOUND_METABOLIC_PROCESS",0.301962846126884,0.522133371071188,0.0316261823222395,-0.299716370968864,-1.09875626979783,47,"Itgb2/Hdc/Rapgef2/Slc7a11/Gch1/Itgam/Nr4a2/Slc16a10/Iyd/Gcnt4/Med1/Cpq/Maoa/Cyp2e1/Npr1/Slc5a5"
"GOBP_NEGATIVE_REGULATION_OF_LEUKOCYTE_APOPTOTIC_PROCESS",0.30231716147719,0.522449351133964,0.032226936967927,-0.325310776265235,-1.10891434694257,34,"Gpam/Arg2/Dock8/Slc39a10/Il7r/Mertk/Rag1/Kitl"
"GOBP_NEGATIVE_REGULATION_OF_HEMOPOIESIS",0.302499574902228,0.522468068960455,0.0310188345556625,-0.270182950105037,-1.08547565987273,74,"Tlr4/Anxa1/Ctnnb1/Ceacam1/H2-Q7/Lyn/Il4ra/Tnfaip6/Fstl3/Fbn1/Zc3h12a/Cr1l/Nrarp"
"GOBP_DETERMINATION_OF_ADULT_LIFESPAN",0.303349990745882,0.523639864978011,0.0325908383807256,-0.362754134338324,-1.11527944732859,22,"Lrrk2/B4galnt1/Lipa/Prdm2"
"GOBP_BONE_REMODELING",0.303817603393425,0.524149916335966,0.0316706166401607,-0.304286512264567,-1.10262299157323,45,"Lepr/Tnfaip3/Ctnnb1/Traf6/Adam8/S1pr1/Herc1/Epha2/Rac2/Lrrk1/Tmem64/Lrp5/Nox4"
"GOBP_NEGATIVE_REGULATION_OF_PROTEIN_CONTAINING_COMPLEX_DISASSEMBLY",0.304242002781641,0.524411874533234,0.031329971144254,-0.284141674928574,-1.09265772251892,59,"Capza1/Washc2/Tmod3/Mid1/Scaf8/Sptan1/Eps8/Swap70/Tpx2/Rdx/Diaph3/Camsap2/Atxn7/Sptbn1/Hdgfl3/Wdr47/Irak3/Clec16a"
"GOBP_ENDOCRINE_SYSTEM_DEVELOPMENT",0.304355370466771,0.524411874533234,0.0312866300545677,-0.286754938324672,-1.0956164047869,57,"Arntl/Bmp5/Smad4/Cited2/Inhbb/Fgf2/Braf/Clock/Arid5b/Tgfbr1/Bmp2/Creb1/Rbpj/Hipk2/Wt1/Srf"
"GOBP_ORGANOPHOSPHATE_ESTER_TRANSPORT",0.304486106461332,0.524411874533234,0.0306010804122317,-0.259201228209543,-1.08021243632615,92,"Atp11c/Pltp/Atp11b/Slc25a25/Lrrc8d/Vmp1/Atp8b4/Tmem63b/Tmem41b/Abcd2/Tmem30a/Slc25a5/Atp10a/Cr1l/Calhm5/Slc35a3/Esyt1/Slc37a2/Serinc5/Mttp/Osbpl8/Slc4a1/Slc25a24/Clptm1l/Abcg1"
"GOBP_REGULATION_OF_BLOOD_PRESSURE",0.305250913924892,0.525431901018257,0.0304172331732918,-0.257546538540009,-1.08072942139746,96,"Ptgs2/Erap1/Rps6ka2/Mme/Enpep/Ace2/Rhoa/Postn/Gch1/Scpep1/Vegfc/Glp1r/Ptpn1/Atp2b1/Acvrl1/Ext2/Snx5"
"GOBP_PODOSOME_ASSEMBLY",0.306027243888785,0.52636452284472,0.0325789493934004,-0.389323368948058,-1.12299979979434,17,"Rhoa/Diaph3/Sh3pxd2b/Bin2/Arhgef5/Mapk9/Farp2/Hck/Msn"
"GOBP_CEREBELLAR_CORTEX_MORPHOGENESIS",0.306192414827512,0.52636452284472,0.0353398441869359,0.36527385674459,1.11262274622635,18,"Cdk5/Trnp1/Coq8b/Wnt7a/Cend1"
"GOBP_NEGATIVE_REGULATION_OF_ACTIN_FILAMENT_BUNDLE_ASSEMBLY",0.306311308532297,0.52636452284472,0.0324018254719922,-0.361883244986613,-1.11260191755589,22,"Was/S1pr1/Phldb2/Wasf2/Shank3/Arhgap28/Tmeff2/Tjp1/Cgnl1/Arhgef18"
"GOBP_NEGATIVE_REGULATION_OF_PEPTIDE_SECRETION",0.30658838878017,0.526543510341577,0.0356166436155702,0.344568458299797,1.10217736903914,22,"Ucp2/Hadh/Abcc8/Kcnj11/Ndufaf2/Adra2a/Gnao1/Ffar2/Eny2"
"GOBP_NEGATIVE_REGULATION_OF_ENDOTHELIAL_CELL_APOPTOTIC_PROCESS",0.307050092764379,0.527039195303006,0.0324018254719922,-0.371401045872969,-1.11547451188609,20,"Icam1/Tnfaip3/Braf/Fga/Krit1/Fgg/Cdh5/Kdr"
"GOBP_REGULATION_OF_CELLULAR_COMPONENT_SIZE",0.307668758610133,0.527518100292073,0.0287686999295148,-0.226097060248518,-1.06470582448355,212,"Hsp90aa1/Picalm/Rab5a/Capza1/Washc2/Sema3a/Rnf6/Tmod3/Plek/Sema6d/Rb1cc1/Rhoa/Sptan1/Eps8/Pafah1b1/Akt3/Swap70/Il7r/Was/Arf6/Rin3/Rtn4/Rac1/Cyfip2/Rasa1/Vav3/Shank3/Map2/Baiap2l1/Cdkl5/Rdx/Creb1/Slit2/Prkd1/Pak1/Nckap1/Aqp1/Vegfa/Sptbn1/Arhgap28/Tnfrsf12a/Nrcam/Spg20/Macf1/Mtor"
"GOBP_SECRETION_BY_TISSUE",0.307675581648184,0.527518100292073,0.0355432910251727,0.344369170794146,1.10153990448495,22,"Vamp2/Vamp8/Kcnn4/Agr2/Prickle1/Ppp3ca/Prkce/Adora1/Cyba"
"GOBP_PROTEIN_CONTAINING_COMPLEX_REMODELING",0.308153701968135,0.527643255597307,0.0325314949110203,-0.383744007368214,-1.11752180418521,18,"Pltp/Abca5/Diaph3/Apob/Mttp/Abcg1"
"GOBP_REGULATION_OF_SMALL_MOLECULE_METABOLIC_PROCESS",0.308163265306122,0.527643255597307,0.0291966379375075,-0.231193603854797,-1.06553207874891,180,"Ptgs2/Bmp5/App/Il1b/Lepr/Ceacam1/Ugt1a7c/Pptc7/Plek/Sik1/Insig1/Slc7a11/Jmjd8/Ddb1/Ces1d/Abcd2/Gpld1/Dgkq/Lacc1/Gnai1/Ppp4r3a/Kpnb1/Bmp2/Pdk3/Plaa/Abca2/Foxk2/Irs1/Sorbs1/Creb1/Ttc39b/Prkaa1/Ppp1ca/Apob/Lonp2/Mtor/Slc4a4/Ppp2ca/Pmaip1"
"GOBP_SIGNAL_RELEASE",0.308268424206111,0.527643255597307,0.0283456249058933,-0.220842935518394,-1.0609893220125,253,"Ptgs2/Lrrk2/Arntl/Il1b/Anxa1/Rab5a/Jak2/Alox5/Snap23/Wls/Smad4/Rab1a/Smad2/Snap29/Fmr1/Mctp2/Cadps2/Slc38a2/Cask/Adam8/Ccdc186/Lyn/Inhbb/Plcb1/Ppt1/Rap1b/Acsl4/Adam17/Rac1/Gpld1/Braf/Clock/Glp1r/Gnai1/Klf7/Serp1/Cftr/Irs1/Grp/Cckar/Creb1/Fga/Efr3a/Prkd1/Slc6a9/Slc16a10/Stx19/Aqp1/Gdnf/Nadk/Ildr2/Ano1/Tmem132a/Bloc1s6/Snx4/Kdm5b/Fgg/Lrp5/Gnat1/Stxbp4/Psen1/Ltbp4/Pirb/Chrm3/Rab11fip2/Dnajc5/Fer1l5/Syt10/Selenot/Snx19"
"GOBP_DIGESTIVE_TRACT_MORPHOGENESIS",0.308590308370044,0.527897465722912,0.0357496126221224,0.333619068675699,1.10516053080595,25,"Vangl2/Sox10/Rbpms2/Dact1/Acvr2b/Sfrp5/Agr2/Id2/Sox11/Ovol2/Hnf1b/Wnt11/Trp63"
"GOBP_RRNA_METABOLIC_PROCESS",0.308903365906623,0.528136299374322,0.0402696947953221,0.217325446340672,1.05648761815376,168,"Rps28/Pin4/Rps15/Imp3/Cavin1/Polr2e/Pih1d1/Mrm2/Rpl35a/Exosc4/Pop7/Pop4/Rpusd1/Rpl11/Nhp2/Rps17/Rpl35/Sart1/Tsr3/Rpl14/Frg1/Rps24/Suv39h1/Mapt/Nop53/Nsun4/Exosc2/Trmt112/Exosc8/Eif4a3/Rps16/Ybey/Rrnad1/Rps14/Rpl7/Rps8/Gtf3c6/Gar1/Sirt7/Rps19/Rrp9/Mterf4/Pelp1"
"GOBP_NEGATIVE_REGULATION_OF_CYTOSKELETON_ORGANIZATION",0.309652131308182,0.529119382622567,0.0298317197809657,-0.250402325559502,-1.07446503630783,108,"Capza1/Washc2/Tmod3/Smad4/Mid1/Sptan1/Eps8/Swap70/Was/S1pr1/Phldb2/Tpx2/Wasf2/Shank3/Dyrk1a/Map2/Rdx/Tmem67/Slit2/Diaph3/Camsap2/Atxn7/Sptbn1/Arhgap28/Tmeff2/Tjp1/Hdgfl3/Cgnl1/Wdr47/Tbcd/Arhgef18"
"GOBP_REGULATION_OF_CARTILAGE_DEVELOPMENT",0.310239885427855,0.529774949640142,0.0315157238889932,-0.319061848787415,-1.1015450031482,36,"Ctnnb1/Glg1/Rflnb/Tgfbr1/Acvrl1/Bmpr1b/Bmp2/Trps1/Loxl2/Efemp1"
"GOBP_FATTY_ACID_BETA_OXIDATION",0.31038374717833,0.529774949640142,0.0361406555253854,0.293545781222163,1.08823402640077,39,"Ivd/Amacr/Hadh/Abcd4/Hadhb/Echdc2/Etfbkmt/Echs1/Mlycd/Acads/Plin5/Acat1/Abcd1/Eci2/Mcat/Akt1"
"GOBP_LYMPHOCYTE_APOPTOTIC_PROCESS",0.311415683553088,0.531238519002327,0.0308501798368687,-0.28632598035188,-1.09042601568968,56,"Gpam/Arg2/Adam8/Ripk1/Lyn/Dock8/Slc39a10/Il7r/Nfkbiz/Lipa/Rag1/Casp7/Pkn1"
"GOBP_REGULATION_OF_CILIUM_DEPENDENT_CELL_MOTILITY",0.311813953488372,0.531334926653848,0.0321575963221479,-0.393054208266327,-1.11722149247882,16,"Cfap206/Ccr6/Pgam1/Cfap69/Irgc1"
"GOBP_PROTEIN_POLYMERIZATION",0.311821186840863,0.531334926653848,0.0290310963363371,-0.230997841902757,-1.06255722216808,178,"Hsp90aa1/Hspa1b/Ndel1/Capza1/Jak2/Washc2/Hspa1a/Tmod3/Sptan1/Orc4/Eps8/Was/Ocln/Arf6/Rac1/Cyfip2/Nin/Tpx2/Rasa1/Ttc17/Dyrk1a/Map2/Baiap2l1/Rdx/Fga/Slit2/Wasl/Diaph3/Camsap2/Pak1/Ccdc66/Nckap1/Sptbn1/Arhgap28/Haus6/Hdgfl3/Mtor/Ppp2ca/Cenpj/Tbcd/Fgg/Dlg1/Alox15/Togaram1/Tubb1/Slain1"
"GOBP_REGULATION_OF_GLYCOPROTEIN_METABOLIC_PROCESS",0.312010205941316,0.531359662802744,0.0317487252503017,-0.344445723047984,-1.10570149572134,26,"Ctnnb1/Il33/Rab1a/Plcb1"
"GOBP_CALCIUM_ION_HOMEOSTASIS",0.313285948605796,0.533234048912603,0.0401107148777776,0.215274504124469,1.05376831705017,175,"Dmpk/Smdt1/Tmem203/Thy1/Slc8b1/Psen2/Pth1r/Atp1a2/Prkaca/Mcoln1/Tmem38a/Nol3/Csrp3/Fam20a/Bax/S100a14/Atp2a1/Mcu/Gp9/Hrc/Cav3/Sypl2/Grin1/Casq1/Pln/Trpv4/Ank2/Trdn/Gstm7/Ryr1/Bnip3/Hap1/Akap6/Fgfr1/Snca/Cd40/Plcb3/Micu1/Tmbim6/Prkce/Ywhae/Adora1/Cyba/Cib2/Kctd17/Dmtn/Ryr2/Gsto1"
"GOBP_RESPONSE_TO_FLUID_SHEAR_STRESS",0.314025500910747,0.534194218029734,0.0316150962454774,-0.335832846648458,-1.10405292750731,29,"Ptgs2/Pkn2/Pkd1/Cited2/Ptpn1/Mmp2/Mtor/Xbp1/Ppp2ca"
"GOBP_POSITIVE_REGULATION_OF_PROTEIN_SECRETION",0.314792899408284,0.535200658122962,0.0301659967174125,-0.263225765064207,-1.0776670396614,83,"Tlr4/Jak2/Wls/Adam8/Golph3/Plcb1/Acsl4/Arf6/Rac1/Frmd4a/Vegfc/Gpld1/Adam9/Ppid/Serp1/Cftr/Fga/Tmed10/Nadk/Myh10/Ano1/Tmem132a"
"GOBP_HEART_TRABECULA_MORPHOGENESIS",0.315027829313544,0.535301194341373,0.0319062895292908,-0.369044819281212,-1.1083977663127,20,"Bmp5/S1pr1/Nrg1/Tgfbr1/Rbpj/Eng/Srf/Med1"
"GOBP_GLIOGENESIS",0.315264127764128,0.535403942577674,0.028389060662869,-0.225479621405268,-1.0598742147989,210,"Tlr4/Nab1/Prkch/App/Il1b/Lepr/Ctnnb1/Il33/Hexb/Col3a1/Areg/Egr2/Med12/Mal/Rhoa/S100a8/Pafah1b1/Lyn/Fgf2/Lama2/Fpr2/Lrp2/Ccdc39/Rtn4/Vegfc/Orc3/Prkci/C5ar1/Slc7a5/Bmp2/Myd88/Crb1/Mboat7/Abca2/Creb1/Zfp365/Ttc21b/Vps13a/B4galt5/Ano1/Mtor/Wdr47/Dicer1/Eef2/Syne2/Tnfrsf1b/Ptprb/Ilk/Psen1/Mettl3/Mxra8/Rnf10/Mios/Ccl3"
"GOBP_RESPONSE_TO_AMINO_ACID_STARVATION",0.315629470672389,0.535500204950324,0.0311681490798957,-0.318937340706004,-1.09649374139639,35,"Prkch/Eif2s1/Slc38a2/Bmt2/Becn1/Rraga/Rragc/Prkd1/Mtor/Sesn3/Atf2/Mios/Mapk8/Eif2a/Wdr59/Gpr155/Eif2ak3/Pex2/Cdkn1a/Sh3glb1/Sar1b"
"GOBP_SINGLE_FERTILIZATION",0.315672534609468,0.535500204950324,0.0303161727380477,-0.271812509419584,-1.0801044339841,70,"Hexb/Myh9/Smad4/Wdr48/Abhd2/Adcy3/Plcb1/Antxr2/Gmnc/H3f3a/Trpc6/Ccdc146/Plat/Cntln/Cct2/Kdm5b/Cct3/B4galt1"
"GOBP_CELLULAR_RESPONSE_TO_REACTIVE_OXYGEN_SPECIES",0.315971365095038,0.5355075739475,0.0376640196158781,0.24337817173818,1.06485438189214,90,"Romo1/Pdk2/Cygb/Pcgf2/Park7/Pex14/Map1lc3a/Pink1/Klf2/Fxn/Endog/Txn1/Mt3/Tpm1/Mb/Ppp5c/Ppif/Mapt/Ankzf1/Ccs/Bnip3/Mapk7/Pex10/Mapk13/Ogg1/Bmp7/Cfl1"
"GOBP_VASOCONSTRICTION",0.316237799467613,0.5355075739475,0.0309870513509388,-0.306693625701834,-1.09415298556099,42,"Pik3c2a/Itgb1/Ace2/Rhoa/Rap1gds1/Atp2b1/Hrh2/Fga/Mmp2/Fgg/Htr7/Arhgap42/Bdkrb2/Apln/Map2k1/Kel"
"GOBP_REGULATION_OF_CARDIAC_CONDUCTION",0.316300129366106,0.5355075739475,0.0348015796932357,0.386607288617956,1.11002068545433,15,"Prkaca/Atp2a1/Ank2/Tbx5/Agt"
"GOBP_STRESS_FIBER_ASSEMBLY",0.316380336791971,0.5355075739475,0.0301859231121408,-0.265835277287257,-1.0766876441073,78,"Itgb1/Actg1/Rhoa/Rock2/Was/S1pr1/Luzp1/Phldb2/Rac1/Rock1/Braf/Wasf2/Tgfbr1/Sorbs1/Tesk1/Pak1/Arhgap28/Tmeff2/Tjp1/Pdcd10/Cgnl1/Cdc42/Mtor/Arhgef18/Arhgef5/Srf"
"GOBP_POTASSIUM_ION_HOMEOSTASIS",0.316782307025152,0.535873593724603,0.0348852489571245,0.352495205249539,1.10000131030365,20,"Atp1a2/Prkaca/Kcnh2/Kctd7/Slc12a9"
"GOBP_NEGATIVE_REGULATION_OF_NUCLEAR_DIVISION",0.317029948608896,0.535873593724603,0.030913179318951,-0.304897480827413,-1.09230391420558,43,"Rps6ka2/Tom1l1/Bub1/Dusp1/Tpr/Bub1b/Cenpf/Knl1"
"GOBP_TORC1_SIGNALING",0.317274939172749,0.535873593724603,0.0372642930836758,0.254078022666434,1.06863237359287,72,"Mapk3/Rnf167/Ppdpf/Gpr137/Pih1d1/Prkaca/Rbx1/Lamtor2/Otub1/Nprl3/Lamtor1/Stk11/Castor2"
"GOBP_POSITIVE_REGULATION_OF_EXTRACELLULAR_MATRIX_ORGANIZATION",0.317300521998509,0.535873593724603,0.0318610863741135,-0.375491288116183,-1.11093456313704,19,"Smad4/Colgalt1/Ddr2/Tgfbr1/Bmp2/Runx1"
"GOBP_AMIDE_METABOLIC_PROCESS",0.317817966202194,0.536449948495388,0.0276204219915108,-0.218846065030629,-1.0573034358151,264,"Picalm/Hsd17b12/Gpam/Arg2/Hexb/Cd36/Mme/Acly/B4galnt1/Asah2/Gda/Far1/Enpep/Gla/Ace2/Plpp1/Asns/Rock2/Gnpda2/Casp3/Ppt1/Slc7a11/St8sia6/Hmgcr/Asah1/B4galt3/Acsl4/Rtn4/Sorl1/Nt5c2/Rock1/Elovl7/Gclm/Dyrk1a/Acer3/Becn1/Acsl5/Pdk3/Abca2/Pcsk7/Aass/Slc2a13/Smpdl3a/Otc/St3gal2/Tmed10/Sgms1/B4galt5/Acaca/Chac1/Prkaa1/St8sia4/Fasn/Bloc1s6/Yipf5/Mtor"
"GOBP_RESPIRATORY_SYSTEM_DEVELOPMENT",0.318686624818928,0.537400282491496,0.0290402386662062,-0.241827170695434,-1.06588237107772,130,"Ctnnb1/Col3a1/Mme/Smad2/Pkd1/Tnc/Tgfbr2/Chil1/Hs6st1/Fgf2/Gpc3/Slc7a11/Lipa/Ccdc39/Hydin/Sp3/Fbn1/Smchd1/Bmp2/Adamts2/Stk40/Phex/Creb1/Aimp2/Vegfa/Itgb6/Rbpj/Ppp1ca/Hipk2/Bloc1s6/Cdc42/Hikeshi/Wt1/Srf/Sec24b/Man2a1/Ywhaz/Slc23a1"
"GOBP_VIRAL_GENE_EXPRESSION",0.318733960650128,0.537400282491496,0.0301560446411683,-0.273655114101598,-1.0804272591015,67,"Dhx9/Eif3a/Pcbp2/Ptbp1/Mid2/Peg10/Ccnt1/Ace2/Jun/Ubp1"
"GOBP_POSITIVE_REGULATION_OF_SPROUTING_ANGIOGENESIS",0.319089382347453,0.537701809213057,0.0317711239893025,-0.385405055439804,-1.11169745928191,17,"Jak1/Fgf2/Jmjd8/Vegfa/Tjp1"
"GOBP_BLASTOCYST_FORMATION",0.319661578076145,0.538368089182445,0.0314608277104382,-0.349870006586024,-1.10051950051183,24,"Skil/Cited2/Gabpa/Rtn4/Sp3/Cnot2/Tm4sf1/Srf"
"GOBP_MONOCYTE_DIFFERENTIATION",0.320305229852969,0.539153910946539,0.0316483814530157,-0.363528233080374,-1.10433999534143,21,"Myh9/Jun/Ifi205/Sp3/Vegfa/Fasn/Med1"
"GOBP_MACROMOLECULE_METHYLATION",0.320904498436372,0.53986419764572,0.0367791390199934,0.257015793783921,1.06639472152766,67,"Mepce/Mrm2/Snrpb/Slc25a26/Mettl22/Mettl21a/Eef2kmt/Snrpd3/Setd3/Nsun4/Trmt112/Rrnad1/Mettl14/Prmt1/Trmt12/Trmt1/Bud23/Setd6/Mrm1/Prmt8/Akt1"
"GOBP_NEGATIVE_REGULATION_OF_FATTY_ACID_METABOLIC_PROCESS",0.321302325581395,0.540104251546982,0.0315818918142659,-0.389371357775614,-1.10675331878858,16,"Ceacam1/Ugt1a7c/Insig1"
"GOBP_POSITIVE_REGULATION_OF_CELLULAR_RESPONSE_TO_INSULIN_STIMULUS",0.321401938851603,0.540104251546982,0.0316150962454774,-0.397352368734579,-1.10820536851854,15,"Sorl1/Ptpn1/Snx5/Irs1/Sorbs1/Pak1/Osbpl8"
"GOBP_POSITIVE_REGULATION_OF_DENDRITIC_SPINE_DEVELOPMENT",0.322339650145773,0.540964513117978,0.0311253198967732,-0.338500885573123,-1.0961140522268,27,"Fmr1/Pafah1b1/Caprin1/Rac1/Shank3/Mapk6"
"GOBP_FATTY_ACID_CATABOLIC_PROCESS",0.322588180331698,0.540964513117978,0.0360494877805622,0.277631809346363,1.07828208813965,49,"Mcee/Ivd/Amacr/Hadh/Abcd4/Hadhb/Echdc2/Etfbkmt/Echs1/Mlycd/Hacl1/Acads/Plin5/Acat1/Abcd1/Eci2/Mcat/Nudt19/Akt1"
"GOBP_POSITIVE_REGULATION_OF_PROTEIN_CONTAINING_COMPLEX_DISASSEMBLY",0.322598253275109,0.540964513117978,0.0310826254028964,-0.327863031325304,-1.09570973962546,31,"Washc2/Plek/Ppp1r10/Smcr8/Setx/Irgm1/Irgm2/Ppp1ca/Uvrag"
"GOBP_REGULATION_OF_TRANSLATION",0.322731383780525,0.540964513117978,0.0276450470759569,-0.221172819072651,-1.05416870658796,236,"Thbs1/Prkch/App/Ythdf3/Ddx3x/Rps6ka3/Dhx9/Rnf139/Hspb1/Cpeb4/Usp16/Eif2s1/Abce1/Larp4/Bzw1/Etf1/Fmr1/Tpr/Eif5/Eprs/Fxr1/Sepsecs/Paip2b/Eif4e/Kbtbd8/Itga2/Caprin1/Sh3bgrl/Eif4g2/Ptcd3/Btg2/Purb/Cnot2/Serp1"
"GOBP_L_GLUTAMATE_TRANSMEMBRANE_TRANSPORT",0.322910850549042,0.540964513117978,0.0314937389273168,-0.362939099707057,-1.10255030340682,21,"Slc1a3/Itgb1/Arl6ip1/Slc7a11"
"GOBP_SULFUR_COMPOUND_BIOSYNTHETIC_PROCESS",0.322979797979798,0.540964513117978,0.0376809066731631,0.239079280950185,1.06201191451372,97,"Bckdk/Cytl1/Pdk2/Chst12/Vangl2/Chpf/B3gat3/Ppt2/Xylt2/Hagh/Papss2/Gstm2/Pdhx/Acsbg1/Hacd1/Ppcdc/Cdo1/Ndst4/Mlycd/Apip/Dlat/Glce/Tcf7l2/Pdk1/Snca/Mpst/Akr1a1/Extl2/Lias/Acat1/Mthfd1/Mgst2/Elovl4"
"GOBP_T_CELL_HOMEOSTASIS",0.32367941712204,0.541838276600666,0.0310400648438102,-0.333737706876582,-1.09716514025909,29,"Gpam/Il7r/Casp3/Gpr174/Rag1/Tnfsf14/Ripk3/Ppp2ca/Pmaip1/Bcl2l11/Ccnb2/Spns2/Ppp3cb/P2rx7"
"GOBP_EMBRYONIC_PATTERN_SPECIFICATION",0.324408014571949,0.542734404849217,0.0309976374709639,-0.333583743137936,-1.09665898334777,29,"Ctnnb1/Smad4/Smad2/Fzd5/Nrarp/Nckap1/Pgap1/Frs2/Wt1"
"GOBP_REGULATION_OF_MICROTUBULE_NUCLEATION",0.324571215510813,0.542734404849217,0.0314279956614924,-0.396133588085845,-1.1048062211515,15,"Hspa1b/Hspa1a"
"GOBP_POST_TRANSCRIPTIONAL_REGULATION_OF_GENE_EXPRESSION",0.326811594202899,0.546039192459002,0.026740979054125,-0.213032599998899,-1.04993353653445,326,"Thbs1/Prkch/App/Ythdf3/Tut7/Ddx3x/Rps6ka3/Dhx9/Rnf139/Hspb1/Cpeb4/Usp16/Eif2s1/Abce1/Pde12/Zc3h14/Larp4/Bzw1/Etf1/Fmr1/Tpr/Eif5/Eprs/Slc11a1/Fxr1/Ripk1/Zfp36l2/Rock2/Sepsecs/Paip2b/Eif4e/Kbtbd8/Itga2/Caprin1/Sh3bgrl/Eif4g2/Rock1/Rbm33/Ptcd3/Focad/Btg2/Purb/Apobec1/Cnot2/Serp1/Myd88/Zfp36/Zc3h12a/Dgcr8/Senp1/Ythdf2/Gdnf/Samd4/Zfp706/Ppp1ca/Ncbp1/Mtor/Dapk1/Dicer1/Aars/Igf2bp2/Paip1/Eef2/Wt1/Tnfrsf1b/Mettl3/Nolc1/Mettl16/Shmt1/Ddx6/Eif4g1/Helz2/Selenot/Ythdc1/Inpp5e/Hnrnpc/Pum2/Ddx49/Pura/Hnrnpu/Rgs2/Eif2a/Tent5a/Csde1/Elp4/Serbp1/Noct/Smyd5/Rnasel/Zc3h7a/Eif2ak3/Zfp36l1/Lsm14a/Mettl8/Metap2/Trdmt1/Gemin5/Ireb2"
"GOBP_L_AMINO_ACID_TRANSPORT",0.326906222611744,0.546039192459002,0.0301361626814606,-0.288263959919111,-1.07735845765473,52,"Slc1a3/Itgb1/Arl6ip1/Slc11a1/Ace2/Slc38a2/Slc7a11/Slc7a1/Slc7a5/Slc6a20a"
"GOBP_REGULATION_OF_CYTOPLASMIC_TRANSLATION",0.327322404371585,0.546434605982169,0.0308292450742902,-0.332763679002641,-1.09396301653465,29,"Dhx9/Cpeb4/Fmr1/Sh3bgrl/Ythdf2/Mtor/Paip1/Eef2/Mettl3/Hnrnpu/Csde1"
"GOBP_NEGATIVE_REGULATION_OF_LYMPHOCYTE_APOPTOTIC_PROCESS",0.327718784328085,0.546796547002202,0.0309026590066226,-0.343389570569292,-1.09173517071764,25,"Gpam/Arg2/Dock8/Slc39a10/Il7r/Rag1"
"GOBP_POSITIVE_REGULATION_OF_LYASE_ACTIVITY",0.32848620432513,0.547776830323123,0.0312003598142687,-0.393879818576223,-1.09852051690889,15,"Cacna1d/Glp1r/Adora2b/Cap1/Gnas/Cacna1c/Adora3"
"GOBP_COLUMNAR_CUBOIDAL_EPITHELIAL_CELL_DIFFERENTIATION",0.329059088546179,0.548338951354374,0.0298026233666482,-0.284912360304065,-1.07756189948989,54,"Ipo7/Ctnnb1/Smad2/Fgf2/Gmnc/Fzd5/Plk4/Bmp2/Yipf6/Jag1/Tjp1/Xbp1"
"GOBP_LONG_CHAIN_FATTY_ACID_BIOSYNTHETIC_PROCESS",0.329183449285976,0.548338951354374,0.0308187898420047,-0.342669307236032,-1.0894452444051,25,"Ptgs2/Alox5/Asah2/Acsl4/Abcd2"
"GOBP_POSITIVE_REGULATION_OF_VIRAL_LIFE_CYCLE",0.32987012987013,0.548586000837362,0.0310294455435,-0.364558949033398,-1.09492479960819,20,"Tmprss4/Fmr1/Vps37b/Kpna2"
"GOBP_RESPONSE_TO_MUSCLE_STRETCH",0.330046511627907,0.548586000837362,0.0310719727360789,-0.386656694855279,-1.09903713182086,16,"Ctnnb1/Fos/Jun/Ddr2"
"GOBP_PEPTIDYL_TYROSINE_MODIFICATION",0.330175913396482,0.548586000837362,0.0292988356681409,-0.262326614080764,-1.06583934339782,79,"Itgb2/Samsn1/Jak2/Fgr/Nedd9/Lyn/Socs4/Adam17/Ddr2/Nrg1/Ptpn1/Dyrk1a"
"GOBP_MACROPHAGE_CHEMOTAXIS",0.330186933185267,0.548586000837362,0.0309659038977966,-0.355523246272336,-1.09304824420078,22,"Thbs1/Hc/Mmp28/Akirin1/C5ar1"
"GOBP_REGULATION_OF_ACTIN_FILAMENT_BASED_MOVEMENT",0.330232558139535,0.548586000837362,0.0344716810025692,0.324446253836524,1.08405492923864,26,"Acta2/Atp1a2/Atp2a1/Cav3/Pln/Ank2/Mybpc3/Dsc2/Adora1/Jup/Fgf13/Ryr2"
"GOBP_ACTIN_FILAMENT_ORGANIZATION",0.33096611924841,0.549504816309382,0.0268795497273238,-0.216434694799287,-1.05014052681557,280,"Capza1/Washc4/Jak2/Washc2/Pof1b/Myo1f/Gdpd2/Tmod3/Itgb1/Actr2/Plek/Pls3/Shroom4/Actg1/Rhoa/Nedd9/Actr3/Sptan1/Eps8/Swap70/Rock2/Was/S1pr1/Luzp1/Phldb2/Arf6/Rac1/Cyfip2/Rflnb/Rock1/Braf/Rasa1/Wasf2/Ttc17/Tgfbr1/Shank3/Myo19/Prkci/Mical2/Baiap2l1/Iqgap1/Arhgap25/Rdx/Myo5b/Sorbs1/Tpm4/Slit2/Tesk1/Wasl/Diaph3/Myo5c/Spire1/Pak1/Nckap1/Abi1/Rac2/Sptbn1/Arhgap28/Tmeff2/Tjp1/Pdcd10/Bloc1s6/Cgnl1/Cdc42/Mtor/Arhgef18/Arhgef5"
"GOBP_HAIR_CELL_DIFFERENTIATION",0.331450437317784,0.550009036312072,0.0306010804122317,-0.336299744220655,-1.08898644320063,27,"Ctnnb1/Pafah1b1/Fgf2/Rac1/Slc4a7/Rbpj/Jag1/Sec24b/Pls1"
"GOBP_MICROTUBULE_ORGANIZING_CENTER_LOCALIZATION",0.33235240022071,0.551021652670813,0.0307250552134108,-0.34574410650104,-1.08754144176082,24,"Ndel1/Pafah1b1/Nin/Kif5b/Syne2/Dlg1/Bicd2/Cep83/Aspm/Pard3"
"GOBP_REGULATION_OF_B_CELL_MEDIATED_IMMUNITY",0.332422586520947,0.551021652670813,0.030539518310929,-0.331254922161923,-1.08900296744025,29,"Ptprc/C3/Ndfip1/Rif1/Kmt5b/Cr1l"
"GOBP_POSITIVE_REGULATION_OF_RHO_PROTEIN_SIGNAL_TRANSDUCTION",0.333644336629968,0.552745922218854,0.0309237078172155,-0.380357065763567,-1.0971365778966,17,"Col3a1/Fxr1/Rac1/Robo1/Prag1/Akap13/Arhgef3/Gpr4/Sema4d/Csnk1a1/Adgrg1"
"GOBP_RESPONSE_TO_LIGHT_STIMULUS",0.333858764186633,0.552800400733169,0.0278354169200699,-0.229853840421647,-1.05432282824851,174,"App/Fos/Polk/Slc1a3/Mme/Itgb1/Eif2s1/Dusp1/Sik1/Mdm2/Rev1/Dcun1d3/Casp3/Slc7a11/Hmgcr/Ddb1/Atr/Rp1/Nedd4/Braf/Clock/Rhbdd1/Rag1/Cops3/Ppid/Polh/Yy1/Cat/Casp7/Crb1/Pbk/Creb1/Slc24a4/Bhlhe40/Ccdc66/Aqp1/Lrrn4/Mmp2/Prkaa1/Ppp1ca"
"GOBP_ADENYLATE_CYCLASE_INHIBITING_G_PROTEIN_COUPLED_RECEPTOR_SIGNALING_PATHWAY",0.334178131788559,0.553028484400088,0.0303262445864368,-0.318149338578478,-1.08450254882524,34,"App/Gnai3/Fpr2/S1pr1/Aplnr/Gnai1/Rgs1"
"GOBP_POLYSACCHARIDE_CATABOLIC_PROCESS",0.334508348794063,0.553274265115656,0.0307666347235003,-0.363513984439822,-1.09178632872097,20,"Mgam/Rb1cc1/Chia1/Pygl"
"GOBP_DETECTION_OF_CHEMICAL_STIMULUS",0.334873406024764,0.553577373151687,0.0306732603982164,-0.349924550524472,-1.08811127565621,23,"Tlr4/Nr4a1/Calm1/Slc24a4/Eng/Gnat1"
"GOBP_HYPEROSMOTIC_RESPONSE",0.335510356409778,0.554329373449687,0.0308187898420047,-0.379647128659861,-1.09508877062656,17,"Icosl/Nfat5/Rac1/Pkn1/Aqp1"
"GOBP_POSITIVE_REGULATION_OF_SUBSTRATE_ADHESION_DEPENDENT_CELL_SPREADING",0.336247723132969,0.555246375780852,0.0303262445864368,-0.330203038487021,-1.08554489220352,29,"Nedd9/Crk/Rac1/Braf/Fga/Tesk1/Cdc42/Fgg/Ilk/Dock1/Prex1"
"GOBP_NUCLEAR_TRANSCRIBED_MRNA_CATABOLIC_PROCESS",0.337449255751015,0.556664861267781,0.02890376707745,-0.261101438290007,-1.0608614246878,79,"Rnps1/Tut7/Dhx9/Pde12/Etf1/Zfp36l2/Ddx5/Caprin1/Smg8/Btg2/Apobec1/Cnot2/Zfp36/Zc3h12a/Tesk1/Samd4/Ncbp1/Paip1/Mtpap/Nbas/Hnrnpu/Csde1/Pnrc2/Noct/Zfp36l1/Ttc37"
"GOBP_REGULATION_OF_TUBE_SIZE",0.33747235924477,0.556664861267781,0.029003707427331,-0.26212844150598,-1.06167419545909,78,"Pik3c2a/Itgb1/Ace2/Rhoa/Rock2/Scpep1/Rap1gds1/Rock1/Gclm/P2ry2/Atp2b1/Adora2b/Ext2/Hrh2/Fga/Vegfa/Mmp2/Bloc1s6/Fgg/Htr7/Arhgap42/Npr1/Bdkrb2/Rgs2/Apln/Map2k1/Kel"
"GOBP_REGULATION_OF_MULTICELLULAR_ORGANISM_GROWTH",0.337939698492462,0.556860782141944,0.0299585442797634,-0.307074747472203,-1.07700750259817,39,"App/Gpam/Ppib/Plac8/Nipbl"
"GOBP_VIRAL_RELEASE_FROM_HOST_CELL",0.337956888472352,0.556860782141944,0.0307666347235003,-0.374237743320317,-1.08983809539527,18,"Ddb1/Vps37b/Ppid/Pcx/Cav2/Chmp2b/Trim25/Chmp1b"
"GOBP_REGULATION_OF_ISOTYPE_SWITCHING",0.339112602535421,0.557878228124653,0.0306010804122317,-0.368366223121748,-1.08985423126935,19,"Ptprc/Ndfip1/Rif1/Kmt5b"
"GOBP_ANIMAL_ORGAN_FORMATION",0.339116437131104,0.557878228124653,0.0298317197809657,-0.310532008506335,-1.07784110752459,37,"Ctnnb1/Tgfbr2/Cited2/Fgf2/Robo2/Lrp2/Bmp2/Gdnf/Rbpj/Pim1/Robo1/Frs2/Wt1"
"GOBP_NEGATIVE_REGULATION_OF_OSTEOCLAST_DIFFERENTIATION",0.339124006653114,0.557878228124653,0.0304375369003548,-0.348545421569511,-1.08382279185527,23,"Tlr4/Ctnnb1/Tnfaip6/Fstl3/Fbn1"
"GOBP_METANEPHRIC_NEPHRON_DEVELOPMENT",0.340219616601526,0.559378365308665,0.0305088425715827,-0.358212432009023,-1.08819145116749,21,"Ctnnb1/Pkd1/Aqp1/Gdnf/Wt1"
"GOBP_LABYRINTHINE_LAYER_DEVELOPMENT",0.340413843618385,0.559395657753903,0.0301958974504643,-0.332367226400955,-1.08150357046501,28,"Bmp5/Socs3/Hs6st1/Senp2/Fzd5/Birc6"
"GOBP_PROTEIN_TRANSMEMBRANE_IMPORT_INTO_INTRACELLULAR_ORGANELLE",0.340717766947275,0.559593096199813,0.0338468518961559,0.317679367092188,1.0726260792782,27,"Romo1/Pam16/Pex14/Tomm40/Dnajc19/Dnlz/Pex6"
"GOBP_C21_STEROID_HORMONE_METABOLIC_PROCESS",0.341163310961969,0.560022793465873,0.0304884308883987,-0.390165586019984,-1.08816161940978,15,"Bmp5/Dhrs9/Dgkq/Bmp2"
"GOBP_NEUROTRANSMITTER_SECRETION",0.341894880081647,0.560234561981592,0.0287686999295148,-0.261357098571119,-1.05855009765007,78,"Lrrk2/Rab5a/Snap23/Snap29/Fmr1/Mctp2/Cadps2/Slc38a2/Cask/Ppt1/Rap1b"
"GOBP_PROTEIN_EXIT_FROM_ENDOPLASMIC_RETICULUM",0.341917024320458,0.560234561981592,0.0296772696202792,-0.312374356493253,-1.07393046580678,35,"Yod1/Insig1/Sorl1/Tmem30a/Rhbdd1/Mia2/Edem1/Svip/Faf2/Sec16a/Vcp/Tm9sf4/Lman1/Ube2g2"
"GOBP_REGULATION_OF_MEMBRANE_PERMEABILITY",0.341991341991342,0.560234561981592,0.034336429712643,0.284854033094418,1.06116799980095,40,"Slc25a4/Siva1/Spg7/Nol3/Bax/Alkbh7/Ppif/Ier3/Vdac2/Cldn3/Camk2a/Bloc1s2/Rasip1/Bnip3"
"GOBP_DETECTION_OF_ABIOTIC_STIMULUS",0.342302987943386,0.560234561981592,0.0292337091963034,-0.27693483594048,-1.06887555458397,61,"Piezo1/Ctnnb1/Pkd1/Piezo2/Itga2/Rp1/Pkd2l2/Crb1/Slc24a4/Ccdc66/Ano1/Wdr47/Gnat1/Gpr88"
"GOBP_CELLULAR_RESPONSE_TO_INSULIN_STIMULUS",0.342377260981912,0.560234561981592,0.0278187511834534,-0.238959209020062,-1.05139979272993,129,"Pik3c2a/Il1b/Socs3/Ndel1/Ceacam1/Dennd4c/Eprs/Sik2/Kbtbd2/Insig1/Inhbb/Rab10/Sorl1/Gpld1/Ptpn1/Prkci/Atp2b1/Snx5/Irs1/Sorbs1/Pak1/Tsc2/Shc1/Rab31/Ap3s1/Prkaa1/Ghr/Mtor/Xbp1/Osbpl8/Sesn3/Cav2/Fbxw8/Stxbp4"
"GOBP_SENSORY_PERCEPTION_OF_CHEMICAL_STIMULUS",0.342396229835055,0.560234561981592,0.0298998598093173,-0.32550523781175,-1.07966552488732,30,"Cd36/Adcy3/Cnga2/C5ar1/Slc24a4/B2m/Gnb1/Gnat1/Syt10/Cfap69/Gnas/Ric8b/Rtp4"
"GOBP_REGULATION_OF_STEM_CELL_DIFFERENTIATION",0.343270571827057,0.561363529115676,0.0291412258267377,-0.283965603670282,-1.06856829027106,53,"Cdk13/Tgfbr2/Cdk12/Zfp36l2/Fgf2/Pwp1/Itch/N4bp2l2/Kat5/Kdm3a/Gatad2a/Ythdf2/Gdnf/Jag1/Gatad2b"
"GOBP_METAL_ION_TRANSPORT",0.34477964687891,0.563528730405948,0.0251257720879301,-0.204625161495148,-1.03909073743123,450,"Ptprc/Ccr1/Pde4b/App/Sec61a1/Cltc/Slc5a3/Slc25a25/Ctnnb1/Pon3/Slc1a3/Slc6a14/Cab39/Actn4/Vmp1/Fmr1/Pkd1/Kcnj2/Slc11a1/Sik1/Kcne2/Slc38a2/Cask/Lyn/Slc30a4/Fgf2/Cacna1d/Slc39a10/Plcb1/Kcnj13/Atp1a3/Ms4a1/Scn3a/Ndfip1/Cd84/Lrp2/Ubqln1/Tpcn2/Pira2/Tmco1/Aplnr/Nedd4/Cysltr1/Plcl1/Mmgt1/Kcnj15/Nipal1/Cnga2/Utrn/Slc31a1/Kif5b/Scn7a/Zdhhc13/Atp1b1/Calm1/Ndfip2/Trpm6/Atp2b1/Kcnh1/Trpc6/Slc6a20a/Pkd2l2/Flvcr2/Slc4a7/Gpr35/Grp/Slc24a4/Plcg2/Kcne4/Pik3cg/Slc23a2/Prkd1/Slc6a9"
"GOBP_NEGATIVE_REGULATION_OF_CELL_CYCLE_G1_S_PHASE_TRANSITION",0.34504132231405,0.563653876848863,0.0343095321114226,0.280503857921619,1.06394158442604,44,"Ctdspl/Fbxo31/Ctdsp2/Brd7/Susd2/Dact1/Cdk2ap2/Fam107a/Sox2/Tmsb4x/Rpa2/Ctdsp1/Muc1/Cdkn2b/Apbb1/Rps27l"
"GOBP_CHROMOSOME_SEPARATION",0.345549738219895,0.564038123975858,0.0290402386662062,-0.278362329875142,-1.06641498231177,58,"Bub1/Dusp1/Tpr/Ncapg/Smc4/Bub1b/Cenpf/Knl1/Smarcad1/Cdc23/Ncapg2/Gen1/Cdc16/Ccnb1/Ncapd2/Rb1/Dync1li1"
"GOBP_RELAXATION_OF_MUSCLE",0.345647007993087,0.564038123975858,0.033062603097702,0.339171436654639,1.07269425673793,21,"Atp1a2/Atp2a1/Hrc/P2rx4/Abcc8/Kbtbd13/Pln/Actn3/Gstm7"
"GOBP_CHONDROCYTE_DIFFERENTIATION",0.34694589877836,0.565854451944352,0.0289672774399414,-0.276444472893103,-1.06489158460719,60,"Ctnnb1/Serpinh1/Col3a1/Tgfbr2/Glg1/Rflnb/Gpld1/Tgfbr1/Acvrl1/Bmpr1b/Ext2/Bmp2/Trps1/Tgfbi/Loxl2/Runx1/Efemp1/Slc26a2/Atf2/Runx2"
"GOBP_RESPONSE_TO_COLD",0.347308678139875,0.566142893434647,0.0298220139040204,-0.337793246000228,-1.07394282964954,25,"Hsp90aa1/Hspd1/Plac8/Lipa"
"GOBP_POSITIVE_REGULATION_OF_STRIATED_MUSCLE_CELL_DIFFERENTIATION",0.347620073228516,0.566347310316122,0.0328914114303759,0.361380192307124,1.07710246428473,17,"Cav3/Mmp14/Hopx/Actn3/Mesp1/Smyd1/Akap6/Mylk3/Tbx1"
"GOBP_POSITIVE_REGULATION_OF_TORC1_SIGNALING",0.348146493970523,0.566901643925263,0.0335763082792088,0.297914840745359,1.06666898310892,34,"Rnf167/Gpr137/Pih1d1/Rbx1/Lamtor2/Otub1/Lamtor1"
"GOBP_BEHAVIOR",0.348528983396446,0.567221140802875,0.0257260409444,-0.211471522137757,-1.04217336394442,328,"Thbs1/Lrrk2/App/Picalm/Lepr/Selenop/Fos/Hexb/Fosb/Slc1a3/Mme/Itgb1/B4galnt1/Adcy3/Egr2/Acvr2a/Rcan1/Ace2/Crbn/Fxr1/Vps13b/Tmem63b/Nedd9/Eps8/Arcn1/Pafah1b1/Fgf2/Plcb1/Casp3/Ppt1/Slc7a11/Scn3a/Hmgcr/Eif4e/Tbce/Braf/Glp1r/Fig4/Btg2/Shank3/Rag1/Man2b1/Nr4a2/Abca2/Pcdh17/Grp/Creb1/Slc24a4/Ankfn1/Gdnf/Negr1/Lrrn4/Arc/B2m/Ttc21b/Homer1/Vps13a/Sgk1/Prkaa1/Zfx/Hipk2/Bloc1s6/Arf4/Itga8/Mtor/Wdr47/Specc1/Srf/Lcn2/Gnat1/Gcnt4/Npc1/Psen1/Pirb"
"GOBP_POSITIVE_REGULATION_OF_PROTEIN_BINDING",0.349953488372093,0.569233787357678,0.0299781633235894,-0.380541200800079,-1.08165438600132,16,"Usp33/Rapgef2/Dtx3l"
"GOBP_MULTICELLULAR_ORGANISMAL_LEVEL_IRON_ION_HOMEOSTASIS",0.350139534883721,0.569233787357678,0.0299683501934778,-0.380517204380548,-1.08158617832136,16,"Picalm/Slc11a1/Fbxl5/B2m/Rhag"
"GOBP_REGULATION_OF_PROTEIN_LOCALIZATION_TO_MEMBRANE",0.350394334460003,0.569344049322684,0.0273526093026244,-0.23791806398829,-1.04865251260556,130,"Itgb2/Prkch/Picalm/Cltc/Slc5a3/Itgb1/Numb/Traf6/Gpc3/Slc7a11/Crk/Tnfaip6/Arf6/Rac1/Kif5b/Zdhhc5/Itgam/Prkci/Epha2"
"GOBP_COLLAGEN_CATABOLIC_PROCESS",0.350916157690172,0.56988784008884,0.0298317197809657,-0.349943370289177,-1.07589304067977,22,"Itgb1/Mmp28/Mmp19/Vsir/Ctss/Adamts2/Mmp2/Adamts3"
"GOBP_POSITIVE_REGULATION_OF_DEVELOPMENTAL_GROWTH",0.351200541088941,0.570045654379439,0.0281818787673615,-0.254841091131637,-1.05269658785301,88,"Gpam/Ppib/Pafah1b1/Fgf2/Nipbl/Plcb1/Agrn/Nrg1/Serp1/Plaa/Cdkl5/Creb1/Slc23a2/Pak1/Vegfa/Rbpj/Tnfrsf12a/Ghr/Pim1/Macf1/Sash3/Wt1/Srf/Ccnb1/Pls1/Pum2/Rims1/Mtm1/Shtn1/Limk1/Fn1/Sema4d"
"GOBP_MATURE_B_CELL_DIFFERENTIATION",0.35228722434846,0.571216706535874,0.0294772435264845,-0.3344756440973,-1.07369665295342,26,"Dock11/Nfkbiz/Cr1l/Plcg2/Xbp1/Dock10/Spi1/Taok3/Pou2af1/Fcgr2b/Ptk2b/Cd19/Adam10"
"GOBP_REGULATION_OF_LYMPHOCYTE_APOPTOTIC_PROCESS",0.35229720028715,0.571216706535874,0.0291966379375075,-0.304264630163355,-1.06715153935234,39,"Gpam/Arg2/Adam8/Lyn/Dock8/Slc39a10/Il7r"
"GOBP_REGULATION_OF_T_CELL_APOPTOTIC_PROCESS",0.352865775498993,0.571771753875144,0.0295340864466303,-0.329134433106044,-1.07098424962559,28,"Gpam/Arg2/Adam8/Dock8/Il7r/Rag1"
"GOBP_REGULATION_OF_NUCLEAR_TRANSCRIBED_MRNA_CATABOLIC_PROCESS_DEADENYLATION_DEPENDENT_DECAY",0.353116279069767,0.571771753875144,0.0298123151023384,-0.379665100816414,-1.07916415002184,16,"Dhx9/Zfp36l2/Zfp36/Paip1/Hnrnpu/Csde1/Zfp36l1/Cnot7/Ago2"
"GOBP_POSITIVE_REGULATION_OF_STEM_CELL_POPULATION_MAINTENANCE",0.353202846975089,0.571771753875144,0.0332110228050252,0.300008237217374,1.05909489472768,32,"Lbh/Sap30l/Brms1/Suds3"
"GOBP_REGULATION_OF_SIGNAL_TRANSDUCTION_BY_P53_CLASS_MEDIATOR",0.353764725968926,0.5723770406883,0.0282247703314138,-0.266482123605351,-1.05421345235844,68,"Mdm2/Pla2r1/Ddx5/Rffl/Atr/Ifi205/Rrm2b/Dyrk1a/Cops3/Rrs1/Trim24/Usp15/Ubb/Sgk1/Hipk2/Kmt5a/Mtor/Pmaip1/Aars"
"GOBP_ADIPOSE_TISSUE_DEVELOPMENT",0.354775828460039,0.573708124089654,0.0288405625611997,-0.297708613095237,-1.06654959068263,43,"Slc25a25/Vps13b/Lipa/Sorl1/Arid5b/Klf7/Zfp516/Rasal2/Ubb/Abhd15/Sh3pxd2b/Prkaa1/Spg20/Xbp1/Lrp5/Atf2/Spi1/Pum2"
"GOBP_REGULATION_OF_CENTROSOME_CYCLE",0.355531686358754,0.574625257411044,0.0289854798089291,-0.307803806502878,-1.06267717776922,36,"Xpo1/Ccnl1/Chordc1/Rock2/Pdcd6ip/Plk4/Tmem67/Cenpj/Gen1/Spice1/Alms1/Trim37/Cep76/Cep295nl/Chmp2b/Chmp1b/Nubp1"
"GOBP_REGULATION_OF_CALCIUM_ION_TRANSMEMBRANE_TRANSPORT",0.357541899441341,0.577487926843234,0.0356460880400026,0.232977997669633,1.03984428003071,100,"Thy1/Psen2/Atp1a2/Prkaca/Vdac1/Tmem38a/Ucp2/Spg7/Rem1/Bax/Atp2a1/Hrc/P2rx4/Grin1/Kcnn4/Casq1/Pln/Ank2/Trdn/Gstm7/Ppp3ca/Adcyap1r1/Hap1/Akap6/Snca/Tmbim6/Prkce"
"GOBP_POSITIVE_REGULATION_OF_B_CELL_ACTIVATION",0.357682177348551,0.577487926843234,0.0285290358596046,-0.288018191529174,-1.05959000186817,48,"Tlr4/Ptprc/Bst1/Slc39a10/Tnfsf13b/Rif1/Vav3/Kmt5b/Bmi1/Xbp1/Sash3"
"GOBP_NEGATIVE_REGULATION_OF_NERVOUS_SYSTEM_DEVELOPMENT",0.357985257985258,0.577670964793381,0.0349412990575916,0.246129971422465,1.04720433259001,77,"Spp1/Nfatc4/Sema6c/Thy1/Id4/Cdk5/Sox10/Mt3/Idh2/Dynlt1b/Wnt7a/Abcc8/Id2/Ptn/Gata2/Ppp3ca/Dpysl5/Nrp1/Sox11/Ctdsp1/Bmp7/Syngap1/Mag/Trim11/Nr1d1/Ntrk3/Fgf13/Hes1"
"GOBP_HEPARAN_SULFATE_PROTEOGLYCAN_BIOSYNTHETIC_PROCESS",0.358842914683266,0.578135227084737,0.0292244316056432,-0.335321184689205,-1.06608342881526,25,"Ndst1/Ctnnb1/Hs6st1/Csgalnact1/Ext2/Hs2st1/Hs6st3/Xylt1"
"GOBP_SYNAPTIC_VESICLE_MATURATION",0.358990944372574,0.578135227084737,0.0322849878496221,0.346122263551018,1.06782263113129,19,"Rab3a/Atp6v1f/Syp/Atp6v1g1/Snapin"
"GOBP_REGULATION_OF_SUPRAMOLECULAR_FIBER_ORGANIZATION",0.359181234125205,0.578135227084737,0.0256485417185454,-0.216703123705737,-1.03943107717327,248,"Hspa8/Hspa1b/App/Capza1/Washc4/Washc2/Hspa1a/Tmod3/Smad4/Colgalt1/Plek/Mid1/Actg1/Rhoa/Sptan1/Eps8/Swap70/Rock2/Was/S1pr1/Ocln/Phldb2/Arf6/Rac1/Cyfip2/Tpx2/Rock1/Braf/Rasa1/Wasf2/Tgfbr1/Shank3/Dyrk1a/Map2/Baiap2l1/Rdx/Slit2/Tesk1/Diaph3/Camsap2/Prkd1/Pak1/Atxn7/Nckap1/Aebp1/Sptbn1/Arhgap28/Haus6/Tmeff2/Tjp1/Hdgfl3/Cgnl1/Cdc42/Mtor/Ppp2ca/Wdr47/Tbcd/Arhgef18/Arhgef5/Dlg1/Alox15/Akap13/Togaram1/Psen1/Slain1/Synpo/Prex1/Ccdc88c/Chrna7/Dstn/Ckap2/Rb1/Alms1/Pxn"
"GOBP_FOREBRAIN_GENERATION_OF_NEURONS",0.359183673469388,0.578135227084737,0.0286438814771541,-0.29874532136159,-1.06579680142405,42,"Scyl2/Rhoa/Rapgef2/Pafah1b1/Robo2/Rac1/Shank3/Zdhhc16/Ubb/Slit2/B2m/Robo1/Psen1/Mettl3"
"GOBP_REGULATION_OF_BONE_REMODELING",0.359392164042475,0.578135227084737,0.0291966379375075,-0.335240200072012,-1.06582595519796,25,"Lepr/Tnfaip3/Adam8/S1pr1"
"GOBP_SPERM_EGG_RECOGNITION",0.359412146098984,0.578135227084737,0.0323082766086448,0.366530395822816,1.0694056985447,16,"Tmem81/Aldoa/Vdac2/Pcsk4/Cd9/1700029I15Rik"
"GOBP_XENOBIOTIC_METABOLIC_PROCESS",0.36066339640271,0.579816024337846,0.0337690249768445,0.270266894767376,1.04967781728936,49,"Cyp2a5/Cyp2u1/Guk1/Gstm2/Grin1/Cbr1/Gstm7/Nr1i2/Cyp46a1/Fmo4/Prkce/Rorc/Cyp2d22/Gstm4/Gsto1/Ephx1/Cmbl/N6amt1/Slco2b1"
"GOBP_EPITHELIAL_CELL_DIFFERENTIATION_INVOLVED_IN_KIDNEY_DEVELOPMENT",0.360837887067395,0.579816024337846,0.0290310963363371,-0.324588902239627,-1.06708837843122,29,"Ctnnb1/Prkx/Cd24a/Iqgap1/Gdnf/Jag1/Wt1"
"GOBP_PROTEOGLYCAN_BIOSYNTHETIC_PROCESS",0.361040167169724,0.579835078603275,0.0336274432455028,0.271899553816023,1.0531540974365,48,"Cytl1/Mustn1/Chst12/Vangl2/Chpf/Chst14/B3gat3/Xylt2/B4galt4/Ndst4/B4galt7/Glce/Tcf7l2"
"GOBP_POSITIVE_REGULATION_OF_BINDING",0.36231884057971,0.581354498866253,0.0284151918036318,-0.293165436603063,-1.06232428222808,45,"Usp33/Cln5/Rapgef2/Cebpg/Ripor2/Dtx3l/Ifi205/Dph3/Ncbp1/Sox7/Ralb/Eif4g1/Rb1/Ifng"
"GOBP_PROTEIN_DESTABILIZATION",0.362368091575747,0.581354498866253,0.0286261470897588,-0.305032533913823,-1.05875270561038,37,"Rnf139/Mdm2/Cdc73/Ifi205/Senp2/Bmp2/Irgm1/Irgm2/Mtor/Xbp1/Ccdc88c/Klf1/Htt/Pex2"
"GOBP_CAMERA_TYPE_EYE_MORPHOGENESIS",0.362946729602158,0.581976193595877,0.0275468277926559,-0.258020052471851,-1.0458521707198,77,"Tspan12/Ctnnb1/Adamts9/Kdm2b/Cited2/Fat3/Rp1/Fzd5/Sp3/Col8a2/Epha2/Yy1/Crb1/Aqp1/Vegfa/Jag1/Hipk2/Frs2/Lrp5/Ift122/Man2a1/Gnat1"
"GOBP_GLYCOPROTEIN_BIOSYNTHETIC_PROCESS",0.363607694733523,0.582729173928198,0.0263563597196709,-0.226326676013414,-1.04001270786668,177,"Ndst1/Ctnnb1/Il33/Stt3a/Colgalt1/Pgm3/Golph3/Hs6st1/Plcb1/Gcnt1/St8sia6/B3gnt5/B4galt3/B3gnt9/Tmtc3/Alg11/Csgalnact1/St3gal6/Chsy3/Serp1/Bmpr1b/Ext2/Edem3/Fam20b/Alg10b/Abca2/Hs2st1/Mgat2/St3gal2/Hs6st3/B3gnt3/Galnt6/B4galt5/St8sia4/Gfpt1/Plod2/Man1a/Galnt5/Xylt1/Rft1/Chpf2/Chp1/Man2a1/Fut4/Gcnt4/Npc1/Psen1/Trak2"
"GOBP_NEURAL_PRECURSOR_CELL_PROLIFERATION",0.364245061935052,0.583298223764471,0.0273606434308949,-0.251384213262625,-1.04763528837459,92,"Lrrk2/Ctnnb1/Itgb1/Numb/Kdm2b/Dock7/Rhoa/Pafah1b1/Lyn/Fgf2/Heatr1/Lrp2/Rab10/Vegfc/Orc3/Btg2/Lnx2"
"GOBP_MODIFIED_AMINO_ACID_TRANSPORT",0.364518491395093,0.583298223764471,0.0289400210909657,-0.334239261465345,-1.06264368067863,25,"Slc6a14/Slc38a2/Slc7a11/Lrp2/Slc16a9/Slc6a20a"
"GOBP_SULFUR_COMPOUND_CATABOLIC_PROCESS",0.364537444933921,0.583298223764471,0.0324018254719922,0.321045247382205,1.06350796259353,25,"Gpc1/Tst/Cdo1/Mlycd/Mpst/Acat1/Abcd1/Sucla2/Nudt19/Cbs/Fitm2/Ggt7"
"GOBP_DIOL_BIOSYNTHETIC_PROCESS",0.36480686695279,0.583422746781116,0.0292708849531796,-0.371687635059092,-1.07212968203068,17,"Asah2/Asah1/Gch1/Acer3/Abca2"
"GOBP_PROTEIN_TRANSMEMBRANE_TRANSPORT",0.365447929301681,0.583885560742541,0.0279106796688431,-0.278982492252269,-1.05513465247681,54,"Hsp90aa1/Hspd1/Sec61a1/Hspa4/Mcl1/Hspa5/Srp54a/Glp1r/Exoc4"
"GOBP_CELLULAR_COMPONENT_DISASSEMBLY_INVOLVED_IN_EXECUTION_PHASE_OF_APOPTOSIS",0.365973859010071,0.583885560742541,0.0317935593641976,0.348594397364976,1.06181717786209,18,"Endog/Bax/Acin1/Dffa/Blcap/Exog"
"GOBP_SYNAPTIC_VESICLE_RECYCLING",0.366107303238005,0.583885560742541,0.0337044940604929,0.264067394751456,1.04415525602122,54,"Rab3a/Sncg/Ap2s1/Vamp2/Park7/Cdk5/Ctbp1/Ap3s2/Slc2a4/Wnt7a/Pik3c3/Stx1a/Btbd8/Dnm2/Snca/Scrib"
"GOBP_VACUOLAR_LOCALIZATION",0.366108786610879,0.583885560742541,0.0279863826695388,-0.280350702344362,-1.05496534371905,53,"Apold1/Ndel1/Snap23/Myh9/Fgr/Lyn/Il4ra/Cd84/Kif5b/Adora2b/Cd300a/Grp/Pik3cg/Lat2/Rac2/Snx4"
"GOBP_NEGATIVE_REGULATION_OF_SUPRAMOLECULAR_FIBER_ORGANIZATION",0.366487016168545,0.583885560742541,0.0268254821211887,-0.243701821315783,-1.04407677768943,107,"Hspa8/Capza1/Washc2/Tmod3/Smad4/Mid1/Sptan1/Eps8/Swap70/Was/S1pr1/Phldb2/Tpx2/Wasf2/Shank3/Dyrk1a/Map2/Rdx/Slit2/Diaph3/Camsap2/Atxn7/Sptbn1/Arhgap28/Tmeff2/Tjp1/Hdgfl3/Cgnl1/Wdr47/Tbcd/Arhgef18"
"GOBP_PURINE_NUCLEOTIDE_CATABOLIC_PROCESS",0.366584766584767,0.583885560742541,0.0344580982777182,0.244806632811211,1.04157394991382,77,"Uchl1/Nudt3/Pfkm/Eno3/Prkaca/Pde9a/Ucp2/Bpgm/Tpi1/Aldoa/Galk1/Gpi1"
"GOBP_NEGATIVE_REGULATION_OF_CELLULAR_RESPONSE_TO_INSULIN_STIMULUS",0.366630276564774,0.583885560742541,0.028723985140975,-0.318171573709444,-1.06332113985579,31,"Il1b/Socs3/Ptpn1/Irs1/Tsc2/Prkaa1/Mtor/Fbxw8/Ptprj/Pip4k2a"
"GOBP_REGULATION_OF_CENTROSOME_DUPLICATION",0.366630276564774,0.583885560742541,0.028723985140975,-0.318135810253541,-1.06320161931455,31,"Xpo1/Chordc1/Rock2/Pdcd6ip/Plk4/Tmem67/Cenpj/Gen1/Spice1/Alms1/Trim37/Cep76/Cep295nl/Chmp2b/Chmp1b/Nubp1"
"GOBP_COLLAGEN_METABOLIC_PROCESS",0.367104111986002,0.584334564034174,0.0280032658187803,-0.284625377885468,-1.05605322096203,50,"Serpinh1/Itgb1/P3h2/Mmp28/Mmp19/Col1a1/Itga2/Ddr2/Vsir/Ctss/Adamts2/Mmp2/Runx1"
"GOBP_RETINA_MORPHOGENESIS_IN_CAMERA_TYPE_EYE",0.367704976727533,0.584985190248348,0.0283803619158179,-0.305042376431119,-1.05314347918179,36,"Tspan12/Fat3/Rp1/Crb1/Hipk2/Lrp5/Man2a1/Gnat1/Rpgrip1l/Arl6/Nectin3/Mfsd2a/Hipk1/Zhx2/Slc1a1/Ttc8/Impg2/Stat3"
"GOBP_DNA_REPLICATION_INITIATION",0.368180153789821,0.585435283702352,0.0287597447492941,-0.333243522900715,-1.05947793860311,25,"Orc4/Gmnc/Orc3/Topbp1/Mcm6/Ccne2/Noc3l"
"GOBP_REGULATION_OF_PROTEIN_TYROSINE_KINASE_ACTIVITY",0.368381804623415,0.58545020619953,0.029076871666459,-0.382411417544177,-1.06653544624601,15,"Nedd9/Socs4/Adam17/Ptpn1/Abi1"
"GOBP_INSULIN_RECEPTOR_SIGNALING_PATHWAY",0.370389170896785,0.588333346573141,0.0272565898399834,-0.255346257422116,-1.04036137282001,80,"Pik3c2a/Il1b/Socs3/Ndel1/Sik2/Sorl1/Gpld1/Ptpn1/Snx5/Irs1/Sorbs1/Pak1/Tsc2/Shc1/Ap3s1/Prkaa1/Mtor/Osbpl8/Sesn3/Cav2/Fbxw8/Stxbp4"
"GOBP_HEART_DEVELOPMENT",0.370845672918723,0.588751342042499,0.0404909326266485,0.191116453545631,1.02248078604448,372,"Tbx2/Mapk3/Nfatc4/Meis1/Id3/Efna1/Tnnt2/Pdlim4/Dhrs3/Sgcg/Hspb7/Pdlim3/Erbb2/Vangl2/Asb2/Myh11/Obsl1/Synpo2l/Smg9/Hey1/Vegfb/Nprl3/Ttn/Hexim1/Hdac3/Map2k2/Ndrg4/Sox18/Map2k5/Actn2/Myl7/Cluap1/Csrp3/Adam15/Fzd7/Tead2/Fzd2/Crip1/Tpm1/Creld1/Borcs8/Ccdc103/Mb/Rbm20/Sgcb/Acvr2b/Npy1r/Cav3/Cldn5/Pdlim2/Kcnj11/Mbd3/Gys1/Hopx/Sypl2/Tmem100/Wdr11/Pln/Ank2/Tbx5/Mesp1/Prickle1/Id2/Ccdc40/Lemd2/Neb/Alpk3/Emilin1/Smyd1/Rxrb/Tbx18/Bves/Mybpc3/Epor/Fhod3/Ryr1/Fgfrl1/Cby1/Nrp1/Smarcd3/Akap6/Sox11/Gata3/Foxc1/Fgfr1/Mylk3/Axin2/Msx1/Tbx1/Bmp7/Osr1/Ascl1/Prmt1/Mbd2/Ovol2"
"GOBP_OVARIAN_FOLLICLE_DEVELOPMENT",0.371107892831282,0.58886062202775,0.0284151918036318,-0.310606628256774,-1.0587910744419,34,"Smad4/Mmp19/Inhbb/Tnfaip6/Rac1/Kitl/Bmpr1b/Vegfa/Mmp2/Zfx/Ereg/Esr1"
"GOBP_BLASTOCYST_DEVELOPMENT",0.371632191899878,0.589385429341213,0.0276697192756243,-0.269718078342506,-1.04664362111667,62,"Ndel1/Skil/Cited2/Phf6/St8sia6/Gabpa/Rtn4/N4bp2l2/Sp3/Tgfbr1/Cnot2/Ncapg2/Tm4sf1/Specc1/Srf"
"GOBP_POSITIVE_REGULATION_OF_BLOOD_CIRCULATION",0.372541743970315,0.590428344791116,0.0287866286767462,-0.353782520920891,-1.06255862557005,20,"Hsp90aa1/Ace2/Gch1/Ptpn1"
"GOBP_REGULATION_OF_VASOCONSTRICTION",0.372677595628415,0.590428344791116,0.0284501150212396,-0.321407720062185,-1.05663021887062,29,"Itgb1/Ace2/Rhoa/Atp2b1/Hrh2/Fga/Mmp2/Fgg/Arhgap42/Bdkrb2/Apln/Map2k1"
"GOBP_REGULATION_OF_CANONICAL_WNT_SIGNALING_PATHWAY",0.373700207966725,0.59174057891767,0.0261354403230065,-0.231005451417652,-1.03777040322384,150,"Lrrk2/Arntl/App/Ddx3x/Ctnnb1/Usp34/Wls/Smad4/Rnf146/Scel/Scyl2/Smurf2/Cdk14/Col1a1/Fgf2/Kpna1/Gpc3"
"GOBP_EMBRYONIC_HEMOPOIESIS",0.374139534883721,0.591799784979006,0.0287597447492941,-0.373812605924573,-1.06252895584181,16,"Tgfbr2/Sh2b3/Kitl/Vegfa/Med1/Kdr/Tal1/Stk3/Thoc5"
"GOBP_EPITHELIAL_TUBE_BRANCHING_INVOLVED_IN_LUNG_MORPHOGENESIS",0.374299266925399,0.591799784979006,0.0314827597042554,0.369600431846317,1.06119086934155,15,"Tbx2/Nkx2-1/Vangl2"
"GOBP_SYNAPTIC_VESICLE_LOCALIZATION",0.374320652173913,0.591799784979006,0.0324253117366674,0.288562768450845,1.04531699676346,36,"Rab3a/Pink1/Cdk5/Ctbp1/Ap3s2/Slc2a4/Snapin/Bloc1s2/Btbd8/Dnm2/Snca/Borcs5/Tmem230"
"GOBP_REGULATION_OF_PROTEIN_LOCALIZATION_TO_CELL_SURFACE",0.374791782343143,0.592237144387581,0.0286350112764332,-0.343113174240158,-1.05489375616826,22,"Picalm/Ctnnb1/Hsp90ab1/Arf6/Tyrobp/Abca2/Astn2"
"GOBP_HEMATOPOIETIC_OR_LYMPHOID_ORGAN_DEVELOPMENT",0.375043630017452,0.59232772479416,0.0275794844392981,-0.273417683503583,-1.04747188402966,58,"Ptprc/Ctnnb1/Cited2/Il7r/Nfkbiz/Lipa/Adam17/Braf/Tgfbr1/Rag1/Pkn1/Ripk3/Srf/Lrp5/Psen1/Rcbtb2/Six4/Bcl2l11/Ccnb2/Zbtb1/Map2k1/Spns2"
"GOBP_NEGATIVE_REGULATION_OF_MUSCLE_CELL_APOPTOTIC_PROCESS",0.377551020408163,0.595978671406354,0.0285466388270098,-0.352467430572254,-1.05860885272737,20,"Bag3/Jak2/Ppp1r10/Nrg1/Slc7a5/Zc3h12a"
"GOBP_FAT_SOLUBLE_VITAMIN_METABOLIC_PROCESS",0.378076062639821,0.596498243905832,0.0286084367290118,-0.357771393869325,-1.05850819907216,19,"Pltp/Lipa/Lrp2/Cyp4f18"
"GOBP_NEGATIVE_REGULATION_OF_ORGANELLE_ORGANIZATION",0.378528528528529,0.596902832402573,0.0248525597253793,-0.216178559922635,-1.0325012716389,241,"Lrrk2/Capza1/Hgf/Washc2/Hspa1a/Rps6ka2/Tom1l1/Tmod3/Smad4/Bub1/Dusp1/Mid1/Atrx/Tpr/Sptan1/Eps8/Scfd1/Swap70/Smarca5/Was/S1pr1/Luzp1/Phldb2/Tpx2/H3f3a/Smcr8/Slc25a5/Wasf2/Shank3/Dyrk1a/Becn1/Bub1b/Map2/Cenpf/Rdx/Knl1/Tmem67/Slit2/Tesk1/Diaph3/Camsap2/Atxn7/Odf2l/Slx4/Sptbn1/Arhgap28/Tmeff2/Tjp1/Hdgfl3/Cgnl1/Huwe1/Mtor/Wdr47/Tbcd/Arhgef18/Tnks2/Sox7"
"GOBP_TRANSCRIPTION_BY_RNA_POLYMERASE_I",0.378983172216255,0.597310434471271,0.0278437578519039,-0.302732577581492,-1.04516901469864,36,"Sf3b1/Dek/Dedd/Smarca5/Pwp1/Heatr1"
"GOBP_EPIGENETIC_PROGRAMMING_OF_GENE_EXPRESSION",0.379568884723524,0.597924083798826,0.0286350112764332,-0.362454889106109,-1.05552460450789,18,"Ddb1/Arid4b/Kdm1b/Arid4a/Zfp445/Eed/Dcaf13/Morc1"
"GOBP_POSITIVE_REGULATION_OF_MEMBRANE_PERMEABILITY",0.381497797356828,0.600651909488905,0.0315267296529834,0.317401287715087,1.0514368288423,25,"Slc25a4/Siva1/Spg7/Bax/Ppif/Ier3/Vdac2/Bloc1s2/Bnip3/Mylk3/Jam3"
"GOBP_PEROXISOMAL_TRANSPORT",0.382276843467012,0.601567435843437,0.0310826254028964,0.367130647031426,1.05409966254368,15,"Pex14/Pex6/Abcd4/Pex19/Pex10/Abcd1/Pex5l"
"GOBP_VISUAL_BEHAVIOR",0.382535460992908,0.60160785679125,0.0315929510044103,0.301587665837312,1.03785981017797,29,"Pianp/Atp1a2/Ddhd2/Cdk5/Ndrg4/Abcc8/Grin1/Pln"
"GOBP_SYNAPTIC_VESICLE_PRIMING",0.382697674418605,0.60160785679125,0.0283543004756709,-0.371402467388966,-1.05567835224769,16,"Snap23/Snap29/Cadps2"
"GOBP_NEGATIVE_REGULATION_OF_INFLAMMATORY_RESPONSE_TO_ANTIGENIC_STIMULUS",0.382942830365511,0.601682620465934,0.028476368955706,-0.361675450253773,-1.05325475821508,18,"Fgr/Lyn/Il12b/Fyn/Gnas/Hck/Furin/Fcgr2b/Yes1"
"GOBP_POSITIVE_REGULATION_OF_D_GLUCOSE_IMPORT",0.383482475764355,0.602107196544642,0.0283543004756709,-0.356457177492464,-1.05461993736622,19,"Gpc3/Ocln/Prkci/Irs1/Sorbs1/Osbpl8"
"GOBP_C4_DICARBOXYLATE_TRANSPORT",0.383803575274607,0.602107196544642,0.0309870513509388,0.352364237467853,1.05023019131022,17,"Slc25a10/Ucp2/Slc25a22"
"GOBP_SEQUESTERING_OF_CALCIUM_ION",0.38380626223092,0.602107196544642,0.0334492751193387,0.242934477210734,1.03201617620258,76,"Thy1/Slc8b1/Atp1a2/Prkaca/Mcoln1/Tmem38a/Nol3/Bax/Gp9/Hrc/Casq1/Pln/Ank2/Trdn/Gstm7/Ryr1/Hap1/Akap6/Snca/Plcb3/Prkce"
"GOBP_MITOTIC_SISTER_CHROMATID_SEPARATION",0.38401559454191,0.602125378671533,0.0274331775259348,-0.292530933948573,-1.04800040758327,43,"Bub1/Dusp1/Tpr/Bub1b/Cenpf/Knl1/Cdc23/Gen1/Cdc16/Ccnb1/Rb1/Dync1li1"
"GOBP_NEUROTRANSMITTER_UPTAKE",0.38477176122713,0.603000521326099,0.0281391283563715,-0.336841380016915,-1.04742837607323,23,"App/Slc1a3/Itgb1"
"GOBP_CYTOSKELETON_DEPENDENT_INTRACELLULAR_TRANSPORT",0.385515141804198,0.603854736005032,0.0256345020849711,-0.231407382845821,-1.03021915138708,140,"Bag3/App/Ndel1/Hspb1/Rab1a/Actn4/Pafah1b1/Copg2/Ccdc186/Kif3b/Kif3a/Kif16b/Kif5b/Myo19/Map2/Dst/Fnbp1l/Ubb/Wasl/Ift88/Ttc21b/Ccdc88b/Wdr35/Ap3s1/Bloc1s6/Cdc42/Arhgap21/Syne2/Tuba1c/Armcx3/Dync2h1/Ift122/Bicd2/Ttc21a/Trak2/Ccdc88c/Rpgr/Pura/Kif4/Actr10/Klc3/Hnrnpu/Bicd1/Hook1/Map2k1/Htt/Myo5a/Ift74"
"GOBP_REGULATION_OF_MUSCLE_SYSTEM_PROCESS",0.386550172094255,0.605164665309514,0.0348992411072775,0.219665835495729,1.02617280629235,132,"Dmpk/Myl9/Tnnt2/Atp1a2/Prkaca/Pde9a/Tmem38a/Nol3/Tnnt3/Rem1/Ormdl3/Dapk3/Tpm1/Atp2a1/Hrc/P2rx4/Cav3/Abcc8/Kbtbd13/Casq1/Pln/Setd3/Actn3/Trpv4/Ank2/Agt/Chrm2/Trdn/Mybpc3/Gstm7/Dsc2/Ppp3ca/Adra2a"
"GOBP_SKELETAL_MUSCLE_CELL_DIFFERENTIATION",0.386867790594499,0.605299901588877,0.0273285370266105,-0.293103356642718,-1.04566866042517,42,"Arntl/Fos/Egr2/Cited2/Ddx5/Maff/Nr4a1/Akirin1/Btg2"
"GOBP_CELLULAR_RESPONSE_TO_RETINOIC_ACID",0.387228260869565,0.605299901588877,0.0317711239893025,0.285737355324302,1.03508195369151,36,"Ndufa13/Twf2/Fzd7/Tead2/Wnt9a/Rxrb/Serpinf1/Tbx1/Osr1/Htra2/Ntrk3/Wnt2/Wnt11/Tesc/Yap1"
"GOBP_NEGATIVE_REGULATION_OF_MRNA_METABOLIC_PROCESS",0.387424633936262,0.605299901588877,0.0267870022009905,-0.264254231831708,-1.03833437182026,66,"Rnps1/Dhx9/Zc3h14/Ptbp1/Slc11a1/Fxr1/Dyrk1a/Srsf4/Apobec1/Myd88/Zfp36/Gdnf/Igf2bp2/Paip1/Nbas/Mettl16/Hnrnpc/Srsf10/Hnrnpu/Tent5a/Csde1/Noct"
"GOBP_AMINOGLYCAN_BIOSYNTHETIC_PROCESS",0.387431693989071,0.605299901588877,0.0277605897779291,-0.31811349761561,-1.04580043860256,29,"Il1b/Cltc/B3gnt9/Csgalnact1/Chsy3/Ext2/B3gnt3/B4galt5/Galnt5/Xylt1/Chpf2"
"GOBP_CYTOPLASMIC_TRANSLATIONAL_INITIATION",0.388207288042483,0.606200611327877,0.0278187511834534,-0.321096324463788,-1.04482871290038,28,"Eif3a/Eif5/Sh3bgrl/Ythdf2/Ncbp1/Mtor/Eif3l/Eif3j1/Mettl3/Eif4g1/Eif3m"
"GOBP_TRNA_METABOLIC_PROCESS",0.388654353562005,0.606482388159919,0.0347183931048166,0.219149245829707,1.0261864193214,133,"Lage3/Rpp25l/Tsen34/Polr2e/Pop7/2210016F16Rik/Dus3l/Trub2/Pop4/Trpt1/Tsen54/Rpp21/Gatb/Zbtb8os/Tsen15/Exosc2/Trmt112/Exosc8/Dtd2/Ankrd16/Gtf3c6/Tars2/Vars/Elp2/Ctu2/Trmt12/Trmt1/Dus2/Dus1l/Mtfmt/Nat10/Trit1/Qtrt1/Dtd1/Rpusd4/Dtwd1/Tsen2/Akt1"
"GOBP_NEGATIVE_REGULATION_OF_PHOSPHORUS_METABOLIC_PROCESS",0.388952443209675,0.606482388159919,0.0258182501296636,-0.241522587878253,-1.03148935548802,105,"Dnaja1/Ptprc/Samsn1/Prkch/Ceacam1/Dusp1/Plek/Lyn/Socs4/Taf7/Ptpn22/Ptpn1/Iqgap1/Zc3h12a/Abca2/Cd300a/Slit2"
"GOBP_NEGATIVE_REGULATION_OF_GLIOGENESIS",0.388985255854293,0.606482388159919,0.0308606593896151,0.334700345172403,1.04447042900368,20,"Id4/Sox10/Idh2/Abcc8/Id2/Sox11/Nr1d1/Ntrk3/Hes1"
"GOBP_SENSORY_PERCEPTION_OF_SMELL",0.389438328046277,0.606771404213859,0.0280965182557428,-0.363967945625773,-1.04986230642588,17,"Adcy3/Cnga2/Slc24a4/B2m/Syt10/Cfap69/Gnas/Ric8b"
"GOBP_SENSORY_SYSTEM_DEVELOPMENT",0.389569160997732,0.606771404213859,0.0244888046300317,-0.215687089048702,-1.02668296838899,234,"Tspan12/Slc25a25/Ctnnb1/Skil/Sema3a/Fos/Adamts9/Clic4/Tgfbr2/Kdm2b/Crybg3/Col4a1/Jun/Cited2/Fgf2/Nipbl/C3/Fat3/Cep290/Rp1/Fzd5/Sp3/Mertk/Dram2/Col8a2/Tgfbr1/Fbn1/Itgam/Prkci/Zdhhc16/Epha2/Acvrl1/Yy1/Bmpr1b/Crb1/Gpd2/Aqp1/Sh3pxd2b/Vegfa/Jag1/Efemp1/Myh10/Hipk2/Frs2/Gpm6a/Gnb1/Wt1/Casp2/Srf/Kdm5b/Lrp5/Ift122/Dlg1/Man2a1/Gnat1/Psen1/Med1"
"GOBP_CELL_COMMUNICATION_INVOLVED_IN_CARDIAC_CONDUCTION",0.389945652173913,0.607047295945585,0.0316372773870905,0.285252176619181,1.03332439657611,36,"Atp1a2/Prkaca/Hrc/Ank2/Tbx5/Trdn/Tbx18/Dsc2/Kcnj3/Scn4b/Jup/Atp1b2/Kcna5/Ryr2"
"GOBP_REGULATION_OF_BONE_MINERALIZATION",0.390364860077931,0.607389370943945,0.0271375675079018,-0.289992167465435,-1.04452127284254,44,"Ccr1/Alox5/Acvr2a/S1pr1/Ddr2/Rflnb/Atp2b1/Bmpr1b/Bmp2"
"GOBP_POSITIVE_REGULATION_OF_AXONOGENESIS",0.390816684192078,0.607541899441341,0.026933847286694,-0.283482038343721,-1.03924142014115,47,"Skil/Pafah1b1/Robo2/Nin/Braf/Nrd1/Cdkl5/Slit2/Pak1/Vegfa/Tnfrsf12a/Macf1/Robo1/Srf/Map2k1/Shtn1/Limk1/Fn1/Sema4d/Tiam1"
"GOBP_NEUROTRANSMITTER_RECEPTOR_INTERNALIZATION",0.390870449085197,0.607541899441341,0.0278604558742744,-0.334577915230651,-1.04038999722187,23,"Numb/Mdm2/Cblb/Nrg1/Arc/Rabep1/Usp32/Atad1/Rala"
"GOBP_POSITIVE_REGULATION_OF_TOR_SIGNALING",0.391061452513966,0.607541899441341,0.0321115619760952,0.268658691325283,1.03243644602341,47,"Rnf167/Gpr137/Pih1d1/Rbx1/Lamtor2/Otub1/Gas6/Lamtor1/Hdac3"
"GOBP_EXTRACELLULAR_MATRIX_ASSEMBLY",0.392454466608846,0.609395130455858,0.030693954458091,0.333808194839625,1.04168637259545,20,"Fkbp10/Myh11/Gas6/Mfap4/Efemp2/Agt/Prickle1/Emilin1"
"GOBP_REGULATION_OF_GENERATION_OF_PRECURSOR_METABOLITES_AND_ENERGY",0.392682926829268,0.609439098978146,0.0329401098856199,0.237863086422008,1.03002534987143,84,"Uchl1/Inpp5k/Park7/Prkaca/Pink1/Uqcc2/Chchd2/Shmt2/Khk/Il10rb/Ppif/Actn3/Trpv4/Ier3/Pfkfb1/Nop53/Etfrf1/Snca/Tigar/Ogt/Abcd1/Hdac4/Pik3ca/Gck/Akt1/Ak4/Prelid1/Gapdhs/Gcgr/Phlda2/Prkag3"
"GOBP_POSITIVE_REGULATION_OF_FILOPODIUM_ASSEMBLY",0.393300018508236,0.61008586671298,0.0277771806221799,-0.338295821909547,-1.04008291450916,22,"Fmr1/Dock11/Ripor2/Agrn/Tgfbr1/Fnbp1l/Wasl/Cdc42/Gpm6a/Srf"
"GOBP_CELLULAR_RESPONSE_TO_LIGHT_STIMULUS",0.394011976047904,0.610879056550849,0.0263786649336238,-0.261994157310616,-1.03438823064941,67,"Polk/Mme/Eif2s1/Mdm2/Ddb1/Atr/Rp1/Nedd4/Rhbdd1/Ppid/Polh/Yy1/Crb1/Pbk/Slc24a4/Aqp1/Mmp2"
"GOBP_PURINE_NUCLEOSIDE_MONOPHOSPHATE_METABOLIC_PROCESS",0.395176252319109,0.612066480514304,0.0277357434056359,-0.348186273480595,-1.04575072626221,20,"Magi3/Gda/Cask/Nt5c2/Adss/Mpp1/Dlg1"
"GOBP_NEGATIVE_REGULATION_OF_PROTEOLYSIS_INVOLVED_IN_PROTEIN_CATABOLIC_PROCESS",0.395179868864079,0.612066480514304,0.026933847286694,-0.290372751108835,-1.04026865605479,43,"Rybp/Wac/Usp25/Hsp90ab1/Lamp3/Tlk2/Pbk/Senp1/Usp14/Svip/Hipk2"
"GOBP_REGULATION_OF_POSTSYNAPTIC_DENSITY_ORGANIZATION",0.395429064251833,0.612141078112268,0.0304477002861874,0.36403729093557,1.0452180678222,15,"Lrrc4b/Prickle1/Fgfr1/Cfl1/Ptprs/Cdh2/Zmynd8"
"GOBP_REGULATION_OF_HORMONE_SECRETION",0.396833773087071,0.6140034751271,0.0342961022561559,0.21827312709337,1.02208391307942,133,"Spp1/Nnat/Vamp2/Vamp8/Slc8b1/Pick1/Pfkm/Prkaca/Gpr27/Cdk16/Ucp2/Slc25a22/Uqcc2/Stx4a/Hadh/Myrip/Nmb/Cry2/Mcu/Gabbr1/Abcc8/Kcnj11/Agt/C1qtnf12/Stx1a/Ndufaf2"
"GOBP_CERAMIDE_BIOSYNTHETIC_PROCESS",0.397449521785335,0.614643877011856,0.0268254821211887,-0.288846978520446,-1.04039642276497,44,"B4galnt1/Asah2/St8sia6/Asah1/B4galt3/St3gal2/Sgms1/B4galt5/Prkaa1/St8sia4"
"GOBP_SPERM_AXONEME_ASSEMBLY",0.397750702905342,0.614797406267394,0.0278021069074921,-0.357706216380379,-1.0416957362779,18,"Cfap206/Cfap44/Ccdc146/Spag16/Cfap69/Ttll5/Iqcg"
"GOBP_REGULATION_OF_SYNAPSE_MATURATION",0.399310790437217,0.616855493570552,0.030245880950138,0.347974314768625,1.03714591979226,17,"Nfatc4/Dab2ip/Arhgef15/Neurl1a/Igsf9"
"GOBP_REGULATION_OF_DNA_TEMPLATED_DNA_REPLICATION",0.399487367264738,0.616855493570552,0.0273125138759369,-0.326355155602732,-1.03757781846969,25,"Atrx/Mettl4/Gmnc/Senp2/Slfn9/Mcm6"
"GOBP_REGULATION_OF_PROTEIN_POLYMERIZATION",0.400097624471201,0.61748467638865,0.0252680562881312,-0.233796290307157,-1.02149006737846,123,"Hsp90aa1/Hspa1b/Capza1/Washc2/Hspa1a/Tmod3/Sptan1/Eps8/Ocln/Arf6/Rac1/Cyfip2/Rasa1/Dyrk1a/Map2/Baiap2l1/Rdx/Slit2/Camsap2/Pak1/Nckap1/Sptbn1/Arhgap28/Haus6/Mtor/Ppp2ca/Tbcd/Dlg1/Alox15/Togaram1/Slain1"
"GOBP_REGULATION_OF_SIGNALING_RECEPTOR_ACTIVITY",0.402500466504945,0.62087837918316,0.027514253748148,-0.360481715793533,-1.03980630743917,17,"Mink1/Socs4/Adam17/Dapk1/Grem2/Snx6/Ncoa3"
"GOBP_PROTEIN_LOCALIZATION_TO_CELL_JUNCTION",0.403070024146257,0.621442088449277,0.0261281423168739,-0.262816191768584,-1.02661571513623,64,"Sacm1l/Jak1/Hspb1/Nptx1/Traf6/Actg1/Kif3a/Kif5b/Mpp7/Neto2/Tjp1/Cgnl1/Arhgef18/Dlg1/Mapk9/Clstn1/Ildr1/Cdh5/Nectin3/Map2k1/Dlg4"
"GOBP_ANTIVIRAL_INNATE_IMMUNE_RESPONSE",0.40343347639485,0.621442088449277,0.0267333246595272,-0.300739652109743,-1.03393082038654,35,"Dhx15/Pde12/Traf6/Smarca5/Ifih1/Oas2/Tbk1/Serinc5/Ube2n/Oasl1"
"GOBP_NEGATIVE_REGULATION_OF_ORGANELLE_ASSEMBLY",0.403874004344678,0.621442088449277,0.0269260763455709,-0.304261341045814,-1.03716135745408,34,"Lrrk2/Smad4/Scfd1/Luzp1/Smcr8/Becn1/Tesk1/Odf2l/Usp10/Gdi2/Kif24/Trim37/Mtm1/Wdr44"
"GOBP_HEART_FORMATION",0.403989560029828,0.621442088449277,0.0274331775259348,-0.351487818173077,-1.03991751097372,19,"Ctnnb1/Robo2/Lrp2/Bmp2/Rbpj/Pim1/Robo1"
"GOBP_G0_TO_G1_TRANSITION",0.404051404922675,0.621442088449277,0.0302358693091482,0.317491888101996,1.0294891670163,23,"Brd7/Dab2ip/Foxo4/H2-M3/Bcl7b/Smarcd3/Lin37/Cdkn2b/Dpf2/Arid1a"
"GOBP_TRANSLATIONAL_ELONGATION",0.404344779257183,0.621442088449277,0.0315377442893679,0.264025767762347,1.0254381760351,49,"Abtb1/Eef2k/Mrpl58/Rplp2/Ddrgk1/Rnf25/Rplp1/Eefsec/Eif5a/Eef1a2/Trnau1ap/Ankzf1/Eif4a3/Mrpl44/Saysd1"
"GOBP_AXIS_ELONGATION",0.404366486284755,0.621442088449277,0.0274331775259348,-0.360083649987836,-1.03865809015822,17,"Areg/Tnc/Med12"
"GOBP_MRNA_CIS_SPLICING_VIA_SPLICEOSOME",0.404498594189316,0.621442088449277,0.0275061230988845,-0.355606759328711,-1.03558179316182,18,"Prpf40a/Snrnp200/Ddx23/Prpf39"
"GOBP_RESPONSE_TO_PAIN",0.405294556301268,0.62235094500119,0.0273767267763414,-0.37137453355549,-1.03575386533602,15,"Thbs1/Scn3a/Gch1"
"GOBP_RESPONSE_TO_FATTY_ACID",0.405797101449275,0.622808555399719,0.030881642894319,0.282411955040107,1.02303570996862,36,"Hmgcs2/Id3/Fabp3/Ucp2/Cav3/Ppp5c/Alad/Cdk4/Ffar2/Hes1/Insig2/Gldc/Pik3ca/Lpl"
"GOBP_REGULATION_OF_SODIUM_ION_TRANSMEMBRANE_TRANSPORT",0.406734603455915,0.623932930742197,0.0304273811995255,0.303728520048619,1.02552184804051,27,"Fxyd1/Fxyd6/Fxyd7/Commd1/Cav3/Agt/Osr1/Prkce/Atp1b2/Fgf13/Tesc/Ptpn3"
"GOBP_POSITIVE_REGULATION_OF_SIGNAL_TRANSDUCTION_BY_P53_CLASS_MEDIATOR",0.408324205914567,0.626055995473242,0.0301460999658088,0.314182375669901,1.02978496893255,24,"Rps15/Hexim1/Rpl11/Rpl37/Eif5a/Zfp385a/Rps20/Msx1/Dvl2/Ankrd1"
"GOBP_INSULIN_SECRETION",0.408691153647181,0.626303252569534,0.0333108482377352,0.223753374847453,1.01598576896991,111,"Nnat/Rab3a/Park7/Slc8b1/Pick1/Pfkm/Prkaca/Gpr27/Cdk16/Ucp2/Slc25a22/Uqcc2/Stx4a/Hadh/Myrip/Mcu/Acvr2b/Abcc8/Kcnj11/C1qtnf12/Stx1a/Ndufaf2/Adra2a/Tcf7l2/Cplx1/Prkce/Gnao1/Ffar2/Nr1d1/Eny2/Rapgef3/Kcna5/Mafa/Sybu/Hnf1b/Gck/Brsk2/Rab11fip5/Rbp4/Npff/Syt7"
"GOBP_SPLEEN_DEVELOPMENT",0.409955257270693,0.627914453785515,0.027177118944096,-0.349792956436068,-1.03490306578425,19,"Cited2/Nfkbiz/Lipa/Adam17/Pkn1/Ripk3/Rcbtb2/Bcl2l11"
"GOBP_CRANIAL_NERVE_MORPHOGENESIS",0.410204081632653,0.627914453785515,0.0270823998852187,-0.344317275065509,-1.03413048672193,20,"Sema3a/Egr2/Cited2"
"GOBP_CELLULAR_RESPONSE_TO_RADIATION",0.410361170125838,0.627914453785515,0.0249186479301224,-0.239188323380864,-1.02152023001988,105,"Polk/Spidr/Mme/Eif2s1/Mdm2/Nipbl/Ddb1/Atr/Ifi205/Rp1/Nedd4/Clock/Ect2/Rhbdd1/Ppid/Polh/Yy1/Tlk2/Crb1/Pbk/Slc24a4/Aqp1/Itgb6/Mmp2"
"GOBP_AXON_EXTENSION",0.41152192605331,0.629374316841954,0.0257260409444,-0.260801955711052,-1.02265711435454,65,"Sema3a/Rnf6/Itgb1/Sema6d/Pafah1b1/Rtn4/Map2/Cdkl5/Slit2/Pak1/Vegfa/Tnfrsf12a/Nrcam/Macf1/Srf/Dclk1"
"GOBP_POSITIVE_REGULATION_OF_ANIMAL_ORGAN_MORPHOGENESIS",0.412801484230056,0.631014317008293,0.0269727730438533,-0.343660232200193,-1.03215710894709,20,"Ctnnb1/Fgf2/Robo2/Bmp2/Gdnf/Robo1/Frs2"
"GOBP_POSITIVE_REGULATION_OF_CHROMOSOME_ORGANIZATION",0.413863752774458,0.632320686000113,0.025508845855239,-0.2576860208708,-1.01941573420146,68,"Hsp90aa1/Ctnnb1/Bub1/Atrx/Tpr/Ppp1r10/Ncapg/Smc4/Atr/Yy1/Kat5/Ncapg2/Slx4/Ino80c/Tnks2/Cct2/Tnks/Cct3/Ncapd2/Hnrnpa2b1/Fen1/Lig4/Smc5/Slf2/Tal1/Numa1/Cct8"
"GOBP_POSITIVE_REGULATION_OF_RNA_SPLICING",0.414225941422594,0.632512223011689,0.0299781633235894,0.297906679587608,1.01848620996711,28,"Cirbp/Habp4/Celf4/Rbm20/Slc39a5/Prdx6/Srsf5"
"GOBP_SEGMENTATION",0.414463316406934,0.632512223011689,0.0259111388210573,-0.274724300445499,-1.02289136727996,51,"Xrcc2/Smad4/Egr2/Med12/Fzd5/Nrarp/Sema3c/Nckap1/Abi1/Rbpj/Bmi1/Frs2/Wt1/Psen1"
"GOBP_REGULATION_OF_CELL_GROWTH",0.414612281488122,0.632512223011689,0.0232820004194105,-0.212122172870784,-1.01634606326096,246,"Hspa1b/Ddx3x/Rps6ka3/Hspa1a/Sema3a/Rnf6/Ceacam1/Smad4/Tnc/Kdm2b/Sema6d/S100a8/Pafah1b1/Dcun1d3/Vgll4/Cdc73/Ppt1/Itch/Crk/Jade3/Acsl4/Osgin1/Adam17/Rtn4/Eif4g2/Rerg/Pappa2/H3f3a/Nrg1/Tgfbr1/Map2/Acvrl1/Yy1/Plaa/Btg1/Cdkl5/Slit2/Slc23a2/Pak1/Vegfa/Sgk1/Tnfrsf12a/Nrcam/Spg20/Macf1/Ncbp1/Chpt1/Cdc42/Mtor/Uri1/Xbp1/Rbbp7/Wt1/Srf"
"GOBP_NEGATIVE_REGULATION_OF_MRNA_PROCESSING",0.415189401007651,0.633075476248521,0.0269727730438533,-0.357782836069904,-1.03202141284758,17,"Rnps1/Ptbp1/Dyrk1a/Srsf4"
"GOBP_MESODERM_DEVELOPMENT",0.415648336727766,0.633425024562432,0.0253363829372155,-0.254347746490524,-1.01846192840049,72,"Jak2/Wls/Itgb1/Smad4/Smad2/Acvr2a/Mest/Cited2/Itga2/Exoc4/Epha2/Ext2/Nckap1/Vegfa/Itga8/Ppp2ca/Srf/Eya2"
"GOBP_NEGATIVE_REGULATION_OF_MONOATOMIC_ION_TRANSMEMBRANE_TRANSPORT",0.415834687717669,0.633425024562432,0.030892146868861,0.263584805139652,1.02094841149559,48,"Atp1a2/Vdac1/Ucp2/Kcnh2/Commd1/Rem1/Cav3/Pln/Ppif/Agt/Ppp3ca/Wwp2/Tmbim6/Osr1/Prkce/Ywhae"
"GOBP_DETECTION_OF_STIMULUS_INVOLVED_IN_SENSORY_PERCEPTION",0.416219119226638,0.633693609022556,0.02621599740153,-0.293503702815141,-1.0250209441486,38,"Piezo2/Itga2/Crb1/Slc24a4/Ccdc66/Ano1/Wdr47/Gnat1/Fyn/Rtp4/Best1/Ephb1/Tnf/Plcb2/Ffar4/Adgrv1/Tas1r3/Grik2/Whrn"
"GOBP_OLIGODENDROCYTE_DEVELOPMENT",0.417589720868409,0.635462618712797,0.0299389540634201,0.301753754788642,1.0188541669201,27,"Eif2b4/Id4/Sox10/Plp1/Id2/Prdm8/Cntn1/Sox11/Mag/Ascl1"
"GOBP_INORGANIC_ION_HOMEOSTASIS",0.418461538461538,0.636413181410638,0.0363710691140797,0.19488269978743,1.01143775387402,279,"Bola2/Bola1/Dmpk/Smdt1/Tmem203/Ankrd9/Thy1/Slc8b1/Psen2/Pth1r/Atp1a2/Prkaca/Mcoln1/Tmem38a/Kcnh2/Nol3/Commd1/Hyal2/Fxn/Slc34a2/Csrp3/Fam20a/Kctd7/Bax/Slc12a9/Mt3/S100a14/Atp2a1/Mcu/Gp9/Hrc/Acvr2b/Cav3/Trf/Atp6v1g1/Cox10/Glul/Sypl2/Grin1/Mt1/Casq1/Pln/Trpv4/Ank2/Agt/Mecr/Epas1/Trdn/Gstm7/Ryr1/Bnip3/Hap1/Akap6/Ftl1/Fgfr1/Snca/Cd40/Plcb3/Micu1/Tmbim6/Prkce/Scara5/Ywhae/Scnn1g/Adora1/Cyba/Agtr1a/Cib2/Atp1b2/Kctd17/Dmtn/Kcna5/Ryr2/Ccdc115/Gsto1"
"GOBP_REGULATION_OF_INTEGRIN_MEDIATED_SIGNALING_PATHWAY",0.418734838589289,0.636413181410638,0.0268254821211887,-0.356794969518942,-1.02917192055547,17,"Bst1/Cd177/Lama2"
"GOBP_REGULATION_OF_OXIDATIVE_STRESS_INDUCED_INTRINSIC_APOPTOTIC_SIGNALING_PATHWAY",0.418841384416065,0.636413181410638,0.0266798722724349,-0.332927582107527,-1.02357838167883,22,"Ctnnb1/Hspb1/Mcl1/Fgf2/Ubqln1"
"GOBP_RNA_TEMPLATED_DNA_BIOSYNTHETIC_PROCESS",0.419441460794844,0.637007106294414,0.0260844424886475,-0.293002977462267,-1.02327223035372,38,"Hsp90aa1/Ctnnb1/Hsp90ab1/Atr/Tnks2/Sox7/Cct2/Tnks/Cct3/Hnrnpc/Hnrnpu/Xrcc5"
"GOBP_VASCULAR_ENDOTHELIAL_GROWTH_FACTOR_SIGNALING_PATHWAY",0.419836956521739,0.637289896614504,0.030245880950138,0.279965998460399,1.0141752460916,36,"Nr2f2/Vegfb/Cd63/Dab2ip/Vtn/Cadm4/Ccbe1/Emilin1/Nrp1/Foxc1"
"GOBP_RESPONSE_TO_X_RAY",0.420431115276476,0.637784432738843,0.0268331920539939,-0.351613019037926,-1.02395140475311,18,"Xrcc2/Nipbl/Casp3/Lcn2/Thbd/Lig4/Xrcc4/Xrra1/Ercc8/Brca2"
"GOBP_SYNAPTIC_MEMBRANE_ADHESION",0.420581655480984,0.637784432738843,0.0267333246595272,-0.367115986949866,-1.02387689018304,15,"Flrt3/Ptprf/Pcdh17"
"GOBP_MODIFIED_AMINO_ACID_METABOLIC_PROCESS",0.421130585040731,0.638298970357902,0.0318160314817552,0.232140415848325,1.01568574233633,90,"Gstm1/Slc25a42/Park7/Slc25a16/Hagh/Gstk1/Gpx1/Ckm/Shmt2/Gstm2/Lpcat4/Slc6a8/Ckmt2/Fpgs/Gstm7/Gata3/Crym/Pcyox1l/Mthfd1/Gstm4/Serinc2/Abhd16a/Mgst2/Mthfs/Gsto1/Ggt6/Mthfd1l"
"GOBP_CIRCADIAN_RHYTHM",0.422127798659912,0.639492112895239,0.0244504540047781,-0.237858034037499,-1.01583885955488,105,"Nfil3/Arntl/Top1/Sik1/Fxr1/Klf9/Top2a/Rock2/Ddb1/Clock/Dyrk1a/Becn1/Kat5/Setx/Phlpp1/Creb1/Ankfn1/Bhlhe40/Prkaa1/Gfpt1/Ppp1ca/Bloc1s6/Huwe1/Mtor/Mttp/Htr7/Ppp1cb/Ahr/Mybbp1a/Mettl3/Mapk9"
"GOBP_MESODERM_MORPHOGENESIS",0.422823571301406,0.639571751405848,0.0258538956274009,-0.286857702989482,-1.01769434788963,41,"Wls/Itgb1/Smad2/Itga2/Exoc4/Epha2/Ext2/Nckap1/Itga8/Srf/Eya2"
"GOBP_TRANSCRIPTION_PREINITIATION_COMPLEX_ASSEMBLY",0.422823571301406,0.639571751405848,0.0258538956274009,-0.28691423500923,-1.01789490836395,41,"Bdp1/Taf4b/Cand1/Nfkbiz/Dr1/Taf7/Med14/Creb1/Psmc6/Esr1/Taf6/Med1"
"GOBP_CALCIUM_DEPENDENT_CELL_CELL_ADHESION_VIA_PLASMA_MEMBRANE_CELL_ADHESION_MOLECULES",0.422867853795689,0.639571751405848,0.0267333246595272,-0.350964040898569,-1.02206148020121,18,"Selp/Dchs1/Fxyd5/Pcdhb4/Cdh5/Pcdhb3/Cdh11/Cdh1"
"GOBP_REGULATION_OF_MUSCLE_CELL_DIFFERENTIATION",0.423020527859238,0.639571751405848,0.0315377442893679,0.236581303741897,1.01364906879166,80,"Dmpk/Tnpo2/Hey1/Hdac3/Rbpms2/Fzd7/Rpl3l/Efemp2/Med28/Cav3/Plpp7/Mmp14/Hopx/Foxo4/Setd3/Actn3/Mesp1/Id2/Smyd1/Cdk9/Smarcd3/Akap6/Mylk3/Msx1/Tbx1"
"GOBP_MITOCHONDRIAL_FISSION",0.423477297895903,0.639944601534999,0.0296772696202792,0.305581893997976,1.02102445183879,26,"Inf2/Ucp2/Ddhd2/Pink1/Mcu/Cox10/Mapt/Bnip3"
"GOBP_ASSOCIATIVE_LEARNING",0.423839886645413,0.640174828787342,0.0257260409444,-0.284021167067076,-1.02301435770498,44,"App/Fos/Itgb1/Adcy3/Ppt1/Slc7a11/Hmgcr/Braf/Btg2/Rag1"
"GOBP_SPERMATID_DIFFERENTIATION",0.424242424242424,0.640187793313167,0.0243171512838986,-0.234683064616263,-1.01359011464909,113,"Fndc3a/Abhd2/Fxr1/Vps13b/Pafah1b1/Aff4/Cfap206/Ccr6/Cfap44/Dzip1/H3f3a/Rhbdd1/Agfg1/Sycp1/Kat5/Ccdc146/Cftr/Knl1/Kdm3a/Spag16"
"GOBP_CELLULAR_RESPONSE_TO_HYDROGEN_PEROXIDE",0.424268954648923,0.640187793313167,0.0255157938951184,-0.273078671551822,-1.01676413504619,51,"Tnfaip3/Mdm2/Il18rap/Ripk1/Oser1/Zfp277/Ect2/Becn1/Trpc6/Cat/Setx/Aqp1/Ripk3/Prkaa1"
"GOBP_DNA_REPAIR",0.424669350201265,0.640372589890568,0.0222842143447683,-0.202754867686301,-1.01007605627383,366,"Ube2d3/Xrcc2/Ccdc117/Dhx9/Ascc3/Dek/Polk/Rnf111/Spidr/Wdr48/Actr2/Fam111a/Fmr1/Tada2b/Vcpip1/Trip12/Atrx/Rad23b/Nabp1/Rev1/Pds5b/Nipbl/Smarca5/Was/Psmd14/Supt20/Cebpg/Dclre1c/Taf7/Ddb1/Morf4l2/Atr/Dtx3l/Tada1/Rif1/Rrm2b/Topbp1/Btg2/Ppp4r3a/Rfc4/Dclre1a/Nynrin/Smc6/Fan1/Tdg/Polh/Mcm6/Smchd1/Yy1/Sycp1/Rad18/Fanci/Kat5/Chaf1a/Pds5a/Esco2/Setx/Bach1/Epc2/Kmt5b/Smarcad1/Marf1/Spire1/Ttf2/Zfp365/Atxn7/Eid3/Aste1/Hltf/Recql/Slx4/Tex15/Ino80c/Pogz/Kmt5a/Huwe1/Uvrag/Eya2/Taf6/Gen1/Ercc6l/Mgme1/Ube2n/Usp10/Fancm/Ube2v2/Uhrf1/Ercc6l2/Fam168a/Dtl/Apex2/Ints3/Ooep/Inip/Fen1/Dot1l/Rev3l/Gtf2h2/Zbtb1/Lig4/Vcp/Senp3/Parg/Taok3/Kat7/Xrcc5/Hinfp/Smc5/Slf2/Dclre1b/Taf5l/Psme4/Rad54b/Parp4"
"GOBP_TRANSCRIPTION_BY_RNA_POLYMERASE_III",0.424812030075188,0.640372589890568,0.0258681820896116,-0.29486940701419,-1.01802181336375,36,"Sf3b1/Dek/Bdp1/Smarca5/Ice2"
"GOBP_NEGATIVE_REGULATION_OF_RNA_CATABOLIC_PROCESS",0.425319558746279,0.640820413845829,0.0254741631897063,-0.272779397032001,-1.01564983491957,51,"Dhx9/Zc3h14/Slc11a1/Fxr1/Apobec1/Myd88/Zfp36/Gdnf/Igf2bp2/Paip1/Nbas/Mettl16/Hnrnpc/Hnrnpu/Tent5a/Csde1/Noct/Trdmt1/Ireb2"
"GOBP_COTRANSLATIONAL_PROTEIN_TARGETING_TO_MEMBRANE",0.42753488372093,0.643839624594576,0.0264159276456378,-0.359529158012574,-1.02192953047406,16,"Sec61a1/Arl6ip1/Srp54a/Srp72"
"GOBP_ADULT_BEHAVIOR",0.428522688502218,0.644925337946397,0.0249120233414924,-0.253752959922098,-1.01157618611289,71,"App/Fosb/Eps8/Arcn1/Pafah1b1/Fgf2/Ppt1/Slc7a11/Tbce/Shank3/Nr4a2/Pcdh17/Gdnf/Homer1/Vps13a/Hipk2/Wdr47"
"GOBP_RESPONSE_TO_ARSENIC_CONTAINING_SUBSTANCE",0.429128014842301,0.644925337946397,0.0263044662674893,-0.339512873639843,-1.01970083609291,20,"Ddx3x/Zfand2a/Slc38a2/Atr/Zc3h12a/Cpox"
"GOBP_NEGATIVE_REGULATION_OF_RNA_SPLICING",0.429205996668517,0.644925337946397,0.0262601546166628,-0.33064656662187,-1.01656545074468,22,"Rnps1/Ptbp3/Ptbp1/Dyrk1a/Srsf4"
"GOBP_NEGATIVE_REGULATION_OF_MYELOID_CELL_DIFFERENTIATION",0.429215822345593,0.644925337946397,0.025166259973747,-0.266599614572073,-1.01530135387981,56,"Tlr4/Ctnnb1/Ceacam1/Cdc73/Lyn/Tnfaip6/Gabpa/Fstl3/Fbn1/Zfp36"
"GOBP_NEGATIVE_REGULATION_OF_CYTOKINE_PRODUCTION_INVOLVED_IN_IMMUNE_RESPONSE",0.429314830875976,0.644925337946397,0.0290402386662062,0.324960380341153,1.01407576287169,20,"Cuedc2/Bst2/H2-M3/H2-Q1/Apoa2/Nlrx1/Acp5"
"GOBP_CARBOHYDRATE_BIOSYNTHETIC_PROCESS",0.430322742056542,0.646120685188448,0.0316594945330265,0.228390875664731,1.01121557163697,95,"Pdk2/Chst12/Inpp5k/Slc25a10/Pth1r/Eno3/Prkaca/Chst14/Tpi1/St6galnac5/Gpi1/Mpdu1/Fut10/Gys1/C1qtnf12/Aldoc/Pfkfb1/Epm2a/Nans/Tcf7l2/B3galnt1/Adcyap1r1/Snca/Sirt7/Ogt/Wdr5/Mdh2/Nr1d1/Pgp/Sdhaf3/Mst1/Gck"
"GOBP_REGULATION_OF_NEURON_PROJECTION_DEVELOPMENT",0.431302270011947,0.647272258347156,0.022642745582532,-0.2096799424822,-1.01113753974786,261,"Lrrk2/Bmp5/Ndel1/Skil/Sema3a/Rnf6/Ptprg/Stk24/Sema6d/Mdm2/Rhoa/Rapgef2/Pafah1b1/Atf1/Lyn/Robo2/Crk/Arsb/Fat3/Caprin1/Kidins220/Adam17/Arf6/Rtn4/Ddr2/Nedd4/Nin/Tmem30a/Braf/Fig4/Ptpn1/Ptprf/Shank3/Prkci/Map2/Nrd1/Trpc6/Cdkl5/Setx/Slit2/Camsap2/Prkd1/Pak1/Rap2a/Zfp365/Negr1/Arc/B2m/Vegfa/Mboat1/Tnfrsf12a/Nrcam/Spg20/Macf1/Robo1"
"GOBP_METANEPHROS_DEVELOPMENT",0.431606672519754,0.647337307135673,0.0252748722149536,-0.275389617563073,-1.01313074649513,48,"Ctnnb1/Smad4/Pkd1/Robo2/Nipbl/Gpc3/Fbn1/Aqp1/Gdnf/Itga8/Wt1"
"GOBP_REGULATION_OF_ACTION_POTENTIAL",0.431972789115646,0.647337307135673,0.0255854864154333,-0.290893546572469,-1.01590533575737,38,"Cd36/Fmr1/Kcnj2/Cxadr/Cnr2/Calm1"
"GOBP_CELLULAR_RESPONSE_TO_UV",0.431983385254413,0.647337307135673,0.0250184407512458,-0.266666190975051,-1.01310940402647,55,"Polk/Mme/Eif2s1/Mdm2/Ddb1/Atr/Nedd4/Rhbdd1/Ppid/Polh/Yy1/Pbk/Aqp1/Mmp2"
"GOBP_POSITIVE_REGULATION_OF_ACTIVATED_T_CELL_PROLIFERATION",0.432558139534884,0.647879751541427,0.02621599740153,-0.358609607054694,-1.01931578897997,16,"Gpam/Icosl/Cd24a"
"GOBP_POSITIVE_REGULATION_OF_DNA_RECOMBINATION",0.433049946865037,0.648297486825978,0.0253638182059667,-0.282539533157556,-1.01767766826752,44,"Ptprc/Wdr48/Actr2/Was/Morf4l2/Rif1/Kat5/Epc2/Kmt5b"
"GOBP_CELL_DIFFERENTIATION_INVOLVED_IN_EMBRYONIC_PLACENTA_DEVELOPMENT",0.434023285899094,0.649256520949857,0.028741852737738,0.352173652750725,1.01115537894481,15,"Spint2/Nr2f2"
"GOBP_MRNA_3_END_PROCESSING",0.434117003827228,0.649256520949857,0.0258040201047812,-0.315704733340468,-1.01344035504901,26,"Cstf2/Cdc73/Cstf3/Cpsf2/Ncbp1/Ccnb1/Ythdc1/Cpsf6"
"GOBP_RIBOSOMAL_SMALL_SUBUNIT_BIOGENESIS",0.434506353861193,0.649519807318278,0.0310294455435,0.235607544752426,1.00947693059945,80,"Rps28/Mettl17/Rps15/Imp3/Fau/Rps23/Rps9/Rps17/Rcc1l/Tsr3/Rps19bp1/Rps24/Rps11/Rps13/Trmt112/Rps16/Rps12/Rps14/Rps8/Rps19/Rrp9/Eral1/Mrps7/Nat10/Ak6/Rps27l/Rrp36/Abt1/Mcat/Rps27a/Aatf"
"GOBP_PROTEIN_LOCALIZATION_TO_CYTOSKELETON",0.435750179468772,0.650825143468596,0.0254810920647875,-0.288655024914287,-1.01240375528923,39,"Mid2/Mid1/Cttnbp2nl/Luzp1/Golgb1/Kif20b/Cep78/Cep83/Hnrnpu/Bicd1/Cep192/Numa1/Stk3/Pibf1"
"GOBP_ESTABLISHMENT_OR_MAINTENANCE_OF_MONOPOLAR_CELL_POLARITY",0.435807050092764,0.650825143468596,0.0260408931785063,-0.338145621597786,-1.01559439961087,20,"Rhoa/Prkci/Rap2a/Myo9a/Cdc42/Patj/Fat1/Lama1/Msn"
"GOBP_REGULATION_OF_MYELOID_CELL_APOPTOTIC_PROCESS",0.436925960637301,0.651975679371126,0.0261719936295095,-0.347064648409319,-1.01070584715902,18,"Anxa1/Slc7a11/Adam17/Kitl"
"GOBP_REGULATION_OF_CALCIUM_ION_TRANSMEMBRANE_TRANSPORTER_ACTIVITY",0.437005701673717,0.651975679371126,0.025846758461163,-0.319969195874776,-1.00646621029145,24,"Vmp1/Fmr1/Ubqln1/Calm1/Gpr35/Selenon/Stim2/Ahnak/Htt"
"GOBP_REGULATION_OF_PROTEIN_SECRETION",0.438118022328549,0.653315072473276,0.0234456702489548,-0.225194775866666,-1.00765603987024,144,"Tlr4/Arntl/Il1b/Jak2/Alox5/Wls/Adam8/Golph3/Inhbb/Plcb1/Hmgcr/Acsl4/Arf6/Rac1/Rap1gds1/Frmd4a/Vegfc/Gpld1/Adam9/Clock/Gnai1/Klf7/Ppid/Serp1/Cftr/Irs1/Fga/Dph3/Tmed10/Nadk/Myh10/Ano1/Tmem132a"
"GOBP_DOPAMINE_METABOLIC_PROCESS",0.438514648255272,0.653586443434803,0.026033649526477,-0.351316846974883,-1.01337032473335,17,"Itgb2/Gch1/Itgam/Nr4a2"
"GOBP_RNA_SPLICING",0.438739271973957,0.653601312700929,0.0222254655651192,-0.207598764400482,-1.00670534900205,278,"Hspa8/Dhx15/Rnps1/Sf3b1/Dhx9/Hspa1a/Cdk13/Dhx40/Prpf40a/Snrnp200/Ccnl1/Ptbp3/Zc3h14/Ptbp1/Mbnl3/Mbnl1/Fmr1/Tada2b/Mbnl2/Srrm2/Rnpc3/Slc38a2/Ddx20/Cdk12/Clk3/Virma/Ddx5/Supt20/Mettl4/Tada1/Ddx23/Hnrnpll/Prpf39/Dyrk1a/Zc3h13/Rbm41/Srsf4/Rragc/Hnrnph2/Prpf6/Scaf11/Slu7/Cwc22/Setx/Wtap/Iws1/Ppwd1/Strap/Ttf2/Atxn7"
"GOBP_REGULATION_OF_CHOLESTEROL_EFFLUX",0.439175257731959,0.65393088498475,0.0260844424886475,-0.34660981908689,-1.00938131394094,18,"Pltp/Abca5/Ces1d/Abca2/Ttc39b"
"GOBP_REGULATION_OF_NEURONAL_SYNAPTIC_PLASTICITY",0.439717595944967,0.654418416252407,0.0254741631897063,-0.297255355991597,-1.01327946386826,34,"App/Rab5a/Fmr1/Fxr1/Rac1/Shank3"
"GOBP_CELLULAR_RESPONSE_TO_OXYGEN_LEVELS",0.440282569410218,0.65493914208799,0.0238463547929102,-0.237052233435259,-1.00562256089477,101,"Ptgs2/Fos/Cybb/Cpeb4/Hyou1/Mdm2/Adam8/Cited2/Rock2/Ubqln1/Rtn4/Ddr2/Ptpn1/Becn1/Mdm4/Trpc6/Pdk3/Atp6v1a/Aqp1/Vegfa/Prkaa1/Hipk2/Mtor/Stc1/Pmaip1/Lcn2/Ccnb1/Atf2"
"GOBP_HEMATOPOIETIC_STEM_CELL_PROLIFERATION",0.441051267814177,0.655544831070509,0.0257969111127991,-0.327718377879563,-1.00756280015284,22,"Etv6/N4bp2l2/Kitl/Ythdf2/Runx1/Pim1/Mecom/Shb/Kat7/Xrcc5"
"GOBP_POSTSYNAPTIC_SIGNAL_TRANSDUCTION",0.441144314868805,0.655544831070509,0.0255297015133052,-0.310678493416277,-1.0060211859761,27,"Jak2/Kpna1/Plcb1/Agrn/Gnb1/Gna15/Rnf10/Chrm3/Chrna7"
"GOBP_DEVELOPMENTAL_MATURATION",0.4413356005565,0.655544831070509,0.0228260182989026,-0.215398538885584,-1.00509229893206,198,"Lrrk2/App/Picalm/Tut7/Atp6v0c/Ctnnb1/Rps6ka2/Ptbp3/Abhd2/Rhoa/Cln5/Arcn1/C3/Ccr6/S1pr1/Ccdc39/Rac1/Rflnb/Rock1/Agrn/H3f3a/Rab32/Fzd5/Sclt1/Acvrl1/Bmp2/Nr4a2/Cftr/Slc24a4/Diaph3/Ythdf2/Dchs1/Atp6v1a/Vegfa/Rac2/B4galt5/Mmp2/Slfn14/Rbpj/Nrcam/Nom1/Ereg/Bloc1s6/Xbp1/Xylt1"
"GOBP_NEGATIVE_REGULATION_OF_INTRACELLULAR_PROTEIN_TRANSPORT",0.441736818785999,0.655820874306859,0.0289128211987667,0.297510631044706,1.00452750407445,27,"Park7/Pkig/Cdk5/Hdac3/Txn1"
"GOBP_ENDOCYTIC_RECYCLING",0.442009620523784,0.655906088935147,0.0251190368255729,-0.284994736716224,-1.00627099350882,40,"Washc2/Snx7/Vps13b/Arf6/Sorl1/Vps26a/Mtmr4/Snx4/Rab35/Arhgap8/Ehd2"
"GOBP_RAS_PROTEIN_SIGNAL_TRANSDUCTION",0.442368357194856,0.656084217617425,0.0305600077370596,0.237702881709701,1.00576951121132,74,"Rras/Rasgrp2/Rasa4/Park7/Grap/Rasgef1c/Hras/Rgl2/Stk19/Dab2ip/Trim67/Rgl3/Dok1/Rasgef1a/Rfxank/Usp50"
"GOBP_POSITIVE_REGULATION_OF_FIBROBLAST_PROLIFERATION",0.442708333333333,0.656084217617425,0.0292708849531796,0.275790024775386,0.999047805034606,36,"Brk1/Mif/S100a6/Hras/Gas6/Pdgfa/Cd248/Cdk4/Agt"
"GOBP_NEGATIVE_REGULATION_OF_FAT_CELL_DIFFERENTIATION",0.442776048342794,0.656084217617425,0.025550591846242,-0.308997173319619,-1.00545878072112,28,"Arntl/Zfp36l2/Insig1/Bmp2/Vegfa/Jag1"
"GOBP_SPERM_FLAGELLUM_ASSEMBLY",0.443049490538574,0.656170086911457,0.0254326700458688,-0.302154490290091,-1.00979246285907,31,"Cfap206/Cfap44/Dzip1/Ccdc146/Spag16/Cfap69/Klc3/Cep128/Cfap54/Ttll5/Iqcg/Dnhd1"
"GOBP_TRANSMISSION_OF_NERVE_IMPULSE",0.443840579710145,0.65650905160518,0.0292244316056432,0.275587816459459,0.99831530655374,36,"Kcna2/Penk/Atp1a2/Gria1/Myh14/Ntrk2/Mag/Jam3/Scn4b/Chrna1/Ntrk3"
"GOBP_PHOSPHATIDYLGLYCEROL_METABOLIC_PROCESS",0.443885160328113,0.65650905160518,0.0258111331089998,-0.360527187505684,-1.00550090078253,15,"Gpam/Pnpla8/Spata18"
"GOBP_EYE_PHOTORECEPTOR_CELL_DEVELOPMENT",0.444341372912801,0.65650905160518,0.0257119146397626,-0.335914807637703,-1.00889432124307,20,"Cep290/Rp1/Prkci/Crb1/Vegfa/Gnat1/Rpgr/Rpgrip1l"
"GOBP_ALDEHYDE_METABOLIC_PROCESS",0.444345105051408,0.65650905160518,0.0289672774399414,0.281531163318037,1.00042285709355,33,"Slc25a10/Park7/Tpi1/Aldh3b1/Hagh/Idh2/Wnt4"
"GOBP_COGNITION",0.444356372859861,0.65650905160518,0.0231204769713147,-0.221631364730068,-1.00566286796712,161,"App/Picalm/Washc4/Fos/Mme/Itgb1/Adcy3/Rcan1/Shroom4/Vps13b/Nedd9/Pafah1b1/Nipbl/Plcb1/Casp3/Ppt1/Slc7a11/Hmgcr/Braf/Glp1r/Btg2/Shank3/C5ar1/Rag1/Man2b1"
"GOBP_ERAD_PATHWAY",0.44702842377261,0.660136542380018,0.0243741059520556,-0.255433272592462,-1.00367416938169,66,"Rnf139/Usp25/Hspa5/Yod1/Ubqln1/Canx/Ccdc47/Rhbdd1/Ubxn6/Edem3/Tmem67/Usp14/Edem1/Svip/Man1a/Xbp1/Faf2/Psmc6"
"GOBP_ANTIGEN_PROCESSING_AND_PRESENTATION_OF_PEPTIDE_ANTIGEN_VIA_MHC_CLASS_I",0.447421918314544,0.660397353983416,0.0255297015133052,-0.321674769833391,-1.00026689646444,23,"Erap1/H2-Q7/Mfsd6/Ulbp1/H2-Q2/Clec4a3/B2m/Pdia3"
"GOBP_VASCULOGENESIS",0.44845908607864,0.661607517979389,0.0247802647486789,-0.279342468026159,-1.00616217607477,44,"Ctnnb1/Tiparp/Ceacam1/Tgfbr2/Rapgef2/Cited2/Rtn4/Aplnr/Rasa1/Epha2"
"GOBP_REGULATION_OF_LONG_TERM_SYNAPTIC_POTENTIATION",0.449544626593807,0.662181383767309,0.0252068792534422,-0.305065929115076,-1.00290646219844,29,"App/Mme/Fxr1/Shank3/Tyrobp/Creb1/Arc"
"GOBP_REGULATION_OF_MYOBLAST_DIFFERENTIATION",0.450113378684807,0.662181383767309,0.0289945904579959,0.277724262122783,0.997952731995124,35,"Mustn1/Id3/Brd7/Csrp3/Eid2b/Prickle1/Smyd1/Sox8/Smarcd3"
"GOBP_REGULATION_OF_HEART_RATE",0.450117647058824,0.662181383767309,0.029667675844438,0.247659313788929,0.998960497223425,59,"Prkaca/Kcnh2/Tpm1/Hrc/Cav3/Pln/Ank2/Epas1/Bves/Dsc2/Kcnj3/Gpd1l/Popdc2/Ywhae/Scn4b/Jup/Kcna5/Ryr2/Nppa/Npff/Tnni3k/Kcnj5/Ace/Myh7/Atp2a2"
"GOBP_REGULATION_OF_DNA_BINDING",0.450827000447027,0.662181383767309,0.0287061418987228,0.280445176154386,0.9965637945009,33,"Rnf220/Tfap4/Txn1/Csnk2b/Nfib/Lef1/Sox11/Gata3/Foxc1"
"GOBP_REGULATION_OF_HEMATOPOIETIC_PROGENITOR_CELL_DIFFERENTIATION",0.450933723910655,0.662181383767309,0.025240829600395,-0.314351601822785,-0.999415034977338,25,"Itch/N4bp2l2/Kitl/Kat5/Ythdf2/Vegfa/Mettl3/Spi1/Zbtb1/Hspa9/Kdr/Cdk6"
"GOBP_REGULATION_OF_MACROPHAGE_MIGRATION",0.451016297381432,0.662181383767309,0.025240829600395,-0.307269641872026,-0.999837494143339,28,"Thbs1/Hc/Mmp28/Rtn4/Akirin1/C5ar1"
"GOBP_FATTY_ACID_DERIVATIVE_METABOLIC_PROCESS",0.451104100946372,0.662181383767309,0.0245080243927906,-0.273310063892948,-1.0019510957325,47,"Hsd17b12/Alox5/Far1/Ppt1/Acsl4/Abcd2/Elovl7/Cyp4f18/Acsl5/Aldh3a2/Acaca/Fasn"
"GOBP_REGULATION_OF_CYTOSOLIC_CALCIUM_ION_CONCENTRATION",0.451222197753799,0.662181383767309,0.0284239138406456,0.29067278313935,0.993754895492795,28,"Slc8b1/Hrc/Cav3/Pln/Ryr1/Ywhae/Adora1/Ryr2"
"GOBP_RECOMBINATIONAL_REPAIR",0.451449983708048,0.662181383767309,0.0233052491422641,-0.231269349374133,-0.998846366397345,113,"Xrcc2/Spidr/Wdr48/Actr2/Nabp1/Nipbl/Was/Psmd14/Morf4l2/Rif1/Topbp1/Smc6/Fan1/Mcm6/Smchd1/Yy1/Kat5/Epc2/Zfp365/Eid3/Aste1/Recql/Slx4/Tex15/Pogz/Kmt5a/Gen1/Ube2n/Fancm/Uhrf1/Ints3/Ooep/Inip/Fen1/Rev3l/Senp3/Xrcc5/Smc5/Slf2/Rad54b"
"GOBP_REGULATION_OF_ANDROGEN_RECEPTOR_SIGNALING_PATHWAY",0.451715137956749,0.662181383767309,0.0255157938951184,-0.358477185957498,-0.999783500057309,15,"Rnf6/Ddx5/Shq1/Pkn1"
"GOBP_MICROTUBULE_BASED_MOVEMENT",0.451747833881088,0.662181383767309,0.021915079685064,-0.208377423576644,-1.00364000469742,258,"Bag3/App/Pltp/Ndel1/Hspb1/Rab1a/Actr2/Adcy3/Actr3/Dnah12/Cyb5d1/Pafah1b1/Copg2/Dnah6/Kif3b/Cfap206/Kif11/Kif18a/Ccr6/Kif3a/Cfap44/Kif16b/Ccdc39/Dzip1/Gmnc/Hydin/Kif5b/Kpnb1/Map2/Dst/Dynlt3/Ccdc146/Ubb/Spag16/Kif23/Ift88/Pgam1/Ttc21b/Vps13a/Wdr35/Ap3s1/Apob/Bloc1s6/Cdc42/Arhgap21/Syne2/Kif20b/Armcx3/Dync2h1/Ift122/Bicd2/Ttc21a/Trak2/Ccdc88c/Cfap69/Irgc1/Kif6/Jhy/Kif24/Rpgr/Cep78/Tmf1/Pura/Dnah3/Kif4/Dync1li1/Actr10/Klc3/Hnrnpu/Cep128"
"GOBP_ACROSOME_ASSEMBLY",0.45176338869192,0.662181383767309,0.0255297015133052,-0.347106337109974,-1.0012251464254,17,"Vps13b/Pafah1b1/Agfg1/Knl1"
"GOBP_RESPONSE_TO_DSRNA",0.452042136388838,0.662181383767309,0.0253569537599162,-0.320701682599949,-0.997241023631808,23,"Dhx9/Pde12/Ifih1/Colec12/Pmaip1/Irak3/Ralb"
"GOBP_PEPTIDE_TRANSPORT",0.452285485164395,0.662181383767309,0.031974374159939,0.209679707771795,0.998587771581144,147,"Nnat/Rab3a/Slc25a39/Park7/Slc8b1/Abcb9/Pick1/Pfkm/Prkaca/Gpr27/Cdk16/Tap2/Ucp2/Slc25a22/Uqcc2/Stx4a/Hadh/Myrip/Tap1/Mcu/Acvr2b/Gabbr1/Abcc8/Kcnj11/Trpv4/C1qtnf12/Stx1a/Ndufaf2"
"GOBP_PATTERN_SPECIFICATION_PROCESS",0.45235570368126,0.662181383767309,0.0221140852246087,-0.211169127641929,-1.00322705836329,231,"Bmp5/Xrcc2/Ctnnb1/Wls/Rnf111/Smad4/Smad2/Egr2/Acvr2a/Mid1/Med12/Tgfbr2/Kdm2b/Cited2/Fgf2/Robo2/C3/Kif3b/Gpc3/Lrp2/Ccdc39/Aplnr/Fzd5/Btg2/Tgfbr1/Itgam/Mical2/Acvrl1/Yy1/Bmpr1b/Bmp2/Nrarp/Bhlhe40/Sema3c/Dchs1/Nckap1/Gdnf/Pgap1/Arc/Ttc21b/Abi1/Rbpj/Bmi1/Hipk2/Robo1/Eng/Frs2/Stc1/Grem2/Wt1/Srf/Lrp5/Dync2h1/Ift122"
"GOBP_AXO_DENDRITIC_TRANSPORT",0.452368558042686,0.662181383767309,0.0242982243022936,-0.262237767892296,-1.00194264181144,57,"App/Ndel1/Hspb1/Pafah1b1/Kif3b/Kif3a/Kif5b/Map2/Dst/Ap3s1/Bloc1s6/Armcx3/Trak2/Pura/Kif4/Actr10/Klc3/Hnrnpu"
"GOBP_MAINTENANCE_OF_PROTEIN_LOCATION",0.452738990332975,0.662181383767309,0.0247999400372046,-0.289706772594148,-1.0001980774013,36,"Topors/Vps13c/Hspa5/Golph3/Insig1/Sorl1/Fbn1"
"GOBP_NEGATIVE_REGULATION_OF_SYNAPTIC_TRANSMISSION",0.452782309226029,0.662181383767309,0.0250050888948443,-0.302571477411079,-1.00359673217883,30,"Il1b/Fmr1/Cnr2/Shank3/Pcdh17/Arc/Vps13a/Srf/Pirb/Atad1"
"GOBP_POSITIVE_REGULATION_OF_INTRACELLULAR_TRANSPORT",0.452979908829985,0.662181383767309,0.0238281330132989,-0.241305166053971,-0.998898490526033,89,"Hsp90aa1/Bag3/Il1b/Dhx9/Jak2/Tpr/Mdm2/Cep290/Sorl1/Nedd4/Tmem30a/Ect2/Map2/Zc3h12a/Rdx/Prkd1/Pgap1/Edem1/Pdcd10/Xbp1/Xpo4/Kif20b/Ppm1a/Psen1/Ehd2/Ipo5/Cpsf6/Scp2/Ifng"
"GOBP_REGULATION_OF_MICROTUBULE_POLYMERIZATION",0.453766823981821,0.663013425635627,0.024367764741698,-0.27084609320168,-1.00117901045504,49,"Hspa1b/Hspa1a/Ocln/Rac1/Dyrk1a/Map2/Camsap2/Pak1/Haus6/Ppp2ca/Tbcd/Togaram1/Slain1"
"GOBP_NEGATIVE_REGULATION_OF_MUSCLE_CELL_DIFFERENTIATION",0.454462032576279,0.663532997584936,0.0290310963363371,0.263779909525175,0.995964527383026,43,"Tnpo2/Hey1/Hdac3/Rbpms2/Fzd7/Rpl3l/Med28/Cav3/Plpp7/Foxo4/Id2"
"GOBP_NEGATIVE_REGULATION_OF_DNA_REPLICATION",0.454697986577181,0.663532997584936,0.0254050839553553,-0.357617399550417,-0.997385578245139,15,"Gtpbp4/Atr/Slfn9/Pds5a"
"GOBP_ARP2_3_COMPLEX_MEDIATED_ACTIN_NUCLEATION",0.454776146456407,0.663532997584936,0.0249319076613874,-0.301951671551607,-1.0015409034521,30,"Washc4/Washc2/Actr2/Actr3/Wasf2"
"GOBP_BENZENE_CONTAINING_COMPOUND_METABOLIC_PROCESS",0.455153083225528,0.663764913037229,0.0278939167317266,0.346681535717931,0.995386500051893,15,"Gstm2/Gstm7/Ephx2/Gstm4/Fah/Afmid"
"GOBP_NOTCH_SIGNALING_PATHWAY",0.455821205821206,0.664385926093524,0.0312866300545677,0.219614994059214,0.997725122000942,112,"Tbx2/Egfl7/Enho/Fbxw7/Arrdc1/Psen2/Timp4/Hey1/Ctbp1/Psenen/Tspan14/Mmp14/Tmem100/Pln/Mesp1/Neurl1a/Epn2/Dlk2/Dtx2/Gata2/Cntn1/Aph1c/Jag2/Perp/Wwp2/Foxc1/Bmp7/Mfng/Ascl1/Ovol2/Angpt4/Itgb1bp1/Kcna5/Hes1/Hnf1b/Slc35c2/Dner/Akt1/Trp63/Yap1"
"GOBP_REGULATION_OF_LIPID_TRANSPORT",0.456015299026426,0.664385926093524,0.0241977650376105,-0.259449090751792,-0.997703179872226,59,"Thbs1/Pltp/Il1b/Eprs/Pla2r1/Abca5/Acsl4/Ces1d/Tmem30a/Acsl5/Abca2/Abca13/Ttc39b"
"GOBP_EXPORT_ACROSS_PLASMA_MEMBRANE",0.456382001836547,0.664602197796407,0.0289672774399414,0.263071123357626,0.99781981565495,44,"Fxyd1/Kcna2/Atp1a2/Fxyd6/Kcnh2/Fxyd7"
"GOBP_REGULATION_OF_NEURON_PROJECTION_REGENERATION",0.457852319756044,0.666133257371381,0.0279695214936819,0.305607993714515,0.990954826479241,23,"Spp1/Thy1/Rtn4rl1/Map2k2"
"GOBP_SCHWANN_CELL_DIFFERENTIATION",0.458049886621315,0.666133257371381,0.0286794225686965,0.276241754747098,0.992625605461564,35,"Mapk3/Nab2/Erbb2/Cdk5/Hras/Map2k2/Gpc1/Ntrk2"
"GOBP_PROTEIN_ACYLATION",0.458089668615984,0.666133257371381,0.0244376967102848,-0.278512534224377,-0.997779091067032,43,"Arntl/Naa16/Naa15/Clock/Zdhhc5/Zdhhc16/Kat5/Esco2/Naa60/Zdhhc3/Xbp1/Ppm1a"
"GOBP_REGULATION_OF_PROTEIN_TARGETING",0.458588688495885,0.666540599747003,0.0242228036981384,-0.268013363767757,-0.997904283200055,51,"Bag3/Itgb2/Lrrk2/Ube2d3"
"GOBP_INORGANIC_ANION_TRANSMEMBRANE_TRANSPORT",0.459510805034434,0.666912926421219,0.0294583499947959,0.243239739678147,0.994458023074275,63,"Fxyd1/Clic3/Slc25a10/Ucp2/Slc20a2/Slc4a3/Slc37a1/Slc12a9/Clcn6"
"GOBP_CORPUS_CALLOSUM_DEVELOPMENT",0.459610027855153,0.666912926421219,0.0276122240716951,0.324617964061186,0.988785055320043,18,"Kcna2/Cdk5/Rtn4rl1/Wdr89"
"GOBP_CELLULAR_RESPONSE_TO_CORTICOSTEROID_STIMULUS",0.45965991316932,0.666912926421219,0.0247214245107913,-0.294691256291428,-0.998097252322969,33,"Anxa1/Jak2/Klf9/Zfp36l2/Cbx3/Eif4e/Zfp36/Aqp1/Sgk1/Bmi1/Stc1"
"GOBP_NEGATIVE_REGULATION_OF_NON_CANONICAL_NF_KAPPAB_SIGNAL_TRANSDUCTION",0.459720930232558,0.666912926421219,0.0251865531395241,-0.350084651354399,-0.995084363567155,16,"Ddx3x/Litaf/Zc3h12a/Cyld/Ppm1a/Uaca/Spi1"
"GOBP_EAR_DEVELOPMENT",0.460211176925058,0.667306206541334,0.0309342445128075,0.218123455502831,0.995079174400048,114,"Tbx2/Rpl38/Mapk3/Cytl1/Vangl2/Maf/Nectin1/Stox1/Fzd2/Osr2/Tprn/Tcf15/Sox2/Tbx18/Gata2/Jag2/Ift27/Gata3/Fgfr1/Msx1/Tbx1/Scrib/Osr1/Dvl2/Ntrk3/Elmod3/Hes1/Ift20/Insig2/Fzd6/Triobp/Fgf9/Ddr1"
"GOBP_MEMBRANE_REPOLARIZATION_DURING_ACTION_POTENTIAL",0.460906885612987,0.667426482742468,0.0251933248449863,-0.34466954702467,-0.994196247067697,17,"Kcnj2/Kcne2/Atp1b1/Kcne4/Dlg1/Atp1a1"
"GOBP_NEGATIVE_REGULATION_OF_MRNA_CATABOLIC_PROCESS",0.460930640913082,0.667426482742468,0.0241852646372117,-0.270536847410541,-0.995277892452522,48,"Dhx9/Zc3h14/Slc11a1/Fxr1/Apobec1/Myd88/Zfp36/Gdnf/Igf2bp2/Paip1/Nbas/Mettl16/Hnrnpc/Hnrnpu/Tent5a/Csde1/Noct/Ireb2/Igf2bp3"
"GOBP_NEGATIVE_REGULATION_OF_CARBOHYDRATE_METABOLIC_PROCESS",0.460951689066473,0.667426482742468,0.0247410070769755,-0.296492012946449,-0.997041522385982,32,"Lepr/Cltc/Plek/Sik1"
"GOBP_NEUROTRANSMITTER_REUPTAKE",0.462052608883139,0.668040198479841,0.0276286251281132,0.345024141794708,0.990627817034559,15,"Park7/Atp1a2/Rab3b/Snca/Slc6a2/Slc29a4/Itgb3/Cln8"
"GOBP_MEMBRANELESS_ORGANELLE_ASSEMBLY",0.462255358807083,0.668040198479841,0.0345125065272769,0.191758982920653,0.997704811919621,286,"Lmod1/Cep85/Cirbp/Rpl38/Rps28/Ppp1r35/Myl9/Mettl17/Mapk15/Rps15/Myom1/Tnnt2/Ccdc61/Csrp2/Mrm2/Mapre3/Asb2/Myh11/Fau/Obsl1/Synpo2l/Cep44/Tnnt3/Ttn/Rps23/Hdac3/Actn2/Rpl11/Lsm14b/Csrp3/Haus1/Acta1/Tmod4/Myom2/Tpm1/Lzts2/Rcc1l/Cav3/Ska2/Casq1/Wdr62/Bscl2/Fus/Prickle1/Neb/Haus4/Mapt/Nop53"
"GOBP_GLAND_DEVELOPMENT",0.462462462462462,0.668040198479841,0.0216275836082358,-0.209182986909661,-0.999089364212359,241,"Tnfaip3/Hgf/Ctnnb1/Jak2/Ceacam1/Wls/Ugt1a7c/Smad4/Areg/Pkd1/Tnc/Tgfbr2/Rb1cc1/Jun/Cited2/Inhbb/Fgf2/Cebpg/Lipa/Itga2/Ccdc39/Uprt/Arf6/Rtn4/Tgfa/Nrg1/Braf/Oas2/Srp54a/Arid5b/Sp3/Tgfbr1/Rag1/Epha2/Slc7a5/Bmp2/Creb1/Otc/Sema3c/Vegfa/Mmp2/Rbpj/Ripk3/Fasn/Hipk2/Robo1/Frs2/Xbp1/Cad/Wt1/Esr1/Srf/Kdm5b/Lrp5/Atf2/Man2a1/Npc1/Psen1/Med1/Irf6/Iqgap3/Edar/Tubb1"
"GOBP_CATECHOL_CONTAINING_COMPOUND_METABOLIC_PROCESS",0.462576233598226,0.668040198479841,0.0249717715401965,-0.318645160440398,-0.990846145229906,23,"Itgb2/Hdc/Gch1/Itgam/Nr4a2"
"GOBP_POSITIVE_REGULATION_OF_DNA_TEMPLATED_TRANSCRIPTION_INITIATION",0.462628409493447,0.668040198479841,0.024266743325205,-0.276687749770046,-0.996600160258446,44,"Med13/Med12/Taf4b/Jun/Cand1/Taf7/Med14/Setx/Creb1/Psmc6/Srf/Taf6/Med1"
"GOBP_REGULATION_OF_PROTEIN_BINDING",0.462789100068697,0.668040198479841,0.0286705282376607,0.263315066374051,0.989042709782502,42,"Pex14/Rpl11/Dact1/Adam15/Bax/Flot1/Gas8"
"GOBP_ONE_CARBON_METABOLIC_PROCESS",0.463087248322148,0.668040198479841,0.0250988527686755,-0.355529950137271,-0.991563736403535,15,"Ahcyl2"
"GOBP_RESPONSE_TO_COPPER_ION",0.463130659767141,0.668040198479841,0.0275876615524432,0.320716512017401,0.989443285722628,19,"Park7/Map1lc3a/Atp5d/Mt3/Mt1/Snca/mt-Co1"
"GOBP_NEGATIVE_REGULATION_OF_STEM_CELL_POPULATION_MAINTENANCE",0.463561880120742,0.668087455546854,0.0275713125127506,0.320494154588521,0.988757290281819,19,"Sap30l/Brms1/Suds3/Ing1/Bmp7/Ogt/Hdac1/Hnf1b"
"GOBP_NEGATIVE_REGULATION_OF_CALCIUM_ION_TRANSMEMBRANE_TRANSPORT",0.463876651982379,0.668087455546854,0.0279358648541436,0.299546556993866,0.992290498389456,25,"Atp1a2/Vdac1/Ucp2/Rem1/Pln/Ppp3ca/Tmbim6/Ywhae/Gsto1"
"GOBP_ANTERIOR_POSTERIOR_PATTERN_SPECIFICATION",0.464081165112093,0.668087455546854,0.0229327929676481,-0.233497879704777,-0.994338590484604,103,"Xrcc2/Ctnnb1/Wls/Smad4/Smad2/Acvr2a/Med12/Kdm2b/Gpc3/Fzd5/Btg2/Tgfbr1/Yy1/Bmp2/Nrarp/Bhlhe40/Sema3c/Nckap1/Pgap1/Arc/Abi1/Rbpj/Bmi1/Hipk2/Frs2/Wt1/Srf/Lrp5/Psen1"
"GOBP_POSITIVE_REGULATION_OF_PROTEIN_TARGETING_TO_MEMBRANE",0.464424320827943,0.668087455546854,0.0275386765525095,0.320385779524818,0.988422942111074,19,"Cib1/Erbb2/Cdk5/Hras"
"GOBP_POSITIVE_REGULATION_OF_NEUROBLAST_PROLIFERATION",0.46447985004686,0.668087455546854,0.025139253499649,-0.340618563250084,-0.991933851821597,18,"Ctnnb1/Itgb1/Fgf2/Vegfc"
"GOBP_REGULATION_OF_INTRACELLULAR_ESTROGEN_RECEPTOR_SIGNALING_PATHWAY",0.46447985004686,0.668087455546854,0.025139253499649,-0.340576874370214,-0.991812447366147,18,"Zfp366/Strn3/Cdk12/Cnot2/Pak1"
"GOBP_REGULATION_OF_HEART_GROWTH",0.466218670541228,0.670271884701623,0.0245529863459819,-0.295541360330404,-0.993844673600267,32,"Vgll4/Fgf2/Nrg1/Tgfbr1/Yy1/Pak1/Rbpj/Runx1/Pim1/Wt1/Ccnb1/Tomm70a/Dusp6/Rgs2"
"GOBP_CELLULAR_RESPONSE_TO_GLUCOCORTICOID_STIMULUS",0.46673916983868,0.670703526266532,0.0245016145040677,-0.299579027841552,-0.99367110192814,30,"Anxa1/Jak2/Klf9/Zfp36l2/Cbx3/Eif4e/Zfp36/Aqp1/Bmi1/Stc1"
"GOBP_POSITIVE_REGULATION_OF_NATURAL_KILLER_CELL_MEDIATED_CYTOTOXICITY",0.467935686564406,0.670971404658664,0.0247802647486789,-0.317702797492455,-0.987915811396853,23,"Pvr/Il18rap/Klrk1/H2-Q2/Klrc1/Klrc2/Il12b"
"GOBP_CELLULAR_RESPONSE_TO_ANGIOTENSIN",0.468089019679971,0.670971404658664,0.0246953622014254,-0.313097981486433,-0.984852738761387,24,"Rock2/Ddr2/Rac1/Rap1gds1/Rock1/Ptpn1/Prkd1/Car2"
"GOBP_EXECUTION_PHASE_OF_APOPTOSIS",0.468241469816273,0.670971404658664,0.0238706923384388,-0.26702253539169,-0.990740919396563,50,"Hspd1/Dedd2/Stk24/Top2a/Ripk1/Nfkbiz/Casp3"
"GOBP_IONOTROPIC_GLUTAMATE_RECEPTOR_SIGNALING_PATHWAY",0.468416119962512,0.670971404658664,0.0249984183125966,-0.339756517352286,-0.989423441056867,18,"App/Cpeb4"
"GOBP_POSITIVE_REGULATION_OF_CELL_SUBSTRATE_JUNCTION_ORGANIZATION",0.468453378001117,0.670971404658664,0.0248789530285044,-0.32590442343834,-0.99004494482296,21,"Dusp3/Arf6/Rac1/Rock1/Vegfa/Map4k4/Ptprj/Ppm1f/Kdr"
"GOBP_NEURONAL_ACTION_POTENTIAL",0.468609385043925,0.670971404658664,0.0272725432829734,0.322788735810203,0.983213233185762,18,"Kcna2/Gria1/Myh14/Scn4b/Chrna1"
"GOBP_POSITIVE_REGULATION_OF_CYCLASE_ACTIVITY",0.468651162790698,0.670971404658664,0.0248657493990065,-0.347729118971787,-0.988388973087325,16,"Cacna1d/Glp1r/Adora2b/Cap1/Mapk8/Gnas/Cacna1c/Adora3"
"GOBP_REGULATION_OF_MONOATOMIC_ION_TRANSPORT",0.468824228028504,0.670971404658664,0.0333233764028717,0.195506870781026,0.994730065457956,237,"Fxyd1/Dmpk/Vamp2/Inpp5k/Prss8/Thy1/Slc8b1/Psen2/Atp1a2/Prkaca/Vdac1/Fxyd6/Tmem38a/Ucp2/Kcnh2/Gria1/Fxyd7/Spg7/Commd1/Rem1/Actn2/Cd63/Bax/Atp2a1/Hrc/P2rx4/Cav3/Abcc8/Kcnj11/Amigo1/Grin1/Kcnn4/Casq1/Pln/Ppif/Ank2/Agt/Camk2a/Trdn/Gstm7/Cntn1/Tmsb4x/Eppin/Ppp3ca/Adra2a/Kcng1/Wwp2/Adcyap1r1/Hap1/Akap6/Mrln/Kcnj3/Cldn10/Snca/Tmbim6/Osr1/Gpd1l/Prkce/Ywhae/Scn4b/Adora1/Cyba/Lgals3/Atp1b2/Fgf13/Ryr2/Hes1/Gsto1/Gck/Nppa/P2ry12/Gabre/Hamp/Akt1/Fkbp1a/Tesc/Grin2c/Ptpn3/Capn3/Nkain4/Nkain2/Kcnj5"
"GOBP_ADHERENS_JUNCTION_ORGANIZATION",0.469095522929128,0.670971404658664,0.0244185852880466,-0.299072280771091,-0.991990276926697,30,"Ctnnb1/Numb/Rdx/Vegfa/Tjp1/Cdc42/Tbcd/Plec/Cdh5/Cdh11/Cdh1/Hipk1"
"GOBP_VITAMIN_TRANSMEMBRANE_TRANSPORT",0.469425801640567,0.670971404658664,0.024872349467539,-0.35356367185353,-0.986079837674097,15,"Lrp2/Slc23a2/Slc23a1/Slc19a3/Selenon"
"GOBP_POSITIVE_REGULATION_OF_MICROTUBULE_POLYMERIZATION_OR_DEPOLYMERIZATION",0.469569970845481,0.670971404658664,0.0244888046300317,-0.304587422964651,-0.986297432805334,27,"Hspa1b/Hspa1a/Ocln/Rac1"
"GOBP_NEGATIVE_REGULATION_OF_UBIQUITIN_DEPENDENT_PROTEIN_CATABOLIC_PROCESS",0.46979015918958,0.670971404658664,0.0243614267670771,-0.292584870006909,-0.990963079462307,33,"Rybp/Wac/Hsp90ab1/Tlk2/Pbk/Senp1/Usp14/Hipk2"
"GOBP_REGULATION_OF_MUSCLE_HYPERTROPHY",0.46979015918958,0.670971404658664,0.0243614267670771,-0.292545250783317,-0.990828892114149,33,"Smad4/Rock2/Aplnr/Rock1/Becn1/Yy1/Pak1/Tnfrsf1b/Tomm70a/Il6st/Rgs2/Ppara/G6pdx/Adra1a/Parp1/Lmcd1/Tnfrsf1a"
"GOBP_PROTEIN_LOCALIZATION_TO_POSTSYNAPSE",0.471209912536443,0.672422751324429,0.0244313229701036,-0.304137350534323,-0.984840034209265,27,"Sacm1l/Nptx1/Traf6"
"GOBP_VASCULAR_ENDOTHELIAL_GROWTH_FACTOR_RECEPTOR_SIGNALING_PATHWAY",0.471247997151504,0.672422751324429,0.0240485857811045,-0.278906317817778,-0.989484961623185,41,"Il1b/Hspb1/Nedd4/Vegfc/Slc31a1/Ptpn1/Prkd1/Vegfa/Robo1/Xbp1"
"GOBP_INFLAMMATORY_RESPONSE_TO_ANTIGENIC_STIMULUS",0.471604059106285,0.672552307169768,0.0240362348647075,-0.278681535991093,-0.988687495868767,41,"Fgr/Lyn/C3/Cysltr1/Cd68/Rbpj/Fcgr1/Kdm6b/Il12b/Fyn/Gnas/Hck/Furin/Fcgr2b/Cd6/Yes1/Ext1"
"GOBP_ORGANIC_CATION_TRANSPORT",0.471780534684606,0.672552307169768,0.0237253805336842,-0.256292186635859,-0.9892018539149,61,"Slc6a14/Slc11a1/Ace2/Slc38a2/Slc7a1/Slc16a9/Slc7a5/Slc6a20a/Flvcr2/Tspo2/Slc6a9/Slc16a10/Rhag/Serinc5"
"GOBP_REGULATION_OF_CELL_ADHESION_MEDIATED_BY_INTEGRIN",0.472141823444284,0.672752387640545,0.0242793261356251,-0.292022114358743,-0.989057068156668,33,"Piezo1/Lyn/Swap70/Crk/Adam9/Epha2/Pik3cg"
"GOBP_NUCLEAR_MIGRATION",0.475088635939541,0.675941536895865,0.0246888551336636,-0.340848409326976,-0.98317420931771,17,"Dock7/Pafah1b1/Myh10/Cdc42/Syne3/Syne2"
"GOBP_ARACHIDONATE_METABOLIC_PROCESS",0.475262093066029,0.675941536895865,0.0244440737207865,-0.311837661503302,-0.980888390025538,24,"Ptgs2/Alox5/Pnpla8/Cyp2j9/Cyp4f18"
"GOBP_REGULATION_OF_HORMONE_LEVELS",0.475451425160424,0.675941536895865,0.0211012316255368,-0.20651013714582,-0.99469196174113,257,"Arntl/Bmp5/Il1b/Hsd17b12/Anxa1/Tiparp/Dhrs9/Jak2/Alox5/Snap23/Mme/Ugt1a7c/Smad4/Rab1a/Smad2/Enpep/Ace2/Ccdc186/Lyn/Inhbb/Plcb1/Acsl4/Scpep1/Rac1/Gpld1/Dgkq/Clock/Glp1r/Gnai1/Klf7/Serp1/Slc7a5/Bmp2/Cftr/Irs1/Grp/Cckar/Creb1/Fga/Pcsk7/Prkd1/Slc16a10/Aqp1/Nadk/Ildr2/Iyd/Ghr/Ano1/Aldh1a7/Snx4/Yipf5/Esr1/Rdh12/Kdm5b/Fgg/Lrp5/Stard3/Gcnt4/Stxbp4/Ltbp4/Med1/Tubb1/Chrm3/Rab11fip2"
"GOBP_CEREBELLAR_PURKINJE_CELL_LAYER_DEVELOPMENT",0.475577926920209,0.675941536895865,0.0246563706853499,-0.352060832308079,-0.981888457470186,15,"Hspa5/Arcn1/Herc1/Ttc21b/Myh10/Aars"
"GOBP_POSITIVE_REGULATION_OF_VACUOLE_ORGANIZATION",0.475577926920209,0.675941536895865,0.0246563706853499,-0.334702373673907,-0.990255824958848,19,"Snx7/Becn1/Irgm1/Irgm2/Snx4/Ralb/Pip4k2a/Ppp3cb/Sh3glb1"
"GOBP_POSITIVE_REGULATION_OF_B_CELL_MEDIATED_IMMUNITY",0.47571189279732,0.675941536895865,0.0246239707499508,-0.323956677810645,-0.984128008525637,21,"Ptprc/C3/Rif1/Kmt5b"
"GOBP_SODIUM_ION_HOMEOSTASIS",0.476252319109462,0.676382270879012,0.0245529863459819,-0.329233695387862,-0.988828113814304,20,"Slc1a3/Atp1a3/Scn7a/Atp1b1/Ext2"
"GOBP_GLUTAMATE_RECEPTOR_SIGNALING_PATHWAY",0.476466328747285,0.676382270879012,0.0241416122075463,-0.290165589401699,-0.989111977078325,34,"App/Cpeb4/Fmr1/Plcb1/Shank3"
"GOBP_POTASSIUM_ION_IMPORT_ACROSS_PLASMA_MEMBRANE",0.476931526913219,0.676727166566053,0.0243108390832413,-0.307784618763869,-0.978536688675091,25,"Kcnj2/Kcne2/Kcnj13/Atp1a3/Kcnj15/Atp1b1"
"GOBP_REGULATION_OF_POTASSIUM_ION_TRANSPORT",0.477330853289933,0.676978317777291,0.028389060662869,0.25648911407178,0.982019308254575,46,"Vamp2/Kcnh2/Actn2/Cd63/Cav3/Abcc8/Amigo1/Kcnn4/Ank2/Adra2a/Kcng1/Wwp2/Akap6/Ywhae/Adora1/Atp1b2/Gck/Nppa"
"GOBP_LONG_TERM_SYNAPTIC_POTENTIATION",0.477681701332087,0.677160512363224,0.0284676117707769,0.241722933036913,0.983775054606327,61,"Nfatc4/Vamp2/Pde9a/Gria1/Stx4a/Fam107a/Ntrk2/Nrgn/Camk2a/Stx3/Ager/Mpp2/Ptn/Adcy1/Cyp46a1"
"GOBP_REGULATION_OF_FATTY_ACID_METABOLIC_PROCESS",0.477963125548727,0.677244168122789,0.0235936628401341,-0.268131318577886,-0.986428193456934,48,"Ptgs2/Il1b/Ceacam1/Ugt1a7c/Insig1/Abcd2/Pdk3/Plaa/Irs1"
"GOBP_LIMBIC_SYSTEM_DEVELOPMENT",0.478863147838548,0.677980406678525,0.028813567878678,0.239134446480306,0.985174525671042,65,"Pianp/Nkx2-1/Atp1a2/Id4/Xrcc1/Cdk5/Bax/Ppp1r9b/Lef1/Nrp1/Hap1/Fgfr1/Ezh1/Cfl1/Ywhae/Srd5a1/Hdac1/Pomgnt1/Fgf13/Ptprs/Large1"
"GOBP_PRESYNAPTIC_MODULATION_OF_CHEMICAL_SYNAPTIC_TRANSMISSION",0.478928031121677,0.677980406678525,0.0270431395006687,0.335220202605783,0.978053659449374,16,"Rab3a/Chrm2/Pfn2/Adcy1/Adra2a/Apba1/Fbxl20"
"GOBP_REGULATION_OF_OSSIFICATION",0.479414298018949,0.67835340960395,0.0232356342171485,-0.250604465419792,-0.984700333362035,66,"Ccr1/Alox5/Smad2/Egr2/Acvr2a/Nipbl/S1pr1/Ddr2/Rflnb/Atp2b1/Bmpr1b/Bmp2"
"GOBP_CARDIAC_CONDUCTION",0.480887210948561,0.679810440256123,0.0285202432688668,0.246044920886137,0.981323586094837,56,"Atp1a2/Prkaca/Kcnh2/Slc4a3/Atp2a1/Hrc/Pln/Ank2/Tbx5/Agt/Trdn/Tbx18/Dsc2/Kcnj3/Ywhae/Scn4b/Jup/Atp1b2/Kcna5/Ryr2"
"GOBP_ACROSOME_REACTION",0.480890538033395,0.679810440256123,0.0243931490287998,-0.328085220692843,-0.985378758288585,20,"Abhd2/Adcy3/Plcb1"
"GOBP_NEGATIVE_REGULATION_OF_HYDROLASE_ACTIVITY",0.481691688026364,0.680627002338876,0.024147838866986,-0.306973246223114,-0.975957099732338,25,"Lrrk2/Abce1/Serpinb8/Klrk1/Rdx/Cr1l/Uri1/Chp1/Gnat1"
"GOBP_GLUCOSE_METABOLIC_PROCESS",0.482138267797481,0.680942034064625,0.0300273375549225,0.220285700057195,0.986476260858964,103,"Bckdk/Pdk2/Slc25a10/Pfkm/Igfbp4/Eno3/Prkaca/Dcxr/Tpi1/Gpi1/Npy1r/Kcnj11/Actn3/C1qtnf12/Aldoc/Pfkfb1/Mlycd/Dlat/Tcf7l2/Pdk1/Tigar/Sirt7/Ogt/Wdr5/Mdh2/Rorc/Pgp/Sdhaf3/Mst1/Pik3ca/Gck"
"GOBP_PROTEIN_LOCALIZATION_TO_CHROMATIN",0.482689867681711,0.681405028785726,0.023950121664712,-0.296125665144685,-0.982216672887905,30,"Ints8/Vcpip1/Nipbl/Ints6/Esco2/Pphln1/Esr1/Spi1/Spin1/Vcp"
"GOBP_PROSTANOID_METABOLIC_PROCESS",0.483156352984255,0.681747495290573,0.0240981129539853,-0.306584760124566,-0.974721989602418,25,"Ptgs2/Il1b/Pnpla8"
"GOBP_VESICLE_FUSION_TO_PLASMA_MEMBRANE",0.483398016386373,0.68177256132307,0.0268409066484514,0.339344107585064,0.974319393338429,15,"Rab3a/Syt5/Grik5/Snapin/Cplx1"
"GOBP_CARDIAC_VENTRICLE_DEVELOPMENT",0.483848914715433,0.682092567272451,0.0229610464423423,-0.246762638454981,-0.980563479237863,70,"Smad4/Tgfbr2/Mdm2/Cited2/Robo2/Lrp2/Luzp1/Aplnr/Nrg1/Tgfbr1/Mdm4/Slit2/Sema3c/Rbpj/Jag1/Robo1/Eng/Frs2"
"GOBP_ANIMAL_ORGAN_REGENERATION",0.485903083700441,0.684476861146682,0.0271217810622462,0.294315012062992,0.974960263053417,25,"Rps15/Ucp2/Gas6/Vtn/Srsf5"
"GOBP_REGULATION_OF_MYELINATION",0.48598981077147,0.684476861146682,0.0239011817645795,-0.294477631860997,-0.984136601274178,31,"Ctnnb1/Egr2/Fig4/Nrd1/Mtor/Dicer1/Tnfrsf1b/Dlg1/Rnf10/Tmem98/Jam2/Eif2ak3/Dag1/Pard3"
"GOBP_POSITIVE_REGULATION_OF_MAP_KINASE_ACTIVITY",0.486604702022963,0.685026036828444,0.0239072886771974,-0.303733669770302,-0.975012173163691,26,"Traf6/Fgf2/Ptpn1/Pik3cg/Pdcd10/Arhgef5/Sash1/Pik3r5"
"GOBP_PEPTIDE_METABOLIC_PROCESS",0.487211590055446,0.685563443492992,0.0235817578906043,-0.282179853932977,-0.979432193631792,37,"Erap1/Mme/Enpep/Slc7a11/Cpm/Gclm/Aebp1/Chac1/Lancl3/Bloc1s6"
"GOBP_METABOLIC_COMPOUND_SALVAGE",0.488653555219365,0.687274861728852,0.0266951215094869,0.332768531531379,0.97090055278263,16,"2210016F16Rik/Naprt/Apip/Adssl1/Dguok/Slc35c1/Upp2/Pnp2/Ampd2"
"GOBP_MITOCHONDRIAL_RNA_PROCESSING",0.489338789575705,0.687567513113471,0.0266114758272282,0.325639290998071,0.970575837493241,17,"Fastk"
"GOBP_ZYMOGEN_ACTIVATION",0.489424314879529,0.687567513113471,0.0239623869390995,-0.309373402144353,-0.973137038301208,24,"Thbs1/Dhcr24/Vsir/Fga/Plat/Runx1/Fgg/Thbd/Hgfac/Furin"
"GOBP_REGULATION_OF_FAT_CELL_DIFFERENTIATION",0.489539037251233,0.687567513113471,0.0226979944189286,-0.242231714760618,-0.981088352739043,78,"Ptgs2/Arntl/Alox5/Zfp36l2/Insig1/Vstm2a/Bmp2/Zfp36/Zc3h12a/Creb1/Vegfa/Jag1/Pim1/Xbp1/Tmem64/Lrp5"
"GOBP_CELLULAR_RESPONSE_TO_FLUID_SHEAR_STRESS",0.491208587821581,0.689428598104664,0.024005411352952,-0.315841666812948,-0.971048118442549,22,"Ptgs2/Pkn2/Ptpn1/Mmp2/Mtor/Xbp1/Ppp2ca"
"GOBP_CIRCADIAN_REGULATION_OF_GENE_EXPRESSION",0.491316931982634,0.689428598104664,0.0236294467331277,-0.288515706264454,-0.977181126099632,33,"Arntl/Top1/Clock/Bhlhe40/Gfpt1/Ppp1ca/Huwe1/Ppp1cb/Ahr/Mybbp1a/Hnrnpu/Noct"
"GOBP_REGULATION_OF_INSULIN_SECRETION",0.492392117735096,0.690619068863827,0.0290952264874256,0.222680235777203,0.982947929036153,94,"Nnat/Slc8b1/Pick1/Pfkm/Prkaca/Gpr27/Cdk16/Ucp2/Slc25a22/Uqcc2/Stx4a/Hadh/Myrip/Mcu/Abcc8/Kcnj11/C1qtnf12/Stx1a/Ndufaf2/Adra2a/Tcf7l2/Prkce/Gnao1/Ffar2/Nr1d1/Eny2/Rapgef3/Kcna5/Sybu/Gck/Brsk2/Rbp4/Npff/Syt7/Nlgn2/Eipr1/Vsnl1/Pla2g6/Cpt1a/Sirt3/Gna11"
"GOBP_POSITIVE_REGULATION_OF_ISOTYPE_SWITCHING",0.49310216256525,0.691296540060399,0.0240609490248291,-0.346913419365293,-0.967532457340267,15,"Ptprc/Rif1/Kmt5b"
"GOBP_MONOSACCHARIDE_TRANSMEMBRANE_TRANSPORT",0.493367786391042,0.69135062566071,0.0227757629222138,-0.248755335169123,-0.977434544337831,66,"Il1b/Slc5a3/Slc2a3/C3/Gpc3/Ocln/Braf/Prkci/Irs1/Sorbs1/Slc23a2/Slc5a2/Osbpl8/Stxbp4/Slc23a1"
"GOBP_VIRAL_PROTEIN_PROCESSING",0.494321834154703,0.692049216193593,0.0263489333555479,0.316287737918722,0.963411218906133,18,"Mgat4b/Parp10/Edem2/Spcs1/Prmt1/St6galnac2"
"GOBP_POSITIVE_REGULATION_OF_AMINE_TRANSPORT",0.494407158836689,0.692049216193593,0.0240177315528777,-0.329141978348204,-0.973804749933858,19,"Itgb1/Arl6ip1/Ace2/Slc7a5/Gdnf"
"GOBP_NEGATIVE_REGULATION_OF_OSSIFICATION",0.494548142672334,0.692049216193593,0.0238706923384388,-0.311411943665641,-0.96835402594281,23,"Ccr1/Smad2/Rflnb"
"GOBP_SYNAPTIC_VESICLE_EXOCYTOSIS",0.495132127955494,0.692478735893386,0.0228652484630853,-0.254085569611988,-0.977077930884116,59,"Lrrk2/Rab5a/Snap23/Snap29/Fmr1/Cadps2/Cask/Rap1b"
"GOBP_LUNG_ALVEOLUS_DEVELOPMENT",0.495309913555269,0.692478735893386,0.0237675869766548,-0.308169210678151,-0.969349242359976,24,"Hs6st1/Slc7a11/Fbn1/Stk40/Creb1/Itgb6/Bloc1s6/Man2a1/Selenon"
"GOBP_REGULATION_OF_CATION_CHANNEL_ACTIVITY",0.495559180714156,0.692509272728135,0.0235224048028826,-0.293436150377126,-0.973295844477491,30,"Fmr1/Kcne2/Ubqln1/Calm1/Gpr35/Ctss/Grp"
"GOBP_POSITIVE_REGULATION_OF_LIPID_TRANSPORT",0.495918367346939,0.692693315858454,0.0272725432829734,0.27019602366643,0.970901346289016,35,"Spp1/Dbi/Fabp3/Mif/Commd1/Nmb/P2rx4"
"GOBP_RIG_I_SIGNALING_PATHWAY",0.496644295302013,0.693389215586718,0.0239439935823993,-0.328471375010379,-0.97182069211488,19,"Rnf125/Ddx60/Usp15/Zc3hav1/Oasl1/Pum2/Lsm14a/Trim15/Ankrd17/Trim25"
"GOBP_AMYLOID_FIBRIL_FORMATION",0.497673552949935,0.694256223828371,0.0238828790927908,-0.319024681377909,-0.96914540078868,21,"App/Cd36/Mdm2/Ripk1"
"GOBP_COLLAGEN_BIOSYNTHETIC_PROCESS",0.497773654916512,0.694256223828371,0.0238281330132989,-0.324513828903492,-0.974652357387865,20,"Serpinh1/Col1a1/Itga2/Ddr2"
"GOBP_PROTEIN_LOCALIZATION_TO_CHROMOSOME_TELOMERIC_REGION",0.497949291573453,0.694256223828371,0.0239011817645795,-0.34553938075548,-0.96370029957864,15,"Atrx/Atr/Tnks2/Sox7/Tnks/Xrcc5"
"GOBP_EMBRYONIC_DIGESTIVE_TRACT_DEVELOPMENT",0.498275118585597,0.694392556564368,0.0263192713096532,0.335809833466725,0.964171841818005,15,"Rbpms2/Id2/Sox11/Ovol2/Hnf1b/Fgf9/Shox2/Gli3"
"GOBP_PEROXISOME_ORGANIZATION",0.498560354374308,0.694472222813251,0.0267716426838555,0.290908528929166,0.971997121292462,26,"Pex14/Pex6/Abcd4/Pex19/Pex10/Hacl1/Pex11b/Abcd1/Pex5l"
"GOBP_RESPONSE_TO_ETHANOL",0.499154548528914,0.694795516519301,0.022294926271817,-0.241757580980814,-0.976837067192977,76,"Fos/Cybb/Fosb/Tnc/S100a8/Eps8/Adcy7/Fgf2/Psmd14/Vcam1/Cd68/Cat/Myd88/Creb1/Slc23a2"
"GOBP_REGULATION_OF_TRANSMEMBRANE_TRANSPORT",0.499248798076923,0.694795516519301,0.0204528763153076,-0.206407801975038,-0.984862353250577,239,"Thbs1/Pde4b/App/Il1b/Itgb1/Arl6ip1/Cab39/Actn4/Vmp1/Fmr1/Kcnj2/Ace2/Crbn/Mink1/Kcne2/Lyn/Cacna1d/C3/Gpc3/Kcnj13/Ms4a1/Cttnbp2nl/Ocln/Ubqln1/Aplnr/Nedd4/Kcnj15/Braf/Utrn/Prkci/Atp1b1/Calm1/Acsl5/Slc7a5/Trpc6/Gpr35/Cftr/Ctss/Irs1/Grp/Sorbs1/Pik3cg/Prkd1"
"GOBP_ESTABLISHMENT_OF_PROTEIN_LOCALIZATION_TO_PLASMA_MEMBRANE",0.499665551839465,0.695057837072257,0.0268486259097474,0.278281786508452,0.966240279981636,30,"Vamp5/Vamp2/Commd1/Rab34/Gga1/Arfrp1"
"GOBP_APOPTOTIC_PROCESS_INVOLVED_IN_MORPHOGENESIS",0.501293661060802,0.697004199968102,0.02621599740153,0.311494589638888,0.960992710722672,19,"Bax/Cryab/Lef1/Jag2/Foxc1/Scrib/Bmp7"
"GOBP_REGULATION_OF_SYNAPTIC_TRANSMISSION_GABAERGIC",0.502423564504101,0.698256391563208,0.0237555132762856,-0.327561070866156,-0.969127451635566,19,"Cnr2/Plcl1/Kif5b/Zdhhc3/Car2"
"GOBP_DNA_TEMPLATED_TRANSCRIPTION_ELONGATION",0.502798982188295,0.698273285014878,0.0222307947373058,-0.239128851919406,-0.975702676324394,81,"Ctnnb1/Cdk13/Ints8/Ccnt1/Scaf8/Ppp1r10/Cdk12/Cdc73/Ints6/Tox4/Tcea1/Med14/Usp15/Iws1/Ppp1ca/Ncbp1/Med1/Larp7/Ints11/Med20/Ints3/Ints10/Wdr43/Hnrnpu/Kat7/Map2k1/Eloa/Eaf1"
"GOBP_SOMITOGENESIS",0.502894356005789,0.698273285014878,0.0232530010918005,-0.286138023740173,-0.969128093158489,33,"Xrcc2/Smad4/Med12/Nrarp/Sema3c/Nckap1/Abi1/Rbpj"
"GOBP_PLATELET_DENSE_GRANULE_ORGANIZATION",0.503133779987033,0.698287310875348,0.02619397639682,0.329376736831118,0.961004498807051,16,"Ap1s1/Ap3s2/Bloc1s2"
"GOBP_SCF_DEPENDENT_PROTEASOMAL_UBIQUITIN_DEPENDENT_PROTEIN_CATABOLIC_PROCESS",0.50376606114311,0.698724954462659,0.0265963264063149,0.286208913712281,0.966367906671724,27,"Fbxo31/Fbxw7/Rbx1"
"GOBP_PROTEIN_LOCALIZATION_TO_EXTRACELLULAR_REGION",0.503908045977011,0.698724954462659,0.0206152745158868,-0.209273655877994,-0.982623191228973,207,"Tlr4/Arntl/Il1b/Jak2/Alox5/Wls/Smad2/Plek/Pdia4/Pafah1b1/Adam8/Copg2/Golph3/Ccdc186/Inhbb/Plcb1/Hmgcr/Acsl4/Canx/Arf6/Rac1/Rap1gds1/Frmd4a/Vegfc/Gpld1/Adam9/Clock/Gnai1/Fbn1/Klf7/Ppid/Mia2/Serp1/Tmem167/Cftr/Irs1/Fga/Dph3/Tmed10/Vps13a/Nadk/Ildr2/Myh10/Ano1/Tmem132a/Bloc1s6"
"GOBP_NEURON_PROJECTION_GUIDANCE",0.504408883082952,0.698882937263689,0.0215820026286739,-0.223211528050673,-0.976270112852183,124,"App/Usp33/Flrt3/Emb/Sema3a/Smad4/Egr2/Pcdhac2/Sema6d/Lama2/Robo2/Adam17/Rac1/Cyfip2/Kif5b/Klf7/Bmpr1b/Slit2/Sema3c/Gdnf/Vegfa/Nrcam/Myh10/Robo1"
"GOBP_PALLIUM_DEVELOPMENT",0.504481016783445,0.698882937263689,0.0215466678299074,-0.227126288312721,-0.976763373191216,109,"Ndel1/Ctnnb1/Fos/Col3a1/Fxr1/Vps13b/Rhoa/Slc38a2/Pafah1b1/Plcb1/Casp3/Crk/Ccdc39/Rtn4/Rac1"
"GOBP_REGULATION_OF_DNA_TEMPLATED_TRANSCRIPTION_INITIATION",0.505515671511119,0.699997826171604,0.0226482592878794,-0.260733628821381,-0.970799371036625,51,"Med13/Med12/Taf4b/Jun/Cand1/Taf7/Med14/Setx/Zfp451/Creb1/Psmc6/Srf/Taf6/Med1"
"GOBP_NEGATIVE_REGULATION_OF_PROTEIN_SECRETION",0.505788712011577,0.700057558216024,0.0231606595654431,-0.285579251412535,-0.967235573061667,33,"Il1b/Inhbb/Hmgcr/Frmd4a/Gnai1/Klf7/Irs1/Dph3"
"GOBP_POSITIVE_REGULATION_OF_ENDOTHELIAL_CELL_PROLIFERATION",0.507266678340046,0.701517803418172,0.022593233401797,-0.260524255464635,-0.970019803307062,51,"Jun/Akt3/Fgf2/Ccr3/Adam17/Aplnr/Nr4a1/Tgfbr1/Acvrl1/Nrarp/Prkd1/Vegfa"
"GOBP_MAMMARY_GLAND_DUCT_MORPHOGENESIS",0.507348837209302,0.701517803418172,0.0235639219698724,-0.337774580517099,-0.96009408633789,16,"Areg/Epha2/Esr1/Kdm5b/Lrp5/Med1"
"GOBP_REGULATION_OF_RIG_I_SIGNALING_PATHWAY",0.50753488372093,0.701517803418172,0.0235579823866944,-0.337674006810379,-0.959808214556434,16,"Rnf125/Ddx60/Usp15/Zc3hav1/Oasl1/Pum2/Trim15/Ankrd17"
"GOBP_RESPONSE_TO_MONOAMINE",0.50778245742538,0.701541553021907,0.0232936192958527,-0.295087158959582,-0.960196405250167,28,"Lrrk2/App/Prkd1/Gna14/Gnb1/Cav2/Htr7"
"GOBP_BONE_RESORPTION",0.50853614239012,0.702264196633975,0.023137682019023,-0.287273445093765,-0.966041378959797,32,"Tnfaip3/Ctnnb1/Traf6/Adam8/S1pr1"
"GOBP_CENTRAL_NERVOUS_SYSTEM_PROJECTION_NEURON_AXONOGENESIS",0.508837209302326,0.70236142444496,0.023516485167017,-0.337196121358956,-0.958449867829584,16,"Pafah1b1/Nin/Nr4a2/Slit2/Wdr47"
"GOBP_CANONICAL_WNT_SIGNALING_PATHWAY",0.509448695923786,0.702886850515599,0.0207373241452539,-0.212197060018406,-0.981294733471128,185,"Lrrk2/Arntl/App/Ddx3x/Rab5a/Ctnnb1/Usp34/Wls/Smad4/Rnf146/Scel/Scyl2/Smurf2/Cdk14/Col1a1/Fgf2/Kpna1/Gpc3/Frat2/Fzd5/Amer2/Bmp2/Tle4/Spin4/Nr4a2/Nrarp/Ttc21b/Ccny/Rbpj/Tmem170b/Ppp1ca/Lrrk1/Cyld/Ppp2ca/Tnks2/Tmem64/Lrp5/Tcf7/Ppm1a/Ilk/Psen1"
"GOBP_VESICLE_ORGANIZATION",0.510999848277955,0.70451026582653,0.0202471954870176,-0.207034256114418,-0.98001215547935,222,"Plekhf2/Lrrk2/Picalm/Anxa1/Atp6v0c/Washc4/Snap23/Rab1a/Snap29/Vps13b/Pafah1b1/Golph3/Dnajc13/Insig1/Lyst/Stxbp6/Pdcd6ip/Vps37b/Rab32/Stam/Pi4k2b/Vav3/Prkci/Agfg1/Fnbp1l/Knl1/Hps5/Creb1/Stam2/Arfgef2/Wasl/Diaph3/Atp6v1a/Stx19/Aqp1/Trappc10/Tmed10/Ap3s1/Stx7/Bloc1s6/Bet1/Yipf5/Uvrag"
"GOBP_NEURAL_RETINA_DEVELOPMENT",0.511134865490825,0.70451026582653,0.0227479318765242,-0.273461216886844,-0.965547973178378,40,"Tspan12/Fos/Fat3/Rp1/Crb1/Hipk2/Gpm6a/Casp2/Gnat1/Psen1/Rpgrip1l/Arl6/Hipk1/Tgif1/Zhx2/Slc1a1/Ttc8/Stat3"
"GOBP_NEGATIVE_REGULATION_OF_PEPTIDYL_TYROSINE_PHOSPHORYLATION",0.511372110365399,0.70451026582653,0.0234692300716256,-0.341989424318179,-0.953799563880619,15,"Samsn1/Socs4"
"GOBP_THYMUS_DEVELOPMENT",0.511826783114993,0.70451026582653,0.0230632999581298,-0.288842381746782,-0.965303741679087,31,"Ctnnb1/Cited2/Braf/Tgfbr1/Rag1/Ripk3/Srf/Psen1/Six4/Bcl2l11/Ccnb2/Zbtb1/Map2k1"
"GOBP_EMBRYONIC_CAMERA_TYPE_EYE_MORPHOGENESIS",0.512,0.70451026582653,0.023416283634507,-0.336358825402104,-0.956069928831637,16,"Kdm2b/Cited2/Fzd5/Sp3/Hipk2/Frs2"
"GOBP_POSITIVE_REGULATION_OF_CELL_SUBSTRATE_ADHESION",0.512013536379019,0.70451026582653,0.0219046947976313,-0.238028042296943,-0.969801489764304,80,"Hsd17b12/Jak2/Cd36/Nedd9/Edil3/Crk/Abi3bp/Npnt/Rac1/Rock1/Braf/Utrn/Fga/Tesk1/Vegfa/Map4k4/Cdc42/Fgg/Alox15/Ilk/Dock1/Prex1/Ptprj/Ppm1f/Kdr/Fn1/P4hb/Dag1/Cx3cl1/Cdk6/Plekha2"
"GOBP_ENSHEATHMENT_OF_NEURONS",0.512747875354108,0.705202023691625,0.0289400210909657,0.216654155318609,0.973267386180724,105,"Mapk3/Eif2b4/Cdk18/Nab2/Erbb2/Id4/Sox10/Plp1/Hras/Map2k2/Mpz/Ormdl3/Gal3st1/Cldn5/Amigo1/Gpc1/Acsbg1/Ank2/Ntrk2/Ptn/Cntn1/Scn8a/Hexa/Mag/S100b/Jam3/Abcd1/Ntrk3/Cd9/Pomgnt1/Myoc/Cldn11/Ndrg1/Large1"
"GOBP_PYRIMIDINE_CONTAINING_COMPOUND_CATABOLIC_PROCESS",0.513799051315222,0.706328718399481,0.0257969111127991,0.308490119490773,0.951723612613233,19,"Neil1/Nt5m/Dctpp1/Dpysl5/Ogg1/Entpd5/Neil2"
"GOBP_LUNG_MORPHOGENESIS",0.514827201783724,0.706627914093684,0.026334093659863,0.275975461706863,0.958232339720883,30,"Tbx2/Mapk3/Nkx2-1/Vangl2/Map2k2"
"GOBP_REGULATION_OF_LIPID_CATABOLIC_PROCESS",0.514892844169996,0.706627914093684,0.0229384384694753,-0.286123936166034,-0.962175817388976,32,"Il1b/Abhd5/Sorl1/Abcd2/Gpld1/Irs1/Pik3cg/Prkaa1/Lonp2"
"GOBP_REGULATION_OF_MITOTIC_CELL_CYCLE_PHASE_TRANSITION",0.514932266009852,0.706627914093684,0.0203518895016982,-0.208966655097681,-0.977753303751256,201,"Ddx3x/Anxa1/Wac/Rint1/Tmod3/Bub1/Dusp1/Pkd1/Tpr/Nek6/Mdm2/Gtpbp4/Nabp1/Dcun1d3/Zfp36l2/Cdc73/Plcb1/Kmt2e/Ddb1/Atr/Adam17/Ddr2/Zfp655/Senp2/Rrm2b/Topbp1/Slfn9/Bub1b/Cenpf/Ccne2"
"GOBP_REGULATION_OF_ANIMAL_ORGAN_MORPHOGENESIS",0.514944939695857,0.706627914093684,0.0223271183515722,-0.260912144609135,-0.964458300533665,49,"Hgf/Ctnnb1/Cited2/Fgf2/Robo2/Bmp2/Gdnf/Vegfa/Robo1/Frs2/Wt1/Sec24b/Runx2/Jhy/Six4"
"GOBP_RESPONSE_TO_OXYGEN_LEVELS",0.515816953316953,0.707505685968524,0.0202880561818012,-0.207762828215081,-0.976595858403868,210,"Thbs1/Ptgs2/Fos/Cybb/Cpeb4/Smad4/Hyou1/Mdm2/Adam8/Cited2/Col1a1/Rock2/Cd24a/Casp3/Postn/Ubqln1/Itga2/Adam17/Rtn4/Ddr2/Vegfc/Vcam1/Ptpn1/Atp1b1/Becn1/Mdm4/Slc7a5/Trpc6/Cat/Bmp2/Pdk3/Nr4a2/Creb1/Pak1/Atp6v1a/Aqp1/Loxl2/Vegfa/Mmp2/Plat/Prkaa1/Plod2/Hipk2/Eng/Mtor/Stc1/Pmaip1/Fundc1/Srf/Lcn2/Ccnb1/Atf2"
"GOBP_PLASMA_MEMBRANE_ORGANIZATION",0.516102119138996,0.707578096703396,0.0215617988158999,-0.232086491950253,-0.970316957250495,94,"Ptprc/Myh9/Vmp1/Tmem63b/Tmem41b/Abcd2/Colec12/Serp1/Baiap2l1/Iqgap1/Casp7/Fnbp1l/Crb1/Atp10a/Cr1l/Wasl/Bin2/Sptbn1/Tmeff2/Myh10/Serinc5/Cav2/Slc4a1/Ilk/Asap1/Clptm1l/Ehd2"
"GOBP_ACTIN_POLYMERIZATION_OR_DEPOLYMERIZATION",0.517043592264831,0.708229401879956,0.0212528345256173,-0.226877790595121,-0.969777800148686,106,"Capza1/Jak2/Washc2/Tmod3/Plek/Sptan1/Eps8/Swap70/Was/Arf6/Rac1/Cyfip2/Rasa1/Ttc17/Mical2/Baiap2l1/Rdx/Slit2/Wasl/Diaph3/Nckap1/Abi1/Sptbn1/Arhgap28"
"GOBP_HORMONE_METABOLIC_PROCESS",0.517103287168363,0.708229401879956,0.0215315555416594,-0.231839572372107,-0.969284625503226,94,"Bmp5/Hsd17b12/Tiparp/Dhrs9/Mme/Ugt1a7c/Enpep/Ace2/Scpep1/Dgkq/Bmp2/Pcsk7/Slc16a10/Iyd/Ghr/Aldh1a7/Yipf5/Esr1/Rdh12/Stard3/Gcnt4/Med1/Cpq/Atp1a1/Slc5a5/Scp2"
"GOBP_POSITIVE_REGULATION_OF_HORMONE_SECRETION",0.517274939172749,0.708229401879956,0.027768882536294,0.230404602129865,0.969063810701974,72,"Spp1/Nnat/Vamp8/Pfkm/Prkaca/Gpr27/Stx4a/Myrip/Nmb/Mcu/Gabbr1/Abcc8"
"GOBP_CGAS_STING_SIGNALING_PATHWAY",0.517633886919201,0.708254672242947,0.023287808487627,-0.329819916823561,-0.951362620645722,17,"Pcbp2/Smpdl3a/Irgm1/Tbk1/Irgm2/Rnf39/Zdhhc9/Parp1/Map3k7"
"GOBP_KETONE_BIOSYNTHETIC_PROCESS",0.518165706690297,0.708254672242947,0.0261135589237609,0.283290794072398,0.956515043840742,27,"Fdxr/Tpi1/Coq8b/Sirt5/Lhb/Wnt4/Ndufa9/Coq9"
"GOBP_TRNA_THREONYLCARBAMOYLADENOSINE_METABOLIC_PROCESS",0.518326865028029,0.708254672242947,0.0256485417185454,0.331271622711999,0.951141803427613,15,"Lage3"
"GOBP_OLEFINIC_COMPOUND_METABOLIC_PROCESS",0.518430439952438,0.708254672242947,0.0217704871824014,-0.241203731051595,-0.967042778124409,73,"Ptgs2/Bmp5/Dhrs9/Alox5/Pnpla8/Acsl4/Abcd2/Cyp2j9/Dgkq/Cyp4f18/Bmp2/Creb1/Aldh1a7/Rdh12/Stard3/Alox15/Daglb/Acox1/Cyp2e1/Scp2"
"GOBP_REGULATION_OF_CARDIAC_MUSCLE_CELL_PROLIFERATION",0.518456375838926,0.708254672242947,0.0232472094116832,-0.322662996957355,-0.954635931405136,19,"Vgll4/Fgf2/Nrg1/Tgfbr1/Rbpj/Runx1/Pim1/Ccnb1"
"GOBP_RESPONSE_TO_ACID_CHEMICAL",0.518938112952317,0.70859486723758,0.0216835253664191,-0.239620027290979,-0.968200143921018,76,"Cybb/Col3a1/Cpeb4/Eif2s1/Col4a1/Lyn/Col1a1/Bmt2/Casp3/Gclm/Rraga/Rragc/Slc7a5/Myd88/Creb1/Vegfa/Mmp2/Col4a6/Mtor/Xbp1/Sesn3/Lcn2/Tomm70a/Col1a2/Ipo5"
"GOBP_IN_UTERO_EMBRYONIC_DEVELOPMENT",0.519831730769231,0.709219675773535,0.0198371412967454,-0.204904205756745,-0.977688034762047,239,"Bmp5/Socs3/Cmip/Xrcc2/Ndel1/Ctnnb1/Skil/Myh9/Col3a1/Itgb1/Smad4/Smad2/Mbnl1/Pkd1/Tgfbr2/Traf6/Cited2/Hs6st1/Phf6/St8sia6/Kidins220/Gabpa/Rtn4/N4bp2l2/Maff/Adcy9/Senp2/Fzd5/Sp3/Tgfbr1/Birc6/Cops3/Plk4/Cnot2/Acvrl1/Bmp2/Iws1/Diaph3/Nckap1/Vegfa/Ncapg2/Rbpj/Tm4sf1/Bmi1/Myh10/Apob/Specc1/Srf/Fbxw8/Adamts3/Ccnb1/Atf2/Man2a1/Med1"
"GOBP_REGULATION_OF_TYPE_I_INTERFERON_MEDIATED_SIGNALING_PATHWAY",0.519861516034985,0.709219675773535,0.0228372141395502,-0.293496819139966,-0.950384478901725,27,"Ythdf3/Ptpn1/Ythdf2/Tbk1/Ptpn6/Mettl3/Trim56/Lsm14a/Zbp1/Cnot7/Gigyf2/Eif4e2/Mavs/Nlrc5"
"GOBP_EMBRYONIC_SKELETAL_SYSTEM_MORPHOGENESIS",0.52090633029666,0.710326814040899,0.026933847286694,0.246641617268893,0.957920631346154,49,"Hoxb4/Hoxb5/Pcgf2/Hoxb6/Tbx15/Osr2/Mmp14/Hoxa7/Eif4a3/Pax5/Sox11/Tbx1/Fuz/Bmp7/Osr1/Hoxd9/Mthfd1"
"GOBP_HEPARAN_SULFATE_PROTEOGLYCAN_METABOLIC_PROCESS",0.521249545949873,0.710476664018515,0.0227423732290563,-0.284910949170677,-0.958096792161731,32,"Ndst1/Ctnnb1/Hs6st1/Csgalnact1/Ext2/Hs2st1/Hs6st3/Xylt1"
"GOBP_ACTIVATION_OF_GTPASE_ACTIVITY",0.521860465116279,0.710770899490345,0.0231090202902407,-0.333931521632482,-0.94917053459246,16,"Ralgapa1/Ect2/Epha2/Arhgap42/Sipa1l1/Tiam1/Bcr/Rasgrp1"
"GOBP_ANOIKIS",0.521932259855636,0.710770899490345,0.0230234336016358,-0.309803496831286,-0.952483900305361,22,"Itgb1/Mcl1/Sik1"
"GOBP_PROTEIN_INSERTION_INTO_MEMBRANE",0.522586520947177,0.711330908702382,0.0227479318765242,-0.29007087247208,-0.953610104352398,29,"Sec61a1/Mal/Rab5if/Tmco1/Ccdc47/Mmgt1"
"GOBP_REGULATION_OF_SYSTEMIC_ARTERIAL_BLOOD_PRESSURE",0.522810697430519,0.711330908702382,0.0220877147325811,-0.260034873342822,-0.961215478870906,49,"Rps6ka2/Mme/Enpep/Ace2/Rhoa/Postn/Ptpn1"
"GOBP_SECONDARY_PALATE_DEVELOPMENT",0.52353488372093,0.711567829137377,0.0230575968465283,-0.333550967791436,-0.948088844277687,16,"Smad4/Smad2/Tgfbr2"
"GOBP_REGULATION_OF_MORPHOGENESIS_OF_AN_EPITHELIUM",0.523550724637681,0.711567829137377,0.0263118666274004,0.259623796335841,0.954524624643379,38,"Tbx2/Stox1/Pdgfa/Cav3/Wnt4/Agt/Lbx2/Sox8/Gata3/Fgfr1/Bmp7"
"GOBP_NEGATIVE_REGULATION_OF_INTERLEUKIN_1_PRODUCTION",0.52389878163074,0.711567829137377,0.0231664106614501,-0.325892600803477,-0.949049575309872,18,"Tnfaip3/Ceacam1/Zc3h12a/Il1r2"
"GOBP_RESPONSE_TO_CARBOHYDRATE",0.524146812620734,0.711567829137377,0.0207656632337389,-0.21938622770576,-0.970454579714898,133,"Thbs1/Icam1/Il1b/Gpam/Rps6ka2/Smad4/Smad2/Nptx1/Ccdc186/Lyn/Col1a1/Plcb1/Casp3/Itga2/Rac1/Gpld1/Colec12/Gclm/Klf7/Kat5/Cat/Rasal2/Cftr/Nadk/Ildr2/Prkaa1/Ano1/Xbp1/Zfp236/Srf/Lrp5/Lcn2/Stxbp4/Nox4/Rab11fip2"
"GOBP_RESPONSE_TO_MUSCLE_ACTIVITY",0.524153248195447,0.711567829137377,0.0229553905496813,-0.309330962369246,-0.951031103703525,22,"Itgb1/Slc38a2/Postn/Itga2/Slc7a5"
"GOBP_T_CELL_APOPTOTIC_PROCESS",0.524479259391134,0.711693112676472,0.0223271183515722,-0.270105885758309,-0.95826338426071,41,"Gpam/Arg2/Adam8/Ripk1/Dock8/Il7r/Lipa"
"GOBP_MORPHOGENESIS_OF_A_POLARIZED_EPITHELIUM",0.526847421584264,0.714588150879324,0.0221829154446353,-0.267153394157716,-0.957084648059,43,"Actg1/Rhoa/Pafah1b1/Rab10/Rap2a/Exoc5/Myo9a/Astn2/Cdc42/Sec24b/Jhy/Fat1/Rpgrip1l/Lama1/Msn"
"GOBP_PROTEIN_LOCALIZATION_TO_CELL_PERIPHERY",0.528065893837706,0.715798450251601,0.0198283775815812,-0.206093848591771,-0.973757398406355,219,"Sacm1l/Prkch/Picalm/Cltc/Fyb/Itgb1/Nptx1/Numb/Dennd4c/Traf6/Rapgef6/Mal/Rapgef2/Golph3/Rock2/Rab10/Arf6/Rac1/Sorl1/Ttc7b/Rock1/Gnai1/Kif5b/Zdhhc5/Prkci/Atp1b1/Epha2/Map7/Abca2/Rdx/Sorbs1/Efr3a/Rap2a/Dchs1/Ttc7/Wdr72/Zdhhc3/Rabep1/Neto2/Rab31/Sptbn1/Exoc5"
"GOBP_AXONEME_ASSEMBLY",0.528209890875319,0.715798450251601,0.0265887584555034,0.246932038504781,0.956446910227824,48,"Rsph9/Cluap1/Ccdc103/Gas8/Cep131/Rsph1/Neurl1a/Ccdc40/Dnah8/Spef1/Lrrc23"
"GOBP_STEM_CELL_DEVELOPMENT",0.528804062335843,0.715857605177994,0.0219358759330868,-0.257617808722102,-0.959198120341359,51,"Ptprc/Sema3a/Sema6d/Cited2/Fgf2/Kbtbd8/Nrg1/Kitl/Sema3c/Gdnf/Jag1/Cdc42/Eng"
"GOBP_REGULATION_OF_DENDRITIC_SPINE_MORPHOGENESIS",0.528958379211627,0.715857605177994,0.0256625970368135,0.277448659781927,0.948544135878125,28,"Efna1/Srcin1/Eef2k/Cdk5"
"GOBP_BIOMINERAL_TISSUE_DEVELOPMENT",0.528958821560094,0.715857605177994,0.0212282549413081,-0.230933096008273,-0.962405942250286,92,"Ccr1/Alox5/Wls/Acvr2a/Fgr/Col1a1/Rock2/Gpc3/S1pr1/Ddr2/Rflnb/Rock1/Herc1/Atp2b1/Bmpr1b/Bmp2/Cftr/Phex/Slc24a4/Wdr72/Itgb6"
"GOBP_NEGATIVE_REGULATION_OF_CELL_CYCLE",0.529544769369913,0.716332218005946,0.0196069902938321,-0.204066608254791,-0.972635938646161,236,"Tsc22d2/Ipo7/Wac/Ctnnb1/Rps6ka2/Rint1/Tom1l1/Bub1/Dusp1/H2-Q7/Atrx/Tpr/Btg3/Gtpbp4/Ppp1r10/Nabp1/Dcun1d3/Zfp36l2/Cdc73/Lyn/Smarca5/Casp3/Atr/Dtx3l/Zfp655/Gmnc/Nr4a1/Clock/Topbp1/Slfn9/Bub1b/Cenpf"
"GOBP_NEGATIVE_REGULATION_OF_T_CELL_DIFFERENTIATION",0.529797703663204,0.716350702681037,0.0225384531983045,-0.294225777054096,-0.944490989435702,26,"Anxa1/Il4ra/Zc3h12a/Nrarp/Runx1"
"GOBP_AMYLOID_BETA_FORMATION",0.530028943560058,0.716350702681037,0.0224133795932476,-0.281223720750945,-0.952483716354245,33,"Picalm/Rock2/Casp3/Rtn4/Sorl1/Rock1/Dyrk1a/Abca2/Slc2a13/Tmed10/Psen1/Abcg1/Chrna7/Ifng"
"GOBP_BONE_MINERALIZATION",0.530367835757057,0.716490709796025,0.0215265222593817,-0.242892787863249,-0.958973450608274,67,"Ccr1/Alox5/Acvr2a/Fgr/Gpc3/S1pr1/Ddr2/Rflnb/Herc1/Atp2b1/Bmpr1b/Bmp2/Phex"
"GOBP_NEGATIVE_REGULATION_OF_MICROTUBULE_DEPOLYMERIZATION",0.532599118942731,0.718880087881591,0.025550591846242,0.2859300494378,0.947183883896106,25,"Trim54/Cib1/Mid1ip1/Katnb1"
"GOBP_REGULATION_OF_TELOMERE_MAINTENANCE",0.532608695652174,0.718880087881591,0.0271296718528132,0.229227523295736,0.96336766013879,71,"Slx1b/Mapk3/Map2k7/Tfpt/Mapk15/Xrcc1/Rtel1/Ino80b/Mcrs1/Wrap53"
"GOBP_PROTEIN_INSERTION_INTO_ER_MEMBRANE",0.53284943234692,0.718886363090993,0.022781336708526,-0.311663834008747,-0.946784336613585,21,"Sec61a1/Rab5if/Tmco1/Ccdc47/Mmgt1"
"GOBP_MITOTIC_G2_DNA_DAMAGE_CHECKPOINT_SIGNALING",0.533187294633078,0.71902361034443,0.0254395760529163,0.289179313083306,0.947833274557409,24,"Fzr1/Babam2/Syf2/Foxo4/Ier3/Nop53"
"GOBP_RESPONSE_TO_AMPHETAMINE",0.533743475018643,0.71935777333233,0.022781336708526,-0.336951582064458,-0.939749153538025,15,"Fosb/Cnr2/Nr4a2"
"GOBP_CARBOHYDRATE_DERIVATIVE_CATABOLIC_PROCESS",0.534009069085089,0.71935777333233,0.0288405625611997,0.20325578972004,0.970251754776638,148,"Uchl1/Nudt3/Pfkm/Eno3/Prkaca/Pde9a/Neil1/Galt/Ucp2/Bpgm/Tpi1/Aldoa/Hyal2/Galk1/Amdhd2/Gpi1/Ctsl/Nt5m/Renbp/Dctpp1/Gpc1/Actn3/Ier3/Aldoc/Pfkfb1/Naga/Nudt1/Hint1/Fbxo44/Edem2/Neu1/Ogg1/Hexa/Gpd1l/Tigar/Ogt/Pde7a/Entpd5/Neil2/Hdac4/Gnpda1/Cela1/Gck/Gale/Fuca1/Pde1a/Nudt16"
"GOBP_REGULATION_OF_CELL_CYCLE_G1_S_PHASE_TRANSITION",0.534143817899638,0.71935777333233,0.0282850572775828,0.212885882285712,0.96664028850669,111,"Tbx2/Mepce/Ctdspl/Fbxo31/Fbxw7/Cdk10/Ctdsp2/Brd7/Mlf1/Ddrgk1/Cdkn2c/Psme2/Susd2/Dact1/Stox1/Cdk2ap2/Fam107a"
"GOBP_MUSCLE_CELL_CELLULAR_HOMEOSTASIS",0.535214301098428,0.719977308921676,0.0250921319809542,0.314245175413249,0.936615398498491,17,"Pfkm/Aldoa/Fxn/Csrp3/Pln/Chrna1/Large2/Large1/Ank/Capn3"
"GOBP_MIDBRAIN_DEVELOPMENT",0.535216178521618,0.719977308921676,0.0216784291665622,-0.254084170328038,-0.956123854308864,53,"Ndst1/Ctnnb1/Wls/Hspa5/Kdm2b/Rhoa/Fgf2/Rac1/Calm1/Nr4a2"
"GOBP_MEGAKARYOCYTE_DEVELOPMENT",0.535441860465116,0.719977308921676,0.0226979944189286,-0.330810441158681,-0.940299142016697,16,"Sh2b3/Wasf2/Fli1/Abi1/Ptpn6/Srf/Med1/Pip4k2a/Tal1"
"GOBP_CARDIAC_CHAMBER_MORPHOGENESIS",0.5355496238777,0.719977308921676,0.027113895130706,0.227000430927288,0.960485252918917,74,"Tbx2/Tnnt2/Dhrs3/Vangl2/Hey1/Fzd2/Tpm1/Cav3/Tbx5/Mesp1/Id2/Mybpc3/Fgfrl1/Nrp1/Smarcd3/Sox11/Gata3/Foxc1/Tbx1/Bmp7/Ovol2/Adprhl1/Cpe/Ube4b/Ryr2/Hes1/Pou4f1/Wnt2"
"GOBP_EXTRACELLULAR_VESICLE_BIOGENESIS",0.536353467561521,0.720689775807032,0.0227035330047586,-0.336096932198869,-0.93736555740579,15,"Arrdc4/Pdcd6ip/Stam"
"GOBP_MITOCHONDRIAL_FUSION",0.536552946389012,0.720689775807032,0.0255227457798182,0.280517463036162,0.9471510513877,27,"Bax/Rcc1l/Parl/Chchd3/Adck1/Vat1/Bnip3/Trabd/Usp30/Mfn1/Zdhhc6/Miga1"
"GOBP_HEART_MORPHOGENESIS",0.537012470151234,0.720988964554897,0.0286438814771541,0.20094468812448,0.968786626016911,156,"Tbx2/Efna1/Tnnt2/Dhrs3/Vangl2/Asb2/Synpo2l/Hey1/Ttn/Ndrg4/Sox18/Cluap1/Adam15/Tead2/Fzd2/Tpm1/Ccdc103/Rbm20/Npy1r/Cav3/Cldn5/Tmem100/Tbx5/Mesp1/Prickle1/Id2/Ccdc40/Lemd2/Mybpc3/Ryr1/Fgfrl1/Nrp1/Smarcd3/Sox11/Gata3/Foxc1/Axin2/Msx1/Tbx1/Bmp7/Ovol2/Adprhl1/Dvl2/Cpe/Ankrd1/Ube4b/Ryr2/Hes1/Pou4f1/Wnt2"
"GOBP_POTASSIUM_ION_TRANSPORT",0.537471027556013,0.721286592731627,0.0280965182557428,0.211264676459506,0.963789425335281,114,"Fxyd1/Kcna2/Vamp2/Atp1a2/Mcoln1/Fxyd6/Tmem38a/Kcnh2/Fxyd7/Actn2/Cd63/Slc12a9/Cav3/Abcc8/Kcnj11/Amigo1/Kcnn4/Ank2"
"GOBP_PROTEIN_LOCALIZATION_TO_CILIUM",0.538720538720539,0.722644951719842,0.0218322462988161,-0.265117000179608,-0.94978920859812,43,"Ccdc39/Dzip1/Ccdc66/Zdhhc3/Ttc21b/Rabep1/Wdr35/Arf4/Dync2h1/Ift122/Ttc21a/Asap1/Gdi2/Inpp5e/Rpgr/Cep78/Tbc1d32/Arl6"
"GOBP_PHENOL_CONTAINING_COMPOUND_BIOSYNTHETIC_PROCESS",0.539332096474954,0.723146734375268,0.0225384531983045,-0.314195207948234,-0.943661171979784,20,"Hdc/Rapgef2/Slc7a11/Gch1/Nr4a2"
"GOBP_CELL_FATE_COMMITMENT",0.540115532734275,0.723878431855575,0.0202562638677872,-0.21705317920287,-0.964318960243723,137,"Socs3/Jak1/Ctnnb1/Itgb1/Mcl1/Smad4/Smad2/Dock7/Rhoa/Irf4/Cdc73/Fgf2/Casp3/Rab10/Braf/Tgfbr1/Zdhhc16/Mga/Bmp2/Gatad2a/Rbpj/Jag1/Gatad2b/Cdc42/Cyld/Mtor/Rbbp7/Wt1/Eya2/Runx2/Psen1"
"GOBP_LONG_CHAIN_FATTY_ACID_METABOLIC_PROCESS",0.541190723433714,0.725000331216744,0.021391400883298,-0.249764231964885,-0.948896038406108,55,"Ptgs2/Alox5/Asah2/Pnpla8/Acsl4/Abcd2/Cyp2j9/Cyp4f18/Acsl5"
"GOBP_INTRACELLULAR_MONOATOMIC_ION_HOMEOSTASIS",0.54220971563981,0.725876836925728,0.018986202263661,-0.199842613166767,-0.969278926722037,279,"Ptprc/Ccr1/Lrrk2/App/Picalm/Atp6v0c/Cyb561a3/Hexb/Slc1a3/Smad4/Clic4/Kcnj2/Slc11a1/Cln5/Lamp2/Atp13a4/Lyn/Fgf2/Slc39a10/Plcb1/Ppt1/Atp1a3/Ndfip1/Tpcn2/Tmco1/Fbxl5/Aplnr/Rap1gds1/Ccdc47/Plcl1/Slc31a1/Lacc1/Dmxl2/Atp1b1/Calm1/P2ry2/Atp2b1/Trpc6/Slc4a7/Cftr/Slc24a4/Plcg2/Prkd1/Atp6v1a/Ttc7/B2m/Rhag"
"GOBP_CELL_COMMUNICATION_BY_ELECTRICAL_COUPLING_INVOLVED_IN_CARDIAC_CONDUCTION",0.542321774714624,0.725876836925728,0.024872349467539,0.312713032239395,0.932048808454751,17,"Atp1a2/Prkaca/Hrc/Tbx5/Trdn/Atp1b2/Ryr2"
"GOBP_MATURATION_OF_SSU_RRNA",0.542657842961903,0.726007527161246,0.0218632431487777,-0.272734661032365,-0.94664840034186,37,"Tsr1/Bms1/Heatr1/Utp20/Nol10/Rrs1/Rcl1/Wdr3/Utp6/Srfbp1/Fam207a"
"GOBP_PROTEIN_LOCALIZATION_TO_SYNAPSE",0.543350542994481,0.726342055678819,0.0217704871824014,-0.26750888340269,-0.949049915034588,41,"Sacm1l/Hspb1/Nptx1/Traf6"
"GOBP_MOTOR_NEURON_AXON_GUIDANCE",0.543384959880575,0.726342055678819,0.0225111545631854,-0.323991228094302,-0.934549819776081,17,"Sema3a/Egr2/Rac1/Slit2"
"GOBP_NEGATIVE_REGULATION_OF_EPITHELIAL_TO_MESENCHYMAL_TRANSITION",0.543964562569214,0.726496374990479,0.025288515200828,0.281837457740971,0.941688435897709,26,"Efna1/Nkx2-1/Dab2ip/Tbx5/Dact3/Gata3/Fuz/Ovol2"
"GOBP_CALCINEURIN_MEDIATED_SIGNALING",0.544138929088278,0.726496374990479,0.0219984775286319,-0.278345224176929,-0.942734463670256,33,"Nfam1/Ptbp1/Rcan1/Nfat5/Calm1/Plcg2/Mtor/Chp1"
"GOBP_NEGATIVE_REGULATION_OF_AXONOGENESIS",0.544216167932113,0.726496374990479,0.0254188694208561,0.262465011021465,0.939742665076678,34,"Spp1/Sema6c/Thy1/Cdk5/Mt3"
"GOBP_POSITIVE_REGULATION_OF_NEURON_APOPTOTIC_PROCESS",0.544804149526024,0.726705986614919,0.0218013277731206,-0.272457331425808,-0.945685803114867,37,"App/Ctnnb1/Mcl1/Ripk1/Casp3/Casp7/Aimp2/Mmp2/Casp2/Lcn2/Ccl3/Bcl2l11/Srpk2/Aifm1/Casp9/Epha7"
"GOBP_POSITIVE_REGULATION_OF_BONE_MINERALIZATION",0.54485049833887,0.726705986614919,0.0252612440670251,0.281721937180775,0.941302453223451,26,"Fam20c/Slc20a2/Acvr2b/Osr2/Actn3/Wnt4/Rxrb/Ptn/Bmp7/Osr1"
"GOBP_REGULATION_OF_ACTIN_FILAMENT_ORGANIZATION",0.545193229000319,0.726844738312598,0.0200404540847323,-0.212973433665182,-0.962632028965558,158,"Capza1/Washc4/Washc2/Tmod3/Plek/Actg1/Rhoa/Sptan1/Eps8/Swap70/Rock2/Was/S1pr1/Phldb2/Arf6/Rac1/Cyfip2/Rock1/Braf/Rasa1/Wasf2/Tgfbr1/Shank3/Baiap2l1/Rdx/Slit2/Tesk1/Pak1/Nckap1/Sptbn1/Arhgap28/Tmeff2/Tjp1/Cgnl1/Cdc42/Mtor/Arhgef18/Arhgef5"
"GOBP_INTRACELLULAR_IRON_ION_HOMEOSTASIS",0.545877302808084,0.727234263351995,0.0217704871824014,-0.272259924622781,-0.945000613951177,37,"Picalm/Cyb561a3/Smad4/Slc11a1/Ndfip1/Fbxl5/Atp6v1a/Ttc7/B2m"
"GOBP_VENTRICULAR_CARDIAC_MUSCLE_CELL_ACTION_POTENTIAL",0.546122272629078,0.727234263351995,0.0248065053712848,0.297040385942215,0.939446785856205,21,"Kcnh2/Cav3/Ank2/Dsc2/Kcnj3/Gpd1l/Jup/Ryr2"
"GOBP_LIGAND_GATED_ION_CHANNEL_SIGNALING_PATHWAY",0.54662497700938,0.727234263351995,0.0221882261335861,-0.298534480423762,-0.939043104858821,24,"App/Cpeb4/Plcb1"
"GOBP_LIPID_EXPORT_FROM_CELL",0.54683434518647,0.727234263351995,0.0248459701133656,0.299803851710727,0.935571959006982,20,"Spp1/Mif/Nmb/Cry2/P2rx4/Agt"
"GOBP_CARBOHYDRATE_CATABOLIC_PROCESS",0.546871008939974,0.727234263351995,0.0276450470759569,0.215253489905542,0.96254368533234,101,"Uchl1/Pfkm/Eno3/Prkaca/Galt/Ucp2/Bpgm/Hsd17b14/Tpi1/Aldoa/Galk1/Gpi1/Pygm/Fut10/Actn3/Ier3/Aldoc/Pfkfb1/Naga"
"GOBP_POSITIVE_REGULATION_OF_MYOBLAST_DIFFERENTIATION",0.546918378678512,0.727234263351995,0.0222788618908992,-0.304119032938675,-0.935007143603264,22,"Plcb1/Ripor2/Akirin1/Kat5/Btg1/Tnfsf14"
"GOBP_POSITIVE_REGULATION_OF_TRANSMEMBRANE_TRANSPORT",0.547537227949599,0.727739353603898,0.0203473189263686,-0.224277732700403,-0.955075073454036,103,"Itgb1/Arl6ip1/Actn4/Vmp1/Kcnj2/Ace2/C3/Gpc3/Ms4a1/Ocln/Aplnr/Braf/Prkci/Atp1b1/Acsl5/Slc7a5/Trpc6/Cftr/Ctss/Irs1/Sorbs1"
"GOBP_RESPONSE_TO_DEXAMETHASONE",0.547810934436942,0.727785469179968,0.0248921706416246,0.288778333377214,0.936383501506525,23,"Tbx2/Tfap4/Ucp2/Hdac3"
"GOBP_POSITIVE_REGULATION_OF_NEURON_PROJECTION_DEVELOPMENT",0.548647286170391,0.728578711900934,0.0207231791861388,-0.229928635451165,-0.954187525486887,90,"Bmp5/Rapgef2/Pafah1b1/Atf1/Lyn/Arsb/Caprin1/Kidins220/Arf6/Ddr2/Tmem30a/Braf/Fig4/Prkci"
"GOBP_POSITIVE_REGULATION_OF_ERBB_SIGNALING_PATHWAY",0.549429248330821,0.729299067640518,0.0246563706853499,0.311114472076582,0.927284260957887,17,"Fbxw7/Agt/Agr2/Adra2a/Hap1"
"GOBP_RESPIRATORY_SYSTEM_PROCESS",0.549822064056939,0.729502477147443,0.0251797850949631,0.266377523400417,0.940371096874828,32,"Rab3a/Atp1a2/Tcf15/Ccbe1/Jag2/Mtg1/Fto/Adora1"
"GOBP_VESICLE_TETHERING",0.551762523191095,0.731758224354043,0.0221776070572722,-0.311408789328447,-0.935292377695668,20,"Exoc6/Fam91a1/Exoc4/Trappc10/Exoc5/Stard3/Tbc1d23/Exoc2/Exoc6b"
"GOBP_REPLACEMENT_OSSIFICATION",0.552202436738519,0.73202282101384,0.0223271183515722,-0.31869138907535,-0.928078534803136,18,"Nab1/Col1a1/Csgalnact1"
"GOBP_CILIUM_MOVEMENT",0.552769583743035,0.732325837482274,0.0202245538651436,-0.22326615381429,-0.954340038862913,106,"Pltp/Adcy3/Cyb5d1/Dnah6/Cfap206/Ccr6/Cfap44/Ccdc39/Dzip1/Gmnc/Hydin/Ccdc146/Spag16/Pgam1/Vps13a/Apob/Dync2h1/Ttc21a/Ccdc88c/Cfap69/Irgc1/Jhy/Cep78/Tmf1/Dnah3/Klc3/Cep128"
"GOBP_NEUROMUSCULAR_PROCESS",0.552912019826518,0.732325837482274,0.0269260763455709,0.218477389012678,0.958116278267304,91,"Uchl1/Dmpk/Rogdi/Penk/Tnni2/Tnnt3/Ttn/Rem1/Fxn/Atp2a1/Myh14/Cav3/Abcc8/Kbtbd13/Casq1/Actn3/Tcf15/Gstm7/Slurp1/Hexa/Ascl1/Comp/Rac3/Chrnb1/Chrna1/Gsto1/Pou4f1/Ei24/Large1/Zfp212/Fkbp1a/Grin2c/Pomk/Myh7/Adarb1/Nlgn2"
"GOBP_MATERNAL_PROCESS_INVOLVED_IN_FEMALE_PREGNANCY",0.554851556842867,0.734575213298492,0.021703931424114,-0.275331369780702,-0.938545318474897,34,"Ptgs2/Ace2/Dedd/Adcy7/Cited2"
"GOBP_PROTEOGLYCAN_METABOLIC_PROCESS",0.5557278208441,0.73541556474154,0.0209083521464686,-0.24027068364473,-0.94409579608155,66,"Ndst1/Ctnnb1/Hexb/Hs6st1/Csgalnact1/St3gal6/Chsy3/Bmpr1b/Ext2/Bmp2/Fam20b/Hs2st1/St3gal2/Hs6st3/B3gnt3/Xylt1/Chpf2"
"GOBP_STRIATED_MUSCLE_ADAPTATION",0.555990432702761,0.735443469843575,0.0246175008680202,0.291816240333466,0.933437893882304,22,"Asb2/Actn3/Ppp3ca/Klf15/Camta2/Hdac4/Myoc/Nppa/Myh7/Atp2a2/Igfbp5"
"GOBP_POSITIVE_REGULATION_OF_NATURAL_KILLER_CELL_ACTIVATION",0.556633700317223,0.735912612425887,0.0221299348211727,-0.320462100843181,-0.924370083565626,17,"Jak2/Tyrobp/Bloc1s6/Il18/Zbtb1/Il12b"
"GOBP_CALCIUM_ION_TRANSPORT",0.556828459451311,0.735912612425887,0.0188519397752642,-0.202058541267985,-0.963064955253633,236,"Ptprc/Ccr1/Pde4b/App/Sec61a1/Slc25a25/Ctnnb1/Vmp1/Fmr1/Pkd1/Cask/Lyn/Fgf2/Cacna1d/Plcb1/Ms4a1/Cd84/Ubqln1/Tpcn2/Pira2/Tmco1/Aplnr/Cysltr1/Plcl1/Cnga2/Atp1b1/Calm1/Trpm6/Atp2b1/Trpc6/Pkd2l2/Gpr35/Slc24a4/Plcg2/Pik3cg/Prkd1"
"GOBP_UNSATURATED_FATTY_ACID_METABOLIC_PROCESS",0.557225231521929,0.735919897432676,0.0210866596486703,-0.244680584414788,-0.944384965055446,61,"Ptgs2/Il1b/Alox5/Pnpla8/Acsl4/Abcd2/Cyp2j9/Elovl7/Cyp4f18/Plaa"
"GOBP_VASCULAR_ASSOCIATED_SMOOTH_MUSCLE_CELL_DIFFERENTIATION",0.557317334476109,0.735919897432676,0.024336107163646,0.302224232804455,0.920573837054452,18,"Nfatc4/Sgcb/Efemp2/Mesp1/Comp/Hes1/Fgf9"
"GOBP_LOCOMOTORY_BEHAVIOR",0.557756624646257,0.736180720436867,0.0274250979400026,0.214258139653078,0.958371031349741,102,"Uchl1/Sncg/Meis1/Rogdi/Nkx2-1/Park7/Penk/Atp1a2/Ddhd2/Gria1/Fxn/Npy1r/Cend1/Pln/Zfp385a/Id2/Zdhhc8/Cntn1/Slurp1/B4galt2/Snca/Elavl4/Hexa/Asl/Prkce/Gnao1/Apba1/Hoxd9/Htra2/Qrfp"
"GOBP_ODONTOGENESIS",0.558273632710117,0.736446316784125,0.0210575676936249,-0.244519210786733,-0.943762116992303,61,"Csf3r/Ctnnb1/Wls/Acvr2a/Tnc/Traf6/Rhoa/Col1a1/Bmp2/Cftr/Phex/Ankrd11/Slc24a4/Aqp1/Itgb6"
"GOBP_PURINE_NUCLEOTIDE_TRANSPORT",0.558441558441558,0.736446316784125,0.0219880216705666,-0.309803248822569,-0.930470260116817,20,"Slc25a25/Lrrc8d/Slc25a5/Cr1l/Calhm5"
"GOBP_MULTICELLULAR_ORGANISMAL_LEVEL_WATER_HOMEOSTASIS",0.558905879819082,0.736739568852427,0.0243741059520556,0.30915680758095,0.921449394251367,17,"Inpp5k/Prkaca/Hyal2/Trpv4"
"GOBP_REGULATION_OF_RECEPTOR_LOCALIZATION_TO_SYNAPSE",0.559925788497217,0.737764615306805,0.0219462873232094,-0.30943784487683,-0.929372797434513,20,"Traf6/Tyrobp/Rdx/Zdhhc3/Neto2/Stx7"
"GOBP_REGULATION_OF_PROTEIN_DEPOLYMERIZATION",0.560538116591928,0.737774627127251,0.0207940681390106,-0.241006426786397,-0.941422153341316,64,"Capza1/Washc2/Tmod3/Plek/Mid1/Sptan1/Eps8/Swap70/Tpx2/Rdx/Diaph3/Camsap2/Atxn7/Sptbn1/Hdgfl3/Wdr47"
"GOBP_CELLULAR_SENESCENCE",0.560602494704636,0.737774627127251,0.0258040201047812,0.231528282775088,0.944923668990322,62,"Tbx2/Map2k7/Ypel3/Ndufs6/Fzr1/Mif/Hras/Mnt/Dnaja3/Id2/Suv39h1/H2-M3/Ulk3"
"GOBP_NEURAL_TUBE_PATTERNING",0.560928013876843,0.737774627127251,0.0244249524970778,0.297100939312064,0.927137213978153,20,"Rnf220/Ssbp3/Dzip1l/Hes1/Tctn1/Tmem107/Wdr19/Gsc/Pax6/Gpr161/Gli3"
"GOBP_NEGATIVE_REGULATION_OF_CHROMOSOME_SEGREGATION",0.561045470819907,0.737774627127251,0.021356611795182,-0.270708711106971,-0.934608224586757,36,"Bub1/Dusp1/Tpr/Bub1b/Cenpf/Knl1/Gen1/Ccnb1"
"GOBP_RESPONSE_TO_IRON_ION",0.561144839549003,0.737774627127251,0.0244185852880466,0.296982894076379,0.926768840417336,20,"Slc25a39/Map1lc3a/Fxn/Trf/Alad"
"GOBP_LIPID_OXIDATION",0.562047207291423,0.73845855068711,0.0256415199432076,0.232072071612773,0.944497537139329,61,"Cygb/Fabp3/Ivd/Amacr/Hadh/Abcd4/Hadhb/Echdc2/Etfbkmt/Echs1/Mlycd/Fmo4/Hacl1/Acads/Plin5/Acat1/Abcd1/Eci2/Mcat/Akt1"
"GOBP_STEM_CELL_DIFFERENTIATION",0.562150055991041,0.73845855068711,0.0196026889962666,-0.212912135665479,-0.956487873012719,150,"Ptprc/Ctnnb1/Sema3a/Cdk13/Itgb1/Smad4/Tgfbr2/Sema6d/Cdk12/Zfp36l2/Cited2/Fgf2/Pwp1/Itch/Kbtbd8/Chd2/Sh2b3/N4bp2l2/Nrg1/Kitl/Kat5/Kdm3a/Gatad2a/Ythdf2/Sema3c/Gdnf/Rbpj/Jag1/Gatad2b/Cdc42/Eng/Gpm6a/Rbbp7/Esr1/Srf/Runx2/Med1/Mettl3/Nolc1"
"GOBP_MICROTUBULE_POLYMERIZATION_OR_DEPOLYMERIZATION",0.562428407789233,0.738505606605525,0.019938376458257,-0.22277053071656,-0.948656732105137,103,"Hspa1b/Ndel1/Hspa1a/Nckap5/Mid1/Kif18a/Ocln/Rac1/Nin/Tpx2/Dyrk1a/Map2/Diaph3/Camsap2/Pak1/Atxn7/Ccdc66/Haus6/Hdgfl3/Ppp2ca/Wdr47/Cenpj/Tbcd/Togaram1/Tubb1/Slain1/Ccdc88c/Ckap2/Kif24"
"GOBP_POSITIVE_REGULATION_OF_OSSIFICATION",0.562943262411348,0.738863031914894,0.0247279486144733,0.269857365896978,0.928665679239177,29,"Fam20c/Slc20a2/Acvr2b/Osr2/Actn3/Wnt4/Rxrb/Ptn/Sox11/Bmp7/Osr1"
"GOBP_CELL_CYCLE_G1_S_PHASE_TRANSITION",0.563368983957219,0.739103212472957,0.0279274643465237,0.201921239929267,0.958703216478133,145,"Tbx2/Mepce/Ctdspl/Fbxo31/Cdc34/Fbxw7/Cdk10/Ctdsp2/Brd7/Id4/Mlf1/Ddrgk1/Cdkn2c/Psme2/Susd2/Dact1/Stox1/Cdk2ap2/Fam107a/Cdk4/Id2/Taf10/Camk2a/Sox2/Plk5/Bcl7b/Tmsb4x/Ppp3ca/Rpa2/Smarcd3/Pim2/Lsm10/Ctdsp1"
"GOBP_REGULATION_OF_MICROTUBULE_BASED_MOVEMENT",0.564046579330422,0.739513731783027,0.0215265222593817,-0.278620394551053,-0.931142125825623,31,"Cyb5d1/Cfap206/Ccr6/Ccdc39/Map2/Pgam1/Ttc21b/Cfap69/Irgc1"
"GOBP_ACTIN_FILAMENT_POLYMERIZATION",0.564241094040182,0.739513731783027,0.020365611474106,-0.228795472280865,-0.947113796351256,89,"Capza1/Jak2/Washc2/Tmod3/Sptan1/Eps8/Was/Arf6/Rac1/Cyfip2/Rasa1/Ttc17/Baiap2l1/Rdx/Slit2/Wasl/Diaph3/Nckap1/Sptbn1/Arhgap28"
"GOBP_CELLULAR_RESPONSE_TO_NUTRIENT",0.564410480349345,0.739513731783027,0.0215164619053811,-0.278517871806374,-0.930799497474314,31,"Tnc/Mdm2/Col1a1/Bmt2/Postn/Trim24/Phex/Pim1/Mtor/Xbp1/Srf/Med1"
"GOBP_NEGATIVE_REGULATION_OF_BLOOD_PRESSURE",0.56590992310509,0.740899069122906,0.0215718965502049,-0.291378312451257,-0.926376276250943,25,"Scpep1/Vegfc/Glp1r/Snx5/Arhgap42/Apln/Ppara/Adra1a/Bmpr2/Nos2/Tnf/Bbs4"
"GOBP_NUCLEOTIDE_TRANSPORT",0.566166944290209,0.740899069122906,0.0217346044786843,-0.30037430350315,-0.923494056969901,22,"Slc25a25/Lrrc8d/Slc25a5/Cr1l/Calhm5"
"GOBP_MITOCHONDRIAL_OUTER_MEMBRANE_PERMEABILIZATION",0.566325581395349,0.740899069122906,0.0218116252697408,-0.322786843885805,-0.917492783169173,16,"Lrrk2/Hspa1a"
"GOBP_ASTROCYTE_DIFFERENTIATION",0.566637401229148,0.740899069122906,0.0209035689278613,-0.253714602936053,-0.933390544436365,48,"Tlr4/App/Il1b/S100a8/Fpr2"
"GOBP_REGULATION_OF_DNA_REPAIR",0.566684378320935,0.740899069122906,0.0277109447570908,0.20420664017107,0.958657471827534,136,"Tfpt/Nudt16l1/Yeats4/Rnf8/Brd7/Xrcc1/Otub1/Dmap1/Rtel1/Ino80b/Stk19/Babam2/Mcrs1/Shld1/Taf4/Sgf29/Ppp4c/Wrap53/Helq/Kmt5c/Ier3/Fus/Suv39h1/Taf10/Ager/Cdk9/Supt3/Bcl7b/Meaf6/Pot1a/Rpa2/Smarcd3/Axin2/Ogg1/Spire2/Prmt1/Tigar/Sirt7"
"GOBP_GLYCOSAMINOGLYCAN_BIOSYNTHETIC_PROCESS",0.56784140969163,0.741807505684349,0.0244824046383071,0.279601613789941,0.926220042328171,25,"Cytl1/Chst12/Chpf/B3gat3/Xylt2"
"GOBP_REGULATION_OF_SMOOTH_MUSCLE_CELL_DIFFERENTIATION",0.56786643538595,0.741807505684349,0.0242228036981384,0.29518449565367,0.92115673394903,20,"Hey1/Rbpms2/Efemp2/Med28/Foxo4/Smarcd3/Prdm6"
"GOBP_RESPONSE_TO_NUTRIENT",0.568463341144962,0.742268813802062,0.0201209380145109,-0.22686503154085,-0.945452419846699,92,"Cybb/Tnc/Mdm2/Col1a1/Bmt2/Nfkbiz/Lipa/Postn/Arsb/Tpcn2/Itga2/Vcam1/Gclm/Becn1/Trim24/Cat/Phex/Otc/Fasn/Pim1/Mtor/Xbp1/Stc1/Eef2/Srf"
"GOBP_NEGATIVE_REGULATION_OF_INTRACELLULAR_TRANSPORT",0.570175438596491,0.744185259548357,0.0211060928131417,-0.266687003290325,-0.931367343181296,38,"Lrrk2/Cd36/Tpr/Yod1/Insig1/Abca2/Mtmr4/Svip/Arhgap8/Chp1"
"GOBP_REGULATION_OF_POSTSYNAPSE_ORGANIZATION",0.570487928414655,0.74427409683917,0.0201974390457777,-0.22813216098124,-0.944367975916578,89,"Lrrk2/App/Nedd9/Pafah1b1/Arhgap22/Caprin1/Rtn4/Rac1/Cyfip2/Ptpn1/Shank3/Cdkl5/Senp1/Wasl/Arc/Homer1/Nrcam/Arf4/Cdc42/Psen1/Pirb/Dock10/Dock1"
"GOBP_DNA_TEMPLATED_TRANSCRIPTION_INITIATION",0.571195297191378,0.744877807258136,0.0196716910524353,-0.217012878556665,-0.949158805950181,124,"Ints8/Med13/Bdp1/Med12/Taf4b/Jun/Cand1/Smarca5/Ints6/Nfkbiz/Dr1/Taf7/Atad2b/Med14/Apobec1/Setx/Zfp451/Creb1/Kdm1b/Ppp2ca/Psmc6/Esr1/Srf/Taf6/Atf2/Med1/Ints11/Gtf3c4/L3mbtl3/Padi2/Spi1/Noc2l/Med20/Ints3/Gtf2h2/Ints10"
"GOBP_PLASMA_MEMBRANE_PHOSPHOLIPID_SCRAMBLING",0.571774794929157,0.745236725853229,0.0216937241401078,-0.327080524105054,-0.912219030945811,15,"Vmp1/Tmem63b/Tmem41b/Serinc5/Slc4a1/Clptm1l/Xrcc4/P2rx7/Serinc3/Plscr1"
"GOBP_REGULATION_OF_STRIATED_MUSCLE_CELL_DIFFERENTIATION",0.571960009300163,0.745236725853229,0.0252612440670251,0.244893932018175,0.937624860168249,46,"Dmpk/Hdac3/Fzd7/Rpl3l/Cav3/Plpp7/Mmp14/Hopx/Actn3/Mesp1/Smyd1/Akap6/Mylk3/Msx1/Tbx1/Hdac1/Hdac4/Trim72/Naca/Arrb2"
"GOBP_INTRACELLULAR_LIPID_TRANSPORT",0.572598253275109,0.745714285714286,0.0212922649310763,-0.276716740807639,-0.92478016443247,31,"Tpcn2/Ces1d/Tmem41b/Abcd2/Abca2/Tspo2/Abcd3/Npc1/Abcg1/Pip4k2a/Scp2/Plekha8/Serac1/Vps52/Ldlr"
"GOBP_CHONDROCYTE_DEVELOPMENT",0.573054674379548,0.745714285714286,0.0216733350890307,-0.317168254748949,-0.914869013762467,17,"Serpinh1/Tgfbr2/Rflnb/Bmpr1b"
"GOBP_AMIDE_TRANSPORT",0.573061224489796,0.745714285714286,0.0279358648541436,0.196002359657796,0.95598137762067,171,"Nnat/Rab3a/Slc25a39/Slc25a42/Park7/Slc8b1/Abcb9/Pick1/Pfkm/Prkaca/Gpr27/Cdk16/Tap2/Ucp2/Slc25a22/Uqcc2/Stx4a/Hadh/Myrip/Slc25a16/Tap1/Mcu/Acvr2b/Gabbr1/Abcc8/Kcnj11/Trpv4/Gltp/C1qtnf12/Stx1a/Ndufaf2"
"GOBP_MITOTIC_CELL_CYCLE_PHASE_TRANSITION",0.573347261602746,0.745767796488834,0.0182670477184187,-0.199059400778674,-0.958804195281414,257,"Ddx3x/Anxa1/Wac/Rint1/Tmod3/Itgb1/Bub1/Dusp1/Pkd1/Tpr/Nek6/Mdm2/Gtpbp4/Nabp1/Eps8/Cdk14/Dcun1d3/Zfp36l2/Cdc73/Cdc27/Plcb1/Eif4e/Kmt2e/Ddb1/Atr/Adam17/Ddr2/Zfp655/Senp2/Rrm2b/Topbp1/Slfn9/Calm1/Bub1b/Cenpf/Ccne2/Rdx/Knl1/Cdc23/Cul2/Ccny/Gpnmb/Rbl2/Ppp2ca/Cenpj/Sox7/Ptpn6/Cul1/Gen1/Cdc16/Dlg1/Ccnb1/Cul5/Plrg1/Iqgap3/Eif4g1/Dgkz/Dtl/Ints3/Cks2/Rb1/Inip/Ccnb2/Fbxl7/Dync1li1/Fam122a/Rptor/Taok3/Hinfp/Smc5/Zfp36l1/Mark3"
"GOBP_GLUCAN_BIOSYNTHETIC_PROCESS",0.574472711459013,0.746711812338703,0.0240795170552961,0.288460591248026,0.922704118368843,22,"Inpp5k/Gys1/Epm2a/Nr1d1/Gck/Akt1/Prkag3/Agl/Nhlrc1/Selenos/Akt2"
"GOBP_MYOBLAST_DIFFERENTIATION",0.57456347333648,0.746711812338703,0.0254326700458688,0.235033125749322,0.937404230823929,56,"Tbx2/Mustn1/Id3/Brd7/Csrp3/Gpx1/Eid2b/Prickle1/Epas1/Smyd1/Tcf7l2/Lgals1/Sox8/Smarcd3/Bcl9"
"GOBP_SECRETORY_GRANULE_ORGANIZATION",0.575396118924693,0.747474907050209,0.0208796808598461,-0.262131141446364,-0.929971126017155,41,"Vps13b/Pafah1b1/Lyst/Agfg1/Knl1/Hps5/Creb1/Aqp1/Ap3s1"
"GOBP_SULFUR_COMPOUND_METABOLIC_PROCESS",0.576271186440678,0.748292436124462,0.0279190692869019,0.195178650971692,0.954882944238763,174,"Gstm1/Hmgcs2/Bckdk/Cytl1/Pdk2/Chst12/Mcee/Slc25a10/Vangl2/Chpf/B3gat3/Ppt2/Xylt2/Hagh/Gstk1/Gpx1/Papss2/Gpc1/Gstm2/Acot6/Pdhx/Tst/Acsbg1/Hacd1/Ppcdc/Cdo1/Ndst4/Gstm7/Mlycd/Apip/Dlat/Glce/Tcf7l2/Pdk1/Snca/Mpst/Akr1a1/Extl2/Lias/Acat1/Mthfd1/Abcd1/Gstm4/Mgst2/Sucla2/Elovl4/Gsto1/Gpat4/Ggt6/Gal3st3/Stat5b"
"GOBP_MAINTENANCE_OF_LOCATION",0.576712685595207,0.748546516469482,0.0270588292029202,0.207445399911357,0.952727619582057,120,"Thy1/Park7/Slc8b1/Atp1a2/Prkaca/Mcoln1/Tmem38a/Pink1/Cdk5/Kdelr1/Nol3/Hdac3/Txn1/Bax/Atp2a1/Gp9/Hrc/Casq1/Pln/Rer1/Ank2/Trdn/Gstm7/Ryr1/Os9/Hap1/Akap6/Snca/Plcb3"
"GOBP_ACIDIC_AMINO_ACID_TRANSPORT",0.576992753623188,0.748590939404605,0.0246758511862341,0.251991216076633,0.92646292186496,38,"Pianp/Atp1a2/Slc25a22/Gabbr1/Abcc8/Ntrk2/Epm2a/Snca/Slc38a6/Praf2/Apba1/Adora1"
"GOBP_AUTOPHAGY_OF_MITOCHONDRION",0.577618560218356,0.748835400645986,0.0201658807539289,-0.235264999190823,-0.937874658409371,71,"Vps13c/Eif2s1/Pptc7/Snx7/Rb1cc1/Atg4c/Spata18/Slc25a5/Fzd5/Becn1/Dele1/Tsc2/Lrba/Irgm1/Irgm2/Huwe1/Fundc1/Clec16a"
"GOBP_PROTEIN_PALMITOYLATION",0.577673023355475,0.748835400645986,0.023749480846576,0.298372639454874,0.908841898699625,18,"Zdhhc1/Glul/Zdhhc8/Hhatl/Clip3/Zdhhc14/Zdhhc6/Zdhhc7"
"GOBP_MOTILE_CILIUM_ASSEMBLY",0.578285511866808,0.748929989885783,0.0207231791861388,-0.257313869310811,-0.926817481456987,44,"Cfap206/Cfap44/Ccdc39/Dzip1/Ccdc146/Spag16/Cenpj/Cfap69/Jhy/Klc3/Cep128/Cfap54/Ttll5"
"GOBP_NEGATIVE_REGULATION_OF_SMOOTH_MUSCLE_CELL_PROLIFERATION",0.578457446808511,0.748929989885783,0.0242793261356251,0.267374460139021,0.920121204810858,29,"Ndrg2/Ndrg4/Rgs5/Tpm1/Efemp2"
"GOBP_DENDRITIC_SPINE_DEVELOPMENT",0.578483854256605,0.748929989885783,0.0203290536677241,-0.239108073289933,-0.931663385641831,63,"Lrrk2/Fmr1/Pafah1b1/Caprin1/Arf6/Rac1/Shank3/Wasl/Mapk6/Zfp365/Arc/Arf4/Cdc42/Psen1/Dock10"
"GOBP_MAMMARY_GLAND_EPITHELIAL_CELL_PROLIFERATION",0.578839335696958,0.749071728515613,0.0215164619053811,-0.315317809601022,-0.909531421168766,17,"Areg/Rtn4/Epha2/Robo1/Esr1/Kdm5b/Med1/Iqgap3"
"GOBP_MITOCHONDRIAL_DNA_METABOLIC_PROCESS",0.580721850010806,0.751188629262067,0.0238038790033286,0.311648516502128,0.909279839512921,16,"Endog/Stox1/Dnaja3/Ssbp1/Polg/Polrmt/Neurl4"
"GOBP_CELL_DIFFERENTIATION_INVOLVED_IN_KIDNEY_DEVELOPMENT",0.581403762662808,0.751435449962701,0.020965897190713,-0.272183626262646,-0.921865592209468,33,"Ctnnb1/Prkx/Cd24a/Iqgap1/Gdnf/Jag1/Wt1"
"GOBP_POSITIVE_REGULATION_OF_INSULIN_SECRETION",0.581406213501518,0.751435449962701,0.0250652848894223,0.238961631186007,0.928092668009264,49,"Nnat/Pfkm/Prkaca/Gpr27/Stx4a/Myrip/Mcu/Abcc8"
"GOBP_BILE_ACID_METABOLIC_PROCESS",0.581713862668888,0.751514090719883,0.0213120279221524,-0.297360215940731,-0.914227312382836,22,"Osbpl9/Ces1d/Cyp8b1/Abcd3/Npc1/Osbpl3/Scp2"
"GOBP_GLOMERULAR_EPITHELIUM_DEVELOPMENT",0.582942830365511,0.752687964854137,0.0214763030495694,-0.311881203346483,-0.908246222385399,18,"Cd24a/Iqgap1/Jag1/Wt1"
"GOBP_GLANDULAR_EPITHELIAL_CELL_DIFFERENTIATION",0.583116883116883,0.752687964854137,0.0213120279221524,-0.303754851116931,-0.912304362219217,20,"Ctnnb1/Fgf2/Fzd5/Bmp2/Xbp1"
"GOBP_VASCULAR_ASSOCIATED_SMOOTH_MUSCLE_CELL_PROLIFERATION",0.583574529667149,0.75295950967647,0.0209083521464686,-0.271860143417589,-0.920769979998613,33,"Jak2/Mdm2/Jun/Fgf2/Ddr2/Pak1/Mmp2/Xbp1"
"GOBP_PLATELET_MORPHOGENESIS",0.584638329604773,0.753829824941417,0.0213466902091972,-0.307485355235979,-0.909731116543037,19,"Myh9/Casp3/Tpm4/Ptpn6/Srf/Tubb1/Ptprj/Tal1/Casp9/Wdr1"
"GOBP_ANTIGEN_PROCESSING_AND_PRESENTATION_OF_ENDOGENOUS_PEPTIDE_ANTIGEN",0.584744186046512,0.753829824941417,0.0213120279221524,-0.319048490209697,-0.906866846630146,16,"Erap1/H2-Q7/Ulbp1/H2-Q2/B2m"
"GOBP_SIGNALING_RECEPTOR_LIGAND_PRECURSOR_PROCESSING",0.585565882996173,0.754491041586515,0.0209707048578176,-0.284383312301272,-0.912895799626171,26,"Mme/Enpep/Ace2/Adam17/Pcsk7/Yipf5"
"GOBP_NEGATIVE_REGULATION_OF_TRANSMEMBRANE_TRANSPORT",0.586053666039993,0.754491041586515,0.0199737854288504,-0.234914815015162,-0.933483649623931,70,"Thbs1/Il1b/Cab39/Fmr1/Crbn/Kcne2/Cttnbp2nl/Ubqln1/Nedd4/Calm1/Gpr35/Grp"
"GOBP_POSITIVE_REGULATION_OF_SYNAPTIC_TRANSMISSION",0.586181092541781,0.754491041586515,0.026033649526477,0.214635385649532,0.947436610553843,94,"Nfatc4/Vamp2/Pde9a/Pink1/Gria1/Stx4a/Flot1/Fam107a/Grin1/Ntrk2/Nrgn/Stx1a/Camk2a/Stx3/Kctd13/Ager/Mpp2/Ptn/Adcy1/Cyp46a1/Ppp3ca/Hap1/Snca/Prkce/S100b"
"GOBP_POSITIVE_REGULATION_OF_MITOCHONDRIAL_FISSION",0.586459680896938,0.754491041586515,0.0236055792829118,0.315520658540622,0.905917886132675,15,"Ddhd2/Pink1/Mcu/Bnip3"
"GOBP_NEGATIVE_REGULATION_OF_AMIDE_METABOLIC_PROCESS",0.586557164469419,0.754491041586515,0.0236413977831599,0.310039260961269,0.90458460259554,16,"Rtn2/Rtn1/Ormdl3/Ntrk2/Hap1"
"GOBP_NEGATIVE_REGULATION_OF_NEURON_DIFFERENTIATION",0.586743772241993,0.754491041586515,0.0241043177935426,0.260492746975502,0.919596545062351,32,"Meis1/Id4/Hey1/Lsm1/Id2/Sox2/Sox8/Ctdsp1/Bmp7/Mag/Ascl1"
"GOBP_PROTEIN_RNA_COMPLEX_ORGANIZATION",0.588499076760749,0.756428741551913,0.0269260763455709,0.202081161875179,0.94773527863975,134,"Rpl38/Rps28/Mettl17/Rps15/Klc1/Pih1d1/Mrm2/Fau/Gemin7/Nol3/Snrpc/Snrpb/Rpl11/Sf3a2/Tssc4/Dnajc17/Celf4/Eif3k/Phf5a/Rcc1l/Sart1"
"GOBP_REGULATION_OF_VASCULAR_ENDOTHELIAL_GROWTH_FACTOR_RECEPTOR_SIGNALING_PATHWAY",0.588828039430449,0.75653222787583,0.0237978229280564,0.278476477940435,0.912752953035262,24,"Vegfb/Mt3/Dab2ip/Vtn/Cadm4/Emilin1/Epn2/Nrp1"
"GOBP_REGULATION_OF_AXON_EXTENSION",0.590829846582985,0.758092436294338,0.0201523806155801,-0.246774017516192,-0.928615601933182,53,"Sema3a/Rnf6/Sema6d/Pafah1b1/Rtn4/Map2/Cdkl5/Pak1/Vegfa/Tnfrsf12a/Nrcam/Macf1/Srf"
"GOBP_REGULATION_OF_DENDRITIC_SPINE_DEVELOPMENT",0.590949740654623,0.758092436294338,0.0205407678082685,-0.264996120729999,-0.919788313066973,37,"Fmr1/Pafah1b1/Caprin1/Arf6/Rac1/Shank3"
"GOBP_KETONE_METABOLIC_PROCESS",0.590953785644051,0.758092436294338,0.0192132663901256,-0.219726731344942,-0.939210954049819,106,"Ptgs2/Bmp5/Il1b/Dhrs9/Ceacam1/Ugt1a7c/Pptc7/Insig1/Ces1d/Abcd2/Dgkq/Cyp4f18/Bmp2/Pdk3/Plaa/Irs1/Creb1"
"GOBP_CARTILAGE_DEVELOPMENT_INVOLVED_IN_ENDOCHONDRAL_BONE_MORPHOGENESIS",0.591341668221683,0.758092436294338,0.0211841358304768,-0.312860567010615,-0.902443526741752,17,"Serpinh1/Tgfbr2/Col1a1/Ghr/Stc1/Atf2"
"GOBP_CELLULAR_RESPONSE_TO_CAMP",0.591380543633762,0.758092436294338,0.020526848168626,-0.265091158032549,-0.911372732458287,35,"App/Rapgef2/Inhbb/Rap1b/Cftr/Pik3cg/Aqp1/Stc1/Wt1/Ahr"
"GOBP_NEGATIVE_REGULATION_OF_ERBB_SIGNALING_PATHWAY",0.591536167039523,0.758092436294338,0.0211645783237657,-0.30588972045504,-0.905010245821425,19,"Dusp3/Socs4/Cblb/Snx5/Ptprj/Snx6/Rnf115"
"GOBP_NUCLEUS_LOCALIZATION",0.592022263450835,0.7582023818324,0.0210769546370241,-0.301828124536771,-0.906517586938363,20,"Dock7/Pafah1b1/Tlk2/Myh10/Cdc42/Syne3/Syne2"
"GOBP_POSTSYNAPSE_ORGANIZATION",0.592119955335779,0.7582023818324,0.0187793149152709,-0.210550823618249,-0.943447419379178,146,"Lrrk2/App/Nptx1/Actg1/Nedd9/Pafah1b1/Slc7a11/Crk/Arhgap22/Caprin1/Arf6/Rtn4/Rac1/Cyfip2/Wasf2/Ptpn1/Shank3/Cdkl5/Senp1/Wasl/Zfp365/Gdnf/Arc/Homer1/Nrcam/Myh10/Arf4/Cdc42/Farp1/Dlg1/Psen1/Pirb/Dock10/Dock1"
"GOBP_MEIOTIC_CELL_CYCLE_PROCESS",0.594214740970747,0.76056489544175,0.0190888958892103,-0.2194951344926,-0.937414992111034,105,"Rps6ka2/Myh9/Actr2/Atrx/Actr3/Orc4/Top2a/Smc4/Plcb1/Kif18a/Ddb1/Ccne2/Sycp1/Knl1/Ubb/Marf1/Ythdf2/Spire1/Slx4/Tex15/Foxj3/Ereg"
"GOBP_POSITIVE_REGULATION_OF_GLUCOSE_METABOLIC_PROCESS",0.59489927924598,0.760866887447518,0.0209418871689618,-0.290008175644639,-0.901797731763753,23,"Ddb1/Gpld1/Ppp4r3a/Irs1/Sorbs1/Ppp1ca/Pmaip1"
"GOBP_POSITIVE_REGULATION_OF_SMALL_MOLECULE_METABOLIC_PROCESS",0.595221958658082,0.760866887447518,0.0196069902938321,-0.227300118229578,-0.931972240961092,84,"Ptgs2/App/Il1b/Pptc7/Ddb1/Ces1d/Abcd2/Gpld1/Gnai1/Ppp4r3a/Kpnb1/Plaa/Irs1/Sorbs1/Prkaa1/Ppp1ca/Mtor/Slc4a4/Pmaip1"
"GOBP_MODIFIED_AMINO_ACID_BIOSYNTHETIC_PROCESS",0.595480726628268,0.760866887447518,0.0237978229280564,0.270145670756113,0.912131292344903,27,"Park7/Hagh/Ckm/Ckmt2/Fpgs/Mthfd1/Mgst2/Mthfs/Ggt6/Mthfd1l"
"GOBP_NEGATIVE_REGULATION_OF_OXIDATIVE_STRESS_INDUCED_INTRINSIC_APOPTOTIC_SIGNALING_PATHWAY",0.59553488372093,0.760866887447518,0.0210285447951901,-0.316195644551837,-0.898757887568889,16,"Ctnnb1/Hspb1/Fgf2"
"GOBP_NEGATIVE_REGULATION_OF_VIRAL_PROCESS",0.595700052438385,0.760866887447518,0.0200672233858778,-0.24858839060339,-0.918903706429274,49,"Mid2/Fam111a/Ubp1/Ifih1/Ifi205/Oas2/Zfp36/Zc3hav1/Larp7/Oasl1/Znfx1/Srpk2/Sp100/Trim13/Rnasel"
"GOBP_AUTONOMIC_NERVOUS_SYSTEM_DEVELOPMENT",0.596903460837887,0.762084292767868,0.0206667623593151,-0.276224810258668,-0.908091074055852,29,"Ctnnb1/Sema3a/Egr2"
"GOBP_MACROPHAGE_MIGRATION",0.599674384949349,0.765301132510799,0.0204898063526457,-0.269281036586381,-0.912034737989495,33,"Thbs1/Hc/Mmp28/Rtn4/Akirin1/C5ar1"
"GOBP_LIPOPROTEIN_METABOLIC_PROCESS",0.600419507079182,0.765311718008851,0.0199472191220701,-0.247946302055248,-0.916530234581648,49,"Apold1/App/Ppt1/Lipa/Zdhhc5/Zdhhc16/Apobec1/Zdhhc3/Irgm1/Irgm2/Svip/Apob/Mttp/Ppm1a"
"GOBP_REGULATION_OF_CARBOHYDRATE_BIOSYNTHETIC_PROCESS",0.600420978775653,0.765311718008851,0.0200004094091654,-0.250961310385783,-0.915532156601412,46,"Lepr/Cltc/Plek/Sik1/Ddb1/Dgkq/Ppp4r3a/Irs1/Sorbs1"
"GOBP_REGULATION_OF_CELL_CYCLE_CHECKPOINT",0.600436681222707,0.765311718008851,0.0205593519935918,-0.271540437459597,-0.907481093016036,31,"Dusp1/Tpr/Ppp1r10/Knl1/Gen1/Ccnb1"
"GOBP_LONG_TERM_SYNAPTIC_DEPRESSION",0.601908065915004,0.76671321394731,0.0232761950887239,0.28855138485603,0.900457358581277,20,"Penk/Pick1/Gria1/Mapt/Ager"
"GOBP_RNA_SPLICING_VIA_TRANSESTERIFICATION_REACTIONS",0.602081034210941,0.76671321394731,0.0183561578161049,-0.20531420696607,-0.943079149093978,176,"Hspa8/Dhx15/Rnps1/Sf3b1/Dhx9/Cdk13/Dhx40/Prpf40a/Snrnp200/Zc3h14/Ptbp1/Fmr1/Srrm2/Rnpc3/Ddx20/Ddx5/Ddx23/Prpf39/Dyrk1a/Rbm41/Srsf4/Prpf6/Scaf11/Slu7/Cwc22/Setx/Wtap/Ppwd1/Strap/Ncbp1/Mfap1a/Luc7l2/Ddx46/Rbm39/Plrg1/Larp7/Mettl3/Wbp4/Usp39/Mettl16/Cwc25/Ythdc1/Dhx8/Hnrnpc/Hnrnpa2b1/Srpk2/Prpf18/Srsf10/Hnrnpu/Cdc40/Rbmxl1/Pnn/Gemin5/Tra2a/Rbm15b/Sf3b4/Cdc5l/Khsrp/Ptbp2/Rbm7"
"GOBP_AORTA_MORPHOGENESIS",0.602291628164849,0.76671321394731,0.020751485481662,-0.288745258019957,-0.897870614030566,23,"Col3a1/Adamts9/Tgfbr2/Acvrl1/Rbpj/Jag1/Eng/Srf/Sec24b"
"GOBP_POSITIVE_REGULATION_OF_SUPRAMOLECULAR_FIBER_ORGANIZATION",0.603347416314592,0.766963346422605,0.0187752926573589,-0.216636120457125,-0.934499289885543,112,"Hspa1b/App/Washc2/Hspa1a/Colgalt1/Plek/Rhoa/Swap70/Rock2/Ocln/Arf6/Rac1/Braf/Wasf2/Tgfbr1/Baiap2l1/Tesk1/Prkd1/Pak1/Nckap1/Cdc42/Mtor/Arhgef5/Dlg1/Alox15/Togaram1/Psen1/Slain1/Synpo/Dstn/Rb1/Pxn"
"GOBP_REGULATION_OF_POSITIVE_CHEMOTAXIS",0.603348837209302,0.766963346422605,0.020827290793207,-0.314024080389675,-0.89258541032977,16,"S1pr1/Itga2/Vegfc/Vegfa"
"GOBP_NEGATIVE_REGULATION_OF_POTASSIUM_ION_TRANSPORT",0.603657398768427,0.766963346422605,0.0208653703862078,-0.309458421569161,-0.892630068433436,17,"Cab39/Kcne2/Nedd4/Grp"
"GOBP_EMBRYONIC_MORPHOGENESIS",0.60369728480647,0.766963346422605,0.0170255172517472,-0.192275265799132,-0.953571237845067,347,"Itgb2/Bmp5/Socs3/Ndst1/Flrt3/Ctnnb1/Myh9/Wls/Itgb1/Smad4/Smad2/Dusp1/Mbnl1/Col12a1/Acvr2a/Med12/Tgfbr2/Traf6/Kdm2b/Cited2/Cdc73/Insig1/Dusp4/Fgf2/Nipbl/Rock2/Gpc3/Lama3/Casp3/Supt20/Lmbrd1/Lrp2/Luzp1/Kif16b/Itga2/Ccdc39/Cep290/Rac1/Aplnr/Rock1/Vegfc/Fzd5/Sp3/Tgfbr1/Fbn1/Exoc4/Mical2/Epha2"
"GOBP_RENAL_FILTRATION",0.604123711340206,0.766963346422605,0.0209227130388061,-0.307263694486245,-0.894799323585014,18,"Tbc1d8b/Adgrf5/Xpnpep3/Aqp1"
"GOBP_ERBB2_SIGNALING_PATHWAY",0.604213273676361,0.766963346422605,0.0208367995808407,-0.319130209688263,-0.890045811880434,15,"Areg/Btc/Tgfa/Nrg1/Ereg/Cpne3/Cul5"
"GOBP_METENCEPHALON_DEVELOPMENT",0.60425125388106,0.766963346422605,0.0247933781576858,0.224959993782508,0.926779301065249,65,"Pianp/Gpx4/Cdk5/Trnp1/Coq8b/Gdf10/Rere/Wnt7a/Cend1/Cntn1/Hap1/B4galt2/Foxc1/Scrib/Ascl1/mt-Co1"
"GOBP_POSITIVE_REGULATION_OF_INTRINSIC_APOPTOTIC_SIGNALING_PATHWAY",0.604920405209841,0.767492764109986,0.0203564617838957,-0.26839291948808,-0.909026751778059,33,"Skil/Mcl1/S100a8/Becn1/Ubb/Mmp2/Ripk3/Pmaip1/Taf6"
"GOBP_REGULATION_OF_TRANSCRIPTION_REGULATORY_REGION_DNA_BINDING",0.605217766278568,0.767550228370779,0.0230975742674363,0.310416893694522,0.891264037848756,15,"Rnf220/Sox11/Gata3/Foxc1/Pou4f1"
"GOBP_POSITIVE_REGULATION_OF_BLOOD_PRESSURE",0.60608020698577,0.768264544125576,0.0230747141203851,0.290720184810017,0.896901544217048,19,"Nr2f2/Tpm1/Id2/Qrfp/Adora1/Cyba/Adra2b/Manf/Npff/Ace"
"GOBP_INORGANIC_ION_IMPORT_ACROSS_PLASMA_MEMBRANE",0.60628561561043,0.768264544125576,0.0196155974069712,-0.235316586196811,-0.916890192695261,63,"Kcnj2/Kcne2/Cacna1d/Slc39a10/Kcnj13/Atp1a3/Ms4a1/Kcnj15/Atp1b1/Slc24a4/Slc39a11/Slc5a2/Dlg1/Lcn2/Atp1a1/Ifng/Fyn/Slc12a2/Cacna1c/Ppp3cb/Slc12a6"
"GOBP_DOUBLE_STRAND_BREAK_REPAIR_VIA_NONHOMOLOGOUS_END_JOINING",0.608573928258968,0.770843432424524,0.019758492188133,-0.246878057398024,-0.915998319042878,50,"Dek/Actr2/Was/Psmd14/Dclre1c/Rif1/Topbp1/Dclre1a/Smchd1/Kmt5b/Aste1"
"GOBP_SEMAPHORIN_PLEXIN_SIGNALING_PATHWAY",0.609229078923274,0.770889763081748,0.0204344529994522,-0.276067830617171,-0.898308620064783,28,"Sema3a/Sema6d/Rhoa/Rac1/Tyrobp/Sema3c/Gdnf"
"GOBP_BILE_ACID_BIOSYNTHETIC_PROCESS",0.609255458107856,0.770889763081748,0.0207231791861388,-0.308405205831347,-0.889592076992284,17,"Osbpl9/Ces1d/Cyp8b1/Abcd3/Osbpl3/Scp2"
"GOBP_REGULATION_OF_CHROMOSOME_ORGANIZATION",0.609370003197953,0.770889763081748,0.0183873025226148,-0.208297105158349,-0.938735373589699,154,"Hsp90aa1/Ctnnb1/Bub1/Dusp1/Atrx/Tpr/Nek6/Ppp1r10/Ncapg/Cdc27/Smarca5/Smc4/Atr/H3f3a/Becn1/Smc6/Bub1b/Cenpf/Yy1/Kat5/Knl1/Cdc23/Eid3/Ncapg2/Slx4/Ino80c/Tnks2/Sox7/Cct2/Gen1/Cdc16/Ccnb1/Tnks/Cct3/Ncapd2/Hnrnpc/Hnrnpa2b1/Rb1/Fen1/Dync1li1/Lig4/Hnrnpu/Xrcc5/Smc5/Slf2/Tal1"
"GOBP_CYTOPLASMIC_MICROTUBULE_ORGANIZATION",0.61009067658684,0.771356655542498,0.0241915132624324,0.24011924011815,0.919344007767319,46,"Cib1/Katnb1/Tbcb/Hook2/Cav3/Limk2/Trpv4/Pde4dip/Wdr73/Mapt/Trdn"
"GOBP_ORGANELLE_TRANSPORT_ALONG_MICROTUBULE",0.610257295803834,0.771356655542498,0.0195169775413431,-0.234842773262667,-0.915044022650424,63,"Ndel1/Rab1a/Pafah1b1/Copg2/Kif3b/Kif3a/Kif16b/Kif5b/Map2/Ubb/Ap3s1/Bloc1s6/Cdc42/Arhgap21/Syne2/Armcx3/Bicd2/Trak2"
"GOBP_MITOCHONDRIAL_GENOME_MAINTENANCE",0.61049902786779,0.771356655542498,0.0229893650041456,0.2846622415434,0.900298547028528,21,"Slc25a4/Endog/Stox1/Dnaja3/Ssbp1/Polg/Polrmt/Neurl4"
"GOBP_REGULATION_OF_D_GLUCOSE_TRANSMEMBRANE_TRANSPORT",0.611471671636555,0.77160399632662,0.0197236980892782,-0.249479713907245,-0.910127143306242,46,"Il1b/C3/Gpc3/Ocln/Braf/Prkci/Irs1/Sorbs1"
"GOBP_POLARIZED_EPITHELIAL_CELL_DIFFERENTIATION",0.611762516285129,0.77160399632662,0.0206199462847233,-0.293834730893756,-0.892622404033791,21,"Rhoa/Rab10/Rap2a/Myo9a/Cdc42/Fat1/Lama1/Msn"
"GOBP_POSITIVE_REGULATION_OF_MUSCLE_CELL_DIFFERENTIATION",0.61185086551265,0.77160399632662,0.0233869669038103,0.258060353309618,0.903417157012742,31,"Efemp2/Cav3/Mmp14/Hopx/Setd3/Actn3/Mesp1/Smyd1/Smarcd3/Akap6/Mylk3/Tbx1"
"GOBP_PEPTIDYL_THREONINE_PHOSPHORYLATION",0.611923758865248,0.77160399632662,0.0233635636219539,0.262219708345952,0.902382051909443,29,"Cdk10/Stk11/Stox1/Csnk2b/Camk2a/Cadm4"
"GOBP_REGULATION_OF_TELOMERE_MAINTENANCE_VIA_TELOMERE_LENGTHENING",0.612303290414878,0.77160399632662,0.0199959680630296,-0.261502317677823,-0.899034443755193,35,"Hsp90aa1/Ctnnb1/Atr/Slx4/Tnks2/Sox7/Cct2/Tnks/Cct3/Hnrnpc/Hnrnpa2b1/Hnrnpu"
"GOBP_CELLULAR_RESPONSE_TO_ACID_CHEMICAL",0.612327088075644,0.77160399632662,0.0196760165729651,-0.24565258442379,-0.914647548650161,51,"Cybb/Col3a1/Cpeb4/Col4a1/Col1a1/Bmt2/Gclm/Rraga/Rragc/Slc7a5/Vegfa/Mmp2/Col4a6/Mtor/Xbp1/Sesn3/Col1a2/Ipo5/Plec/Rptor/Fyn"
"GOBP_GOLGI_TO_PLASMA_MEMBRANE_TRANSPORT",0.612471655328798,0.77160399632662,0.0237193627932927,0.252159831487423,0.906091498124323,35,"Vamp5/Vamp2/Commd1/Rab34/Gga1/Arfrp1/Rab13/Arl3"
"GOBP_REGULATION_OF_ORGAN_GROWTH",0.612971823498139,0.77160399632662,0.0198415255020423,-0.253807628283365,-0.90927306147893,43,"Vgll4/Fgf2/Nrg1/Tgfbr1/Yy1/Serp1/Pak1/Rbpj/Runx1/Pim1/Sash3/Wt1/Ccnb1/Tomm70a/Bcl2l11/Dusp6/Rgs2"
"GOBP_POSTSYNAPTIC_MODULATION_OF_CHEMICAL_SYNAPTIC_TRANSMISSION",0.612975391498881,0.77160399632662,0.0206152745158868,-0.300549914685536,-0.889211810604613,19,"Mdm2/Plcb1/Eif4e/Braf"
"GOBP_RHYTHMIC_BEHAVIOR",0.61328903654485,0.771679800115318,0.0233168899785404,0.268910386877764,0.898495904856997,26,"Kcna2/Rogdi/Nr1d2/Pln/Id2/Ptgds/Nr1d1/Adora1"
"GOBP_PLACENTA_BLOOD_VESSEL_DEVELOPMENT",0.614093959731544,0.772116058317097,0.0205872813039267,-0.300041613388172,-0.887707942212453,19,"Socs3/Pkd1/Hs6st1/Fzd5"
"GOBP_MRNA_PROCESSING",0.614252061248528,0.772116058317097,0.0170535415592154,-0.194407455297523,-0.94592826745639,287,"Hspa8/Cstf2/Dhx15/Rnps1/Sf3b1/Dhx9/Cdk13/Dhx40/Prpf40a/Snrnp200/Pde12/Ptbp3/Zc3h14/Ptbp1/Mbnl3/Mbnl1/Fmr1/Mbnl2/Srrm2/Rnpc3/Ddx20/Cdk12/Cdc73/Virma/Ddx5/Cstf3/Ddx23/Hnrnpll/Prpf39/Dyrk1a/Zc3h13/Rbm41/Srsf4/Apobec1/Prpf6/Scaf11/Slu7/Cwc22/Setx/Wtap/Iws1/Ppwd1/Strap/Papolb/Cpsf2/Ttf2/Ncbp1/Mfap1a/Sltm/Luc7l2/Ddx46/Rbm39/Mtpap/Prpf38b/Ccnb1/Plrg1/Larp7/Mettl3/Thoc2/Wbp4/Armc7/Usp39/Mettl16/Cwc25/Ythdc1/Dhx8/Hnrnpc/Cpsf6/Rbbp6/Hnrnpa2b1/Srpk2/Cmtr2/Prpf18/Srsf10/Thoc1/Hnrnpu/Cdc40/Rbmxl1/Kat8/Rnasel/Pnn/Zfp36l1/Gemin5/Tra2a/Rbm15b/Trmt10c/Fip1l1/Sf3b4/Cdc5l/Khsrp/Ptbp2/Rbm7"
"GOBP_CELL_CYCLE_DNA_REPLICATION",0.614396456256921,0.772116058317097,0.023287808487627,0.26872216259999,0.89786700113655,26,"Tipin/Rtel1/Rtf2/Gmnn/Rpa2/Fgfr1"
"GOBP_EXOCYTIC_PROCESS",0.614957487419747,0.772502289271093,0.0194743447692174,-0.239031857394941,-0.913278863682776,57,"Snap23/Snap29/Plek/Exoc6/Cadps2/Lyn/Sytl2/Exoc4/Cftr/Efr3a/Stx19/Exoc5/Bloc1s6/Snx4/Ralb/Psen1/Snx6/Rims1/Exoc2/Unc13b/Exoc6b"
"GOBP_REGULATION_OF_DENDRITE_DEVELOPMENT",0.615706806282723,0.773124628919955,0.0195426283077078,-0.236882511683566,-0.912494978078248,60,"Bmp5/Rapgef2/Pafah1b1/Crk/Fat3/Caprin1/Arf6/Nedd4/Trpc6/Cdkl5/Camsap2/Rap2a"
"GOBP_EMBRYONIC_CAMERA_TYPE_EYE_DEVELOPMENT",0.617064593744216,0.77419105395597,0.020402278770838,-0.289978836252203,-0.891533426137929,22,"Kdm2b/Cited2/Fzd5/Sp3/Hipk2/Frs2"
"GOBP_LYMPH_VESSEL_DEVELOPMENT",0.617064593744216,0.77419105395597,0.020402278770838,-0.28996877746945,-0.891502500636031,22,"Pkd1/Fgf2/Vegfc/Epha2/Acvrl1/Vegfa"
"GOBP_POSITIVE_REGULATION_OF_MONOATOMIC_ION_TRANSPORT",0.617369093231162,0.774254072853743,0.0255575630146592,0.208968591822468,0.934439662649711,101,"Fxyd1/Prss8/Thy1/Fxyd6/Kcnh2/Fxyd7/Actn2/Bax/Atp2a1/P2rx4/Abcc8/Amigo1/Grin1/Kcnn4/Casq1/Ank2/Camk2a/Cntn1/Tmsb4x/Ppp3ca/Adra2a/Adcyap1r1/Hap1/Akap6/Snca/Gpd1l/Scn4b/Adora1/Lgals3/Atp1b2/Fgf13/Gsto1/Nppa/P2ry12/Akt1/Tesc"
"GOBP_NEGATIVE_REGULATION_OF_NEURON_PROJECTION_DEVELOPMENT",0.61844331641286,0.775281967261078,0.0190107710067738,-0.22611489690183,-0.921263569439999,80,"Lrrk2/Sema3a/Rnf6/Ptprg/Sema6d/Mdm2/Pafah1b1/Fat3/Adam17/Arf6/Rtn4/Ptpn1/Map2/Slit2/Zfp365/B2m/Spg20/Prag1/Psen1/Thoc2/Trak2"
"GOBP_REGULATION_OF_ALTERNATIVE_MRNA_SPLICING_VIA_SPLICEOSOME",0.618995633187773,0.775419770329539,0.0200940512742669,-0.267854199907499,-0.89516178280872,31,"Rnps1/Ptbp1/Fmr1/Ddx5/Dyrk1a/Wtap"
"GOBP_NEGATIVE_REGULATION_OF_CELL_CYCLE_PROCESS",0.61906254898887,0.775419770329539,0.0178606421248588,-0.203230008037987,-0.938207357347071,183,"Wac/Rps6ka2/Rint1/Tom1l1/Bub1/Dusp1/H2-Q7/Atrx/Tpr/Gtpbp4/Ppp1r10/Nabp1/Dcun1d3/Zfp36l2/Cdc73/Lyn/Smarca5/Atr/Dtx3l/Zfp655/Clock/Topbp1/Slfn9/Bub1b/Cenpf"
"GOBP_MONOATOMIC_ION_HOMEOSTASIS",0.620845434010971,0.777333201711927,0.0295625996473468,0.181723072835562,0.95646445675911,324,"Bola2/Mapk3/Bola1/Pdk2/Atp6v1f/Dmpk/Smdt1/Rogdi/Tmem203/Ankrd9/Thy1/Slc8b1/Psen2/Pth1r/Atp1a2/Prkaca/Mcoln1/Tmem38a/Kcnh2/Nol3/Commd1/Hyal2/Fxn/Slc4a3/Csrp3/Fam20a/Kctd7/Bax/Slc12a9/Mt3/S100a14/Atp2a1/Mcu/Gp9/Hrc/Acvr2b/Cav3/Trf/Slc39a5/Atp6v1g1/Cox10/Snapin/Sypl2/Grin1/Mt1/Casq1/Pln/Trpv4/Ank2/Agt/Mecr/Epas1"
"GOBP_TOOTH_MINERALIZATION",0.621172919361794,0.777423567388682,0.0226813936397553,0.287353094680607,0.886513726327625,19,"Rogdi/Nectin1/Fam20c/Fam20a/Hacd1/Fgfr1/Tbx1"
"GOBP_PROTEIN_LOCALIZATION_TO_CELL_SURFACE",0.622013034033309,0.777862081962551,0.0199427969933153,-0.262166566717307,-0.893669341234693,34,"Picalm/Ctnnb1/Hsp90ab1/Cd177/Arf6/Tyrobp/Abca2"
"GOBP_POSITIVE_REGULATION_OF_TRANSPORTER_ACTIVITY",0.622034210042303,0.777862081962551,0.0201839041084903,-0.283065411293261,-0.890384997812153,24,"Actn4/Vmp1/Trpc6/Cftr/Ctss/Sgk1/Chp1"
"GOBP_CALCIUM_ION_TRANSMEMBRANE_TRANSPORT",0.623145400593472,0.77893175074184,0.0177083382684829,-0.202109501556904,-0.935366290035571,186,"Ptprc/Pde4b/App/Sec61a1/Slc25a25/Vmp1/Fmr1/Pkd1/Lyn/Fgf2/Cacna1d/Plcb1/Ms4a1/Ubqln1/Tpcn2/Tmco1/Aplnr/Plcl1/Cnga2/Atp1b1/Calm1/Trpm6/Atp2b1/Trpc6/Pkd2l2/Gpr35/Slc24a4/Plcg2/Pik3cg/Prkd1"
"GOBP_POSITIVE_REGULATION_OF_MUSCLE_HYPERTROPHY",0.623601789709172,0.779040225639803,0.0203518895016982,-0.314055690384008,-0.875893110202737,15,"Rock2/Aplnr/Rock1/Becn1"
"GOBP_DICARBOXYLIC_ACID_METABOLIC_PROCESS",0.62374386538911,0.779040225639803,0.0239133986055392,0.225336748142786,0.917085809459084,61,"Mrps36/Idh2/Glul/Mdh1/Aldh5a1/Fpgs/Sdhb/Me3/Adssl1/Asl/Mdh2/Mthfd1/Sucla2/Ddo/Sdhaf3/Gpt2/Mthfs/Got1l1/Mthfd1l/Fahd2a/Sdha"
"GOBP_POSITIVE_REGULATION_OF_PROTEIN_DEPOLYMERIZATION",0.624533929903057,0.779620282759379,0.0203290536677241,-0.313744335837706,-0.875024750512766,15,"Washc2/Plek"
"GOBP_REGULATION_OF_MODIFICATION_OF_SYNAPTIC_STRUCTURE",0.624720357941834,0.779620282759379,0.0203244916072417,-0.313650881733183,-0.874764109458399,15,"Rhoa/Kif5b"
"GOBP_RESPONSE_TO_TESTOSTERONE",0.625788497217069,0.780376547993998,0.0202245538651436,-0.293786623554464,-0.882365556450707,20,"Thbs1/Dusp1/Rock2"
"GOBP_POSITIVE_REGULATION_OF_EXECUTION_PHASE_OF_APOPTOSIS",0.625838926174497,0.780376547993998,0.0202971548798136,-0.313378495081084,-0.874004430206629,15,"Hspd1/Ripk1/Zc3h12a"
"GOBP_MITOPHAGY",0.626419709942338,0.780781013824977,0.0193010779658804,-0.235188481964554,-0.907748634215354,61,"Vps13c/Eif2s1/Pptc7/Snx7/Atg4c/Slc25a5/Fzd5/Becn1/Dele1/Tsc2/Lrba/Irgm1/Irgm2/Huwe1/Fundc1/Clec16a"
"GOBP_NEURON_PROJECTION_REGENERATION",0.627602297200287,0.781934940660751,0.0196760165729651,-0.25643882196164,-0.899411421758555,39,"Jak2/Stk24/Tnc/Jun/Adam17/Braf/Ptprf"
"GOBP_AMINO_ACID_METABOLIC_PROCESS",0.628335112059765,0.782527777595904,0.0259974934286787,0.195158690812849,0.938117337873747,154,"Bckdk/Ivd/Park7/Bcat2/Ucp2/Azin2/Ddah2/Gpt/Sdsl/Qdpr/Shmt2/Acy1/Bckdhb/Glul/Gatb/Asrgl1/Asnsd1/Gcat/Aldh5a1/Fpgs/Cdo1/Echs1/Apip/Mri1/Thnsl2/Psph/Adssl1/Pts/Crym/Tars2/Vars/Mpst/Pepd/Asl/Aasdh/Ddc/Ttc36/Acat1/Mthfd1/Thap4/Ddo/Gpt2/Mthfs/Amt/Got1l1/Gldc/Scly"
"GOBP_FACE_DEVELOPMENT",0.62882096069869,0.782812684107731,0.0198546875227186,-0.266080492578045,-0.889234098957719,31,"Tiparp/Csrnp1/Col1a1/Nipbl/Braf/Arid5b/Ankrd11/Mmp2/Srf"
"GOBP_NEGATIVE_REGULATION_OF_GROWTH",0.629304743339831,0.783094786869549,0.0181441170965448,-0.210908760743864,-0.92507795653639,127,"Hspa1b/Ddx3x/Hspa1a/Rnf6/Tmprss4/Smad4/Sema6d/Plac8/Dcun1d3/Vgll4/Gpc3/Ppt1/Osgin1/Rtn4/Rerg/Map2/Acvrl1/Yy1/Btg1/Slit2/Pak1"
"GOBP_POLYSACCHARIDE_BIOSYNTHETIC_PROCESS",0.630965391621129,0.784840530018929,0.0198196201192673,-0.269681335574363,-0.886579353408592,29,"Ndst1/Cltc/Ext2/Irs1/Sorbs1/Ppp1ca"
"GOBP_POSITIVE_REGULATION_OF_AXON_EXTENSION",0.631414382931764,0.784870403857746,0.0199560681654234,-0.28135977334882,-0.885019897108073,24,"Pafah1b1/Cdkl5/Pak1/Vegfa/Tnfrsf12a/Macf1/Srf/Shtn1/Limk1/Fn1/Ntn1/Map3k13"
"GOBP_PRESYNAPTIC_ENDOCYTOSIS",0.631504922644163,0.784870403857746,0.023761548652064,0.23044393803923,0.910506047385215,53,"Sncg/Ap2s1/Vamp2/Park7/Cdk5/Ctbp1/Ap3s2/Slc2a4/Pik3c3/Stx1a/Btbd8/Dnm2/Snca/Scrib"
"GOBP_CELL_FATE_SPECIFICATION",0.633776533706555,0.787149679198548,0.0236234755433422,0.232142111495972,0.90572177381655,50,"Tbx2/Sox18/Tbx15/Fzd7/Mbd3/Tbx5/Mesp1/Nfib/Sox2/Tbx18/Nrp1/Fgfr1/Tbx1/Ascl1/Hdac1/Ntrk3/Pou4f1/Hnf1b"
"GOBP_NUCLEOTIDE_EXCISION_REPAIR",0.634083450539147,0.787149679198548,0.0236953211013832,0.229933080041662,0.908487598559448,53,"Rbx1/Brd7/Commd1/Xpa/Rpa3/Bcl7b/Rpa2/Smarcd3/Ogg1/Poll/Ercc1/Ercc3/Dpf2/Arid1a/Pold1/Gtf2h4/Polb/Ercc2/Rpa1/Actb/Xab2/Ercc4"
"GOBP_NEGATIVE_REGULATION_OF_STEM_CELL_DIFFERENTIATION",0.634114339268978,0.787149679198548,0.0201793957835896,-0.301303251180697,-0.877441592314522,18,"Cdk13/Cdk12/Zfp36l2/N4bp2l2/Ythdf2/Jag1"
"GOBP_BONE_MATURATION",0.635238987816307,0.788224416422435,0.0201523806155801,-0.300846769917377,-0.876112248389492,18,"Rhoa/Rflnb/Bmp2/Dchs1/Xylt1"
"GOBP_EMBRYONIC_HEART_TUBE_DEVELOPMENT",0.636448380330925,0.789403388231229,0.0235401807715361,0.230323152616659,0.903351565402044,51,"Tbx2/Vangl2/Asb2/Ndrg4/Sox18/Cluap1/Tead2/Ccdc103/Mesp1/Ccdc40"
"GOBP_RENAL_SYSTEM_PROCESS",0.637381567614126,0.790184435475645,0.0188276841415376,-0.229760150362101,-0.902796748956109,66,"Tbc1d8b/Pon3/Adgrf5/Rhoa/Btc/Xpnpep3/Rrm2b/Oit3/Pkn1/Myo5b/Aqp1/Slc5a2/Sgk1/Stc1/Slc4a1/Clcn5/Chrna7/Npr1"
"GOBP_THIOESTER_BIOSYNTHETIC_PROCESS",0.637665397861156,0.790184435475645,0.0195854988403647,-0.266554929822283,-0.884133755120453,30,"Hsd17b12/Acly/Ppt1/Acsl4/Elovl7/Acsl5/Pdk3/Acaca/Fasn"
"GOBP_REGULATION_OF_MITOCHONDRIAL_GENE_EXPRESSION",0.637885462555066,0.790184435475645,0.0225987248994441,0.267155914436914,0.884991896233762,25,"Coa3/Uqcc2/Trub2/Shmt2/Rcc1l/Mtg1/Thap11/Malsu1/Rmnd1/Rpusd4/Mpv17l2"
"GOBP_INNER_EAR_RECEPTOR_CELL_DEVELOPMENT",0.638116100766703,0.790184435475645,0.0225057021197395,0.26875055511212,0.880874624035295,24,"Vangl2/Fzd2/Tprn/Ift27/Fgfr1/Scrib/Elmod3/Hes1/Ift20/Triobp"
"GOBP_ESTABLISHMENT_OF_SPINDLE_ORIENTATION",0.638615664845173,0.79048158514372,0.0196371415963502,-0.268500009409487,-0.882695735044011,29,"Ndel1/Itgb1/Pafah1b1/Kat5/Ankfn1/Ccdc66"
"GOBP_PROTEIN_K11_LINKED_UBIQUITINATION",0.638904312419026,0.790517525930896,0.0198722588715572,-0.285440015673908,-0.877578924102224,22,"Ube2d3/Cdc27/Arel1/Cdc23/Cdc16/Cul5"
"GOBP_ROOF_OF_MOUTH_DEVELOPMENT",0.639204545454545,0.790567766413116,0.0237253805336842,0.229176039801224,0.909971177946226,55,"Tbx2/Dhrs3/Pygo2/Nprl3/Fzd2/Acvr2b/Osr2/Wnt7a/Cldn5/Lef1/Jag2/Sox11/Msx1/Tbx1/Osr1"
"GOBP_CELLULAR_RESPONSE_TO_IONIZING_RADIATION",0.639553429027113,0.790678112621827,0.0192007727745151,-0.249611385997179,-0.894239903901776,43,"Spidr/Mdm2/Nipbl/Atr/Ifi205/Clock/Ect2/Tlk2"
"GOBP_VESICLE_TARGETING",0.639985642498205,0.790796259622099,0.0193810693240287,-0.25458195683926,-0.892898813071,39,"Snap23/Snap29/Exoc6/Fam91a1/Exoc4/Trappc10/Tmed10/Exoc5/Stard3/Psen1/Tbc1d23/Sec16a/Exoc2/Exoc6b"
"GOBP_NEGATIVE_REGULATION_OF_MIRNA_METABOLIC_PROCESS",0.640558139534884,0.790796259622099,0.0199118866491406,-0.305068771435135,-0.867130744216589,16,"App/Yy1/Vegfa/Esr1/Srf"
"GOBP_DNA_METHYLATION_DEPENDENT_CONSTITUTIVE_HETEROCHROMATIN_FORMATION",0.640604590408658,0.790796259622099,0.0199560681654234,-0.300479384902498,-0.86673011691947,17,"Smarca5/Mbd1/Tex15/Bmi1/Hells/Spin1"
"GOBP_POSITIVE_REGULATION_OF_REGULATED_SECRETORY_PATHWAY",0.640687807056722,0.790796259622099,0.0227479318765242,0.248445980009399,0.889548235298019,34,"Rab3a/Vamp8/Cdk5/Stx4a/Scamp5/Stx1a/H2-M3/Gata2/Ppp3ca/H2-Q1"
"GOBP_POSITIVE_REGULATION_OF_MACROPHAGE_MIGRATION",0.64097779436462,0.790833623922313,0.0199472191220701,-0.300342847586184,-0.866336276243275,17,"Thbs1/Rtn4/Akirin1/C5ar1"
"GOBP_SENSORY_PERCEPTION",0.641437888669801,0.791080749696049,0.0168551908353814,-0.196597964361989,-0.932652577476143,227,"Timp3/Hexb/Cd36/Slc1a3/Mme/Adcy3/Col4a3/Crybg3/Tmem63b/Clic5/Cln5/Col1a1/Nipbl/Cacna1d/Casp3/Ppt1/Piezo2/Lrp2/Itga2/Ripor2/Ccdc50/Rp1/Tmc7/Cnga2/Hmcn1/Dram2/C5ar1/Pkhd1l1/Crb1/Slc24a4/Tgfbi/Diaph3/Ankfn1/Wdr36/Atxn7/Ccdc66/Aqp1/Pgap1/B2m/Myo9a/Efemp1/Ano1/Wdr47/Gnb1/Rdh12/Chm/Gnat1/Opa3/Rp2/Ccl3/Syt10/Cfap69/Chrna7/Fzd4"
"GOBP_NEGATIVE_REGULATION_OF_TYPE_I_INTERFERON_PRODUCTION",0.642310495626822,0.791836218292985,0.0195554737809942,-0.270528011960848,-0.876008211704397,27,"Rnf125/Itch/Pira2/Yy1/Tyrobp/Siglec1/Irgm1/Irgm2/Cyld/Pirb"
"GOBP_INORGANIC_ANION_TRANSPORT",0.643291940589238,0.792725195910251,0.0240795170552961,0.212734033883677,0.914097522097978,81,"Fxyd1/Clic3/Slc25a10/Ucp2/Slc20a2/Slc4a3/Slc34a2/Slc37a1/Slc12a9/Clcn6/Cry2"
"GOBP_RESPONSE_TO_ACETYLCHOLINE",0.644086415232516,0.79328898219492,0.0195854988403647,-0.276948770361084,-0.880500571374188,25,"Rock2/Plcb1/Agrn/Bloc1s6/Gnb1/Gna15/Chrm3/Chrna7"
"GOBP_CELL_VOLUME_HOMEOSTASIS",0.644270493585562,0.79328898219492,0.0222361262287478,0.275184522281635,0.880237716084779,22,"Slc12a9/Clcn6/Kcnn4/Trpv4"
"GOBP_CARBOHYDRATE_TRANSPORT",0.644618262200306,0.793396365561816,0.0184655067086356,-0.225071771454205,-0.904238885329361,74,"Il1b/Slc5a3/Slc2a3/C3/Gpc3/Ocln/Braf/Prkci/Irs1/Sorbs1/Slc23a2/Aqp1/Slc5a2/Osbpl8/Stxbp4/Slc23a1"
"GOBP_NEGATIVE_REGULATION_OF_DNA_TEMPLATED_TRANSCRIPTION_ELONGATION",0.645536869340233,0.79420596652162,0.0220719196543151,0.300725604616992,0.863438563106071,15,"Rnf8/Hexim1/Nelfb"
"GOBP_NEGATIVE_REGULATION_OF_PROTEIN_BINDING",0.64647577092511,0.795039871755638,0.0223863576867889,0.265486764172797,0.879462599005015,25,"Pex14/Dact1/Adam15/Bax"
"GOBP_ORGAN_GROWTH",0.647665764546685,0.796181773534378,0.0183173360456645,-0.222741377514989,-0.905003574989954,79,"Lepr/Smad2/Tgfbr2/Vgll4/Fgf2/S1pr1/Ddr2/Nrg1/Tgfbr1/Yy1/Serp1/Pak1/Rbpj/Runx1/Myh10/Pim1/Stc1/Sash3/Wt1/Esr1/Ccnb1/Atf2"
"GOBP_REGULATION_OF_MITOCHONDRIAL_FISSION",0.648088139987038,0.796379494051869,0.0220403904954215,0.278006505698241,0.879248514968379,21,"Inf2/Ddhd2/Pink1/Mcu/Mapt/Bnip3"
"GOBP_GLUTAMINE_FAMILY_AMINO_ACID_METABOLIC_PROCESS",0.648426323319027,0.796473640381782,0.0191302136186377,-0.255252469930977,-0.877547718732884,35,"Arg2/Odc1/Slc7a11/Aldh18a1/Gclm/Otc/Bloc1s6/Cad"
"GOBP_RESPONSE_TO_CADMIUM_ION",0.649600345647008,0.797327331334948,0.0220037088086317,0.277492386268228,0.877622514367352,21,"Gpi1/Mt3/Ppp5c/Mt1/Alad"
"GOBP_VIRAL_TRANSCRIPTION",0.650072411296162,0.797327331334948,0.0192759250511193,-0.257878024938647,-0.87905062629258,34,"Dhx9/Mid2/Ccnt1/Jun/Ubp1"
"GOBP_REGULATION_OF_GLUCONEOGENESIS",0.650145772594752,0.797327331334948,0.019372624676316,-0.268967661685887,-0.870955575402175,27,"Lepr/Sik1/Ddb1/Dgkq/Ppp4r3a"
"GOBP_CELL_COMMUNICATION_BY_ELECTRICAL_COUPLING",0.650358773646445,0.797327331334948,0.0220877147325811,0.274346540938653,0.87755724998388,22,"Atp1a2/Prkaca/Hrc/Tbx5/Trdn/Atp1b2/Ryr2"
"GOBP_TISSUE_REGENERATION",0.650646111992745,0.797327331334948,0.0227423732290563,0.242648282289314,0.884074539524462,37,"Mustn1/Lgr6/Adam15/Fzd7/Gpx1/Wnt7a/Hopx/Sox2/Ptn/Ppp3ca/Bcl9/Cd9/Large1/Naca/Yap1/Capn3"
"GOBP_NEGATIVE_REGULATION_OF_OSTEOBLAST_DIFFERENTIATION",0.650692419825073,0.797327331334948,0.0193599685520598,-0.268870010953825,-0.870639368431425,27,"Ipo7/Areg/Tnfaip6/Vegfc"
"GOBP_SNRNA_METABOLIC_PROCESS",0.651158580738595,0.797577585820202,0.0192508233608038,-0.257706473326259,-0.878465843807345,34,"Uspl1/Ints8/Ints6/Mettl4/Ice2/Larp7/Mettl16/Ints11/Ints3/Ints10/Rbm7/Zfp143/Ints4/Cdk7/Ice1"
"GOBP_NEGATIVE_REGULATION_OF_TELOMERE_MAINTENANCE_VIA_TELOMERE_LENGTHENING",0.652408727586952,0.798787525332637,0.0219358759330868,0.276368093583497,0.874066724653162,21,"Slx1b/Mcrs1/Tinf2/Pot1a/Ten1/Nat10/Ctc1"
"GOBP_NEURON_APOPTOTIC_PROCESS",0.653012810374822,0.799205790832529,0.0172052330312473,-0.202564679944424,-0.921296498155952,164,"App/Xrcc2/Ctnnb1/Jak2/Naip2/Mcl1/Cpeb4/Kdm2b/Hyou1/Rhoa/Jun/Adam8/Ripk1/Fgf2/Fpr2/Casp3/Ppt1/Rock1/Braf/Rasa1/Gclm/Btg2/Prkci/Casp7/Nr4a2/Ubb/Aimp2/Gdnf/Mmp2/Hipk2/Aars/Casp2/Unc5b/Lcn2/Atf2/Psen1/Dnajc5/Ccl3/Six4/Rb1/Bcl2l11/Srpk2/Snx6/Lig4/Il6st"
"GOBP_MEMORY",0.653998280309544,0.800059353435843,0.0184185252817518,-0.227930338629798,-0.893760868247674,65,"App/Fos/Rcan1/Vps13b/Plcb1/Shank3/Creb1/Lrrn4/Arc/Sgk1/Bloc1s6/Itga8/Srf/Lcn2/Psen1/Atad1/Chrna7/Fen1"
"GOBP_MITOTIC_DNA_INTEGRITY_CHECKPOINT_SIGNALING",0.654235727440147,0.800059353435843,0.0228989743073895,0.23383554201829,0.892575249391434,45,"Fbxo31/Fzr1/Tipin/Mus81/Babam2/Syf2/Foxo4/Ier3/Nop53/Rpa2/Muc1/Abraxas1/Rps27l/Babam1"
"GOBP_TORC2_SIGNALING",0.655023717119448,0.80070141253662,0.0218425698601399,0.298347979460199,0.856611963649731,15,"Pih1d1/Pink1"
"GOBP_REGULATION_OF_GLUCOSE_METABOLIC_PROCESS",0.655414908579465,0.800858104584459,0.0231606595654431,0.227272000137253,0.8979734172529,53,"Bckdk/Pdk2/Igfbp4/Prkaca/Actn3/C1qtnf12/Mlycd/Tcf7l2/Pdk1/Tigar/Sirt7/Ogt/Wdr5/Rorc/Pgp/Sdhaf3/Mst1/Gck/Akt1"
"GOBP_DICARBOXYLIC_ACID_TRANSPORT",0.655692254375325,0.800875617558309,0.0184929946691487,-0.236023963186714,-0.892661974458322,54,"Slc1a3/Itgb1/Arl6ip1/Lrrc8d/Slc38a2/Slc7a11/Lrp2"
"GOBP_REGULATION_OF_STEROL_TRANSPORT",0.65634110787172,0.801346701471286,0.0192299442565258,-0.26784159694987,-0.867309217494499,27,"Pltp/Abca5/Ces1d/Abca2/Abca13/Ttc39b"
"GOBP_ISOPRENOID_METABOLIC_PROCESS",0.657318141980719,0.802087416766262,0.0186273789748907,-0.238481106994607,-0.891299896399114,52,"Idi1/Dhrs9/Ugt1a7c/Lipa/Hmgcr/Lrp2/Scpep1"
"GOBP_ANGIOTENSIN_ACTIVATED_SIGNALING_PATHWAY",0.657531692766592,0.802087416766262,0.0195469086414498,-0.305959872370445,-0.853314085409829,15,"Rock2/Rac1/Rap1gds1/Rock1"
"GOBP_UBIQUITIN_DEPENDENT_PROTEIN_CATABOLIC_PROCESS_VIA_THE_MULTIVESICULAR_BODY_SORTING_PATHWAY",0.658083501931212,0.802087416766262,0.0193304880704373,-0.276343895951679,-0.869242406086211,24,"Tom1l1/Nedd4/Vps37b/Stam/Plaa/Stam2"
"GOBP_NEGATIVE_REGULATION_OF_LIPID_CATABOLIC_PROCESS",0.65833177831685,0.802087416766262,0.0195426283077078,-0.296597121917484,-0.85553176382112,17,"Il1b/Sorl1/Gpld1/Pik3cg/Prkaa1"
"GOBP_RIBOSOMAL_LARGE_SUBUNIT_BIOGENESIS",0.658491006774118,0.802087416766262,0.0230291208893727,0.230051291447608,0.893486187715185,49,"Mrm2/Rpl35a/Rpl11/Rpl35/Rcc1l/Rpl14/Nop53/Trmt112/Mtg1/Rpl7/Malsu1"
"GOBP_GLAND_MORPHOGENESIS",0.658528256786751,0.802087416766262,0.0182092733606427,-0.226103697973857,-0.894474859353167,68,"Tnfaip3/Hgf/Ceacam1/Areg/Tnc/Tgfbr2/Lipa/Rtn4/Tgfa/Epha2/Sema3c/Mmp2/Frs2/Xbp1/Esr1/Kdm5b/Lrp5/Med1/Edar"
"GOBP_NEURAL_TUBE_FORMATION",0.659020351845464,0.802203543929408,0.0183483837852037,-0.227964912455759,-0.890479235894293,64,"Bmp5/Med12/Traf6/Kdm2b/Cited2/Casp3/Lrp2/Luzp1"
"GOBP_REGULATION_OF_DOUBLE_STRAND_BREAK_REPAIR_VIA_HOMOLOGOUS_RECOMBINATION",0.659150498164657,0.802203543929408,0.0185442054727421,-0.239544658549365,-0.885473670198596,49,"Spidr/Wdr48/Actr2/Was/Morf4l2/Rif1/Smchd1/Kat5/Epc2/Zfp365/Tex15/Kmt5a"
"GOBP_ACYL_COA_METABOLIC_PROCESS",0.660228066092623,0.803193951758704,0.0229271500577732,0.226478296509961,0.89329127799815,52,"Hmgcs2/Bckdk/Pdk2/Mcee/Ppt2/Acot6/Pdhx/Acsbg1/Hacd1/Mlycd/Dlat/Pdk1/Snca/Acat1/Abcd1/Sucla2/Elovl4/Gpat4"
"GOBP_LONG_TERM_MEMORY",0.660617844026788,0.803347178538965,0.0217397241400018,0.274548250111551,0.868311123120872,21,"Nfatc4/Gria1/Slc2a4/Adcy1"
"GOBP_REGULATION_OF_NOTCH_SIGNALING_PATHWAY",0.661363096651627,0.803932386947786,0.0232240698938442,0.220530602191677,0.901614296138868,63,"Egfl7/Enho/Fbxw7/Arrdc1/Hey1/Tspan14/Mmp14/Mesp1/Neurl1a/Epn2/Dlk2/Gata2/Jag2/Wwp2/Bmp7/Mfng/Ascl1/Ovol2/Itgb1bp1/Hes1/Slc35c2/Akt1/Trp63/Yap1"
"GOBP_RNA_POLYMERASE_II_PREINITIATION_COMPLEX_ASSEMBLY",0.662020275162925,0.804410110882326,0.0190025759982174,-0.25598450740962,-0.872596033001106,34,"Taf4b/Cand1/Dr1/Taf7/Med14/Creb1/Psmc6/Esr1/Taf6/Med1/Med20"
"GOBP_FEAR_RESPONSE",0.662431544359255,0.804559895684011,0.021915079685064,0.26482058711259,0.867993500561474,24,"Penk/Atp1a2/Vdac1"
"GOBP_NEUROPEPTIDE_SIGNALING_PATHWAY",0.662671992898358,0.804559895684011,0.0221140852246087,0.25025197228806,0.876081592704245,31,"Penk/Npw/Nmb/Npy1r/Ppy/Agrp/Qrfp/Pcsk1n/Cpe/Nppa/Npff/Mchr1/Nxph4"
"GOBP_REGULATION_OF_MICROTUBULE_DEPOLYMERIZATION",0.664214046822742,0.8061107104724,0.022151099576044,0.253309311413434,0.879531725927877,30,"Trim54/Cib1/Mid1ip1/Katnb1"
"GOBP_MESENCHYMAL_CELL_PROLIFERATION",0.665198237885463,0.806760440262189,0.0219358759330868,0.262278717994144,0.868835490573462,25,"Tbx2/Pdgfa/Nfib/Fgfr1/Msx1/Tbx1/Bmp7/Osr1/Foxp2/Wnt2/Fgf9/Wnt11"
"GOBP_REGULATION_OF_RAS_PROTEIN_SIGNAL_TRANSDUCTION",0.665279299014239,0.806760440262189,0.0218477349088295,0.264036921124778,0.865424905002312,24,"Rasa4/Stk19/Dab2ip/Trim67/Rasgef1a"
"GOBP_FEEDING_BEHAVIOR",0.665712752638169,0.806964702143003,0.0187391509567362,-0.251316372935078,-0.872306591022098,37,"Lepr/Fos/Ace2/Tmem63b"
"GOBP_LENS_DEVELOPMENT_IN_CAMERA_TYPE_EYE",0.666082997723691,0.807092211726478,0.0184146181537193,-0.237912503778841,-0.885828613954794,51,"Ctnnb1/Skil/Adamts9/Tgfbr2/Crybg3/Cited2/Fgf2"
"GOBP_REGULATION_OF_COLLAGEN_METABOLIC_PROCESS",0.666542265348013,0.807327445499085,0.019355752732419,-0.294971093270301,-0.850841498630566,17,"Itgb1/Itga2/Ddr2/Vsir/Runx1"
"GOBP_REGULATION_OF_ENDOPLASMIC_RETICULUM_UNFOLDED_PROTEIN_RESPONSE",0.667463674820673,0.808122023788847,0.0191178037735758,-0.274525538234191,-0.863522744242292,24,"Tmem33/Hspa5/Akt3/Ptpn1"
"GOBP_REGULATION_OF_CARDIAC_MUSCLE_CELL_ACTION_POTENTIAL",0.667828359834459,0.808242192247984,0.0216988267174439,0.265943892692316,0.862341265465437,23,"Slc4a3/Cav3/Ank2/Tbx18/Dsc2/Jup/Fgf13/Ryr2"
"GOBP_REGULATION_OF_CALCINEURIN_MEDIATED_SIGNALING",0.668751149530991,0.809037445499352,0.0190888958892103,-0.274238475202846,-0.862619784691819,24,"Ptbp1/Rcan1/Nfat5/Plcg2/Mtor/Chp1"
"GOBP_HINDBRAIN_MORPHOGENESIS",0.669222343921139,0.809285956012656,0.0217550959917255,0.263134755131745,0.862467905975468,24,"Cdk5/Trnp1/Coq8b/Wnt7a/Cend1"
"GOBP_REGULATION_OF_SYNAPSE_STRUCTURE_OR_ACTIVITY",0.669759396131467,0.809613879007669,0.0167520109630121,-0.199637393776797,-0.919081284089976,179,"Lrrk2/App/Flrt3/Ctnnb1/Itgb1/Rhoa/Nedd9/Pafah1b1/Robo2/Ppt1/Slc7a11/Arhgap22/Caprin1/Arf6/Rtn4/Rac1/Nedd4/Cyfip2/Rock1/Agrn/Ptpn1/Kif5b/Shank3/Cdkl5/Senp1/Wasl/Rap2a/Negr1/Arc/Ptpn13/Homer1/Nrcam/Arf4/Cdc42/Gpm6a/Farp1/Psen1/Pirb/Ywhaz/Dock10/Dock1/Eif4g1/Clstn1"
"GOBP_MICROTUBULE_DEPOLYMERIZATION",0.670289855072464,0.809751290839833,0.0222521346383621,0.238038190771861,0.875163671065743,38,"Trim54/Nckap5l/Cib1/Mid1ip1/Katnb1"
"GOBP_POSITIVE_REGULATION_OF_CHROMOSOME_SEPARATION",0.670406474158543,0.809751290839833,0.0190518277703634,-0.273958438334943,-0.861738926006627,24,"Ncapg/Smc4/Cdc23/Ncapg2/Cdc16/Ncapd2/Rb1/Numa1/Ncapd3/Plscr1/Ska1/Birc5"
"GOBP_INOSITOL_PHOSPHATE_METABOLIC_PROCESS",0.670670855664387,0.809751290839833,0.0191178037735758,-0.275944410027028,-0.85806561315769,23,"Itpkc/Plek/Plcb1/Ptafr/Plcg2"
"GOBP_BICARBONATE_TRANSPORT",0.671057513914657,0.809896999552172,0.01916751819793,-0.283784297035221,-0.852324337084854,20,"Slc39a10/Slc4a7/Cftr/Rhag/Slc26a2/Slc4a4/Slc4a1"
"GOBP_EMBRYONIC_SKELETAL_SYSTEM_DEVELOPMENT",0.671509143736113,0.810120975703829,0.0179356112759152,-0.224658023342336,-0.890724660771248,69,"Ndst1/Ctnnb1/Smad2/Acvr2a/Med12/Tgfbr2/Col1a1/Nipbl/Sp3/Tgfbr1"
"GOBP_MAMMARY_GLAND_DEVELOPMENT",0.672662480909554,0.811190991829541,0.0178047072278548,-0.221133639086433,-0.890655203452415,75,"Jak2/Areg/Tgfbr2/Fgf2/Itga2/Uprt/Rtn4/Tgfa/Nrg1/Oas2/Epha2/Creb1/Vegfa/Fasn/Robo1/Xbp1/Cad/Esr1/Kdm5b/Lrp5/Med1/Irf6/Iqgap3"
"GOBP_CARDIAC_CHAMBER_DEVELOPMENT",0.673520561685055,0.811218095634272,0.0175651513263851,-0.215155525348225,-0.897603046057841,93,"Bmp5/Ndst1/Smad4/Tgfbr2/Mdm2/Cited2/Robo2/Lrp2/Luzp1/Aplnr/Nrg1/Tgfbr1/Mdm4/Bmp2/Slit2/Sema3c/Rbpj/Jag1/Myh10/Robo1/Eng/Frs2"
"GOBP_REGULATION_OF_SISTER_CHROMATID_SEGREGATION",0.673557278208441,0.811218095634272,0.0180072490464697,-0.225321912567966,-0.885357577518746,66,"Bub1/Dusp1/Tpr/Nek6/Cdc27/Becn1/Bub1b/Cenpf/Kat5/Knl1/Cdc23/Gen1/Cdc16/Ccnb1/Rb1/Dync1li1/Hnrnpu"
"GOBP_PROGRAMMED_NECROTIC_CELL_DEATH",0.673578595317726,0.811218095634272,0.0219306735573259,0.251471128363785,0.873149251074473,30,"Slc25a4/Nol3/Bax/Alkbh7/Itpk1/Ppif/Casp6/Fadd"
"GOBP_HIPPOCAMPUS_DEVELOPMENT",0.673768939393939,0.811218095634272,0.0228764801286867,0.224401326473351,0.891012601320639,55,"Pianp/Nkx2-1/Id4/Xrcc1/Cdk5/Ppp1r9b/Lef1/Ezh1/Cfl1/Ywhae/Srd5a1/Hdac1/Pomgnt1/Fgf13/Ptprs/Large1/Mkks/Tmem108/Ogdh/Atg16l1/Gli3/Prox1/Ezh2"
"GOBP_REGULATION_OF_MRNA_PROCESSING",0.674205067165448,0.811218095634272,0.0178009870617832,-0.221160698283683,-0.888525922209618,74,"Rnps1/Dhx9/Ptbp1/Fmr1/Cdc73/Ddx5/Dyrk1a/Srsf4/Cwc22/Wtap/Iws1/Ncbp1/Sltm/Rbm39/Ccnb1/Larp7/Mettl16/Ythdc1/Srpk2/Srsf10/Hnrnpu/Rbmxl1/Kat8/Zfp36l1/Tra2a/Rbm15b/Rbm7/Nova2"
"GOBP_POSITIVE_REGULATION_OF_PROTEIN_LOCALIZATION_TO_CELL_PERIPHERY",0.674487830502539,0.811218095634272,0.0182285017977177,-0.236619851254504,-0.881015631972885,51,"Prkch/Itgb1/Arf6/Gnai1/Kif5b/Zdhhc5/Prkci/Epha2/Sorbs1/Sptbn1/Dlg1/Rab11fip2/Eif4g1/Pls1"
"GOBP_MESODERMAL_CELL_DIFFERENTIATION",0.674601686972821,0.811218095634272,0.0192424674758377,-0.29119125954375,-0.847993911253582,18,"Itgb1/Itga2/Itga8/Eya2/Kdm6b/Tal1/Trim15"
"GOBP_PROTEIN_COMPLEX_OLIGOMERIZATION",0.67481623521892,0.811218095634272,0.016875926292044,-0.202352679149938,-0.911285245277498,153,"App/Yme1l1/Usp16/Lrrc8d/Kctd10/Peg10/Pkd1/H2-Q7/Kcnj2/Sgtb/Atl3/Ms4a1/Mospd2/Pdcd6ip/Ifih1/Ect2/Slc31a1/Trpm6/Sycp1/Cth/Zc3h12a/Dele1/Kctd21/Arc/B2m/Homer1/Acaca/Kctd9"
"GOBP_PEPTIDYL_LYSINE_MODIFICATION",0.675364283293799,0.8114674469345,0.0177231163751458,-0.218065628079534,-0.894109134921803,84,"Uspl1/Ctnnb1/Topors/Egr2/Mdm2/Ifih1/Senp2/Smc6/Kat5/Cth/Zfp451/Senp1/Eid3/Loxl2/Plod2/Senp5/Kmt5a"
"GOBP_REGULATION_OF_DOUBLE_STRAND_BREAK_REPAIR",0.675556643014436,0.8114674469345,0.0233635636219539,0.208491994016122,0.900054271182121,83,"Nudt16l1/Yeats4/Rnf8/Brd7/Otub1/Dmap1/Rtel1/Shld1/Ppp4c/Wrap53/Helq/Kmt5c/Fus/Ager/Bcl7b/Meaf6/Pot1a/Rpa2/Smarcd3/Ogg1/Spire2/Prmt1"
"GOBP_LATE_ENDOSOME_TO_VACUOLE_TRANSPORT_VIA_MULTIVESICULAR_BODY_SORTING_PATHWAY",0.676153514445882,0.811864137021968,0.0213466902091972,0.293969648395986,0.844040969278628,15,"Mvb12a/Vps28/Vps37d"
"GOBP_EXIT_FROM_MITOSIS",0.677794529399095,0.813513733551536,0.0212922649310763,0.284810237789029,0.848883850046135,17,"Ppp1r9b/Mad2l1bp/Nfib/Cdkn1c"
"GOBP_MRNA_SPLICE_SITE_RECOGNITION",0.678764311946425,0.814266396351458,0.0213169736652703,0.27131089727885,0.858072378299301,21,"Nol3/Snrpc/Sf3a2/Celf4/Srsf5"
"GOBP_POSITIVE_REGULATION_OF_SYNAPTIC_TRANSMISSION_GLUTAMATERGIC",0.678956446744286,0.814266396351458,0.0212823954018575,0.293466830270333,0.84259728589001,15,"Grin1/Grin2c/Nlgn2/Hdac6/Cacng7/Tnr/Tshz3/Nlgn3/Reln/Cacng4"
"GOBP_PRESYNAPSE_ORGANIZATION",0.679300291545189,0.814358026675237,0.0187151148924861,-0.263516434213833,-0.853303724879286,27,"App/Pls3/Arf6/C5ar1/Pcdh17"
"GOBP_REGULATION_OF_PEPTIDASE_ACTIVITY",0.680034497628288,0.814917373190924,0.021257756377706,0.293316259487234,0.842164969457326,15,"Svbp/Psenen/Eppin/Reck/Rcn3/Prelid1/Grn/Gapdh"
"GOBP_MODULATION_OF_EXCITATORY_POSTSYNAPTIC_POTENTIAL",0.680986043139387,0.815677511904281,0.0185995925513025,-0.258759534826979,-0.858277276478544,30,"Lrrk2/App"
"GOBP_PROTEIN_TETRAMERIZATION",0.681204569055036,0.815677511904281,0.0179093211497247,-0.231085055251875,-0.87793072586226,55,"App/Usp16/Pkd1/Kcnj2/Ms4a1/Trpm6/Sycp1/Cth/B2m/Homer1/Acaca"
"GOBP_CELLULAR_RESPONSE_TO_INTERFERON_BETA",0.682022712663381,0.816336147822325,0.0211158209905609,0.277605446108106,0.845585108578313,18,"Ndufa13/Cdc34/Ifitm2/Camk2a"
"GOBP_REGULATION_OF_ERBB_SIGNALING_PATHWAY",0.682519964507542,0.816610330815507,0.0182516150671623,-0.243926128198458,-0.870225133678344,42,"Dusp3/Ceacam1/Socs4/Adam17/Rtn4/Cblb/Snx5/Rbpj/Ralb/Ptprj/Rala/Snx6/Rnf115"
"GOBP_NEGATIVE_REGULATION_OF_ACTIN_FILAMENT_POLYMERIZATION",0.683062064031479,0.816937935968521,0.0183561578161049,-0.248180101009896,-0.861420747654143,37,"Capza1/Washc2/Tmod3/Sptan1/Eps8"
"GOBP_RNA_SURVEILLANCE",0.684084995663487,0.817619584767172,0.0212528345256173,0.27166912628159,0.847774353887292,20,"Dxo/Rbx1/Exosc4/Exosc2/Exosc8/Ints7"
"GOBP_REGULATION_OF_DEVELOPMENTAL_GROWTH",0.684169031851151,0.817619584767172,0.0164808198402051,-0.198742185764448,-0.913256901152809,177,"App/Gpam/Sema3a/Rnf6/Ppib/Sema6d/Plac8/Pafah1b1/Vgll4/Fgf2/Nipbl/Plcb1/Rtn4/Agrn/Nrg1/Tgfbr1/Map2/Yy1/Serp1/Plaa/Cdkl5/Creb1/Slc23a2/Pak1/Vegfa/Rbpj/Runx1/Tnfrsf12a/Nrcam/Ghr/Spg20/Pim1/Macf1/Sash3/Wt1/Srf/Ccnb1/Tomm70a/Pls1/Six4/Pum2/Bcl2l11/Dusp6/Rgs2/Rims1/Mtm1/Gnas/Eppk1/Dusp10/Shtn1/Limk1/Fn1/Ppara/Sema4d/Epha7/Stk3/Mfsd2a/Cdkn1a"
"GOBP_WNT_SIGNALING_PATHWAY_PLANAR_CELL_POLARITY_PATHWAY",0.686358754027927,0.819617989498516,0.0182979703865563,-0.248879902370006,-0.859245359110157,36,"Med12/Smurf2/Rhoa/Prickle2/Gpc3/Rac1"
"GOBP_REGULATION_OF_STRESS_ACTIVATED_PROTEIN_KINASE_SIGNALING_CASCADE",0.686379597116984,0.819617989498516,0.0187712717045537,-0.272851681675494,-0.848448589754211,23,"Tlr4/Mid1/Pbk/Pdcd10/Taok3/Dusp10/Map2k1/Scimp/Taok1/Nbr1/Foxm1"
"GOBP_SNARE_COMPLEX_ASSEMBLY",0.687055782898988,0.820103825530152,0.0210818061799099,0.28302099885884,0.843550979839284,17,"Vamp2/Vamp8/Stx4a"
"GOBP_REGENERATION",0.688084998735138,0.821010509854426,0.0236055792829118,0.203503297067409,0.907271669055336,99,"Spp1/Mustn1/Rps15/Thy1/Lgr6/Ucp2/Rtn4rl1/Gas6/Map2k2/Adam15/Fzd7/Gpx1/Vtn/Wnt7a/Hopx/Srsf5/Nfib/Sox2/Ptn/Mapk8ip3/Ppp3ca/Bcl9/Mag/Matn2/Scarf1/Ntrk3/Cd9/Nrep/Ptprs/Large1/Naca/mt-Cytb/Yap1/Capn3"
"GOBP_ADULT_LOCOMOTORY_BEHAVIOR",0.689160467587673,0.821971650530538,0.0180792985014843,-0.239943368035654,-0.864250763671403,44,"App/Eps8/Arcn1/Pafah1b1/Ppt1/Tbce/Nr4a2/Gdnf/Vps13a/Hipk2/Wdr47/Npc1"
"GOBP_INTRACELLULAR_GLUCOSE_HOMEOSTASIS",0.689706245371513,0.822300515722889,0.0231721644460443,0.205786859990781,0.900380827220386,90,"Usf2/Nucks1/Pih1d1/Prkaca/Gpr27/Cdk16/Ucp2/Pik3r2/Gas6/Stx4a/Endog/Ubtf/Gpx1/Abcc8/Cma1/C1qtnf12/Ndufaf2/Ager/Serpinf1/Adra2a/Klf15/Prkce/Ogt/Nr1d1/Eny2/Cyba/Sybu/Pik3ca/Gck"
"GOBP_AXON_ENSHEATHMENT_IN_CENTRAL_NERVOUS_SYSTEM",0.690599396291505,0.823043116128232,0.021018885784854,0.29082694295674,0.835017683508918,15,"Id4/Sox10/Plp1"
"GOBP_ODONTOGENESIS_OF_DENTIN_CONTAINING_TOOTH",0.691852117731515,0.824203288639907,0.0182169611840869,-0.245325887211634,-0.860434872237093,39,"Csf3r/Ctnnb1/Acvr2a/Tnc/Traf6/Bmp2/Cftr/Ankrd11/Slc24a4/Itgb6"
"GOBP_SMOOTH_MUSCLE_CONTRACTION",0.692347735554399,0.824203288639907,0.0177083382684829,-0.227874047680036,-0.870647760495639,57,"Pik3c2a/Rhoa/Rock2/Npnt/Tpcn2/Itga2/Rap1gds1/Rock1/Atp2b1/Adora2b/Gdnf/Srf/Dlg1/Htr7/Chrm3/Arhgap42/Bdkrb2/Rgs2/Map2k1/Kcnb2"
"GOBP_GLUCAN_METABOLIC_PROCESS",0.692427655518974,0.824203288639907,0.0176862035286079,-0.230743156813414,-0.872689531913609,54,"Lepr/Mgam/Rb1cc1/Ppp1r2/Pygl/Phkb/Stk40/Irs1/Sorbs1/Ppp1ca/Ppp1cb/Npc1"
"GOBP_GLYCEROLIPID_CATABOLIC_PROCESS",0.692655571635311,0.824203288639907,0.0183173360456645,-0.252275355610186,-0.854437767961188,33,"Abhd2/Abhd5/Plcb1/Pnpla8/Sorl1/Gpld1/Pik3cg/Apob/Gpcpd1/Daglb/Gde1"
"GOBP_ANTIGEN_PROCESSING_AND_PRESENTATION_OF_ENDOGENOUS_ANTIGEN",0.693325876211782,0.824678630103468,0.0187511864852525,-0.28275755830173,-0.836571058896131,19,"Erap1/H2-Q7/Ulbp1/H2-Q2/B2m"
"GOBP_LUNG_EPITHELIUM_DEVELOPMENT",0.694194961664841,0.825389948562843,0.0211841358304768,0.258635320724461,0.84772026167671,24,"Nkx2-1/Map2k2/Klf2/Agr2/Nfib/Adamtsl2/Ascl1/Foxp2/Rcn3/Wnt2/Yap1"
"GOBP_PHOSPHOLIPID_CATABOLIC_PROCESS",0.695264116575592,0.826338499208695,0.018363936698651,-0.258235873540177,-0.848952313672527,29,"Plbd1/Plcb1/Pnpla8/Plcg2/Smpdl3a/Gpcpd1/Gde1/Napepld"
"GOBP_MOTOR_BEHAVIOR",0.696025377869005,0.826785741332566,0.018707113212832,-0.2874270490527,-0.829080770090442,17,"B4galnt1/Grp/Vps13a/Prkaa1/Wdr47/Mfsd2a/Ext1/Slc1a1/Mfsd8/Pfkfb3"
"GOBP_RETINA_DEVELOPMENT_IN_CAMERA_TYPE_EYE",0.696183461667225,0.826785741332566,0.0170992122670336,-0.213012396419349,-0.887722026987463,92,"Tspan12/Fos/Clic4/Col4a1/Fat3/Rp1/Mertk/Dram2/Acvrl1/Bmpr1b/Crb1/Myh10/Hipk2/Gpm6a/Gnb1/Casp2/Lrp5/Man2a1/Gnat1/Psen1/Med1/Fzd4/Tbc1d32/Rpgrip1l/Arl6/Scaper/Nectin3/Lama1/Ttll5/Mfsd2a/Hipk1/Tgif1/Zhx2/Chd7/Slc1a1/Mfsd8/Ttc8/Impg2/Stat3/Rhoj"
"GOBP_VASODILATION",0.696586879432624,0.826803455576392,0.0213120279221524,0.248681963637806,0.855794333827452,29,"S100a1/Vstm4/Klf2/Gpx1"
"GOBP_MAMMARY_GLAND_EPITHELIUM_DEVELOPMENT",0.69714937286203,0.826803455576392,0.0217448459447655,0.231699525639614,0.867661318560857,41,"Lbh/Pygo2/Bax/Gpx1/Cav3/Wnt4/Id2/Perp/Gata3/Zfp703/Msx1/Scrib"
"GOBP_POSITIVE_REGULATION_OF_BIOMINERAL_TISSUE_DEVELOPMENT",0.697251773049645,0.826803455576392,0.0212972026848555,0.24846247615241,0.855039007049425,29,"Fam20c/Slc20a2/Acvr2b/Osr2/Actn3/Wnt4/Rxrb/Ptn/Bmp7/Osr1"
"GOBP_NEGATIVE_REGULATION_OF_PRODUCTION_OF_MOLECULAR_MEDIATOR_OF_IMMUNE_RESPONSE",0.697284490614179,0.826803455576392,0.0183289698904302,-0.263657627079515,-0.846364501322449,26,"Il33/Ndfip1/H2-Q2/Cr1l/Epx/Irak3/Cd96/Pirb"
"GOBP_NEGATIVE_REGULATION_OF_SIGNAL_TRANSDUCTION_BY_P53_CLASS_MEDIATOR",0.697891397648815,0.826993269810145,0.0186671820544752,-0.28689270007972,-0.827539445223922,17,"Mdm2/Rffl/Rrm2b/Dyrk1a"
"GOBP_REGULATION_OF_AMIDE_METABOLIC_PROCESS",0.697987751531059,0.826993269810145,0.0177120311716384,-0.233822622947619,-0.867558388264966,50,"Picalm/Rock2/Casp3/Slc7a11/Rtn4/Sorl1/Rock1/Dyrk1a/Pdk3/Abca2/Slc2a13/Tmed10/Prkaa1/Mtor"
"GOBP_AUTOPHAGOSOME_MATURATION",0.698562916228531,0.827352812102636,0.0177231163751458,-0.235447927835822,-0.863149003453641,47,"Snap29/Vmp1/Lamp2/Ubqln1/Smcr8/Becn1/Calm1/Irgm1/Irgm2/Uvrag/Clec16a"
"GOBP_LEARNING",0.699733203977686,0.828416643122883,0.0226592941355964,0.20812011798681,0.889593902733509,78,"Pianp/Atp1a2/Vdac1/Ddhd2/Gria1/Cdk5/Ndrg4/Ppp1r9b/Abcc8/Cldn5/Grin1/Pln/Ntrk2/Nrgn/Epm2a/Ptn/Eif4a3/B4galt2/Elavl4/Syngap1/Ttc36/Rapgef3/Foxp2/Fgf13/Ift20"
"GOBP_EMBRYONIC_EPITHELIAL_TUBE_FORMATION",0.700033818058843,0.828421188308723,0.017166256496266,-0.217341883912144,-0.878183871618836,76,"Bmp5/Ctnnb1/Med12/Traf6/Kdm2b/Cited2/Casp3/Lrp2/Luzp1"
"GOBP_DOPAMINERGIC_NEURON_DIFFERENTIATION",0.700281162136832,0.828421188308723,0.0186831390984821,-0.28493681756026,-0.82978001043596,18,"Ctnnb1/Rac1/Nr4a2/Vegfa"
"GOBP_POSITIVE_REGULATION_OF_PEPTIDYL_TYROSINE_PHOSPHORYLATION",0.700728597449909,0.828628574460184,0.01824775988334,-0.257271168950522,-0.845780840313034,29,"Jak2/Nedd9/Adam17/Nrg1/Ptpn1/Vegfa/Abi1"
"GOBP_BODY_FLUID_SECRETION",0.70262729597768,0.830094187261915,0.021925473391966,0.226987126276934,0.869065112318128,46,"Vamp2/Usf2/Vamp8/mt-Co2/Kcnn4/Agr2/Prickle1/Neurl1a/Cdo1/Ppp3ca/Prkce/Adora1/Cyba/Gpat4/Stat5b"
"GOBP_NEGATIVE_REGULATION_OF_PHOSPHATIDYLINOSITOL_3_KINASE_PROTEIN_KINASE_B_SIGNAL_TRANSDUCTION",0.702672101449275,0.830094187261915,0.0215114348302808,0.233258989475952,0.857592610987833,38,"Inpp5k/Cib1/Hyal2/Dab2ip/Sfrp5/Lemd2/H2-M3/Nop53"
"GOBP_DIENCEPHALON_DEVELOPMENT",0.702785817655572,0.830094187261915,0.0181021373381215,-0.250359920268234,-0.847950331666459,33,"Ctnnb1/Inhbb/Fgf2/Bmp2/Nr4a2/Creb1/Ubb/Rbpj/Bloc1s6"
"GOBP_REGULATION_OF_ERAD_PATHWAY",0.704884414615958,0.832174125641253,0.0185047938424201,-0.295157921313226,-0.82318772630391,15,"Usp25/Ubqln1/Usp14/Svip/Xbp1"
"GOBP_NUCLEAR_TRANSCRIBED_MRNA_CATABOLIC_PROCESS_NONSENSE_MEDIATED_DECAY",0.705093347833968,0.832174125641253,0.0180831020820749,-0.254563401493076,-0.84435915789802,30,"Rnps1/Etf1/Smg8/Apobec1/Zc3h12a"
"GOBP_PEPTIDYL_THREONINE_MODIFICATION",0.70585605721949,0.832751528180298,0.0212380808461584,0.240517282983847,0.85467976115759,33,"Cdk10/Stk11/Stox1/Csnk2b/Camk2a/Cadm4/Galnt16"
"GOBP_EMBRYO_DEVELOPMENT_ENDING_IN_BIRTH_OR_EGG_HATCHING",0.70668485675307,0.833406424792059,0.0282247703314138,0.17477027442233,0.940585444039267,396,"Tbx2/Hoxb4/Rnf220/Ptpn18/Ssbp3/Arhgdig/Hoxb5/Inpp5k/Brk1/Spint2/Pcgf2/Pth1r/Nr2f2/Vangl2/Prkaca/Fkbp10/Maf/Hoxb6/Sox10/Smg9/Hey1/H13/Hdac3/Sox18/Klf2/Fxn/Endog/Slc34a2/Gpi1/Tbx15/Dact1/Cluap1/Tead2/Pfn1/Foxd3/Rpl13/Celf4/Syf2/Itpk1/Plcd3/Osr2/Wnt9a/Mmp14/Mbd3/Hopx/Tmem100/Wdr83/Ccdc62/Keap1/Mesp1/Tcf15/Egfl8/Tfeb/Prickle1/Epas1/Suv39h1/Taf10/Unk/Nkd1/Mybphl/Slc25a20/Rtf1/Rxrb/Tbx18/Hoxa7/Eif4a3/Lef1/Gata2/Jag2/Pax5/Cdkn1c/Psph/Nek2/Cby1/4933434E20Rik/Sox8/Pnldc1/Sox11/Gata3/Foxc1/Fgfr1/Axin2/Msx1/Tbx1/Fuz/Scrib/Bmp7/Mfng/Cfl1/Osr1/Bap1/Prmt1/Ovol2/Dzip1l/Apba1/Lias/Psmc3/Hoxd9"
"GOBP_NEGATIVE_REGULATION_OF_CELL_GROWTH",0.708784005244182,0.835558380165906,0.0165278713214594,-0.207614203124735,-0.887436556296655,106,"Hspa1b/Ddx3x/Hspa1a/Rnf6/Smad4/Sema6d/Dcun1d3/Vgll4/Ppt1/Osgin1/Rtn4/Rerg/Map2/Acvrl1/Yy1/Btg1/Slit2/Pak1"
"GOBP_POSITIVE_REGULATION_OF_CALCIUM_ION_TRANSPORT",0.710816005591473,0.837143664906143,0.017423567151981,-0.22376960765576,-0.86367561043672,61,"Ccr1/Vmp1/Cask/Cacna1d/Ms4a1/Pira2/Aplnr/Atp2b1/Trpc6"
"GOBP_ICOSANOID_METABOLIC_PROCESS",0.710914454277286,0.837143664906143,0.0173193015937241,-0.225691786399718,-0.862309904930826,57,"Ptgs2/Il1b/Alox5/Naip2/Pnpla8/Cyp2j9/Cyp4f18/Plaa"
"GOBP_REGULATION_OF_POLYSACCHARIDE_BIOSYNTHETIC_PROCESS",0.710953536107483,0.837143664906143,0.0183912010902331,-0.283639294538236,-0.818155025835978,17,"Cltc/Irs1/Sorbs1/Ppp1ca"
"GOBP_REGULATION_OF_CELL_CYCLE_G2_M_PHASE_TRANSITION",0.712051960548472,0.838112957042945,0.0222521346383621,0.212217884806778,0.880521888713093,67,"Cdk10/Fzr1/Chfr/Stox1/Babam2/Syf2/Miip/Aven/Foxo4/Ier3/Cdk4/Usp50/Nop53/Zfyve19/Smarcd3/Vps4a/Abraxas1/Rnaseh2b/Babam1/Paxip1/Ctc1/Cdk2/Plk1/Fhl1"
"GOBP_POSITIVE_REGULATION_OF_DOUBLE_STRAND_BREAK_REPAIR_VIA_HOMOLOGOUS_RECOMBINATION",0.712775651540004,0.838258616377722,0.0180034684198413,-0.260439919369651,-0.836035372552589,26,"Wdr48/Actr2/Was/Morf4l2/Kat5/Epc2"
"GOBP_ACTIN_NUCLEATION",0.712987707108498,0.838258616377722,0.0176641075558748,-0.240330183618877,-0.848567575060615,40,"Washc4/Washc2/Actr2/Actr3/Wasf2/Diaph3/Spire1/Nckap1"
"GOBP_MATERNAL_PLACENTA_DEVELOPMENT",0.71317254174397,0.838258616377722,0.0182593290079758,-0.274705988826804,-0.825058335736546,20,"Ptgs2/Dedd/Cited2"
"GOBP_SPLICEOSOMAL_COMPLEX_ASSEMBLY",0.713383616909314,0.838258616377722,0.0174271778292089,-0.233886061144292,-0.853239926223204,46,"Sf3b1/Snrnp200/Ddx23/Prpf39/Prpf6/Scaf11/Slu7/Setx/Ncbp1/Luc7l2/Ddx46/Usp39/Ythdc1/Srpk2/Srsf10"
"GOBP_NEGATIVE_REGULATION_OF_MITOTIC_CELL_CYCLE",0.713737406045098,0.838258616377722,0.0160713012378503,-0.198978988037874,-0.892829452874759,148,"Wac/Ctnnb1/Rint1/Tom1l1/Bub1/Dusp1/Tpr/Btg3/Gtpbp4/Ppp1r10/Nabp1/Dcun1d3/Zfp36l2/Cdc73/Atr/Zfp655/Topbp1/Slfn9/Bub1b/Cenpf"
"GOBP_HINDBRAIN_DEVELOPMENT",0.713827452304575,0.838258616377722,0.0168586444268299,-0.21287117995084,-0.881194148499212,89,"Bmp5/Ctnnb1/Wls/Itgb1/Egr2/Hspa5/Kdm2b/Arcn1/Fgf2/Crk/Cep290/Herc1"
"GOBP_ENERGY_RESERVE_METABOLIC_PROCESS",0.716098748261474,0.840601653221353,0.017240769877091,-0.223363406510459,-0.858936835341513,59,"Lepr/Adgrf5/Rb1cc1/Ppp1r2/Pygl/Phkb/Stk40/Irs1/Sorbs1/Gfpt1/Ppp1ca/Mtor"
"GOBP_ENDOSOME_ORGANIZATION",0.717315716272601,0.841705724874786,0.0172158836904846,-0.223199267795628,-0.858305645163694,59,"Plekhf2/Atp6v0c/Washc4/Dnajc13/Pdcd6ip/Vps37b/Stam/Pi4k2b/Stam2/Arfgef2/Atp6v1a"
"GOBP_RETROGRADE_VESICLE_MEDIATED_TRANSPORT_GOLGI_TO_ENDOPLASMIC_RETICULUM",0.717913832199547,0.842083058184753,0.0211988245184249,0.236417996601224,0.849526014751633,35,"Bnip1/Arf5/Tapbp/Kdelr1/Use1/Copz1/Rer1/Scyl1/Cope"
"GOBP_POSITIVE_REGULATION_OF_ACTIN_FILAMENT_BUNDLE_ASSEMBLY",0.718544809228039,0.84249863076603,0.0174923464212165,-0.23774198493824,-0.848162729232146,42,"Plek/Rhoa/Swap70/Rock2/Rac1/Braf/Tgfbr1/Tesk1/Pak1/Cdc42/Mtor/Arhgef5"
"GOBP_POSITIVE_REGULATION_OF_GENE_EXPRESSION_EPIGENETIC",0.719614264919942,0.843427804727183,0.0178382383085665,-0.2493376951431,-0.833280104559846,31,"App/Atad2b/Tdg/Apobec1/Kdm1b/Atf2/L3mbtl3/Padi2/Spi1/Noc2l/Kat8/Kat7"
"GOBP_RESPONSE_TO_TOXIC_SUBSTANCE",0.7201540436457,0.843689233290668,0.0159902570706937,-0.199941154005317,-0.888294041342415,137,"Ptgs2/Dhx15/Fos/Pon3/Cd36/Slc6a14/Slc11a1/Mdm2/Scfd1/Lyn/Slc30a4/Inhbb/Slc7a11/Gch1/Ces1d/Trpm6/Abtb2/Cat/Srxn1/Epx/Ptpn13/Cpox/Aldh1a7/Pim1/Srf/Rdh12/Kdm5b/Lcn2/Ccnb1/Ahr/Slc23a1/Ccl3/Abcg1/Selenot/Ccl4"
"GOBP_RNA_METHYLATION",0.720392431674842,0.843689233290668,0.0216073044203921,0.223308574566327,0.867298443394392,49,"Mepce/Mrm2/Snrpb/Snrpd3/Nsun4/Trmt112/Rrnad1/Mettl14/Trmt12/Trmt1/Bud23/Mrm1/Akt1/Bcdin3d"
"GOBP_CILIUM_OR_FLAGELLUM_DEPENDENT_CELL_MOTILITY",0.720831924247548,0.843689233290668,0.016738315754927,-0.21249987658466,-0.877793663519937,88,"Pltp/Adcy3/Dnah6/Cfap206/Ccr6/Cfap44/Ccdc39/Dzip1/Ccdc146/Spag16/Pgam1/Vps13a/Apob/Dync2h1/Ttc21a/Cfap69/Irgc1/Cep78/Tmf1/Dnah3/Klc3/Cep128/Cfap54/Rsph4a/Ttll5"
"GOBP_TRANSCRIPTION_INITIATION_AT_RNA_POLYMERASE_II_PROMOTER",0.720945610844768,0.843689233290668,0.0164072232272356,-0.207944556396152,-0.878399732077084,99,"Ints8/Med13/Med12/Taf4b/Cand1/Ints6/Dr1/Taf7/Atad2b/Med14/Apobec1/Zfp451/Creb1/Kdm1b/Ppp2ca/Psmc6/Esr1/Srf/Taf6/Atf2/Med1/Ints11/L3mbtl3/Padi2/Spi1/Noc2l/Med20/Ints3/Gtf2h2/Ints10"
"GOBP_REGULATION_OF_ARP2_3_COMPLEX_MEDIATED_ACTIN_NUCLEATION",0.721821210438645,0.844389391389041,0.0180451181603348,-0.267616330417535,-0.822780403670899,22,"Washc4/Washc2"
"GOBP_NEUTRAL_LIPID_CATABOLIC_PROCESS",0.722873627396241,0.845125507889423,0.0181059478654166,-0.270253360699864,-0.820986014118764,21,"Abhd2/Abhd5/Sorl1/Gpld1/Pik3cg/Apob"
"GOBP_DEOXYRIBONUCLEOTIDE_CATABOLIC_PROCESS",0.723005565862709,0.845125507889423,0.0180565012468536,-0.27250857094475,-0.818458559923765,20,"Gda/Upp1/Nt5c2/Tdg"
"GOBP_POSITIVE_REGULATION_OF_CARBOHYDRATE_METABOLIC_PROCESS",0.723499020131837,0.845377788296793,0.0174488634993075,-0.238395240795486,-0.841735600338163,40,"App/Ddb1/Gpld1/Ppp4r3a/Irs1/Sorbs1/Prkaa1/Ppp1ca/Mtor/Slc4a4/Pmaip1/Psen1"
"GOBP_CELLULAR_HOMEOSTASIS",0.724008350730689,0.845648418862657,0.0138571766778775,-0.181644201100799,-0.92164259746685,444,"Ptprc/Ccr1/Bag3/Lrrk2/App/Icam1/Picalm/Atp6v0c/Cyb561a3/Hexb/Ldah/Slc1a3/Mcl1/Smad4/Dedd2/Lrrc8d/Nptx1/Clic4/Kcnj2/Slc11a1/Cln5/Lamp2/Atp13a4/Ccdc186/Lyn/Col1a1/Fgf2/Slc39a10/Plcb1/Il7r/Ppt1/Atp1a3/Slc7a11/Ndfip1/Tpcn2/Tmco1/Erp44/Fbxl5/Rtn4/Rac1/Aplnr/Rap1gds1/Ccdc47/Plcl1/Gpld1/Slc31a1/Lacc1/Gclm/Shank3/Dmxl2/Scn7a/Atp1b1/Klf7/Calm1/P2ry2/Atp2b1/Kat5/Trpc6/Plaa/Slc4a7/Abca2/Cftr/Foxk2/Slc24a4/Plcg2/Prkd1/Atp6v1a/Aqp1/Ttc7/B2m/Krit1/Rhag/Nadk/Prkaa1/Ano1/Bloc1s6/Car2/Slc4a4/Xbp1/Stc1/Zfp236/Tmem64/Ptpn6/Chp1/Srf/Cav2/Muc3/Lrp5/Lcn2/Slc4a1/Stxbp4/Psen1"
"GOBP_NADP_METABOLIC_PROCESS",0.724473975636766,0.845867812812099,0.0206949382468888,0.249104298136299,0.832318879000684,26,"Pgls/Dcxr/Idh2/Mdh1/Tigar/Shpk/Taldo1/Gck"
"GOBP_MAMMARY_GLAND_MORPHOGENESIS",0.72488986784141,0.846028994855152,0.0206012699036625,0.250554194920866,0.829996343295264,25,"Tbx2/Bax/Cav3/Capn1/Wnt4/Perp/Scrib"
"GOBP_REGULATION_OF_CYCLIN_DEPENDENT_PROTEIN_SERINE_THREONINE_KINASE_ACTIVITY",0.72588169434596,0.846719447700223,0.0180831020820749,-0.279916168849085,-0.807415702854099,17,"Ccnt1/Ccne2/Ccny/Pim1"
"GOBP_RESPONSE_TO_PROSTAGLANDIN",0.726037595384329,0.846719447700223,0.0180413260953392,-0.269544277272819,-0.818831933314957,21,"Tnc/Gnai1/Yy1/Acaca/Prkaa1/Gnb1"
"GOBP_REGULATION_OF_INFLAMMATORY_RESPONSE_TO_ANTIGENIC_STIMULUS",0.72667638483965,0.847031249047533,0.0177157251566562,-0.255213653178015,-0.82641813800552,27,"Fgr/Lyn/C3/Fcgr1/Il12b/Fyn/Gnas/Hck/Furin/Fcgr2b/Yes1"
"GOBP_UROGENITAL_SYSTEM_DEVELOPMENT",0.727210884353741,0.847031249047533,0.0209995906252555,0.234885937943536,0.844020834500797,35,"Id4/Stk11/Crip1/Osr2/Serpinf1/Gata2/Bmp7/Osr1/Srd5a1/Wnt11/Trp63/Stat5a/Psapl1/Eaf2/Ephb2"
"GOBP_REGULATION_OF_RESPONSE_TO_NUTRIENT_LEVELS",0.727253126347564,0.847031249047533,0.0202245538651436,0.26558288857858,0.819350410909431,19,"Nenf/Bax/Mt3/Rxrb/Rxra/Mn1/Npff/Mkks/Prkag3"
"GOBP_POSITIVE_REGULATION_OF_PROTEIN_LOCALIZATION_TO_PLASMA_MEMBRANE",0.727417640807651,0.847031249047533,0.0172835453034804,-0.233934919641562,-0.842608964793664,44,"Prkch/Itgb1/Arf6/Kif5b/Zdhhc5/Prkci/Epha2/Sorbs1/Sptbn1/Dlg1/Rab11fip2/Pls1"
"GOBP_REGULATION_OF_HETEROTYPIC_CELL_CELL_ADHESION",0.727899956877965,0.847268871824695,0.0202109889533265,0.282400191510208,0.810822929058553,15,"Map2k5/Flot1/Ager/Mapk7/Bmp7"
"GOBP_TRNA_METHYLATION",0.728813559322034,0.848008134556971,0.0176751507059553,-0.256896222379874,-0.824659789115792,26,"Mettl2/Nsun6/Thumpd3/Trmt1l/Thada/Mettl8/Trdmt1/Trmt10c/Trmt10b/Trmt10a/Ftsj1/Trmt61a/Trmt6"
"GOBP_B_CELL_APOPTOTIC_PROCESS",0.730052199850858,0.84912488485327,0.0179845823656306,-0.274493926091538,-0.812122143755086,19,"Lyn/Slc39a10/Nfkbiz/Pkn1"
"GOBP_OSTEOBLAST_PROLIFERATION",0.732427770590772,0.851562642783085,0.0201164527929248,0.264346526297912,0.815536106651653,19,"Mus81/Osr2/Sox8/Axin2/Lrrc17/Mn1/Itgb3/Gata1/Tmem119"
"GOBP_EXTRACELLULAR_MATRIX_DISASSEMBLY",0.732724668814894,0.851582678069219,0.0173336322937549,-0.241099720148942,-0.832384670871289,36,"Timp3/Mmp19/Adam8/Ddr2/Ctss/Sh3pxd2b/Mmp2/Eng"
"GOBP_NEGATIVE_REGULATION_OF_DOUBLE_STRAND_BREAK_REPAIR_VIA_HOMOLOGOUS_RECOMBINATION",0.733221476510067,0.851834946956564,0.017920581607544,-0.288468927258515,-0.804532296753997,15,"Rif1/Smchd1/Kat5/Kmt5a"
"GOBP_RECEPTOR_METABOLIC_PROCESS",0.734836567033735,0.853385715719956,0.0169418099085665,-0.228052541394684,-0.842993210743015,49,"Itch/Laptm5/Gprasp1/Kif16b/Dtx3l/Sorl1/Nedd4/Ptpn1/Becn1/Abca2/Rnf43/Arfgef2"
"GOBP_EMBRYONIC_DIGIT_MORPHOGENESIS",0.735136343316942,0.853408374151769,0.020610604530351,0.235542408113397,0.837001510292142,33,"Tbx2/Bax/Osr2/Wnt7a/Prickle1/Msx1/Osr1/Hdac1/Fzd6/Ift52/Tmem107/Hdac2/Gli3"
"GOBP_REGULATION_OF_NERVOUS_SYSTEM_PROCESS",0.735500427715997,0.853505641156711,0.0166157068450855,-0.216506591447391,-0.854797192235426,67,"Lrrk2/App/Egr2/Fmr1/Rock2/Itga2/Fig4/Shank3/Nrd1/Dicer1/Tnfrsf1b/Rnf10/Ccl3/Chrna7/Tmem98/Jam2/Rims1/Unc13b/Eif2ak3/Dlg4/Dag1"
"GOBP_PHOSPHATIDIC_ACID_METABOLIC_PROCESS",0.737018425460637,0.854941373534338,0.0178195988990446,-0.267216038007634,-0.811759118866733,21,"Gpam/Abhd5/Dgkq"
"GOBP_NEGATIVE_REGULATION_OF_PLASMA_MEMBRANE_BOUNDED_CELL_PROJECTION_ASSEMBLY",0.737444933920705,0.855110367017725,0.0203381828911095,0.248459742160344,0.823058171164532,25,"Cdk10/Limk2/Pfn2/Cfl1/Map4/Tbc1d7/Akt1/Ccp110/Yap1/Evi5l"
"GOBP_ACTIN_FILAMENT_BASED_MOVEMENT",0.738224330735344,0.855502612244611,0.0164205735977061,-0.211468128743485,-0.867058175648885,84,"Pde4b/Myh9/Actn4/Kcnj2/Kcne2/Cacna1d/Was/Scn3a/Luzp1/Rock1/Wasf2/Myo19/Scn7a/Fnbp1l/Wasl/Kcne4"
"GOBP_MICROTUBULE_BASED_TRANSPORT",0.738601823708207,0.855502612244611,0.0155797249459383,-0.196536176328645,-0.882920406011961,150,"Bag3/App/Ndel1/Hspb1/Rab1a/Pafah1b1/Copg2/Kif3b/Kif3a/Kif16b/Ccdc39/Gmnc/Kif5b/Map2/Dst/Ubb/Spag16/Ift88/Ttc21b/Wdr35/Ap3s1/Bloc1s6/Cdc42/Arhgap21/Syne2/Armcx3/Dync2h1/Ift122/Bicd2/Ttc21a/Trak2/Ccdc88c/Jhy/Rpgr/Pura/Kif4/Actr10/Klc3/Hnrnpu/Bicd1/Map2k1/Htt/Ift74/Cfap54/Rsph4a/Atg5"
"GOBP_MULTIVESICULAR_BODY_SORTING_PATHWAY",0.738626064890339,0.855502612244611,0.0173983211326895,-0.247514437382098,-0.820978509439168,30,"Lyst/Vps37b/Stam/Ubxn6/Stam2/Uvrag/Ubap1/Laptm4b/Vcp/Vps37a/Rab27a/Chmp2b/Leprotl1/Chmp1b/Vps37c/Sort1"
"GOBP_REGULATION_OF_MEIOTIC_CELL_CYCLE",0.73919360697421,0.855834423283829,0.0174163488781561,-0.244577696702462,-0.822464378175083,32,"Rps6ka2/Dusp1/Cdc27/Plcb1/Knl1/Cdc23/Cdc16/Mettl3/Ooep"
"GOBP_ESTABLISHMENT_OF_SKIN_BARRIER",0.740018744142455,0.856464110951645,0.0178643799784272,-0.275712961559888,-0.802918717487637,18,"Nfkbiz/Srf/Il18/Tmem79/Plec/Cldn1/Cldn4"
"GOBP_VESICLE_MEDIATED_TRANSPORT_BETWEEN_ENDOSOMAL_COMPARTMENTS",0.740619902120718,0.856834195272639,0.0173587499484506,-0.246936089385621,-0.819060191941785,30,"Rab5a/Dnajc13/Kif16b/Sorl1/Becn1/Rdx"
"GOBP_WATER_SOLUBLE_VITAMIN_METABOLIC_PROCESS",0.741455475470821,0.857475094116464,0.0210866596486703,0.22139343631582,0.847648563837765,46,"Slc25a42/Atp1a2/Slc25a16/Mmab/Abcd4/Clybl/Fpgs/Slc52a2/Slc52a3/Mthfd1/Mthfs/Gsto1/Btd/Pank4/Slc19a1/Mmaa/Alpl/Flad1/Gsto2/Slc5a6/Nnmt/Clstn3"
"GOBP_REGULATION_OF_MESENCHYMAL_CELL_PROLIFERATION",0.742268041237113,0.857875711048153,0.0178195988990446,-0.275219206571817,-0.801480826720617,18,"Ctnnb1/Tgfbr2"
"GOBP_ENDOCRINE_HORMONE_SECRETION",0.742365352581899,0.857875711048153,0.0176310359497737,-0.263085669726444,-0.808850989025328,22,"Il1b/Smad4/Inhbb"
"GOBP_PIGMENT_GRANULE_ORGANIZATION",0.74324075777083,0.858561497500825,0.0175214181592251,-0.259233819917983,-0.81542249590282,24,"Lyst/Rab32/Hps5/Ap3s1/Bloc1s6"
"GOBP_REGULATION_OF_EXECUTION_PHASE_OF_APOPTOSIS",0.743580131208997,0.858627796561015,0.0177935500265906,-0.274795568931252,-0.800247128496501,18,"Hspd1/Ripk1/Zc3h12a"
"GOBP_HOMOLOGOUS_CHROMOSOME_PAIRING_AT_MEIOSIS",0.743982086210114,0.858638751149281,0.017719420224253,-0.275859034447121,-0.795712934706749,17,"Ccne2/Sycp1/Tex15/Sycp2"
"GOBP_FLUID_TRANSPORT",0.744542900367409,0.858638751149281,0.0199030694086643,0.276158581208741,0.805732795458006,16,"Inpp5k/Hyal2"
"GOBP_PROTEIN_LOCALIZATION_TO_PLASMA_MEMBRANE",0.744560075685904,0.858638751149281,0.0152545539949279,-0.193223867714555,-0.887899214648372,177,"Prkch/Picalm/Cltc/Fyb/Itgb1/Numb/Dennd4c/Rapgef6/Rapgef2/Golph3/Rock2/Rab10/Arf6/Rac1/Sorl1/Ttc7b/Rock1/Kif5b/Zdhhc5/Prkci/Atp1b1/Epha2/Map7/Rdx/Sorbs1/Efr3a/Rap2a/Dchs1/Ttc7/Wdr72/Zdhhc3/Rab31/Sptbn1/Exoc5/Stx7/Macf1"
"GOBP_MEMBRANE_DEPOLARIZATION_DURING_ACTION_POTENTIAL",0.744717550668392,0.858638751149281,0.0198634700521201,0.278657952167647,0.800078271100826,15,"Atp1a2/Kcnh2/Cav3/Ank2"
"GOBP_AXONAL_TRANSPORT",0.74553101997897,0.859051512670548,0.0167691504149564,-0.228416366134715,-0.837371390837467,47,"Ndel1/Hspb1/Pafah1b1/Kif3b/Kif3a/Kif5b/Map2/Dst"
"GOBP_PIGMENTATION",0.745639785874633,0.859051512670548,0.0165514610057852,-0.216477103195303,-0.843483819269953,63,"Adamts9/Rab1a/Arcn1/Lyst/Tpcn2/Rab32/Fig4/Mysm1/Kitl/Hps5/Ap3s1/Bloc1s6/Gnat1/Edar/Bcl2l11/Arl6/Map2k1/Spns2/Myo5a"
"GOBP_VIRAL_BUDDING",0.746518105849582,0.859738136275332,0.0197323873767823,0.263818449348381,0.803589970098568,18,"Mvb12a/Vps28/Vps37d"
"GOBP_POSITIVE_REGULATION_OF_CELL_MATRIX_ADHESION",0.748299319727891,0.861112437537582,0.0205593519935918,0.231574737057898,0.832122623142704,35,"Rras/Thy1/Cib1/Efemp2/Wnt4/Lef1/Nrp1/Cfl1/Jup/Itgb1bp1/Myoc/Epha1"
"GOBP_SKELETAL_MUSCLE_TISSUE_REGENERATION",0.748541801685029,0.861112437537582,0.0198152437300378,0.256551002400707,0.811391400024701,21,"Fzd7/Gpx1/Wnt7a/Hopx/Ppp3ca/Bcl9/Cd9/Large1/Naca/Capn3"
"GOBP_REGULATION_OF_ACTIN_FILAMENT_LENGTH",0.748559810233819,0.861112437537582,0.0162184451049271,-0.210290760428463,-0.862230749268582,84,"Capza1/Washc2/Tmod3/Plek/Sptan1/Eps8/Swap70/Was/Arf6/Rac1/Cyfip2/Rasa1/Baiap2l1/Rdx/Slit2/Nckap1/Sptbn1/Arhgap28"
"GOBP_ATTACHMENT_OF_SPINDLE_MICROTUBULES_TO_KINETOCHORE",0.749463519313305,0.86182644120431,0.0169870835921005,-0.238674013080786,-0.820551651298431,35,"Ect2/Eml4/Becn1/Kat5/Knl1/Cdc42/Ccnb1/Rb1/Hnrnpu/Racgap1/Spc25/Apc/Abraxas2/Ska1/Cenpc1/Tex14/Birc5"
"GOBP_MYOTUBE_CELL_DEVELOPMENT",0.751685148945423,0.864054842785509,0.0198502986138668,0.254352807101651,0.813602931395139,22,"Dcaf8/Acta1/Gpx1/Actn3/Ryr1/Ppp3ca/Large1/Dner/Naca/Smyd3/Shox2"
"GOBP_VESICLE_BUDDING_FROM_MEMBRANE",0.752238805970149,0.864198593648894,0.0166666528951794,-0.226844698673505,-0.834538865115039,48,"Picalm/Rab1a/Golph3/Insig1/Prkci/Fnbp1l/Wasl/Trappc10/Tmed10/Ap3s1"
"GOBP_ORGANIC_HYDROXY_COMPOUND_TRANSPORT",0.75252854812398,0.864198593648894,0.0155922677685141,-0.200592658654351,-0.867809175779613,116,"Pltp/Slc5a3/Emb/Cd36/Ceacam1/Osbpl9/Lipa/Abca5/Tpcn2/Ces1d/Flvcr2/Abca2/Cftr/Abca13/Ttc39b/Tspo2/Slc2a13/Aqp1/Gdnf/Apob/Abcd3/Mttp/Kdm5b/Stard3/Slc10a5/Gnat1/Npc1/Pirb/Slc19a3/Osbpl3/Abcg1"
"GOBP_CELLULAR_RESPONSE_TO_DEXAMETHASONE_STIMULUS",0.752755565161011,0.864198593648894,0.0197367343270016,0.274253998979764,0.800175900007513,16,"Tbx2/Tfap4"
"GOBP_POSTSYNAPTIC_MEMBRANE_ORGANIZATION",0.75294544136306,0.864198593648894,0.0171168214209899,-0.244742824320932,-0.811785369904501,30,"Slc7a11/Crk/Rac1/Shank3/Gdnf/Farp1"
"GOBP_EXPLORATION_BEHAVIOR",0.753327085285848,0.864310842010327,0.0176017114876999,-0.27299531815863,-0.795004520266072,18,"Lrrk2/Crbn"
"GOBP_BROWN_FAT_CELL_DIFFERENTIATION",0.756768752774079,0.86768083457856,0.0200582937888236,0.234833502973784,0.822104646866777,31,"Fabp3/Fndc5/Mb/Slc2a4/Trpv4/Sox13/Gata2/Bnip3/Bmp7/Fto"
"GOBP_LIPID_MODIFICATION",0.757210363369725,0.86768083457856,0.0154860227572263,-0.201353068590753,-0.865924873514917,109,"Sacm1l/Alox5/B4galnt1/Plpp1/Echdc1/Abcd2/Dgkq/Fig4/Cyp4f18/Mboat7/Irs1/Mtmr4/St3gal2/A3galt2/Mboat1/Prkaa1/Acad11/Abcd3/Lonp2/Mtmr6/Alox15/Adipor2/Dgkz/Dgke/Acox1/Inpp5e/Cyp2e1/Scp2/Synj2"
"GOBP_CELLULAR_RESPONSE_TO_GAMMA_RADIATION",0.757270693512304,0.86768083457856,0.0174452466453642,-0.282964557502582,-0.789180753404042,15,"Mdm2/Atr/Tlk2"
"GOBP_SPERMATID_NUCLEUS_DIFFERENTIATION",0.757457121551081,0.86768083457856,0.0174416308225562,-0.282932230747805,-0.789090594930079,15,"Agfg1/Sycp1/Kat5/Kdm3a/Tmf1/Psme4/Agfg2/Tbpl1"
"GOBP_FORELIMB_MORPHOGENESIS",0.757884972170687,0.86768083457856,0.0173623422400133,-0.26459968732278,-0.794704835490801,20,"Ctnnb1/Atrx/Nipbl"
"GOBP_CARBOHYDRATE_DERIVATIVE_TRANSPORT",0.757974062390466,0.86768083457856,0.0165278713214594,-0.226424878345496,-0.830070622822838,47,"Pltp/Slc25a25/Lrrc8d/Slc15a3/Slc25a5/Cr1l/Calhm5/Slc35a3/Slc37a2/Slc5a2/Rft1/Slc25a24/Abcg1"
"GOBP_RESPONSE_TO_INCREASED_OXYGEN_LEVELS",0.758948545861298,0.868348027713437,0.0174127412802188,-0.268266603382531,-0.793697886649275,19,"Col1a1/Slc7a5/Cat/Atp6v1a/Mmp2/Lcn2/Atp6v0a2"
"GOBP_NEGATIVE_REGULATION_OF_DNA_REPAIR",0.759127241304817,0.868348027713437,0.0196026889962666,0.253887639782982,0.80296800856278,21,"Nudt16l1/Otub1/Shld1/Ogg1/Csnk2a1/Mad2l2/Plk1/Rps3/C1qbp"
"GOBP_ORGANELLE_DISASSEMBLY",0.759551349456712,0.868506894140326,0.0164976044315845,-0.226158902285188,-0.829095558087685,47,"Ascc3/Abce1/Nedd9/Ltn1/Kif5b/Kat5/Nemf/Prkaa1/Mrrf/Faf2"
"GOBP_REGULATION_OF_MEMBRANE_REPOLARIZATION",0.760812826249068,0.869051943334544,0.0173767215706435,-0.267565827902567,-0.791624561045381,19,"Kcnj2/Kcne2/Cacna1d"
"GOBP_DOUBLE_STRAND_BREAK_REPAIR",0.760964230171073,0.869051943334544,0.0147408900777709,-0.190251407578092,-0.883487594581739,189,"Xrcc2/Dek/Spidr/Wdr48/Actr2/Nabp1/Nipbl/Was/Psmd14/Dclre1c/Morf4l2/Atr/Dtx3l/Rif1/Topbp1/Ppp4r3a/Dclre1a/Smc6/Fan1/Mcm6/Smchd1/Yy1/Kat5/Esco2/Setx/Epc2/Kmt5b/Smarcad1/Marf1/Spire1/Zfp365/Eid3/Aste1/Recql/Slx4/Tex15/Pogz/Kmt5a/Uvrag/Gen1/Ube2n/Fancm/Ube2v2/Uhrf1/Ercc6l2/Ints3/Ooep/Inip/Fen1/Rev3l/Lig4/Vcp/Senp3/Xrcc5/Smc5/Slf2/Dclre1b/Rad54b"
"GOBP_CELLULAR_RESPONSE_TO_FATTY_ACID",0.76103500761035,0.869051943334544,0.0196630445770775,0.252310829061559,0.807071219250129,22,"Hmgcs2/Id3/Cav3/Cdk4"
"GOBP_MEMBRANE_FISSION",0.761169633127497,0.869051943334544,0.0169870835921005,-0.241107728158872,-0.810795589242285,32,"Exoc6/Vps37b/Stam/Exoc4/Stam2/Exoc5/Ubap1/Exoc2/Exoc6b/Dnm1l/Sh3glb1/Vps37a/Chmp2b/Chmp1b/Vps37c"
"GOBP_REGULATION_OF_MEIOTIC_NUCLEAR_DIVISION",0.761674418604651,0.869066947373429,0.017330048104638,-0.275527684329933,-0.783162841746613,16,"Rps6ka2/Plcb1/Knl1"
"GOBP_REGULATION_OF_ACTIN_FILAMENT_BASED_PROCESS",0.761753590325019,0.869066947373429,0.0143166507010057,-0.186773575597823,-0.88905297881831,234,"Pde4b/Capza1/Washc4/Washc2/Bst1/Myh9/Tmod3/Smad4/Plek/Kcnj2/Actg1/Rhoa/Nedd9/Sptan1/Eps8/Swap70/Rock2/Was/S1pr1/Crk/Phldb2/Arf6/Rac1/Cyfip2/Rock1/Braf/Rasa1/Wasf2/Ect2/Tgfbr1/Shank3/Arhgef26/Baiap2l1/Rdx/Slit2/Tesk1/Prkd1/Pak1/Nckap1/Rac2/Sptbn1/Arhgap28/Tmeff2/Tjp1/Cgnl1/Cdc42/Arhgap17/Mtor/Stc1/Arhgef18/Arhgef5"
"GOBP_REGULATION_OF_PHOSPHOLIPID_METABOLIC_PROCESS",0.762976744186047,0.870095201975021,0.0173049870197193,-0.275215182556906,-0.782274583359041,16,"Adgrf5/Spata18/Abca2/Xbp1/Chp1/Scp2/Mfsd2a/Htr2b/Ldlr"
"GOBP_GLUCOSE_6_PHOSPHATE_METABOLIC_PROCESS",0.763226366001735,0.870095201975021,0.0195769127676632,0.255364807565332,0.79689487614008,20,"Pgls/Gpi1/Tigar/Shpk/Taldo1/Gck"
"GOBP_MEMBRANE_FUSION",0.764359351988218,0.870655976550049,0.0154115243489639,-0.202071772809419,-0.860512146860117,103,"Lrrk2/Gca/Anxa1/Snap23/Snap29/Vcpip1/Ace2/Atl3/Stxbp6/Vav3/Diaph3/Stx19/Rabep1/Stx7/Bloc1s6/Bet1/Huwe1/Yipf5/Uvrag/Chp1/Cav2"
"GOBP_ORGANELLE_FUSION",0.764418377321603,0.870655976550049,0.0153466709981738,-0.20054335396327,-0.863426810473506,110,"Lrrk2/Yme1l1/Anxa1/Snap23/Ldah/Mcl1/Snap29/Vcpip1/Atl3/Stxbp6"
"GOBP_NEURON_FATE_COMMITMENT",0.764576052970388,0.870655976550049,0.0171062530194721,-0.254346004385281,-0.800047824718137,24,"Ctnnb1/Smad4/Tgfbr1/Zdhhc16/Rbpj/Cdc42"
"GOBP_PROTEIN_QUALITY_CONTROL_FOR_MISFOLDED_OR_INCOMPLETELY_SYNTHESIZED_PROTEINS",0.765290685109142,0.870958050902692,0.0194871190960158,0.271363313664829,0.791741905491037,16,"Oxa1l/Clpp/Ankzf1/Pex10/Saysd1"
"GOBP_PIGMENT_CELL_DIFFERENTIATION",0.765818656229615,0.870958050902692,0.0195683326867788,0.251020226225422,0.802942944580339,22,"Usp13/Sox10/Cd63"
"GOBP_NEGATIVE_REGULATION_OF_DNA_RECOMBINATION",0.765870812511568,0.870958050902692,0.0171733342925425,-0.257250576339324,-0.790911125321863,22,"Ndfip1/Rif1/Smchd1/Kat5/Kmt5a"
"GOBP_TRANSITION_METAL_ION_TRANSPORT",0.76624501819442,0.870958050902692,0.016205298920702,-0.219804946893141,-0.831320325445594,54,"Cltc/Slc11a1/Slc30a4/Slc39a10/Mmgt1/Slc31a1/Flvcr2/Slc39a11/B2m"
"GOBP_INTESTINAL_ABSORPTION",0.766405667412379,0.870958050902692,0.0172692708617024,-0.265908228187529,-0.78672035987331,19,"Cd36/Cyp8b1/Npc1/Pls1/Ireb2"
"GOBP_REGULATION_OF_SYNAPTIC_TRANSMISSION_GLUTAMATERGIC",0.76655749636099,0.870958050902692,0.0169105597992894,-0.240654234816835,-0.804260205565198,31,"Lrrk2/Fxr1/Slc38a2"
"GOBP_AMINO_ACID_TRANSPORT",0.767899558873431,0.872157462428048,0.0158680097094031,-0.207130100351597,-0.853796809229106,87,"Slc1a3/Itgb1/Arl6ip1/Lrrc8d/Slc6a14/Slc11a1/Ace2/Slc38a2/Slc7a11/Slc7a1/Slc7a5/Slc6a20a/Tspo2/Slc6a9/Slc16a10"
"GOBP_TUBE_FORMATION",0.76832942751925,0.8723203231902,0.0156646162589718,-0.204863377540784,-0.853761263771612,92,"Bmp5/Ctnnb1/Med12/Traf6/Kdm2b/Cited2/Fgf2/Casp3/Lrp2/Luzp1/Cep290/Hs2st1/Tsc2/Nckap1/Gdnf/Vegfa/Kif20b/Ift122/Sec24b/Ywhaz/Edar/Rala/Six4/Bcl2l11"
"GOBP_BLOOD_VESSEL_REMODELING",0.768714881276056,0.872432655044946,0.0168138197837278,-0.241372240182125,-0.800605508351841,30,"Ceacam1/Mdm2/Acvrl1/Crb1/Sema3c/Rbpj/Jag1"
"GOBP_CARDIAC_MUSCLE_CELL_MEMBRANE_REPOLARIZATION",0.769774799925554,0.873109515526896,0.0171804160146474,-0.25911350611435,-0.787144937025996,21,"Kcnj2/Kcne2/Cacna1d/Atp1b1/Kcne4"
"GOBP_ZINC_ION_TRANSPORT",0.77029296510543,0.873109515526896,0.0172087822629597,-0.268877878095711,-0.77557585121713,17,"Slc30a4/Slc39a10/Slc39a11/Slc30a6"
"GOBP_NEGATIVE_REGULATION_OF_LYMPHOCYTE_DIFFERENTIATION",0.770456191165822,0.873109515526896,0.0167622919045641,-0.237077227641273,-0.808145189910431,34,"Anxa1/Il4ra/Zc3h12a/Cr1l/Nrarp/Runx1"
"GOBP_INTRINSIC_APOPTOTIC_SIGNALING_PATHWAY_BY_P53_CLASS_MEDIATOR",0.770503427085795,0.873109515526896,0.020746763214127,0.212921317737772,0.841917319039382,54,"Pdk2/Mif/Stk11/Bax/Trp53bp2/Pycard/Eif5a/Zfp385a/Casp6/Bbc3/Hint1/Perp/Msx1/Muc1"
"GOBP_REGULATION_OF_MICROTUBULE_POLYMERIZATION_OR_DEPOLYMERIZATION",0.770744951637536,0.873109515526896,0.0158168708434109,-0.209272530632974,-0.842882471965562,75,"Hspa1b/Hspa1a/Mid1/Ocln/Rac1/Tpx2/Dyrk1a/Map2/Diaph3/Camsap2/Pak1/Atxn7/Haus6/Hdgfl3/Ppp2ca/Wdr47/Tbcd/Togaram1/Slain1/Ccdc88c/Ckap2"
"GOBP_CELL_CYCLE_PHASE_TRANSITION",0.771812080536913,0.873993226193715,0.0136148519175034,-0.182474307879333,-0.896517977130319,318,"Ptprc/Ddx3x/Anxa1/Wac/Rint1/Tmod3/Itgb1/Bub1/Dusp1/Pkd1/Rassf1/Tpr/Nek6/Mdm2/Gtpbp4/Ppp1r10/Nabp1/Eps8/Cdk14/Dcun1d3/Zfp36l2/Cdc73/Lyn/Cdc27/Plcb1/Eif4e/Kmt2e/Ddb1/Atr/Adam17/Dtx3l/Ddr2/Zfp655/Senp2/Clock/Rrm2b/Topbp1/Slfn9/Calm1/Bub1b/Cenpf/Ccne2"
"GOBP_NON_CANONICAL_WNT_SIGNALING_PATHWAY",0.772231251451126,0.874142810657501,0.0204390562293165,0.213408436639328,0.826599258144803,48,"Vangl2/Dact1/Fzd7/Fzd2/Wnt7a/Sfrp5/Wnt4/Prickle1/Fzd8/Lbx2/Nkd1/Spef1"
"GOBP_AXONEMAL_DYNEIN_COMPLEX_ASSEMBLY",0.773935595418198,0.875746521013902,0.0193178751429861,0.269708178395244,0.786912807797289,16,"Ccdc103/Ccdc40/Dnah8"
"GOBP_PHOSPHATIDYLCHOLINE_METABOLIC_PROCESS",0.774466192170818,0.876021380074347,0.0197410828163763,0.230681435532342,0.81435607550914,32,"Dbi/Fabp3/Pnpla6/Abhd4/Lpcat4"
"GOBP_MUSCLE_ADAPTATION",0.77521815008726,0.876546330120946,0.0161397641521621,-0.215327837369652,-0.829464230363816,60,"Il1b/Smad4/Il1r1/Rock2/Aplnr/Tbce/Rock1/Becn1/Yy1/Gtf2ird1"
"GOBP_RRNA_TRANSCRIPTION",0.776301218161683,0.877064147430482,0.0196414549699051,0.240239548673078,0.802699565359567,26,"Cavin1/Polr2e/Pih1d1"
"GOBP_MYOTUBE_DIFFERENTIATION",0.776790292257734,0.877064147430482,0.0158073040653762,-0.210666584724156,-0.835251371941098,69,"Cd53/Piezo1/Myh9/Itgb1/Rcan1/Sik1/Dock2/Il4ra/Ripor2/Myef2/Kcnh1/Tnfsf14/Homer1/Mtor/Xbp1/Cav2/Dock1/Ehd2/Xk/Selenon/Six4"
"GOBP_CEREBELLAR_CORTEX_DEVELOPMENT",0.776921382955296,0.877064147430482,0.0195426283077078,0.235160715059863,0.80396970536554,28,"Cdk5/Trnp1/Coq8b/Rere/Wnt7a/Cend1"
"GOBP_IRE1_MEDIATED_UNFOLDED_PROTEIN_RESPONSE",0.77693023255814,0.877064147430482,0.017039521743592,-0.271998183765701,-0.773130551530286,16,"Tmem33/Hspa5/Ptpn1"
"GOBP_HISTONE_MRNA_METABOLIC_PROCESS",0.777116279069767,0.877064147430482,0.0170360191855634,-0.271894273841514,-0.772835196848562,16,"Tut7/Cpsf2/Ncbp1/Mtpap"
"GOBP_GLIAL_CELL_MIGRATION",0.778393847254516,0.87818053534272,0.0164372807784037,-0.231155493347413,-0.802329183900814,37,"Ctnnb1/Hexb/Col3a1/Pafah1b1/Rtn4/Mboat7/Wdr47/Syne2/Ptprb/Ccl3"
"GOBP_CELLULAR_RESPONSE_TO_CARBOHYDRATE_STIMULUS",0.779334796555799,0.878798126658845,0.0155828595595014,-0.204954876966942,-0.848424095414671,89,"Icam1/Rps6ka2/Smad4/Nptx1/Ccdc186/Col1a1/Plcb1/Rac1/Gpld1/Colec12/Gclm/Klf7/Kat5/Cftr/Nadk/Prkaa1/Ano1/Xbp1/Zfp236/Srf/Lrp5/Stxbp4/Nox4/Rab11fip2"
"GOBP_DNA_TEMPLATED_DNA_REPLICATION",0.779518469656992,0.878798126658845,0.0152392611720846,-0.200685041398269,-0.849310803835572,100,"Fam111a/Atrx/Orc4/Atr/Mettl4/Gmnc/Senp2/Orc3/Rrm2b/Topbp1/Slfn9/Rfc4/Nynrin/Mcm6/Ccne2/Zfp365/Noc3l/Recql/Baz1a/Gen1/Mgme1/Fancm/Mcmbp/Ooep/Fen1/Rev3l/Pura"
"GOBP_CELL_FATE_DETERMINATION",0.78015856010285,0.878926547802015,0.0190682887565915,0.255683782864388,0.778811807643368,18,"Tbx2/Wnt7a/Mesp1/Gata2/Gata3/Ascl1/Hes1/Ebf2"
"GOBP_NEGATIVE_REGULATION_OF_SMOOTHENED_SIGNALING_PATHWAY",0.780209674452823,0.878926547802015,0.0168103781820955,-0.251759847777437,-0.791913044014635,24,"Herc4/Gpc3/Kctd21/Ift122/Runx2/Rb1/Vcp"
"GOBP_CARBOHYDRATE_METABOLIC_PROCESS",0.780830670926518,0.879300811010076,0.025370686410986,0.174606002675778,0.912835009628591,303,"Uchl1/Bckdk/Pdk2/Chst12/Inpp5k/Pgls/Slc25a10/Hexdc/Pfkm/Igfbp4/Pth1r/Eno3/Atp1a2/Prkaca/Chst14/Galt/Ucp2/Bpgm/Dcxr/B3gat3/Hsd17b14/Tpi1/Aldoa/Hyal2/Galk1/St6galnac5/Gpi1/Pygm/Mpdu1/Renbp/Slc2a4/Idh2/Npy1r/Kcnj11/Fut10/Gys1/B4galt4/Khk/Actn3/Ier3/C1qtnf12/Aldoc/B4galt7/Pfkfb1/Epm2a/Naga/Slc35a2/Nans/Mlycd/Dlat/Cs/Edem2/Tcf7l2/B3galnt1/Pdk1/Slc2a8/Wipi1/Adcyap1r1/B4galt2/Snca/Neu1/Hexa/Gpd1l/Tigar/Sirt7/Ogt/Wdr5/Mdh2/Rorc/Nr1d1/Shpk/Taldo1/Pgp/Sdhaf3/Hdac4/Gsto1/Gnpda1/Gal3st3/Mst1/Ppp1r1a/Pik3ca/Gck/Gale/Fuca1"
"GOBP_PROTEIN_TARGETING_TO_MEMBRANE",0.781159666723346,0.879346094333675,0.0156520059695081,-0.208085885106896,-0.835997102551428,74,"Itgb2/Sec61a1/Arl6ip1/Hspa5/Sgtb/Vps37b/Srp54a/Glp1r/Itgam/Prkci/Srp72/Icmt/Pak1/Zdhhc3/Chp1/Chm/Sec63/Sdcbp/Arl6/Fyn/Ssr3/Zdhhc23/Zdhhc9/Rtp4/Zdhhc24/Vps37a/Myo1c/Pard3"
"GOBP_DOLICHOL_LINKED_OLIGOSACCHARIDE_BIOSYNTHETIC_PROCESS",0.7821482602118,0.879801106302892,0.0191592185403447,0.267912859228181,0.781674703209392,16,"Dhdds/Mpdu1/Dolk/Alg9/Alg3/Alg2/Dpagt1"
"GOBP_RESPONSE_TO_RETINOIC_ACID",0.782352941176471,0.879801106302892,0.0204436611910281,0.208209521624026,0.839835514627379,59,"Tbx2/Ndufa13/Twf2/Fzd7/Tead2/Wnt9a/Rxrb/Serpinf1/Tbx1/Osr1/Ascl1/Htra2/Ntrk3/Wnt2/Rxra/Wnt11/Tesc/Yap1/Igfbp7/Ovca2/Rbp4"
"GOBP_POSITIVE_REGULATION_OF_ORGAN_GROWTH",0.782430671877908,0.879801106302892,0.0169418099085665,-0.256413951283507,-0.778944125925146,21,"Fgf2/Nrg1/Serp1/Rbpj/Pim1/Sash3/Wt1/Ccnb1"
"GOBP_REGULATION_OF_ACTIN_FILAMENT_POLYMERIZATION",0.782911499915067,0.880016802230114,0.0156048222565447,-0.207896092021373,-0.83350457935724,73,"Capza1/Washc2/Tmod3/Sptan1/Eps8/Arf6/Rac1/Cyfip2/Rasa1/Baiap2l1/Rdx/Slit2/Nckap1/Sptbn1/Arhgap28/Mtor/Dlg1/Alox15"
"GOBP_REGULATION_OF_CARDIAC_MUSCLE_CONTRACTION",0.783998133893165,0.880590188122464,0.0202789642388733,0.212863334834324,0.83050402171428,50,"Atp1a2/Prkaca/Tmem38a/Atp2a1/Hrc/P2rx4/Cav3/Pln/Ank2/Trdn/Mybpc3/Gstm7/Dsc2/Adra1b/Adora1/Jup/Fgf13/Ryr2/Gsto1/Nppa"
"GOBP_RESPONSE_TO_PROSTAGLANDIN_E",0.784,0.880590188122464,0.0169070922494791,-0.270465062277625,-0.76877279058781,16,"Gnai1/Acaca/Prkaa1/Gnb1/Gnas/Gnaq"
"GOBP_CELL_CYCLE_CHECKPOINT_SIGNALING",0.786575431736722,0.883157149571651,0.0149339185557118,-0.197520899665304,-0.853087680888727,113,"Wac/Rint1/Bub1/Dusp1/Tpr/Ppp1r10/Nabp1/Lyn/Atr/Dtx3l/Clock/Topbp1/Bub1b/Cenpf"
"GOBP_POSTSYNAPTIC_SPECIALIZATION_ASSEMBLY",0.787012987012987,0.883322722246423,0.0168103781820955,-0.258007539095193,-0.774905824669052,20,"Nptx1/Crk/Shank3"
"GOBP_REGULATION_OF_BINDING",0.787810945273632,0.883892530714152,0.0211939263280767,0.194846288232501,0.858335720793959,93,"Rnf220/Tfap4/Pex14/Rpl11/Txn1/Dact1/Adam15/Bax/Flot1/Csnk2b/Gas8/Gmnn/Pln/Pex19/Nfib/Med25/Lef1/Sox11/Gata3/Foxc1"
"GOBP_INTERSTRAND_CROSS_LINK_REPAIR",0.788828039430449,0.88470769063194,0.0192341172498958,0.240965688961048,0.789805106004024,24,"Nucks1/Rnf8/Xpa/Fancg"
"GOBP_REGULATION_OF_POSTSYNAPSE_ASSEMBLY",0.78936877076412,0.884988183717505,0.0193895197667286,0.237689099943903,0.794177887319092,26,"Nedd8/Ppp1r9b/Arhgef15/Sigmar1/Neurl1a/Nckipsd/Zdhhc8/Ube3b/Rac3"
"GOBP_NON_PROTEINOGENIC_AMINO_ACID_METABOLIC_PROCESS",0.790739411342426,0.886092867780741,0.0162579627056008,-0.227158001264353,-0.796714394950563,39,"Arg2/Slc1a3/Aldh18a1/Cth/Icmt/Otc/Plod2/Aldh1a7/Cad/Nox4/Kynu/P4hb/Mtrr/Sardh"
"GOBP_INTRACILIARY_TRANSPORT",0.790977102697801,0.886092867780741,0.019710675673393,0.221898861003544,0.808475261031553,37,"Cluap1/Ift43/Lca5l/Cep131/Ift22/Arl3/Ssna1/Ift27/Fuz"
"GOBP_REGULATION_OF_BIOLOGICAL_PROCESS_INVOLVED_IN_SYMBIOTIC_INTERACTION",0.791227096057746,0.886092867780741,0.0166973169631274,-0.252024072627527,-0.774842356920957,22,"Tmprss4/Fmr1"
"GOBP_REGULATION_OF_BROWN_FAT_CELL_DIFFERENTIATION",0.791573452647278,0.886154839452559,0.0167966209516589,-0.272844101658102,-0.760955066630299,15,"Ptgs2/Vstm2a/Pim1/Napepld/Hnrnpu/Dusp10"
"GOBP_REGULATION_OF_DIGESTIVE_SYSTEM_PROCESS",0.792949907235622,0.887369521327625,0.016700728570072,-0.25614426305505,-0.769309618211144,20,"Cyp8b1/Aqp1/Negr1/Sgk1"
"GOBP_LIPID_CATABOLIC_PROCESS",0.793447293447293,0.88744093094906,0.0143912895167185,-0.189975491000658,-0.866849481531185,168,"Il1b/Hexb/Ldah/Abhd2/Asah2/Plbd1/Abhd5/Gla/Plpp1/Pafah1b1/Plcb1/Ppt1/Pnpla8/Lipa/Echdc1/Asah1/Ces1d/Sorl1/Abcd2/Gpld1/Acer3/Cyp4f18/Irs1/Plcg2/Pik3cg/Smpdl3a/Abhd15/Prkaa1/Acad11/Apob/Abcd3/Spg20/Lonp2/Lipf"
"GOBP_VENTRICULAR_CARDIAC_MUSCLE_TISSUE_DEVELOPMENT",0.79393115942029,0.88744093094906,0.0196371415963502,0.22237066453913,0.805536474688813,36,"Tnnt2/Tpm1/Kcnj11/Mbd3/Hopx/Tbx5/Id2/Mybpc3/Foxc1/Mbd2/Ube4b/Ryr2/Pou4f1/Fkbp1a"
"GOBP_REGULATION_OF_PLASMA_LIPOPROTEIN_PARTICLE_LEVELS",0.794018159159694,0.88744093094906,0.016081059962354,-0.225480224117465,-0.799943481572277,41,"Pltp/Cd36/Lipa/Abca5/Gpld1"
"GOBP_DNA_TEMPLATED_DNA_REPLICATION_MAINTENANCE_OF_FIDELITY",0.794395924308588,0.88744093094906,0.0163905544256969,-0.235712523989149,-0.787745136261957,31,"Fam111a/Atrx/Atr/Slfn9/Zfp365/Recql/Gen1/Fancm/Ooep"
"GOBP_REGULATION_OF_CIRCADIAN_RHYTHM",0.794589877835951,0.88744093094906,0.0157818260655382,-0.212359409129266,-0.818029549758282,60,"Arntl/Sik1/Fxr1/Top2a/Rock2/Ddb1/Clock/Kat5/Phlpp1/Bhlhe40/Prkaa1/Ppp1ca/Mtor/Ppp1cb/Mapk9"
"GOBP_SIGNAL_TRANSDUCTION_BY_P53_CLASS_MEDIATOR",0.794977996375874,0.88744093094906,0.0216733350890307,0.188648686883119,0.863612892175893,117,"Pdk2/Tfap4/Rps15/Ndufs6/Mif/Mlf1/Hexim1/Stk11/Rpl11/Bax/Rpl37/Trp53bp2/Pycard/Eif5a/Zfp385a/Cradd/Casp6/Rps20/Bbc3/Nop53/Hint1"
"GOBP_NEGATIVE_REGULATION_OF_CELL_CYCLE_G2_M_PHASE_TRANSITION",0.795053812686054,0.88744093094906,0.0197846526137799,0.216652250578922,0.813771623263907,42,"Fzr1/Chfr/Babam2/Syf2/Miip/Aven/Foxo4/Ier3/Nop53/Zfyve19"
"GOBP_SYNAPTIC_TRANSMISSION_GABAERGIC",0.795487627365357,0.887599789420121,0.0163705798796911,-0.235634433842341,-0.787484161018481,31,"Cnr2/Rac1/Plcl1/Kif5b/Gabra3/Zdhhc3/Car2"
"GOBP_ANIMAL_ORGAN_MATURATION",0.796103896103896,0.887962037962038,0.0166428531535733,-0.255328723536167,-0.766860207912334,20,"Rhoa/Rflnb/Bmp2/Dchs1/Xylt1"
"GOBP_REGULATION_OF_GLYCOGEN_METABOLIC_PROCESS",0.796932382804061,0.888560639193836,0.0188721891660856,0.246630652807619,0.780016405307286,21,"Inpp5k/Khk/Gck/Akt1/Gcgr/Phlda2/Prkag3/Selenos/Phka1/Akt2"
"GOBP_POSITIVE_REGULATION_OF_STRESS_FIBER_ASSEMBLY",0.797429398986242,0.888789355751503,0.0162612612100938,-0.231925767842976,-0.790584973358083,34,"Rhoa/Rock2/Rac1/Braf/Tgfbr1/Tesk1/Pak1/Cdc42/Mtor/Arhgef5"
"GOBP_PRESYNAPSE_ASSEMBLY",0.798657718120805,0.889660799146731,0.0166666528951794,-0.257573377736047,-0.762060737298351,19,"App/Arf6/Pcdh17/Farp1/Eif4g1"
"GOBP_NEGATIVE_REGULATION_OF_BINDING",0.798795607509741,0.889660799146731,0.0159193454345024,-0.222985074793592,-0.803168775846516,44,"Usp33/Btaf1/Jun/Ifi205/Rock1/Ptprf"
"GOBP_REGULATION_OF_SMOOTH_MUSCLE_CONTRACTION",0.799817850637523,0.890114325513446,0.016307527524536,-0.238061702112761,-0.782629578279736,29,"Rhoa/Npnt/Itga2/Atp2b1/Adora2b/Srf/Chrm3/Arhgap42/Rgs2/Map2k1/Kcnb2"
"GOBP_POSITIVE_REGULATION_OF_DNA_REPAIR",0.800067773636056,0.890114325513446,0.0152545539949279,-0.204075757149997,-0.836748094098283,84,"Ccdc117/Dhx9/Spidr/Wdr48/Actr2/Was/Cebpg/Morf4l2/Rif1/Smchd1/Yy1/Kat5/Epc2/Kmt5b/Spire1"
"GOBP_RESPONSE_TO_NICOTINE",0.800219058050383,0.890114325513446,0.0190189714530975,0.238180321328584,0.780675600522545,24,"Penk/Atp1a2/Gpx1/Gabbr1/Ppp1r9b"
"GOBP_RESPONSE_TO_ATP",0.800372093023256,0.890114325513446,0.0166055416078351,-0.266443852360595,-0.757342860439265,16,"Il1b/P2ry2"
"GOBP_POSITIVE_REGULATION_OF_DOUBLE_STRAND_BREAK_REPAIR",0.80087260034904,0.89025273926746,0.0156677706787081,-0.212021273812159,-0.81226027625049,58,"Spidr/Wdr48/Actr2/Was/Morf4l2/Rif1/Smchd1/Kat5/Epc2/Kmt5b/Spire1"
"GOBP_TYROSINE_PHOSPHORYLATION_OF_STAT_PROTEIN",0.801081282624907,0.89025273926746,0.0166224880971829,-0.269879614288385,-0.752687188855999,15,"Jak2/Il18/Ifng/Pibf1/Cnot7/Il15"
"GOBP_SNRNA_PROCESSING",0.801821335646141,0.890455103399144,0.0188357640747817,0.247307114301424,0.771749929439176,20,"Mepce/Exosc4/Nhp2/Exosc2/Exosc8/Ints7/Fto"
"GOBP_NEGATIVE_REGULATION_OF_CELL_DIFFERENTIATION",0.801897642323174,0.890455103399144,0.0128470188392272,-0.178853126372359,-0.891003321399633,366,"Tlr4/Arntl/Bmp5/Ipo7/Il1b/Anxa1/Ctnnb1/Skil/Cdk13/Rnf6/Ceacam1/Itgb1/Smad4/Smad2/Areg/Ptbp1/Mbnl3/H2-Q7/Rcan1/Sema6d/Rapgef2/Cdk12/Zfp36l2/Cdc73/Lyn/Insig1/Il4ra/Abca5/Eif4e/Tnfaip6/Gabpa/Rtn4/Sorl1/N4bp2l2/Ldlrad4/Rflnb/Vegfc/Akirin1/Btg2/Fstl3/Tgfbr1/Fbn1/Nepro/Map2/Acvrl1/Yy1/Trpc6/Bmp2/Zfp36/Zc3h12a"
"GOBP_REGULATION_OF_TRANS_SYNAPTIC_SIGNALING",0.802140672782875,0.890455103399144,0.0241977650376105,0.173946214719709,0.897886512786871,269,"Rab3a/Mapk3/Sncg/Nfatc4/Dmpk/Vamp2/Rnf167/Penk/Pick1/Atp1a2/Prkaca/Pde9a/Syt5/Pink1/Gria1/Cdk5/Syp/Hras/Stx4a/Grik5/Flot1/Pfn1/Celf4/Fam107a/Gabbr1/Wnt7a/Snapin/Grin1/Ntrk2/Cnrip1/Nrgn/Neurl1a/Stx1a/Camk2a/Cx3cr1/Stx3/Chrm2/Mapt/Pfn2/Kctd13/Syngr1/Ager/Mpp2/Ptn/Eif4a3/Adcy1/Cyp46a1/Ppp3ca/Adra2a/Cplx1"
"GOBP_NEGATIVE_REGULATION_OF_MICROTUBULE_POLYMERIZATION_OR_DEPOLYMERIZATION",0.803041274438812,0.890866652731743,0.0161593903837143,-0.230951805782879,-0.787264946538748,34,"Mid1/Tpx2/Dyrk1a/Map2/Diaph3/Camsap2/Atxn7/Hdgfl3/Wdr47/Tbcd/Ccdc88c/Ckap2/Cdh5"
"GOBP_REGULATION_OF_ACTIN_NUCLEATION",0.803096539162113,0.890866652731743,0.0162480721593197,-0.237168036534653,-0.779691646187717,29,"Washc4/Washc2"
"GOBP_EMBRYONIC_APPENDAGE_MORPHOGENESIS",0.803907553014058,0.8912079755223,0.0202200305586269,0.200814970646184,0.831676493910786,66,"Tbx2/Mustn1/Bax/Pbx2/Osr2/Wnt7a/Tbx5/Prickle1/Lef1/Fgfr1/Msx1/Bmp7/Osr1/Reck/Hoxd9/Hdac1/Fzd6/Fgf9/Trp63/Gdf5/Tfap2a/Ift52/Tmem107/Wdr19/Shox2/Hdac2/Gli3"
"GOBP_REGULATION_OF_KIDNEY_DEVELOPMENT",0.803989592367736,0.8912079755223,0.0187954170162505,0.246798186198857,0.770161761511395,20,"Wnt4/Agt/Ppp3ca/Sox8/Gata3/Osr1/Hnf1b"
"GOBP_CARDIAC_MUSCLE_CELL_CONTRACTION",0.804952113992058,0.891950213648405,0.0198986631635978,0.208904453690896,0.81135490590154,49,"Atp1a2/Kcnh2/Atp2a1/Cav3/Pln/Ank2/Mybpc3/Dsc2/Kcnj3/Scn8a/Gpd1l/Scn4b/Adora1/Jup/Fgf13/Kcna5/Ryr2/Pik3ca"
"GOBP_HORMONE_TRANSPORT",0.805792972459639,0.892536419471093,0.0141685108080806,-0.18859842935605,-0.860566012193235,168,"Arntl/Il1b/Anxa1/Jak2/Alox5/Snap23/Smad4/Rab1a/Smad2/Ccdc186/Lyn/Inhbb/Plcb1/Acsl4/Rac1/Gpld1/Clock/Glp1r/Gnai1/Klf7/Serp1/Slc7a5/Cftr/Irs1/Grp/Cckar/Creb1/Fga/Prkd1/Slc16a10/Aqp1/Nadk/Ildr2/Ano1/Snx4/Kdm5b/Fgg/Lrp5/Stxbp4/Ltbp4/Tubb1/Chrm3/Rab11fip2"
"GOBP_NEGATIVE_REGULATION_OF_AXON_EXTENSION",0.80606737390657,0.892536419471093,0.0165076855781743,-0.250644977803023,-0.761418917243062,21,"Rnf6/Sema6d/Rtn4/Map2"
"GOBP_CARDIAC_MUSCLE_CELL_PROLIFERATION",0.808093755722395,0.894454920456086,0.0162348963351906,-0.238250312016926,-0.775252620124068,28,"Vgll4/Fgf2/Nrg1/Tgfbr1/Rbpj/Runx1/Myh10/Pim1/Ccnb1"
"GOBP_NEGATIVE_REGULATION_OF_CILIUM_ASSEMBLY",0.810370687808014,0.895771592300395,0.0185008595408467,0.24922208815997,0.75912951071859,18,"Cdk10/Limk2/Map4/Tbc1d7/Akt1/Ccp110/Yap1/Evi5l"
"GOBP_RENAL_ABSORPTION",0.810370687808014,0.895771592300395,0.0185008595408467,0.249214738470102,0.75910712359185,18,"Gas6/Hyal2"
"GOBP_LENS_MORPHOGENESIS_IN_CAMERA_TYPE_EYE",0.810402684563758,0.895771592300395,0.0164540093745119,-0.267255500900149,-0.74536860521774,15,"Ctnnb1/Cited2/Epha2/Hipk2"
"GOBP_TELOMERE_MAINTENANCE_VIA_TELOMERE_LENGTHENING",0.810550297932001,0.895771592300395,0.015554674183553,-0.217834019880741,-0.798576648801392,47,"Hsp90aa1/Ctnnb1/Hsp90ab1/Atr/Slx4/Tnks2/Sox7/Cct2/Tnks/Cct3/Hnrnpc/Hnrnpa2b1/Hnrnpu/Xrcc5/Dclre1b"
"GOBP_MEMBRANE_DEPOLARIZATION",0.810754189944134,0.895771592300395,0.0197367343270016,0.209656090836775,0.805693604189421,47,"Park7/Atp1a2/Kcnh2/P2rx4/Cav3/Ppif/Ank2/Tbx5/Gpd1l/Chrnb1/Scn4b/Chrna1/Abcd1/Myoc/Ptpn3/Npff/Clcn2/Fhl1"
"GOBP_CARDIAC_MUSCLE_TISSUE_MORPHOGENESIS",0.811296767163095,0.896045939793843,0.0160583007948924,-0.231485673387766,-0.778438602481912,32,"Smad4/S1pr1/Lrp2/Nrg1/Tgfbr1/Bmp2/Rbpj/Eng/Med1"
"GOBP_CELLULAR_RESPONSE_TO_VASCULAR_ENDOTHELIAL_GROWTH_FACTOR_STIMULUS",0.812248468941382,0.896771786775384,0.0155015948360387,-0.215178179747352,-0.798381407487768,50,"Anxa1/Hspb1/Itgb1/Vegfc/Vcam1/Nr4a1/Prkd1/Vegfa/Robo1/Xbp1/Adamts3"
"GOBP_POSITIVE_REGULATION_OF_STEROID_METABOLIC_PROCESS",0.812581425646752,0.896814222941051,0.0163905544256969,-0.248845707948826,-0.755953026339448,21,"Ces1d/Gnai1/Kpnb1/Prkaa1/Abcg1/Scp2/Ifng"
"GOBP_REGULATION_OF_CILIUM_ASSEMBLY",0.813035204567079,0.89698992677781,0.0200226403024846,0.201061622946219,0.825127011179091,64,"Ppp1r35/Mapk15/Cdk10/Tbc1d17/Tbc1d13/Limk2/Sgsm3/Hap1/Wrap73/Crocc/Fuz/Map4/Tbc1d7/Sdccag8/Kctd17/Tbc1d10b/Ift20/Tbc1d20/Akt1/Ccp110/Yap1/Evi5l"
"GOBP_CELL_CELL_SIGNALING_INVOLVED_IN_CARDIAC_CONDUCTION",0.813497197067702,0.897174561778758,0.01853631314571,0.262084461529468,0.752492728923574,15,"Ank2/Tbx18/Kcnj3/Scn4b/Kcna5/Ryr2/Kcnj5"
"GOBP_INSULIN_SECRETION_INVOLVED_IN_CELLULAR_RESPONSE_TO_GLUCOSE_STIMULUS",0.813852813852814,0.897241787900731,0.019355752732419,0.214223662172449,0.79804836402728,40,"Gpr27/Cdk16/Ucp2/Stx4a/Abcc8/C1qtnf12/Ndufaf2/Adra2a/Prkce/Nr1d1/Eny2/Sybu/Brsk2/Rab11fip5"
"GOBP_GLYCOPROTEIN_CATABOLIC_PROCESS",0.814636850859361,0.897409690579952,0.0162513681807289,-0.244406208070511,-0.759995691766424,23,"Hexb/Ngly1/Edem3/Edem1/Man1a"
"GOBP_REGULATION_OF_PEPTIDE_TRANSPORT",0.815571650284532,0.897409690579952,0.0212626802119148,0.188268249698539,0.854860234278011,111,"Nnat/Slc8b1/Pick1/Pfkm/Prkaca/Gpr27/Cdk16/Ucp2/Slc25a22/Uqcc2/Stx4a/Hadh/Myrip/Mcu/Gabbr1/Abcc8/Kcnj11/C1qtnf12/Stx1a/Ndufaf2"
"GOBP_ANTEROGRADE_AXONAL_TRANSPORT",0.815665701881331,0.897409690579952,0.0159225604979822,-0.228232925463362,-0.77300785459796,33,"Hspb1/Kif3b/Kif3a/Kif5b/Map2/Ap3s1/Bloc1s6"
"GOBP_VIRION_ASSEMBLY",0.816075041383116,0.897409690579952,0.0161561173157788,-0.243615314655917,-0.766294336054328,24,"Rab1a/Pdcd6ip/Nedd4/Vps37b"
"GOBP_POSITIVE_REGULATION_OF_CILIUM_ASSEMBLY",0.816155988857939,0.897409690579952,0.0183951008782554,0.247878446822241,0.755036784432479,18,"Ppp1r35/Hap1/Wrap73/Crocc/Fuz/Kctd17/Ift20/Ccp110"
"GOBP_INTRACELLULAR_PROTEIN_TRANSMEMBRANE_TRANSPORT",0.816258966341733,0.897409690579952,0.0161528450602521,-0.243411333706168,-0.765652711997665,24,"Sec61a1/Hspa5/Srp54a/Glp1r"
"GOBP_PHOTORECEPTOR_CELL_DEVELOPMENT",0.816326530612245,0.897409690579952,0.0160161373110066,-0.237284780717428,-0.768361896848698,27,"Cep290/Rp1/Prkci/Crb1/Vegfa/Gnat1/Rpgr/Rpgrip1l"
"GOBP_CELL_CELL_ADHESION_MEDIATED_BY_CADHERIN",0.816512059369202,0.897409690579952,0.0162744635204843,-0.250079869909917,-0.751095679239722,20,"Ctnnb1/Vegfa/Tjp1/Ppm1f/Cdh5/Cdh11/Cdh1/Nexmif/Epcam"
"GOBP_NECROPTOTIC_PROCESS",0.816657554219063,0.897409690579952,0.0160128995173261,-0.238137588165284,-0.76444290000705,26,"Ripk1/Itch/Pygl/Pgam5/Ripk3/Cyld/Mlkl/Tlr3/Spata2/Aifm1/Zbp1"
"GOBP_NEGATIVE_REGULATION_OF_ORGAN_GROWTH",0.817116279069767,0.897589852008457,0.0163042173707788,-0.26114286889214,-0.74227528823757,16,"Vgll4/Yy1/Pak1/Tomm70a/Rgs2/Ppara/Stk3/G6pdx"
"GOBP_REGULATION_OF_CELL_CYCLE_PHASE_TRANSITION",0.817923399162178,0.898152452379673,0.0131386203155092,-0.180914499678426,-0.871603319109902,260,"Ddx3x/Anxa1/Wac/Rint1/Tmod3/Bub1/Dusp1/Pkd1/Rassf1/Tpr/Nek6/Mdm2/Gtpbp4/Ppp1r10/Nabp1/Cdk14/Dcun1d3/Zfp36l2/Cdc73/Lyn/Plcb1/Kmt2e/Ddb1/Atr/Adam17/Dtx3l/Ddr2/Zfp655/Senp2/Clock/Rrm2b/Topbp1/Slfn9/Bub1b/Cenpf/Ccne2"
"GOBP_NUCLEAR_MEMBRANE_ORGANIZATION",0.81893079458074,0.898934487922982,0.0160388240442587,-0.23916509395603,-0.760375291092595,25,"Nek6/Pafah1b1/Atr"
"GOBP_DENDRITIC_SPINE_MORPHOGENESIS",0.819454414931802,0.898999674976293,0.0157405274504555,-0.221576874322517,-0.777139631350523,39,"Lrrk2/Pafah1b1/Caprin1/Shank3/Wasl/Zfp365/Arc/Cdc42/Dock10/Ctnnd2/Sipa1l1/Dlg4"
"GOBP_REGULATION_OF_PROTEIN_LOCALIZATION_TO_PLASMA_MEMBRANE",0.819580656070342,0.898999674976293,0.0148772197886966,-0.202555288253394,-0.818437680089028,76,"Prkch/Picalm/Cltc/Itgb1/Numb/Arf6/Kif5b/Zdhhc5/Prkci/Epha2"
"GOBP_POSITIVE_REGULATION_BY_HOST_OF_VIRAL_PROCESS",0.820837209302326,0.900053763891099,0.0162381890530244,-0.25980490049928,-0.738472232543667,16,"Ppib/Eef1a1/Pcx/Paip1/Cav2"
"GOBP_CHONDROCYTE_PROLIFERATION",0.823415265200517,0.902555609264066,0.0183561578161049,0.259167153932714,0.744116601846909,15,"Mustn1/Mmp14/Lef1/Comp"
"GOBP_INSULIN_LIKE_GROWTH_FACTOR_RECEPTOR_SIGNALING_PATHWAY",0.824972129319955,0.902977761176645,0.0188276841415376,0.223620367063044,0.776446812389676,30,"Mapk3/Igfbp4/Map2k2/Map2k5"
"GOBP_RESPIRATORY_GASEOUS_EXCHANGE_BY_RESPIRATORY_SYSTEM",0.825052484254724,0.902977761176645,0.0195041721898337,0.206238191641184,0.804655474003524,50,"Rab3a/Cox5b/Atp1a2/Bpgm/Nmb/Tcf15/Ccbe1/Jag2/Mtg1/Sftpc"
"GOBP_INTRA_GOLGI_VESICLE_MEDIATED_TRANSPORT",0.825116279069767,0.902977761176645,0.0161626642645625,-0.258473701636263,-0.73468841863391,16,"Copg2/Cog5/Copa/Trappc10"
"GOBP_REGULATION_OF_CALCIUM_ION_TRANSPORT",0.825341548352531,0.902977761176645,0.021622510658181,0.182109894806663,0.865860882002717,146,"Inpp5k/Thy1/Slc8b1/Psen2/Atp1a2/Prkaca/Vdac1/Tmem38a/Ucp2/Spg7/Rem1/Bax/Atp2a1/Hrc/P2rx4/Cav3/Grin1/Kcnn4/Casq1/Pln/Ank2/Camk2a/Trdn/Gstm7/Eppin/Ppp3ca/Adra2a/Adcyap1r1/Hap1/Akap6/Mrln/Snca/Tmbim6"
"GOBP_SYNAPTIC_TRANSMISSION_GLUTAMATERGIC",0.825752274317705,0.902977761176645,0.0194913801539594,0.206055878970191,0.803944165940127,50,"Rnf167/Atp1a2/Gria1/Cdk5/Grik5/Abcc8/Grin1"
"GOBP_MITOCHONDRION_LOCALIZATION",0.825814536340852,0.902977761176645,0.0155922677685141,-0.22383079792344,-0.772764584485057,36,"Lrrk2/Pkd1/Kif5b/Myo19/Ubb/Armc1/Armcx3/Trak2/Actr10/Mtm1/Dnm1l"
"GOBP_NEGATIVE_REGULATION_OF_TISSUE_REMODELING",0.825876211782252,0.902977761176645,0.0161790458801656,-0.262198195713825,-0.73126391326493,15,"Tnfaip3"
"GOBP_SPINAL_CORD_DEVELOPMENT",0.826442419995328,0.903272494215999,0.0194999066997947,0.204755785198795,0.795242073099011,49,"Sox12/Gria1/Plxdc1/Sox13/Scyl1/Gata2/Sox11/Mpst/Ascl1/Srd5a1/Tctn1/Abt1/Ptprs/Npff/Ercc2/Adarb1/Draxin/Pax6/Cln8/Gli3/Prox1/Zpr1/Dll4"
"GOBP_NEGATIVE_REGULATION_OF_PROTEIN_POLYMERIZATION",0.827024185068349,0.903463824554212,0.0152637378739071,-0.214802727922082,-0.78746397239203,47,"Capza1/Washc2/Tmod3/Sptan1/Eps8/Dyrk1a/Map2/Rdx/Slit2/Sptbn1/Tbcd"
"GOBP_PIGMENT_METABOLIC_PROCESS",0.827210884353741,0.903463824554212,0.0190394964097323,0.218288762147819,0.784381835725037,35,"Tbx2/Slc25a39/Fxn/Cox10/Alad"
"GOBP_REGULATION_OF_INTRINSIC_APOPTOTIC_SIGNALING_PATHWAY_BY_P53_CLASS_MEDIATOR",0.827926920208799,0.903921646481102,0.0161430331630881,-0.261475460933479,-0.729248224856815,15,"Mdm2/Rrm2b/Usp15/Ubb"
"GOBP_ORGANELLE_MEMBRANE_FUSION",0.828373351369631,0.903977069150842,0.0147232047434709,-0.200959813356581,-0.81199106107233,76,"Lrrk2/Anxa1/Snap23/Snap29/Vcpip1/Atl3/Stxbp6/Vav3/Diaph3/Stx19/Stx7/Bet1/Yipf5/Uvrag/Cav2"
"GOBP_POSITIVE_REGULATION_OF_MORPHOGENESIS_OF_AN_EPITHELIUM",0.828571428571429,0.903977069150842,0.0160615497082164,-0.247236042280498,-0.742554461405082,20,"Ctnnb1/Fgf2/Gdnf/Vegfa/Lcn2/Six4/Pik3cd"
"GOBP_NUCLEOSIDE_METABOLIC_PROCESS",0.830160783588985,0.905386671213632,0.0159773358584007,-0.240140636054563,-0.74673164098542,23,"Gda/Upp1/Nt5c2/Icmt/Bloc1s6"
"GOBP_PYRIMIDINE_NUCLEOTIDE_METABOLIC_PROCESS",0.831765557163531,0.906812073599338,0.015639407481569,-0.224896893736185,-0.761708964558058,33,"Upp1/Umps/Uprt/Tdg/Slc4a7/Ctps2/Cad/Shmt1"
"GOBP_RETINOIC_ACID_RECEPTOR_SIGNALING_PATHWAY",0.833054159687326,0.907891881262672,0.0160290964013671,-0.24417262372499,-0.741756952031127,21,"Trim16/Actn4"
"GOBP_CARDIAC_MUSCLE_CELL_ACTION_POTENTIAL",0.833362598770852,0.907903081666277,0.0151813031216818,-0.213435590569875,-0.785208103036642,48,"Kcnj2/Cxadr/Kcne2/Cacna1d/Scn3a/Scn7a/Atp1b1/Calm1"
"GOBP_REGULATION_OF_DENDRITE_MORPHOGENESIS",0.834085778781038,0.908365950067333,0.0188478938685799,0.209956504840215,0.778351545983819,39,"Nfatc4/Eef2k/Obsl1/Stk11/Cul7"
"GOBP_NEGATIVE_REGULATION_OF_DNA_METABOLIC_PROCESS",0.835127201565558,0.909115740668801,0.0200404540847323,0.193604078835153,0.822454447103273,76,"Slx1b/Nudt16l1/Tipin/Xrcc1/Otub1/Rtel1/Mcrs1/Shld1/Tspyl2/Gmnn/Dffa/Tinf2/Pot1a/Ten1/Ogg1/Ercc1"
"GOBP_MECHANORECEPTOR_DIFFERENTIATION",0.835371376811594,0.909115740668801,0.0188721891660856,0.215237910765596,0.779698114483054,36,"Vangl2/Fzd2/Tprn/Ntrk2/Jag2/Ift27/Fgfr1/Scrib/Ntrk3/Elmod3/Hes1/Ift20/Triobp"
"GOBP_NEGATIVE_REGULATION_OF_DNA_BINDING",0.836567485985338,0.909575371352832,0.018121201587645,0.255357944925337,0.733179661654904,15,"Tfap4/Nfib/Lef1/Sox11"
"GOBP_SKIN_EPIDERMIS_DEVELOPMENT",0.836578581363004,0.909575371352832,0.0149818440064043,-0.205358563117456,-0.78969978596798,59,"Ctnnb1/Smad4/Nfkbiz/Mysm1/Rbpj/Nom1/Gorab/Srf/Edar/Il18/Tmem79/Tnfrsf19/Pum2/Plec/Cldn1/Gnas/Numa1/Cldn4/Foxq1"
"GOBP_REGULATION_OF_CALCIUM_ION_IMPORT",0.836689857195167,0.909575371352832,0.0157278457426283,-0.234526263779678,-0.745627102770763,25,"Ctnnb1/Cask/Ms4a1"
"GOBP_SOMITE_DEVELOPMENT",0.837674995569732,0.910029067217209,0.0152392611720846,-0.215772277585658,-0.773010333651394,43,"Xrcc2/Smad4/Med12/Nrarp/Sema3c/Nckap1/Abi1/Rbpj/Psen1/Six4/Rbbp6"
"GOBP_DEVELOPMENTAL_PIGMENTATION",0.837704918032787,0.910029067217209,0.0156362597001962,-0.229907244737452,-0.755821740311264,29,"Adamts9/Tpcn2/Rab32/Kitl/Hps5/Bloc1s6"
"GOBP_PROSTATE_GLAND_DEVELOPMENT",0.838703771512267,0.910470933241332,0.0156930327092861,-0.234130975611032,-0.744370366884567,25,"Ctnnb1/Tnc/Mmp2/Frs2/Esr1"
"GOBP_NEGATIVE_REGULATION_OF_MITOTIC_CELL_CYCLE_PHASE_TRANSITION",0.838709677419355,0.910470933241332,0.0140078231034733,-0.191029455634034,-0.825051301226428,113,"Wac/Rint1/Bub1/Dusp1/Tpr/Gtpbp4/Nabp1/Dcun1d3/Zfp36l2/Cdc73/Atr/Zfp655/Topbp1/Slfn9/Bub1b/Cenpf"
"GOBP_REGULATION_OF_CARBOHYDRATE_CATABOLIC_PROCESS",0.840673111349803,0.912277129030702,0.0153343528435688,-0.218123699662646,-0.761766745785184,38,"App/Jmjd8/Prkaa1/Ppp1ca/Mtor/Slc4a4/Ppp2ca/Slc4a1/Psen1/Ifng/Rptor/Aldob/Ppp1r3d/Ppara/P2rx7"
"GOBP_FATTY_ACID_METABOLIC_PROCESS",0.841934986904945,0.913299927001347,0.0131439224642551,-0.182152787572043,-0.851656834625316,200,"Ptgs2/Il1b/Hsd17b12/Gpam/Alox5/Cd36/Ceacam1/Acly/Ugt1a7c/Abhd2/Asah2/Abhd5/Hacd4/Insig1/C3/Pnpla8/Lipa/Echdc1/Asah1/Acsl4/Ces1d/Abcd2/Cyp2j9/Elovl7/Cyp4f18/Acsl5/Pdk3/Plaa/Aldh3a2"
"GOBP_MUSCLE_HYPERTROPHY",0.842215499185478,0.913299927001347,0.0191592185403447,0.202263112764088,0.797780084348921,52,"Meis1/Pde9a/Ttn/Csrp3/P2rx4/Cav3/Agt/Ppp3ca/Akap6/Klf15/Camta2/Cyba/Ryr2/Hdac4/Myoc/Nppa/Arrb2/Myh7/Atp2a2/Igfbp5"
"GOBP_ASPARTATE_FAMILY_AMINO_ACID_METABOLIC_PROCESS",0.842935377875137,0.913755153303593,0.0182439058894945,0.22751463521426,0.745717041117473,24,"Asrgl1/Asnsd1/Gcat/Apip/Adssl1/Mthfd1/Ddo/Got1l1"
"GOBP_PITUITARY_GLAND_DEVELOPMENT",0.843311000648368,0.913760472579863,0.0180375351776446,0.2517614204896,0.734550533362688,16,"Nkx2-1/Wnt4/Sox2/Gata2/Msx1/Srd5a1/Hes1/Pou1f1"
"GOBP_MITOTIC_G2_M_TRANSITION_CHECKPOINT",0.843540455967814,0.913760472579863,0.0185323688603943,0.21751839624511,0.772953064510703,33,"Fzr1/Chfr/Babam2/Syf2/Foxo4/Ier3/Nop53"
"GOBP_TELOMERE_ORGANIZATION",0.844192634560907,0.914141739771679,0.0206620726812402,0.186920521449404,0.839696091067647,105,"Slx1b/Mapk3/Map2k7/Tfpt/Mapk15/Xrcc1/Rtel1/Ino80b/Nhp2/Mcrs1/Shld1/Rpa3/Wrap53/Tinf2/Pot1a/Rfc1/Nsmce4a/Rpa2/Nek2/Ten1/Zbtb48/Ercc1/Gar1"
"GOBP_GLUTAMATE_METABOLIC_PROCESS",0.845767441860465,0.915182609420848,0.0158041166600953,-0.252019120943889,-0.716341849324132,16,"Slc7a11/Aldh18a1/Gclm/Bloc1s6"
"GOBP_REGULATION_OF_POTASSIUM_ION_TRANSMEMBRANE_TRANSPORT",0.846014492753623,0.915182609420848,0.0186831390984821,0.209640850602699,0.770758909836632,38,"Vamp2/Kcnh2/Cd63/Cav3/Amigo1/Kcnn4/Ank2/Kcng1/Wwp2/Akap6"
"GOBP_MUSCLE_HYPERTROPHY_IN_RESPONSE_TO_STRESS",0.846196868008949,0.915182609420848,0.0158264444745401,-0.255763909199859,-0.713318856387397,15,"Smad4/Aplnr"
"GOBP_SYNAPSE_ORGANIZATION",0.846356068351103,0.915182609420848,0.0122910880940342,-0.176874806332363,-0.868832160672818,317,"Lrrk2/App/Flrt3/Ctnnb1/Itgb1/Nptx1/Tnc/Pls3/Actg1/Col4a1/Rhoa/Nedd9/Pafah1b1/Robo2/Col4a5/C3/Rap1b/Slc7a11/Crk/Arhgap22/Caprin1/Ccdc39/Arf6/Rtn4/Rac1/Nedd4/Cyfip2/Rock1/Agrn/Wasf2/Fzd5/Cast/Ptpn1/Ptprf/Kif5b/Shank3/Itgam/C5ar1/Gabra3/Cdkl5/Pcdh17/Senp1/Wasl/Rap2a/Zfp365/Gdnf/Negr1/Arc/Ptpn13/Homer1/Nrcam/Myh10/Arf4/Cdc42/Gpm6a/Farp1/Ppfibp1/Dlg1/Psen1/Pirb/Ywhaz/Dock10/Dock1/Cntn6/Cap1/Pcdhb4/Eif4g1/Clstn1/Chrna7/Plxna1/Six4/Ctnnd2/Pum2"
"GOBP_REGULATION_OF_STEM_CELL_POPULATION_MAINTENANCE",0.846685082872928,0.915213374990439,0.0189168547875769,0.205600438852113,0.784798843663634,45,"Lbh/Sap30l/Brms1/Suds3"
"GOBP_NEGATIVE_REGULATION_OF_CHROMOSOME_ORGANIZATION",0.84704875962361,0.915281573120615,0.0145708483176117,-0.200828627353232,-0.792898477752589,67,"Bub1/Dusp1/Atrx/Tpr/Smarca5/H3f3a/Bub1b/Cenpf/Knl1/Slx4/Tnks2/Sox7/Gen1/Ccnb1/Tnks/Hnrnpc/Dync1li1/Hnrnpu"
"GOBP_MEMBRANE_REPOLARIZATION",0.847960992907801,0.915942257326802,0.0183289698904302,0.221360072785971,0.761770951357674,29,"Atp1a2/Kcnh2/Cav3/Ank2/Akap6/Kcnj3/Ywhae/Scn4b/Atp1b2/Kcna5/Nppa"
"GOBP_POSITIVE_REGULATION_OF_RESPONSE_TO_ENDOPLASMIC_RETICULUM_STRESS",0.848269581056466,0.915950664651397,0.0154549321065038,-0.227769701919111,-0.748794552739192,29,"App/Tmem33/Ubqln1/Ptpn1"
"GOBP_ATTACHMENT_OF_MITOTIC_SPINDLE_MICROTUBULES_TO_KINETOCHORE",0.849225601791379,0.916657907640819,0.0157881910182036,-0.248169665435746,-0.715843195728006,17,"Becn1/Kat5/Hnrnpu/Ska1/Cenpc1/Birc5/Nuf2/Cdk1/Cdca8/Kif2c/Aurkb"
"GOBP_NEGATIVE_REGULATION_OF_VIRAL_GENOME_REPLICATION",0.849726775956284,0.91687385995283,0.0154301107137015,-0.227254738198715,-0.747101605760545,29,"Fam111a/Ifih1/Ifi205/Oas2/Zc3hav1/Oasl1/Znfx1/Srpk2/Rnasel"
"GOBP_PROTEIN_LOCALIZATION_TO_CHROMOSOME_CENTROMERIC_REGION",0.851789709172259,0.918774234654456,0.0157310150456902,-0.253760179798278,-0.707730507469377,15,"Bub1b/Knl1/Cenpq/Rb1/Smc5"
"GOBP_POSITIVE_REGULATION_OF_STEROID_BIOSYNTHETIC_PROCESS",0.856636838180462,0.923364306405009,0.0156488552422566,-0.252014072305766,-0.702860659320806,15,"Gnai1/Kpnb1/Prkaa1/Abcg1/Ifng/Mbtps2/Srebf2/Tnf"
"GOBP_MAINTENANCE_OF_SYNAPSE_STRUCTURE",0.857204393710963,0.923364306405009,0.0177453160699555,0.243246212224165,0.725001259592862,17,"Rab3a"
"GOBP_PLASMA_LIPOPROTEIN_PARTICLE_CLEARANCE",0.857249209008003,0.923364306405009,0.0156142457951625,-0.237945242733382,-0.722839175447481,21,"Cd36/Lipa/Gpld1"
"GOBP_POST_ANAL_TAIL_MORPHOGENESIS",0.857481673134972,0.923364306405009,0.0177564306001308,0.248839418554941,0.714463772630449,15,"Vangl2/Tcf15/Prickle1/Scrib/Trp63/Hes7"
"GOBP_PROTEIN_LIPID_COMPLEX_ORGANIZATION",0.857561332845112,0.923364306405009,0.0153713406893818,-0.229080387382605,-0.728313080133997,25,"Pltp/Abca5/Pcdhga3/Apob/Mttp/Abcg1/Furin/Mfsd2a/Plagl2"
"GOBP_RESPONSE_TO_VITAMIN_D",0.858068697342839,0.923541738098989,0.0177749766367705,0.231208403646775,0.731240605481711,21,"Spp1/Penk"
"GOBP_POSITIVE_REGULATION_OF_CARTILAGE_DEVELOPMENT",0.858418604651163,0.923541738098989,0.0155891309703452,-0.248939966754625,-0.707589628468705,16,"Acvrl1/Bmpr1b/Bmp2/Loxl2/Runx2"
"GOBP_DEOXYRIBONUCLEOTIDE_METABOLIC_PROCESS",0.858652094717668,0.923541738098989,0.0152790580168221,-0.224335991281557,-0.737506204028106,29,"Gda/Upp1/Nt5c2/Rrm2b/Tdg"
"GOBP_REGULATION_OF_HEART_RATE_BY_CARDIAC_CONDUCTION",0.858939311098961,0.923541738098989,0.0152821241008267,-0.228243881655738,-0.732683219587649,26,"Kcnj2/Kcne2/Cacna1d"
"GOBP_POSITIVE_REGULATION_OF_HEART_GROWTH",0.861793876670979,0.926283923213248,0.0176825181784759,0.247243869164844,0.709882656650966,15,"Tbx2/Tbx5/Akap6/Fgfr1/Wnt2/Fgf9/Yap1"
"GOBP_REGULATION_OF_PRESYNAPSE_ORGANIZATION",0.86241610738255,0.926625634078993,0.0155515460998865,-0.249973651123653,-0.697169977986107,15,"App/Arf6"
"GOBP_MUSCLE_ORGAN_MORPHOGENESIS",0.863181897912647,0.926846347285274,0.0146585468243894,-0.208250786965554,-0.759719862043388,46,"Col3a1/Smad4/S1pr1/Lrp2/Nrg1/Arid5b/Tgfbr1/Serp1/Bmp2"
"GOBP_REGULATION_OF_FATTY_ACID_OXIDATION",0.863253402462735,0.926846347285274,0.0176862035286079,0.22976811394328,0.726685415020462,21,"Fabp3/Etfbkmt/Mlycd/Fmo4/Plin5/Abcd1/Akt1"
"GOBP_VERY_LONG_CHAIN_FATTY_ACID_METABOLIC_PROCESS",0.863534675615213,0.926846347285274,0.0155327927725308,-0.238875703219426,-0.706741496804086,19,"Hacd4/Abcd2/Elovl7/Abcd3/Acox1"
"GOBP_AMINE_TRANSPORT",0.865489130434783,0.92794822429176,0.0183444985870483,0.209809486837119,0.760033679502277,36,"Sncg/Kcna2/Atp1a2/Pink1/Gabbr1/Stx1a/Rab3b/Adra2a/Snca"
"GOBP_PYRIMIDINE_DEOXYRIBONUCLEOTIDE_METABOLIC_PROCESS",0.865571644694186,0.92794822429176,0.0176530740592131,0.244353740919623,0.712937551641641,16,"Neil1/Nt5m/Dctpp1"
"GOBP_POSITIVE_REGULATION_OF_NERVOUS_SYSTEM_PROCESS",0.865828867122528,0.92794822429176,0.0153682545384594,-0.231376867326106,-0.719480179044884,23,"Egr2/Itga2/Nrd1/Dicer1/Tnfrsf1b/Rnf10/Rims1/Unc13b/Dag1/Pard3"
"GOBP_SIGNAL_TRANSDUCTION_IN_RESPONSE_TO_DNA_DAMAGE",0.866222366710013,0.92794822429176,0.0135086706271806,-0.186728194215597,-0.813569572574651,121,"Wac/Rint1/Atrx/Mdm2/Pla2r1/Ppp1r10/Lyn/Ddx5/Atr/Dtx3l/Ifi205/Clock/Topbp1/Dyrk1a/Cops3/Mdm4/Kat5"
"GOBP_REGULATION_OF_CARBOHYDRATE_METABOLIC_PROCESS",0.866265463055834,0.92794822429176,0.0139127952101653,-0.192172400085931,-0.801720204053318,93,"App/Lepr/Cltc/Plek/Sik1/Jmjd8/Ddb1/Gpld1/Dgkq/Ppp4r3a/Pdk3/Foxk2/Irs1/Sorbs1/Prkaa1/Ppp1ca/Mtor/Slc4a4/Ppp2ca/Pmaip1/Slc4a1/Psen1"
"GOBP_NEURAL_CREST_CELL_DIFFERENTIATION",0.866389754240222,0.92794822429176,0.0144114504883298,-0.201786952881891,-0.766622340938658,55,"Sema3a/Smad4/Sema6d/Cited2/Kbtbd8/Nrg1/Kitl/Sema3c/Gdnf/Jag1/Cdc42/Eng"
"GOBP_SYNAPTIC_SIGNALING",0.867599265225378,0.928304968465595,0.0114405546461546,-0.172885553726714,-0.868312837678337,398,"Lrrk2/App/Il1b/Rps6ka3/Rab5a/Ctnnb1/Jak2/Snap23/Rps6ka2/Slc1a3/Mme/Itgb1/Nptx1/Snap29/Fmr1/Mink1/Fxr1/Mdm2/Mctp2/Cadps2/Slc38a2/Rapgef2/Pafah1b1/Cask/Lama2/Kpna1/Plcb1/Ppt1/Rap1b/Slc7a11/Hmgcr/Eif4e/Cnr2/Rtn4/Rac1/Plcl1/Agrn/Braf/Utrn/Kif5b/Shank3/Exoc4/Calm1/Gabra3/Adora2b/Tyrobp/Hrh2/Cdkl5/Pcdh17/Creb1/Sypl/Efr3a/Slc6a9/Usp14/Stx19/Gdnf/Zdhhc3/Arc/Homer1/Vps13a/Plat/Kcmf1/Bloc1s6/Pxk/Car2/Farp1/Gnb1/Gna15/Srf/Dlg1/Htr7/Psen1/Pirb/Rnf10/Chrm3/Dnajc5/Mapk9/Atad1/Fer1l5/Pcdhb4/Syt10/Clstn1/Dgke/Sdcbp/Chrna7"
"GOBP_POSITIVE_REGULATION_OF_CELL_MORPHOGENESIS",0.867621145374449,0.928304968465595,0.0178980707780776,0.220387851605154,0.73006604817273,25,"Eef2k/Obsl1/Cul7"
"GOBP_POSITIVE_REGULATION_OF_NUCLEOTIDE_METABOLIC_PROCESS",0.868309729630311,0.928304968465595,0.015257614604989,-0.228731521613685,-0.719477220622256,24,"App/Prkaa1/Mtor/Slc4a4/Psen1/Ifng/Vcp/Rptor/Map2k1/Ppara/P2rx7"
"GOBP_MULTICELLULAR_ORGANISMAL_RESPONSE_TO_STRESS",0.868586022753657,0.928304968465595,0.018663195997653,0.198162383844814,0.767546410337849,48,"Hmgcs2/Penk/Atp1a2/Vdac1/Gria1/P2rx4/Ppp3ca/Adra2a/Adcyap1r1/Slc6a2/Adam11/Fbxl20/Vwa1/Large1/Zfp212/Akt1"
"GOBP_RESCUE_OF_STALLED_RIBOSOME",0.868591523227836,0.928304968465595,0.0153435904182322,-0.233242803133603,-0.717099765235491,22,"Ascc3/Abce1/Ltn1"
"GOBP_XENOBIOTIC_TRANSPORT",0.868978444236176,0.928304968465595,0.0155203049741001,-0.241518115587568,-0.703338045917293,18,"Tmem30a/Slc31a1/Slc7a5/Abcg1/Cldn1/Slc28a2/Slc2a1/Slc22a4/Abca8b"
"GOBP_HINDLIMB_MORPHOGENESIS",0.869127516778524,0.928304968465595,0.0154394134263635,-0.247499522047581,-0.690269696673472,15,"Ctnnb1/Gpc3"
"GOBP_VENTRICULAR_CARDIAC_MUSCLE_TISSUE_MORPHOGENESIS",0.869327501366867,0.928304968465595,0.0151084396434755,-0.22583580088882,-0.724953065523791,26,"Smad4/Lrp2/Nrg1/Tgfbr1/Rbpj/Eng/Med1"
"GOBP_PHOTOTRANSDUCTION",0.869728209934395,0.928304968465595,0.0155078286787783,-0.241269537550545,-0.702614148290018,18,"Rp1/Slc24a4/Gnat1/Gpr88/Nmt2/Gnaq"
"GOBP_POSTSYNAPTIC_DENSITY_ASSEMBLY",0.869771453212592,0.928304968465595,0.0175469108023954,0.244096072651129,0.700844753469379,15,"Lrrc4b/Prickle1/Fgfr1/Ntrk3/Ptprs/Nlgn2"
"GOBP_NEGATIVE_REGULATION_OF_CELL_PROJECTION_ORGANIZATION",0.870804822417726,0.92908222994463,0.0134653183585201,-0.186480227102359,-0.805403300308574,113,"Lrrk2/Sema3a/Rnf6/Ptprg/Sema6d/Mdm2/Rapgef2/Pafah1b1/Fat3/Luzp1/Adam17/Arf6/Rtn4/Ptpn1/Map2/Trpc6/Slit2/Tesk1/Zfp365/Odf2l/B2m"
"GOBP_MIDBODY_ABSCISSION",0.871255813953488,0.92923781207999,0.0153744275385795,-0.243927027956563,-0.69334079752404,16,"Pdcd6ip/Mtmr4/Spg20"
"GOBP_REGULATION_OF_PROTEIN_LOCALIZATION_TO_CELL_PERIPHERY",0.876012564060175,0.933983983740628,0.0135902837294515,-0.18887818722698,-0.797859544537973,99,"Prkch/Picalm/Cltc/Itgb1/Numb/Traf6/Arf6/Gnai1/Kif5b/Zdhhc5/Prkci/Epha2/Abca2/Sorbs1/Neto2/Sptbn1/Stx7"
"GOBP_GLIAL_CELL_DEVELOPMENT",0.876754015215554,0.93444731408168,0.0139016550241199,-0.192154488951475,-0.786695630708772,83,"Tlr4/App/Il1b/Med12/Mal/S100a8/Lyn/Fpr2/Ccdc39"
"GOBP_POSITIVE_REGULATION_OF_PEPTIDE_SECRETION",0.877541481654592,0.934959346269501,0.0186075251874657,0.191984595653107,0.781347692994306,61,"Nnat/Pfkm/Prkaca/Gpr27/Stx4a/Myrip/Mcu/Gabbr1/Abcc8"
"GOBP_PYRIDINE_CONTAINING_COMPOUND_BIOSYNTHETIC_PROCESS",0.878180250107805,0.935091694020265,0.0174055291589471,0.241153706188859,0.692396677777423,15,"Idh2/Naprt/Afmid/Nmnat2/Nmnat3/Nampt/Nadsyn1/Qprt"
"GOBP_REGULATION_OF_MEMBRANE_DEPOLARIZATION",0.878279883381924,0.935091694020265,0.0149578606990627,-0.222761558189839,-0.721333634960536,27,"Lrrk2/Gclm/Creb1/B2m"
"GOBP_COLLATERAL_SPROUTING",0.878708714312372,0.935163340604271,0.0152943953020928,-0.239105699455731,-0.689698266364011,17,"App/Nin"
"GOBP_PHOSPHATIDYLCHOLINE_BIOSYNTHETIC_PROCESS",0.879008202833706,0.935163340604271,0.0152759926185111,-0.243652851079379,-0.679541431905699,15,"Pcyt1a"
"GOBP_PINOCYTOSIS",0.879268520246315,0.935163340604271,0.0152851908709404,-0.238690474525564,-0.688500553740937,17,"Dock2/Ppt1/Snx5/Cdc42"
"GOBP_ESTABLISHMENT_OF_MITOCHONDRION_LOCALIZATION",0.881537608575125,0.93724930799974,0.0151084396434755,-0.22748928239796,-0.707391501674155,23,"Pkd1/Kif5b/Myo19/Ubb/Armcx3/Trak2/Actr10/Dnm1l"
"GOBP_REGULATION_OF_B_CELL_DIFFERENTIATION",0.882267176963732,0.937649159628307,0.0148950998584627,-0.222286191877745,-0.713558503971272,26,"Nfam1/Zfp36l2/Cr1l/Cyld/Xbp1/Ptpn6/Spi1/Ikzf3/Zfp36l1"
"GOBP_POSITIVE_REGULATION_OF_ACTIN_FILAMENT_POLYMERIZATION",0.882624972473024,0.937649159628307,0.0176420501968652,0.212814266425734,0.727571452707679,28,"Lmod1/Cdc42ep5/Pfn1/Pycard/Pfn2/Lmod2/Prkce"
"GOBP_DETECTION_OF_LIGHT_STIMULUS",0.88301749271137,0.937649159628307,0.0148801982160569,-0.221377746885196,-0.716852656974078,27,"Rp1/Crb1/Slc24a4/Ccdc66/Gnat1/Gpr88/Nmt2"
"GOBP_POSITIVE_REGULATION_OF_ESTABLISHMENT_OF_PROTEIN_LOCALIZATION_TO_MITOCHONDRION",0.883559135847675,0.937649159628307,0.0149399002432604,-0.221152968037359,-0.703109511784834,25,"Ube2d3/Fzd5/Rac2/Prkaa1/Huwe1/Tomm70a/Npepps/Mapk8"
"GOBP_APPENDAGE_DEVELOPMENT",0.883662537663207,0.937649159628307,0.0136449330502466,-0.189086311087407,-0.788010867797778,92,"Ctnnb1/Col3a1/Smad4/B4galnt1/Mbnl1/Atrx/Nipbl/Gpc3/Slc7a11"
"GOBP_PERIPHERAL_NERVOUS_SYSTEM_DEVELOPMENT",0.883761276891048,0.937649159628307,0.0141600098146442,-0.198033641477089,-0.754178975945525,56,"Nab1/Egr2/Med12/Cited2/Lama2/Tbce/Nrg1/Vcam1"
"GOBP_MEGAKARYOCYTE_DIFFERENTIATION",0.88473731884058,0.938357762406675,0.0180185977717032,0.204757503396483,0.741732898059768,36,"Meis1/Cib1/Maf/Mturn/Gp9/Zfp385a/Gata2/Pithd1/Prmt1/Cdkn2b"
"GOBP_MITOTIC_CELL_CYCLE_CHECKPOINT_SIGNALING",0.888964116452268,0.942512442408481,0.0137190197262754,-0.190018800315462,-0.780545782011984,85,"Wac/Rint1/Bub1/Dusp1/Tpr/Ppp1r10/Nabp1/Atr/Topbp1/Bub1b/Cenpf"
"GOBP_EYE_PHOTORECEPTOR_CELL_DIFFERENTIATION",0.889374886094405,0.94261974526887,0.0147792844303303,-0.22018114369675,-0.706801111538887,26,"Cep290/Rp1/Prkci/Crb1/Vegfa/Gnat1/Rpgr/Rpgrip1l"
"GOBP_SECONDARY_METABOLIC_PROCESS",0.889813800657174,0.942756792971849,0.0174452466453642,0.215856213177472,0.707504624684635,24,"Cyp2a5/Akr1a1/Prkce/Mfsd12/Cyp2d22/N6amt1/Akr1b3/Cpt1a/Cbr4/Ddt/Bdh2"
"GOBP_MALE_MEIOTIC_NUCLEAR_DIVISION",0.891465677179963,0.944104924205635,0.0150028633239453,-0.227068757457007,-0.681983570599767,20,"Kif18a/Ubb/Tex15/Foxj3/Sycp2"
"GOBP_POSITIVE_REGULATION_OF_CYTOSKELETON_ORGANIZATION",0.891787190082645,0.944104924205635,0.0198678636750007,0.178152136300165,0.814727797184183,116,"Lmod1/Ppp1r35/Mapk15/Brk1/Fhod1/Cdc42ep5/Katnb1/Synpo2l/Actn2/Pfn1/Tpm1/Cav3/Pycard/Synpo2/Arhgef15/Wnt4/Trpv4/Pde4dip/Mapt/Pfn2/Rhoc/Nrp1/Mylk3/Lmod2/Cfl1/Prkce"
"GOBP_SPECIFICATION_OF_SYMMETRY",0.892016376663255,0.944104924205635,0.013782415610988,-0.192006678651617,-0.765427066380759,71,"Ctnnb1/Smad2/Acvr2a/Tgfbr2/Cited2/Kif3b/Ccdc39/Aplnr"
"GOBP_CARDIAC_MUSCLE_CELL_ACTION_POTENTIAL_INVOLVED_IN_CONTRACTION",0.892366136034732,0.944146936840083,0.0146234025967532,-0.210944718826542,-0.714453991280288,33,"Kcnj2/Kcne2/Cacna1d/Scn3a/Scn7a/Kcne4"
"GOBP_SYNAPSE_ASSEMBLY",0.894415917843389,0.945716201811624,0.0128574380074495,-0.180588804799084,-0.802315861555491,137,"App/Flrt3/Ctnnb1/Nptx1/Robo2/Crk/Caprin1/Arf6/Rtn4/Rac1/Cyfip2/Agrn/Fzd5/Ptpn1/Shank3/Gabra3/Pcdh17/Senp1/Rap2a/Negr1/Ptpn13/Nrcam/Gpm6a/Farp1/Dock10/Dock1/Pcdhb4/Eif4g1/Clstn1/Plxna1/Six4/Pum2"
"GOBP_POSITIVE_REGULATION_OF_GLIAL_CELL_DIFFERENTIATION",0.89505830094392,0.945716201811624,0.0149100173785417,-0.225542567043114,-0.693425562136564,22,"Egr2/Bmp2/Zfp365/Mtor/Dicer1/Tnfrsf1b"
"GOBP_AROMATIC_AMINO_ACID_METABOLIC_PROCESS",0.895429064251833,0.945716201811624,0.0171203461634246,0.234803667958291,0.674164549214733,15,"Park7/Qdpr/Ttc36/Thap4/Fah"
"GOBP_POSITIVE_REGULATION_OF_DNA_BINDING",0.895441860465116,0.945716201811624,0.0149788438350447,-0.23451361802198,-0.666584020277418,16,"Cebpg/Ifi205/Sox7/Rb1/Ifng"
"GOBP_POSITIVE_REGULATION_OF_INSULIN_SECRETION_INVOLVED_IN_CELLULAR_RESPONSE_TO_GLUCOSE_STIMULUS",0.895490026019081,0.945716201811624,0.0172016847867164,0.221499237856594,0.691213520765558,20,"Gpr27/Stx4a/Abcc8/C1qtnf12"
"GOBP_CENTROSOME_DUPLICATION",0.896269177126918,0.945716201811624,0.0140274630545543,-0.196445846832504,-0.739229681227156,53,"Usp33/Xpo1/Chordc1/Rock2/Pdcd6ip/Plk4/Cep135/Tmem67"
"GOBP_PROTEIN_LOCALIZATION_TO_NUCLEOLUS",0.896291504959034,0.945716201811624,0.0171062530194721,0.234522516994218,0.673357313047582,15,"Mcrs1/Glul/Nop53"
"GOBP_REGULATION_OF_MUSCLE_ADAPTATION",0.896333976495352,0.945716201811624,0.0141147538988029,-0.201272659083321,-0.734262948150006,46,"Smad4/Rock2/Aplnr/Rock1/Becn1/Yy1/Gtf2ird1/Pak1/Tnfrsf1b/Tomm70a/Selenon/Il6st/Rgs2/Dag1/Ppara/G6pdx/Adra1a/Parp1/Lmcd1/Tnfrsf1a"
"GOBP_MAINTENANCE_OF_CELL_NUMBER",0.896871945259042,0.945956035093101,0.013038207666761,-0.182784708627879,-0.789442451150751,113,"Yme1l1/Ctnnb1/Med12/Kdm2b/Zfp36l2/Cdc73/Nipbl/Eif4e/Rif1/Sap130/Braf/Med14/Zc3h13/Cnot2/Arid4b/Kdm3a/Loxl2/Zfp706/Rbpj/Jag1/Arid4a/Wdr47/Rbbp7/Bicral/Lrp5/Mettl3/Ddx6/Spi1/Selenon/Wdr43/Ncoa3/Lig4/Smc5/Taf5l/Tal1/Aspm/Smc3/Piwil2"
"GOBP_RIBONUCLEOPROTEIN_COMPLEX_BIOGENESIS",0.897694979475845,0.946496264717433,0.0228933469010914,0.166704756579709,0.86867500129746,293,"Rpl38/Rps28/Pin4/Mettl17/Rps15/Imp3/Pih1d1/Mrm2/Rpl35a/Exosc4/Fau/Gemin7/Pop7/Nol3/Snrpc/Rps23/Snrpb/Pop4/Rpusd1/Rpl11/Rps9/Sf3a2/Nhp2/Tssc4/Rps17/Celf4/Rpl35/Eif3k/Phf5a/Rcc1l/Sart1/Tsr3/Rps19bp1/Rpl14/Glul/Frg1/Snrpd3/Rps24/Srsf5/Suv39h1/Rps11/Rps13/Nop53/Nsun4/Exosc2/Trmt112/Exosc8/Eif4b/Eif4a3/Rps16/Ybey/Mtg1/Rps12/Rrnad1/Rps14/Abcf1/Rpl7/Rps8/Eif5b/Malsu1/Puf60/Gar1/Sirt7/Rps19/Rrp9/Mterf4/Pelp1/Eral1/Cd2bp2/Smn1/Bud23/Mrps7/Gemin2/Nat10/Ak6/Nop16/9930104L06Rik/Rps27l/Rpusd4/Rrp36/Abt1/Mrm1/Mcat/Mpv17l2/Rps27a/Nudt16/C1d/Aatf/Npm3"
"GOBP_PYRIMIDINE_CONTAINING_COMPOUND_METABOLIC_PROCESS",0.898512221041445,0.946749469193868,0.0142196203840355,-0.202729898088793,-0.730211760702758,44,"Upp1/Umps/Uprt/Tdg/Slc4a7/Ctps2/Mtor/Cad/Slc19a3/Shmt1"
"GOBP_MYELIN_ASSEMBLY",0.898556967477924,0.946749469193868,0.0170535415592154,0.22958418080935,0.684281242233619,17,"Gpc1/Ank2/Cntn1/Mag/Cd9/Pmp22/Ercc2/Pllp"
"GOBP_PROTEIN_N_LINKED_GLYCOSYLATION",0.898973774230331,0.946860997070687,0.0178868304724027,0.197582038373792,0.739899192568895,41,"Mgat4b/Gal3st1/Dhdds/Mpdu1/Nudt14/B4galt7/Tmem258/Krtcap2/Ost4/Entpd5/1700029I15Rik/Dolk/Alg9/Alg3/Alg2/Dpagt1/Tmem165"
"GOBP_COPII_COATED_VESICLE_BUDDING",0.899762367682005,0.947363903731571,0.0170781132280161,0.218637721734062,0.691483430101472,21,"Mapk15/Trappc2l/Preb/Trappc3/Trappc4"
"GOBP_POSITIVE_REGULATION_OF_NOTCH_SIGNALING_PATHWAY",0.900851912271162,0.948183226016484,0.0145155832799173,-0.211444792625142,-0.701339414840206,30,"Robo2/Prkci/Nepro/Acvrl1/Aak1/Jag1/Pdcd10/Robo1/Cntn6/Tspan5/Il6st"
"GOBP_NEUROTRANSMITTER_RECEPTOR_LOCALIZATION_TO_POSTSYNAPTIC_SPECIALIZATION_MEMBRANE",0.901565995525727,0.948547995885123,0.0149100173785417,-0.224944518060786,-0.665524468372241,19,"Nptx1/Traf6/Neto2/Dlg1/Map2k1/Dlg4/Dag1"
"GOBP_CELL_CELL_RECOGNITION",0.901821493624772,0.948547995885123,0.0145708483176117,-0.211878779206976,-0.696553028670849,29,"Nedd9/Dock8/Dock2/Cct2/Dlg1/Cct3/B4galt1/Msn/Cct8/Nck2/Cd6"
"GOBP_NEGATIVE_REGULATION_OF_STRIATED_MUSCLE_CELL_DIFFERENTIATION",0.90609080841639,0.952022071616647,0.0173408037041483,0.209683843867251,0.700605421816741,26,"Hdac3/Fzd7/Rpl3l/Cav3/Plpp7/Msx1/Hdac1/Hdac4/Trim72"
"GOBP_MATURATION_OF_LSU_RRNA",0.906279287722587,0.952022071616647,0.0149130027920862,-0.229509792342897,-0.66836795439806,18,"Gtpbp4/Ddx18/Rpl7l1/Las1l/Wdr12/Nsa2/Rpf2/Rrp15/Eif6"
"GOBP_TUBE_CLOSURE",0.906486742424242,0.952022071616647,0.0183173360456645,0.189601607566313,0.752836109426017,55,"Spint2/Vangl2/Prkaca/Cluap1/Tead2/Pfn1/Wdr83/Prickle1/Fuz/Scrib/Lias/Mthfd1/Dvl2/Mthfd1l/Fzd6"
"GOBP_CELL_FATE_COMMITMENT_INVOLVED_IN_FORMATION_OF_PRIMARY_GERM_LAYER",0.906864564007421,0.952022071616647,0.0147556447808163,-0.221781020289205,-0.666102258196965,20,"Ctnnb1/Cdc73"
"GOBP_REGULATION_OF_OSTEOBLAST_PROLIFERATION",0.906972408650261,0.952022071616647,0.0148237159402061,-0.233151900397655,-0.650254554978062,15,"Rhoa/Bmp2/Lrp5"
"GOBP_DIGESTIVE_SYSTEM_DEVELOPMENT",0.907000338180588,0.952022071616647,0.0134139933340254,-0.187972358005331,-0.759514411760466,76,"Ctnnb1/Wls/Col3a1/Smad2/Pkd1/Nipbl/Ccdc39/Srp54a/Fzd5/Otc/Dchs1/Nckap1/Yipf6"
"GOBP_POSITIVE_REGULATION_OF_SMOOTHENED_SIGNALING_PATHWAY",0.907314349525405,0.952023499071281,0.0147940793616997,-0.220174899986124,-0.66885574736424,21,"Ndst1/Gpc3"
"GOBP_PHAGOSOME_MATURATION",0.908058812581426,0.952468237032836,0.0147822421743418,-0.219917534268177,-0.668073911925075,21,"Rab32/Slc4a7/Mtmr4/Rab31"
"GOBP_REGULATION_OF_NEURON_DIFFERENTIATION",0.908642786723628,0.952468237032836,0.0129724822311552,-0.182445874563474,-0.777248594155477,104,"Lrrk2/App/Itgb1/Ptbp1/Rhoa/Fgf2/Eif4e/Rac1/Rock1/Ect2/Nepro/Trpc6/Bmp2"
"GOBP_GPI_ANCHOR_METABOLIC_PROCESS",0.908938234745288,0.952468237032836,0.0148059265050956,-0.227587325477265,-0.656473618928324,17,"Pigh/Pigb/Pigm/Pgap1"
"GOBP_LENS_FIBER_CELL_DIFFERENTIATION",0.908989391401452,0.952468237032836,0.0147674596544076,-0.219481096371845,-0.666748084161113,21,"Skil/Fgf2/Epha2/Frs2/Kdm5b"
"GOBP_MEIOTIC_CHROMOSOME_SEGREGATION",0.910910379029401,0.954152770603553,0.0140218489927212,-0.199519666718353,-0.718648845102389,44,"Actr2/Actr3/Smc4/Ddb1/Ccne2/Sycp1/Knl1/Tex15/Sycp2"
"GOBP_ACTION_POTENTIAL",0.912611717974181,0.954983177653986,0.0189249931611397,0.180248082220309,0.791909837538842,92,"Kcna2/Atp1a2/Kcnh2/Gria1/Slc4a3/Myh14/Cav3/Abcc8/Kcnj11/Ank2/Ntrk2/Tbx18/Dsc2/Kcng1/Akap6/Kcnj3/Scn8a/Gpd1l/Ywhae/Scn4b/Chrna1/Jup/Ntrk3/Fgf13/Kcna5/Ryr2"
"GOBP_AMINE_METABOLIC_PROCESS",0.912666782186796,0.954983177653986,0.0136778161923515,-0.191743391391611,-0.725189222475547,54,"Itgb2/Odc1/Hdc/Gch1/Vcam1/Itgam/Nr4a2"
"GOBP_ENDOPLASMIC_RETICULUM_CALCIUM_ION_HOMEOSTASIS",0.912670274304908,0.954983177653986,0.0147467901097251,-0.225399738188197,-0.650163542822966,17,"Tmco1/Rap1gds1/Ccdc47"
"GOBP_CARDIAC_VENTRICLE_MORPHOGENESIS",0.912957645369706,0.954983177653986,0.0141798531197003,-0.201195441257688,-0.705655549688908,39,"Smad4/Tgfbr2/Lrp2/Nrg1/Tgfbr1/Sema3c/Rbpj/Jag1/Eng"
"GOBP_G_PROTEIN_COUPLED_DOPAMINE_RECEPTOR_SIGNALING_PATHWAY",0.914243102162565,0.955999397694029,0.0147084838352113,-0.22174204470424,-0.656049579201946,19,"Lrrk2"
"GOBP_NEGATIVE_REGULATION_OF_CELL_DEVELOPMENT",0.914934441957147,0.956205624675032,0.0124761294687024,-0.176252295638294,-0.794318598265092,154,"Tlr4/Il1b/Anxa1/Ctnnb1/Rnf6/Ceacam1/H2-Q7/Sema6d/Rapgef2/Lyn/Il4ra/Tnfaip6/Rtn4/Sorl1/Rflnb/Btg2/Fstl3/Fbn1/Map2/Trpc6/Zc3h12a/Cr1l/Nrarp/B2m/Vegfa/Runx1/Spg20/Clec12a/Dicer1/Psen1/Pirb/Rnf10/Trak2/Ccl3/Fgl2/Tmem98/Rb1/Shb/Tlr3/Ubash3b/Taok3/Hspa9/Dusp10"
"GOBP_REGULATION_OF_EXTENT_OF_CELL_GROWTH",0.915391229578676,0.956205624675032,0.0135249589109251,-0.189109699046274,-0.741537304027672,65,"Sema3a/Rnf6/Sema6d/Pafah1b1/Rtn4/Map2/Cdkl5/Pak1/Vegfa/Tnfrsf12a/Nrcam/Spg20/Macf1/Srf"
"GOBP_SENSORY_ORGAN_DEVELOPMENT",0.915613652868555,0.956205624675032,0.011048352642322,-0.169567171664208,-0.833787895168645,319,"Tspan12/Bmp5/Slc25a25/Ctnnb1/Skil/Fos/Adamts9/Clic4/Tgfbr2/Kdm2b/Crybg3/Col4a1/Pafah1b1/Jun/Cited2/Insig1/Fgf2/Nipbl/Fat3/Cep290/Rac1/Rp1/Fzd5/Sp3/Mertk/Dram2/Col8a2/Tgfbr1/Fbn1/Prkci/Zdhhc16/Epha2/Acvrl1/Smchd1/Yy1/Bmpr1b/Bmp2/Slc4a7/Crb1/Diaph3/Dchs1/Gpd2/Aqp1/Ift88/Sh3pxd2b/Vegfa/Rbpj/Jag1/Efemp1/Myh10/Hipk2/Itga8/Frs2/Gpm6a/Gnb1/Wt1/Casp2/Srf/Kdm5b/Lrp5/Ift122/Sec24b/Dlg1/Man2a1/Gnat1/Psen1/Med1"
"GOBP_METANEPHRIC_EPITHELIUM_DEVELOPMENT",0.915696420871065,0.956205624675032,0.0167931839351586,0.226822493148767,0.651249127303084,15,"Wnt4/Sox8/Osr1/Acat1/Hes1/Yap1"
"GOBP_REGULATION_OF_INTRINSIC_APOPTOTIC_SIGNALING_PATHWAY_IN_RESPONSE_TO_DNA_DAMAGE",0.917525773195876,0.957787445794118,0.0147349925080477,-0.22499298697358,-0.655214319713076,18,"Skil"
"GOBP_REGULATION_OF_UBIQUITIN_PROTEIN_TRANSFERASE_ACTIVITY",0.917900656044986,0.957850410437622,0.0147290973975986,-0.224824936822049,-0.654724931722836,18,"Arrdc4/Dtx3l"
"GOBP_MOLTING_CYCLE_PROCESS",0.919057739992915,0.958729297114912,0.0138933053060749,-0.19680521033772,-0.70887165884748,44,"Ctnnb1/Smad4/Mysm1/Rbpj/Nom1/Gorab/Edar/Farp2/Tmem79/Tnfrsf19/Pum2/Gnas/Numa1/Foxq1"
"GOBP_PROTEIN_LOCALIZATION_TO_MICROTUBULE_ORGANIZING_CENTER",0.919423396784328,0.958782275071329,0.0145010752130249,-0.215502987703601,-0.670119402901086,23,"Golgb1/Cep78/Cep83/Bicd1/Cep192/Numa1/Stk3/Pibf1/Apc"
"GOBP_GLYCOSYL_COMPOUND_METABOLIC_PROCESS",0.919799498746867,0.958846105335231,0.0140358881261304,-0.200904717621465,-0.693613444057604,36,"Gda/Gla/Upp1/Nt5c2/Icmt"
"GOBP_REGULATION_OF_CELL_FATE_COMMITMENT",0.920704845814978,0.959461415300003,0.0170255172517472,0.20476423330852,0.678310594390195,25,"Fzd7/Mbd3/Mesp1/Lgals1/Fgfr1/Hdac1/Hes1"
"GOBP_EMBRYONIC_FORELIMB_MORPHOGENESIS",0.921171656256731,0.959619464010176,0.0166904964461843,0.222712235985391,0.66379924332532,17,"Osr2/Wnt7a/Tbx5/Msx1/Osr1/Reck/Hoxd9/Trp63/Tfap2a/Shox2"
"GOBP_REGULATION_OF_MRNA_SPLICING_VIA_SPLICEOSOME",0.922418312074087,0.960467639600124,0.0136449330502466,-0.189006431179683,-0.729501412348643,61,"Rnps1/Ptbp1/Fmr1/Ddx5/Dyrk1a/Srsf4/Cwc22/Wtap/Ncbp1/Rbm39/Larp7/Mettl16/Ythdc1/Srpk2/Srsf10/Hnrnpu/Rbmxl1/Tra2a/Rbm15b/Rbm7/Nova2/Rbmx"
"GOBP_SULFUR_AMINO_ACID_METABOLIC_PROCESS",0.922820037105751,0.960467639600124,0.0145039756530166,-0.21533888511241,-0.646753800049925,20,"Slc7a11/Gclm/Cth/Nox4/Mat1a"
"GOBP_HOMOLOGOUS_RECOMBINATION",0.923366555924695,0.960467639600124,0.0170640665008673,0.203849128314938,0.681110198554347,26,"Nucks1/Klhdc3/Mus81"
"GOBP_REGULATION_OF_CELL_FATE_SPECIFICATION",0.923708666522585,0.960467639600124,0.016700728570072,0.224522886288017,0.655078151188799,16,"Fzd7/Mbd3/Mesp1/Fgfr1/Hdac1"
"GOBP_MORPHOGENESIS_OF_EMBRYONIC_EPITHELIUM",0.923771313941825,0.960467639600124,0.0129829806245389,-0.18169195646574,-0.757997050291426,93,"Bmp5/Ctnnb1/Med12/Traf6/Kdm2b/Cited2/Casp3/Lrp2/Luzp1/Vegfc"
"GOBP_LATE_ENDOSOME_TO_VACUOLE_TRANSPORT",0.924173687621517,0.960467639600124,0.0166870875350485,0.210078921447547,0.664414594345527,21,"Mvb12a/Vps28/Vps37d"
"GOBP_SODIUM_ION_TRANSMEMBRANE_TRANSPORT",0.92419382069897,0.960467639600124,0.0131200764840739,-0.181848313350614,-0.752772966617737,89,"Slc5a3/Slc6a14/Actn4/Slc38a2/Atp1a3/Scn3a/Tpcn2/Utrn/Scn7a/Atp1b1/Slc6a20a/Slc4a7/Grp/Slc24a4/Slc6a9/Slc5a2/Slc4a4/Chp1/Dlg1/Slc23a1/Fxyd5"
"GOBP_ANTIBACTERIAL_HUMORAL_RESPONSE",0.925109329446064,0.96069512131578,0.0142082472977661,-0.207520140666263,-0.671979755442137,27,"App/H2-Q7"
"GOBP_ESTABLISHMENT_OF_MITOCHONDRION_LOCALIZATION_MICROTUBULE_MEDIATED",0.925219627169488,0.96069512131578,0.0165514610057852,0.214690472718994,0.65394634446085,18,"Uchl1/Mapt/Sybu/Wasf1/Uxt/Hdac6/Map1s/Mgarp/Nefl"
"GOBP_POSITIVE_REGULATION_OF_FOCAL_ADHESION_ASSEMBLY",0.925359208807613,0.96069512131578,0.0145475528113217,-0.220276000006228,-0.635384165545676,17,"Rac1/Rock1/Vegfa/Map4k4/Ptprj/Ppm1f/Kdr"
"GOBP_PEPTIDE_BIOSYNTHETIC_PROCESS",0.925767441860465,0.960747105042733,0.0144981753590228,-0.221533284438723,-0.629688581038324,16,"Slc7a11/Gclm/Chac1/Bloc1s6"
"GOBP_MICROTUBULE_BUNDLE_FORMATION",0.926166467270552,0.960747105042733,0.013266357129743,-0.184756929867786,-0.732524711262378,69,"Nckap5/Cfap206/Cfap44/Ccdc39/Rp1/Hydin/Ccdc146/Spag16/Ccdc66/Lrrc61/Chp1/Togaram1/Ccdc88c/Cfap69/Jhy/Capn6/Rsph4a/Ttll5/Numa1/Dnah17"
"GOBP_POSITIVE_REGULATION_OF_PEPTIDYL_SERINE_PHOSPHORYLATION",0.926547352721849,0.960747105042733,0.0145155832799173,-0.225048037707988,-0.627653093793807,15,"Braf/Irgm1/Irgm2/Pdcd10"
"GOBP_REGULATION_OF_PROTEIN_LOCALIZATION_TO_SYNAPSE",0.926908150064683,0.960747105042733,0.0166157068450855,0.212545897569698,0.655725861868991,19,"Hras/Wnt7a/Mapt/Gabarap/Ogt"
"GOBP_ORGAN_OR_TISSUE_SPECIFIC_IMMUNE_RESPONSE",0.926986861942709,0.960747105042733,0.0165987692037546,0.219899579874987,0.655416053288367,17,"Fau/Ffar2/Pigr/Pla2g1b/Bpifb1/Rpl39/Il6ra/Ifnlr1/Ltf/Cd160/Cldn2/Ear1/Nos2/Umod/Camp/Otud7b/Ear6"
"GOBP_GLIAL_CELL_DIFFERENTIATION",0.92765889492175,0.960915507416313,0.0122558185066179,-0.174114890711625,-0.786992854622179,158,"Tlr4/Nab1/App/Il1b/Ctnnb1/Egr2/Med12/Mal/Rhoa/S100a8/Lyn/Fgf2/Lama2/Fpr2"
"GOBP_REGULATION_OF_MUSCLE_ORGAN_DEVELOPMENT",0.928022492970947,0.960915507416313,0.0145708483176117,-0.220603113012363,-0.642430328888231,18,"Ctnnb1/Cenpf/Creb1/Prkaa1"
"GOBP_PROTEIN_HOMOTETRAMERIZATION",0.9281179138322,0.960915507416313,0.0173336322937549,0.194322510315417,0.698263373085087,35,"Mcoln1/Aldoa/Shmt2/Kcnn4/Ryr1/Apip/Cby1/Acot13/Ssbp1"
"GOBP_CARDIAC_ATRIUM_DEVELOPMENT",0.92841163310962,0.960915507416313,0.0144865817958842,-0.215896334695717,-0.63875436756834,19,"Mdm2/Mdm4/Bmp2/Eng"
"GOBP_EXOCRINE_SYSTEM_DEVELOPMENT",0.92966472303207,0.96153499803425,0.0141373644812001,-0.205861665878374,-0.666609377999278,27,"Hgf/Wls/Srp54a/Sema3c/Xbp1/Edar/Plxna1/Lama1/Dag1"
"GOBP_EXTRACELLULAR_TRANSPORT",0.929742907801418,0.96153499803425,0.0169731362155286,0.200397761981893,0.689632921933927,29,"Arrdc1/Ccdc103/Gas8/Ccdc40/Wwp2"
"GOBP_LACTATION",0.929957493993717,0.96153499803425,0.0143367080179318,-0.211316865136712,-0.657102404923997,23,"Uprt/Oas2/Creb1/Vegfa/Xbp1/Cad/Med1"
"GOBP_DENDRITE_EXTENSION",0.930834114339269,0.962114690483053,0.0145272003108276,-0.21927613471995,-0.638565963199183,18,"Cyfip2/Plaa/Slc23a2"
"GOBP_CHLORIDE_TRANSPORT",0.933988764044944,0.965047772825536,0.0177083382684829,0.181854630679123,0.731507795026116,58,"Fxyd1/Clic3/Ucp2/Slc4a3/Slc12a9/Clcn6"
"GOBP_HOMOLOGOUS_CHROMOSOME_SEGREGATION",0.934440753045404,0.965187277144931,0.0168897685092836,0.20011148935666,0.668621825245907,26,"Pttg1"
"GOBP_EXCITATORY_SYNAPSE_ASSEMBLY",0.935169124024284,0.965338877133064,0.0165683370223268,0.208315633046234,0.650072585087711,20,"Lrrc4b/Wnt7a/Prickle1/Fgfr1/Ntrk3/Ptprs/Nlgn2"
"GOBP_APPENDAGE_MORPHOGENESIS",0.935407507609063,0.965338877133064,0.0129672355455103,-0.180757296497808,-0.730361491326562,76,"Ctnnb1/Col3a1/Smad4/Mbnl1/Atrx/Nipbl/Gpc3"
"GOBP_REGULATION_OF_BEHAVIOR",0.935732187611887,0.965338877133064,0.0137879408188588,-0.196029920044065,-0.67678345033334,36,"Lepr/Fxr1/Rag1/Grp/Slc24a4/Ttc21b/Mtor/Ccl3/Napepld"
"GOBP_NUCLEOTIDE_SUGAR_METABOLIC_PROCESS",0.935855620787128,0.965338877133064,0.0165987692037546,0.202061048948695,0.646336337384057,22,"Galt/Guk1/Amdhd2/Nans/Extl2/Entpd5/Gnpda1/Mpi/Tgds/Slc35a1/Slc35c1"
"GOBP_SODIUM_ION_TRANSPORT",0.937824675324675,0.967042376012068,0.0123365364638994,-0.175149599976265,-0.764354992765485,122,"Slc5a3/Pon3/Slc6a14/Actn4/Sik1/Slc38a2/Atp1a3/Scn3a/Tpcn2/Nedd4/Cnga2/Utrn/Scn7a/Atp1b1/Slc6a20a/Slc4a7/Grp/Slc24a4/Slc23a2/Slc6a9/Slc5a2/Sgk1/Slc4a4/Chp1/Dlg1/Slc10a5/Slc23a1/Fxyd5"
"GOBP_STRESS_ACTIVATED_PROTEIN_KINASE_SIGNALING_CASCADE",0.938757264193116,0.967465371010931,0.0169557232784579,0.191787222163767,0.681517166660389,33,"Mapk3/Map2k7/Map2k2/Igbp1/Cryab"
"GOBP_NUCLEOBASE_CONTAINING_COMPOUND_CATABOLIC_PROCESS",0.938870335414549,0.967465371010931,0.0106673693384359,-0.166508854971243,-0.820195555590235,325,"Pde4b/Hspa1b/App/Ythdf3/Rnps1/Tut7/Dhx9/Hspa1a/Ints8/Dedd2/Pde12/Zc3h14/Gda/Etf1/Fmr1/Slc11a1/Fxr1/Upp1/Zfp36l2/Ints6/Rock2/Ddx5/Lipa/Jmjd8/Caprin1/Smg8/Slfn8/Nt5c2/Rock1/Rbm33/Oas2/Btg2/Slfn9/Tdg/Apobec1/Cnot2/Myd88/Zfp36/Zc3h12a/Foxk2/Senp1/Tesk1/Smpdl3a/Ythdf2/Gdnf/Pgam1/Samd4/Slfn14/Prkaa1/Ncbp1/Mtor/Slc4a4/Ppp2ca/Dicer1/Igf2bp2/Paip1/Zc3hav1/Mtpap/Tnfrsf1b/Slc4a1/Psen1/Nbas/Mettl3/Mettl16/Ints11/Entpd3/Ear6/Dnase1/Hnrnpc/Ints3/Fen1/Pum2/Ddx49/Ints10/Ifng/Hnrnpu/Tent5a/Csde1/Hk1/Pnrc2/Vcp/Serbp1/Rptor/Noct/Aldob/Rnasel/Zfp36l1/Ttc37/Dis3l/Trdmt1/Ireb2/Hkdc1/Adal/Ppara/Khsrp/Rbm7/Piwil2/Igf2bp3/P2rx7/Cnot6"
"GOBP_POSTSYNAPSE_ASSEMBLY",0.940284581292279,0.967481555762741,0.0175578519605737,0.182299151844284,0.711255317312483,50,"Lrrc4b/Nedd8/Wnt7a/Ppp1r9b/Arhgef15/Sigmar1/Prickle1/Neurl1a/Nckipsd/Zdhhc8/Fgfr1/Ube3b/Rac3"
"GOBP_HEART_GROWTH",0.940298507462687,0.967481555762741,0.01343828421401,-0.187805086634468,-0.690916053049762,48,"Vgll4/Fgf2/S1pr1/Nrg1/Tgfbr1/Yy1/Pak1/Rbpj/Runx1/Myh10/Pim1/Wt1/Ccnb1/Tomm70a/Dusp6/Rgs2"
"GOBP_LIPOPROTEIN_BIOSYNTHETIC_PROCESS",0.940362811791383,0.967481555762741,0.0171415150521277,0.190293033853321,0.683784166215933,35,"Dbi/Zdhhc1/Glul/Pik3c3/Zdhhc8/Hhatl/Clip3/Zdhhc14/Zdhhc6/Zdhhc7/Porcn/Atg7"
"GOBP_DNA_INTEGRITY_CHECKPOINT_SIGNALING",0.940546967895363,0.967481555762741,0.0129541261385437,-0.180193298500551,-0.722437531217539,73,"Wac/Rint1/Ppp1r10/Lyn/Atr/Dtx3l/Clock/Topbp1"
"GOBP_RETINA_HOMEOSTASIS",0.940824468085106,0.967481555762741,0.0168000588840203,0.196150160346805,0.675015563447248,29,"Vstm4/Arap1/Bsg/Crocc/Tulp1/Cib2/Atp1b2"
"GOBP_MESENCHYMAL_CELL_MIGRATION",0.94104510942385,0.967481555762741,0.0169070922494791,0.190394045508139,0.681696227029345,34,"Sema6c/Sox10/Nrtn/Nrp1/Sox8/Tbx1/Bmp7/Cfl1/Ovol2"
"GOBP_NEGATIVE_REGULATION_OF_EPITHELIAL_CELL_DIFFERENTIATION",0.941144013242597,0.967481555762741,0.0140949980149157,-0.203871094242697,-0.641278505105601,24,"Ctnnb1/Acvrl1/Vegfa/Jag1"
"GOBP_DORSAL_VENTRAL_PATTERN_FORMATION",0.941564225904151,0.967481555762741,0.0136285178644195,-0.191991488175514,-0.677891345565376,40,"Ctnnb1/Smad2/Acvrl1/Bmpr1b/Ttc21b/Grem2/Dync2h1/Ift122/Psen1"
"GOBP_APOPTOTIC_PROCESS_INVOLVED_IN_DEVELOPMENT",0.941779567923837,0.967481555762741,0.0140190427566131,-0.201776029819148,-0.641504597813301,25,"Robo2/Fzd5/Slit2/Tnfrsf1b/Lrp5/Atf2/Spi1/Bcl2l11"
"GOBP_REGULATION_OF_PEPTIDYL_SERINE_PHOSPHORYLATION",0.942063321128581,0.967481555762741,0.0163639284710271,0.211185943676215,0.629444848384579,17,"Stox1/Araf/Pfn2/Dmtn/Akt1/Mad2l2"
"GOBP_CILIUM_ORGANIZATION",0.942852901885112,0.967807949626132,0.0109348407214358,-0.166874010128655,-0.805692167830437,263,"Rab1a/Actr2/Tbc1d31/Snap29/Nedd9/Actr3/Cep126/Kif3b/Cfap206/Kif3a/Cfap44/Luzp1/Ccdc39/Dzip1/Cep290/Rp1/Gmnc/Hydin/Ttc17/Evi5/Sclt1/Plk4/Cep135/Fnbp1l/Ccdc146/Tbc1d2/Cdkl5/Tmem67/Tesk1/Spag16/Unc119b/Ccdc66/Ift88/Odf2l/Ttc21b/Wdr35/Exoc5/Gorab/Cep162/Bloc1s6/Arf4/Cyld/Cenpj/Lrrc61/Tbc1d19/Syne2/Dync2h1/Ift122/Fbxw8/Alpk1/Togaram1/Ttc21a/Asap1/Rp2/Ehd2/Gdi2/Ccdc88c/Cfap69/Jhy/Inpp5e/Kif24/Rpgr/Cep78/Cep83/Tbc1d32/Klc3/Cep128/Rpgrip1l/Arl6/Wdr44/Htt/Ift74/Cfap54/Cdkl1/Rsph4a/Atg5/Cep41"
"GOBP_REGULATION_OF_PROGRAMMED_NECROTIC_CELL_DEATH",0.943420807742416,0.967807949626132,0.0142310023106803,-0.205023319396356,-0.622827695303093,21,"Ripk1/Itch/Asah1/Ripk3/Cyld/Spata2/Aifm1/Zbp1/Parp1"
"GOBP_RIBOSOME_DISASSEMBLY",0.943695335276968,0.967807949626132,0.0139211557820877,-0.199743698272817,-0.646798528015341,27,"Ascc3/Abce1/Ltn1/Nemf/Mrrf/Usp10"
"GOBP_NUCLEAR_TRANSCRIBED_MRNA_POLY_A_TAIL_SHORTENING",0.943767572633552,0.967807949626132,0.0143281086340239,-0.212919983476341,-0.620055869310951,18,"Btg2/Cnot2/Zfp36/Samd4"
"GOBP_POSITIVE_REGULATION_OF_EXCITATORY_POSTSYNAPTIC_POTENTIAL",0.943970315398887,0.967807949626132,0.0141770167207702,-0.206397228982295,-0.619898222721787,20,"App"
"GOBP_FOLIC_ACID_CONTAINING_COMPOUND_METABOLIC_PROCESS",0.944932504821084,0.968468353140425,0.0162447769645752,0.206572508731861,0.629219057746089,18,"Shmt2/Fpgs/Mthfd1/Mthfs/Mthfd1l/Slc19a1"
"GOBP_MULTIVESICULAR_BODY_ORGANIZATION",0.945776625621084,0.969007343545155,0.0163506357883362,0.200808878619001,0.635096318608703,21,"Mvb12a/Vps28/Vps37d"
"GOBP_TERPENOID_METABOLIC_PROCESS",0.947368421052632,0.970311753146742,0.0134626128390115,-0.186307526062454,-0.667452021616313,43,"Dhrs9/Ugt1a7c/Lipa/Lrp2/Scpep1"
"GOBP_POSITIVE_REGULATION_OF_NEURON_DIFFERENTIATION",0.94786143513609,0.970490272356891,0.0134166904631759,-0.186779887338157,-0.676821974821692,45,"App/Rhoa/Fgf2/Ect2/Trpc6/Bmp2"
"GOBP_ALPHA_AMINO_ACID_BIOSYNTHETIC_PROCESS",0.948620996441281,0.970941490475194,0.0167314735893782,0.189416791609003,0.668682829609901,32,"Park7/Shmt2/Glul/Asnsd1/Apip/Psph/Asl/Mthfd1/Got1l1"
"GOBP_PIGMENT_BIOSYNTHETIC_PROCESS",0.95023122660207,0.972262797380142,0.016561583986,0.192042767702528,0.656557653892491,28,"Slc25a39/Fxn/Cox10/Alad"
"GOBP_PROTEINOGENIC_AMINO_ACID_BIOSYNTHETIC_PROCESS",0.951052048726467,0.972557194632321,0.0166326666274074,0.194551351416938,0.650044033486783,26,"Shmt2/Glul/Asnsd1/Apip/Psph/Asl/Mthfd1/Got1l1"
"GOBP_IRON_ION_TRANSPORT",0.951157742402315,0.972557194632321,0.0137025249755203,-0.190940788224487,-0.646702173934796,33,"Cltc/Slc11a1/Mmgt1/Flvcr2/B2m"
"GOBP_NON_MOTILE_CILIUM_ASSEMBLY",0.953679426673658,0.974512488464622,0.0131678037250997,-0.182768789901393,-0.675602420741899,49,"Cep126/Cep290/Rp1/Cep135/Ift88/Exoc5/Gorab/Cenpj/Dync2h1/Ift122/Togaram1/Tbc1d32/Rpgrip1l/Ift74/Pibf1"
"GOBP_GLYCEROPHOSPHOLIPID_CATABOLIC_PROCESS",0.953765846383296,0.974512488464622,0.0140978186671157,-0.213555108066965,-0.595599613481739,15,"Plcb1/Pnpla8"
"GOBP_REGULATION_OF_GLYCOLYTIC_PROCESS",0.954231747184889,0.974512488464622,0.0137135194949595,-0.190228470662669,-0.639699134239145,32,"App/Jmjd8/Prkaa1/Mtor/Slc4a4/Ppp2ca/Slc4a1/Psen1/Ifng/Rptor/Ppara/P2rx7"
"GOBP_REGULATION_OF_GLIAL_CELL_DIFFERENTIATION",0.954350161117078,0.974512488464622,0.0135032449897621,-0.188523980241397,-0.650869570265942,36,"Ctnnb1/Egr2/Bmp2/Zfp365/Mtor/Dicer1/Tnfrsf1b/Tmem98/Il6st/Dusp10/Dag1/Wdr1"
"GOBP_D_GLUCOSE_IMPORT",0.955804900389283,0.975582252264844,0.017046529733471,0.180915202029141,0.679539018103765,42,"Rtn2/Aspscr1/Sgcb/Slc2a4/C1qtnf12/Rhoq"
"GOBP_PROTEIN_HOMOOLIGOMERIZATION",0.956038568393528,0.975582252264844,0.0121529210026952,-0.170712670422856,-0.737654018865362,114,"App/Usp16/Kctd10/Peg10/H2-Q7/Kcnj2/Sgtb/Atl3/Mospd2/Pdcd6ip/Ect2/Sycp1/Cth/Dele1/Kctd21/Arc/B2m/Acaca/Kctd9"
"GOBP_POSITIVE_REGULATION_OF_CELL_CYCLE_G2_M_PHASE_TRANSITION",0.956709024337713,0.975939356485204,0.0161397641521621,0.20422000884444,0.608682709968938,17,"Stox1/Cdk4/Smarcd3"
"GOBP_ACID_SECRETION",0.957081545064378,0.975992399437719,0.0140611920689462,-0.20532585425015,-0.592260602898163,17,"Ces1d/Hrh2/Sgk1"
"GOBP_ENDOPLASMIC_RETICULUM_TO_CYTOSOL_TRANSPORT",0.958123953098827,0.976471663285633,0.0140078231034733,-0.197298187805408,-0.599359994561201,21,"Yod1/Rhbdd1/Edem1/Svip/Faf2"
"GOBP_CELLULAR_PIGMENTATION",0.958504739760329,0.976471663285633,0.0134274836197839,-0.18551925010737,-0.643928060635911,37,"Rab1a/Lyst/Rab32/Hps5/Ap3s1/Bloc1s6"
"GOBP_REGULATION_OF_SMOOTHENED_SIGNALING_PATHWAY",0.958586033616358,0.976471663285633,0.0129672355455103,-0.178349988028003,-0.674534273165095,54,"Ndst1/Herc4/Gpc3/Kctd21/Ttc21b/Gorab/Dync2h1/Ift122/Runx2/Rb1/Rpgrip1l/Vcp/Arl6"
"GOBP_MODIFICATION_OF_SYNAPTIC_STRUCTURE",0.958834244080146,0.976471663285633,0.0136860480184335,-0.188968818010446,-0.621236364501355,29,"Rhoa/Rap1b/Kif5b"
"GOBP_MITOTIC_RECOMBINATION",0.960682652840786,0.97788976348003,0.016123431235903,0.192342554214362,0.608319955439349,21,"Xrcc1/Mus81"
"GOBP_BIOLOGICAL_PROCESS_INVOLVED_IN_INTRASPECIES_INTERACTION_BETWEEN_ORGANISMS",0.961010190518387,0.97788976348003,0.0164841750290566,0.186366666994063,0.629256313230998,27,"Pianp"
"GOBP_PLASMA_MEMBRANE_REPAIR",0.961190168175938,0.97788976348003,0.0160875697824389,0.194689350494844,0.600636585366615,19,"Rab3a/Cav3/Vps4a/Trim72/Anxa2/Syt7/Chmp1a/Smpd1"
"GOBP_REGULATION_OF_POLYSACCHARIDE_METABOLIC_PROCESS",0.961743608607688,0.978126014766336,0.013782415610988,-0.191737961029828,-0.603113616856494,24,"Cltc/Irs1/Sorbs1/Ppp1ca"
"GOBP_RESPONSE_TO_FOOD",0.962383126766688,0.978449623039922,0.0161921658566351,0.190024148477439,0.607833685811546,22,"Nenf/Atn1/Mt3"
"GOBP_CALCIUM_INDEPENDENT_CELL_CELL_ADHESION_VIA_PLASMA_MEMBRANE_CELL_ADHESION_MOLECULES",0.963561880120742,0.97860542258675,0.0160518053601157,0.201497484660973,0.57853636655496,15,"Cldn5/Cldn3/Cldn10/Cldn11"
"GOBP_SOMATIC_STEM_CELL_POPULATION_MAINTENANCE",0.963590565605679,0.97860542258675,0.0169279115900287,0.17786486308867,0.668081582215336,42,"Lbh/Vangl2/Med28/Wnt7a/Sox2/Med27/Gata2/Tbx1/Bcl9/Bmp7/Hes1/Hnf1b/Trp63/Yap1"
"GOBP_ANTIMICROBIAL_HUMORAL_RESPONSE",0.963784439438572,0.97860542258675,0.0128887346461407,-0.175705162928928,-0.664531327857506,54,"App/H2-Q7/Slc11a1/Lyz2"
"GOBP_SALIVARY_GLAND_DEVELOPMENT",0.963821892393321,0.97860542258675,0.0138766197746018,-0.195245771192501,-0.586405675856039,20,"Hgf/Sema3c/Xbp1/Edar/Plxna1/Lama1/Dag1/Esrp2/Tnf/Snai2/Btbd7/Tfcp2l1"
"GOBP_AMINO_ACID_BIOSYNTHETIC_PROCESS",0.964685004436557,0.979155279503106,0.0132210004993809,-0.180466950792282,-0.643829660797812,42,"Slc1a3/Asns/Aldh18a1/Cth/Otc/Plod2/Serinc5/Aldh1a7/Cad"
"GOBP_REGULATION_OF_D_GLUCOSE_IMPORT",0.965492190337813,0.979557135088351,0.013543983532763,-0.184872604114698,-0.621688459065749,32,"Gpc3/Ocln/Prkci/Irs1/Sorbs1"
"GOBP_REGULATION_OF_NUCLEOTIDE_METABOLIC_PROCESS",0.965879265091864,0.979557135088351,0.0129987408012178,-0.176499072443213,-0.654869271795819,50,"App/Jmjd8/Lacc1/Prkaa1/Mtor/Slc4a4/Ppp2ca/Slc4a1/Psen1/Me2/Ifng/Vcp/Rptor/Aldob/Map2k1/Dnm1l/Ppara/P2rx7"
"GOBP_PHOTORECEPTOR_CELL_MAINTENANCE",0.96604600219058,0.979557135088351,0.0162447769645752,0.185160014710211,0.60689273097941,24,"Arap1/Bsg/Crocc/Tulp1/Cib2/Atp1b2"
"GOBP_REGULATION_OF_AXONOGENESIS",0.966570994428499,0.979763208400393,0.0124684867822931,-0.170092515966797,-0.704109075770917,89,"Skil/Rnf6/Sema6d/Pafah1b1/Robo2/Rtn4/Nin/Braf/Map2/Nrd1/Cdkl5/Slit2/Pak1/Vegfa/Tnfrsf12a/Spg20/Macf1/Robo1/Srf/Psen1/Trak2/Xk/Sipa1l1/Map2k1/Shtn1/Kel/Limk1/Fn1/Sema4d/Epha7/Tiam1/Cdh1"
"GOBP_VITAMIN_TRANSPORT",0.967598757212605,0.979861433270776,0.0164105595408173,0.180664648056553,0.632470430373064,31,"Slc2a4/Abcd4/Slc47a1/Slc52a2/Slc2a8/Cd320/Slc52a3"
"GOBP_NEURON_CELLULAR_HOMEOSTASIS",0.967626542657843,0.979861433270776,0.013290421803725,-0.180917982988699,-0.627957292047321,37,"Atp6v0c/Hexb"
"GOBP_CELLULAR_COMPONENT_MAINTENANCE",0.967875089734386,0.979861433270776,0.0133359770379118,-0.178692014044499,-0.62672896864541,39,"App/Nedd9/Cd177/Arf6"
"GOBP_NEURAL_TUBE_DEVELOPMENT",0.96795507102742,0.979861433270776,0.0121279114341828,-0.16915707311762,-0.71340744294313,98,"Bmp5/Pkd1/Med12/Traf6/Kdm2b/Cited2/Casp3/Lrp2/Luzp1/Epha2/Kat5/Sema3c/Tsc2/Dchs1/Nckap1/Bmi1/Kif20b/Ift122/Sec24b/Psen1"
"GOBP_MODULATION_BY_SYMBIONT_OF_ENTRY_INTO_HOST",0.968464265721217,0.979936546126459,0.0138905230977327,-0.198125689565741,-0.571491791817223,17,"Tmprss4"
"GOBP_POSTSYNAPTIC_SPECIALIZATION_ORGANIZATION",0.968863142650253,0.979936546126459,0.0134463895515486,-0.182585954139225,-0.622396178877592,34,"Nptx1/Crk/Arf6/Shank3"
"GOBP_SENSORY_ORGAN_MORPHOGENESIS",0.968994725906984,0.979936546126459,0.0116272138719506,-0.165907179439544,-0.746289742283788,152,"Tspan12/Ctnnb1/Adamts9/Kdm2b/Cited2/Insig1/Fgf2/Nipbl/Fat3/Cep290/Rac1/Rp1/Fzd5/Sp3/Col8a2/Fbn1/Prkci/Epha2/Yy1/Crb1/Aqp1/Vegfa/Jag1/Efemp1/Hipk2/Itga8/Frs2/Lrp5/Ift122/Sec24b/Man2a1/Gnat1"
"GOBP_MONOATOMIC_ANION_TRANSPORT",0.970660146699266,0.980785227369301,0.0177824027052288,0.166861810908184,0.714019182958123,79,"Fxyd1/Clic3/Vdac1/Mcoln1/Ucp2/Slc4a3/Slc12a9/Clcn6/Slc17a5/Vdac2"
"GOBP_PROTEIN_N_LINKED_GLYCOSYLATION_VIA_ASPARAGINE",0.970663265306122,0.980785227369301,0.0135140981583095,-0.184846291632435,-0.5985586047058,27,"Stt3a/Alg11/Alg10b/Mgat2/Rft1"
"GOBP_MODIFICATION_OF_POSTSYNAPTIC_STRUCTURE",0.970800221770468,0.980785227369301,0.0137162693627347,-0.185852313580912,-0.577918861969195,23,"Rhoa/Rap1b"
"GOBP_SMOOTHENED_SIGNALING_PATHWAY",0.971225457007448,0.980889391903044,0.0124354068268193,-0.16785591143346,-0.689506635331088,85,"Ndst1/Herc4/Tgfbr2/Disp2/Gpc3/Dzip1/Kctd21/Ttc21b/Gorab/Hipk2/Cenpj/Dync2h1/Ift122/Runx2/Rb1/Tbc1d32/Rpgrip1l/Vcp/Arl6"
"GOBP_PROTEIN_CATABOLIC_PROCESS_IN_THE_VACUOLE",0.972035794183445,0.98118941330716,0.0138239038816705,-0.190984046012422,-0.565048469665971,19,"Lamp2/Lrp2/Vps13a/Laptm4b/Mgat3"
"GOBP_RESPONSE_TO_PH",0.97296793437733,0.98118941330716,0.0138100618194091,-0.200590427733148,-0.559441458963074,15,"Arsb/Gpld1/Ctss/Chp1/Gpr4"
"GOBP_ESTABLISHMENT_OF_TISSUE_POLARITY",0.973017926446128,0.98118941330716,0.013683303584327,-0.183412921495619,-0.570333426680999,23,"Pafah1b1/Exoc5/Astn2/Sec24b/Jhy/Rpgrip1l/Wdr1/Wdpcp/Ttc8/Pkhd1"
"GOBP_MEIOSIS_I_CELL_CYCLE_PROCESS",0.973080524344569,0.98118941330716,0.0171062530194721,0.16722648462135,0.678095569859224,60,"Pttg1/Mapk15/Klhdc3/Mus81/BC005624/Slc2a8/P3h4/Dnmt3l/Sirt7/Hsf2bp/Zscan21/Rnf212b"
"GOBP_POSTSYNAPTIC_DENSITY_ORGANIZATION",0.973133670997578,0.98118941330716,0.0162151573270717,0.178889033568108,0.611587541627719,28,"Lrrc4b/Prickle1/Fgfr1/Syngap1/Cfl1/Ntrk3/Ptprs/Nlgn2/Tmem108/Itgb3/Cdh2/Ppfia2/Zmynd8"
"GOBP_RETINOL_METABOLIC_PROCESS",0.97427293064877,0.982012934070011,0.0137907041780688,-0.189086283207959,-0.559433718115569,19,"Dhrs9"
"GOBP_CALCIUM_ION_IMPORT_ACROSS_PLASMA_MEMBRANE",0.978007761966365,0.985451235998538,0.0136093889342466,-0.178915812764546,-0.556349398664679,23,"Cacna1d/Ms4a1/Slc24a4"
"GOBP_VITAMIN_METABOLIC_PROCESS",0.978769601930036,0.985892635751558,0.01746334123993,0.16461853750798,0.685390110776165,68,"Slc25a42/Atp1a2/Rbp1/Slc25a16/Mmab/Abcd4/Clybl/Fpgs/Cbr1/Slc52a2/Fgfr1/Rlbp1/Cd320/Slc52a3/Mthfd1/Mthfs/Gsto1/Rbp2"
"GOBP_PERIPHERAL_NERVOUS_SYSTEM_AXON_ENSHEATHMENT",0.979858581529891,0.986663155012737,0.0157183423226054,0.18364418938307,0.559379486232368,18,"Ntrk2/Ntrk3/Myoc/Ndrg1/Akt1/Akt2/Itgb4/Ncmap/Sirt2/Fa2h/Arhgef10/Ppp3r1/Pard3/Sh3tc2/Dag1/Plec/Ilk/Dicer1"
"GOBP_NEGATIVE_REGULATION_OF_DNA_BIOSYNTHETIC_PROCESS",0.980457844779453,0.98694021069535,0.0136750732338868,-0.179506874786315,-0.545312862182684,21,"Dusp1/Sox7/Dnajc2/Hnrnpc/Hnrnpu/Cdkn1a/Dach1/Exosc10"
"GOBP_CELLULAR_RESPONSE_TO_XENOBIOTIC_STIMULUS",0.9818407960199,0.987532187271655,0.0178681189437375,0.158387023518847,0.697725582712858,93,"Uchl1/Cyp2a5/Kcnh2/Sox10/Cyp2u1/Gas6/Guk1/Ppp1r9b/Gstm2/Grin1/Cbr1/Gstm7/Nr1i2/Cyp46a1/Fmo4/Adssl1/Prkce/Rorc/Cyp2d22/Gstm4/Ankrd1"
"GOBP_REGULATION_OF_OLIGODENDROCYTE_DIFFERENTIATION",0.981853532080363,0.987532187271655,0.0158073040653762,0.179217001983124,0.56680789701298,21,"Id4/Id2/Ptn/Il34/Dusp15/Hdac1/Hes1"
"GOBP_PRIMARY_ALCOHOL_METABOLIC_PROCESS",0.982018871283603,0.987532187271655,0.0130092560011828,-0.169253626632123,-0.6004665636943,41,"Bmp5/Dhrs9/Dgkq/Bmp2/Aldh3a2/Aldh1a7/Rdh12/Gde1/Napepld"
"GOBP_REGULATION_OF_SYNAPSE_ASSEMBLY",0.982441330406888,0.987548754875488,0.0122306679518429,-0.161665622925338,-0.669225401804917,89,"App/Flrt3/Ctnnb1/Robo2/Arf6/Rtn4/Rac1/Cyfip2/Agrn/Ptpn1/Senp1/Rap2a/Negr1/Ptpn13/Farp1/Dock10/Dock1/Eif4g1/Clstn1/Six4/Pum2"
"GOBP_ANTIMICROBIAL_HUMORAL_IMMUNE_RESPONSE_MEDIATED_BY_ANTIMICROBIAL_PEPTIDE",0.982683982683983,0.987548754875488,0.0165683370223268,0.165503142795229,0.616549595920839,40,"Romo1/Fau/Lgals4"
"GOBP_NEGATIVE_REGULATION_OF_DEVELOPMENTAL_GROWTH",0.984611742424242,0.989159602666387,0.0170992122670336,0.162045019895723,0.643419345943525,55,"Spp1/Sema6c/Cdk5/Fxn/Mt3/Cav3/Tbx5/Nrp1/Mag/Cfl1/Fgf13/Ptprs/Sema4f/Rbp4/Fgfr3/Mapk11/Ryk/Hdac6/Draxin/Jarid2/Atg16l1"
"GOBP_MATURATION_OF_5_8S_RRNA",0.987012987012987,0.990703359069317,0.0135331094635451,-0.172578639096293,-0.518326685794381,20,"Utp20/Rrs1/Rcl1/Las1l/Wdr12/Eri1/Nsa2/Exosc10/Rrp15/Eif6"
"GOBP_ACUTE_INFLAMMATORY_RESPONSE_TO_ANTIGENIC_STIMULUS",0.987032634536417,0.990703359069317,0.015737355899145,0.183604738137738,0.535693507228855,16,"Park7"
"GOBP_EXCRETION",0.987124463519313,0.990703359069317,0.0136148519175034,-0.179265328904988,-0.517089249007366,17,"Lipa/Stc1/Chrna7/Npr1/Umod/Ednrb/Chrnb2/Atp6v0a4/Cln3"
"GOBP_GLOMERULUS_DEVELOPMENT",0.987595250753145,0.990849271348708,0.0128600438162726,-0.162116173462537,-0.58078581150822,43,"Col4a3/Enpep/Cd24a/Iqgap1/Aqp1/Jag1/Wt1/Plce1/Gpr4/Col4a4/Ext1/Ret/Sulf1/Podxl/Ednrb"
"GOBP_CALCIUM_ION_IMPORT",0.988072268023154,0.991001336011365,0.01270440691291,-0.159370019022577,-0.58139789352014,46,"Ctnnb1/Cask/Cacna1d/Ms4a1"
"GOBP_INTERMEDIATE_FILAMENT_ORGANIZATION",0.990020328959527,0.992331873928788,0.0134328829860596,-0.16680000071606,-0.518674557948504,23,"Krt83/Agfg1/Krt23/Plec/Mtm1/Eppk1/Krt79/Pkp2/Agfg2/Vim"
"GOBP_PHOTORECEPTOR_CELL_DIFFERENTIATION",0.990050651230101,0.992331873928788,0.0131227243012679,-0.162009875269375,-0.548715334789706,33,"Cep290/Rp1/Prkci/Crb1/Vegfa/Gnat1/Rpgr/Rpgrip1l/Mfsd2a/Ttc8/Stat3/Poc5/Bbs4/Rpgrip1/Crb2"
"GOBP_CENTROMERE_COMPLEX_ASSEMBLY",0.990883720930233,0.992840056015978,0.0135168126347359,-0.171803284409397,-0.488335496183197,16,"H3f3a/Cenpf/Pogz/Rb1"
"GOBP_CELL_JUNCTION_MAINTENANCE",0.992290748898678,0.993922806051472,0.0159354285272586,0.161221779486304,0.53407003413154,25,"Rab3a"
"GOBP_MITOCHONDRIAL_RNA_METABOLIC_PROCESS",0.993018259935553,0.994324433246879,0.0129279385303377,-0.154136864228458,-0.538301604321049,38,"Pde12/Kansl1/Mettl4/Prkaa1/Gars/Kat8/Yars2/Mettl8/Trmt10c"
"GOBP_INTRINSIC_APOPTOTIC_SIGNALING_PATHWAY_IN_RESPONSE_TO_DNA_DAMAGE",0.994451145958987,0.995298322230439,0.0172300984198488,0.148181799108338,0.616955667589699,68,"Nfatc4/Mif/Xpa/Bax/Crip1/Pycard/Zfp385a/Ier3/Bbc3"
"GOBP_CELL_CYCLE_G2_M_PHASE_TRANSITION",0.994644595910419,0.995298322230439,0.0173587499484506,0.145655809538782,0.635027263845448,87,"Cdk10/Fzr1/Chfr/Stox1/Babam2/Syf2/Miip/Aven/Foxo4/Ier3/Cdk4/Usp50/Nop53/Zfyve19/Dnm2/Smarcd3"
"GOBP_INTRINSIC_APOPTOTIC_SIGNALING_PATHWAY_IN_RESPONSE_TO_DNA_DAMAGE_BY_P53_CLASS_MEDIATOR",0.998227735932654,0.998555668828821,0.0159322103526782,0.147461002128751,0.497893577438085,27,"Mif/Pycard/Zfp385a/Bbc3"
"GOBP_TRNA_MODIFICATION",0.9995223310246,0.9995223310246,0.0170080331261637,0.133232061126671,0.548883000991885,65,"2210016F16Rik/Dus3l/Trmt112/Ankrd16/Elp2/Ctu2/Trmt12/Trmt1/Dus2/Dus1l/Mtfmt/Nat10/Trit1/Qtrt1/Rpusd4/Dtwd1/Akt1"
