"ID","Description","GeneRatio","BgRatio","RichFactor","FoldEnrichment","zScore","pvalue","p.adjust","qvalue","geneID","Count"
"GO:0042026","protein refolding","10/325","17/11892",0.588235294117647,21.5239819004525,14.1941626275066,3.32613815693417e-12,1.22601452464593e-08,1.00099252533419e-08,"Hspb1/Hspd1/Dnaja1/Hspa8/Hspa1b/Dnaja4/Cryab/Hsp90aa1/B2m/Hspa5",10
"GO:0009266","response to temperature stimulus","17/325","111/11892",0.153153153153153,5.60399168399168,8.1685588859927,7.7505014823143e-09,1.3240094005792e-05,1.08100147821228e-05,"Hspb1/Bag3/Dnajb1/Chordc1/Hspd1/Dnaja1/Hspa8/Hspa1b/Hsp90ab1/Dnaja4/Lrp11/Cryab/Ptgs2/Hsp90aa1/Hmgcs2/Pcsk1n/Rbm3",17
"GO:0061077","chaperone-mediated protein folding","11/325","42/11892",0.261904761904762,9.58329670329671,9.34028434391607,1.07759853546869e-08,1.3240094005792e-05,1.08100147821228e-05,"Hsph1/Hspb1/Dnajb1/Chordc1/Hspa8/Hspa1b/Hsp90ab1/Dnajb4/Cd74/Hspa5/Fkbp4",11
"GO:0006457","protein folding","17/325","117/11892",0.145299145299145,5.31660749506903,7.86494220708931,1.75257880012982e-08,1.52829253350441e-05,1.24779060264703e-05,"Hsph1/Hspb1/Dnajb1/Chordc1/Hspd1/Dnaja1/Hspa8/Hspa1b/Hsp90ab1/Dnaja4/Dnajb4/Cryab/Cd74/Hsp90aa1/B2m/Hspa5/Fkbp4",17
"GO:0009408","response to heat","13/325","66/11892",0.196969696969697,7.20727272727273,8.47606659009593,2.07310435906729e-08,1.52829253350441e-05,1.24779060264703e-05,"Hspb1/Bag3/Dnajb1/Chordc1/Dnaja1/Hspa8/Hspa1b/Hsp90ab1/Dnaja4/Lrp11/Cryab/Ptgs2/Hsp90aa1",13
"GO:0001819","positive regulation of cytokine production","28/325","337/11892",0.0830860534124629,3.0401826067108,6.36853468583558,1.58874974084716e-07,8.63987358658874e-05,7.05411616759209e-05,"Hspb1/Hspd1/Ereg/Hspa1b/Cd36/Il1b/Thbs1/Irf7/C5ar1/Adra2a/Ido1/Ptgs2/Isg15/Sulf2/Pde4b/Cd74/Hsp90aa1/Oas1g/Lpl/Nmb/H2-T23/Slc7a5/B2m/Icosl/Bsg/Ulbp1/Tnfrsf1a/Abl2",28
"GO:0051085","chaperone cofactor-dependent protein refolding","7/325","17/11892",0.411764705882353,15.0667873303167,9.7284371025811,1.64077903163649e-07,8.63987358658874e-05,7.05411616759209e-05,"Hsph1/Dnajb1/Hspa8/Hspa1b/Dnajb4/Cd74/Hspa5",7
"GO:0007159","leukocyte cell-cell adhesion","23/325","271/11892",0.0848708487084871,3.10548963951178,5.87701103033578,1.46503651574812e-06,0.000675015574630944,0.000551123605068929,"Hsph1/Hspb1/Hspd1/Il1b/Thbs1/Tfrc/Ido1/Ada/Slc4a2/Lgals1/Erbb2/Cd74/Hsp90aa1/L1cam/H2-T23/Stk10/Ezr/Ywhag/B2m/Icosl/Chst4/Ppara/Abl2",23
"GO:0051084","'de novo' post-translational protein folding","7/325","23/11892",0.304347826086957,11.1363210702341,8.15600932805479,1.79529144394121e-06,0.000735271584707477,0.000600320261781043,"Hsph1/Dnajb1/Hspa8/Hspa1b/Dnajb4/Cd74/Hspa5",7
"GO:0051604","protein maturation","26/325","348/11892",0.0747126436781609,2.73379310344828,5.50236297687427,3.31848998230706e-06,0.00108730073044956,0.00088773818098503,"Hsph1/Hspb1/Dnajb1/Chordc1/Hspd1/Dnaja1/Hspa8/Hspa1b/Serpinh1/Hsp90ab1/Dnaja4/Thbs1/Dnajb4/Gzmb/Cryab/Pgap1/Ctse/Cd74/Hsp90aa1/Cwh43/B2m/Cpe/Hspa5/Pcsk1n/Pigz/Fkbp4",26
"GO:0006458","'de novo' protein folding","7/325","25/11892",0.28,10.2454153846154,7.75651190915899,3.35812945523769e-06,0.00108730073044956,0.00088773818098503,"Hsph1/Dnajb1/Hspa8/Hspa1b/Dnajb4/Cd74/Hspa5",7
"GO:0070841","inclusion body assembly","6/325","17/11892",0.352941176470588,12.9143891402715,8.23986192760594,3.81767124752685e-06,0.00108730073044956,0.00088773818098503,"Dnajb1/Hspa1b/Dnaja4/Psap/Hsp90aa1/Ubd",6
"GO:0050778","positive regulation of immune response","32/325","487/11892",0.0657084188911704,2.40432159216553,5.30424910109188,3.83475569610532e-06,0.00108730073044956,0.00088773818098503,"Hspd1/Ereg/Hspa8/Btnl6/Hspa1b/H2-K1/H2-Q2/Wdfy1/Cd36/Il1b/Irf7/C5ar1/Tfrc/Ido1/Ada/Pde4b/Rnf31/Igtp/Hexim1/C1qa/Cd74/Ddx60/Hsp90aa1/Oas1g/Smpdl3b/H2-T23/Themis/Ezr/Ywhag/B2m/Icosl/Ulbp1",32
"GO:0042742","defense response to bacterium","19/325","209/11892",0.0909090909090909,3.32643356643357,5.68757468204783,4.50788365578857e-06,0.0011551795927042,0.00094315859597947,"H2-K1/Cd36/Sprr2a1/Il1b/C5ar1/Gzmb/Isg15/Zg16/Rnf31/Igtp/Trf/Aqp1/Oas1g/H2-T23/Scd1/Anxa3/Jchain/B2m/Tnfrsf1a",19
"GO:0032103","positive regulation of response to external stimulus","29/325","422/11892",0.0687203791469194,2.51453153481589,5.30998554959122,4.70094788132474e-06,0.0011551795927042,0.00094315859597947,"Hspb1/Hspd1/Ereg/Hspa8/Hspa1b/Wdfy1/Cd36/Il1b/Thbs1/Irf7/C5ar1/Ido1/Creb3/Ptgs2/Lgals1/Rnf31/Igtp/Camk2n1/Ccl7/Hexim1/Cd74/Ddx60/Hsp90aa1/Oas1g/Lpl/Smpdl3b/H2-T23/Ulbp1/Tnfrsf1a",29
"GO:0022600","digestive system process","10/325","64/11892",0.15625,5.71730769230769,6.34262501267651,8.27190306193162e-06,0.0019056396678925,0.00155587966145148,"Cldn2/Tymp/Cd36/Tff3/Htr4/Vil1/Aqp1/Ezr/Fabp2/Lpcat3",10
"GO:0002821","positive regulation of adaptive immune response","12/325","96/11892",0.125,4.57384615384615,5.89311057450342,1.130806901064e-05,0.00232091560645691,0.00189493609357178,"Hspd1/Hspa8/H2-K1/H2-Q2/Il1b/Tfrc/Ada/Cd74/H2-T23/Ywhag/B2m/Ulbp1",12
"GO:0002711","positive regulation of T cell mediated immunity","9/325","53/11892",0.169811320754717,6.21352685050798,6.37606214552399,1.16942216112761e-05,0.00232091560645691,0.00189493609357178,"Hspd1/Hspa8/H2-K1/H2-Q2/Il1b/H2-T23/Ywhag/B2m/Ulbp1",9
"GO:0034605","cellular response to heat","8/325","41/11892",0.195121951219512,7.13966228893058,6.60084317946883,1.24166422742736e-05,0.00232091560645691,0.00189493609357178,"Bag3/Dnajb1/Chordc1/Hspa8/Hspa1b/Hsp90ab1/Ptgs2/Hsp90aa1",8
"GO:0045471","response to ethanol","12/325","97/11892",0.123711340206186,4.52669310071372,5.84581496877453,1.25931394815893e-05,0.00232091560645691,0.00189493609357178,"Hspa8/Cdo1/Fosb/mt-Nd4/Ccl7/Hmgcs2/Tnc/Arc/Slc23a2/mt-Cytb/Aldh1a1/Ppara",12
"GO:0031349","positive regulation of defense response","24/325","332/11892",0.072289156626506,2.64511584800741,5.09597293964647,1.38983414212843e-05,0.00243948983232638,0.00199174727435849,"Hspd1/Ereg/Hspa8/Hspa1b/Wdfy1/Cd36/Il1b/Irf7/Ido1/Ptgs2/Lgals1/Rnf31/Igtp/Camk2n1/Hexim1/Cd74/Ddx60/Hsp90aa1/Oas1g/Lpl/Smpdl3b/H2-T23/Ulbp1/Tnfrsf1a",24
"GO:0007586","digestion","10/325","70/11892",0.142857142857143,5.22725274725275,5.94568997068062,1.8737893719955e-05,0.00313944892053427,0.00256323627489719,"Cldn2/Tymp/Cd36/Tff3/Htr4/Vil1/Aqp1/Ezr/Fabp2/Lpcat3",10
"GO:0014074","response to purine-containing compound","12/325","102/11892",0.117647058823529,4.3047963800905,5.61860358360591,2.11235799928632e-05,0.00338528329798669,0.00276395035238425,"Il1b/Cdo1/Fosb/Ada/Ptgs2/Pklr/Prkaa2/Aqp1/Thbd/Hmgcs2/Ezr/Bsg",12
"GO:0045429","positive regulation of nitric oxide biosynthetic process","7/325","34/11892",0.205882352941176,7.53339366515837,6.39459531078322,3.04121328815731e-05,0.00467079674172826,0.00381352139949199,"Hsp90ab1/Cd36/Il1b/Ptgs2/Hsp90aa1/Dnm2/Ulbp1",7
"GO:0097305","response to alcohol","17/325","201/11892",0.0845771144278607,3.09474167623421,5.02045610242609,3.66714331186051e-05,0.00512898073005671,0.00418761056265018,"Hspa8/Adra2a/Cdo1/Fosb/mt-Nd4/Ccl7/Prkaa2/Btg2/Hmgcs2/Tnc/Arc/Slc23a2/mt-Cytb/Aldh1a1/Inhba/Gramd1b/Ppara",17
"GO:0002819","regulation of adaptive immune response","14/325","144/11892",0.0972222222222222,3.5574358974359,5.1754073257978,3.92396399772433e-05,0.00512898073005671,0.00418761056265018,"Hspd1/Hspa8/H2-K1/H2-Q2/Il1b/Irf7/Tfrc/Ada/Lgals1/Cd74/H2-T23/Ywhag/B2m/Ulbp1",14
"GO:0002824","positive regulation of adaptive immune response based on somatic recombination of immune receptors built from immunoglobulin superfamily domains","11/325","92/11892",0.119565217391304,4.37498327759197,5.44709610312241,4.00198422151831e-05,0.00512898073005671,0.00418761056265018,"Hspd1/Hspa8/H2-K1/H2-Q2/Il1b/Tfrc/Ada/H2-T23/Ywhag/B2m/Ulbp1",11
"GO:0015849","organic acid transport","18/325","224/11892",0.0803571428571429,2.94032967032967,4.91407551337221,4.29047710556101e-05,0.00512898073005671,0.00418761056265018,"Cldn2/Cd36/Il1b/Thbs1/Slc10a2/Slc6a8/Ptgs2/Psap/Slc13a2/Slc1a4/Slc43a1/Nmb/Slc47a1/Slc29a4/Fabp2/Cyp4a10/Slc7a5/Slc23a2",18
"GO:1903037","regulation of leukocyte cell-cell adhesion","19/325","245/11892",0.0775510204081633,2.83765149136578,4.87169014595996,4.29831416161744e-05,0.00512898073005671,0.00418761056265018,"Hsph1/Hspb1/Hspd1/Il1b/Tfrc/Ido1/Ada/Slc4a2/Lgals1/Erbb2/Cd74/Hsp90aa1/H2-T23/Ywhag/B2m/Icosl/Chst4/Ppara/Abl2",19
"GO:0006664","glycolipid metabolic process","9/325","62/11892",0.145161290322581,5.31156327543424,5.70530332424874,4.31357576320559e-05,0.00512898073005671,0.00418761056265018,"Gal3st2/Pgap1/Psap/B4galt5/Cwh43/Galc/St3gal6/Pigz/B3galt1",9
"GO:1903509","liposaccharide metabolic process","9/325","62/11892",0.145161290322581,5.31156327543424,5.70530332424874,4.31357576320559e-05,0.00512898073005671,0.00418761056265018,"Gal3st2/Pgap1/Psap/B4galt5/Cwh43/Galc/St3gal6/Pigz/B3galt1",9
"GO:1904407","positive regulation of nitric oxide metabolic process","7/325","36/11892",0.194444444444444,7.11487179487179,6.15899729454493,4.50269898726366e-05,0.00518654639595433,0.00423461065940356,"Hsp90ab1/Cd36/Il1b/Ptgs2/Hsp90aa1/Dnm2/Ulbp1",7
"GO:0010038","response to metal ion","19/325","248/11892",0.0766129032258065,2.80332506203474,4.81048940764771,5.07376399826387e-05,0.00566724063563655,0.00462707855535451,"Hspa8/Thbs1/Dpep1/Calm1/Glud1/Tfrc/Fosb/Ptgs2/Trf/Prkaa2/Aqp1/Slc13a2/Jun/Mcoln1/Hmgcs2/Lta4h/mt-Cytb/B2m/Bsg",19
"GO:0042306","regulation of protein import into nucleus","8/325","50/11892",0.16,5.85452307692308,5.7657996304986,5.63315361742797e-05,0.00610700124524691,0.00498612575610729,"Bag3/Hsp90ab1/Cd36/Ptgs2/Pik3r2/Hsp90aa1/Cwh43/Tnfrsf1a",8
"GO:0006643","membrane lipid metabolic process","13/325","131/11892",0.099236641221374,3.63114503816794,5.07573352577265,5.97297535997162e-05,0.0062903963362444,0.00513586061779214,"Gal3st2/Pgap1/Psap/Plpp1/B4galt5/Cwh43/Smpdl3b/Galc/St3gal6/B3gnt5/Pigz/B3galt1/Tnfrsf1a",13
"GO:0050892","intestinal absorption","6/325","27/11892",0.222222222222222,8.13128205128205,6.21807744422845,7.24670707895948e-05,0.00741982285917907,0.00605799284758631,"Cldn2/Cd36/Vil1/Ezr/Fabp2/Lpcat3",6
"GO:0070371","ERK1 and ERK2 cascade","16/325","194/11892",0.0824742268041237,3.01779540047581,4.74966179652896,8.37937352003645e-05,0.00834766778239307,0.00681554164830276,"Dusp1/Cd36/Il1b/Ptprr/C5ar1/Epha4/Atp6v0c/Trf/Erbb2/Cd74/Jun/L1cam/Spry4/Ezr/Inhba/Abl2",16
"GO:0010575","positive regulation of vascular endothelial growth factor production","5/325","18/11892",0.277777777777778,10.1641025641026,6.52181047015521,9.44772782560782e-05,0.00916429599083958,0.00748228638598691,"Il1b/C5ar1/Ptgs2/Sulf2/Bsg",5
"GO:0046683","response to organophosphorus","10/325","86/11892",0.116279069767442,4.25474060822898,5.07755598849397,0.000113676973245951,0.0104828953345256,0.00855887076603038,"Il1b/Cdo1/Fosb/Ptgs2/Pklr/Aqp1/Thbd/Hmgcs2/Ezr/Bsg",10
"GO:0070372","regulation of ERK1 and ERK2 cascade","15/325","179/11892",0.0837988826815642,3.06626557799742,4.66894853631505,0.000116452487461596,0.0104828953345256,0.00855887076603038,"Dusp1/Cd36/Il1b/Ptprr/C5ar1/Epha4/Atp6v0c/Erbb2/Cd74/Jun/L1cam/Spry4/Ezr/Inhba/Abl2",15
"GO:0032102","negative regulation of response to external stimulus","18/325","242/11892",0.0743801652892562,2.72162746344565,4.53549199205043,0.000116603013758966,0.0104828953345256,0.00855887076603038,"Dusp1/Thbs1/Nr1d2/Epha4/Ada/Isg15/Rb1/Igtp/Cd96/Oas1g/Thbd/Samhd1/Smpdl3b/Padi2/H2-T23/Lpcat3/Tnfrsf1a/Ppara",18
"GO:0046942","carboxylic acid transport","17/325","221/11892",0.0769230769230769,2.81467455621302,4.56437538415626,0.000119760028592291,0.0105103682235996,0.00858130129687618,"Cldn2/Cd36/Il1b/Thbs1/Slc10a2/Slc6a8/Ptgs2/Psap/Slc13a2/Slc1a4/Slc43a1/Nmb/Slc47a1/Fabp2/Cyp4a10/Slc7a5/Slc23a2",17
"GO:0001913","T cell mediated cytotoxicity","7/325","42/11892",0.166666666666667,6.09846153846154,5.54811072387374,0.000126428931561484,0.0106942830322242,0.00873146048751433,"Hspa8/H2-K1/H2-Q2/Gzmb/H2-T23/B2m/Ulbp1",7
"GO:0002709","regulation of T cell mediated immunity","9/325","71/11892",0.126760563380282,4.63826652221018,5.15391294042009,0.000127658289044456,0.0106942830322242,0.00873146048751433,"Hspd1/Hspa8/H2-K1/H2-Q2/Il1b/H2-T23/Ywhag/B2m/Ulbp1",9
"GO:0009615","response to virus","18/325","245/11892",0.073469387755102,2.68830141287284,4.47575690774207,0.000136258711248454,0.0111611024369289,0.00911260012770363,"Hspb1/Il1b/Irf7/Creb3/Isg15/Ifi27l2b/Igtp/Ddx60/Hsp90aa1/Rrp1b/Oas1g/Rtp4/Samhd1/Nmb/Gtf2f1/Ifit1/Tgtp1/Rpsa",18
"GO:0001959","regulation of cytokine-mediated signaling pathway","10/325","89/11892",0.112359550561798,4.11132238547969,4.93837784609912,0.000151868759066697,0.0119687426285284,0.00977200650397309,"Hspa1b/Irf7/Isg15/Igtp/Cd74/Oas1g/Hipk1/Samhd1/Padi2/Tnfrsf1a",10
"GO:0019882","antigen processing and presentation","9/325","73/11892",0.123287671232877,4.51119072708114,5.04389441573617,0.000158640987862178,0.0119687426285284,0.00977200650397309,"H2-K1/H2-Q2/Thbs1/Psap/Ctse/Cd74/H2-T23/B2m/Ulbp1",9
"GO:0002428","antigen processing and presentation of peptide antigen via MHC class Ib","5/325","20/11892",0.25,9.14769230769231,6.11263094787363,0.000163435709284506,0.0119687426285284,0.00977200650397309,"H2-K1/H2-Q2/H2-T23/B2m/Ulbp1",5
"GO:0001916","positive regulation of T cell mediated cytotoxicity","6/325","31/11892",0.193548387096774,7.08208436724566,5.6834642998145,0.000164382726967988,0.0119687426285284,0.00977200650397309,"Hspa8/H2-K1/H2-Q2/H2-T23/B2m/Ulbp1",6
"GO:0002831","regulation of response to biotic stimulus","23/325","364/11892",0.0631868131868132,2.31205409974641,4.26153395137372,0.000165601159537424,0.0119687426285284,0.00977200650397309,"Hspd1/Ereg/Hspa8/Hspa1b/Wdfy1/Cd36/Il1b/Irf7/Creb3/Isg15/Rnf31/Igtp/Hexim1/Cd96/Cd74/Ddx60/Hsp90aa1/Oas1g/Samhd1/Smpdl3b/H2-T23/Ywhag/Ulbp1",23
"GO:0031667","response to nutrient levels","23/325","364/11892",0.0631868131868132,2.31205409974641,4.26153395137372,0.000165601159537424,0.0119687426285284,0.00977200650397309,"Hspa8/Upp1/Tfrc/Lrp11/Htr4/Ada/Bmp8b/Ptgs2/Prkaa2/Jun/Lpl/Hmgcs2/Tnc/Nenf/Scd1/Slc7a5/Foxa3/mt-Cytb/Inhba/Ywhag/Hspa5/Pcsk1n/Ppara",23
"GO:0035456","response to interferon-beta","7/325","45/11892",0.155555555555556,5.69189743589744,5.2855608238362,0.000198246689665361,0.0140526403482023,0.0114734268371107,"Calm1/Xaf1/Igtp/Oas1g/Ube2g2/Ifit1/Tgtp1",7
"GO:0009612","response to mechanical stimulus","13/325","149/11892",0.087248322147651,3.19248322147651,4.51419571853271,0.000221466152416215,0.0150353008579206,0.0122757304031742,"Bag3/Il1b/Thbs1/Fosb/Lrp11/Ptgs2/Abhd12/Aqp1/Jun/Btg2/Tnc/Tnfrsf1a/Abl2",13
"GO:0043434","response to peptide hormone","22/325","348/11892",0.0632183908045977,2.31320954907162,4.16759969186542,0.000227747706974774,0.0150353008579206,0.0122757304031742,"Cacybp/Ereg/Il1b/Epha4/Cdo1/Nr4a1/Ptgs2/Pklr/Rb1/Erbb2/Pik3r2/Nr4a2/Lpl/Btg2/Hmgcs2/Lta4h/mt-Cytb/Inhba/Trib3/Ywhag/Bsg/Ppara",22
"GO:0009247","glycolipid biosynthetic process","7/325","46/11892",0.152173913043478,5.56816053511706,5.20325261909004,0.00022842562345186,0.0150353008579206,0.0122757304031742,"Gal3st2/Pgap1/B4galt5/Cwh43/St3gal6/Pigz/B3galt1",7
"GO:0048002","antigen processing and presentation of peptide antigen","7/325","46/11892",0.152173913043478,5.56816053511706,5.20325261909004,0.00022842562345186,0.0150353008579206,0.0122757304031742,"H2-K1/H2-Q2/Ctse/Cd74/H2-T23/B2m/Ulbp1",7
"GO:0051591","response to cAMP","8/325","61/11892",0.131147540983607,4.798789407314,4.98585806330305,0.000238076441744877,0.0150502043911642,0.0122878985505151,"Cdo1/Fosb/Pklr/Aqp1/Thbd/Hmgcs2/Ezr/Bsg",8
"GO:0002456","T cell mediated immunity","10/325","94/11892",0.106382978723404,3.89263502454992,4.71947699588639,0.000239409890716743,0.0150502043911642,0.0122878985505151,"Hspd1/Hspa8/H2-K1/H2-Q2/Il1b/Gzmb/H2-T23/Ywhag/B2m/Ulbp1",10
"GO:0015711","organic anion transport","19/325","280/11892",0.0678571428571429,2.48294505494505,4.20911764527089,0.000250525119224113,0.0150502043911642,0.0122878985505151,"Cldn2/Cd36/Il1b/Thbs1/Slc10a2/Slc6a8/Ptgs2/Slc4a2/Psap/Slc13a2/Slc1a4/Slc2a9/Slc43a1/Nmb/Slc47a1/Fabp2/Cyp4a10/Slc7a5/Slc23a2",19
"GO:0060759","regulation of response to cytokine stimulus","10/325","95/11892",0.105263157894737,3.85165991902834,4.67750485250556,0.000261216640104414,0.0150502043911642,0.0122878985505151,"Hspa1b/Irf7/Isg15/Igtp/Cd74/Oas1g/Hipk1/Samhd1/Padi2/Tnfrsf1a",10
"GO:0002822","regulation of adaptive immune response based on somatic recombination of immune receptors built from immunoglobulin superfamily domains","12/325","132/11892",0.0909090909090909,3.32643356643357,4.50520401346826,0.000262765550794683,0.0150502043911642,0.0122878985505151,"Hspd1/Hspa8/H2-K1/H2-Q2/Il1b/Tfrc/Ada/Lgals1/H2-T23/Ywhag/B2m/Ulbp1",12
"GO:1902600","proton transmembrane transport","9/325","78/11892",0.115384615384615,4.22201183431953,4.78538023581683,0.000264448847499019,0.0150502043911642,0.0122878985505151,"mt-Co2/mt-Atp6/mt-Nd4/Atp6v0c/mt-Atp8/mt-Nd1/Slc47a1/mt-Cytb/mt-Co3",9
"GO:0002475","antigen processing and presentation via MHC class Ib","5/325","22/11892",0.227272727272727,8.31608391608392,5.75711840311183,0.000265399697619554,0.0150502043911642,0.0122878985505151,"H2-K1/H2-Q2/H2-T23/B2m/Ulbp1",5
"GO:0002483","antigen processing and presentation of endogenous peptide antigen","5/325","22/11892",0.227272727272727,8.31608391608392,5.75711840311183,0.000265399697619554,0.0150502043911642,0.0122878985505151,"H2-K1/H2-Q2/H2-T23/B2m/Ulbp1",5
"GO:0019885","antigen processing and presentation of endogenous peptide antigen via MHC class I","5/325","22/11892",0.227272727272727,8.31608391608392,5.75711840311183,0.000265399697619554,0.0150502043911642,0.0122878985505151,"H2-K1/H2-Q2/H2-T23/B2m/Ulbp1",5
"GO:0071248","cellular response to metal ion","12/325","133/11892",0.0902255639097744,3.30142278773858,4.47381000627674,0.000281890056852707,0.0156606739700184,0.0127863228946747,"Hspa8/Dpep1/Tfrc/Fosb/Ptgs2/Trf/Prkaa2/Aqp1/Slc13a2/Jun/Mcoln1/B2m",12
"GO:0002708","positive regulation of lymphocyte mediated immunity","10/325","96/11892",0.104166666666667,3.81153846153846,4.63609968786268,0.000284662277805543,0.0156606739700184,0.0127863228946747,"Hspd1/Hspa8/H2-K1/H2-Q2/Il1b/Tfrc/H2-T23/Ywhag/B2m/Ulbp1",10
"GO:0002253","activation of immune response","22/325","354/11892",0.0621468926553672,2.27400260756193,4.07893873983042,0.000289249640899751,0.0156790320052424,0.0128013115066933,"Hspd1/Hspa8/Btnl6/Hspa1b/Wdfy1/Cd36/Il1b/Irf7/C5ar1/Ada/Pde4b/Rnf31/Igtp/Hexim1/C1qa/Ddx60/Hsp90aa1/Oas1g/Smpdl3b/Themis/Ezr/Icosl",22
"GO:0050727","regulation of inflammatory response","17/325","239/11892",0.0711297071129707,2.60269069842292,4.19537026621951,0.0003053517440723,0.0163119786760941,0.0133180875103387,"Il1b/Nr1d2/Ido1/Ada/Ptgs2/Abhd12/Lgals1/Rb1/Igtp/Camk2n1/Lpl/Smpdl3b/Tnc/H2-T23/Lpcat3/Tnfrsf1a/Ppara",17
"GO:0045785","positive regulation of cell adhesion","21/325","333/11892",0.0630630630630631,2.30752598752599,4.05651248074352,0.000326023323023268,0.0169524250662374,0.0138409867391189,"Hsph1/Hspd1/Cd36/Il1b/Thbs1/Epha4/Tfrc/Ada/Lgals1/Erbb2/Pik3r2/Cd74/Hsp90aa1/L1cam/H2-T23/Dnm2/Ywhag/B2m/Icosl/Chst4/Abl2",21
"GO:0046434","organophosphate catabolic process","13/325","155/11892",0.0838709677419355,3.06890322580645,4.34578239065341,0.000326538844195023,0.0169524250662374,0.0138409867391189,"Tymp/Upp1/Ada/Abhd6/Abhd12/Pklr/Prkaa2/Samhd1/Smpdl3b/Entpd3/Pde9a/Nudt5/Ppara",13
"GO:0010574","regulation of vascular endothelial growth factor production","5/325","23/11892",0.217391304347826,7.95451505016722,5.59582606235965,0.000331593081638346,0.0169579052730959,0.0138454611119688,"Il1b/C5ar1/Ptgs2/Sulf2/Bsg",5
"GO:1903039","positive regulation of leukocyte cell-cell adhesion","14/325","176/11892",0.0795454545454545,2.91062937062937,4.28039259624109,0.000335845655164406,0.0169579052730959,0.0138454611119688,"Hsph1/Hspd1/Il1b/Tfrc/Ada/Lgals1/Cd74/Hsp90aa1/H2-T23/Ywhag/B2m/Icosl/Chst4/Abl2",14
"GO:1903825","organic acid transmembrane transport","10/325","99/11892",0.101010101010101,3.6960372960373,4.51514649916136,0.000365808153686966,0.0182212007363535,0.0148768920539265,"Cd36/Thbs1/Slc6a8/Slc13a2/Slc1a4/Slc43a1/Slc47a1/Slc29a4/Slc7a5/Slc23a2",10
"GO:0001914","regulation of T cell mediated cytotoxicity","6/325","36/11892",0.166666666666667,6.09846153846154,5.13525252451909,0.000387648046212476,0.0188009302413051,0.0153502183396325,"Hspa8/H2-K1/H2-Q2/H2-T23/B2m/Ulbp1",6
"GO:0042307","positive regulation of protein import into nucleus","6/325","36/11892",0.166666666666667,6.09846153846154,5.13525252451909,0.000387648046212476,0.0188009302413051,0.0153502183396325,"Bag3/Hsp90ab1/Ptgs2/Pik3r2/Hsp90aa1/Tnfrsf1a",6
"GO:0002478","antigen processing and presentation of exogenous peptide antigen","5/325","24/11892",0.208333333333333,7.62307692307692,5.44398792733095,0.000409561562185899,0.0193544092079131,0.0158021120956745,"H2-K1/Ctse/Cd74/H2-T23/B2m",5
"GO:0019883","antigen processing and presentation of endogenous antigen","5/325","24/11892",0.208333333333333,7.62307692307692,5.44398792733095,0.000409561562185899,0.0193544092079131,0.0158021120956745,"H2-K1/H2-Q2/H2-T23/B2m/Ulbp1",5
"GO:0031348","negative regulation of defense response","13/325","159/11892",0.0817610062893082,2.99169811320755,4.23797159011618,0.000418057725211607,0.0194916498873173,0.0159141636998715,"Nr1d2/Ada/Isg15/Rb1/Igtp/Cd96/Oas1g/Samhd1/Smpdl3b/H2-T23/Lpcat3/Tnfrsf1a/Ppara",13
"GO:0006986","response to unfolded protein","9/325","83/11892",0.108433734939759,3.96767377201112,4.54767212429935,0.000423041777261363,0.0194916498873173,0.0159141636998715,"Hsph1/Hspb1/Bag3/Hspd1/Thbs1/Creb3/Igtp/Hsp90aa1/Hspa5",9
"GO:1901699","cellular response to nitrogen compound","25/325","440/11892",0.0568181818181818,2.07902097902098,3.86594845653588,0.000441971746115823,0.0198680387590141,0.0162214703749669,"Cd36/Il1b/Thbs1/Dpep1/Epha4/Nr4a1/Htr4/Ptgs2/Pklr/Htr3a/Rb1/Gna11/Aqp1/Erbb2/Pik3r2/Nr4a2/Lpl/Hmgcs2/Ezr/Dnm2/Slc7a5/Inhba/Trib3/Ywhag/Castor2",25
"GO:0050870","positive regulation of T cell activation","13/325","160/11892",0.08125,2.973,4.21154603014148,0.000444071632296777,0.0198680387590141,0.0162214703749669,"Hsph1/Hspd1/Il1b/Tfrc/Ada/Lgals1/Cd74/Hsp90aa1/H2-T23/Ywhag/B2m/Icosl/Abl2",13
"GO:0050863","regulation of T cell activation","17/325","247/11892",0.0688259109311741,2.51839302398007,4.04206629520191,0.00044738123087308,0.0198680387590141,0.0162214703749669,"Hsph1/Hspb1/Hspd1/Il1b/Tfrc/Ido1/Ada/Slc4a2/Lgals1/Erbb2/Cd74/Hsp90aa1/H2-T23/Ywhag/B2m/Icosl/Abl2",17
"GO:0032635","interleukin-6 production","10/325","102/11892",0.0980392156862745,3.58733031674208,4.39881363862459,0.000465378244420508,0.0204212405825475,0.0166731378546145,"Hspd1/Ereg/Cd36/Il1b/Zg16/Cd74/Lpl/Nmb/Bsg/Tnfrsf1a",10
"GO:0043065","positive regulation of apoptotic process","24/325","417/11892",0.0575539568345324,2.10594355285003,3.85358678382666,0.00047778990054007,0.0207127791450536,0.0169111675973694,"Hspd1/Dnaja1/Dusp1/Sik1/Il1b/Thbs1/Rnps1/Ido1/Top2a/Nr4a1/Gch1/Ptgs2/Ubb/Lgals1/Plekhf1/Cideb/Fap/Jun/Rrp1b/Ubd/Tnfrsf12a/Aldh1a1/Inhba/Tnfrsf1a",24
"GO:0048545","response to steroid hormone","15/325","204/11892",0.0735294117647059,2.69049773755656,4.08225451815291,0.00048326071798009,0.0207127791450536,0.0169111675973694,"Dnaja1/Hspa8/Cldn4/Zfp366/Cdo1/Fosb/Ptgs2/Aqp1/Jun/Hmgcs2/Padi2/Anxa3/Inhba/Fkbp4/Ppara",15
"GO:0022407","regulation of cell-cell adhesion","20/325","320/11892",0.0625,2.28692307692308,3.91168493609823,0.000505334472309902,0.0212150150411943,0.0173212234065667,"Hsph1/Hspb1/Hspd1/Il1b/Tfrc/Ido1/Ada/Slc4a2/Lgals1/Erbb2/Cd74/Hsp90aa1/L1cam/H2-T23/Ywhag/B2m/Icosl/Chst4/Ppara/Abl2",20
"GO:0046209","nitric oxide metabolic process","8/325","68/11892",0.117647058823529,4.3047963800905,4.58097007048331,0.000506489778520104,0.0212150150411943,0.0173212234065667,"Hsp90ab1/Cd36/Il1b/Ptgs2/Hsp90aa1/Dnm2/Ulbp1/Ppara",8
"GO:0022409","positive regulation of cell-cell adhesion","15/325","206/11892",0.0728155339805825,2.66437640029873,4.0391754737805,0.000535453157964807,0.0221761835984076,0.0181059796407023,"Hsph1/Hspd1/Il1b/Tfrc/Ada/Lgals1/Cd74/Hsp90aa1/L1cam/H2-T23/Ywhag/B2m/Icosl/Chst4/Abl2",15
"GO:0032870","cellular response to hormone stimulus","24/325","421/11892",0.0570071258907363,2.08593458797734,3.80263443184644,0.000547611949167101,0.0224277516069993,0.0183113750019736,"Dnaja1/Il1b/Nr1d2/Zfp366/Epha4/Adra2a/Fosb/Nr4a1/Pklr/Rb1/Prkaa2/Aqp1/Erbb2/Pik3r2/Nr4a2/Lpl/Hmgcs2/Tnc/Padi2/Inhba/Trib3/Ywhag/Fkbp4/Ppara",24
"GO:2001057","reactive nitrogen species metabolic process","8/325","69/11892",0.115942028985507,4.24240802675585,4.52760852192843,0.00055955015853506,0.0226064200439144,0.0184572507369424,"Hsp90ab1/Cd36/Il1b/Ptgs2/Hsp90aa1/Dnm2/Ulbp1/Ppara",8
"GO:0030522","intracellular receptor signaling pathway","16/325","230/11892",0.0695652173913043,2.54544481605351,3.96708406764089,0.000582887265236641,0.0226064200439144,0.0184572507369424,"Dnaja1/Hspa8/Hspa1b/Wdfy1/Cd36/Irf7/Nr1d2/Zfp366/Nr4a1/Igtp/Nr4a2/Ddx60/Oas1g/Padi2/Fkbp4/Ppara",16
"GO:0015718","monocarboxylic acid transport","10/325","105/11892",0.0952380952380952,3.48483516483516,4.28677899959683,0.000586482738854381,0.0226064200439144,0.0184572507369424,"Cldn2/Cd36/Il1b/Thbs1/Slc10a2/Slc6a8/Ptgs2/Nmb/Fabp2/Cyp4a10",10
"GO:0009264","deoxyribonucleotide catabolic process","4/325","15/11892",0.266666666666667,9.75753846153846,5.68872325708442,0.000588772741241395,0.0226064200439144,0.0184572507369424,"Tymp/Upp1/Ada/Samhd1",4
"GO:0038128","ERBB2 signaling pathway","4/325","15/11892",0.266666666666667,9.75753846153846,5.68872325708442,0.000588772741241395,0.0226064200439144,0.0184572507369424,"Ereg/Ptprr/Erbb2/Tgfa",4
"GO:0046386","deoxyribose phosphate catabolic process","4/325","15/11892",0.266666666666667,9.75753846153846,5.68872325708442,0.000588772741241395,0.0226064200439144,0.0184572507369424,"Tymp/Upp1/Ada/Samhd1",4
"GO:0046822","regulation of nucleocytoplasmic transport","9/325","87/11892",0.103448275862069,3.78525198938992,4.3705050456625,0.000600123872925026,0.022804707171151,0.0186191443591172,"Bag3/Hsp90ab1/Cd36/Xpo1/Ptgs2/Pik3r2/Hsp90aa1/Cwh43/Tnfrsf1a",9
"GO:0032760","positive regulation of tumor necrosis factor production","8/325","70/11892",0.114285714285714,4.1818021978022,4.4752491860007,0.000617017940768152,0.0231139419552925,0.0188716223691867,"Hspb1/Hspd1/Cd36/Thbs1/Oas1g/Lpl/H2-T23/Tnfrsf1a",8
"GO:0043068","positive regulation of programmed cell death","24/325","425/11892",0.0564705882352941,2.06630226244344,3.75223812390198,0.00062620583161473,0.0231139419552925,0.0188716223691867,"Hspd1/Dnaja1/Dusp1/Sik1/Il1b/Thbs1/Rnps1/Ido1/Top2a/Nr4a1/Gch1/Ptgs2/Ubb/Lgals1/Plekhf1/Cideb/Fap/Jun/Rrp1b/Ubd/Tnfrsf12a/Aldh1a1/Inhba/Tnfrsf1a",24
"GO:0045428","regulation of nitric oxide biosynthetic process","7/325","54/11892",0.12962962962963,4.74324786324786,4.62111524784672,0.000627073845775704,0.0231139419552925,0.0188716223691867,"Hsp90ab1/Cd36/Il1b/Ptgs2/Hsp90aa1/Dnm2/Ulbp1",7
"GO:0045088","regulation of innate immune response","19/325","302/11892",0.0629139072847682,2.30206826286296,3.84181111869264,0.000641342061217194,0.0234058102737285,0.0191099213446582,"Hspd1/Ereg/Hspa8/Hspa1b/Wdfy1/Cd36/Irf7/Isg15/Igtp/Hexim1/Cd96/Cd74/Ddx60/Hsp90aa1/Oas1g/Samhd1/Smpdl3b/H2-T23/Ulbp1",19
"GO:1903557","positive regulation of tumor necrosis factor superfamily cytokine production","8/325","71/11892",0.112676056338028,4.12290357529794,4.42385763938885,0.000679158848923541,0.0245429364424723,0.0200383400317069,"Hspb1/Hspd1/Cd36/Thbs1/Oas1g/Lpl/H2-T23/Tnfrsf1a",8
"GO:0035458","cellular response to interferon-beta","6/325","40/11892",0.15,5.48861538461538,4.76636251276463,0.000696945281041335,0.0248931688037593,0.0203242909472393,"Calm1/Igtp/Oas1g/Ube2g2/Ifit1/Tgtp1",6
"GO:0070482","response to oxygen levels","16/325","234/11892",0.0683760683760684,2.50193293885602,3.8894388454591,0.000702711424320108,0.0248931688037593,0.0203242909472393,"mt-Co2/Epha4/Tfrc/mt-Atp6/mt-Nd4/Ada/Cryab/Ptgs2/Aqp1/Ndrg1/Nr4a2/mt-Nd1/Slc7a5/mt-Cytb/Inhba/Ppara",16
"GO:0035966","response to topologically incorrect protein","9/325","89/11892",0.101123595505618,3.70019014693172,4.28581726666903,0.000709110885619838,0.0248931688037593,0.0203242909472393,"Hsph1/Hspb1/Bag3/Hspd1/Thbs1/Creb3/Igtp/Hsp90aa1/Hspa5",9
"GO:0010573","vascular endothelial growth factor production","5/325","27/11892",0.185185185185185,6.77606837606838,5.03640723046357,0.000727329580072916,0.02500207345917,0.0204132073049568,"Il1b/C5ar1/Ptgs2/Sulf2/Bsg",5
"GO:0019884","antigen processing and presentation of exogenous antigen","5/325","27/11892",0.185185185185185,6.77606837606838,5.03640723046357,0.000727329580072916,0.02500207345917,0.0204132073049568,"H2-K1/Ctse/Cd74/H2-T23/B2m",5
"GO:0002705","positive regulation of leukocyte mediated immunity","10/325","108/11892",0.0925925925925926,3.38803418803419,4.1787515732987,0.00073256210895018,0.02500207345917,0.0204132073049568,"Hspd1/Hspa8/H2-K1/H2-Q2/Il1b/Tfrc/H2-T23/Ywhag/B2m/Ulbp1",10
"GO:0009141","nucleoside triphosphate metabolic process","13/325","169/11892",0.0769230769230769,2.81467455621302,3.98256820339407,0.000746610999189033,0.0252477811285392,0.0206138179302892,"Hspa8/Hspa1b/mt-Atp6/mt-Nd4/Ada/Pklr/Prkaa2/mt-Atp8/mt-Nd1/Samhd1/Entpd3/Nudt5/Ppara",13
"GO:0060326","cell chemotaxis","14/325","191/11892",0.0732984293193717,2.68204591220298,3.9281091057712,0.00076335492481871,0.0255793295716524,0.0208845141632219,"Hspb1/Dusp1/Il1b/Thbs1/Dpep1/C5ar1/Nr4a1/Creb3/Pde4b/Ccl7/Saa3/Cd74/Padi2/Bsg",14
"GO:1902532","negative regulation of intracellular signal transduction","24/325","432/11892",0.0555555555555556,2.03282051282051,3.66534553088462,0.000787618673398122,0.0261546164877971,0.0213542132503104,"Hspb1/Dnaja1/Hspa8/Grina/Dusp1/Il1b/Thbs1/Ptprr/Zfp366/Epha4/Creb3/Ptgs2/Igtp/Prkaa2/Pik3r2/Cd74/Spry4/Ezr/Trim59/Ywhag/Hspa5/Castor2/Ppara/Abl2",24
"GO:0051607","defense response to virus","14/325","193/11892",0.0725388601036269,2.65425269031487,3.88370859227277,0.000845472973355383,0.0278251194623923,0.0227181130716451,"Il1b/Irf7/Creb3/Isg15/Ifi27l2b/Igtp/Ddx60/Hsp90aa1/Oas1g/Rtp4/Samhd1/Nmb/Ifit1/Rpsa",14
"GO:0080164","regulation of nitric oxide metabolic process","7/325","57/11892",0.12280701754386,4.4936032388664,4.43166966214969,0.000872959924590561,0.0284754892216001,0.0232491143400504,"Hsp90ab1/Cd36/Il1b/Ptgs2/Hsp90aa1/Dnm2/Ulbp1",7
"GO:0002685","regulation of leukocyte migration","12/325","151/11892",0.0794701986754967,2.90787570045848,3.95481805837469,0.00088930923099083,0.0287543318020368,0.0234767783139685,"Dusp1/Il1b/Thbs1/C5ar1/Ada/Creb3/Ccl7/Cd74/Padi2/Stk10/Chst4/Abl2",12
"GO:0002504","antigen processing and presentation of peptide or polysaccharide antigen via MHC class II","4/325","17/11892",0.235294117647059,8.60959276018099,5.26271157765562,0.000983142288780944,0.0312401937624703,0.0255063866027651,"Thbs1/Ctse/Cd74/B2m",4
"GO:0098856","intestinal lipid absorption","4/325","17/11892",0.235294117647059,8.60959276018099,5.26271157765562,0.000983142288780944,0.0312401937624703,0.0255063866027651,"Cldn2/Cd36/Fabp2/Lpcat3",4
"GO:0002474","antigen processing and presentation of peptide antigen via MHC class I","5/325","29/11892",0.172413793103448,6.30875331564987,4.7977187048143,0.00102310142630377,0.0322320671568864,0.0263162121259783,"H2-K1/H2-Q2/H2-T23/B2m/Ulbp1",5
"GO:0071621","granulocyte chemotaxis","8/325","76/11892",0.105263157894737,3.85165991902834,4.18032251073319,0.00106989734255523,0.0334206915649031,0.0272866770951418,"Il1b/Thbs1/Dpep1/C5ar1/Pde4b/Ccl7/Cd74/Bsg",8
"GO:0043408","regulation of MAPK cascade","24/325","443/11892",0.054176072234763,1.9823441569717,3.53201267946677,0.00111442278620297,0.0342522636891641,0.0279656229509439,"Dnaja1/Dusp1/Cd36/Il1b/Thbs1/Ptprr/C5ar1/Epha4/Adra2a/Atp6v0c/Psap/Ccdc88c/Erbb2/Pik3r2/Cd74/Jun/Lpar3/L1cam/Spry4/Nenf/Ezr/Inhba/Tgfa/Abl2",24
"GO:1901292","nucleoside phosphate catabolic process","10/325","114/11892",0.087719298245614,3.20971659919028,3.97368769043676,0.00111510353844267,0.0342522636891641,0.0279656229509439,"Tymp/Upp1/Ada/Pklr/Prkaa2/Samhd1/Entpd3/Pde9a/Nudt5/Ppara",10
"GO:0032675","regulation of interleukin-6 production","9/325","95/11892",0.0947368421052632,3.46649392712551,4.04572692410536,0.00113649571592786,0.034620852966199,0.0282665615644867,"Hspd1/Ereg/Cd36/Il1b/Cd74/Lpl/Nmb/Bsg/Tnfrsf1a",9
"GO:0030217","T cell differentiation","14/325","200/11892",0.07,2.56135384615385,3.73260844361143,0.00119406976532536,0.0360765668441743,0.0294550945562139,"Hspb1/Btnl6/Il1b/Ada/Slc4a2/Psap/Lgals1/Igtp/Erbb2/Cd74/Hsp90aa1/Themis/B2m/Abl2",14
"GO:0031647","regulation of protein stability","15/325","223/11892",0.0672645739910314,2.46126250431183,3.69236269390449,0.00120821714515695,0.0362072227402319,0.029561769944405,"Bag3/Hspd1/Hspa8/Hspa1b/Hsp90ab1/Epha4/Usp13/Cryab/Igtp/Ccdc88c/Wiz/Cd74/B4galt5/Hsp90aa1/Get4",15
"GO:0002486","antigen processing and presentation of endogenous peptide antigen via MHC class I via ER pathway, TAP-independent","4/325","18/11892",0.222222222222222,8.13128205128205,5.07511451583539,0.00123704657750233,0.0365182033234361,0.0298156733305833,"H2-K1/H2-Q2/H2-T23/Ulbp1",4
"GO:0002706","regulation of lymphocyte mediated immunity","11/325","136/11892",0.0808823529411765,2.95954751131222,3.85244072834437,0.00125074198721478,0.0365182033234361,0.0298156733305833,"Hspd1/Hspa8/H2-K1/H2-Q2/Il1b/Tfrc/Cd96/H2-T23/Ywhag/B2m/Ulbp1",11
"GO:0002833","positive regulation of response to biotic stimulus","17/325","271/11892",0.0627306273062731,2.29536190746523,3.61571772930462,0.0012617335861447,0.0365182033234361,0.0298156733305833,"Hspd1/Ereg/Hspa8/Hspa1b/Wdfy1/Cd36/Irf7/Igtp/Hexim1/Cd74/Ddx60/Hsp90aa1/Oas1g/Smpdl3b/H2-T23/Ywhag/Ulbp1",17
"GO:0033157","regulation of intracellular protein transport","10/325","116/11892",0.0862068965517241,3.15437665782493,3.90833906273832,0.00127403190709387,0.0365182033234361,0.0298156733305833,"Bag3/Hsp90ab1/Cd36/Xpo1/Ptgs2/Pik3r2/Hsp90aa1/Cwh43/Ube2g2/Tnfrsf1a",10
"GO:0097190","apoptotic signaling pathway","23/325","422/11892",0.0545023696682464,1.99428363106088,3.48598334980866,0.00130145394726197,0.0365182033234361,0.0298156733305833,"Hspb1/Bag3/Dnaja1/Hspa1b/Grina/Il1b/Thbs1/Lgals12/Creb3/Ptgs2/Ubb/Plekhf1/Rb1/Ifi27l2b/Nr4a2/Cd74/Jun/Hipk1/Tmem109/Tnfrsf12a/Inhba/Trib3/Tnfrsf1a",23
"GO:0032729","positive regulation of type II interferon production","7/325","61/11892",0.114754098360656,4.19894073139975,4.19856505047889,0.00131254335706693,0.0365182033234361,0.0298156733305833,"Hspd1/Il1b/Isg15/Pde4b/Slc7a5/Ulbp1/Abl2",7
"GO:0002460","adaptive immune response based on somatic recombination of immune receptors built from immunoglobulin superfamily domains","17/325","272/11892",0.0625,2.28692307692308,3.59893894391949,0.00131317127419009,0.0365182033234361,0.0298156733305833,"Hspd1/Hspa8/H2-K1/H2-Q2/Il1b/Irf7/Tfrc/Gzmb/Ada/Lgals1/C1qa/Cd74/H2-T23/Ywhag/B2m/Icosl/Ulbp1",17
"GO:0048511","rhythmic process","14/325","202/11892",0.0693069306930693,2.53599390708302,3.69061229605911,0.00131337792526775,0.0365182033234361,0.0298156733305833,"Ereg/Hspa8/Sik1/Cldn4/Nfil3/Nr1d2/Btbd9/Top2a/Ada/Prkaa2/Erbb2/Gdf10/Inhba/Ppara",14
"GO:1905039","carboxylic acid transmembrane transport","9/325","97/11892",0.0927835051546392,3.39501982553529,3.96996346061202,0.00131817284310294,0.0365182033234361,0.0298156733305833,"Cd36/Thbs1/Slc6a8/Slc13a2/Slc1a4/Slc43a1/Slc47a1/Slc7a5/Slc23a2",9
"GO:1901136","carbohydrate derivative catabolic process","12/325","158/11892",0.0759493670886076,2.77904576436222,3.77340242188948,0.00131960920026643,0.0365182033234361,0.0298156733305833,"Tymp/Upp1/Ada/Pklr/Psap/Prkaa2/Samhd1/Galc/Npl/Aldh1a1/Pde9a/Ppara",12
"GO:0030595","leukocyte chemotaxis","11/325","137/11892",0.0802919708029197,2.9379449747333,3.82411470729929,0.00132757440188292,0.0365182033234361,0.0298156733305833,"Dusp1/Il1b/Thbs1/Dpep1/C5ar1/Creb3/Pde4b/Ccl7/Cd74/Padi2/Bsg",11
"GO:0032479","regulation of type I interferon production","8/325","79/11892",0.10126582278481,3.70539435248296,4.04393833961963,0.00137939396250756,0.0373905091278535,0.0305278766303605,"Hspd1/Irf7/Xaf1/Isg15/Igtp/Hsp90aa1/Oas1g/Nmb",8
"GO:0009144","purine nucleoside triphosphate metabolic process","12/325","159/11892",0.0754716981132075,2.76156748911466,3.74829544871004,0.00139320523904642,0.0373905091278535,0.0305278766303605,"Hspa8/Hspa1b/mt-Atp6/mt-Nd4/Ada/Pklr/Prkaa2/mt-Atp8/mt-Nd1/Samhd1/Nudt5/Ppara",12
"GO:0009409","response to cold","5/325","31/11892",0.161290322580645,5.90173697270471,4.58047692358208,0.00139986170907319,0.0373905091278535,0.0305278766303605,"Hspd1/Lrp11/Hsp90aa1/Pcsk1n/Rbm3",5
"GO:1903573","negative regulation of response to endoplasmic reticulum stress","5/325","31/11892",0.161290322580645,5.90173697270471,4.58047692358208,0.00139986170907319,0.0373905091278535,0.0305278766303605,"Grina/Creb3/Igtp/Lpcat3/Hspa5",5
"GO:0042110","T cell activation","21/325","374/11892",0.0561497326203209,2.05456190867956,3.47344036228685,0.00145478647697283,0.037935988170076,0.0309732387635284,"Hsph1/Hspb1/Hspd1/Btnl6/Il1b/Tfrc/Ido1/Ada/Slc4a2/Psap/Lgals1/Igtp/Erbb2/Cd74/Hsp90aa1/H2-T23/Themis/Ywhag/B2m/Icosl/Abl2",21
"GO:0008610","lipid biosynthetic process","23/325","426/11892",0.0539906103286385,1.9755579631636,3.43710192750572,0.00147285047392123,0.037935988170076,0.0309732387635284,"Sik1/Il1b/Abhd6/Ptgs2/Gal3st2/Pgap1/Plpp1/Prkaa2/Cd74/B4galt5/Cwh43/Lpl/Hmgcs2/Scd1/St3gal6/Aldh1a1/Inhba/Trib3/Lpcat3/B3gnt5/Pigz/B3galt1/Ppara",23
"GO:0051099","positive regulation of binding","8/325","80/11892",0.1,3.65907692307692,3.99995105905619,0.00149703714823399,0.037935988170076,0.0309732387635284,"Calm1/Epha4/Mapre3/Rb1/Hipk1/Trib3/B2m/Abl2",8
"GO:0001525","angiogenesis","21/325","375/11892",0.056,2.04908307692308,3.46016121691823,0.00150345163167544,0.037935988170076,0.0309732387635284,"Hspb1/Ereg/Cd36/Il1b/Thbs1/Pnpla6/C5ar1/Nr4a1/Apold1/Ptgs2/Fap/Aqp1/Pik3r2/Jun/Amotl2/Anxa3/Sparc/Tnfrsf12a/Bsg/Tgfa/Tnfrsf1a",21
"GO:0002696","positive regulation of leukocyte activation","15/325","228/11892",0.0657894736842105,2.40728744939271,3.59639168413926,0.00150717535494344,0.037935988170076,0.0309732387635284,"Hsph1/Hspd1/Il1b/Thbs1/Tfrc/Ada/Lgals1/Cd74/Hsp90aa1/H2-T23/Ywhag/B2m/Icosl/Ulbp1/Abl2",15
"GO:0001666","response to hypoxia","14/325","205/11892",0.0682926829268293,2.4988818011257,3.62855154972768,0.00151094807840175,0.037935988170076,0.0309732387635284,"mt-Co2/Epha4/Tfrc/mt-Nd4/Ada/Cryab/Ptgs2/Aqp1/Ndrg1/Nr4a2/mt-Nd1/mt-Cytb/Inhba/Ppara",14
"GO:0006690","icosanoid metabolic process","9/325","99/11892",0.0909090909090909,3.32643356643357,3.89615840569169,0.00152256695499174,0.037935988170076,0.0309732387635284,"Il1b/Dpep1/Ces2a/Ptgs2/Cd74/Cyp4f14/Lta4h/Cyp4a10/Tnfrsf1a",9
"GO:0002476","antigen processing and presentation of endogenous peptide antigen via MHC class Ib","4/325","19/11892",0.210526315789474,7.70331983805668,4.9014774662009,0.00153349490975077,0.037935988170076,0.0309732387635284,"H2-K1/H2-Q2/H2-T23/Ulbp1",4
"GO:0002484","antigen processing and presentation of endogenous peptide antigen via MHC class I via ER pathway","4/325","19/11892",0.210526315789474,7.70331983805668,4.9014774662009,0.00153349490975077,0.037935988170076,0.0309732387635284,"H2-K1/H2-Q2/H2-T23/Ulbp1",4
"GO:0006691","leukotriene metabolic process","4/325","19/11892",0.210526315789474,7.70331983805668,4.9014774662009,0.00153349490975077,0.037935988170076,0.0309732387635284,"Dpep1/Cyp4f14/Lta4h/Cyp4a10",4
"GO:0032528","microvillus organization","4/325","19/11892",0.210526315789474,7.70331983805668,4.9014774662009,0.00153349490975077,0.037935988170076,0.0309732387635284,"Espn/Cdhr5/Vil1/Ezr",4
"GO:0007162","negative regulation of cell adhesion","14/325","206/11892",0.0679611650485437,2.48675130694548,3.6081077654955,0.00158207791635028,0.0387882004914442,0.0316690365265554,"Hspb1/Dusp1/Thbs1/Epha4/Ido1/Slc4a2/Lgals1/Erbb2/Cd74/Tnc/Spry4/H2-T23/Ppara/Abl2",14
"GO:0006809","nitric oxide biosynthetic process","7/325","63/11892",0.111111111111111,4.06564102564103,4.08938557228745,0.00158899030770702,0.0387882004914442,0.0316690365265554,"Hsp90ab1/Cd36/Il1b/Ptgs2/Hsp90aa1/Dnm2/Ulbp1",7
"GO:0045089","positive regulation of innate immune response","16/325","253/11892",0.0632411067193676,2.31404074186683,3.54121063226586,0.00160050450936353,0.0388122343520656,0.0316886592262489,"Hspd1/Ereg/Hspa8/Hspa1b/Wdfy1/Cd36/Irf7/Igtp/Hexim1/Cd74/Ddx60/Hsp90aa1/Oas1g/Smpdl3b/H2-T23/Ulbp1",16
"GO:0002688","regulation of leukocyte chemotaxis","8/325","81/11892",0.0987654320987654,3.61390313390313,3.95666395307851,0.00162250123814723,0.0388346724922772,0.0317069790831369,"Dusp1/Il1b/Thbs1/C5ar1/Creb3/Ccl7/Cd74/Padi2",8
"GO:0032606","type I interferon production","8/325","81/11892",0.0987654320987654,3.61390313390313,3.95666395307851,0.00162250123814723,0.0388346724922772,0.0317069790831369,"Hspd1/Irf7/Xaf1/Isg15/Igtp/Hsp90aa1/Oas1g/Nmb",8
"GO:1900180","regulation of protein localization to nucleus","9/325","100/11892",0.09,3.29316923076923,3.85996061046406,0.00163390613353514,0.038855341988455,0.0317238549118979,"Bag3/Hsp90ab1/Cd36/Tfrc/Ptgs2/Pik3r2/Hsp90aa1/Cwh43/Tnfrsf1a",9
"GO:0002250","adaptive immune response","20/325","353/11892",0.056657223796034,2.07313140117673,3.43081003205127,0.00168655290095017,0.0397237808608409,0.0324329010141201,"Hspd1/Hspa8/H2-K1/H2-Q2/Il1b/Irf7/Tfrc/Gzmb/Ada/Lgals1/C1qa/Cd74/Mcoln1/H2-T23/Themis/Jchain/Ywhag/B2m/Icosl/Ulbp1",20
"GO:0002757","immune response-activating signaling pathway","18/325","303/11892",0.0594059405940594,2.17370906321401,3.46896000906771,0.00169197872901574,0.0397237808608409,0.0324329010141201,"Hspd1/Hspa8/Btnl6/Hspa1b/Wdfy1/Cd36/Irf7/C5ar1/Ada/Pde4b/Rnf31/Igtp/Ddx60/Oas1g/Smpdl3b/Themis/Ezr/Icosl",18
"GO:2000147","positive regulation of cell motility","22/325","405/11892",0.054320987654321,1.98764672364672,3.38973955118091,0.0017205926001581,0.0401399007859668,0.0327726465279947,"Hspb1/Il1b/Thbs1/Cldn4/C5ar1/Epha4/Adra2a/Creb3/Ptgs2/Vil1/Trf/Lamc2/Ccl7/Aqp1/Cd74/Jun/Rhoc/Anxa3/Sparc/Bsg/Hspa5/Abl2",22
"GO:0032609","type II interferon production","9/325","101/11892",0.0891089108910891,3.26056359482102,3.82421762472878,0.00175168388383048,0.0406082188415042,0.0331550097575065,"Hspd1/Il1b/Isg15/Zg16/Pde4b/Cd96/Slc7a5/Ulbp1/Abl2",9
"GO:0043085","positive regulation of catalytic activity","21/325","380/11892",0.0552631578947368,2.02212145748988,3.39437183872138,0.00176818797697478,0.0407346305195565,0.0332582199090191,"Ereg/Slc5a3/Il1b/Thbs1/Cldn4/Calm1/Epha4/Adra2a/Gch1/Creb3/Mapre3/Psap/Igtp/Rfc4/Erbb2/Nr4a2/Cd74/Rhoc/Trib3/Antxr1/Abl2",21
"GO:0002699","positive regulation of immune effector process","13/325","186/11892",0.0698924731182796,2.55741935483871,3.58837879874822,0.00179460501564099,0.0408328030102019,0.0333383738773074,"Hspd1/Hspa8/H2-K1/H2-Q2/Cd36/Il1b/Tfrc/Cd74/Ddx60/H2-T23/Ywhag/B2m/Ulbp1",13
"GO:0034976","response to endoplasmic reticulum stress","13/325","186/11892",0.0698924731182796,2.55741935483871,3.58837879874822,0.00179460501564099,0.0408328030102019,0.0333383738773074,"Grina/Thbs1/Elavl4/Usp13/Creb3/Igtp/Pik3r2/Jun/Ube2g2/Get4/Trib3/Lpcat3/Hspa5",13
"GO:0050821","protein stabilization","11/325","143/11892",0.0769230769230769,2.81467455621302,3.65937417680832,0.00187423659583461,0.0421644621376278,0.0344256210559094,"Bag3/Hspd1/Hspa1b/Hsp90ab1/Epha4/Usp13/Cryab/Igtp/Wiz/Cd74/Hsp90aa1",11
"GO:0060586","multicellular organismal-level iron ion homeostasis","4/325","20/11892",0.2,7.31815384615385,4.74005905904974,0.00187600970986733,0.0421644621376278,0.0344256210559094,"Btbd9/Tfrc/Trf/B2m",4
"GO:0032755","positive regulation of interleukin-6 production","7/325","65/11892",0.107692307692308,3.94054437869823,3.98462651281262,0.00190877590178264,0.0426408968119443,0.0348146111846671,"Hspd1/Ereg/Cd36/Il1b/Cd74/Lpl/Bsg",7
"GO:0051251","positive regulation of lymphocyte activation","14/325","211/11892",0.0663507109004739,2.42782355085673,3.50765005531746,0.00198096526659111,0.0439869757388844,0.0359136315610905,"Hsph1/Hspd1/Il1b/Tfrc/Ada/Lgals1/Cd74/Hsp90aa1/H2-T23/Ywhag/B2m/Icosl/Ulbp1/Abl2",14
"GO:0071396","cellular response to lipid","22/325","411/11892",0.0535279805352798,1.95862998315553,3.31529793449657,0.00206758550416481,0.0448258815709993,0.0365985651002333,"Dnaja1/Cd36/Il1b/Zfp366/Gch1/Ptgs2/Pde4b/Igtp/Prkaa2/Aqp1/Lpl/Btg2/Hmgcs2/Tnc/Padi2/Slc7a5/Inhba/B2m/Gramd1b/Fkbp4/Ppara/Abl2",22
"GO:1900182","positive regulation of protein localization to nucleus","7/325","66/11892",0.106060606060606,3.88083916083916,3.93380243393259,0.00208629136470569,0.0448258815709993,0.0365985651002333,"Bag3/Hsp90ab1/Tfrc/Ptgs2/Pik3r2/Hsp90aa1/Tnfrsf1a",7
"GO:0009125","nucleoside monophosphate catabolic process","3/325","10/11892",0.3,10.9772307692308,5.29060996523966,0.00210387344324006,0.0448258815709993,0.0365985651002333,"Tymp/Upp1/Ada",3
"GO:0009159","deoxyribonucleoside monophosphate catabolic process","3/325","10/11892",0.3,10.9772307692308,5.29060996523966,0.00210387344324006,0.0448258815709993,0.0365985651002333,"Tymp/Upp1/Ada",3
"GO:0070486","leukocyte aggregation","3/325","10/11892",0.3,10.9772307692308,5.29060996523966,0.00210387344324006,0.0448258815709993,0.0365985651002333,"Il1b/Thbs1/Stk10",3
"GO:0071732","cellular response to nitric oxide","3/325","10/11892",0.3,10.9772307692308,5.29060996523966,0.00210387344324006,0.0448258815709993,0.0365985651002333,"Thbs1/Dpep1/Aqp1",3
"GO:1902170","cellular response to reactive nitrogen species","3/325","10/11892",0.3,10.9772307692308,5.29060996523966,0.00210387344324006,0.0448258815709993,0.0365985651002333,"Thbs1/Dpep1/Aqp1",3
"GO:0006826","iron ion transport","5/325","34/11892",0.147058823529412,5.38099547511312,4.28792363624423,0.0021441417979928,0.0451617523851513,0.0368727903787153,"Tfrc/Trf/Mcoln1/Dnm2/B2m",5
"GO:0045581","negative regulation of T cell differentiation","5/325","34/11892",0.147058823529412,5.38099547511312,4.28792363624423,0.0021441417979928,0.0451617523851513,0.0368727903787153,"Hspb1/Slc4a2/Lgals1/Erbb2/Cd74",5
"GO:0030335","positive regulation of cell migration","21/325","388/11892",0.0541237113402062,1.98042823156225,3.29115045751465,0.00227410993839541,0.0476270979143492,0.038885647810242,"Hspb1/Il1b/Thbs1/Cldn4/C5ar1/Epha4/Adra2a/Creb3/Ptgs2/Vil1/Lamc2/Ccl7/Aqp1/Cd74/Jun/Rhoc/Anxa3/Sparc/Bsg/Hspa5/Abl2",21
"GO:0140962","multicellular organismal-level chemical homeostasis","6/325","50/11892",0.12,4.39089230769231,4.02742047054907,0.00229585244509694,0.0478108028961995,0.0390356356855911,"Btbd9/Tfrc/Trf/Aqp1/Oas1g/B2m",6
"GO:0050830","defense response to Gram-positive bacterium","8/325","86/11892",0.0930232558139535,3.40379248658318,3.75003491967633,0.00238005459987492,0.0492858497479717,0.040239953288246,"Cd36/Sprr2a1/Il1b/C5ar1/Zg16/H2-T23/Scd1/B2m",8
"GO:0046456","icosanoid biosynthetic process","5/325","35/11892",0.142857142857143,5.22725274725275,4.19802798681853,0.00244640800818785,0.0501964778456717,0.0409834452296814,"Il1b/Ptgs2/Cd74/Lta4h/Cyp4a10",5
"GO:0071900","regulation of protein serine/threonine kinase activity","12/325","170/11892",0.0705882352941176,2.5828778280543,3.48426758215942,0.00245126587417822,0.0501964778456717,0.0409834452296814,"Chordc1/Dnaja1/Dusp1/Il1b/Thbs1/Epha4/Adra2a/Mapre3/Igtp/Erbb2/Spry4/Trib3",12
"GO:0032386","regulation of intracellular transport","13/325","193/11892",0.0673575129533679,2.46466321243523,3.43860713434164,0.0024870418131284,0.0506477133877972,0.0413518612604484,"Bag3/Hsp90ab1/Cd36/Xpo1/Cryab/Ptgs2/Pgap1/Pik3r2/Hsp90aa1/Cwh43/Ube2g2/Ezr/Tnfrsf1a",13
"GO:0040017","positive regulation of locomotion","22/325","418/11892",0.0526315789473684,1.92582995951417,3.22999946689066,0.00254601764117698,0.0515638517877932,0.0420998521464719,"Hspb1/Il1b/Thbs1/Cldn4/C5ar1/Epha4/Adra2a/Creb3/Ptgs2/Vil1/Trf/Lamc2/Ccl7/Aqp1/Cd74/Jun/Rhoc/Anxa3/Sparc/Bsg/Hspa5/Abl2",22
"GO:0036293","response to decreased oxygen levels","14/325","217/11892",0.0645161290322581,2.36069478908189,3.39080368277206,0.00256634267402735,0.0516914704724853,0.0422040477713212,"mt-Co2/Epha4/Tfrc/mt-Nd4/Ada/Cryab/Ptgs2/Aqp1/Ndrg1/Nr4a2/mt-Nd1/mt-Cytb/Inhba/Ppara",14
"GO:0050867","positive regulation of cell activation","15/325","241/11892",0.0622406639004149,2.27743376954995,3.35819426145684,0.0025863900708172,0.051812140223001,0.0423025698653682,"Hsph1/Hspd1/Il1b/Thbs1/Tfrc/Ada/Lgals1/Cd74/Hsp90aa1/H2-T23/Ywhag/B2m/Icosl/Ulbp1/Abl2",15
"GO:0002449","lymphocyte mediated immunity","16/325","266/11892",0.0601503759398496,2.20094852515905,3.3204011408651,0.00265837682249151,0.0529663619875876,0.0432449464324508,"Hspd1/Hspa8/H2-K1/H2-Q2/Il1b/Irf7/Tfrc/Gzmb/Cd96/C1qa/Cd74/H2-T23/Ywhag/B2m/Icosl/Ulbp1",16
"GO:0050900","leukocyte migration","15/325","242/11892",0.0619834710743802,2.2680228862047,3.34050644998885,0.00269079429504136,0.0533240202770024,0.0435369603255418,"Dusp1/Il1b/Thbs1/Dpep1/C5ar1/Ada/Creb3/Pde4b/Ccl7/Cd74/Padi2/Stk10/Bsg/Chst4/Abl2",15
"GO:0021549","cerebellum development","8/325","88/11892",0.0909090909090909,3.32643356643357,3.67162140667055,0.00275105476856186,0.053581467893011,0.0437471561544731,"Hspa8/Glud1/mt-Nd4/Psap/Gdf10/L1cam/Hspa5/Abl2",8
"GO:0038127","ERBB signaling pathway","9/325","108/11892",0.0833333333333333,3.04923076923077,3.58588932431674,0.00277933653835405,0.053581467893011,0.0437471561544731,"Ereg/Ptprr/Epha4/Adra2a/Vil1/Erbb2/Efemp1/Tgfa/Abl2",9
"GO:0043405","regulation of MAP kinase activity","9/325","108/11892",0.0833333333333333,3.04923076923077,3.58588932431674,0.00277933653835405,0.053581467893011,0.0437471561544731,"Dnaja1/Dusp1/Il1b/Thbs1/Epha4/Adra2a/Erbb2/Spry4/Trib3",9
"GO:0002683","negative regulation of immune system process","19/325","343/11892",0.0553935860058309,2.02689392240413,3.23475173984603,0.0028118953962986,0.053581467893011,0.0437471561544731,"Hspb1/Hspa8/Dusp1/Thbs1/Ido1/Ada/Isg15/Slc4a2/Lgals1/Igtp/Erbb2/Cd96/Cd74/Oas1g/Samhd1/Smpdl3b/Padi2/H2-T23/Ezr",19
"GO:0007249","canonical NF-kappaB signal transduction","12/325","173/11892",0.069364161849711,2.5380880391285,3.41585535076867,0.00283245394407128,0.053581467893011,0.0437471561544731,"Hspb1/Cd36/Il1b/Tfrc/Rnf31/Igtp/Saa3/Cd74/Ubd/Trim59/Tnfrsf1a/Abl2",12
"GO:0006677","glycosylceramide metabolic process","3/325","11/11892",0.272727272727273,9.9793006993007,4.99404972651015,0.0028346137382358,0.053581467893011,0.0437471561544731,"Psap/Galc/B3galt1",3
"GO:0032530","regulation of microvillus organization","3/325","11/11892",0.272727272727273,9.9793006993007,4.99404972651015,0.0028346137382358,0.053581467893011,0.0437471561544731,"Cdhr5/Vil1/Ezr",3
"GO:0043278","response to morphine","3/325","11/11892",0.272727272727273,9.9793006993007,4.99404972651015,0.0028346137382358,0.053581467893011,0.0437471561544731,"Adra2a/Fosb/Arc",3
"GO:2001279","regulation of unsaturated fatty acid biosynthetic process","3/325","11/11892",0.272727272727273,9.9793006993007,4.99404972651015,0.0028346137382358,0.053581467893011,0.0437471561544731,"Il1b/Ptgs2/Cd74",3
"GO:0046467","membrane lipid biosynthetic process","8/325","89/11892",0.0898876404494382,3.28905790838375,3.63325668723894,0.00295272823848206,0.0553692147325913,0.0452067809693801,"Gal3st2/Pgap1/B4galt5/Cwh43/St3gal6/B3gnt5/Pigz/B3galt1",8
"GO:0002764","immune response-regulating signaling pathway","18/325","319/11892",0.0564263322884013,2.06468290330359,3.23097165072327,0.00295923366856226,0.0553692147325913,0.0452067809693801,"Hspd1/Hspa8/Btnl6/Hspa1b/Wdfy1/Cd36/Irf7/C5ar1/Ada/Pde4b/Rnf31/Igtp/Ddx60/Oas1g/Smpdl3b/Themis/Ezr/Icosl",18
"GO:0030593","neutrophil chemotaxis","6/325","53/11892",0.113207547169811,4.14235123367199,3.84304662150236,0.00309780335422999,0.0569418404083189,0.0464907678348756,"Il1b/Dpep1/C5ar1/Pde4b/Cd74/Bsg",6
"GO:0032481","positive regulation of type I interferon production","6/325","53/11892",0.113207547169811,4.14235123367199,3.84304662150236,0.00309780335422999,0.0569418404083189,0.0464907678348756,"Hspd1/Irf7/Isg15/Hsp90aa1/Oas1g/Nmb",6
"GO:0046824","positive regulation of nucleocytoplasmic transport","6/325","53/11892",0.113207547169811,4.14235123367199,3.84304662150236,0.00309780335422999,0.0569418404083189,0.0464907678348756,"Bag3/Hsp90ab1/Ptgs2/Pik3r2/Hsp90aa1/Tnfrsf1a",6
"GO:0043523","regulation of neuron apoptotic process","13/325","198/11892",0.0656565656565657,2.40242424242424,3.33557694222341,0.00310507594196204,0.0569418404083189,0.0464907678348756,"Hsph1/Hspd1/Hsp90ab1/Grina/Il1b/C5ar1/Epha4/Gch1/Ubb/Nr4a2/Jun/Btg2/Tnfrsf1a",13
"GO:0015908","fatty acid transport","7/325","71/11892",0.0985915492957746,3.6075406283857,3.69380233835761,0.00317305131781072,0.0579003324626254,0.0472733388099055,"Cd36/Il1b/Thbs1/Ptgs2/Nmb/Fabp2/Cyp4a10",7
"GO:0006606","protein import into nucleus","9/325","111/11892",0.0810810810810811,2.96681912681913,3.48959749675078,0.00334448974008482,0.0607280255268603,0.0495820387187062,"Bag3/Hspa8/Hsp90ab1/Cd36/Ptgs2/Pik3r2/Hsp90aa1/Cwh43/Tnfrsf1a",9
"GO:0006935","chemotaxis","16/325","273/11892",0.0586080586080586,2.14451394759087,3.20670153354404,0.00343516179381033,0.0617658847413897,0.0504294098511104,"Hspb1/Dusp1/Tymp/Il1b/Thbs1/Dpep1/C5ar1/Flrt3/Nr4a1/Creb3/Pde4b/Ccl7/Saa3/Cd74/Padi2/Bsg",16
"GO:0042330","taxis","16/325","273/11892",0.0586080586080586,2.14451394759087,3.20670153354404,0.00343516179381033,0.0617658847413897,0.0504294098511104,"Hspb1/Dusp1/Tymp/Il1b/Thbs1/Dpep1/C5ar1/Flrt3/Nr4a1/Creb3/Pde4b/Ccl7/Saa3/Cd74/Padi2/Bsg",16
"GO:0044283","small molecule biosynthetic process","20/325","376/11892",0.0531914893617021,1.94631751227496,3.1255069842057,0.00349673321053476,0.062567760262287,0.0510841096010162,"Sik1/Il1b/Cdo1/Ido1/Gch1/Ada/Ptgs2/Pklr/Prkaa2/Cd74/Lpl/Hmgcs2/Scd1/Lta4h/Cyp4a10/Aldh1a1/Inhba/Trib3/Lpcat3/Ppara",20
"GO:0042149","cellular response to glucose starvation","5/325","38/11892",0.131578947368421,4.81457489878543,3.94771676284284,0.00353848903649201,0.0630090366594664,0.0514443943825612,"Upp1/Prkaa2/Slc7a5/Ywhag/Hspa5",5
"GO:0032649","regulation of type II interferon production","8/325","92/11892",0.0869565217391304,3.18180602006689,3.5213528756074,0.00362747174340059,0.0642829848373778,0.0524845228460642,"Hspd1/Il1b/Isg15/Pde4b/Cd96/Slc7a5/Ulbp1/Abl2",8
"GO:0014072","response to isoquinoline alkaloid","3/325","12/11892",0.25,9.14769230769231,4.73322908735719,0.00370353515121463,0.0650058598446529,0.0530747217910908,"Adra2a/Fosb/Arc",3
"GO:0030730","triglyceride storage","3/325","12/11892",0.25,9.14769230769231,4.73322908735719,0.00370353515121463,0.0650058598446529,0.0530747217910908,"Il1b/Lpl/Ppara",3
"GO:0001912","positive regulation of leukocyte mediated cytotoxicity","6/325","55/11892",0.109090909090909,3.99172027972028,3.72753739097119,0.00373782853545173,0.0652968529937208,0.0533123062252756,"Hspa8/H2-K1/H2-Q2/H2-T23/B2m/Ulbp1",6
"GO:0051170","import into nucleus","9/325","113/11892",0.079646017699115,2.91430905377808,3.42718514291732,0.00376892050350126,0.0653350967904822,0.053343530777619,"Bag3/Hspa8/Hsp90ab1/Cd36/Ptgs2/Pik3r2/Hsp90aa1/Cwh43/Tnfrsf1a",9
"GO:0045840","positive regulation of mitotic nuclear division","4/325","24/11892",0.166666666666667,6.09846153846154,4.19079581676534,0.0037754681541977,0.0653350967904822,0.053343530777619,"Ereg/Il1b/Rb1/Tgfa",4
"GO:0051249","regulation of lymphocyte activation","18/325","327/11892",0.055045871559633,2.0141707833451,3.11711378019233,0.00384350259508765,0.0660831343494083,0.0539542739540675,"Hsph1/Hspb1/Hspd1/Il1b/Tfrc/Ido1/Ada/Slc4a2/Lgals1/Erbb2/Cd74/Hsp90aa1/H2-T23/Ywhag/B2m/Icosl/Ulbp1/Abl2",18
"GO:0097193","intrinsic apoptotic signaling pathway","14/325","227/11892",0.0616740088105727,2.25669942392409,3.20436865831821,0.00385455070133553,0.0660831343494083,0.0539542739540675,"Hspb1/Dnaja1/Grina/Lgals12/Creb3/Ptgs2/Ubb/Plekhf1/Ifi27l2b/Cd74/Hipk1/Tmem109/Trib3/Tnfrsf1a",14
"GO:0071675","regulation of mononuclear cell migration","8/325","93/11892",0.0860215053763441,3.14759305210918,3.48506888143627,0.00387705754458779,0.0661612690247712,0.0540180678361427,"Dusp1/Thbs1/C5ar1/Creb3/Ccl7/Padi2/Stk10/Abl2",8
"GO:0072330","monocarboxylic acid biosynthetic process","10/325","135/11892",0.0740740740740741,2.71042735042735,3.3501461988871,0.00390733571321076,0.0662997640143254,0.0541311435351276,"Il1b/Ido1/Ptgs2/Pklr/Prkaa2/Cd74/Lpl/Scd1/Aldh1a1/Trib3",10
"GO:0019221","cytokine-mediated signaling pathway","17/325","302/11892",0.0562913907284768,2.05974528782476,3.12682625471209,0.00392114719346797,0.0662997640143254,0.0541311435351276,"Ereg/Hspa1b/Il1b/Irf7/Epha4/Isg15/Rnf31/Igtp/Ccl7/Erbb2/Cd74/Oas1g/Hipk1/Samhd1/Padi2/Inhba/Tnfrsf1a",17
"GO:0019216","regulation of lipid metabolic process","14/325","229/11892",0.0611353711790393,2.23699025864965,3.16824957414536,0.00416662718480408,0.069956145953693,0.0571164352404855,"Sik1/Il1b/Nr1d2/Adra2a/Abhd6/Ptgs2/Psap/Cideb/Prkaa2/Cd74/Trib3/Lpcat3/Tnfrsf1a/Ppara",14
"GO:0034504","protein localization to nucleus","13/325","205/11892",0.0634146341463415,2.32039024390244,3.19645222335694,0.00417535325822367,0.069956145953693,0.0571164352404855,"Bag3/Hspa8/Hsp90ab1/Cd36/Xpo1/Banp/Tfrc/Ptgs2/Rrs1/Pik3r2/Hsp90aa1/Cwh43/Tnfrsf1a",13
"GO:0048858","cell projection morphogenesis","23/325","463/11892",0.0496760259179266,1.81768400066456,3.00823930636063,0.00420388973605271,0.0701155546022185,0.0572465861175265,"Elavl4/Muc3a/Epha4/Flrt3/Ubb/Vil1/Lamc2/Erbb2/Nr4a2/B4galt5/Nyap1/Lpar3/Dynlt1a/L1cam/Arc/Enah/Atoh1/Dnm2/Slc23a2/Tnfrsf12a/Bsg/Unc5a/Abl2",23
"GO:0035821","modulation of process of another organism","7/325","75/11892",0.0933333333333333,3.41513846153846,3.51689619947192,0.00431747398333305,0.0716856265881335,0.0585284879959659,"Hspa8/Sprr2a1/Cd74/Jun/Rrp1b/Trim59/Ppara",7
"GO:0009394","2'-deoxyribonucleotide metabolic process","4/325","25/11892",0.16,5.85452307692308,4.07273924350641,0.00439925237455753,0.0717043019278513,0.0585437356745943,"Tymp/Upp1/Ada/Samhd1",4
"GO:0043903","regulation of biological process involved in symbiotic interaction","4/325","25/11892",0.16,5.85452307692308,4.07273924350641,0.00439925237455753,0.0717043019278513,0.0585437356745943,"Lgals1/Cd74/Bsg/Ppara",4
"GO:0007173","epidermal growth factor receptor signaling pathway","8/325","95/11892",0.0842105263157895,3.08132793522267,3.41394899570515,0.00441586449745585,0.0717043019278513,0.0585437356745943,"Ereg/Epha4/Adra2a/Vil1/Erbb2/Efemp1/Tgfa/Abl2",8
"GO:0050728","negative regulation of inflammatory response","8/325","95/11892",0.0842105263157895,3.08132793522267,3.41394899570515,0.00441586449745585,0.0717043019278513,0.0585437356745943,"Nr1d2/Ada/Rb1/Igtp/Smpdl3b/Lpcat3/Tnfrsf1a/Ppara",8
"GO:0050729","positive regulation of inflammatory response","8/325","95/11892",0.0842105263157895,3.08132793522267,3.41394899570515,0.00441586449745585,0.0717043019278513,0.0585437356745943,"Il1b/Ido1/Ptgs2/Lgals1/Camk2n1/Lpl/H2-T23/Tnfrsf1a",8
"GO:0045620","negative regulation of lymphocyte differentiation","5/325","40/11892",0.125,4.57384615384615,3.79498907223479,0.00443725606253129,0.0717356396775892,0.058569321711805,"Hspb1/Slc4a2/Lgals1/Erbb2/Cd74",5
"GO:0043122","regulation of canonical NF-kappaB signal transduction","11/325","160/11892",0.06875,2.51561538461538,3.23521741322771,0.00447540105033885,0.0720363679980306,0.0588148545296197,"Hspb1/Cd36/Il1b/Tfrc/Rnf31/Igtp/Cd74/Ubd/Trim59/Tnfrsf1a/Abl2",11
"GO:0009259","ribonucleotide metabolic process","13/325","207/11892",0.0628019323671498,2.29797101449275,3.15773958052691,0.00453055905587515,0.0726071333911121,0.0592808619713824,"Hspa8/Hspa1b/Upp1/mt-Atp6/mt-Nd4/Ada/Pklr/Prkaa2/mt-Atp8/mt-Nd1/Pde9a/Nudt5/Ppara",13
"GO:0046034","ATP metabolic process","10/325","138/11892",0.072463768115942,2.65150501672241,3.27089874021424,0.00456678911014173,0.0728709292639931,0.0594962409017781,"Hspa8/Hspa1b/mt-Atp6/mt-Nd4/Pklr/Prkaa2/mt-Atp8/mt-Nd1/Nudt5/Ppara",10
"GO:0030162","regulation of proteolysis","16/325","282/11892",0.0567375886524823,2.07607201309329,3.06542209071029,0.00470006341728906,0.0736884340707202,0.0601637013473996,"Hspa8/Hspa1b/Serpinh1/Hsp90ab1/Il1b/Thbs1/Cldn4/Xpo1/Epha4/Adra2a/Usp13/Ubb/Trf/Cwh43/Trib3/Antxr1",16
"GO:0010885","regulation of cholesterol storage","3/325","13/11892",0.230769230769231,8.44402366863905,4.50121733308531,0.00471797895840748,0.0736884340707202,0.0601637013473996,"Cd36/Lpl/Ppara",3
"GO:0033762","response to glucagon","3/325","13/11892",0.230769230769231,8.44402366863905,4.50121733308531,0.00471797895840748,0.0736884340707202,0.0601637013473996,"Cdo1/Hmgcs2/mt-Cytb",3
"GO:0055093","response to hyperoxia","3/325","13/11892",0.230769230769231,8.44402366863905,4.50121733308531,0.00471797895840748,0.0736884340707202,0.0601637013473996,"mt-Atp6/Slc7a5/mt-Cytb",3
"GO:0071731","response to nitric oxide","3/325","13/11892",0.230769230769231,8.44402366863905,4.50121733308531,0.00471797895840748,0.0736884340707202,0.0601637013473996,"Thbs1/Dpep1/Aqp1",3
"GO:0007584","response to nutrient","9/325","117/11892",0.0769230769230769,2.81467455621302,3.30637208168554,0.00474374941677009,0.0737783137139854,0.0602370845327368,"Tfrc/Ada/Ptgs2/Lpl/Hmgcs2/Tnc/Scd1/mt-Cytb/Ppara",9
"GO:0007626","locomotory behavior","12/325","185/11892",0.0648648648648649,2.3734553014553,3.1558626050814,0.00486702699809617,0.0751340721973504,0.0613440078853771,"Elavl4/Btbd9/Epha4/Espn/Ido1/Abhd12/Psap/Selenop/Nr4a2/Cwh43/Lrrtm1/Abl2",12
"GO:0097009","energy homeostasis","6/325","58/11892",0.103448275862069,3.78525198938992,3.56412731904015,0.00487503575997156,0.0751340721973504,0.0613440078853771,"Cd36/Nr1d2/Bmp8b/Ubb/Prkaa2/Pcsk1n",6
"GO:0016053","organic acid biosynthetic process","13/325","209/11892",0.062200956937799,2.27598086124402,3.11946859170986,0.0049097366589308,0.0751340721973504,0.0613440078853771,"Il1b/Cdo1/Ido1/Ptgs2/Pklr/Prkaa2/Cd74/Lpl/Scd1/Lta4h/Cyp4a10/Aldh1a1/Trib3",13
"GO:0042594","response to starvation","11/325","162/11892",0.0679012345679012,2.4845584045584,3.18893958453348,0.00491245561572476,0.0751340721973504,0.0613440078853771,"Hspa8/Upp1/Lrp11/Prkaa2/Jun/Hmgcs2/Slc7a5/Foxa3/Ywhag/Hspa5/Ppara",11
"GO:0033555","multicellular organismal response to stress","7/325","77/11892",0.0909090909090909,3.32643356643357,3.43288817911493,0.00499501560504847,0.0756361840966852,0.0617539624560708,"Thbs1/Adra2a/Ido1/Gch1/Lrp11/Nr4a2/Hmgcs2",7
"GO:0022037","metencephalon development","8/325","97/11892",0.0824742268041237,3.01779540047581,3.34467962455784,0.00501049976757148,0.0756361840966852,0.0617539624560708,"Hspa8/Glud1/mt-Nd4/Psap/Gdf10/L1cam/Hspa5/Abl2",8
"GO:0010876","lipid localization","16/325","284/11892",0.0563380281690141,2.06145178764897,3.03473829739145,0.00502738026795268,0.0756361840966852,0.0617539624560708,"Cd36/Il1b/Thbs1/Slc10a2/Ptgs2/Psap/Cideb/Lpl/Stard5/Nmb/Fabp2/Cyp4a10/Inhba/Lpcat3/Gramd1b/Ppara",16
"GO:0048514","blood vessel morphogenesis","22/325","443/11892",0.0496613995485327,1.81714881055739,2.93805377618085,0.00508802426361299,0.0756361840966852,0.0617539624560708,"Hspb1/Ereg/Cd36/Il1b/Thbs1/Pnpla6/C5ar1/Nr4a1/Apold1/Ptgs2/Fap/Aqp1/Pik3r2/Asb4/Jun/Amotl2/Anxa3/Sparc/Tnfrsf12a/Bsg/Tgfa/Tnfrsf1a",22
"GO:0009262","deoxyribonucleotide metabolic process","4/325","26/11892",0.153846153846154,5.62934911242604,3.96090966426129,0.00508892394356428,0.0756361840966852,0.0617539624560708,"Tymp/Upp1/Ada/Samhd1",4
"GO:0019692","deoxyribose phosphate metabolic process","4/325","26/11892",0.153846153846154,5.62934911242604,3.96090966426129,0.00508892394356428,0.0756361840966852,0.0617539624560708,"Tymp/Upp1/Ada/Samhd1",4
"GO:0032633","interleukin-4 production","4/325","26/11892",0.153846153846154,5.62934911242604,3.96090966426129,0.00508892394356428,0.0756361840966852,0.0617539624560708,"Zg16/H2-T23/Slc7a5/Icosl",4
"GO:1901137","carbohydrate derivative biosynthetic process","19/325","363/11892",0.0523415977961433,1.91521932612842,2.96840515728668,0.00519124153746708,0.0768136932185174,0.0627153522322704,"Il1b/Upp1/mt-Atp6/mt-Nd4/Ada/Ces2a/Gal3st2/Pgap1/B3gnt7/mt-Atp8/B4galt5/Cwh43/mt-Nd1/St3gal6/B3galt5/B3gnt5/Pigz/B3galt1/Ppara",19
"GO:0051402","neuron apoptotic process","14/325","235/11892",0.0595744680851064,2.17987561374795,3.06208512771044,0.00522805894116955,0.0768136932185174,0.0627153522322704,"Hsph1/Hspd1/Hsp90ab1/Grina/Il1b/C5ar1/Epha4/Gch1/Ubb/Rb1/Nr4a2/Jun/Btg2/Tnfrsf1a",14
"GO:0032640","tumor necrosis factor production","9/325","119/11892",0.0756302521008403,2.76736910148675,3.24786275519909,0.00529945857123832,0.0768136932185174,0.0627153522322704,"Hspb1/Hspd1/Cd36/Thbs1/Zg16/Oas1g/Lpl/H2-T23/Tnfrsf1a",9
"GO:0000041","transition metal ion transport","6/325","59/11892",0.101694915254237,3.72109517601043,3.51206712807421,0.00530520476789257,0.0768136932185174,0.0627153522322704,"Tfrc/Trf/Mcoln1/Dnm2/B2m/Fkbp4",6
"GO:1905897","regulation of response to endoplasmic reticulum stress","6/325","59/11892",0.101694915254237,3.72109517601043,3.51206712807421,0.00530520476789257,0.0768136932185174,0.0627153522322704,"Grina/Usp13/Creb3/Igtp/Lpcat3/Hspa5",6
"GO:0045862","positive regulation of proteolysis","10/325","141/11892",0.0709219858156028,2.59509001636661,3.19372738521937,0.00531091801962413,0.0768136932185174,0.0627153522322704,"Hspa8/Hspa1b/Il1b/Cldn4/Epha4/Adra2a/Usp13/Trf/Trib3/Antxr1",10
"GO:0019693","ribose phosphate metabolic process","13/325","211/11892",0.0616113744075829,2.25440758293839,3.08162925667137,0.00531402381191588,0.0768136932185174,0.0627153522322704,"Hspa8/Hspa1b/Upp1/mt-Atp6/mt-Nd4/Ada/Pklr/Prkaa2/mt-Atp8/mt-Nd1/Pde9a/Nudt5/Ppara",13
"GO:1903131","mononuclear cell differentiation","18/325","338/11892",0.0532544378698225,1.94862084660901,2.96568714797876,0.00540687380307197,0.077850534523919,0.0635618922820015,"Hspb1/Btnl6/Il1b/Nfil3/Ada/Slc4a2/Psap/Lgals1/Rb1/Igtp/Erbb2/Cd74/Jun/Hsp90aa1/Themis/Ubd/B2m/Abl2",18
"GO:0061448","connective tissue development","12/325","188/11892",0.0638297872340425,2.33558101472995,3.09401565830646,0.005524766424718,0.0792384787607414,0.0646950940334579,"Serpinh1/Thbs1/Arid5b/Bmp8b/Ubb/Sulf2/Rb1/Efemp1/Col5a1/Lpl/Hmgcs2/Bgn",12
"GO:0097530","granulocyte migration","8/325","99/11892",0.0808080808080808,2.95682983682984,3.27717031222201,0.00566459513342187,0.0809290607046241,0.0660753875416284,"Il1b/Thbs1/Dpep1/C5ar1/Pde4b/Ccl7/Cd74/Bsg",8
"GO:0043603","amide metabolic process","16/325","288/11892",0.0555555555555556,2.03282051282051,2.97411488744062,0.00573782234079843,0.0813819901325419,0.0664451865633656,"Cd36/Dpep1/Epha4/Ada/Psap/Hagh/Plpp1/B4galt5/Hmgcs2/Smpdl3b/Galc/Npl/Cpe/Pcsk1n/B3galt1/Tnfrsf1a",16
"GO:0016032","viral process","13/325","213/11892",0.0610328638497653,2.23323943661972,3.04421189736966,0.00574458196763382,0.0813819901325419,0.0664451865633656,"Hspa8/Hsp90ab1/Top2a/Creb3/Isg15/Lgals1/Hexim1/Cd74/Jun/Rrp1b/Oas1g/Dynlt1a/Bsg",13
"GO:0031343","positive regulation of cell killing","6/325","60/11892",0.1,3.65907692307692,3.46113028891282,0.00576253375599388,0.0813819901325419,0.0664451865633656,"Hspa8/H2-K1/H2-Q2/H2-T23/B2m/Ulbp1",6
"GO:0050890","cognition","14/325","238/11892",0.0588235294117647,2.15239819004525,3.01019092009196,0.00583516398927903,0.081510649150119,0.0665502315790017,"Il1b/Elavl4/Glud1/C5ar1/Btbd9/Ptgs2/Camk2n1/Nr4a2/Jun/Slc1a4/Btg2/Arc/B2m/Abl2",14
"GO:0042304","regulation of fatty acid biosynthetic process","4/325","27/11892",0.148148148148148,5.4208547008547,3.85473701669869,0.00584746209373669,0.081510649150119,0.0665502315790017,"Il1b/Ptgs2/Cd74/Trib3",4
"GO:0060338","regulation of type I interferon-mediated signaling pathway","4/325","27/11892",0.148148148148148,5.4208547008547,3.85473701669869,0.00584746209373669,0.081510649150119,0.0665502315790017,"Irf7/Isg15/Oas1g/Samhd1",4
"GO:0048143","astrocyte activation","3/325","14/11892",0.214285714285714,7.84087912087912,4.29284073193847,0.00588436924253348,0.081510649150119,0.0665502315790017,"Il1b/C5ar1/C1qa",3
"GO:0060339","negative regulation of type I interferon-mediated signaling pathway","3/325","14/11892",0.214285714285714,7.84087912087912,4.29284073193847,0.00588436924253348,0.081510649150119,0.0665502315790017,"Isg15/Oas1g/Samhd1",3
"GO:0071706","tumor necrosis factor superfamily cytokine production","9/325","121/11892",0.0743801652892562,2.72162746344565,3.19055098823506,0.00590432537251269,0.081510649150119,0.0665502315790017,"Hspb1/Hspd1/Cd36/Thbs1/Zg16/Oas1g/Lpl/H2-T23/Tnfrsf1a",9
"GO:0033559","unsaturated fatty acid metabolic process","8/325","100/11892",0.08,2.92726153846154,3.24404911975401,0.00601508982906419,0.0818141000366442,0.0667979872646903,"Il1b/Ces2a/Ptgs2/Cd74/Cyp4f14/Scd1/Cyp4a10/Tnfrsf1a",8
"GO:0051592","response to calcium ion","8/325","100/11892",0.08,2.92726153846154,3.24404911975401,0.00601508982906419,0.0818141000366442,0.0667979872646903,"Thbs1/Dpep1/Calm1/Fosb/Prkaa2/Jun/Mcoln1/mt-Cytb",8
"GO:0071774","response to fibroblast growth factor","8/325","100/11892",0.08,2.92726153846154,3.24404911975401,0.00601508982906419,0.0818141000366442,0.0667979872646903,"Thbs1/Epha4/Flrt3/Nr4a1/Sulf2/Erbb2/Tnc/Spry4",8
"GO:1903038","negative regulation of leukocyte cell-cell adhesion","8/325","100/11892",0.08,2.92726153846154,3.24404911975401,0.00601508982906419,0.0818141000366442,0.0667979872646903,"Hspb1/Ido1/Slc4a2/Lgals1/Erbb2/Cd74/H2-T23/Ppara",8
"GO:0090659","walking behavior","5/325","43/11892",0.116279069767442,4.25474060822898,3.58385361914904,0.00607378259902278,0.0823086862499925,0.0672017974094664,"Epha4/Abhd12/Psap/Cwh43/Abl2",5
"GO:0009117","nucleotide metabolic process","16/325","290/11892",0.0551724137931034,2.01880106100796,2.94416712649216,0.0061224446734489,0.0826642163601928,0.0674920737281296,"Hspa8/Hspa1b/Tymp/Upp1/mt-Atp6/Ido1/mt-Nd4/Ada/Pklr/Prkaa2/mt-Atp8/mt-Nd1/Samhd1/Pde9a/Nudt5/Ppara",16
"GO:0002694","regulation of leukocyte activation","19/325","369/11892",0.0514905149051491,1.88407754846779,2.89175347407782,0.00616511104794058,0.0829364938784999,0.0677143775876378,"Hsph1/Hspb1/Hspd1/Il1b/Thbs1/Tfrc/Ido1/Ada/Slc4a2/Lgals1/Erbb2/Cd74/Hsp90aa1/H2-T23/Ywhag/B2m/Icosl/Ulbp1/Abl2",19
"GO:0030336","negative regulation of cell migration","13/325","215/11892",0.0604651162790698,2.21246511627907,3.00720714460632,0.00620259518044088,0.0831373303094731,0.0678783526158105,"Dusp1/Dnaja4/Thbs1/Dpep1/Ptprr/Epha4/Ada/Abhd6/Pik3r2/Cd74/Srgap3/Fignl2/Padi2",13
"GO:0032890","regulation of organic acid transport","6/325","61/11892",0.0983606557377049,3.5990920554855,3.41127203765474,0.00624798725405863,0.0834423225306526,0.0681273667404791,"Cldn2/Il1b/Thbs1/Slc43a1/Cyp4a10/Slc7a5",6
"GO:0009166","nucleotide catabolic process","8/325","101/11892",0.0792079207920792,2.89827875095202,3.21133679789867,0.00638183442650363,0.0849221721880592,0.0693356056445901,"Tymp/Upp1/Ada/Pklr/Prkaa2/Samhd1/Pde9a/Ppara",8
"GO:0097529","myeloid leukocyte migration","10/325","145/11892",0.0689655172413793,2.52350132625995,3.09388278250824,0.00644715621462314,0.0852024088113012,0.0695644077995003,"Dusp1/Il1b/Thbs1/Dpep1/C5ar1/Creb3/Pde4b/Ccl7/Cd74/Bsg",10
"GO:0006979","response to oxidative stress","15/325","266/11892",0.056390977443609,2.06338924233661,2.94007509853141,0.0064491242697648,0.0852024088113012,0.0695644077995003,"Hspb1/Hspa8/Cd36/Gch1/Cryab/Ptgs2/Psap/Prkaa2/Aqp1/Nr4a2/Jun/mt-Nd1/Car3/Slc23a2/Aldh1a1",15
"GO:0001889","liver development","9/325","123/11892",0.0731707317073171,2.67737335834897,3.13438988690996,0.00656112665132606,0.0863725458456709,0.0705197785569218,"Ada/Sulf2/Mki67/Jun/Mpst/Hmgcs2/Slc7a5/Foxa3/Tgfa",9
"GO:0006953","acute-phase response","4/325","28/11892",0.142857142857143,5.22725274725275,3.75372250360682,0.00667773052663084,0.0863828917610377,0.0705282255889444,"Il1b/Tfrc/Ptgs2/Saa3",4
"GO:0007616","long-term memory","4/325","28/11892",0.142857142857143,5.22725274725275,3.75372250360682,0.00667773052663084,0.0863828917610377,0.0705282255889444,"Glud1/Btbd9/Camk2n1/Arc",4
"GO:0045923","positive regulation of fatty acid metabolic process","4/325","28/11892",0.142857142857143,5.22725274725275,3.75372250360682,0.00667773052663084,0.0863828917610377,0.0705282255889444,"Il1b/Ptgs2/Cd74/Ppara",4
"GO:0006692","prostanoid metabolic process","5/325","44/11892",0.113636363636364,4.15804195804196,3.51772765901884,0.00670252497114942,0.0863828917610377,0.0705282255889444,"Il1b/Ces2a/Ptgs2/Cd74/Tnfrsf1a",5
"GO:0006693","prostaglandin metabolic process","5/325","44/11892",0.113636363636364,4.15804195804196,3.51772765901884,0.00670252497114942,0.0863828917610377,0.0705282255889444,"Il1b/Ces2a/Ptgs2/Cd74/Tnfrsf1a",5
"GO:1903053","regulation of extracellular matrix organization","5/325","44/11892",0.113636363636364,4.15804195804196,3.51772765901884,0.00670252497114942,0.0863828917610377,0.0705282255889444,"Rb1/Fap/Antxr1/Tnfrsf1a/Abl2",5
"GO:0002690","positive regulation of leukocyte chemotaxis","6/325","62/11892",0.0967741935483871,3.54104218362283,3.36245011174502,0.00676252681244191,0.0865509508009058,0.0706654391694861,"Il1b/Thbs1/C5ar1/Creb3/Ccl7/Cd74",6
"GO:0045824","negative regulation of innate immune response","6/325","62/11892",0.0967741935483871,3.54104218362283,3.36245011174502,0.00676252681244191,0.0865509508009058,0.0706654391694861,"Isg15/Cd96/Oas1g/Samhd1/Smpdl3b/H2-T23",6
"GO:0061008","hepaticobiliary system development","9/325","124/11892",0.0725806451612903,2.65578163771712,3.10672689419371,0.00690988073264387,0.0876887036432974,0.0715943695108625,"Ada/Sulf2/Mki67/Jun/Mpst/Hmgcs2/Slc7a5/Foxa3/Tgfa",9
"GO:0043410","positive regulation of MAPK cascade","17/325","320/11892",0.053125,1.94388461538462,2.86899760958717,0.00693179043825314,0.0876887036432974,0.0715943695108625,"Cd36/Il1b/Thbs1/C5ar1/Epha4/Adra2a/Atp6v0c/Psap/Ccdc88c/Erbb2/Cd74/Jun/Lpar3/Nenf/Inhba/Tgfa/Abl2",17
"GO:0002832","negative regulation of response to biotic stimulus","7/325","82/11892",0.0853658536585366,3.12360225140713,3.2344143618642,0.0070371472891537,0.0876887036432974,0.0715943695108625,"Isg15/Igtp/Cd96/Oas1g/Samhd1/Smpdl3b/H2-T23",7
"GO:0061041","regulation of wound healing","7/325","82/11892",0.0853658536585366,3.12360225140713,3.2344143618642,0.0070371472891537,0.0876887036432974,0.0715943695108625,"Cd36/Thbs1/Cldn4/Adra2a/Vil1/Thbd/Tnfrsf12a",7
"GO:0061564","axon development","18/325","347/11892",0.0518731988472622,1.89808024828198,2.84592477215768,0.00704361978007656,0.0876887036432974,0.0715943695108625,"Epha4/Flrt3/Nrep/Lamc2/Erbb2/Nr4a2/Jun/B4galt5/Lpar3/Dynlt1a/L1cam/Tnc/Enah/Atoh1/Dnm2/Tnfrsf12a/Bsg/Unc5a",18
"GO:0009150","purine ribonucleotide metabolic process","12/325","194/11892",0.0618556701030928,2.26334655035686,2.97377466743737,0.00705161197894367,0.0876887036432974,0.0715943695108625,"Hspa8/Hspa1b/mt-Atp6/mt-Nd4/Ada/Pklr/Prkaa2/mt-Atp8/mt-Nd1/Pde9a/Nudt5/Ppara",12
"GO:0002836","positive regulation of response to tumor cell","3/325","15/11892",0.2,7.31815384615385,4.10414740218437,0.00720826836785652,0.0876887036432974,0.0715943695108625,"Hspd1/Ywhag/Ulbp1",3
"GO:0002839","positive regulation of immune response to tumor cell","3/325","15/11892",0.2,7.31815384615385,4.10414740218437,0.00720826836785652,0.0876887036432974,0.0715943695108625,"Hspd1/Ywhag/Ulbp1",3
"GO:0019886","antigen processing and presentation of exogenous peptide antigen via MHC class II","3/325","15/11892",0.2,7.31815384615385,4.10414740218437,0.00720826836785652,0.0876887036432974,0.0715943695108625,"Ctse/Cd74/B2m",3
"GO:0032536","regulation of cell projection size","3/325","15/11892",0.2,7.31815384615385,4.10414740218437,0.00720826836785652,0.0876887036432974,0.0715943695108625,"Cdhr5/Vil1/Ezr",3
"GO:0040037","negative regulation of fibroblast growth factor receptor signaling pathway","3/325","15/11892",0.2,7.31815384615385,4.10414740218437,0.00720826836785652,0.0876887036432974,0.0715943695108625,"Thbs1/Sulf2/Spry4",3
"GO:0043032","positive regulation of macrophage activation","3/325","15/11892",0.2,7.31815384615385,4.10414740218437,0.00720826836785652,0.0876887036432974,0.0715943695108625,"Hspd1/Thbs1/Ulbp1",3
"GO:0045723","positive regulation of fatty acid biosynthetic process","3/325","15/11892",0.2,7.31815384615385,4.10414740218437,0.00720826836785652,0.0876887036432974,0.0715943695108625,"Il1b/Ptgs2/Cd74",3
"GO:0072567","chemokine (C-X-C motif) ligand 2 production","3/325","15/11892",0.2,7.31815384615385,4.10414740218437,0.00720826836785652,0.0876887036432974,0.0715943695108625,"Cd74/Oas1g/Lpl",3
"GO:2000341","regulation of chemokine (C-X-C motif) ligand 2 production","3/325","15/11892",0.2,7.31815384615385,4.10414740218437,0.00720826836785652,0.0876887036432974,0.0715943695108625,"Cd74/Oas1g/Lpl",3
"GO:0001894","tissue homeostasis","11/325","171/11892",0.064327485380117,2.35379217273954,2.98887824019457,0.00731457417983198,0.0883984276290514,0.0721738311652791,"Tff3/Slc28a2/Tfrc/Htr4/Ada/Ptgs2/Slc4a2/Rb1/Trf/Aldh1a1/Bsg",11
"GO:0060249","anatomical structure homeostasis","11/325","171/11892",0.064327485380117,2.35379217273954,2.98887824019457,0.00731457417983198,0.0883984276290514,0.0721738311652791,"Tff3/Slc28a2/Tfrc/Htr4/Ada/Ptgs2/Slc4a2/Rb1/Trf/Aldh1a1/Bsg",11
"GO:2001233","regulation of apoptotic signaling pathway","15/325","270/11892",0.0555555555555556,2.03282051282051,2.87744349228016,0.00736390817316597,0.0885535909450066,0.0723005158956432,"Hspb1/Dnaja1/Hspa1b/Grina/Il1b/Thbs1/Creb3/Ptgs2/Ubb/Plekhf1/Rb1/Nr4a2/Cd74/Tnfrsf12a/Inhba",15
"GO:0010658","striated muscle cell apoptotic process","5/325","45/11892",0.111111111111111,4.06564102564103,3.45353501999003,0.00737546186112779,0.0885535909450066,0.0723005158956432,"Bag3/Hspa8/Gch1/Hsp90aa1/Dynlt1a",5
"GO:0120039","plasma membrane bounded cell projection morphogenesis","22/325","458/11892",0.0480349344978166,1.75763520322472,2.77162387103408,0.00743978670252094,0.0890358889139357,0.0726942931732993,"Elavl4/Epha4/Flrt3/Ubb/Vil1/Lamc2/Erbb2/Nr4a2/B4galt5/Nyap1/Lpar3/Dynlt1a/L1cam/Arc/Enah/Atoh1/Dnm2/Slc23a2/Tnfrsf12a/Bsg/Unc5a/Abl2",22
"GO:0044058","regulation of digestive system process","4/325","29/11892",0.137931034482759,5.04700265251989,3.6574274919103,0.00758247118268316,0.0901580283205488,0.0736104757599021,"Cldn2/Tymp/Aqp1/Lpcat3",4
"GO:1904036","negative regulation of epithelial cell apoptotic process","4/325","29/11892",0.137931034482759,5.04700265251989,3.6574274919103,0.00758247118268316,0.0901580283205488,0.0736104757599021,"Rb1/Prkaa2/Atoh1/Ppara",4
"GO:0002237","response to molecule of bacterial origin","14/325","247/11892",0.0566801619433198,2.07397072563064,2.85898367784002,0.00800302194199177,0.0947570295768482,0.0773653789759857,"Cd36/Il1b/C5ar1/Ido1/Nr4a1/Gch1/Ptgs2/Pde4b/Igtp/Cd96/Thbd/Hmgcs2/Slc7a5/B2m",14
"GO:0050792","regulation of viral process","8/325","105/11892",0.0761904761904762,2.78786813186813,3.08438791844333,0.00802067097883251,0.0947570295768482,0.0773653789759857,"Top2a/Isg15/Lgals1/Hexim1/Cd74/Oas1g/Dynlt1a/Bsg",8
"GO:0042698","ovulation cycle","5/325","46/11892",0.108695652173913,3.97725752508361,3.39117307634196,0.00809410105327713,0.0953190302951422,0.0778242304063202,"Ereg/Hspa8/Erbb2/Gdf10/Inhba",5
"GO:0043254","regulation of protein-containing complex assembly","15/325","274/11892",0.0547445255474453,2.00314430095452,2.81587588003375,0.00837978135834594,0.0983057311438872,0.080262753902497,"Hspa8/Hspa1b/Cd36/Xaf1/Tfrc/Cryab/Isg15/Mapre3/Vil1/Igtp/Pik3r2/Hsp90aa1/Rhoc/Hspa5/Fkbp4",15
"GO:0030902","hindbrain development","9/325","128/11892",0.0703125,2.57278846153846,2.99873641514185,0.00844887958287509,0.0983057311438872,0.080262753902497,"Hspa8/Glud1/C5ar1/mt-Nd4/Psap/Gdf10/L1cam/Hspa5/Abl2",9
"GO:0006119","oxidative phosphorylation","7/325","85/11892",0.0823529411764706,3.01335746606335,3.12249012096285,0.0085271548375144,0.0983057311438872,0.080262753902497,"mt-Co2/mt-Atp6/mt-Nd4/mt-Atp8/mt-Nd1/mt-Cytb/mt-Co3",7
"GO:1902745","positive regulation of lamellipodium organization","4/325","30/11892",0.133333333333333,4.87876923076923,3.56546445795659,0.00856429891763322,0.0983057311438872,0.080262753902497,"Vil1/Aqp1/Hsp90aa1/Dnm2",4
"GO:0002495","antigen processing and presentation of peptide antigen via MHC class II","3/325","16/11892",0.1875,6.86076923076923,3.93205895155149,0.00869442982987174,0.0983057311438872,0.080262753902497,"Ctse/Cd74/B2m",3
"GO:0009162","deoxyribonucleoside monophosphate metabolic process","3/325","16/11892",0.1875,6.86076923076923,3.93205895155149,0.00869442982987174,0.0983057311438872,0.080262753902497,"Tymp/Upp1/Ada",3
"GO:0032753","positive regulation of interleukin-4 production","3/325","16/11892",0.1875,6.86076923076923,3.93205895155149,0.00869442982987174,0.0983057311438872,0.080262753902497,"H2-T23/Slc7a5/Icosl",3
"GO:0035455","response to interferon-alpha","3/325","16/11892",0.1875,6.86076923076923,3.93205895155149,0.00869442982987174,0.0983057311438872,0.080262753902497,"Oas1g/Ifit1/Tgtp1",3
"GO:0044241","lipid digestion","3/325","16/11892",0.1875,6.86076923076923,3.93205895155149,0.00869442982987174,0.0983057311438872,0.080262753902497,"Cd36/Aqp1/Lpcat3",3
"GO:0046596","regulation of viral entry into host cell","3/325","16/11892",0.1875,6.86076923076923,3.93205895155149,0.00869442982987174,0.0983057311438872,0.080262753902497,"Lgals1/Cd74/Bsg",3
"GO:0097284","hepatocyte apoptotic process","3/325","16/11892",0.1875,6.86076923076923,3.93205895155149,0.00869442982987174,0.0983057311438872,0.080262753902497,"Rb1/Prkaa2/Ppara",3
"GO:1900407","regulation of cellular response to oxidative stress","3/325","16/11892",0.1875,6.86076923076923,3.93205895155149,0.00869442982987174,0.0983057311438872,0.080262753902497,"Hspb1/Cd36/Gch1",3
"GO:2000178","negative regulation of neural precursor cell proliferation","3/325","16/11892",0.1875,6.86076923076923,3.93205895155149,0.00869442982987174,0.0983057311438872,0.080262753902497,"Il1b/Btg2/Pde9a",3
"GO:0007420","brain development","22/325","465/11892",0.0473118279569892,1.73117617866005,2.69601869174112,0.0088084258116156,0.0992634241618852,0.081044672495882,"Hspa8/Elavl4/Glud1/C5ar1/mt-Nd4/Ubb/Pgap1/Psap/Selenop/Aqp1/Nr4a2/Gdf10/Tubb2a/Cwh43/Btg2/L1cam/Anxa3/Atoh1/Inhba/B2m/Hspa5/Abl2",22
"GO:0042551","neuron maturation","5/325","47/11892",0.106382978723404,3.89263502454992,3.33054678831088,0.00885992038775373,0.0992634241618852,0.081044672495882,"Rb1/Nr4a2/C1qa/B4galt5/Abl2",5
"GO:0170041","non-proteinogenic amino acid metabolic process","5/325","47/11892",0.106382978723404,3.89263502454992,3.33054678831088,0.00885992038775373,0.0992634241618852,0.081044672495882,"P4ha1/Dpep1/Ido1/Mpst/Aldh1a1",5
"GO:0032388","positive regulation of intracellular transport","8/325","107/11892",0.0747663551401869,2.73575844716032,3.02313043226629,0.00894979110102587,0.0999664545405495,0.0816186690839966,"Bag3/Hsp90ab1/Ptgs2/Pgap1/Pik3r2/Hsp90aa1/Ezr/Tnfrsf1a",8
"GO:0031341","regulation of cell killing","7/325","86/11892",0.0813953488372093,2.97831842576029,3.08627438526751,0.00907183460540649,0.101023511648122,0.0824817145392182,"Hspa8/H2-K1/Hsp90ab1/H2-Q2/H2-T23/B2m/Ulbp1",7
"GO:0021954","central nervous system neuron development","6/325","66/11892",0.0909090909090909,3.32643356643357,3.17675840790536,0.009130594631321,0.10137160184051,0.0827659164582966,"Epha4/Ubb/Nr4a2/B4galt5/Btg2/L1cam",6
"GO:0034655","nucleobase-containing compound catabolic process","17/325","330/11892",0.0515151515151515,1.88497902097902,2.73283848675598,0.00928230745847295,0.102746502378172,0.0838884685436199,"Hspa1b/Tymp/Elavl4/Rnps1/Upp1/Ada/Pklr/Prkaa2/Etf1/Btg2/Samhd1/Fastk/Entpd3/Pde9a/Nudt5/Dcp2/Ppara",17
"GO:1905952","regulation of lipid localization","8/325","108/11892",0.0740740740740741,2.71042735042735,2.99302707533478,0.0094434274660396,0.104216986945575,0.0850890612209493,"Cd36/Il1b/Thbs1/Lpl/Nmb/Cyp4a10/Lpcat3/Ppara",8
"GO:0002218","activation of innate immune response","12/325","202/11892",0.0594059405940594,2.17370906321401,2.82013169500127,0.00958393018052633,0.104758054390719,0.0855308214590245,"Hspd1/Hspa8/Hspa1b/Wdfy1/Cd36/Irf7/Igtp/Hexim1/Ddx60/Hsp90aa1/Oas1g/Smpdl3b",12
"GO:0032728","positive regulation of interferon-beta production","4/325","31/11892",0.129032258064516,4.72138957816377,3.47748954734966,0.00962569702260507,0.104758054390719,0.0855308214590245,"Irf7/Isg15/Hsp90aa1/Oas1g",4
"GO:0045740","positive regulation of DNA replication","4/325","31/11892",0.129032258064516,4.72138957816377,3.47748954734966,0.00962569702260507,0.104758054390719,0.0855308214590245,"Cacybp/Ereg/Wiz/Jun",4
"GO:1903351","cellular response to dopamine","4/325","31/11892",0.129032258064516,4.72138957816377,3.47748954734966,0.00962569702260507,0.104758054390719,0.0855308214590245,"Htr4/Htr3a/Gna11/Dnm2",4
"GO:0009205","purine ribonucleoside triphosphate metabolic process","10/325","154/11892",0.0649350649350649,2.37602397602398,2.88091079719873,0.00969139895475726,0.104758054390719,0.0855308214590245,"Hspa8/Hspa1b/mt-Atp6/mt-Nd4/Pklr/Prkaa2/mt-Atp8/mt-Nd1/Nudt5/Ppara",10
"GO:0021953","central nervous system neuron differentiation","10/325","154/11892",0.0649350649350649,2.37602397602398,2.88091079719873,0.00969139895475726,0.104758054390719,0.0855308214590245,"Elavl4/Epha4/Ubb/Psap/Nr4a2/B4galt5/Btg2/L1cam/Inhba/B2m",10
"GO:0043542","endothelial cell migration","10/325","154/11892",0.0649350649350649,2.37602397602398,2.88091079719873,0.00969139895475726,0.104758054390719,0.0855308214590245,"Hspb1/Dnaja4/Thbs1/Nr4a1/Ptgs2/Fap/Pik3r2/Anxa3/Sparc/Bsg",10
"GO:0043524","negative regulation of neuron apoptotic process","9/325","131/11892",0.0687022900763359,2.51386964180857,2.9204011117257,0.00976435523227646,0.104930097613568,0.0856712879678985,"Hsph1/Hspd1/Hsp90ab1/Grina/C5ar1/Epha4/Nr4a2/Jun/Btg2",9
"GO:0022411","cellular component disassembly","15/325","279/11892",0.0537634408602151,1.96724565756824,2.74035722270065,0.00980327601183416,0.104930097613568,0.0856712879678985,"Hspa8/Il1b/Calm1/Epha4/Top2a/Vil1/Igtp/Fap/Ccdc88c/Prkaa2/Adamts15/C1qa/Etf1/Mcoln1/Sh3gl1",15
"GO:0042116","macrophage activation","6/325","67/11892",0.0895522388059701,3.27678530424799,3.13256007482029,0.00980478679215259,0.104930097613568,0.0856712879678985,"Hspd1/Thbs1/C5ar1/C1qa/Jun/Ulbp1",6
"GO:0051223","regulation of protein transport","17/325","332/11892",0.0512048192771084,1.87362372567192,2.70616982436191,0.00982118385151407,0.104930097613568,0.0856712879678985,"Bag3/Dnaja1/Hsp90ab1/Cd36/Il1b/Xpo1/Glud1/Adra2a/Ptgs2/Camk2n1/Gna11/Pik3r2/Hsp90aa1/Cwh43/Ube2g2/Bsg/Tnfrsf1a",17
"GO:2000146","negative regulation of cell motility","13/325","228/11892",0.0570175438596491,2.08631578947368,2.77613295940232,0.00993394791300138,0.105768831548476,0.0863560811597492,"Dusp1/Dnaja4/Thbs1/Dpep1/Ptprr/Epha4/Ada/Abhd6/Pik3r2/Cd74/Srgap3/Fignl2/Padi2",13
"GO:0043409","negative regulation of MAPK cascade","8/325","109/11892",0.073394495412844,2.68556104446013,2.96326367979154,0.00995707665418374,0.105768831548476,0.0863560811597492,"Dnaja1/Dusp1/Il1b/Ptprr/Epha4/Pik3r2/Spry4/Ezr",8
"GO:0002697","regulation of immune effector process","15/325","280/11892",0.0535714285714286,1.96021978021978,2.72544016838909,0.0101096666066254,0.106774301180576,0.087177007475017,"Hspd1/Hspa8/H2-K1/H2-Q2/Cd36/Il1b/Tfrc/Lgals1/Cd96/Cd74/Ddx60/H2-T23/Ywhag/B2m/Ulbp1",15
"GO:0030098","lymphocyte differentiation","15/325","280/11892",0.0535714285714286,1.96021978021978,2.72544016838909,0.0101096666066254,0.106774301180576,0.087177007475017,"Hspb1/Btnl6/Il1b/Nfil3/Ada/Slc4a2/Psap/Lgals1/Igtp/Erbb2/Cd74/Hsp90aa1/Themis/B2m/Abl2",15
"GO:0003094","glomerular filtration","3/325","17/11892",0.176470588235294,6.45719457013575,3.77413640268046,0.0103468485886769,0.108041030872133,0.0882112423289915,"Sulf2/Aqp1/Jchain",3
"GO:0010878","cholesterol storage","3/325","17/11892",0.176470588235294,6.45719457013575,3.77413640268046,0.0103468485886769,0.108041030872133,0.0882112423289915,"Cd36/Lpl/Ppara",3
"GO:0032891","negative regulation of organic acid transport","3/325","17/11892",0.176470588235294,6.45719457013575,3.77413640268046,0.0103468485886769,0.108041030872133,0.0882112423289915,"Il1b/Thbs1/Slc43a1",3
"GO:0042430","indole-containing compound metabolic process","3/325","17/11892",0.176470588235294,6.45719457013575,3.77413640268046,0.0103468485886769,0.108041030872133,0.0882112423289915,"Btbd9/Ido1/Gch1",3
"GO:0006163","purine nucleotide metabolic process","14/325","255/11892",0.0549019607843137,2.00890497737557,2.72985977975011,0.0104268378304592,0.108568712551053,0.0886420736166606,"Hspa8/Hspa1b/mt-Atp6/Ido1/mt-Nd4/Ada/Pklr/Prkaa2/mt-Atp8/mt-Nd1/Samhd1/Pde9a/Nudt5/Ppara",14
"GO:0051851","host-mediated perturbation of symbiont process","6/325","68/11892",0.0882352941176471,3.22859728506787,3.08918804303965,0.0105136950444467,0.108916859855025,0.0889263221650963,"Hspa8/Sprr2a1/Cd74/Jun/Rrp1b/Trim59",6
"GO:0070373","negative regulation of ERK1 and ERK2 cascade","5/325","49/11892",0.102040816326531,3.73375196232339,3.21415477048167,0.0105388452000341,0.108916859855025,0.0889263221650963,"Dusp1/Ptprr/Epha4/Spry4/Ezr",5
"GO:0002703","regulation of leukocyte mediated immunity","11/325","180/11892",0.0611111111111111,2.23610256410256,2.80101690705745,0.0105489199588291,0.108916859855025,0.0889263221650963,"Hspd1/Hspa8/H2-K1/H2-Q2/Il1b/Tfrc/Cd96/H2-T23/Ywhag/B2m/Ulbp1",11
"GO:0140353","lipid export from cell","4/325","32/11892",0.125,4.57384615384615,3.39319641946076,0.0107690135282979,0.110569871491103,0.090275940998105,"Il1b/Ptgs2/Nmb/Inhba",4
"GO:1903350","response to dopamine","4/325","32/11892",0.125,4.57384615384615,3.39319641946076,0.0107690135282979,0.110569871491103,0.090275940998105,"Htr4/Htr3a/Gna11/Dnm2",4
"GO:0050852","T cell receptor signaling pathway","7/325","89/11892",0.0786516853932584,2.87792566983578,2.98069610780886,0.01085890676739,0.11087515330914,0.0905251915671908,"Btnl6/Ada/Pde4b/Rnf31/Themis/Ezr/Icosl",7
"GO:0097306","cellular response to alcohol","7/325","89/11892",0.0786516853932584,2.87792566983578,2.98069610780886,0.01085890676739,0.11087515330914,0.0905251915671908,"Ccl7/Prkaa2/Btg2/Tnc/Slc23a2/Inhba/Gramd1b",7
"GO:0048812","neuron projection morphogenesis","21/325","446/11892",0.047085201793722,1.72288375301828,2.60825185430445,0.0109093874487497,0.111082878828982,0.0906947912648311,"Elavl4/Epha4/Flrt3/Ubb/Lamc2/Erbb2/Nr4a2/B4galt5/Nyap1/Lpar3/Dynlt1a/L1cam/Arc/Enah/Atoh1/Dnm2/Slc23a2/Tnfrsf12a/Bsg/Unc5a/Abl2",21
"GO:0009199","ribonucleoside triphosphate metabolic process","10/325","157/11892",0.0636942675159236,2.33062224399804,2.81321912214685,0.0110114899690761,0.111813641944944,0.0912914305396218,"Hspa8/Hspa1b/mt-Atp6/mt-Nd4/Pklr/Prkaa2/mt-Atp8/mt-Nd1/Nudt5/Ppara",10
"GO:0006575","modified amino acid metabolic process","8/325","111/11892",0.0720720720720721,2.63717255717256,2.90472732309554,0.0110462941412621,0.111858901661242,0.0913283833136738,"P4ha1/Dpep1/Gch1/Abhd12/Crym/Hagh/Lpcat3/Dio1",8
"GO:0042752","regulation of circadian rhythm","6/325","69/11892",0.0869565217391304,3.18180602006689,3.04661333432895,0.0112582222934368,0.113581300982466,0.0927346544560845,"Sik1/Nr1d2/Top2a/Ada/Prkaa2/Ppara",6
"GO:0002443","leukocyte mediated immunity","17/325","337/11892",0.0504451038575668,1.84582515407441,2.64028661657868,0.0112780130655406,0.113581300982466,0.0927346544560845,"Hspd1/Hspa8/H2-K1/H2-Q2/Il1b/Irf7/Tfrc/Gzmb/Cd96/C1qa/Cd74/H2-T23/Anxa3/Ywhag/B2m/Icosl/Ulbp1",17
"GO:0046394","carboxylic acid biosynthetic process","12/325","207/11892",0.0579710144927536,2.12120401337793,2.72769595881362,0.0114938403872815,0.115264907545174,0.094109252840521,"Il1b/Ido1/Ptgs2/Pklr/Prkaa2/Cd74/Lpl/Scd1/Lta4h/Cyp4a10/Aldh1a1/Trib3",12
"GO:0034219","carbohydrate transmembrane transport","7/325","90/11892",0.0777777777777778,2.84594871794872,2.94648058380375,0.0115077281542659,0.115264907545174,0.094109252840521,"Slc5a3/Il1b/Aqp1/Slc2a9/Slc23a2/Trib3/Slc5a4b",7
"GO:0002521","leukocyte differentiation","20/325","421/11892",0.0475059382422803,1.73827882331445,2.58524270699183,0.0117183338474395,0.117056310465209,0.095571862700983,"Hspb1/Btnl6/Il1b/Nfil3/Tfrc/Ada/Slc4a2/Psap/Lgals1/Rb1/Igtp/Trf/Erbb2/Cd74/Jun/Hsp90aa1/Themis/Ubd/B2m/Abl2",20
"GO:0045732","positive regulation of protein catabolic process","9/325","135/11892",0.0666666666666667,2.43938461538462,2.8192655459833,0.0117518134197947,0.117073470987469,0.0955858735908766,"Hspa1b/Il1b/Adra2a/Ppp2r3a/Usp13/Trf/Hsp90aa1/Ezr/Trib3",9
"GO:0008285","negative regulation of cell population proliferation","21/325","450/11892",0.0466666666666667,1.70756923076923,2.56486627081541,0.0119774217854908,0.118232473426205,0.0965321533899303,"Ereg/Hspa1b/Dusp1/Il1b/Thbs1/Hmga1b/Ido1/Ptgs2/Slc4a2/Rb1/Fap/Erbb2/Ndrg1/Jun/Btg2/H2-T23/Sparc/Foxa3/Inhba/Pde9a/B2m",21
"GO:0042776","proton motive force-driven mitochondrial ATP synthesis","4/325","33/11892",0.121212121212121,4.43524475524476,3.31231112218552,0.0119964582369508,0.118232473426205,0.0965321533899303,"mt-Atp6/mt-Nd4/mt-Atp8/mt-Nd1",4
"GO:0071868","cellular response to monoamine stimulus","4/325","33/11892",0.121212121212121,4.43524475524476,3.31231112218552,0.0119964582369508,0.118232473426205,0.0965321533899303,"Htr4/Htr3a/Gna11/Dnm2",4
"GO:0071870","cellular response to catecholamine stimulus","4/325","33/11892",0.121212121212121,4.43524475524476,3.31231112218552,0.0119964582369508,0.118232473426205,0.0965321533899303,"Htr4/Htr3a/Gna11/Dnm2",4
"GO:0033077","T cell differentiation in thymus","6/325","70/11892",0.0857142857142857,3.13635164835165,3.00480840132078,0.0120392580151159,0.118337880116579,0.0966182137970986,"Il1b/Ada/Erbb2/Cd74/B2m/Abl2",6
"GO:0032098","regulation of appetite","3/325","18/11892",0.166666666666667,6.09846153846154,3.62841856151556,0.0121688089909118,0.118348891663591,0.0966272042911176,"Htr4/Nenf/Ppara",3
"GO:0036296","response to increased oxygen levels","3/325","18/11892",0.166666666666667,6.09846153846154,3.62841856151556,0.0121688089909118,0.118348891663591,0.0966272042911176,"mt-Atp6/Slc7a5/mt-Cytb",3
"GO:0045648","positive regulation of erythrocyte differentiation","3/325","18/11892",0.166666666666667,6.09846153846154,3.62841856151556,0.0121688089909118,0.118348891663591,0.0966272042911176,"Hspa1b/Isg15/Inhba",3
"GO:0090023","positive regulation of neutrophil chemotaxis","3/325","18/11892",0.166666666666667,6.09846153846154,3.62841856151556,0.0121688089909118,0.118348891663591,0.0966272042911176,"Il1b/C5ar1/Cd74",3
"GO:0070542","response to fatty acid","5/325","51/11892",0.0980392156862745,3.58733031674208,3.1037253049961,0.012423362123647,0.119875687926081,0.09787377324747,"Cd36/Ptgs2/Lpl/Hmgcs2/Scd1",5
"GO:0071260","cellular response to mechanical stimulus","5/325","51/11892",0.0980392156862745,3.58733031674208,3.1037253049961,0.012423362123647,0.119875687926081,0.09787377324747,"Bag3/Il1b/Ptgs2/Aqp1/Tnfrsf1a",5
"GO:0071496","cellular response to external stimulus","5/325","51/11892",0.0980392156862745,3.58733031674208,3.1037253049961,0.012423362123647,0.119875687926081,0.09787377324747,"Bag3/Il1b/Ptgs2/Aqp1/Tnfrsf1a",5
"GO:2001234","negative regulation of apoptotic signaling pathway","10/325","160/11892",0.0625,2.28692307692308,2.74705310477083,0.0124638034204384,0.119951904458841,0.0979360010417298,"Hspb1/Dnaja1/Hspa1b/Grina/Il1b/Creb3/Ptgs2/Rb1/Nr4a2/Cd74",10
"GO:0032680","regulation of tumor necrosis factor production","8/325","114/11892",0.0701754385964912,2.56777327935223,2.81929428590094,0.0128419295856794,0.122131383987387,0.0997154601536222,"Hspb1/Hspd1/Cd36/Thbs1/Oas1g/Lpl/H2-T23/Tnfrsf1a",8
"GO:0043123","positive regulation of canonical NF-kappaB signal transduction","8/325","114/11892",0.0701754385964912,2.56777327935223,2.81929428590094,0.0128419295856794,0.122131383987387,0.0997154601536222,"Cd36/Il1b/Tfrc/Rnf31/Cd74/Ubd/Tnfrsf1a/Abl2",8
"GO:1905954","positive regulation of lipid localization","6/325","71/11892",0.0845070422535211,3.09217768147346,2.96374703732637,0.0128576770948671,0.122131383987387,0.0997154601536222,"Cd36/Il1b/Lpl/Nmb/Cyp4a10/Lpcat3",6
"GO:2001243","negative regulation of intrinsic apoptotic signaling pathway","6/325","71/11892",0.0845070422535211,3.09217768147346,2.96374703732637,0.0128576770948671,0.122131383987387,0.0997154601536222,"Hspb1/Dnaja1/Grina/Creb3/Ptgs2/Cd74",6
"GO:0050868","negative regulation of T cell activation","7/325","92/11892",0.0760869565217391,2.78408026755853,2.87943846643573,0.0128888316616674,0.122131383987387,0.0997154601536222,"Hspb1/Ido1/Slc4a2/Lgals1/Erbb2/Cd74/H2-T23",7
"GO:0042176","regulation of protein catabolic process","13/325","236/11892",0.0550847457627119,2.01559322033898,2.64144472717033,0.0129831893170654,0.122131383987387,0.0997154601536222,"Hspa1b/Hsp90ab1/Il1b/Xpo1/Banp/Adra2a/Ppp2r3a/Usp13/Ubb/Trf/Hsp90aa1/Ezr/Trib3",13
"GO:0009611","response to wounding","18/325","370/11892",0.0486486486486487,1.78009147609148,2.55518860075635,0.0130992030147357,0.122131383987387,0.0997154601536222,"Cd36/Thbs1/Cldn4/Epha4/Flrt3/Adra2a/Sulf2/Vil1/Nrep/Aqp1/Erbb2/Jun/Col5a1/Thbd/Rhoc/Tnc/Tnfrsf12a/Ppara",18
"GO:0050865","regulation of cell activation","19/325","398/11892",0.0477386934673367,1.74679551604175,2.54008437830219,0.0131921338112805,0.122131383987387,0.0997154601536222,"Hsph1/Hspb1/Hspd1/Il1b/Thbs1/Tfrc/Ido1/Ada/Slc4a2/Lgals1/Erbb2/Cd74/Hsp90aa1/H2-T23/Ywhag/B2m/Icosl/Ulbp1/Abl2",19
"GO:0007611","learning or memory","12/325","211/11892",0.0568720379146919,2.08099161502005,2.65560845802527,0.0132228338978627,0.122131383987387,0.0997154601536222,"Il1b/Elavl4/Glud1/Btbd9/Ptgs2/Camk2n1/Nr4a2/Jun/Btg2/Arc/B2m/Abl2",12
"GO:0044282","small molecule catabolic process","12/325","211/11892",0.0568720379146919,2.08099161502005,2.65560845802527,0.0132228338978627,0.122131383987387,0.0997154601536222,"Dpep1/Upp1/Glud1/Cdo1/Ido1/Ada/Hagh/Adhfe1/Cyp4f14/Npl/Aldh1a1/Nudt5",12
"GO:0022604","regulation of cell morphogenesis","11/325","186/11892",0.0591397849462366,2.16397022332506,2.68185062602259,0.0132503132032516,0.122131383987387,0.0997154601536222,"Sprr2a1/Cldn4/Epha4/Vil1/Ccl7/Wdpcp/Arc/Ezr/Sparc/Slc23a2/Cdc42se2",11
"GO:0031669","cellular response to nutrient levels","11/325","186/11892",0.0591397849462366,2.16397022332506,2.68185062602259,0.0132503132032516,0.122131383987387,0.0997154601536222,"Upp1/Prkaa2/Jun/Lpl/Tnc/Slc7a5/Foxa3/Inhba/Ywhag/Hspa5/Ppara",11
"GO:0032886","regulation of microtubule-based process","11/325","186/11892",0.0591397849462366,2.16397022332506,2.68185062602259,0.0132503132032516,0.122131383987387,0.0997154601536222,"Hsph1/Chordc1/Hspa1b/Xpo1/Mapre3/Ccdc88c/Prkaa2/Erbb2/Plk4/Bicd2/Fkbp4",11
"GO:0006636","unsaturated fatty acid biosynthetic process","4/325","34/11892",0.117647058823529,4.3047963800905,3.23458779897473,0.0133101004288118,0.122131383987387,0.0997154601536222,"Il1b/Ptgs2/Cd74/Scd1",4
"GO:0015986","proton motive force-driven ATP synthesis","4/325","34/11892",0.117647058823529,4.3047963800905,3.23458779897473,0.0133101004288118,0.122131383987387,0.0997154601536222,"mt-Atp6/mt-Nd4/mt-Atp8/mt-Nd1",4
"GO:0032309","icosanoid secretion","4/325","34/11892",0.117647058823529,4.3047963800905,3.23458779897473,0.0133101004288118,0.122131383987387,0.0997154601536222,"Il1b/Ptgs2/Nmb/Cyp4a10",4
"GO:0045646","regulation of erythrocyte differentiation","4/325","34/11892",0.117647058823529,4.3047963800905,3.23458779897473,0.0133101004288118,0.122131383987387,0.0997154601536222,"Hspa1b/Isg15/Inhba/B2m",4
"GO:0071869","response to catecholamine","4/325","34/11892",0.117647058823529,4.3047963800905,3.23458779897473,0.0133101004288118,0.122131383987387,0.0997154601536222,"Htr4/Htr3a/Gna11/Dnm2",4
"GO:0032496","response to lipopolysaccharide","13/325","237/11892",0.0548523206751055,2.00708860759494,2.62498133380623,0.0134101221867943,0.122131383987387,0.0997154601536222,"Cd36/Il1b/Ido1/Nr4a1/Gch1/Ptgs2/Pde4b/Igtp/Cd96/Thbd/Hmgcs2/Slc7a5/B2m",13
"GO:0006754","ATP biosynthetic process","5/325","52/11892",0.0961538461538462,3.51834319526627,3.05057170376726,0.0134460226881652,0.122131383987387,0.0997154601536222,"mt-Atp6/mt-Nd4/mt-Atp8/mt-Nd1/Ppara",5
"GO:0042773","ATP synthesis coupled electron transport","5/325","52/11892",0.0961538461538462,3.51834319526627,3.05057170376726,0.0134460226881652,0.122131383987387,0.0997154601536222,"mt-Co2/mt-Nd4/mt-Nd1/mt-Cytb/mt-Co3",5
"GO:0140888","interferon-mediated signaling pathway","5/325","52/11892",0.0961538461538462,3.51834319526627,3.05057170376726,0.0134460226881652,0.122131383987387,0.0997154601536222,"Irf7/Isg15/Igtp/Oas1g/Samhd1",5
"GO:0046631","alpha-beta T cell activation","8/325","115/11892",0.0695652173913043,2.54544481605351,2.79142257874235,0.0134854783729969,0.122131383987387,0.0997154601536222,"Hsph1/Ada/Slc4a2/Psap/Lgals1/Igtp/H2-T23/Abl2",8
"GO:1903034","regulation of response to wounding","8/325","115/11892",0.0695652173913043,2.54544481605351,2.79142257874235,0.0134854783729969,0.122131383987387,0.0997154601536222,"Cd36/Thbs1/Cldn4/Epha4/Adra2a/Vil1/Thbd/Tnfrsf12a",8
"GO:0008643","carbohydrate transport","7/325","93/11892",0.0752688172043011,2.75414392059553,2.84658789765787,0.0136223481595692,0.122767665809711,0.100234959176961,"Slc5a3/Il1b/Aqp1/Slc2a9/Slc23a2/Trib3/Slc5a4b",7
"GO:0009260","ribonucleotide biosynthetic process","7/325","93/11892",0.0752688172043011,2.75414392059553,2.84658789765787,0.0136223481595692,0.122767665809711,0.100234959176961,"Upp1/mt-Atp6/mt-Nd4/Ada/mt-Atp8/mt-Nd1/Ppara",7
"GO:0040013","negative regulation of locomotion","13/325","238/11892",0.0546218487394958,1.99865546218487,2.60859799202836,0.0138477864382063,0.123123965530291,0.100525863852158,"Dusp1/Dnaja4/Thbs1/Dpep1/Ptprr/Epha4/Ada/Abhd6/Pik3r2/Cd74/Srgap3/Fignl2/Padi2",13
"GO:0007623","circadian rhythm","9/325","139/11892",0.0647482014388489,2.36918649695628,2.72167423321181,0.0140272727477984,0.123123965530291,0.100525863852158,"Sik1/Cldn4/Nfil3/Nr1d2/Btbd9/Top2a/Ada/Prkaa2/Ppara",9
"GO:0022408","negative regulation of cell-cell adhesion","9/325","139/11892",0.0647482014388489,2.36918649695628,2.72167423321181,0.0140272727477984,0.123123965530291,0.100525863852158,"Hspb1/Ido1/Slc4a2/Lgals1/Erbb2/Cd74/H2-T23/Ppara/Abl2",9
"GO:0070374","positive regulation of ERK1 and ERK2 cascade","8/325","116/11892",0.0689655172413793,2.52350132625995,2.76384341796895,0.0141522935925599,0.123123965530291,0.100525863852158,"Cd36/Il1b/C5ar1/Atp6v0c/Cd74/Jun/Inhba/Abl2",8
"GO:1903555","regulation of tumor necrosis factor superfamily cytokine production","8/325","116/11892",0.0689655172413793,2.52350132625995,2.76384341796895,0.0141522935925599,0.123123965530291,0.100525863852158,"Hspb1/Hspd1/Cd36/Thbs1/Oas1g/Lpl/H2-T23/Tnfrsf1a",8
"GO:0002675","positive regulation of acute inflammatory response","3/325","19/11892",0.157894736842105,5.77748987854251,3.49330772667825,0.0141629303811295,0.123123965530291,0.100525863852158,"Il1b/Ptgs2/H2-T23",3
"GO:0006505","GPI anchor metabolic process","3/325","19/11892",0.157894736842105,5.77748987854251,3.49330772667825,0.0141629303811295,0.123123965530291,0.100525863852158,"Pgap1/Cwh43/Pigz",3
"GO:0006506","GPI anchor biosynthetic process","3/325","19/11892",0.157894736842105,5.77748987854251,3.49330772667825,0.0141629303811295,0.123123965530291,0.100525863852158,"Pgap1/Cwh43/Pigz",3
"GO:0010664","negative regulation of striated muscle cell apoptotic process","3/325","19/11892",0.157894736842105,5.77748987854251,3.49330772667825,0.0141629303811295,0.123123965530291,0.100525863852158,"Bag3/Hspa8/Gch1",3
"GO:0032727","positive regulation of interferon-alpha production","3/325","19/11892",0.157894736842105,5.77748987854251,3.49330772667825,0.0141629303811295,0.123123965530291,0.100525863852158,"Hspd1/Irf7/Nmb",3
"GO:0043576","regulation of respiratory gaseous exchange","3/325","19/11892",0.157894736842105,5.77748987854251,3.49330772667825,0.0141629303811295,0.123123965530291,0.100525863852158,"Slc5a3/Nr4a2/Nmb",3
"GO:0052372","modulation by symbiont of entry into host","3/325","19/11892",0.157894736842105,5.77748987854251,3.49330772667825,0.0141629303811295,0.123123965530291,0.100525863852158,"Lgals1/Cd74/Bsg",3
"GO:0097205","renal filtration","3/325","19/11892",0.157894736842105,5.77748987854251,3.49330772667825,0.0141629303811295,0.123123965530291,0.100525863852158,"Sulf2/Aqp1/Jchain",3
"GO:0180046","GPI anchored protein biosynthesis","3/325","19/11892",0.157894736842105,5.77748987854251,3.49330772667825,0.0141629303811295,0.123123965530291,0.100525863852158,"Pgap1/Cwh43/Pigz",3
"GO:1990000","amyloid fibril formation","3/325","19/11892",0.157894736842105,5.77748987854251,3.49330772667825,0.0141629303811295,0.123123965530291,0.100525863852158,"Cd36/Cryab/B2m",3
"GO:0044344","cellular response to fibroblast growth factor stimulus","7/325","94/11892",0.074468085106383,2.72484451718494,2.81416907119201,0.0143853192771821,0.124376014845242,0.101548112757388,"Thbs1/Epha4/Flrt3/Nr4a1/Sulf2/Erbb2/Spry4",7
"GO:0002720","positive regulation of cytokine production involved in immune response","5/325","53/11892",0.0943396226415094,3.45195936139332,2.99870811349516,0.0145239622021168,0.124376014845242,0.101548112757388,"Cd36/Il1b/Cd74/H2-T23/B2m",5
"GO:0019731","antibacterial humoral response","5/325","53/11892",0.0943396226415094,3.45195936139332,2.99870811349516,0.0145239622021168,0.124376014845242,0.101548112757388,"Sprr2a1/Trf/H2-T23/Jchain/B2m",5
"GO:0045639","positive regulation of myeloid cell differentiation","6/325","73/11892",0.0821917808219178,3.00746048472076,2.88375639938858,0.014610085214948,0.124376014845242,0.101548112757388,"Hspa1b/Isg15/Rb1/Cd74/Jun/Inhba",6
"GO:0048678","response to axon injury","6/325","73/11892",0.0821917808219178,3.00746048472076,2.88375639938858,0.014610085214948,0.124376014845242,0.101548112757388,"Epha4/Flrt3/Nrep/Erbb2/Jun/Tnc",6
"GO:1990266","neutrophil migration","6/325","73/11892",0.0821917808219178,3.00746048472076,2.88375639938858,0.014610085214948,0.124376014845242,0.101548112757388,"Il1b/Dpep1/C5ar1/Pde4b/Cd74/Bsg",6
"GO:0050920","regulation of chemotaxis","9/325","140/11892",0.0642857142857143,2.35226373626374,2.6978017396989,0.0146438237210592,0.124376014845242,0.101548112757388,"Hspb1/Dusp1/Il1b/Thbs1/C5ar1/Creb3/Ccl7/Cd74/Padi2",9
"GO:0006869","lipid transport","14/325","266/11892",0.0526315789473684,1.92582995951417,2.55974905619773,0.0146592180749525,0.124376014845242,0.101548112757388,"Cd36/Il1b/Thbs1/Slc10a2/Ptgs2/Psap/Cideb/Stard5/Nmb/Fabp2/Cyp4a10/Inhba/Lpcat3/Gramd1b",14
"GO:0006687","glycosphingolipid metabolic process","4/325","35/11892",0.114285714285714,4.1818021978022,3.15980507282776,0.0147118671927633,0.124376014845242,0.101548112757388,"Psap/B4galt5/Galc/B3galt1",4
"GO:0051785","positive regulation of nuclear division","4/325","35/11892",0.114285714285714,4.1818021978022,3.15980507282776,0.0147118671927633,0.124376014845242,0.101548112757388,"Ereg/Il1b/Rb1/Tgfa",4
"GO:0071867","response to monoamine","4/325","35/11892",0.114285714285714,4.1818021978022,3.15980507282776,0.0147118671927633,0.124376014845242,0.101548112757388,"Htr4/Htr3a/Gna11/Dnm2",4
"GO:1903426","regulation of reactive oxygen species biosynthetic process","4/325","35/11892",0.114285714285714,4.1818021978022,3.15980507282776,0.0147118671927633,0.124376014845242,0.101548112757388,"Hspd1/Slc5a3/Cd36/Ppara",4
"GO:0062207","regulation of pattern recognition receptor signaling pathway","8/325","117/11892",0.0683760683760684,2.50193293885602,2.73655081601007,0.0148428289449114,0.124925339982335,0.101996615075391,"Hspa8/Hspa1b/Wdfy1/Cd36/Irf7/Igtp/Ddx60/Smpdl3b",8
"GO:0006753","nucleoside phosphate metabolic process","18/325","375/11892",0.048,1.75635692307692,2.49467077388597,0.0148446280282862,0.124925339982335,0.101996615075391,"Hspa8/Hspa1b/Tymp/Upp1/mt-Atp6/Ido1/mt-Nd4/Ada/Pklr/Prkaa2/mt-Atp8/mt-Nd1/Samhd1/Hmgcs2/Entpd3/Pde9a/Nudt5/Ppara",18
"GO:0006639","acylglycerol metabolic process","7/325","95/11892",0.0736842105263158,2.69616194331984,2.78217106730494,0.0151783440892058,0.127153127983665,0.103815516150812,"Sik1/Abhd6/Abhd12/Cideb/Plpp1/Lpl/Scd1",7
"GO:0031333","negative regulation of protein-containing complex assembly","7/325","95/11892",0.0736842105263158,2.69616194331984,2.78217106730494,0.0151783440892058,0.127153127983665,0.103815516150812,"Hspa8/Xaf1/Cryab/Vil1/Igtp/Hspa5/Fkbp4",7
"GO:0001818","negative regulation of cytokine production","11/325","190/11892",0.0578947368421053,2.11841295546559,2.60489033909064,0.0153232658054161,0.128076094691074,0.104569082080641,"Thbs1/Xaf1/Ido1/Igtp/Cd96/Anxa4/Oas1g/Nmb/Ezr/Tnfrsf1a/Ppara",11
"GO:0098754","detoxification","6/325","74/11892",0.0810810810810811,2.96681912681913,2.84478069638516,0.0155457411577741,0.129641633275012,0.10584728261509,"Cd36/Gch1/Ptgs2/Slc47a1/Slc29a4/Aldh1a1",6
"GO:0048708","astrocyte differentiation","5/325","54/11892",0.0925925925925926,3.38803418803419,2.94807653723713,0.0156583823714362,0.130286224426893,0.106373565878427,"Il1b/C5ar1/Epha4/C1qa/Abl2",5
"GO:0001101","response to acid chemical","7/325","96/11892",0.0729166666666667,2.66807692307692,2.75058335790156,0.0160020133353728,0.130862699785826,0.106844235282199,"Cdo1/Lrp11/Ptgs2/Gdf10/Hmgcs2/Slc7a5/Castor2",7
"GO:0006665","sphingolipid metabolic process","7/325","96/11892",0.0729166666666667,2.66807692307692,2.75058335790156,0.0160020133353728,0.130862699785826,0.106844235282199,"Psap/Plpp1/B4galt5/Smpdl3b/Galc/B3gnt5/B3galt1",7
"GO:0046390","ribose phosphate biosynthetic process","7/325","96/11892",0.0729166666666667,2.66807692307692,2.75058335790156,0.0160020133353728,0.130862699785826,0.106844235282199,"Upp1/mt-Atp6/mt-Nd4/Ada/mt-Atp8/mt-Nd1/Ppara",7
"GO:0043549","regulation of kinase activity","16/325","323/11892",0.0495356037151703,1.81254584424863,2.48165683230175,0.0160600897039009,0.130862699785826,0.106844235282199,"Hspb1/Chordc1/Dnaja1/Ereg/Dusp1/Il1b/Thbs1/Epha4/Adra2a/Mapre3/Rb1/Igtp/Erbb2/Cd74/Spry4/Trib3",16
"GO:0031346","positive regulation of cell projection organization","15/325","296/11892",0.0506756756756757,1.85426195426195,2.49472867715984,0.0161189885333241,0.130862699785826,0.106844235282199,"Hspb1/Elavl4/Epha4/Espn/Vil1/Aqp1/Efemp1/Hsp90aa1/Lpar3/Dynlt1a/L1cam/Dnm2/Tnfrsf12a/Hspa5/Abl2",15
"GO:0071375","cellular response to peptide hormone stimulus","13/325","243/11892",0.0534979423868313,1.95753086419753,2.52785464575576,0.0162029656268531,0.130862699785826,0.106844235282199,"Il1b/Epha4/Nr4a1/Pklr/Rb1/Erbb2/Pik3r2/Nr4a2/Lpl/Hmgcs2/Inhba/Trib3/Ywhag",13
"GO:0045058","T cell selection","4/325","36/11892",0.111111111111111,4.06564102564103,3.08776298446743,0.0162035423335373,0.130862699785826,0.106844235282199,"Btnl6/Lgals1/Cd74/Themis",4
"GO:1902743","regulation of lamellipodium organization","4/325","36/11892",0.111111111111111,4.06564102564103,3.08776298446743,0.0162035423335373,0.130862699785826,0.106844235282199,"Vil1/Aqp1/Hsp90aa1/Dnm2",4
"GO:0002753","cytoplasmic pattern recognition receptor signaling pathway","8/325","119/11892",0.0672268907563025,2.459883645766,2.68280220357988,0.0162968550026326,0.130862699785826,0.106844235282199,"Hspa8/Hspa1b/Wdfy1/Cd36/Irf7/Igtp/Ddx60/Oas1g",8
"GO:2001242","regulation of intrinsic apoptotic signaling pathway","8/325","119/11892",0.0672268907563025,2.459883645766,2.68280220357988,0.0162968550026326,0.130862699785826,0.106844235282199,"Hspb1/Dnaja1/Grina/Creb3/Ptgs2/Ubb/Plekhf1/Cd74",8
"GO:0000096","sulfur amino acid metabolic process","3/325","20/11892",0.15,5.48861538461538,3.36748717022585,0.0163312104995876,0.130862699785826,0.106844235282199,"Dpep1/Cdo1/Mpst",3
"GO:0001516","prostaglandin biosynthetic process","3/325","20/11892",0.15,5.48861538461538,3.36748717022585,0.0163312104995876,0.130862699785826,0.106844235282199,"Il1b/Ptgs2/Cd74",3
"GO:0019934","cGMP-mediated signaling","3/325","20/11892",0.15,5.48861538461538,3.36748717022585,0.0163312104995876,0.130862699785826,0.106844235282199,"Cd36/Thbs1/Aqp1",3
"GO:0046457","prostanoid biosynthetic process","3/325","20/11892",0.15,5.48861538461538,3.36748717022585,0.0163312104995876,0.130862699785826,0.106844235282199,"Il1b/Ptgs2/Cd74",3
"GO:0046688","response to copper ion","3/325","20/11892",0.15,5.48861538461538,3.36748717022585,0.0163312104995876,0.130862699785826,0.106844235282199,"Tfrc/Aqp1/mt-Cytb",3
"GO:0071624","positive regulation of granulocyte chemotaxis","3/325","20/11892",0.15,5.48861538461538,3.36748717022585,0.0163312104995876,0.130862699785826,0.106844235282199,"Il1b/C5ar1/Cd74",3
"GO:1903902","positive regulation of viral life cycle","3/325","20/11892",0.15,5.48861538461538,3.36748717022585,0.0163312104995876,0.130862699785826,0.106844235282199,"Lgals1/Cd74/Bsg",3
"GO:0001910","regulation of leukocyte mediated cytotoxicity","6/325","75/11892",0.08,2.92726153846154,2.80645556681093,0.0165221122164211,0.131534569394661,0.107392790330221,"Hspa8/H2-K1/H2-Q2/H2-T23/B2m/Ulbp1",6
"GO:0007088","regulation of mitotic nuclear division","6/325","75/11892",0.08,2.92726153846154,2.80645556681093,0.0165221122164211,0.131534569394661,0.107392790330221,"Ereg/Dusp1/Il1b/Rb1/Mki67/Tgfa",6
"GO:0008543","fibroblast growth factor receptor signaling pathway","6/325","75/11892",0.08,2.92726153846154,2.80645556681093,0.0165221122164211,0.131534569394661,0.107392790330221,"Thbs1/Epha4/Flrt3/Sulf2/Erbb2/Spry4",6
"GO:0031099","regeneration","9/325","143/11892",0.0629370629370629,2.30291554599247,2.6273887443029,0.0166135796814813,0.131977704107629,0.107754592353346,"Elavl4/Epha4/Sulf2/Nrep/Jun/Tnc/Anxa3/Slc7a5/mt-Cytb",9
"GO:0006638","neutral lipid metabolic process","7/325","97/11892",0.0721649484536082,2.64057097541634,2.71939578850367,0.0168569088350907,0.133622722507837,0.10909768502439,"Sik1/Abhd6/Abhd12/Cideb/Plpp1/Lpl/Scd1",7
"GO:0007411","axon guidance","9/325","144/11892",0.0625,2.28692307692308,2.60430813797666,0.0173113615917466,0.136930641260039,0.111798470275138,"Epha4/Flrt3/Lamc2/Erbb2/L1cam/Enah/Atoh1/Bsg/Unc5a",9
"GO:0048732","gland development","16/325","326/11892",0.049079754601227,1.79586597451628,2.44229233303851,0.0173729410524513,0.137123470491082,0.111955907740242,"mt-Co2/Cdo1/Arid5b/Ada/Sulf2/Psap/Mki67/Jun/Mpst/Hmgcs2/Tnc/Scd1/Slc7a5/Foxa3/Tgfa/Fkbp4",16
"GO:0043279","response to alkaloid","6/325","76/11892",0.0789473684210526,2.88874493927125,2.7687603749606,0.0175399842680952,0.137851560793601,0.112550364768228,"Elavl4/Adra2a/Fosb/Prkaa2/Hsp90aa1/Arc",6
"GO:0090316","positive regulation of intracellular protein transport","6/325","76/11892",0.0789473684210526,2.88874493927125,2.7687603749606,0.0175399842680952,0.137851560793601,0.112550364768228,"Bag3/Hsp90ab1/Ptgs2/Pik3r2/Hsp90aa1/Tnfrsf1a",6
"GO:0001909","leukocyte mediated cytotoxicity","7/325","98/11892",0.0714285714285714,2.61362637362637,2.68859856123585,0.0177436029158154,0.138025302690336,0.112692218177362,"Hspa8/H2-K1/H2-Q2/Gzmb/H2-T23/B2m/Ulbp1",7
"GO:0006633","fatty acid biosynthetic process","7/325","98/11892",0.0714285714285714,2.61362637362637,2.68859856123585,0.0177436029158154,0.138025302690336,0.112692218177362,"Il1b/Ptgs2/Prkaa2/Cd74/Lpl/Scd1/Trib3",7
"GO:0043407","negative regulation of MAP kinase activity","4/325","37/11892",0.108108108108108,3.95575883575884,3.01828038692924,0.0177867658106103,0.138025302690336,0.112692218177362,"Dnaja1/Dusp1/Il1b/Spry4",4
"GO:0061900","glial cell activation","4/325","37/11892",0.108108108108108,3.95575883575884,3.01828038692924,0.0177867658106103,0.138025302690336,0.112692218177362,"Il1b/C5ar1/C1qa/Jun",4
"GO:0071622","regulation of granulocyte chemotaxis","4/325","37/11892",0.108108108108108,3.95575883575884,3.01828038692924,0.0177867658106103,0.138025302690336,0.112692218177362,"Il1b/Thbs1/C5ar1/Cd74",4
"GO:0090303","positive regulation of wound healing","4/325","37/11892",0.108108108108108,3.95575883575884,3.01828038692924,0.0177867658106103,0.138025302690336,0.112692218177362,"Cd36/Thbs1/Cldn4/Adra2a",4
"GO:0010594","regulation of endothelial cell migration","8/325","121/11892",0.0661157024793388,2.41922441195169,2.63013221281755,0.017851101678035,0.138233531061423,0.11286222843322,"Hspb1/Dnaja4/Thbs1/Ptgs2/Pik3r2/Anxa3/Sparc/Bsg",8
"GO:0048667","cell morphogenesis involved in neuron differentiation","19/325","411/11892",0.0462287104622871,1.69154407636159,2.39161583536968,0.0179216320594925,0.138488754237504,0.113070608094647,"Elavl4/Epha4/Flrt3/Rb1/Lamc2/Erbb2/Nr4a2/Wdpcp/B4galt5/Lpar3/L1cam/Arc/Enah/Atoh1/Dnm2/Tnfrsf12a/Bsg/Unc5a/Abl2",19
"GO:0097485","neuron projection guidance","9/325","145/11892",0.0620689655172414,2.27115119363395,2.58141737336292,0.0180303163593504,0.139037125733401,0.113518331802208,"Epha4/Flrt3/Lamc2/Erbb2/L1cam/Enah/Atoh1/Bsg/Unc5a",9
"GO:0150076","neuroinflammatory response","5/325","56/11892",0.0892857142857143,3.26703296703297,2.85029540818511,0.0181012342802367,0.139292587801571,0.113726906509607,"Il1b/C5ar1/Ptgs2/C1qa/Jun",5
"GO:0010657","muscle cell apoptotic process","6/325","77/11892",0.0779220779220779,2.85122877122877,2.73167540964045,0.0186001224649724,0.140769521628431,0.11493276475303,"Bag3/Hspa8/Gch1/Hsp90aa1/Dynlt1a/Slc7a5",6
"GO:0002837","regulation of immune response to tumor cell","3/325","21/11892",0.142857142857143,5.22725274725275,3.2498604465555,0.0186750667597132,0.140769521628431,0.11493276475303,"Hspd1/Ywhag/Ulbp1",3
"GO:0010743","regulation of macrophage derived foam cell differentiation","3/325","21/11892",0.142857142857143,5.22725274725275,3.2498604465555,0.0186750667597132,0.140769521628431,0.11493276475303,"Cd36/Lpl/Ppara",3
"GO:0010952","positive regulation of peptidase activity","3/325","21/11892",0.142857142857143,5.22725274725275,3.2498604465555,0.0186750667597132,0.140769521628431,0.11493276475303,"Cldn4/Epha4/Antxr1",3
"GO:0030149","sphingolipid catabolic process","3/325","21/11892",0.142857142857143,5.22725274725275,3.2498604465555,0.0186750667597132,0.140769521628431,0.11493276475303,"Psap/Smpdl3b/Galc",3
"GO:0032647","regulation of interferon-alpha production","3/325","21/11892",0.142857142857143,5.22725274725275,3.2498604465555,0.0186750667597132,0.140769521628431,0.11493276475303,"Hspd1/Irf7/Nmb",3
"GO:0034121","regulation of toll-like receptor signaling pathway","3/325","21/11892",0.142857142857143,5.22725274725275,3.2498604465555,0.0186750667597132,0.140769521628431,0.11493276475303,"Cd36/Irf7/Smpdl3b",3
"GO:0042908","xenobiotic transport","3/325","21/11892",0.142857142857143,5.22725274725275,3.2498604465555,0.0186750667597132,0.140769521628431,0.11493276475303,"Slc47a1/Slc29a4/Slc7a5",3
"GO:0072574","hepatocyte proliferation","3/325","21/11892",0.142857142857143,5.22725274725275,3.2498604465555,0.0186750667597132,0.140769521628431,0.11493276475303,"Sulf2/Mki67/Tgfa",3
"GO:0072575","epithelial cell proliferation involved in liver morphogenesis","3/325","21/11892",0.142857142857143,5.22725274725275,3.2498604465555,0.0186750667597132,0.140769521628431,0.11493276475303,"Sulf2/Mki67/Tgfa",3
"GO:1903829","positive regulation of protein localization","17/325","357/11892",0.0476190476190476,1.74241758241758,2.38733881665389,0.0188923462772568,0.142116710975446,0.116032691743667,"Bag3/Slc5a3/Hsp90ab1/Glud1/Tfrc/Ptgs2/Vil1/Camk2n1/Gna11/Prkaa2/Erbb2/Pik3r2/Amotl2/Hsp90aa1/Ezr/Bsg/Tnfrsf1a",17
"GO:0080135","regulation of cellular response to stress","16/325","330/11892",0.0484848484848485,1.7740979020979,2.39043467610105,0.0192503729359571,0.144489447410156,0.117969937500538,"Hspb1/Chordc1/Dnaja1/Grina/Cd36/Il1b/Epha4/Gch1/Usp13/Creb3/Ptgs2/Igtp/Cd74/Phf13/Lpcat3/Hspa5",16
"GO:0055086","nucleobase-containing small molecule metabolic process","18/325","386/11892",0.0466321243523316,1.7063053009167,2.36463675304085,0.019325365592297,0.144489447410156,0.117969937500538,"Hspa8/Hspa1b/Tymp/Upp1/mt-Atp6/Ido1/mt-Nd4/Ada/Pklr/Prkaa2/mt-Atp8/mt-Nd1/Samhd1/Hmgcs2/Entpd3/Pde9a/Nudt5/Ppara",18
"GO:0070201","regulation of establishment of protein localization","18/325","386/11892",0.0466321243523316,1.7063053009167,2.36463675304085,0.019325365592297,0.144489447410156,0.117969937500538,"Bag3/Dnaja1/Hsp90ab1/Cd36/Il1b/Xpo1/Glud1/Adra2a/Ptgs2/Camk2n1/Gna11/Erbb2/Pik3r2/Hsp90aa1/Cwh43/Ube2g2/Bsg/Tnfrsf1a",18
"GO:0002042","cell migration involved in sprouting angiogenesis","4/325","38/11892",0.105263157894737,3.85165991902834,2.9511927181872,0.0194630336663888,0.145224174279978,0.118569813024091,"Thbs1/Nr4a1/Ptgs2/Pik3r2",4
"GO:0006469","negative regulation of protein kinase activity","8/325","123/11892",0.0650406504065041,2.37988742964353,2.57849880768706,0.0195090344842259,0.145273335573448,0.118609951282088,"Hspb1/Chordc1/Dnaja1/Dusp1/Il1b/Rb1/Spry4/Trib3",8
"GO:0002718","regulation of cytokine production involved in immune response","6/325","78/11892",0.0769230769230769,2.81467455621302,2.69518183119134,0.0197032703593276,0.14612928479775,0.119308800079038,"Cd36/Il1b/Cd96/Cd74/H2-T23/B2m",6
"GO:0010595","positive regulation of endothelial cell migration","6/325","78/11892",0.0769230769230769,2.81467455621302,2.69518183119134,0.0197032703593276,0.14612928479775,0.119308800079038,"Hspb1/Thbs1/Ptgs2/Anxa3/Sparc/Bsg",6
"GO:0006914","autophagy","16/325","332/11892",0.0481927710843374,1.76341056533828,2.36476937932126,0.0202455342069208,0.149363938770997,0.121949767526139,"Bag3/Hspa8/Calm1/Rab39b/Usp13/Rnf31/Plekhf1/Igtp/Prkaa2/Pik3r2/Mcoln1/Dnm2/Slc7a5/Inhba/Trib3/Tgtp1",16
"GO:0061919","process utilizing autophagic mechanism","16/325","332/11892",0.0481927710843374,1.76341056533828,2.36476937932126,0.0202455342069208,0.149363938770997,0.121949767526139,"Bag3/Hspa8/Calm1/Rab39b/Usp13/Rnf31/Plekhf1/Igtp/Prkaa2/Pik3r2/Mcoln1/Dnm2/Slc7a5/Inhba/Trib3/Tgtp1",16
"GO:0001906","cell killing","9/325","148/11892",0.0608108108108108,2.22511434511435,2.51385349492011,0.0203176043681982,0.149363938770997,0.121949767526139,"Hspa8/H2-K1/Hsp90ab1/H2-Q2/Gzmb/Igtp/H2-T23/B2m/Ulbp1",9
"GO:0045859","regulation of protein kinase activity","15/325","305/11892",0.0491803278688525,1.79954602774275,2.37109190826797,0.0205384113067287,0.149363938770997,0.121949767526139,"Hspb1/Chordc1/Dnaja1/Ereg/Dusp1/Il1b/Thbs1/Epha4/Adra2a/Mapre3/Rb1/Igtp/Erbb2/Spry4/Trib3",15
"GO:0050921","positive regulation of chemotaxis","7/325","101/11892",0.0693069306930693,2.53599390708302,2.59845597106856,0.0206000459417269,0.149363938770997,0.121949767526139,"Hspb1/Il1b/Thbs1/C5ar1/Creb3/Ccl7/Cd74",7
"GO:0071902","positive regulation of protein serine/threonine kinase activity","7/325","101/11892",0.0693069306930693,2.53599390708302,2.59845597106856,0.0206000459417269,0.149363938770997,0.121949767526139,"Il1b/Thbs1/Epha4/Adra2a/Mapre3/Igtp/Erbb2",7
"GO:0072331","signal transduction by p53 class mediator","7/325","101/11892",0.0693069306930693,2.53599390708302,2.59845597106856,0.0206000459417269,0.149363938770997,0.121949767526139,"Ubb/Hexim1/Rrs1/Ndrg1/Cd74/Hipk1/Tmem109",7
"GO:0009145","purine nucleoside triphosphate biosynthetic process","5/325","58/11892",0.0862068965517241,3.15437665782493,2.75683231926823,0.0207832233841505,0.149363938770997,0.121949767526139,"mt-Atp6/mt-Nd4/mt-Atp8/mt-Nd1/Ppara",5
"GO:0009206","purine ribonucleoside triphosphate biosynthetic process","5/325","58/11892",0.0862068965517241,3.15437665782493,2.75683231926823,0.0207832233841505,0.149363938770997,0.121949767526139,"mt-Atp6/mt-Nd4/mt-Atp8/mt-Nd1/Ppara",5
"GO:0043200","response to amino acid","6/325","79/11892",0.0759493670886076,2.77904576436222,2.65926162218808,0.0208501490724841,0.149363938770997,0.121949767526139,"Cdo1/Ptgs2/Gdf10/Hmgcs2/Slc7a5/Castor2",6
"GO:0046632","alpha-beta T cell differentiation","6/325","79/11892",0.0759493670886076,2.77904576436222,2.65926162218808,0.0208501490724841,0.149363938770997,0.121949767526139,"Ada/Slc4a2/Psap/Lgals1/Igtp/Abl2",6
"GO:1903900","regulation of viral life cycle","6/325","79/11892",0.0759493670886076,2.77904576436222,2.65926162218808,0.0208501490724841,0.149363938770997,0.121949767526139,"Top2a/Isg15/Lgals1/Cd74/Oas1g/Bsg",6
"GO:0001975","response to amphetamine","3/325","22/11892",0.136363636363636,4.98965034965035,3.13950601351879,0.0211953754948972,0.149363938770997,0.121949767526139,"Fosb/Nr4a1/Nr4a2",3
"GO:0002834","regulation of response to tumor cell","3/325","22/11892",0.136363636363636,4.98965034965035,3.13950601351879,0.0211953754948972,0.149363938770997,0.121949767526139,"Hspd1/Ywhag/Ulbp1",3
"GO:0010039","response to iron ion","3/325","22/11892",0.136363636363636,4.98965034965035,3.13950601351879,0.0211953754948972,0.149363938770997,0.121949767526139,"Tfrc/Trf/B2m",3
"GO:0010742","macrophage derived foam cell differentiation","3/325","22/11892",0.136363636363636,4.98965034965035,3.13950601351879,0.0211953754948972,0.149363938770997,0.121949767526139,"Cd36/Lpl/Ppara",3
"GO:0032570","response to progesterone","3/325","22/11892",0.136363636363636,4.98965034965035,3.13950601351879,0.0211953754948972,0.149363938770997,0.121949767526139,"Hspa8/Cldn4/Fosb",3
"GO:0032607","interferon-alpha production","3/325","22/11892",0.136363636363636,4.98965034965035,3.13950601351879,0.0211953754948972,0.149363938770997,0.121949767526139,"Hspd1/Irf7/Nmb",3
"GO:0032673","regulation of interleukin-4 production","3/325","22/11892",0.136363636363636,4.98965034965035,3.13950601351879,0.0211953754948972,0.149363938770997,0.121949767526139,"H2-T23/Slc7a5/Icosl",3
"GO:0035767","endothelial cell chemotaxis","3/325","22/11892",0.136363636363636,4.98965034965035,3.13950601351879,0.0211953754948972,0.149363938770997,0.121949767526139,"Hspb1/Thbs1/Nr4a1",3
"GO:0051353","positive regulation of oxidoreductase activity","3/325","22/11892",0.136363636363636,4.98965034965035,3.13950601351879,0.0211953754948972,0.149363938770997,0.121949767526139,"Il1b/Gch1/Abl2",3
"GO:0150146","cell junction disassembly","3/325","22/11892",0.136363636363636,4.98965034965035,3.13950601351879,0.0211953754948972,0.149363938770997,0.121949767526139,"Il1b/Epha4/C1qa",3
"GO:2000191","regulation of fatty acid transport","3/325","22/11892",0.136363636363636,4.98965034965035,3.13950601351879,0.0211953754948972,0.149363938770997,0.121949767526139,"Il1b/Thbs1/Cyp4a10",3
"GO:0001961","positive regulation of cytokine-mediated signaling pathway","4/325","39/11892",0.102564102564103,3.75289940828402,2.88635008857941,0.0212336984037082,0.149363938770997,0.121949767526139,"Hspa1b/Irf7/Igtp/Cd74",4
"GO:0010656","negative regulation of muscle cell apoptotic process","4/325","39/11892",0.102564102564103,3.75289940828402,2.88635008857941,0.0212336984037082,0.149363938770997,0.121949767526139,"Bag3/Hspa8/Gch1/Slc7a5",4
"GO:0032092","positive regulation of protein binding","4/325","39/11892",0.102564102564103,3.75289940828402,2.88635008857941,0.0212336984037082,0.149363938770997,0.121949767526139,"Mapre3/Trib3/B2m/Abl2",4
"GO:0007179","transforming growth factor beta receptor signaling pathway","8/325","125/11892",0.064,2.34180923076923,2.52786226664877,0.0212740281754676,0.149363938770997,0.121949767526139,"Hsp90ab1/Thbs1/Bmp8b/Nrep/Jun/Dnm2/Hspa5/Ppara",8
"GO:0007565","female pregnancy","8/325","125/11892",0.064,2.34180923076923,2.52786226664877,0.0212740281754676,0.149363938770997,0.121949767526139,"H2-Q2/Cldn4/Adra2a/Fosb/Ptgs2/Thbd/Bsg/Fkbp4",8
"GO:0009410","response to xenobiotic stimulus","15/325","307/11892",0.0488599348534202,1.78782260085192,2.34417541298268,0.0216347085933545,0.15160748265229,0.123781532656395,"Hspa8/Il1b/Dpep1/Tfrc/Fosb/Ptgs2/Pde4b/Rb1/Prkaa2/Jun/Hsp90aa1/mt-Nd1/Hmgcs2/mt-Cytb/Aldh1a1",15
"GO:0002440","production of molecular mediator of immune response","10/325","175/11892",0.0571428571428571,2.0909010989011,2.43689429297263,0.0219782536412217,0.153141480002917,0.125033981017317,"Hspd1/Cd36/Il1b/Tfrc/Cd96/Cd74/Samhd1/H2-T23/B2m/Icosl",10
"GO:0032869","cellular response to insulin stimulus","10/325","175/11892",0.0571428571428571,2.0909010989011,2.43689429297263,0.0219782536412217,0.153141480002917,0.125033981017317,"Il1b/Epha4/Pklr/Rb1/Erbb2/Pik3r2/Lpl/Hmgcs2/Trib3/Ywhag",10
"GO:0140014","mitotic nuclear division","10/325","175/11892",0.0571428571428571,2.0909010989011,2.43689429297263,0.0219782536412217,0.153141480002917,0.125033981017317,"Ereg/Hspa1b/Dusp1/Il1b/Rb1/Mki67/Rrs1/Phf13/Ncapg2/Tgfa",10
"GO:0071277","cellular response to calcium ion","5/325","59/11892",0.0847457627118644,3.10091264667536,2.71160902800984,0.0222163732560263,0.154508588342855,0.126150171080396,"Dpep1/Fosb/Prkaa2/Jun/Mcoln1",5
"GO:0002687","positive regulation of leukocyte migration","7/325","103/11892",0.0679611650485437,2.48675130694548,2.54014764011552,0.0226733501165983,0.157389771242526,0.128502543331063,"Il1b/Thbs1/C5ar1/Creb3/Ccl7/Cd74/Abl2",7
"GO:0072521","purine-containing compound metabolic process","16/325","337/11892",0.0474777448071217,1.73724720383474,2.30135497391896,0.0229052826319545,0.158700886807113,0.12957301750051,"Hspa8/Hspa1b/mt-Atp6/Ido1/mt-Nd4/Ada/Pklr/Prkaa2/mt-Atp8/Slc2a9/mt-Nd1/Samhd1/Hmgcs2/Pde9a/Nudt5/Ppara",16
"GO:0060337","type I interferon-mediated signaling pathway","4/325","40/11892",0.1,3.65907692307692,2.82361563170496,0.0230999697749501,0.159152315122366,0.129941590922936,"Irf7/Isg15/Oas1g/Samhd1",4
"GO:0071357","cellular response to type I interferon","4/325","40/11892",0.1,3.65907692307692,2.82361563170496,0.0230999697749501,0.159152315122366,0.129941590922936,"Irf7/Isg15/Oas1g/Samhd1",4
"GO:0089718","amino acid import across plasma membrane","4/325","40/11892",0.1,3.65907692307692,2.82361563170496,0.0230999697749501,0.159152315122366,0.129941590922936,"Slc1a4/Slc43a1/Slc47a1/Slc7a5",4
"GO:0002221","pattern recognition receptor signaling pathway","10/325","177/11892",0.0564971751412429,2.06727509778357,2.39790716475612,0.0235621157625355,0.162033505038631,0.132293968902375,"Hspd1/Hspa8/Hspa1b/Wdfy1/Cd36/Irf7/Igtp/Ddx60/Oas1g/Smpdl3b",10
"GO:0002418","immune response to tumor cell","3/325","23/11892",0.130434782608696,4.77270903010033,3.03564279666451,0.0238925092608024,0.162486695821619,0.132663981310223,"Hspd1/Ywhag/Ulbp1",3
"GO:0014002","astrocyte development","3/325","23/11892",0.130434782608696,4.77270903010033,3.03564279666451,0.0238925092608024,0.162486695821619,0.132663981310223,"Il1b/C5ar1/C1qa",3
"GO:0033198","response to ATP","3/325","23/11892",0.130434782608696,4.77270903010033,3.03564279666451,0.0238925092608024,0.162486695821619,0.132663981310223,"Il1b/Ptgs2/Pklr",3
"GO:0072576","liver morphogenesis","3/325","23/11892",0.130434782608696,4.77270903010033,3.03564279666451,0.0238925092608024,0.162486695821619,0.132663981310223,"Sulf2/Mki67/Tgfa",3
"GO:0090022","regulation of neutrophil chemotaxis","3/325","23/11892",0.130434782608696,4.77270903010033,3.03564279666451,0.0238925092608024,0.162486695821619,0.132663981310223,"Il1b/C5ar1/Cd74",3
"GO:0090077","foam cell differentiation","3/325","23/11892",0.130434782608696,4.77270903010033,3.03564279666451,0.0238925092608024,0.162486695821619,0.132663981310223,"Cd36/Lpl/Ppara",3
"GO:0033673","negative regulation of kinase activity","8/325","128/11892",0.0625,2.28692307692308,2.45369494285374,0.0241293877392231,0.163795438686513,0.133732518263912,"Hspb1/Chordc1/Dnaja1/Dusp1/Il1b/Rb1/Spry4/Trib3",8
"GO:0070848","response to growth factor","21/325","483/11892",0.0434782608695652,1.59090301003344,2.22231941186731,0.0243227763383138,0.164804694086442,0.134556535509364,"Hspb1/Hsp90ab1/Thbs1/Elavl4/Epha4/Flrt3/Nr4a1/Bmp8b/Sulf2/Vil1/Nrep/Erbb2/Gdf10/Jun/Tnc/Spry4/Anxa3/Dnm2/Sparc/Hspa5/Ppara",21
"GO:0002429","immune response-activating cell surface receptor signaling pathway","10/325","178/11892",0.0561797752808989,2.05566119273984,2.37860567259072,0.0243842812424199,0.164918276439559,0.134649271022846,"Btnl6/Wdfy1/C5ar1/Ada/Pde4b/Rnf31/Oas1g/Themis/Ezr/Icosl",10
"GO:0039531","regulation of cytoplasmic pattern recognition receptor signaling pathway","6/325","82/11892",0.0731707317073171,2.67737335834897,2.55477242824422,0.0245600286604764,0.165802684326953,0.135371355196264,"Hspa8/Hspa1b/Wdfy1/Cd36/Igtp/Ddx60",6
"GO:2000377","regulation of reactive oxygen species metabolic process","7/325","105/11892",0.0666666666666667,2.43938461538462,2.48319237786658,0.0248866535593113,0.167700557622708,0.136920893921045,"Hspd1/Slc5a3/Cd36/Thbs1/Gch1/Cryab/Ppara",7
"GO:0032608","interferon-beta production","4/325","41/11892",0.0975609756097561,3.56983114446529,2.76286407689126,0.0250629159472727,0.167967105784813,0.137138519987086,"Irf7/Isg15/Hsp90aa1/Oas1g",4
"GO:0032648","regulation of interferon-beta production","4/325","41/11892",0.0975609756097561,3.56983114446529,2.76286407689126,0.0250629159472727,0.167967105784813,0.137138519987086,"Irf7/Isg15/Hsp90aa1/Oas1g",4
"GO:0032655","regulation of interleukin-12 production","4/325","41/11892",0.0975609756097561,3.56983114446529,2.76286407689126,0.0250629159472727,0.167967105784813,0.137138519987086,"Hspd1/Cd36/Thbs1/Ido1",4
"GO:0009201","ribonucleoside triphosphate biosynthetic process","5/325","61/11892",0.0819672131147541,2.99924337957125,2.62397902483059,0.0252714794891597,0.169057483479206,0.138028770387826,"mt-Atp6/mt-Nd4/mt-Atp8/mt-Nd1/Ppara",5
"GO:0009152","purine ribonucleotide biosynthetic process","6/325","83/11892",0.072289156626506,2.64511584800741,2.52098042371969,0.0258885666362478,0.172871841705089,0.141143043503113,"mt-Atp6/mt-Nd4/Ada/mt-Atp8/mt-Nd1/Ppara",6
"GO:0070663","regulation of leukocyte proliferation","10/325","180/11892",0.0555555555555556,2.03282051282051,2.34037838151913,0.0260903577328245,0.173430115022815,0.141598851657831,"Il1b/Tfrc/Ido1/Ada/Slc4a2/Erbb2/Cd74/Nmb/H2-T23/Icosl",10
"GO:0006605","protein targeting","11/325","206/11892",0.0533980582524272,1.95387602688574,2.3149046406405,0.0261133244269295,0.173430115022815,0.141598851657831,"Bag3/Hspd1/Hspa8/Igtp/Erbb2/Hsp90aa1/Cwh43/Rtp4/Get4/Ywhag/Hspa5",11
"GO:0016042","lipid catabolic process","11/325","206/11892",0.0533980582524272,1.95387602688574,2.3149046406405,0.0261133244269295,0.173430115022815,0.141598851657831,"Il1b/Dpep1/Pnpla6/Adra2a/Abhd6/Abhd12/Psap/Lpl/Cyp4f14/Smpdl3b/Galc",11
"GO:0002252","immune effector process","21/325","487/11892",0.0431211498973306,1.57783604485863,2.18253877076228,0.0263167521233142,0.174466813536936,0.142445275124111,"Hspd1/Hspa8/H2-K1/H2-Q2/Cd36/Il1b/Irf7/Tfrc/Gzmb/Ada/Lgals1/Cd96/C1qa/Cd74/Ddx60/H2-T23/Anxa3/Ywhag/B2m/Icosl/Ulbp1",21
"GO:0010592","positive regulation of lamellipodium assembly","3/325","24/11892",0.125,4.57384615384615,2.93760370619972,0.0267663722760316,0.175691247695201,0.143444977342599,"Aqp1/Hsp90aa1/Dnm2",3
"GO:0034694","response to prostaglandin","3/325","24/11892",0.125,4.57384615384615,2.93760370619972,0.0267663722760316,0.175691247695201,0.143444977342599,"Prkaa2/Hmgcs2/Tnc",3
"GO:0036037","CD8-positive, alpha-beta T cell activation","3/325","24/11892",0.125,4.57384615384615,2.93760370619972,0.0267663722760316,0.175691247695201,0.143444977342599,"Slc4a2/Igtp/H2-T23",3
"GO:0043388","positive regulation of DNA binding","3/325","24/11892",0.125,4.57384615384615,2.93760370619972,0.0267663722760316,0.175691247695201,0.143444977342599,"Calm1/Rb1/Hipk1",3
"GO:0045823","positive regulation of heart contraction","3/325","24/11892",0.125,4.57384615384615,2.93760370619972,0.0267663722760316,0.175691247695201,0.143444977342599,"Gch1/Ada/Hsp90aa1",3
"GO:0007589","body fluid secretion","5/325","62/11892",0.0806451612903226,2.95086848635236,2.58149904091045,0.0268950718292227,0.175691247695201,0.143444977342599,"mt-Co2/Cdo1/Htr4/Ada/Aqp1",5
"GO:0071901","negative regulation of protein serine/threonine kinase activity","5/325","62/11892",0.0806451612903226,2.95086848635236,2.58149904091045,0.0268950718292227,0.175691247695201,0.143444977342599,"Chordc1/Dnaja1/Dusp1/Il1b/Spry4",5
"GO:0001960","negative regulation of cytokine-mediated signaling pathway","4/325","42/11892",0.0952380952380952,3.48483516483516,2.70398050884199,0.0271234650105142,0.175691247695201,0.143444977342599,"Isg15/Oas1g/Samhd1/Padi2",4
"GO:0015909","long-chain fatty acid transport","4/325","42/11892",0.0952380952380952,3.48483516483516,2.70398050884199,0.0271234650105142,0.175691247695201,0.143444977342599,"Cd36/Thbs1/Nmb/Fabp2",4
"GO:0032615","interleukin-12 production","4/325","42/11892",0.0952380952380952,3.48483516483516,2.70398050884199,0.0271234650105142,0.175691247695201,0.143444977342599,"Hspd1/Cd36/Thbs1/Ido1",4
"GO:0042220","response to cocaine","4/325","42/11892",0.0952380952380952,3.48483516483516,2.70398050884199,0.0271234650105142,0.175691247695201,0.143444977342599,"Elavl4/Fosb/Hsp90aa1/Arc",4
"GO:0045744","negative regulation of G protein-coupled receptor signaling pathway","4/325","42/11892",0.0952380952380952,3.48483516483516,2.70398050884199,0.0271234650105142,0.175691247695201,0.143444977342599,"Ada/Rgs12/Padi2/Dnm2",4
"GO:0060760","positive regulation of response to cytokine stimulus","4/325","42/11892",0.0952380952380952,3.48483516483516,2.70398050884199,0.0271234650105142,0.175691247695201,0.143444977342599,"Hspa1b/Irf7/Igtp/Cd74",4
"GO:0031960","response to corticosteroid","7/325","107/11892",0.0654205607476635,2.39378864126528,2.42752951278996,0.0272438306031862,0.175691247695201,0.143444977342599,"Cdo1/Fosb/Ptgs2/Aqp1/Hmgcs2/Anxa3/Inhba",7
"GO:0070665","positive regulation of leukocyte proliferation","7/325","107/11892",0.0654205607476635,2.39378864126528,2.42752951278996,0.0272438306031862,0.175691247695201,0.143444977342599,"Il1b/Tfrc/Ada/Cd74/Nmb/H2-T23/Icosl",7
"GO:0015749","monosaccharide transmembrane transport","6/325","84/11892",0.0714285714285714,2.61362637362637,2.48768253148337,0.0272640785897056,0.175691247695201,0.143444977342599,"Slc5a3/Il1b/Slc2a9/Slc23a2/Trib3/Slc5a4b",6
"GO:1901654","response to ketone","9/325","156/11892",0.0576923076923077,2.11100591715976,2.34131109406024,0.0274309315414848,0.176188146733628,0.143850675817872,"Hspa8/Cldn4/Fosb/Prkaa2/Aqp1/Btg2/Hmgcs2/Tnc/Inhba",9
"GO:0051338","regulation of transferase activity","17/325","373/11892",0.0455764075067024,1.66767580944525,2.19610535342356,0.0274367868217858,0.176188146733628,0.143850675817872,"Hspb1/Chordc1/Dnaja1/Ereg/Dusp1/Il1b/Thbs1/Epha4/Adra2a/Mapre3/Rb1/Igtp/Rfc4/Erbb2/Cd74/Spry4/Trib3",17
"GO:0051051","negative regulation of transport","14/325","289/11892",0.0484429065743945,1.77256321533138,2.22863169888126,0.0276645610996026,0.177233089410824,0.144703830318287,"Cd36/Il1b/Thbs1/Calm1/Adra2a/Ada/Cryab/Ptgs2/Cd74/Slc43a1/Nmb/Ube2g2/Lrrtm1/Tnfrsf1a",14
"GO:0071216","cellular response to biotic stimulus","10/325","182/11892",0.0549450549450549,2.01048182586644,2.30264111820114,0.0278804253778602,0.177233089410824,0.144703830318287,"Cd36/Il1b/Gch1/Ptgs2/Pde4b/Igtp/Hmgcs2/Slc7a5/B2m/Hspa5",10
"GO:0009165","nucleotide biosynthetic process","8/325","132/11892",0.0606060606060606,2.21762237762238,2.35795997001651,0.0283408315591665,0.177233089410824,0.144703830318287,"Upp1/mt-Atp6/Ido1/mt-Nd4/Ada/mt-Atp8/mt-Nd1/Ppara",8
"GO:0090257","regulation of muscle system process","9/325","157/11892",0.0573248407643312,2.09756001959824,2.32047588920524,0.0284294110965637,0.177233089410824,0.144703830318287,"Calm1/Adra2a/Nr4a1/Ada/Ptgs2/Hsp90aa1/Pde9a/Tnfrsf1a/Ppara",9
"GO:0006164","purine nucleotide biosynthetic process","7/325","108/11892",0.0648148148148148,2.37162393162393,2.40016482635281,0.028477521909721,0.177233089410824,0.144703830318287,"mt-Atp6/Ido1/mt-Nd4/Ada/mt-Atp8/mt-Nd1/Ppara",7
"GO:0019217","regulation of fatty acid metabolic process","5/325","63/11892",0.0793650793650794,2.9040293040293,2.53986357175718,0.0285836892625683,0.177233089410824,0.144703830318287,"Il1b/Ptgs2/Cd74/Trib3/Ppara",5
"GO:0071677","positive regulation of mononuclear cell migration","5/325","63/11892",0.0793650793650794,2.9040293040293,2.53986357175718,0.0285836892625683,0.177233089410824,0.144703830318287,"Thbs1/C5ar1/Creb3/Ccl7/Abl2",5
"GO:1990748","cellular detoxification","5/325","63/11892",0.0793650793650794,2.9040293040293,2.53986357175718,0.0285836892625683,0.177233089410824,0.144703830318287,"Cd36/Gch1/Ptgs2/Slc29a4/Aldh1a1",5
"GO:0002424","T cell mediated immune response to tumor cell","2/325","10/11892",0.2,7.31815384615385,3.3503171845504,0.0289851619421234,0.177233089410824,0.144703830318287,"Hspd1/Ywhag",2
"GO:0002830","positive regulation of type 2 immune response","2/325","10/11892",0.2,7.31815384615385,3.3503171845504,0.0289851619421234,0.177233089410824,0.144703830318287,"Ido1/Cd74",2
"GO:0002840","regulation of T cell mediated immune response to tumor cell","2/325","10/11892",0.2,7.31815384615385,3.3503171845504,0.0289851619421234,0.177233089410824,0.144703830318287,"Hspd1/Ywhag",2
"GO:0031650","regulation of heat generation","2/325","10/11892",0.2,7.31815384615385,3.3503171845504,0.0289851619421234,0.177233089410824,0.144703830318287,"Il1b/Ptgs2",2
"GO:0032328","alanine transport","2/325","10/11892",0.2,7.31815384615385,3.3503171845504,0.0289851619421234,0.177233089410824,0.144703830318287,"Slc1a4/Slc7a5",2
"GO:0035457","cellular response to interferon-alpha","2/325","10/11892",0.2,7.31815384615385,3.3503171845504,0.0289851619421234,0.177233089410824,0.144703830318287,"Oas1g/Ifit1",2
"GO:0042428","serotonin metabolic process","2/325","10/11892",0.2,7.31815384615385,3.3503171845504,0.0289851619421234,0.177233089410824,0.144703830318287,"Btbd9/Gch1",2
"GO:0042748","circadian sleep/wake cycle, non-REM sleep","2/325","10/11892",0.2,7.31815384615385,3.3503171845504,0.0289851619421234,0.177233089410824,0.144703830318287,"Btbd9/Ada",2
"GO:0043923","positive regulation by host of viral transcription","2/325","10/11892",0.2,7.31815384615385,3.3503171845504,0.0289851619421234,0.177233089410824,0.144703830318287,"Jun/Rrp1b",2
"GO:0046462","monoacylglycerol metabolic process","2/325","10/11892",0.2,7.31815384615385,3.3503171845504,0.0289851619421234,0.177233089410824,0.144703830318287,"Abhd6/Abhd12",2
"GO:0060456","positive regulation of digestive system process","2/325","10/11892",0.2,7.31815384615385,3.3503171845504,0.0289851619421234,0.177233089410824,0.144703830318287,"Aqp1/Lpcat3",2
"GO:0071636","positive regulation of transforming growth factor beta production","2/325","10/11892",0.2,7.31815384615385,3.3503171845504,0.0289851619421234,0.177233089410824,0.144703830318287,"Thbs1/Ptgs2",2
"GO:0071639","positive regulation of monocyte chemotactic protein-1 production","2/325","10/11892",0.2,7.31815384615385,3.3503171845504,0.0289851619421234,0.177233089410824,0.144703830318287,"Il1b/Oas1g",2
"GO:0072531","pyrimidine-containing compound transmembrane transport","2/325","10/11892",0.2,7.31815384615385,3.3503171845504,0.0289851619421234,0.177233089410824,0.144703830318287,"Slc28a2/Slc47a1",2
"GO:0098883","synapse pruning","2/325","10/11892",0.2,7.31815384615385,3.3503171845504,0.0289851619421234,0.177233089410824,0.144703830318287,"Epha4/C1qa",2
"GO:1904415","regulation of xenophagy","2/325","10/11892",0.2,7.31815384615385,3.3503171845504,0.0289851619421234,0.177233089410824,0.144703830318287,"Rnf31/Igtp",2
"GO:1904417","positive regulation of xenophagy","2/325","10/11892",0.2,7.31815384615385,3.3503171845504,0.0289851619421234,0.177233089410824,0.144703830318287,"Rnf31/Igtp",2
"GO:2000343","positive regulation of chemokine (C-X-C motif) ligand 2 production","2/325","10/11892",0.2,7.31815384615385,3.3503171845504,0.0289851619421234,0.177233089410824,0.144703830318287,"Cd74/Lpl",2
"GO:0009896","positive regulation of catabolic process","16/325","347/11892",0.0461095100864553,1.68718244291731,2.17761112220361,0.0290083757379392,0.177233089410824,0.144703830318287,"Bag3/Hspa1b/Il1b/Adra2a/Ppp2r3a/Usp13/Rnf31/Plekhf1/Igtp/Trf/Prkaa2/Hsp90aa1/Btg2/Ezr/Trib3/Dcp2",16
"GO:0006278","RNA-templated DNA biosynthetic process","4/325","43/11892",0.0930232558139535,3.40379248658318,2.64685928609594,0.0292824067963082,0.177233089410824,0.144703830318287,"Hsp90ab1/Gch1/Hsp90aa1/Dcp2",4
"GO:0007004","telomere maintenance via telomerase","4/325","43/11892",0.0930232558139535,3.40379248658318,2.64685928609594,0.0292824067963082,0.177233089410824,0.144703830318287,"Hsp90ab1/Gch1/Hsp90aa1/Dcp2",4
"GO:0010659","cardiac muscle cell apoptotic process","4/325","43/11892",0.0930232558139535,3.40379248658318,2.64685928609594,0.0292824067963082,0.177233089410824,0.144703830318287,"Hspa8/Gch1/Hsp90aa1/Dynlt1a",4
"GO:0019646","aerobic electron transport chain","4/325","43/11892",0.0930232558139535,3.40379248658318,2.64685928609594,0.0292824067963082,0.177233089410824,0.144703830318287,"mt-Nd4/mt-Nd1/mt-Cytb/mt-Co3",4
"GO:0034340","response to type I interferon","4/325","43/11892",0.0930232558139535,3.40379248658318,2.64685928609594,0.0292824067963082,0.177233089410824,0.144703830318287,"Irf7/Isg15/Oas1g/Samhd1",4
"GO:0048524","positive regulation of viral process","4/325","43/11892",0.0930232558139535,3.40379248658318,2.64685928609594,0.0292824067963082,0.177233089410824,0.144703830318287,"Top2a/Lgals1/Cd74/Bsg",4
"GO:0071715","icosanoid transport","4/325","43/11892",0.0930232558139535,3.40379248658318,2.64685928609594,0.0292824067963082,0.177233089410824,0.144703830318287,"Il1b/Ptgs2/Nmb/Cyp4a10",4
"GO:1903409","reactive oxygen species biosynthetic process","4/325","43/11892",0.0930232558139535,3.40379248658318,2.64685928609594,0.0292824067963082,0.177233089410824,0.144703830318287,"Hspd1/Slc5a3/Cd36/Ppara",4
"GO:0010562","positive regulation of phosphorus metabolic process","19/325","434/11892",0.043778801843318,1.60190003544842,2.14119059422282,0.0294093609724329,0.177418829041551,0.144855479404231,"Ereg/Cd36/Il1b/Thbs1/Epha4/Tfrc/Adra2a/Ptgs2/Mapre3/Igtp/Trf/Prkaa2/Erbb2/Cd74/Hsp90aa1/Inhba/Tgfa/Tnfrsf1a/Ppara",19
"GO:0045937","positive regulation of phosphate metabolic process","19/325","434/11892",0.043778801843318,1.60190003544842,2.14119059422282,0.0294093609724329,0.177418829041551,0.144855479404231,"Ereg/Cd36/Il1b/Thbs1/Epha4/Tfrc/Adra2a/Ptgs2/Mapre3/Igtp/Trf/Prkaa2/Erbb2/Cd74/Hsp90aa1/Inhba/Tgfa/Tnfrsf1a/Ppara",19
"GO:0010506","regulation of autophagy","10/325","184/11892",0.0543478260869565,1.98862876254181,2.26538123244721,0.0297564309060806,0.178414571463877,0.145668463836201,"Bag3/Rab39b/Usp13/Rnf31/Plekhf1/Igtp/Prkaa2/Pik3r2/Slc7a5/Trib3",10
"GO:0009116","nucleoside metabolic process","3/325","25/11892",0.12,4.39089230769231,2.84481502162222,0.0298164340807781,0.178414571463877,0.145668463836201,"Tymp/Upp1/Ada",3
"GO:0030261","chromosome condensation","3/325","25/11892",0.12,4.39089230769231,2.84481502162222,0.0298164340807781,0.178414571463877,0.145668463836201,"Top2a/Phf13/Ncapg2",3
"GO:0040036","regulation of fibroblast growth factor receptor signaling pathway","3/325","25/11892",0.12,4.39089230769231,2.84481502162222,0.0298164340807781,0.178414571463877,0.145668463836201,"Thbs1/Sulf2/Spry4",3
"GO:1902882","regulation of response to oxidative stress","3/325","25/11892",0.12,4.39089230769231,2.84481502162222,0.0298164340807781,0.178414571463877,0.145668463836201,"Hspb1/Cd36/Gch1",3
"GO:0002312","B cell activation involved in immune response","5/325","64/11892",0.078125,2.85865384615385,2.49904079688212,0.0303380114849484,0.180655751750436,0.147498299184538,"Hspd1/Tfrc/Ada/Lgals1/Icosl",5
"GO:0022904","respiratory electron transport chain","5/325","64/11892",0.078125,2.85865384615385,2.49904079688212,0.0303380114849484,0.180655751750436,0.147498299184538,"mt-Co2/mt-Nd4/mt-Nd1/mt-Cytb/mt-Co3",5
"GO:0034620","cellular response to unfolded protein","5/325","64/11892",0.078125,2.85865384615385,2.49904079688212,0.0303380114849484,0.180655751750436,0.147498299184538,"Bag3/Hspd1/Creb3/Igtp/Hspa5",5
"GO:0002758","innate immune response-activating signaling pathway","10/325","185/11892",0.0540540540540541,1.97787941787942,2.24692648089419,0.0307272521773862,0.182678470202977,0.149149769057975,"Hspd1/Hspa8/Hspa1b/Wdfy1/Cd36/Irf7/Igtp/Ddx60/Oas1g/Smpdl3b",10
"GO:0072594","establishment of protein localization to organelle","14/325","294/11892",0.0476190476190476,1.74241758241758,2.16058254827578,0.0313656254323182,0.186173422453341,0.152003259786419,"Bag3/Hspd1/Dnaja1/Hspa8/Hsp90ab1/Cd36/Ptgs2/Igtp/Pik3r2/Hsp90aa1/Cwh43/Get4/Hspa5/Tnfrsf1a",14
"GO:0016445","somatic diversification of immunoglobulins","4/325","44/11892",0.0909090909090909,3.32643356643357,2.59140309477942,0.0315403949788241,0.186909800469366,0.152604483405751,"Hspd1/Tfrc/Samhd1/Icosl",4
"GO:0017015","regulation of transforming growth factor beta receptor signaling pathway","6/325","87/11892",0.0689655172413793,2.52350132625995,2.39061681271829,0.031678038507385,0.187123797977918,0.152779203934908,"Hsp90ab1/Thbs1/Nrep/Dnm2/Hspa5/Ppara",6
"GO:1903844","regulation of cellular response to transforming growth factor beta stimulus","6/325","87/11892",0.0689655172413793,2.52350132625995,2.39061681271829,0.031678038507385,0.187123797977918,0.152779203934908,"Hsp90ab1/Thbs1/Nrep/Dnm2/Hspa5/Ppara",6
"GO:0046890","regulation of lipid biosynthetic process","8/325","135/11892",0.0592592592592593,2.16834188034188,2.28838489307951,0.031815352627655,0.187634223656858,0.153195946378889,"Sik1/Il1b/Abhd6/Ptgs2/Cd74/Trib3/Lpcat3/Ppara",8
"GO:0006672","ceramide metabolic process","5/325","65/11892",0.0769230769230769,2.81467455621302,2.45900058546776,0.0321586621565887,0.18935595640445,0.154601673290209,"Psap/Plpp1/B4galt5/Galc/B3galt1",5
"GO:0006520","amino acid metabolic process","9/325","161/11892",0.0559006211180124,2.04544672718586,2.23865840628633,0.0326788986390821,0.190672831942884,0.155676850251223,"P4ha1/Dpep1/Glud1/Cdo1/Ido1/Adhfe1/Mpst/Aldh1a1/Dio1",9
"GO:0042063","gliogenesis","13/325","268/11892",0.0485074626865672,1.77492537313433,2.15075023841468,0.032792193688745,0.190672831942884,0.155676850251223,"Il1b/C5ar1/Epha4/Rb1/Trf/Erbb2/Ndrg1/Efemp1/C1qa/B4galt5/Atoh1/Slc7a5/Abl2",13
"GO:0009267","cellular response to starvation","8/325","136/11892",0.0588235294117647,2.15239819004525,2.26559738764777,0.0330355134283372,0.190672831942884,0.155676850251223,"Upp1/Prkaa2/Jun/Slc7a5/Foxa3/Ywhag/Hspa5/Ppara",8
"GO:0010803","regulation of tumor necrosis factor-mediated signaling pathway","3/325","26/11892",0.115384615384615,4.22201183431953,2.75678016563162,0.0330417614899799,0.190672831942884,0.155676850251223,"Hspa1b/Hipk1/Tnfrsf1a",3
"GO:0021955","central nervous system neuron axonogenesis","3/325","26/11892",0.115384615384615,4.22201183431953,2.75678016563162,0.0330417614899799,0.190672831942884,0.155676850251223,"Epha4/Nr4a2/B4galt5",3
"GO:0045601","regulation of endothelial cell differentiation","3/325","26/11892",0.115384615384615,4.22201183431953,2.75678016563162,0.0330417614899799,0.190672831942884,0.155676850251223,"Il1b/Apold1/Tnfrsf1a",3
"GO:0046466","membrane lipid catabolic process","3/325","26/11892",0.115384615384615,4.22201183431953,2.75678016563162,0.0330417614899799,0.190672831942884,0.155676850251223,"Psap/Smpdl3b/Galc",3
"GO:1902624","positive regulation of neutrophil migration","3/325","26/11892",0.115384615384615,4.22201183431953,2.75678016563162,0.0330417614899799,0.190672831942884,0.155676850251223,"Il1b/C5ar1/Cd74",3
"GO:1903524","positive regulation of blood circulation","3/325","26/11892",0.115384615384615,4.22201183431953,2.75678016563162,0.0330417614899799,0.190672831942884,0.155676850251223,"Gch1/Ada/Hsp90aa1",3
"GO:0046486","glycerolipid metabolic process","12/325","241/11892",0.0497925311203319,1.82194701563996,2.16078345268432,0.0331787660200673,0.190672831942884,0.155676850251223,"Sik1/Pnpla6/Abhd6/Abhd12/Pgap1/Cideb/Plpp1/Cwh43/Lpl/Scd1/Lpcat3/Pigz",12
"GO:0051347","positive regulation of transferase activity","11/325","214/11892",0.0514018691588785,1.88083393242272,2.1795015896452,0.0332059461681064,0.190672831942884,0.155676850251223,"Ereg/Il1b/Thbs1/Epha4/Adra2a/Mapre3/Igtp/Rfc4/Erbb2/Cd74/Trib3",11
"GO:0002702","positive regulation of production of molecular mediator of immune response","6/325","88/11892",0.0681818181818182,2.49482517482517,2.35916133188018,0.0332468896785786,0.190672831942884,0.155676850251223,"Cd36/Il1b/Tfrc/Cd74/H2-T23/B2m",6
"GO:0009261","ribonucleotide catabolic process","6/325","88/11892",0.0681818181818182,2.49482517482517,2.35916133188018,0.0332468896785786,0.190672831942884,0.155676850251223,"Upp1/Ada/Pklr/Prkaa2/Pde9a/Ppara",6
"GO:1990830","cellular response to leukemia inhibitory factor","6/325","88/11892",0.0681818181818182,2.49482517482517,2.35916133188018,0.0332468896785786,0.190672831942884,0.155676850251223,"Cacybp/Tfrc/Arid5b/Spry4/Padi2/Enah",6
"GO:0000280","nuclear division","13/325","269/11892",0.0483271375464684,1.76832713754647,2.13650393101454,0.0336440878071766,0.190672831942884,0.155676850251223,"Ereg/Hspa1b/Dusp1/Il1b/Top2a/Topbp1/Ubb/Rb1/Mki67/Rrs1/Phf13/Ncapg2/Tgfa",13
"GO:0010721","negative regulation of cell development","10/325","188/11892",0.0531914893617021,1.94631751227496,2.19224529880005,0.03377373329604,0.190672831942884,0.155676850251223,"Hspb1/Il1b/Slc4a2/Lgals1/Rb1/Erbb2/Cd74/Btg2/Atoh1/B2m",10
"GO:0071222","cellular response to lipopolysaccharide","9/325","162/11892",0.0555555555555556,2.03282051282051,2.21857368961594,0.033806521979195,0.190672831942884,0.155676850251223,"Cd36/Il1b/Gch1/Ptgs2/Pde4b/Igtp/Hmgcs2/Slc7a5/B2m",9
"GO:0060761","negative regulation of response to cytokine stimulus","4/325","45/11892",0.0888888888888889,3.25251282051282,2.53752211806695,0.033897949429331,0.190672831942884,0.155676850251223,"Isg15/Oas1g/Samhd1/Padi2",4
"GO:1902807","negative regulation of cell cycle G1/S phase transition","4/325","45/11892",0.0888888888888889,3.25251282051282,2.53752211806695,0.033897949429331,0.190672831942884,0.155676850251223,"Ctdspl/Rb1/Susd2/Inhba",4
"GO:0009142","nucleoside triphosphate biosynthetic process","5/325","66/11892",0.0757575757575758,2.77202797202797,2.41971438187814,0.0340462086750533,0.190672831942884,0.155676850251223,"mt-Atp6/mt-Nd4/mt-Atp8/mt-Nd1/Ppara",5
"GO:0062197","cellular response to chemical stress","11/325","215/11892",0.0511627906976744,1.87208586762075,2.16298416887047,0.0341798639282842,0.190672831942884,0.155676850251223,"Hspb1/Dnaja1/Hspa8/Cd36/Gch1/Ptgs2/Psap/Prkaa2/Aqp1/Nr4a2/Jun",11
"GO:0007409","axonogenesis","14/325","298/11892",0.0469798657718121,1.71902942694889,2.10706848224622,0.0345772570138108,0.190672831942884,0.155676850251223,"Epha4/Flrt3/Lamc2/Erbb2/Nr4a2/B4galt5/Lpar3/L1cam/Enah/Atoh1/Dnm2/Tnfrsf12a/Bsg/Unc5a",14
"GO:0031401","positive regulation of protein modification process","20/325","472/11892",0.0423728813559322,1.55045632333768,2.04550862299398,0.0347774464071137,0.190672831942884,0.155676850251223,"Ereg/Cd36/Il1b/Thbs1/Epha4/Tfrc/Adra2a/Ptgs2/Ubb/Mapre3/Igtp/Prkaa2/Erbb2/Cd74/Hsp90aa1/Inhba/Trib3/Hspa5/Tgfa/Tnfrsf1a",20
"GO:0002577","regulation of antigen processing and presentation","2/325","11/11892",0.181818181818182,6.65286713286713,3.14397529432241,0.0347963948763207,0.190672831942884,0.155676850251223,"Thbs1/Cd74",2
"GO:0002755","MyD88-dependent toll-like receptor signaling pathway","2/325","11/11892",0.181818181818182,6.65286713286713,3.14397529432241,0.0347963948763207,0.190672831942884,0.155676850251223,"Hspd1/Irf7",2
"GO:0002903","negative regulation of B cell apoptotic process","2/325","11/11892",0.181818181818182,6.65286713286713,3.14397529432241,0.0347963948763207,0.190672831942884,0.155676850251223,"Ada/Cd74",2
"GO:0009151","purine deoxyribonucleotide metabolic process","2/325","11/11892",0.181818181818182,6.65286713286713,3.14397529432241,0.0347963948763207,0.190672831942884,0.155676850251223,"Ada/Samhd1",2
"GO:0019377","glycolipid catabolic process","2/325","11/11892",0.181818181818182,6.65286713286713,3.14397529432241,0.0347963948763207,0.190672831942884,0.155676850251223,"Psap/Galc",2
"GO:0030194","positive regulation of blood coagulation","2/325","11/11892",0.181818181818182,6.65286713286713,3.14397529432241,0.0347963948763207,0.190672831942884,0.155676850251223,"Cd36/Thbs1",2
"GO:0032770","positive regulation of monooxygenase activity","2/325","11/11892",0.181818181818182,6.65286713286713,3.14397529432241,0.0347963948763207,0.190672831942884,0.155676850251223,"Il1b/Gch1",2
"GO:0033084","regulation of immature T cell proliferation in thymus","2/325","11/11892",0.181818181818182,6.65286713286713,3.14397529432241,0.0347963948763207,0.190672831942884,0.155676850251223,"Il1b/Erbb2",2
"GO:0042454","ribonucleoside catabolic process","2/325","11/11892",0.181818181818182,6.65286713286713,3.14397529432241,0.0347963948763207,0.190672831942884,0.155676850251223,"Upp1/Ada",2
"GO:0043173","nucleotide salvage","2/325","11/11892",0.181818181818182,6.65286713286713,3.14397529432241,0.0347963948763207,0.190672831942884,0.155676850251223,"Upp1/Ada",2
"GO:0044849","estrous cycle","2/325","11/11892",0.181818181818182,6.65286713286713,3.14397529432241,0.0347963948763207,0.190672831942884,0.155676850251223,"Hspa8/Erbb2",2
"GO:0045655","regulation of monocyte differentiation","2/325","11/11892",0.181818181818182,6.65286713286713,3.14397529432241,0.0347963948763207,0.190672831942884,0.155676850251223,"Cd74/Jun",2
"GO:0051044","positive regulation of membrane protein ectodomain proteolysis","2/325","11/11892",0.181818181818182,6.65286713286713,3.14397529432241,0.0347963948763207,0.190672831942884,0.155676850251223,"Il1b/Adra2a",2
"GO:0061635","regulation of protein complex stability","2/325","11/11892",0.181818181818182,6.65286713286713,3.14397529432241,0.0347963948763207,0.190672831942884,0.155676850251223,"Hspa8/Igtp",2
"GO:0072529","pyrimidine-containing compound catabolic process","2/325","11/11892",0.181818181818182,6.65286713286713,3.14397529432241,0.0347963948763207,0.190672831942884,0.155676850251223,"Tymp/Upp1",2
"GO:0090051","negative regulation of cell migration involved in sprouting angiogenesis","2/325","11/11892",0.181818181818182,6.65286713286713,3.14397529432241,0.0347963948763207,0.190672831942884,0.155676850251223,"Thbs1/Pik3r2",2
"GO:0140354","lipid import into cell","2/325","11/11892",0.181818181818182,6.65286713286713,3.14397529432241,0.0347963948763207,0.190672831942884,0.155676850251223,"Cd36/Thbs1",2
"GO:1900048","positive regulation of hemostasis","2/325","11/11892",0.181818181818182,6.65286713286713,3.14397529432241,0.0347963948763207,0.190672831942884,0.155676850251223,"Cd36/Thbs1",2
"GO:1900102","negative regulation of endoplasmic reticulum unfolded protein response","2/325","11/11892",0.181818181818182,6.65286713286713,3.14397529432241,0.0347963948763207,0.190672831942884,0.155676850251223,"Igtp/Hspa5",2
"GO:1903897","regulation of PERK-mediated unfolded protein response","2/325","11/11892",0.181818181818182,6.65286713286713,3.14397529432241,0.0347963948763207,0.190672831942884,0.155676850251223,"Igtp/Hspa5",2
"GO:1904729","regulation of intestinal lipid absorption","2/325","11/11892",0.181818181818182,6.65286713286713,3.14397529432241,0.0347963948763207,0.190672831942884,0.155676850251223,"Cldn2/Lpcat3",2
"GO:1905048","regulation of metallopeptidase activity","2/325","11/11892",0.181818181818182,6.65286713286713,3.14397529432241,0.0347963948763207,0.190672831942884,0.155676850251223,"Cldn4/Antxr1",2
"GO:0044057","regulation of system process","17/325","384/11892",0.0442708333333333,1.61990384615385,2.06981018059159,0.0348069419310522,0.190672831942884,0.155676850251223,"Cldn2/Tymp/Calm1/Adra2a/Nr4a1/Gch1/Ada/Ptgs2/Trf/Aqp1/Hsp90aa1/Sh3gl1/Inhba/Pde9a/Lpcat3/Tnfrsf1a/Ppara",17
"GO:0002768","immune response-regulating cell surface receptor signaling pathway","10/325","189/11892",0.0529100529100529,1.93601953601954,2.17424116991914,0.0348346364005562,0.190672831942884,0.155676850251223,"Btnl6/Wdfy1/C5ar1/Ada/Pde4b/Rnf31/Oas1g/Themis/Ezr/Icosl",10
"GO:1990823","response to leukemia inhibitory factor","6/325","89/11892",0.0674157303370786,2.46679343128781,2.32813552837877,0.0348652980817971,0.190672831942884,0.155676850251223,"Cacybp/Tfrc/Arid5b/Spry4/Padi2/Enah",6
"GO:0044403","biological process involved in symbiotic interaction","7/325","113/11892",0.0619469026548673,2.26668481960517,2.26774427354979,0.0352139307172499,0.191726068868217,0.156536776678251,"Hspd1/Hsp90ab1/Lgals1/Cd74/Dynlt1a/Bsg/Ppara",7
"GO:0050851","antigen receptor-mediated signaling pathway","7/325","113/11892",0.0619469026548673,2.26668481960517,2.26774427354979,0.0352139307172499,0.191726068868217,0.156536776678251,"Btnl6/Ada/Pde4b/Rnf31/Themis/Ezr/Icosl",7
"GO:0071383","cellular response to steroid hormone stimulus","7/325","113/11892",0.0619469026548673,2.26668481960517,2.26774427354979,0.0352139307172499,0.191726068868217,0.156536776678251,"Dnaja1/Zfp366/Aqp1/Hmgcs2/Padi2/Fkbp4/Ppara",7
"GO:0044703","multi-organism reproductive process","8/325","138/11892",0.0579710144927536,2.12120401337793,2.22060772310535,0.0355707080591502,0.193098129463958,0.157657010062957,"H2-Q2/Cldn4/Adra2a/Fosb/Ptgs2/Thbd/Bsg/Fkbp4",8
"GO:0071674","mononuclear cell migration","8/325","138/11892",0.0579710144927536,2.12120401337793,2.22060772310535,0.0355707080591502,0.193098129463958,0.157657010062957,"Dusp1/Thbs1/C5ar1/Creb3/Ccl7/Padi2/Stk10/Abl2",8
"GO:0022900","electron transport chain","5/325","67/11892",0.0746268656716418,2.73065442020666,2.38115510054265,0.0360011620527065,0.194600004641406,0.158883231935854,"mt-Co2/mt-Nd4/mt-Nd1/mt-Cytb/mt-Co3",5
"GO:0043401","steroid hormone receptor signaling pathway","5/325","67/11892",0.0746268656716418,2.73065442020666,2.38115510054265,0.0360011620527065,0.194600004641406,0.158883231935854,"Dnaja1/Zfp366/Padi2/Fkbp4/Ppara",5
"GO:0097191","extrinsic apoptotic signaling pathway","9/325","164/11892",0.0548780487804878,2.00803001876173,2.17883284300112,0.0361418845853691,0.194600004641406,0.158883231935854,"Bag3/Hspa1b/Grina/Il1b/Thbs1/Hipk1/Tnfrsf12a/Inhba/Tnfrsf1a",9
"GO:0031400","negative regulation of protein modification process","13/325","272/11892",0.0477941176470588,1.74882352941176,2.09411907397502,0.0362953773214888,0.194600004641406,0.158883231935854,"Hspb1/Chordc1/Dnaja1/Hspa1b/Dusp1/Il1b/Ctdspl/Isg15/Rb1/Prkaa2/Jun/Spry4/Trib3",13
"GO:0030199","collagen fibril organization","4/325","46/11892",0.0869565217391304,3.18180602006689,2.48513330496792,0.036355458798479,0.194600004641406,0.158883231935854,"Serpinh1/P4ha1/Rb1/Col5a1",4
"GO:0060612","adipose tissue development","4/325","46/11892",0.0869565217391304,3.18180602006689,2.48513330496792,0.036355458798479,0.194600004641406,0.158883231935854,"Arid5b/Ubb/Lpl/Hmgcs2",4
"GO:0097006","regulation of plasma lipoprotein particle levels","4/325","46/11892",0.0869565217391304,3.18180602006689,2.48513330496792,0.036355458798479,0.194600004641406,0.158883231935854,"Cd36/Cideb/Lpl/Lpcat3",4
"GO:0170040","proteinogenic amino acid catabolic process","4/325","46/11892",0.0869565217391304,3.18180602006689,2.48513330496792,0.036355458798479,0.194600004641406,0.158883231935854,"Glud1/Cdo1/Ido1/Adhfe1",4
"GO:2000401","regulation of lymphocyte migration","4/325","46/11892",0.0869565217391304,3.18180602006689,2.48513330496792,0.036355458798479,0.194600004641406,0.158883231935854,"Ccl7/Padi2/Stk10/Abl2",4
"GO:0007143","female meiotic nuclear division","3/325","27/11892",0.111111111111111,4.06564102564103,2.67306680293382,0.0364410489145103,0.194600004641406,0.158883231935854,"Ereg/Top2a/Ubb",3
"GO:0043368","positive T cell selection","3/325","27/11892",0.111111111111111,4.06564102564103,2.67306680293382,0.0364410489145103,0.194600004641406,0.158883231935854,"Lgals1/Cd74/Themis",3
"GO:0006195","purine nucleotide catabolic process","6/325","90/11892",0.0666666666666667,2.43938461538462,2.29752797605855,0.0365336959337636,0.194600004641406,0.158883231935854,"Ada/Pklr/Prkaa2/Samhd1/Pde9a/Ppara",6
"GO:0019730","antimicrobial humoral response","6/325","90/11892",0.0666666666666667,2.43938461538462,2.29752797605855,0.0365336959337636,0.194600004641406,0.158883231935854,"Sprr2a1/Trf/Ccl7/H2-T23/Jchain/B2m",6
"GO:0045580","regulation of T cell differentiation","7/325","114/11892",0.0614035087719298,2.2468016194332,2.24209758363303,0.0366775195763246,0.195084180603654,0.159278542521018,"Hspb1/Ada/Slc4a2/Lgals1/Erbb2/Cd74/Hsp90aa1",7
"GO:0031396","regulation of protein ubiquitination","8/325","139/11892",0.0575539568345324,2.10594355285003,2.19839888712747,0.0368863376964846,0.195912162462885,0.159954557066964,"Dnaja1/Hspa1b/Hsp90ab1/Isg15/Ubb/Hsp90aa1/Trib3/Hspa5",8
"GO:1903706","regulation of hemopoiesis","13/325","273/11892",0.0476190476190476,1.74241758241758,2.08010711016652,0.0372114686887592,0.19735463825434,0.161132281682942,"Hspb1/Hspa1b/Ada/Isg15/Slc4a2/Lgals1/Rb1/Erbb2/Cd74/Jun/Hsp90aa1/Inhba/B2m",13
"GO:0034599","cellular response to oxidative stress","9/325","165/11892",0.0545454545454545,1.99586013986014,2.15917260564611,0.0373501156536888,0.197521558535864,0.161268565512189,"Hspb1/Hspa8/Cd36/Gch1/Psap/Prkaa2/Aqp1/Nr4a2/Jun",9
"GO:0071219","cellular response to molecule of bacterial origin","9/325","165/11892",0.0545454545454545,1.99586013986014,2.15917260564611,0.0373501156536888,0.197521558535864,0.161268565512189,"Cd36/Il1b/Gch1/Ptgs2/Pde4b/Igtp/Hmgcs2/Slc7a5/B2m",9
"GO:0006486","protein glycosylation","8/325","140/11892",0.0571428571428571,2.0909010989011,2.17637640020307,0.0382343688465104,0.200699518067841,0.163863244183099,"Ces2a/B3gnt7/B4galt5/Cwh43/St3gal6/B3galt5/B3gnt5/B3galt1",8
"GO:0043413","macromolecule glycosylation","8/325","140/11892",0.0571428571428571,2.0909010989011,2.17637640020307,0.0382343688465104,0.200699518067841,0.163863244183099,"Ces2a/B3gnt7/B4galt5/Cwh43/St3gal6/B3galt5/B3gnt5/B3galt1",8
"GO:0044706","multi-multicellular organism process","8/325","140/11892",0.0571428571428571,2.0909010989011,2.17637640020307,0.0382343688465104,0.200699518067841,0.163863244183099,"H2-Q2/Cldn4/Adra2a/Fosb/Ptgs2/Thbd/Bsg/Fkbp4",8
"GO:0008360","regulation of cell shape","6/325","91/11892",0.0659340659340659,2.41257819103973,2.26732768033255,0.038252486495754,0.200699518067841,0.163863244183099,"Sprr2a1/Vil1/Ccl7/Wdpcp/Ezr/Cdc42se2",6
"GO:0042476","odontogenesis","6/325","91/11892",0.0659340659340659,2.41257819103973,2.26732768033255,0.038252486495754,0.200699518067841,0.163863244183099,"Slc4a2/Aqp1/Tnc/Inhba/Bsg/Ppara",6
"GO:0032868","response to insulin","11/325","219/11892",0.0502283105022831,1.83789251844046,2.09777849751105,0.0382777431366501,0.200699518067841,0.163863244183099,"Il1b/Epha4/Pklr/Rb1/Erbb2/Pik3r2/Lpl/Hmgcs2/Trib3/Ywhag/Ppara",11
"GO:0050670","regulation of lymphocyte proliferation","9/325","166/11892",0.0542168674698795,1.98383688600556,2.13964982448689,0.0385856962257686,0.201735574754491,0.164709143622552,"Il1b/Tfrc/Ido1/Ada/Slc4a2/Erbb2/Cd74/H2-T23/Icosl",9
"GO:0031100","animal organ regeneration","4/325","47/11892",0.0851063829787234,3.11410801963993,2.43415972467859,0.0389131833018023,0.201735574754491,0.164709143622552,"Sulf2/Anxa3/Slc7a5/mt-Cytb",4
"GO:0031103","axon regeneration","4/325","47/11892",0.0851063829787234,3.11410801963993,2.43415972467859,0.0389131833018023,0.201735574754491,0.164709143622552,"Epha4/Nrep/Jun/Tnc",4
"GO:0038066","p38MAPK cascade","4/325","47/11892",0.0851063829787234,3.11410801963993,2.43415972467859,0.0389131833018023,0.201735574754491,0.164709143622552,"Dusp1/Il1b/Map3k6/Ezr",4
"GO:0048146","positive regulation of fibroblast proliferation","4/325","47/11892",0.0851063829787234,3.11410801963993,2.43415972467859,0.0389131833018023,0.201735574754491,0.164709143622552,"Ereg/Aqp1/Cd74/Jun",4
"GO:0050805","negative regulation of synaptic transmission","4/325","47/11892",0.0851063829787234,3.11410801963993,2.43415972467859,0.0389131833018023,0.201735574754491,0.164709143622552,"Il1b/Abhd6/Ptgs2/Arc",4
"GO:0170035","L-amino acid catabolic process","4/325","47/11892",0.0851063829787234,3.11410801963993,2.43415972467859,0.0389131833018023,0.201735574754491,0.164709143622552,"Glud1/Cdo1/Ido1/Adhfe1",4
"GO:1904035","regulation of epithelial cell apoptotic process","4/325","47/11892",0.0851063829787234,3.11410801963993,2.43415972467859,0.0389131833018023,0.201735574754491,0.164709143622552,"Rb1/Prkaa2/Atoh1/Ppara",4
"GO:1903050","regulation of proteolysis involved in protein catabolic process","8/325","141/11892",0.0567375886524823,2.07607201309329,2.15453712418842,0.0396150732462582,0.203748204452111,0.166352376425332,"Hspa1b/Hsp90ab1/Xpo1/Epha4/Usp13/Ubb/Trf/Trib3",8
"GO:0048285","organelle fission","14/325","304/11892",0.0460526315789474,1.6851012145749,2.02827943938982,0.0398314645137711,0.203748204452111,0.166352376425332,"Ereg/Hspa1b/Dusp1/Il1b/Top2a/Topbp1/Ubb/Rb1/Igtp/Mki67/Rrs1/Phf13/Ncapg2/Tgfa",14
"GO:0010591","regulation of lamellipodium assembly","3/325","28/11892",0.107142857142857,3.92043956043956,2.59329648684244,0.0400126471210558,0.203748204452111,0.166352376425332,"Aqp1/Hsp90aa1/Dnm2",3
"GO:0032735","positive regulation of interleukin-12 production","3/325","28/11892",0.107142857142857,3.92043956043956,2.59329648684244,0.0400126471210558,0.203748204452111,0.166352376425332,"Hspd1/Cd36/Ido1",3
"GO:0048048","embryonic eye morphogenesis","3/325","28/11892",0.107142857142857,3.92043956043956,2.59329648684244,0.0400126471210558,0.203748204452111,0.166352376425332,"Efemp1/Hipk1/Aldh1a1",3
"GO:0050922","negative regulation of chemotaxis","3/325","28/11892",0.107142857142857,3.92043956043956,2.59329648684244,0.0400126471210558,0.203748204452111,0.166352376425332,"Dusp1/Thbs1/Padi2",3
"GO:0071353","cellular response to interleukin-4","3/325","28/11892",0.107142857142857,3.92043956043956,2.59329648684244,0.0400126471210558,0.203748204452111,0.166352376425332,"Hsp90ab1/Nfil3/Hspa5",3
"GO:1900225","regulation of NLRP3 inflammasome complex assembly","3/325","28/11892",0.107142857142857,3.92043956043956,2.59329648684244,0.0400126471210558,0.203748204452111,0.166352376425332,"Hspa8/Cd36/Igtp",3
"GO:2000772","regulation of cellular senescence","3/325","28/11892",0.107142857142857,3.92043956043956,2.59329648684244,0.0400126471210558,0.203748204452111,0.166352376425332,"Gch1/Ypel3/B2m",3
"GO:0051783","regulation of nuclear division","6/325","92/11892",0.0652173913043478,2.38635451505017,2.23752405726405,0.04002204380976,0.203748204452111,0.166352376425332,"Ereg/Dusp1/Il1b/Rb1/Mki67/Tgfa",6
"GO:1904950","negative regulation of establishment of protein localization","6/325","92/11892",0.0652173913043478,2.38635451505017,2.23752405726405,0.04002204380976,0.203748204452111,0.166352376425332,"Bag3/Dnaja1/Cd36/Il1b/Adra2a/Ube2g2",6
"GO:0006631","fatty acid metabolic process","13/325","276/11892",0.0471014492753623,1.72347826086957,2.03841322137119,0.040058599816732,0.203748204452111,0.166352376425332,"Il1b/Ces2a/Ptgs2/Prkaa2/Cd74/Lpl/Cyp4f14/Scd1/Fabp2/Cyp4a10/Trib3/Tnfrsf1a/Ppara",13
"GO:0042060","wound healing","12/325","249/11892",0.0481927710843374,1.76341056533828,2.0406376407849,0.0409760575067673,0.203748204452111,0.166352376425332,"Cd36/Thbs1/Cldn4/Adra2a/Vil1/Aqp1/Erbb2/Col5a1/Thbd/Rhoc/Tnfrsf12a/Ppara",12
"GO:0009219","pyrimidine deoxyribonucleotide metabolic process","2/325","12/11892",0.166666666666667,6.09846153846154,2.96184312603884,0.0410149668213419,0.203748204452111,0.166352376425332,"Tymp/Upp1",2
"GO:0010042","response to manganese ion","2/325","12/11892",0.166666666666667,6.09846153846154,2.96184312603884,0.0410149668213419,0.203748204452111,0.166352376425332,"Tfrc/Ptgs2",2
"GO:0015669","gas transport","2/325","12/11892",0.166666666666667,6.09846153846154,2.96184312603884,0.0410149668213419,0.203748204452111,0.166352376425332,"Aqp1/Car12",2
"GO:0032310","prostaglandin secretion","2/325","12/11892",0.166666666666667,6.09846153846154,2.96184312603884,0.0410149668213419,0.203748204452111,0.166352376425332,"Il1b/Ptgs2",2
"GO:0033080","immature T cell proliferation in thymus","2/325","12/11892",0.166666666666667,6.09846153846154,2.96184312603884,0.0410149668213419,0.203748204452111,0.166352376425332,"Il1b/Erbb2",2
"GO:0033083","regulation of immature T cell proliferation","2/325","12/11892",0.166666666666667,6.09846153846154,2.96184312603884,0.0410149668213419,0.203748204452111,0.166352376425332,"Il1b/Erbb2",2
"GO:0042416","dopamine biosynthetic process","2/325","12/11892",0.166666666666667,6.09846153846154,2.96184312603884,0.0410149668213419,0.203748204452111,0.166352376425332,"Gch1/Nr4a2",2
"GO:0043374","CD8-positive, alpha-beta T cell differentiation","2/325","12/11892",0.166666666666667,6.09846153846154,2.96184312603884,0.0410149668213419,0.203748204452111,0.166352376425332,"Slc4a2/Igtp",2
"GO:0045793","positive regulation of cell size","2/325","12/11892",0.166666666666667,6.09846153846154,2.96184312603884,0.0410149668213419,0.203748204452111,0.166352376425332,"Hsp90ab1/Hsp90aa1",2
"GO:0045986","negative regulation of smooth muscle contraction","2/325","12/11892",0.166666666666667,6.09846153846154,2.96184312603884,0.0410149668213419,0.203748204452111,0.166352376425332,"Adra2a/Ptgs2",2
"GO:0051956","negative regulation of amino acid transport","2/325","12/11892",0.166666666666667,6.09846153846154,2.96184312603884,0.0410149668213419,0.203748204452111,0.166352376425332,"Il1b/Slc43a1",2
"GO:0061029","eyelid development in camera-type eye","2/325","12/11892",0.166666666666667,6.09846153846154,2.96184312603884,0.0410149668213419,0.203748204452111,0.166352376425332,"Jun/Inhba",2
"GO:0070508","cholesterol import","2/325","12/11892",0.166666666666667,6.09846153846154,2.96184312603884,0.0410149668213419,0.203748204452111,0.166352376425332,"Cd36/Stard5",2
"GO:1901160","primary amino compound metabolic process","2/325","12/11892",0.166666666666667,6.09846153846154,2.96184312603884,0.0410149668213419,0.203748204452111,0.166352376425332,"Btbd9/Gch1",2
"GO:1901550","regulation of endothelial cell development","2/325","12/11892",0.166666666666667,6.09846153846154,2.96184312603884,0.0410149668213419,0.203748204452111,0.166352376425332,"Il1b/Tnfrsf1a",2
"GO:1902001","fatty acid transmembrane transport","2/325","12/11892",0.166666666666667,6.09846153846154,2.96184312603884,0.0410149668213419,0.203748204452111,0.166352376425332,"Cd36/Thbs1",2
"GO:1903140","regulation of establishment of endothelial barrier","2/325","12/11892",0.166666666666667,6.09846153846154,2.96184312603884,0.0410149668213419,0.203748204452111,0.166352376425332,"Il1b/Tnfrsf1a",2
"GO:1903427","negative regulation of reactive oxygen species biosynthetic process","2/325","12/11892",0.166666666666667,6.09846153846154,2.96184312603884,0.0410149668213419,0.203748204452111,0.166352376425332,"Hspd1/Ppara",2
"GO:0032944","regulation of mononuclear cell proliferation","9/325","168/11892",0.0535714285714286,1.96021978021978,2.10100887183952,0.0411398120339154,0.204093333993287,0.166634161089416,"Il1b/Tfrc/Ido1/Ada/Slc4a2/Erbb2/Cd74/H2-T23/Icosl",9
"GO:0001659","temperature homeostasis","7/325","117/11892",0.0598290598290598,2.18919132149901,2.1667295503346,0.0413071521543896,0.204099413996086,0.166639125172005,"Cd36/Il1b/Abhd6/Ptgs2/Rb1/Scd1/Aldh1a1",7
"GO:0051250","negative regulation of lymphocyte activation","7/325","117/11892",0.0598290598290598,2.18919132149901,2.1667295503346,0.0413071521543896,0.204099413996086,0.166639125172005,"Hspb1/Ido1/Slc4a2/Lgals1/Erbb2/Cd74/H2-T23",7
"GO:0070507","regulation of microtubule cytoskeleton organization","7/325","117/11892",0.0598290598290598,2.18919132149901,2.1667295503346,0.0413071521543896,0.204099413996086,0.166639125172005,"Hsph1/Hspa1b/Mapre3/Ccdc88c/Prkaa2/Bicd2/Fkbp4",7
"GO:0002224","toll-like receptor signaling pathway","4/325","48/11892",0.0833333333333333,3.04923076923077,2.38452999489444,0.0415712576854816,0.205129392006272,0.167480061611769,"Hspd1/Cd36/Irf7/Smpdl3b",4
"GO:0034341","response to type II interferon","6/325","93/11892",0.0645161290322581,2.36069478908189,2.20810691387946,0.0418427124752903,0.205929399407857,0.168133236115905,"Calm1/Gch1/Igtp/Cd74/Ubd/Tgtp1",6
"GO:0042327","positive regulation of phosphorylation","17/325","393/11892",0.0432569974554707,1.5828068115091,1.96938832669933,0.0418451221260134,0.205929399407857,0.168133236115905,"Ereg/Cd36/Il1b/Thbs1/Epha4/Tfrc/Adra2a/Ptgs2/Mapre3/Igtp/Trf/Erbb2/Cd74/Hsp90aa1/Inhba/Tgfa/Tnfrsf1a",17
"GO:0019915","lipid storage","5/325","70/11892",0.0714285714285714,2.61362637362637,2.26958800898082,0.0422747278926761,0.206938442247548,0.168957079814302,"Cd36/Il1b/Cideb/Lpl/Ppara",5
"GO:0035967","cellular response to topologically incorrect protein","5/325","70/11892",0.0714285714285714,2.61362637362637,2.26958800898082,0.0422747278926761,0.206938442247548,0.168957079814302,"Bag3/Hspd1/Creb3/Igtp/Hspa5",5
"GO:0070585","protein localization to mitochondrion","5/325","70/11892",0.0714285714285714,2.61362637362637,2.26958800898082,0.0422747278926761,0.206938442247548,0.168957079814302,"Bag3/Hspd1/Dnaja1/Isg15/Hsp90aa1",5
"GO:0170062","nutrient storage","5/325","70/11892",0.0714285714285714,2.61362637362637,2.26958800898082,0.0422747278926761,0.206938442247548,0.168957079814302,"Cd36/Il1b/Cideb/Lpl/Ppara",5
"GO:0042180","ketone metabolic process","8/325","143/11892",0.0559440559440559,2.04703604088219,2.1113960280502,0.0424755344565823,0.207645649876608,0.169534486962682,"Il1b/Ido1/Ptgs2/Hagh/Cd74/Inhba/Trib3/Ppara",8
"GO:0009060","aerobic respiration","7/325","118/11892",0.0593220338983051,2.17063885267275,2.14211323310813,0.0429310019331443,0.20959426904049,0.171125457688197,"mt-Co2/mt-Atp6/mt-Nd4/mt-Atp8/mt-Nd1/mt-Cytb/mt-Co3",7
"GO:0001558","regulation of cell growth","13/325","279/11892",0.046594982078853,1.70494623655914,1.99722221118806,0.0430567137432036,0.209929956160646,0.171399532987774,"Hspa1b/Cryab/Creb3/Rb1/Erbb2/Lpar3/L1cam/Tnc/Dnm2/Slc23a2/Tnfrsf12a/Inhba/Ppara",13
"GO:0051701","biological process involved in interaction with host","6/325","94/11892",0.0638297872340425,2.33558101472995,2.17906642962721,0.0437148074660705,0.211901322465096,0.173009075856787,"Hsp90ab1/Lgals1/Cd74/Dynlt1a/Bsg/Ppara",6
"GO:0002686","negative regulation of leukocyte migration","3/325","29/11892",0.103448275862069,3.78525198938992,2.5171362790063,0.0437545904985603,0.211901322465096,0.173009075856787,"Dusp1/Ada/Padi2",3
"GO:0042771","intrinsic apoptotic signaling pathway in response to DNA damage by p53 class mediator","3/325","29/11892",0.103448275862069,3.78525198938992,2.5171362790063,0.0437545904985603,0.211901322465096,0.173009075856787,"Cd74/Hipk1/Tmem109",3
"GO:0090049","regulation of cell migration involved in sprouting angiogenesis","3/325","29/11892",0.103448275862069,3.78525198938992,2.5171362790063,0.0437545904985603,0.211901322465096,0.173009075856787,"Thbs1/Ptgs2/Pik3r2",3
"GO:1904262","negative regulation of TORC1 signaling","3/325","29/11892",0.103448275862069,3.78525198938992,2.5171362790063,0.0437545904985603,0.211901322465096,0.173009075856787,"Prkaa2/Ywhag/Castor2",3
"GO:0071559","response to transforming growth factor beta","9/325","170/11892",0.0529411764705882,1.93715837104072,2.06289485751424,0.0438059706235494,0.211901322465096,0.173009075856787,"Hsp90ab1/Thbs1/Bmp8b/Nrep/Gdf10/Jun/Dnm2/Hspa5/Ppara",9
"GO:0006959","humoral immune response","8/325","144/11892",0.0555555555555556,2.03282051282051,2.09008830041243,0.0439557799192197,0.211931586740921,0.173033785444868,"Sprr2a1/Il1b/Trf/Ccl7/C1qa/H2-T23/Jchain/B2m",8
"GO:0006493","protein O-linked glycosylation","4/325","49/11892",0.0816326530612245,2.98700156985871,2.33617777425868,0.0443296943508547,0.211931586740921,0.173033785444868,"B3gnt7/B3galt5/B3gnt5/B3galt1",4
"GO:0007492","endoderm development","4/325","49/11892",0.0816326530612245,2.98700156985871,2.33617777425868,0.0443296943508547,0.211931586740921,0.173033785444868,"Dusp1/Col5a1/Arc/Inhba",4
"GO:0032637","interleukin-8 production","4/325","49/11892",0.0816326530612245,2.98700156985871,2.33617777425868,0.0443296943508547,0.211931586740921,0.173033785444868,"Hspa1b/Il1b/Anxa4/Cd74",4
"GO:0032663","regulation of interleukin-2 production","4/325","49/11892",0.0816326530612245,2.98700156985871,2.33617777425868,0.0443296943508547,0.211931586740921,0.173033785444868,"Il1b/Pde4b/Ezr/Abl2",4
"GO:0032677","regulation of interleukin-8 production","4/325","49/11892",0.0816326530612245,2.98700156985871,2.33617777425868,0.0443296943508547,0.211931586740921,0.173033785444868,"Hspa1b/Il1b/Anxa4/Cd74",4
"GO:0032722","positive regulation of chemokine production","4/325","49/11892",0.0816326530612245,2.98700156985871,2.33617777425868,0.0443296943508547,0.211931586740921,0.173033785444868,"Il1b/Cd74/Oas1g/Lpl",4
"GO:0097192","extrinsic apoptotic signaling pathway in absence of ligand","4/325","49/11892",0.0816326530612245,2.98700156985871,2.33617777425868,0.0443296943508547,0.211931586740921,0.173033785444868,"Bag3/Hspa1b/Il1b/Inhba",4
"GO:1902475","L-alpha-amino acid transmembrane transport","4/325","49/11892",0.0816326530612245,2.98700156985871,2.33617777425868,0.0443296943508547,0.211931586740921,0.173033785444868,"Slc1a4/Slc43a1/Slc47a1/Slc7a5",4
"GO:0010631","epithelial cell migration","5/325","71/11892",0.0704225352112676,2.57681473456121,2.23369173629513,0.0445032923470555,0.211936867688949,0.173038097130738,"Ptprr/Vil1/Aqp1/Wdpcp/Jun",5
"GO:0043406","positive regulation of MAP kinase activity","5/325","71/11892",0.0704225352112676,2.57681473456121,2.23369173629513,0.0445032923470555,0.211936867688949,0.173038097130738,"Il1b/Thbs1/Epha4/Adra2a/Erbb2",5
"GO:2000177","regulation of neural precursor cell proliferation","5/325","71/11892",0.0704225352112676,2.57681473456121,2.23369173629513,0.0445032923470555,0.211936867688949,0.173038097130738,"Il1b/Trf/Erbb2/Btg2/Pde9a",5
"GO:0002274","myeloid leukocyte activation","9/325","171/11892",0.0526315789473684,1.92582995951417,2.04403089028977,0.0451815763218708,0.214782151584697,0.175361159259973,"Hspd1/Thbs1/C5ar1/Ndrg1/C1qa/Jun/Ubd/Anxa3/Ulbp1",9
"GO:0048872","homeostasis of number of cells","12/325","253/11892",0.0474308300395257,1.73553055640012,1.98218254860206,0.0453210842458224,0.214782151584697,0.175361159259973,"Hspa1b/Sprr2a1/Ada/Isg15/Pde4b/Rb1/Cd74/Foxa3/Inhba/Lpcat3/B2m/Ncapg2",12
"GO:0045765","regulation of angiogenesis","10/325","198/11892",0.0505050505050505,1.84801864801865,2.01695846616062,0.0454443841575668,0.214782151584697,0.175361159259973,"Hspb1/Cd36/Il1b/Thbs1/C5ar1/Aqp1/Anxa3/Sparc/Tnfrsf12a/Tnfrsf1a",10
"GO:0002367","cytokine production involved in immune response","6/325","95/11892",0.0631578947368421,2.310995951417,2.15039313890474,0.0456386139858591,0.214782151584697,0.175361159259973,"Cd36/Il1b/Cd96/Cd74/H2-T23/B2m",6
"GO:0061136","regulation of proteasomal protein catabolic process","7/325","120/11892",0.0583333333333333,2.13446153846154,2.09360995745088,0.0463013071572083,0.214782151584697,0.175361159259973,"Hspa1b/Hsp90ab1/Xpo1/Usp13/Ubb/Trf/Trib3",7
"GO:0051222","positive regulation of protein transport","10/325","199/11892",0.050251256281407,1.83873212214921,1.99998777837818,0.0467446311672612,0.214782151584697,0.175361159259973,"Bag3/Hsp90ab1/Glud1/Ptgs2/Camk2n1/Gna11/Pik3r2/Hsp90aa1/Bsg/Tnfrsf1a",10
"GO:0002526","acute inflammatory response","5/325","72/11892",0.0694444444444444,2.54102564102564,2.1984058810127,0.0468009754547516,0.214782151584697,0.175361159259973,"Il1b/Tfrc/Ptgs2/Saa3/H2-T23",5
"GO:0006576","biogenic amine metabolic process","5/325","72/11892",0.0694444444444444,2.54102564102564,2.1984058810127,0.0468009754547516,0.214782151584697,0.175361159259973,"Ido1/Smox/Gch1/Nr4a2/Amd2",5
"GO:0090132","epithelium migration","5/325","72/11892",0.0694444444444444,2.54102564102564,2.1984058810127,0.0468009754547516,0.214782151584697,0.175361159259973,"Ptprr/Vil1/Aqp1/Wdpcp/Jun",5
"GO:0001885","endothelial cell development","4/325","50/11892",0.08,2.92726153846154,2.28904131059954,0.0471883866175451,0.214782151584697,0.175361159259973,"Il1b/Amotl2/Ezr/Tnfrsf1a",4
"GO:0038034","signal transduction in absence of ligand","4/325","50/11892",0.08,2.92726153846154,2.28904131059954,0.0471883866175451,0.214782151584697,0.175361159259973,"Bag3/Hspa1b/Il1b/Inhba",4
"GO:1903036","positive regulation of response to wounding","4/325","50/11892",0.08,2.92726153846154,2.28904131059954,0.0471883866175451,0.214782151584697,0.175361159259973,"Cd36/Thbs1/Cldn4/Adra2a",4
"GO:0003158","endothelium development","6/325","96/11892",0.0625,2.28692307692308,2.12207791458119,0.0476143873625582,0.214782151584697,0.175361159259973,"Il1b/Apold1/Amotl2/Ezr/Bsg/Tnfrsf1a",6
"GO:0051384","response to glucocorticoid","6/325","96/11892",0.0625,2.28692307692308,2.12207791458119,0.0476143873625582,0.214782151584697,0.175361159259973,"Cdo1/Fosb/Ptgs2/Aqp1/Hmgcs2/Anxa3",6
"GO:0002689","negative regulation of leukocyte chemotaxis","2/325","13/11892",0.153846153846154,5.62934911242604,2.79925311811439,0.0476144191600573,0.214782151584697,0.175361159259973,"Dusp1/Padi2",2
"GO:0006595","polyamine metabolic process","2/325","13/11892",0.153846153846154,5.62934911242604,2.79925311811439,0.0476144191600573,0.214782151584697,0.175361159259973,"Smox/Amd2",2
"GO:0009065","glutamine family amino acid catabolic process","2/325","13/11892",0.153846153846154,5.62934911242604,2.79925311811439,0.0476144191600573,0.214782151584697,0.175361159259973,"Glud1/Adhfe1",2
"GO:0009129","pyrimidine nucleoside monophosphate metabolic process","2/325","13/11892",0.153846153846154,5.62934911242604,2.79925311811439,0.0476144191600573,0.214782151584697,0.175361159259973,"Tymp/Upp1",2
"GO:0019430","removal of superoxide radicals","2/325","13/11892",0.153846153846154,5.62934911242604,2.79925311811439,0.0476144191600573,0.214782151584697,0.175361159259973,"Cd36/Gch1",2
"GO:0030033","microvillus assembly","2/325","13/11892",0.153846153846154,5.62934911242604,2.79925311811439,0.0476144191600573,0.214782151584697,0.175361159259973,"Espn/Ezr",2
"GO:0030299","intestinal cholesterol absorption","2/325","13/11892",0.153846153846154,5.62934911242604,2.79925311811439,0.0476144191600573,0.214782151584697,0.175361159259973,"Cd36/Lpcat3",2
"GO:0033079","immature T cell proliferation","2/325","13/11892",0.153846153846154,5.62934911242604,2.79925311811439,0.0476144191600573,0.214782151584697,0.175361159259973,"Il1b/Erbb2",2
"GO:0034377","plasma lipoprotein particle assembly","2/325","13/11892",0.153846153846154,5.62934911242604,2.79925311811439,0.0476144191600573,0.214782151584697,0.175361159259973,"Cideb/Lpcat3",2
"GO:0042219","modified amino acid catabolic process","2/325","13/11892",0.153846153846154,5.62934911242604,2.79925311811439,0.0476144191600573,0.214782151584697,0.175361159259973,"Dpep1/Abhd12",2
"GO:0043171","peptide catabolic process","2/325","13/11892",0.153846153846154,5.62934911242604,2.79925311811439,0.0476144191600573,0.214782151584697,0.175361159259973,"Lta4h/Cpe",2
"GO:0046348","amino sugar catabolic process","2/325","13/11892",0.153846153846154,5.62934911242604,2.79925311811439,0.0476144191600573,0.214782151584697,0.175361159259973,"Npl/Aldh1a1",2
"GO:0046514","ceramide catabolic process","2/325","13/11892",0.153846153846154,5.62934911242604,2.79925311811439,0.0476144191600573,0.214782151584697,0.175361159259973,"Psap/Galc",2
"GO:0048755","branching morphogenesis of a nerve","2/325","13/11892",0.153846153846154,5.62934911242604,2.79925311811439,0.0476144191600573,0.214782151584697,0.175361159259973,"Il1b/Cpe",2
"GO:0051131","chaperone-mediated protein complex assembly","2/325","13/11892",0.153846153846154,5.62934911242604,2.79925311811439,0.0476144191600573,0.214782151584697,0.175361159259973,"Hsp90ab1/Hsp90aa1",2
"GO:0071361","cellular response to ethanol","2/325","13/11892",0.153846153846154,5.62934911242604,2.79925311811439,0.0476144191600573,0.214782151584697,0.175361159259973,"Ccl7/Slc23a2",2
"GO:0071467","cellular response to pH","2/325","13/11892",0.153846153846154,5.62934911242604,2.79925311811439,0.0476144191600573,0.214782151584697,0.175361159259973,"Gna11/Mcoln1",2
"GO:2001185","regulation of CD8-positive, alpha-beta T cell activation","2/325","13/11892",0.153846153846154,5.62934911242604,2.79925311811439,0.0476144191600573,0.214782151584697,0.175361159259973,"Slc4a2/H2-T23",2
"GO:0000184","nuclear-transcribed mRNA catabolic process, nonsense-mediated decay","3/325","30/11892",0.1,3.65907692307692,2.4442919122371,0.0476646228964411,0.214782151584697,0.175361159259973,"Rnps1/Etf1/Dcp2",3
"GO:0006040","amino sugar metabolic process","3/325","30/11892",0.1,3.65907692307692,2.4442919122371,0.0476646228964411,0.214782151584697,0.175361159259973,"Npl/Aldh1a1/Chst4",3
"GO:0009309","amine biosynthetic process","3/325","30/11892",0.1,3.65907692307692,2.4442919122371,0.0476646228964411,0.214782151584697,0.175361159259973,"Gch1/Nr4a2/Amd2",3
"GO:0030890","positive regulation of B cell proliferation","3/325","30/11892",0.1,3.65907692307692,2.4442919122371,0.0476646228964411,0.214782151584697,0.175361159259973,"Tfrc/Ada/Cd74",3
"GO:0032743","positive regulation of interleukin-2 production","3/325","30/11892",0.1,3.65907692307692,2.4442919122371,0.0476646228964411,0.214782151584697,0.175361159259973,"Il1b/Pde4b/Abl2",3
"GO:0032964","collagen biosynthetic process","3/325","30/11892",0.1,3.65907692307692,2.4442919122371,0.0476646228964411,0.214782151584697,0.175361159259973,"Serpinh1/Col5a1/Inhba",3
"GO:0042401","biogenic amine biosynthetic process","3/325","30/11892",0.1,3.65907692307692,2.4442919122371,0.0476646228964411,0.214782151584697,0.175361159259973,"Gch1/Nr4a2/Amd2",3
"GO:0044546","NLRP3 inflammasome complex assembly","3/325","30/11892",0.1,3.65907692307692,2.4442919122371,0.0476646228964411,0.214782151584697,0.175361159259973,"Hspa8/Cd36/Igtp",3
"GO:0045124","regulation of bone resorption","3/325","30/11892",0.1,3.65907692307692,2.4442919122371,0.0476646228964411,0.214782151584697,0.175361159259973,"Tfrc/Slc4a2/Trf",3
"GO:0070670","response to interleukin-4","3/325","30/11892",0.1,3.65907692307692,2.4442919122371,0.0476646228964411,0.214782151584697,0.175361159259973,"Hsp90ab1/Nfil3/Hspa5",3
"GO:0071827","plasma lipoprotein particle organization","3/325","30/11892",0.1,3.65907692307692,2.4442919122371,0.0476646228964411,0.214782151584697,0.175361159259973,"Cideb/Lpl/Lpcat3",3
"GO:0120163","negative regulation of cold-induced thermogenesis","3/325","30/11892",0.1,3.65907692307692,2.4442919122371,0.0476646228964411,0.214782151584697,0.175361159259973,"Abhd6/Rb1/Aldh1a1",3
"GO:0045766","positive regulation of angiogenesis","7/325","121/11892",0.0578512396694215,2.11682136045772,2.06971343740005,0.0480482495989119,0.216246456680817,0.176556706642618,"Hspb1/Il1b/Thbs1/C5ar1/Aqp1/Anxa3/Tnfrsf1a",7
"GO:0006886","intracellular protein transport","18/325","430/11892",0.0418604651162791,1.53170661896243,1.88242028715242,0.0482217546414539,0.216762667815121,0.17697817268282,"Hspb1/Bag3/Hspa8/Hsp90ab1/Tbc1d13/Cd36/Xpo1/Ptgs2/Psap/Igtp/Pik3r2/Cd74/Hsp90aa1/Cwh43/Ube2g2/Appbp2/Hspa5/Tnfrsf1a",18
"GO:0045333","cellular respiration","8/325","147/11892",0.054421768707483,1.99133437990581,2.02718240009921,0.0485992696443521,0.217928111811535,0.177929711759768,"mt-Co2/mt-Atp6/mt-Nd4/mt-Atp8/Oas1g/mt-Nd1/mt-Cytb/mt-Co3",8
"GO:0051348","negative regulation of transferase activity","8/325","147/11892",0.054421768707483,1.99133437990581,2.02718240009921,0.0485992696443521,0.217928111811535,0.177929711759768,"Hspb1/Chordc1/Dnaja1/Dusp1/Il1b/Rb1/Spry4/Trib3",8
"GO:0097237","cellular response to toxic substance","5/325","73/11892",0.0684931506849315,2.50621707060063,2.16371039393938,0.0491679526782666,0.220210295956368,0.179793025141861,"Cd36/Gch1/Ptgs2/Slc29a4/Aldh1a1",5
"GO:0021782","glial cell development","6/325","97/11892",0.0618556701030928,2.26334655035686,2.0941119524495,0.0496423529797538,0.221796015858633,0.181087702927102,"Il1b/C5ar1/Erbb2/Ndrg1/C1qa/B4galt5",6
"GO:0050671","positive regulation of lymphocyte proliferation","6/325","97/11892",0.0618556701030928,2.26334655035686,2.0941119524495,0.0496423529797538,0.221796015858633,0.181087702927102,"Il1b/Tfrc/Ada/Cd74/H2-T23/Icosl",6
"GO:1904018","positive regulation of vasculature development","7/325","122/11892",0.0573770491803279,2.09947036569987,2.04604751188684,0.0498366799313535,0.221899466055395,0.181172165934367,"Hspb1/Il1b/Thbs1/C5ar1/Aqp1/Anxa3/Tnfrsf1a",7
"GO:0070661","leukocyte proliferation","11/325","229/11892",0.0480349344978166,1.75763520322472,1.94049823205125,0.0499964689065829,0.221899466055395,0.181172165934367,"Hspd1/Il1b/Tfrc/Ido1/Ada/Slc4a2/Erbb2/Cd74/Nmb/H2-T23/Icosl",11
"GO:0010632","regulation of epithelial cell migration","4/325","51/11892",0.0784313725490196,2.86986425339367,2.24306303783943,0.0501471121063874,0.221899466055395,0.181172165934367,"Ptprr/Vil1/Aqp1/Jun",4
"GO:0010761","fibroblast migration","4/325","51/11892",0.0784313725490196,2.86986425339367,2.24306303783943,0.0501471121063874,0.221899466055395,0.181172165934367,"Thbs1/Arid5b/Aqp1/Wdpcp",4
"GO:0032623","interleukin-2 production","4/325","51/11892",0.0784313725490196,2.86986425339367,2.24306303783943,0.0501471121063874,0.221899466055395,0.181172165934367,"Il1b/Pde4b/Ezr/Abl2",4
"GO:0035914","skeletal muscle cell differentiation","4/325","51/11892",0.0784313725490196,2.86986425339367,2.24306303783943,0.0501471121063874,0.221899466055395,0.181172165934367,"Nr1d2/Nr4a1/Rb1/Btg2",4
"GO:0042775","mitochondrial ATP synthesis coupled electron transport","4/325","51/11892",0.0784313725490196,2.86986425339367,2.24306303783943,0.0501471121063874,0.221899466055395,0.181172165934367,"mt-Nd4/mt-Nd1/mt-Cytb/mt-Co3",4
"GO:0050688","regulation of defense response to virus","4/325","51/11892",0.0784313725490196,2.86986425339367,2.24306303783943,0.0501471121063874,0.221899466055395,0.181172165934367,"Il1b/Creb3/Igtp/Hsp90aa1",4
"GO:0051098","regulation of binding","10/325","202/11892",0.0495049504950495,1.81142421934501,1.94965109394344,0.0507954053690579,0.22422977747347,0.183074773337708,"Calm1/Epha4/Mapre3/Rb1/Jun/Hipk1/Gtf2f1/Trib3/B2m/Abl2",10
"GO:1901342","regulation of vasculature development","10/325","202/11892",0.0495049504950495,1.81142421934501,1.94965109394344,0.0507954053690579,0.22422977747347,0.183074773337708,"Hspb1/Cd36/Il1b/Thbs1/C5ar1/Aqp1/Anxa3/Sparc/Tnfrsf12a/Tnfrsf1a",10
"GO:0001934","positive regulation of protein phosphorylation","16/325","374/11892",0.0427807486631016,1.56538050185109,1.86220973753785,0.0514343493720198,0.225697584201555,0.184273179664804,"Ereg/Cd36/Il1b/Thbs1/Epha4/Tfrc/Adra2a/Ptgs2/Mapre3/Igtp/Erbb2/Cd74/Hsp90aa1/Inhba/Tgfa/Tnfrsf1a",16
"GO:0009134","nucleoside diphosphate catabolic process","5/325","74/11892",0.0675675675675676,2.47234927234927,2.12958615828081,0.0516043448174328,0.225697584201555,0.184273179664804,"Pklr/Prkaa2/Entpd3/Nudt5/Ppara",5
"GO:0030534","adult behavior","7/325","123/11892",0.0569105691056911,2.08240150093809,2.02260772846416,0.051666796466956,0.225697584201555,0.184273179664804,"Btbd9/Epha4/Fosb/Abhd12/Nr4a2/Ppara/Abl2",7
"GO:0050777","negative regulation of immune response","7/325","123/11892",0.0569105691056911,2.08240150093809,2.02260772846416,0.051666796466956,0.225697584201555,0.184273179664804,"Isg15/Lgals1/Cd96/Oas1g/Samhd1/Smpdl3b/H2-T23",7
"GO:0032946","positive regulation of mononuclear cell proliferation","6/325","98/11892",0.0612244897959184,2.24025117739403,2.06648675654626,0.0517227062447933,0.225697584201555,0.184273179664804,"Il1b/Tfrc/Ada/Cd74/H2-T23/Icosl",6
"GO:0001706","endoderm formation","3/325","31/11892",0.0967741935483871,3.54104218362283,2.37450217111724,0.0517402220972093,0.225697584201555,0.184273179664804,"Dusp1/Col5a1/Inhba",3
"GO:0001774","microglial cell activation","3/325","31/11892",0.0967741935483871,3.54104218362283,2.37450217111724,0.0517402220972093,0.225697584201555,0.184273179664804,"C5ar1/C1qa/Jun",3
"GO:0010824","regulation of centrosome duplication","3/325","31/11892",0.0967741935483871,3.54104218362283,2.37450217111724,0.0517402220972093,0.225697584201555,0.184273179664804,"Chordc1/Xpo1/Plk4",3
"GO:0010934","macrophage cytokine production","3/325","31/11892",0.0967741935483871,3.54104218362283,2.37450217111724,0.0517402220972093,0.225697584201555,0.184273179664804,"Cd36/Il1b/Cd74",3
"GO:0070229","negative regulation of lymphocyte apoptotic process","3/325","31/11892",0.0967741935483871,3.54104218362283,2.37450217111724,0.0517402220972093,0.225697584201555,0.184273179664804,"Ido1/Ada/Cd74",3
"GO:0001933","negative regulation of protein phosphorylation","10/325","203/11892",0.0492610837438424,1.80250094732853,1.93306027327105,0.0521961681858019,0.227417347438375,0.185677298548224,"Hspb1/Chordc1/Dnaja1/Dusp1/Il1b/Ctdspl/Rb1/Jun/Spry4/Trib3",10
"GO:0051603","proteolysis involved in protein catabolic process","20/325","495/11892",0.0404040404040404,1.47841491841492,1.82243707259901,0.0523947869929614,0.228013205260987,0.186163792969461,"Hspa1b/Hsp90ab1/Xpo1/Epha4/Usp13/Gzmb/Isg15/Ubb/Fap/Trf/Herc6/Spsb1/Ube2g2/Appbp2/Herc3/Ubd/Get4/Trib3/Hspa5/Rnf114",20
"GO:0007585","respiratory gaseous exchange by respiratory system","4/325","52/11892",0.0769230769230769,2.81467455621302,2.19818921548718,0.0532055362245726,0.229615193710011,0.187471753381764,"Slc5a3/Ccdc88c/Nr4a2/Nmb",4
"GO:0042130","negative regulation of T cell proliferation","4/325","52/11892",0.0769230769230769,2.81467455621302,2.19818921548718,0.0532055362245726,0.229615193710011,0.187471753381764,"Ido1/Slc4a2/Erbb2/H2-T23",4
"GO:0062208","positive regulation of pattern recognition receptor signaling pathway","4/325","52/11892",0.0769230769230769,2.81467455621302,2.19818921548718,0.0532055362245726,0.229615193710011,0.187471753381764,"Hspa1b/Wdfy1/Cd36/Ddx60",4
"GO:0071230","cellular response to amino acid stimulus","4/325","52/11892",0.0769230769230769,2.81467455621302,2.19818921548718,0.0532055362245726,0.229615193710011,0.187471753381764,"Ptgs2/Hmgcs2/Slc7a5/Castor2",4
"GO:1901796","regulation of signal transduction by p53 class mediator","4/325","52/11892",0.0769230769230769,2.81467455621302,2.19818921548718,0.0532055362245726,0.229615193710011,0.187471753381764,"Ubb/Hexim1/Rrs1/Cd74",4
"GO:0034614","cellular response to reactive oxygen species","6/325","99/11892",0.0606060606060606,2.21762237762238,2.03919412528266,0.0538556125924716,0.229615193710011,0.187471753381764,"Hspa8/Cd36/Gch1/Psap/Aqp1/Jun",6
"GO:0046889","positive regulation of lipid biosynthetic process","5/325","75/11892",0.0666666666666667,2.43938461538462,2.09601493414993,0.0541102185746478,0.229615193710011,0.187471753381764,"Il1b/Abhd6/Ptgs2/Cd74/Ppara",5
"GO:0090130","tissue migration","5/325","75/11892",0.0666666666666667,2.43938461538462,2.09601493414993,0.0541102185746478,0.229615193710011,0.187471753381764,"Ptprr/Vil1/Aqp1/Wdpcp/Jun",5
"GO:0000027","ribosomal large subunit assembly","2/325","14/11892",0.142857142857143,5.22725274725275,2.65271794121006,0.0545694274796446,0.229615193710011,0.187471753381764,"Rrs1/Brix1",2
"GO:0002716","negative regulation of natural killer cell mediated immunity","2/325","14/11892",0.142857142857143,5.22725274725275,2.65271794121006,0.0545694274796446,0.229615193710011,0.187471753381764,"Cd96/H2-T23",2
"GO:0010744","positive regulation of macrophage derived foam cell differentiation","2/325","14/11892",0.142857142857143,5.22725274725275,2.65271794121006,0.0545694274796446,0.229615193710011,0.187471753381764,"Cd36/Lpl",2
"GO:0010759","positive regulation of macrophage chemotaxis","2/325","14/11892",0.142857142857143,5.22725274725275,2.65271794121006,0.0545694274796446,0.229615193710011,0.187471753381764,"Thbs1/C5ar1",2
"GO:0010958","regulation of amino acid import across plasma membrane","2/325","14/11892",0.142857142857143,5.22725274725275,2.65271794121006,0.0545694274796446,0.229615193710011,0.187471753381764,"Slc43a1/Slc7a5",2
"GO:0015802","basic amino acid transport","2/325","14/11892",0.142857142857143,5.22725274725275,2.65271794121006,0.0545694274796446,0.229615193710011,0.187471753381764,"Slc47a1/Slc7a5",2
"GO:0019755","one-carbon compound transport","2/325","14/11892",0.142857142857143,5.22725274725275,2.65271794121006,0.0545694274796446,0.229615193710011,0.187471753381764,"Aqp1/Car12",2
"GO:0030277","maintenance of gastrointestinal epithelium","2/325","14/11892",0.142857142857143,5.22725274725275,2.65271794121006,0.0545694274796446,0.229615193710011,0.187471753381764,"Tff3/Htr4",2
"GO:0032095","regulation of response to food","2/325","14/11892",0.142857142857143,5.22725274725275,2.65271794121006,0.0545694274796446,0.229615193710011,0.187471753381764,"Nenf/Ppara",2
"GO:0032305","positive regulation of icosanoid secretion","2/325","14/11892",0.142857142857143,5.22725274725275,2.65271794121006,0.0545694274796446,0.229615193710011,0.187471753381764,"Il1b/Cyp4a10",2
"GO:0033194","response to hydroperoxide","2/325","14/11892",0.142857142857143,5.22725274725275,2.65271794121006,0.0545694274796446,0.229615193710011,0.187471753381764,"Cd36/mt-Nd1",2
"GO:0040019","positive regulation of embryonic development","2/325","14/11892",0.142857142857143,5.22725274725275,2.65271794121006,0.0545694274796446,0.229615193710011,0.187471753381764,"B4galt5/Hspa5",2
"GO:0050820","positive regulation of coagulation","2/325","14/11892",0.142857142857143,5.22725274725275,2.65271794121006,0.0545694274796446,0.229615193710011,0.187471753381764,"Cd36/Thbs1",2
"GO:0050999","regulation of nitric-oxide synthase activity","2/325","14/11892",0.142857142857143,5.22725274725275,2.65271794121006,0.0545694274796446,0.229615193710011,0.187471753381764,"Il1b/Gch1",2
"GO:0071450","cellular response to oxygen radical","2/325","14/11892",0.142857142857143,5.22725274725275,2.65271794121006,0.0545694274796446,0.229615193710011,0.187471753381764,"Cd36/Gch1",2
"GO:0071451","cellular response to superoxide","2/325","14/11892",0.142857142857143,5.22725274725275,2.65271794121006,0.0545694274796446,0.229615193710011,0.187471753381764,"Cd36/Gch1",2
"GO:0071480","cellular response to gamma radiation","2/325","14/11892",0.142857142857143,5.22725274725275,2.65271794121006,0.0545694274796446,0.229615193710011,0.187471753381764,"Cryab/Tmem109",2
"GO:0098792","xenophagy","2/325","14/11892",0.142857142857143,5.22725274725275,2.65271794121006,0.0545694274796446,0.229615193710011,0.187471753381764,"Rnf31/Igtp",2
"GO:1901569","fatty acid derivative catabolic process","2/325","14/11892",0.142857142857143,5.22725274725275,2.65271794121006,0.0545694274796446,0.229615193710011,0.187471753381764,"Dpep1/Cyp4f14",2
"GO:1903789","regulation of amino acid transmembrane transport","2/325","14/11892",0.142857142857143,5.22725274725275,2.65271794121006,0.0545694274796446,0.229615193710011,0.187471753381764,"Slc43a1/Slc7a5",2
"GO:1904478","regulation of intestinal absorption","2/325","14/11892",0.142857142857143,5.22725274725275,2.65271794121006,0.0545694274796446,0.229615193710011,0.187471753381764,"Cldn2/Lpcat3",2
"GO:0009636","response to toxic substance","8/325","151/11892",0.0529801324503311,1.93858380030565,1.94558175978379,0.0552709740669473,0.231839555413178,0.189287857019812,"Cd36/Gch1/Ptgs2/Nr4a2/Slc47a1/Slc29a4/mt-Cytb/Aldh1a1",8
"GO:0070085","glycosylation","8/325","151/11892",0.0529801324503311,1.93858380030565,1.94558175978379,0.0552709740669473,0.231839555413178,0.189287857019812,"Ces2a/B3gnt7/B4galt5/Cwh43/St3gal6/B3galt5/B3gnt5/B3galt1",8
"GO:0006091","generation of precursor metabolites and energy","13/325","290/11892",0.0448275862068966,1.64027586206897,1.85029169789523,0.055392977569045,0.231839555413178,0.189287857019812,"mt-Co2/mt-Atp6/mt-Nd4/Pklr/Prkaa2/mt-Atp8/Adhfe1/Oas1g/mt-Nd1/Hmgcs2/mt-Cytb/mt-Co3/Ppara",13
"GO:0032787","monocarboxylic acid metabolic process","17/325","408/11892",0.0416666666666667,1.52461538461538,1.80744468169558,0.0557685800505231,0.231839555413178,0.189287857019812,"Il1b/Ido1/Ces2a/Ptgs2/Pklr/Hagh/Prkaa2/Cd74/Lpl/Cyp4f14/Scd1/Fabp2/Cyp4a10/Aldh1a1/Trib3/Tnfrsf1a/Ppara",17
"GO:0002347","response to tumor cell","3/325","32/11892",0.09375,3.43038461538462,2.30753424177492,0.0559786229836484,0.231839555413178,0.189287857019812,"Hspd1/Ywhag/Ulbp1",3
"GO:0002673","regulation of acute inflammatory response","3/325","32/11892",0.09375,3.43038461538462,2.30753424177492,0.0559786229836484,0.231839555413178,0.189287857019812,"Il1b/Ptgs2/H2-T23",3
"GO:0021587","cerebellum morphogenesis","3/325","32/11892",0.09375,3.43038461538462,2.30753424177492,0.0559786229836484,0.231839555413178,0.189287857019812,"Psap/Hspa5/Abl2",3
"GO:0046460","neutral lipid biosynthetic process","3/325","32/11892",0.09375,3.43038461538462,2.30753424177492,0.0559786229836484,0.231839555413178,0.189287857019812,"Sik1/Plpp1/Lpl",3
"GO:0046461","neutral lipid catabolic process","3/325","32/11892",0.09375,3.43038461538462,2.30753424177492,0.0559786229836484,0.231839555413178,0.189287857019812,"Abhd6/Abhd12/Lpl",3
"GO:0046463","acylglycerol biosynthetic process","3/325","32/11892",0.09375,3.43038461538462,2.30753424177492,0.0559786229836484,0.231839555413178,0.189287857019812,"Sik1/Plpp1/Lpl",3
"GO:0046464","acylglycerol catabolic process","3/325","32/11892",0.09375,3.43038461538462,2.30753424177492,0.0559786229836484,0.231839555413178,0.189287857019812,"Abhd6/Abhd12/Lpl",3
"GO:0071825","protein-lipid complex organization","3/325","32/11892",0.09375,3.43038461538462,2.30753424177492,0.0559786229836484,0.231839555413178,0.189287857019812,"Cideb/Lpl/Lpcat3",3
"GO:0140632","canonical inflammasome complex assembly","3/325","32/11892",0.09375,3.43038461538462,2.30753424177492,0.0559786229836484,0.231839555413178,0.189287857019812,"Hspa8/Cd36/Igtp",3
"GO:2000378","negative regulation of reactive oxygen species metabolic process","3/325","32/11892",0.09375,3.43038461538462,2.30753424177492,0.0559786229836484,0.231839555413178,0.189287857019812,"Hspd1/Cryab/Ppara",3
"GO:0002200","somatic diversification of immune receptors","4/325","53/11892",0.0754716981132075,2.76156748911466,2.15436960548795,0.0563632157366098,0.232648167083028,0.189948056569774,"Hspd1/Tfrc/Samhd1/Icosl",4
"GO:0010833","telomere maintenance via telomere lengthening","4/325","53/11892",0.0754716981132075,2.76156748911466,2.15436960548795,0.0563632157366098,0.232648167083028,0.189948056569774,"Hsp90ab1/Gch1/Hsp90aa1/Dcp2",4
"GO:0097194","execution phase of apoptosis","4/325","53/11892",0.0754716981132075,2.76156748911466,2.15436960548795,0.0563632157366098,0.232648167083028,0.189948056569774,"Top2a/Cideb/Fap/Tnfrsf1a",4
"GO:1904951","positive regulation of establishment of protein localization","11/325","234/11892",0.047008547008547,1.72007889546351,1.86473227622552,0.0566805271140373,0.233195395506894,0.190394847004087,"Bag3/Hsp90ab1/Glud1/Ptgs2/Camk2n1/Gna11/Erbb2/Pik3r2/Hsp90aa1/Bsg/Tnfrsf1a",11
"GO:0009308","amine metabolic process","5/325","76/11892",0.0657894736842105,2.40728744939271,2.0629793070743,0.0566855871877854,0.233195395506894,0.190394847004087,"Ido1/Smox/Gch1/Nr4a2/Amd2",5
"GO:0046634","regulation of alpha-beta T cell activation","5/325","76/11892",0.0657894736842105,2.40728744939271,2.0629793070743,0.0566855871877854,0.233195395506894,0.190394847004087,"Hsph1/Ada/Slc4a2/Lgals1/H2-T23",5
"GO:0007169","cell surface receptor protein tyrosine kinase signaling pathway","17/325","409/11892",0.0415647921760391,1.52088771863833,1.79687800107166,0.0567992906694811,0.2334026593174,0.190564069734256,"Hspb1/Ereg/Il1b/Thbs1/Ptprr/Epha4/Flrt3/Adra2a/Arid5b/Sulf2/Vil1/Erbb2/Pik3r2/Efemp1/Spry4/Tgfa/Abl2",17
"GO:0002700","regulation of production of molecular mediator of immune response","7/325","126/11892",0.0555555555555556,2.03282051282051,1.9536025237518,0.0574089716493804,0.235121632777351,0.191967543795998,"Cd36/Il1b/Tfrc/Cd96/Cd74/H2-T23/B2m",7
"GO:0045017","glycerolipid biosynthetic process","7/325","126/11892",0.0555555555555556,2.03282051282051,1.9536025237518,0.0574089716493804,0.235121632777351,0.191967543795998,"Sik1/Pgap1/Plpp1/Cwh43/Lpl/Lpcat3/Pigz",7
"GO:0051017","actin filament bundle assembly","7/325","126/11892",0.0555555555555556,2.03282051282051,1.9536025237518,0.0574089716493804,0.235121632777351,0.191967543795998,"Espn/Vil1/Pik3r2/Rhoc/Ezr/Dnm2/Abl2",7
"GO:1902106","negative regulation of leukocyte differentiation","5/325","77/11892",0.0649350649350649,2.37602397602398,2.03046264016597,0.0593304111268696,0.24272130456564,0.198172376203891,"Hspb1/Slc4a2/Lgals1/Erbb2/Cd74",5
"GO:0042552","myelination","7/325","127/11892",0.0551181102362205,2.01681405208964,1.93102517779889,0.0594074492301262,0.242767026454817,0.198209706323878,"Tymp/Psap/Trf/Erbb2/Ndrg1/B4galt5/Galc",7
"GO:0010332","response to gamma radiation","3/325","33/11892",0.0909090909090909,3.32643356643357,2.24317983903729,0.0603768394583182,0.244373344129088,0.19952120137792,"Cryab/Ccl7/Tmem109",3
"GO:0010762","regulation of fibroblast migration","3/325","33/11892",0.0909090909090909,3.32643356643357,2.24317983903729,0.0603768394583182,0.244373344129088,0.19952120137792,"Thbs1/Aqp1/Wdpcp",3
"GO:0021575","hindbrain morphogenesis","3/325","33/11892",0.0909090909090909,3.32643356643357,2.24317983903729,0.0603768394583182,0.244373344129088,0.19952120137792,"Psap/Hspa5/Abl2",3
"GO:0032941","secretion by tissue","3/325","33/11892",0.0909090909090909,3.32643356643357,2.24317983903729,0.0603768394583182,0.244373344129088,0.19952120137792,"Htr4/Ada/Aqp1",3
"GO:0050691","regulation of defense response to virus by host","3/325","33/11892",0.0909090909090909,3.32643356643357,2.24317983903729,0.0603768394583182,0.244373344129088,0.19952120137792,"Il1b/Creb3/Hsp90aa1",3
"GO:0098586","cellular response to virus","3/325","33/11892",0.0909090909090909,3.32643356643357,2.24317983903729,0.0603768394583182,0.244373344129088,0.19952120137792,"Igtp/Hsp90aa1/Rrp1b",3
"GO:1900744","regulation of p38MAPK cascade","3/325","33/11892",0.0909090909090909,3.32643356643357,2.24317983903729,0.0603768394583182,0.244373344129088,0.19952120137792,"Dusp1/Il1b/Ezr",3
"GO:0030218","erythrocyte differentiation","6/325","102/11892",0.0588235294117647,2.15239819004525,1.95923374866196,0.0605708559309586,0.244373344129088,0.19952120137792,"Hspa1b/Isg15/Rb1/Inhba/B2m/Ncapg2",6
"GO:0046651","lymphocyte proliferation","10/325","209/11892",0.0478468899521531,1.75075450864925,1.83541554654088,0.0611402483730821,0.244373344129088,0.19952120137792,"Hspd1/Il1b/Tfrc/Ido1/Ada/Slc4a2/Erbb2/Cd74/H2-T23/Icosl",10
"GO:0034612","response to tumor necrosis factor","7/325","128/11892",0.0546875,2.00105769230769,1.90865347056562,0.061448328820509,0.244373344129088,0.19952120137792,"Hspa1b/Gch1/Ptgs2/Rnf31/Hipk1/Ubd/Tnfrsf1a",7
"GO:0051216","cartilage development","7/325","128/11892",0.0546875,2.00105769230769,1.90865347056562,0.061448328820509,0.244373344129088,0.19952120137792,"Serpinh1/Thbs1/Bmp8b/Sulf2/Rb1/Efemp1/Bgn",7
"GO:0061572","actin filament bundle organization","7/325","128/11892",0.0546875,2.00105769230769,1.90865347056562,0.061448328820509,0.244373344129088,0.19952120137792,"Espn/Vil1/Pik3r2/Rhoc/Ezr/Dnm2/Abl2",7
"GO:0002902","regulation of B cell apoptotic process","2/325","15/11892",0.133333333333333,4.87876923076923,2.51957154728431,0.0618557596506889,0.244373344129088,0.19952120137792,"Ada/Cd74",2
"GO:0006620","post-translational protein targeting to endoplasmic reticulum membrane","2/325","15/11892",0.133333333333333,4.87876923076923,2.51957154728431,0.0618557596506889,0.244373344129088,0.19952120137792,"Get4/Hspa5",2
"GO:0009156","ribonucleoside monophosphate biosynthetic process","2/325","15/11892",0.133333333333333,4.87876923076923,2.51957154728431,0.0618557596506889,0.244373344129088,0.19952120137792,"Upp1/Ada",2
"GO:0009164","nucleoside catabolic process","2/325","15/11892",0.133333333333333,4.87876923076923,2.51957154728431,0.0618557596506889,0.244373344129088,0.19952120137792,"Upp1/Ada",2
"GO:0016114","terpenoid biosynthetic process","2/325","15/11892",0.133333333333333,4.87876923076923,2.51957154728431,0.0618557596506889,0.244373344129088,0.19952120137792,"Hmgcs2/Aldh1a1",2
"GO:0016322","neuron remodeling","2/325","15/11892",0.133333333333333,4.87876923076923,2.51957154728431,0.0618557596506889,0.244373344129088,0.19952120137792,"C1qa/Abl2",2
"GO:0031649","heat generation","2/325","15/11892",0.133333333333333,4.87876923076923,2.51957154728431,0.0618557596506889,0.244373344129088,0.19952120137792,"Il1b/Ptgs2",2
"GO:0033631","cell-cell adhesion mediated by integrin","2/325","15/11892",0.133333333333333,4.87876923076923,2.51957154728431,0.0618557596506889,0.244373344129088,0.19952120137792,"Ada/L1cam",2
"GO:0034755","iron ion transmembrane transport","2/325","15/11892",0.133333333333333,4.87876923076923,2.51957154728431,0.0618557596506889,0.244373344129088,0.19952120137792,"Tfrc/Mcoln1",2
"GO:0036499","PERK-mediated unfolded protein response","2/325","15/11892",0.133333333333333,4.87876923076923,2.51957154728431,0.0618557596506889,0.244373344129088,0.19952120137792,"Igtp/Hspa5",2
"GO:0051923","sulfation","2/325","15/11892",0.133333333333333,4.87876923076923,2.51957154728431,0.0618557596506889,0.244373344129088,0.19952120137792,"Gal3st2/Chst4",2
"GO:0070166","enamel mineralization","2/325","15/11892",0.133333333333333,4.87876923076923,2.51957154728431,0.0618557596506889,0.244373344129088,0.19952120137792,"Slc4a2/Ppara",2
"GO:0070431","nucleotide-binding oligomerization domain containing 2 signaling pathway","2/325","15/11892",0.133333333333333,4.87876923076923,2.51957154728431,0.0618557596506889,0.244373344129088,0.19952120137792,"Hspa1b/Igtp",2
"GO:0071605","monocyte chemotactic protein-1 production","2/325","15/11892",0.133333333333333,4.87876923076923,2.51957154728431,0.0618557596506889,0.244373344129088,0.19952120137792,"Il1b/Oas1g",2
"GO:0071637","regulation of monocyte chemotactic protein-1 production","2/325","15/11892",0.133333333333333,4.87876923076923,2.51957154728431,0.0618557596506889,0.244373344129088,0.19952120137792,"Il1b/Oas1g",2
"GO:0097164","ammonium ion metabolic process","2/325","15/11892",0.133333333333333,4.87876923076923,2.51957154728431,0.0618557596506889,0.244373344129088,0.19952120137792,"Btbd9/Gch1",2
"GO:0141086","negative regulation of inflammasome-mediated signaling pathway","2/325","15/11892",0.133333333333333,4.87876923076923,2.51957154728431,0.0618557596506889,0.244373344129088,0.19952120137792,"Hspa8/Igtp",2
"GO:1900119","positive regulation of execution phase of apoptosis","2/325","15/11892",0.133333333333333,4.87876923076923,2.51957154728431,0.0618557596506889,0.244373344129088,0.19952120137792,"Fap/Tnfrsf1a",2
"GO:2001026","regulation of endothelial cell chemotaxis","2/325","15/11892",0.133333333333333,4.87876923076923,2.51957154728431,0.0618557596506889,0.244373344129088,0.19952120137792,"Hspb1/Thbs1",2
"GO:0008344","adult locomotory behavior","5/325","78/11892",0.0641025641025641,2.34556213017751,1.9984490296495,0.0620445988506738,0.244595070977095,0.199702232608023,"Btbd9/Epha4/Abhd12/Nr4a2/Abl2",5
"GO:0018958","phenol-containing compound metabolic process","5/325","78/11892",0.0641025641025641,2.34556213017751,1.9984490296495,0.0620445988506738,0.244595070977095,0.199702232608023,"Btbd9/Gch1/Crym/Nr4a2/Dio1",5
"GO:0030198","extracellular matrix organization","10/325","210/11892",0.0476190476190476,1.74241758241758,1.8194486255912,0.062721912983488,0.247001037667881,0.201666609558921,"Serpinh1/P4ha1/Sulf2/Rb1/Fap/Adamts15/Col5a1/Antxr1/Tnfrsf1a/Abl2",10
"GO:0032370","positive regulation of lipid transport","4/325","55/11892",0.0727272727272727,2.66114685314685,2.0697078697404,0.0629740466921601,0.247729280797548,0.202261191364248,"Il1b/Nmb/Cyp4a10/Lpcat3",4
"GO:0007272","ensheathment of neurons","7/325","129/11892",0.0542635658914729,1.98554561717352,1.88648362507822,0.0635316980584974,0.249125360684703,0.203401035553465,"Tymp/Psap/Trf/Erbb2/Ndrg1/B4galt5/Galc",7
"GO:0008366","axon ensheathment","7/325","129/11892",0.0542635658914729,1.98554561717352,1.88648362507822,0.0635316980584974,0.249125360684703,0.203401035553465,"Tymp/Psap/Trf/Erbb2/Ndrg1/B4galt5/Galc",7
"GO:1901605","alpha-amino acid metabolic process","7/325","129/11892",0.0542635658914729,1.98554561717352,1.88648362507822,0.0635316980584974,0.249125360684703,0.203401035553465,"P4ha1/Dpep1/Glud1/Cdo1/Ido1/Adhfe1/Mpst",7
"GO:0043062","extracellular structure organization","10/325","211/11892",0.0473933649289099,1.73415967918338,1.80356686073308,0.064329839853828,0.251405663382098,0.205262812807898,"Serpinh1/P4ha1/Sulf2/Rb1/Fap/Adamts15/Col5a1/Antxr1/Tnfrsf1a/Abl2",10
"GO:0045229","external encapsulating structure organization","10/325","211/11892",0.0473933649289099,1.73415967918338,1.80356686073308,0.064329839853828,0.251405663382098,0.205262812807898,"Serpinh1/P4ha1/Sulf2/Rb1/Fap/Adamts15/Col5a1/Antxr1/Tnfrsf1a/Abl2",10
"GO:0032434","regulation of proteasomal ubiquitin-dependent protein catabolic process","5/325","79/11892",0.0632911392405063,2.31587147030185,1.9669232634723,0.0648280076194704,0.251405663382098,0.205262812807898,"Hspa1b/Hsp90ab1/Xpo1/Trf/Trib3",5
"GO:0002269","leukocyte activation involved in inflammatory response","3/325","34/11892",0.0882352941176471,3.22859728506787,2.18125196170523,0.0649316851708511,0.251405663382098,0.205262812807898,"C5ar1/C1qa/Jun",3
"GO:0009593","detection of chemical stimulus","3/325","34/11892",0.0882352941176471,3.22859728506787,2.18125196170523,0.0649316851708511,0.251405663382098,0.205262812807898,"Calm1/Nr4a1/Rtp4",3
"GO:0010634","positive regulation of epithelial cell migration","3/325","34/11892",0.0882352941176471,3.22859728506787,2.18125196170523,0.0649316851708511,0.251405663382098,0.205262812807898,"Vil1/Aqp1/Jun",3
"GO:0019083","viral transcription","3/325","34/11892",0.0882352941176471,3.22859728506787,2.18125196170523,0.0649316851708511,0.251405663382098,0.205262812807898,"Hexim1/Jun/Rrp1b",3
"GO:0045933","positive regulation of muscle contraction","3/325","34/11892",0.0882352941176471,3.22859728506787,2.18125196170523,0.0649316851708511,0.251405663382098,0.205262812807898,"Ada/Ptgs2/Hsp90aa1",3
"GO:0051955","regulation of amino acid transport","3/325","34/11892",0.0882352941176471,3.22859728506787,2.18125196170523,0.0649316851708511,0.251405663382098,0.205262812807898,"Il1b/Slc43a1/Slc7a5",3
"GO:0071300","cellular response to retinoic acid","3/325","34/11892",0.0882352941176471,3.22859728506787,2.18125196170523,0.0649316851708511,0.251405663382098,0.205262812807898,"Aqp1/Tnc/Abl2",3
"GO:1902622","regulation of neutrophil migration","3/325","34/11892",0.0882352941176471,3.22859728506787,2.18125196170523,0.0649316851708511,0.251405663382098,0.205262812807898,"Il1b/C5ar1/Cd74",3
"GO:2001239","regulation of extrinsic apoptotic signaling pathway in absence of ligand","3/325","34/11892",0.0882352941176471,3.22859728506787,2.18125196170523,0.0649316851708511,0.251405663382098,0.205262812807898,"Hspa1b/Il1b/Inhba",3
"GO:0072523","purine-containing compound catabolic process","6/325","104/11892",0.0576923076923077,2.11100591715976,1.90745139527045,0.0653121403337128,0.25234858414053,0.206032670433725,"Ada/Pklr/Prkaa2/Samhd1/Pde9a/Ppara",6
"GO:1990845","adaptive thermogenesis","6/325","104/11892",0.0576923076923077,2.11100591715976,1.90745139527045,0.0653121403337128,0.25234858414053,0.206032670433725,"Cd36/Bmp8b/Abhd6/Rb1/Scd1/Aldh1a1",6
"GO:0002695","negative regulation of leukocyte activation","7/325","130/11892",0.0538461538461538,1.97027218934911,1.86451196368805,0.0656576260301186,0.253417811043997,0.206905652047516,"Hspb1/Ido1/Slc4a2/Lgals1/Erbb2/Cd74/H2-T23",7
"GO:0006721","terpenoid metabolic process","4/325","56/11892",0.0714285714285714,2.61362637362637,2.02878030895735,0.0664258014930773,0.255846921947213,0.208888925335432,"Ces2a/Lpl/Hmgcs2/Aldh1a1",4
"GO:0031102","neuron projection regeneration","4/325","56/11892",0.0714285714285714,2.61362637362637,2.02878030895735,0.0664258014930773,0.255846921947213,0.208888925335432,"Epha4/Nrep/Jun/Tnc",4
"GO:0016049","cell growth","14/325","328/11892",0.0426829268292683,1.56180112570356,1.72944194407235,0.0665333521545382,0.255993670189591,0.209008739489973,"Hspa1b/Flrt3/Cryab/Creb3/Rb1/Erbb2/Lpar3/L1cam/Tnc/Dnm2/Slc23a2/Tnfrsf12a/Inhba/Ppara",14
"GO:0009914","hormone transport","11/325","241/11892",0.045643153526971,1.67011809766996,1.76164651642682,0.066998566058158,0.257514822200595,0.210250700137505,"Il1b/Glud1/Adra2a/Crym/Camk2n1/Gna11/Aqp1/Nmb/Slc7a5/Inhba/Cpe",11
"GO:0033674","positive regulation of kinase activity","9/325","185/11892",0.0486486486486487,1.78009147609148,1.79245841880058,0.0675156807896908,0.25902348878891,0.211482466929632,"Ereg/Il1b/Thbs1/Epha4/Adra2a/Mapre3/Igtp/Erbb2/Cd74",9
"GO:0032943","mononuclear cell proliferation","10/325","213/11892",0.0469483568075117,1.71787648970748,1.77205503320548,0.0676248152837388,0.25902348878891,0.211482466929632,"Hspd1/Il1b/Tfrc/Ido1/Ada/Slc4a2/Erbb2/Cd74/H2-T23/Icosl",10
"GO:0042326","negative regulation of phosphorylation","10/325","213/11892",0.0469483568075117,1.71787648970748,1.77205503320548,0.0676248152837388,0.25902348878891,0.211482466929632,"Hspb1/Chordc1/Dnaja1/Dusp1/Il1b/Ctdspl/Rb1/Jun/Spry4/Trib3",10
"GO:0042129","regulation of T cell proliferation","7/325","131/11892",0.0534351145038168,1.95523194362889,1.84273490470222,0.0678261632837267,0.25902348878891,0.211482466929632,"Il1b/Tfrc/Ido1/Slc4a2/Erbb2/H2-T23/Icosl",7
"GO:0019058","viral life cycle","8/325","158/11892",0.0506329113924051,1.85269717624148,1.80859292909837,0.0682945042457992,0.25902348878891,0.211482466929632,"Hspa8/Hsp90ab1/Top2a/Isg15/Lgals1/Cd74/Oas1g/Bsg",8
"GO:0002726","positive regulation of T cell cytokine production","2/325","16/11892",0.125,4.57384615384615,2.39773538376535,0.0694502353393771,0.25902348878891,0.211482466929632,"Il1b/B2m",2
"GO:0002828","regulation of type 2 immune response","2/325","16/11892",0.125,4.57384615384615,2.39773538376535,0.0694502353393771,0.25902348878891,0.211482466929632,"Ido1/Cd74",2
"GO:0007263","nitric oxide mediated signal transduction","2/325","16/11892",0.125,4.57384615384615,2.39773538376535,0.0694502353393771,0.25902348878891,0.211482466929632,"Cd36/Thbs1",2
"GO:0009119","ribonucleoside metabolic process","2/325","16/11892",0.125,4.57384615384615,2.39773538376535,0.0694502353393771,0.25902348878891,0.211482466929632,"Upp1/Ada",2
"GO:0032303","regulation of icosanoid secretion","2/325","16/11892",0.125,4.57384615384615,2.39773538376535,0.0694502353393771,0.25902348878891,0.211482466929632,"Il1b/Cyp4a10",2
"GO:0035634","response to stilbenoid","2/325","16/11892",0.125,4.57384615384615,2.39773538376535,0.0694502353393771,0.25902348878891,0.211482466929632,"Cd36/Saa3",2
"GO:0035872","nucleotide-binding domain, leucine rich repeat containing receptor signaling pathway","2/325","16/11892",0.125,4.57384615384615,2.39773538376535,0.0694502353393771,0.25902348878891,0.211482466929632,"Hspa1b/Igtp",2
"GO:0045780","positive regulation of bone resorption","2/325","16/11892",0.125,4.57384615384615,2.39773538376535,0.0694502353393771,0.25902348878891,0.211482466929632,"Tfrc/Trf",2
"GO:0065005","protein-lipid complex assembly","2/325","16/11892",0.125,4.57384615384615,2.39773538376535,0.0694502353393771,0.25902348878891,0.211482466929632,"Cideb/Lpcat3",2
"GO:0071379","cellular response to prostaglandin stimulus","2/325","16/11892",0.125,4.57384615384615,2.39773538376535,0.0694502353393771,0.25902348878891,0.211482466929632,"Prkaa2/Tnc",2
"GO:0071397","cellular response to cholesterol","2/325","16/11892",0.125,4.57384615384615,2.39773538376535,0.0694502353393771,0.25902348878891,0.211482466929632,"Inhba/Gramd1b",2
"GO:0071634","regulation of transforming growth factor beta production","2/325","16/11892",0.125,4.57384615384615,2.39773538376535,0.0694502353393771,0.25902348878891,0.211482466929632,"Thbs1/Ptgs2",2
"GO:1902236","negative regulation of endoplasmic reticulum stress-induced intrinsic apoptotic signaling pathway","2/325","16/11892",0.125,4.57384615384615,2.39773538376535,0.0694502353393771,0.25902348878891,0.211482466929632,"Grina/Creb3",2
"GO:1903428","positive regulation of reactive oxygen species biosynthetic process","2/325","16/11892",0.125,4.57384615384615,2.39773538376535,0.0694502353393771,0.25902348878891,0.211482466929632,"Slc5a3/Cd36",2
"GO:2000193","positive regulation of fatty acid transport","2/325","16/11892",0.125,4.57384615384615,2.39773538376535,0.0694502353393771,0.25902348878891,0.211482466929632,"Il1b/Cyp4a10",2
"GO:0006023","aminoglycan biosynthetic process","3/325","35/11892",0.0857142857142857,3.13635164835165,2.121582158837,0.0696397931062968,0.25902348878891,0.211482466929632,"Il1b/B3gnt7/B4galt5",3
"GO:0006879","intracellular iron ion homeostasis","3/325","35/11892",0.0857142857142857,3.13635164835165,2.121582158837,0.0696397931062968,0.25902348878891,0.211482466929632,"Tfrc/Trf/B2m",3
"GO:0009123","nucleoside monophosphate metabolic process","3/325","35/11892",0.0857142857142857,3.13635164835165,2.121582158837,0.0696397931062968,0.25902348878891,0.211482466929632,"Tymp/Upp1/Ada",3
"GO:0030850","prostate gland development","3/325","35/11892",0.0857142857142857,3.13635164835165,2.121582158837,0.0696397931062968,0.25902348878891,0.211482466929632,"Psap/Tnc/Fkbp4",3
"GO:0043030","regulation of macrophage activation","3/325","35/11892",0.0857142857142857,3.13635164835165,2.121582158837,0.0696397931062968,0.25902348878891,0.211482466929632,"Hspd1/Thbs1/Ulbp1",3
"GO:0046850","regulation of bone remodeling","3/325","35/11892",0.0857142857142857,3.13635164835165,2.121582158837,0.0696397931062968,0.25902348878891,0.211482466929632,"Tfrc/Slc4a2/Trf",3
"GO:0048260","positive regulation of receptor-mediated endocytosis","3/325","35/11892",0.0857142857142857,3.13635164835165,2.121582158837,0.0696397931062968,0.25902348878891,0.211482466929632,"Trf/Dnm2/B2m",3
"GO:0060251","regulation of glial cell proliferation","3/325","35/11892",0.0857142857142857,3.13635164835165,2.121582158837,0.0696397931062968,0.25902348878891,0.211482466929632,"Il1b/Rb1/Slc7a5",3
"GO:0060986","endocrine hormone secretion","3/325","35/11892",0.0857142857142857,3.13635164835165,2.121582158837,0.0696397931062968,0.25902348878891,0.211482466929632,"Il1b/Aqp1/Inhba",3
"GO:0061028","establishment of endothelial barrier","3/325","35/11892",0.0857142857142857,3.13635164835165,2.121582158837,0.0696397931062968,0.25902348878891,0.211482466929632,"Il1b/Ezr/Tnfrsf1a",3
"GO:0140374","antiviral innate immune response","3/325","35/11892",0.0857142857142857,3.13635164835165,2.121582158837,0.0696397931062968,0.25902348878891,0.211482466929632,"Oas1g/Nmb/Rpsa",3
"GO:0141085","regulation of inflammasome-mediated signaling pathway","3/325","35/11892",0.0857142857142857,3.13635164835165,2.121582158837,0.0696397931062968,0.25902348878891,0.211482466929632,"Hspa8/Cd36/Igtp",3
"GO:0002228","natural killer cell mediated immunity","4/325","57/11892",0.0701754385964912,2.56777327935223,1.98873564174066,0.0699740259152486,0.259742456720651,0.212069475901517,"Gzmb/Cd96/H2-T23/Ulbp1",4
"GO:0021879","forebrain neuron differentiation","4/325","57/11892",0.0701754385964912,2.56777327935223,1.98873564174066,0.0699740259152486,0.259742456720651,0.212069475901517,"Elavl4/Ubb/Inhba/B2m",4
"GO:0010563","negative regulation of phosphorus metabolic process","11/325","243/11892",0.0452674897119342,1.6563722697056,1.73280439655706,0.0701561822709705,0.259895163669143,0.212194155104686,"Hspb1/Chordc1/Dnaja1/Dusp1/Il1b/Ctdspl/Rb1/Jun/Spry4/Trib3/Ppara",11
"GO:0045936","negative regulation of phosphate metabolic process","11/325","243/11892",0.0452674897119342,1.6563722697056,1.73280439655706,0.0701561822709705,0.259895163669143,0.212194155104686,"Hspb1/Chordc1/Dnaja1/Dusp1/Il1b/Ctdspl/Rb1/Jun/Spry4/Trib3/Ppara",11
"GO:0008645","hexose transmembrane transport","5/325","81/11892",0.0617283950617284,2.25868945868946,1.90527764580164,0.070601666580721,0.261020805432836,0.213113197227769,"Slc5a3/Il1b/Slc2a9/Trib3/Slc5a4b",5
"GO:0045446","endothelial cell differentiation","5/325","81/11892",0.0617283950617284,2.25868945868946,1.90527764580164,0.070601666580721,0.261020805432836,0.213113197227769,"Il1b/Apold1/Amotl2/Ezr/Tnfrsf1a",5
"GO:0007423","sensory organ development","17/325","422/11892",0.0402843601895735,1.47403572730587,1.66198115002611,0.0714198023963266,0.26378095353994,0.215366749341945,"H2-K1/Epha4/Ppp2r3a/Cryab/Psap/Aqp1/Efemp1/Wdpcp/Jun/Col5a1/Hipk1/H2-T23/Atoh1/Sparc/Aldh1a1/Inhba/Bsg",17
"GO:0000302","response to reactive oxygen species","7/325","133/11892",0.0526315789473684,1.92582995951417,1.79975072770322,0.0722911753394479,0.26662525097599,0.217689006065727,"Hspa8/Cd36/Gch1/Cryab/Psap/Aqp1/Jun",7
"GO:1903320","regulation of protein modification by small protein conjugation or removal","8/325","160/11892",0.05,1.82953846153846,1.77072448785706,0.0723345770417771,0.26662525097599,0.217689006065727,"Dnaja1/Hspa1b/Hsp90ab1/Isg15/Ubb/Hsp90aa1/Trib3/Hspa5",8
"GO:0003014","renal system process","5/325","82/11892",0.0609756097560976,2.23114446529081,1.87513049462425,0.0735913833287889,0.270274074199374,0.220668126377477,"Cldn4/Sulf2/Psap/Aqp1/Jchain",5
"GO:1903707","negative regulation of hemopoiesis","5/325","82/11892",0.0609756097560976,2.23114446529081,1.87513049462425,0.0735913833287889,0.270274074199374,0.220668126377477,"Hspb1/Slc4a2/Lgals1/Erbb2/Cd74",5
"GO:0015807","L-amino acid transport","4/325","58/11892",0.0689655172413793,2.52350132625995,1.94953731949631,0.0736177890657003,0.270274074199374,0.220668126377477,"Slc1a4/Slc43a1/Slc47a1/Slc7a5",4
"GO:0033209","tumor necrosis factor-mediated signaling pathway","4/325","58/11892",0.0689655172413793,2.52350132625995,1.94953731949631,0.0736177890657003,0.270274074199374,0.220668126377477,"Hspa1b/Rnf31/Hipk1/Tnfrsf1a",4
"GO:0002204","somatic recombination of immunoglobulin genes involved in immune response","3/325","36/11892",0.0833333333333333,3.04923076923077,2.06401821444159,0.0744976340856385,0.272148938790549,0.222198879402056,"Hspd1/Tfrc/Icosl",3
"GO:0002208","somatic diversification of immunoglobulins involved in immune response","3/325","36/11892",0.0833333333333333,3.04923076923077,2.06401821444159,0.0744976340856385,0.272148938790549,0.222198879402056,"Hspd1/Tfrc/Icosl",3
"GO:0006509","membrane protein ectodomain proteolysis","3/325","36/11892",0.0833333333333333,3.04923076923077,2.06401821444159,0.0744976340856385,0.272148938790549,0.222198879402056,"Il1b/Adra2a/Cwh43",3
"GO:0008038","neuron recognition","3/325","36/11892",0.0833333333333333,3.04923076923077,2.06401821444159,0.0744976340856385,0.272148938790549,0.222198879402056,"Epha4/L1cam/Bsg",3
"GO:0045190","isotype switching","3/325","36/11892",0.0833333333333333,3.04923076923077,2.06401821444159,0.0744976340856385,0.272148938790549,0.222198879402056,"Hspd1/Tfrc/Icosl",3
"GO:0090066","regulation of anatomical structure size","15/325","364/11892",0.0412087912087912,1.50786136939983,1.64952685160379,0.0747399894073058,0.27276396134191,0.222701021068773,"Hsp90ab1/Adra2a/Gch1/Cdhr5/Ptgs2/Vil1/Aqp1/Pik3r2/Hsp90aa1/Lpar3/L1cam/Ezr/Dnm2/Tnfrsf12a/Scpep1",15
"GO:0007613","memory","6/325","108/11892",0.0555555555555556,2.03282051282051,1.80730257737085,0.075429224172883,0.274735296740362,0.224310538704257,"Il1b/Glud1/Btbd9/Ptgs2/Camk2n1/Arc",6
"GO:0010977","negative regulation of neuron projection development","6/325","108/11892",0.0555555555555556,2.03282051282051,1.80730257737085,0.075429224172883,0.274735296740362,0.224310538704257,"H2-K1/Epha4/Lgals1/Efemp1/B2m/Fkbp4",6
"GO:0010564","regulation of cell cycle process","18/325","456/11892",0.0394736842105263,1.44437246963563,1.62193331840161,0.075516796108122,0.274782734900827,0.224349270092088,"Chordc1/Ereg/Hspa1b/Dusp1/Il1b/Xpo1/Calm1/Ctdspl/Topbp1/Rb1/Mki67/Susd2/Wiz/Plk4/Ubd/Inhba/Ncapg2/Tgfa",18
"GO:0006913","nucleocytoplasmic transport","10/325","218/11892",0.0458715596330275,1.67847565278758,1.69470133711989,0.076327005880685,0.274960933672083,0.224494762363562,"Bag3/Hspa8/Hsp90ab1/Cd36/Xpo1/Ptgs2/Pik3r2/Hsp90aa1/Cwh43/Tnfrsf1a",10
"GO:0051169","nuclear transport","10/325","218/11892",0.0458715596330275,1.67847565278758,1.69470133711989,0.076327005880685,0.274960933672083,0.224494762363562,"Bag3/Hspa8/Hsp90ab1/Cd36/Xpo1/Ptgs2/Pik3r2/Hsp90aa1/Cwh43/Tnfrsf1a",10
"GO:0009154","purine ribonucleotide catabolic process","5/325","83/11892",0.0602409638554217,2.20426320667285,1.84541652352647,0.0766492561936953,0.274960933672083,0.224494762363562,"Ada/Pklr/Prkaa2/Pde9a/Ppara",5
"GO:0032368","regulation of lipid transport","5/325","83/11892",0.0602409638554217,2.20426320667285,1.84541652352647,0.0766492561936953,0.274960933672083,0.224494762363562,"Il1b/Thbs1/Nmb/Cyp4a10/Lpcat3",5
"GO:0043534","blood vessel endothelial cell migration","5/325","83/11892",0.0602409638554217,2.20426320667285,1.84541652352647,0.0766492561936953,0.274960933672083,0.224494762363562,"Hspb1/Thbs1/Nr4a1/Ptgs2/Pik3r2",5
"GO:0098656","monoatomic anion transmembrane transport","5/325","83/11892",0.0602409638554217,2.20426320667285,1.84541652352647,0.0766492561936953,0.274960933672083,0.224494762363562,"Cldn4/Slc4a2/Clca3a1/Slc1a4/Mcoln1",5
"GO:0072001","renal system development","11/325","247/11892",0.0445344129554656,1.62954842728122,1.67590106047813,0.0767544379441519,0.274960933672083,0.224494762363562,"Hspa8/Epha4/Arid5b/Sulf2/Psap/Aqp1/Anxa4/Wdpcp/Mpst/Hmgcs2/Cyp4a10",11
"GO:0000303","response to superoxide","2/325","17/11892",0.117647058823529,4.3047963800905,2.2855612277053,0.0773306869061371,0.274960933672083,0.224494762363562,"Cd36/Gch1",2
"GO:0006658","phosphatidylserine metabolic process","2/325","17/11892",0.117647058823529,4.3047963800905,2.2855612277053,0.0773306869061371,0.274960933672083,0.224494762363562,"Abhd12/Lpcat3",2
"GO:0010667","negative regulation of cardiac muscle cell apoptotic process","2/325","17/11892",0.117647058823529,4.3047963800905,2.2855612277053,0.0773306869061371,0.274960933672083,0.224494762363562,"Hspa8/Gch1",2
"GO:0010884","positive regulation of lipid storage","2/325","17/11892",0.117647058823529,4.3047963800905,2.2855612277053,0.0773306869061371,0.274960933672083,0.224494762363562,"Cd36/Lpl",2
"GO:0010996","response to auditory stimulus","2/325","17/11892",0.117647058823529,4.3047963800905,2.2855612277053,0.0773306869061371,0.274960933672083,0.224494762363562,"Abhd12/Abl2",2
"GO:0034138","toll-like receptor 3 signaling pathway","2/325","17/11892",0.117647058823529,4.3047963800905,2.2855612277053,0.0773306869061371,0.274960933672083,0.224494762363562,"Wdfy1/Oas1g",2
"GO:0034656","nucleobase-containing small molecule catabolic process","2/325","17/11892",0.117647058823529,4.3047963800905,2.2855612277053,0.0773306869061371,0.274960933672083,0.224494762363562,"Upp1/Ada",2
"GO:0035461","vitamin transmembrane transport","2/325","17/11892",0.117647058823529,4.3047963800905,2.2855612277053,0.0773306869061371,0.274960933672083,0.224494762363562,"Slc47a1/Slc23a2",2
"GO:0043094","metabolic compound salvage","2/325","17/11892",0.117647058823529,4.3047963800905,2.2855612277053,0.0773306869061371,0.274960933672083,0.224494762363562,"Upp1/Ada",2
"GO:0050802","circadian sleep/wake cycle, sleep","2/325","17/11892",0.117647058823529,4.3047963800905,2.2855612277053,0.0773306869061371,0.274960933672083,0.224494762363562,"Btbd9/Ada",2
"GO:0051608","histamine transport","2/325","17/11892",0.117647058823529,4.3047963800905,2.2855612277053,0.0773306869061371,0.274960933672083,0.224494762363562,"Ada/Slc29a4",2
"GO:0070254","mucus secretion","2/325","17/11892",0.117647058823529,4.3047963800905,2.2855612277053,0.0773306869061371,0.274960933672083,0.224494762363562,"Htr4/Ada",2
"GO:0090025","regulation of monocyte chemotaxis","2/325","17/11892",0.117647058823529,4.3047963800905,2.2855612277053,0.0773306869061371,0.274960933672083,0.224494762363562,"Dusp1/Creb3",2
"GO:1901623","regulation of lymphocyte chemotaxis","2/325","17/11892",0.117647058823529,4.3047963800905,2.2855612277053,0.0773306869061371,0.274960933672083,0.224494762363562,"Ccl7/Padi2",2
"GO:1902253","regulation of intrinsic apoptotic signaling pathway by p53 class mediator","2/325","17/11892",0.117647058823529,4.3047963800905,2.2855612277053,0.0773306869061371,0.274960933672083,0.224494762363562,"Ubb/Cd74",2
"GO:2000114","regulation of establishment of cell polarity","2/325","17/11892",0.117647058823529,4.3047963800905,2.2855612277053,0.0773306869061371,0.274960933672083,0.224494762363562,"Wdpcp/Abl2",2
"GO:0008625","extrinsic apoptotic signaling pathway via death domain receptors","4/325","59/11892",0.0677966101694915,2.48073011734029,1.91115092794547,0.0773560738518584,0.274960933672083,0.224494762363562,"Bag3/Grina/Thbs1/Tnfrsf1a",4
"GO:0051048","negative regulation of secretion","6/325","109/11892",0.055045871559633,2.0141707833451,1.7829407349378,0.0780902353174024,0.277303089961412,0.226407040637312,"Il1b/Adra2a/Ada/Cd74/Nmb/Tnfrsf1a",6
"GO:0006814","sodium ion transport","8/325","163/11892",0.049079754601227,1.79586597451628,1.71491954133022,0.0786620988502694,0.279064962812409,0.22784554036059,"Slc5a3/Sik1/Slc10a2/Slc6a8/Slc13a2/Mcoln1/Slc23a2/Slc5a4b",8
"GO:0007628","adult walking behavior","3/325","37/11892",0.0810810810810811,2.96681912681913,2.00842217683548,0.0795015342275528,0.279620854162939,0.228299403732999,"Epha4/Abhd12/Abl2",3
"GO:0010662","regulation of striated muscle cell apoptotic process","3/325","37/11892",0.0810810810810811,2.96681912681913,2.00842217683548,0.0795015342275528,0.279620854162939,0.228299403732999,"Bag3/Hspa8/Gch1",3
"GO:0015804","neutral amino acid transport","3/325","37/11892",0.0810810810810811,2.96681912681913,2.00842217683548,0.0795015342275528,0.279620854162939,0.228299403732999,"Slc1a4/Slc43a1/Slc7a5",3
"GO:0030193","regulation of blood coagulation","3/325","37/11892",0.0810810810810811,2.96681912681913,2.00842217683548,0.0795015342275528,0.279620854162939,0.228299403732999,"Cd36/Thbs1/Thbd",3
"GO:0046605","regulation of centrosome cycle","3/325","37/11892",0.0810810810810811,2.96681912681913,2.00842217683548,0.0795015342275528,0.279620854162939,0.228299403732999,"Chordc1/Xpo1/Plk4",3
"GO:0051341","regulation of oxidoreductase activity","3/325","37/11892",0.0810810810810811,2.96681912681913,2.00842217683548,0.0795015342275528,0.279620854162939,0.228299403732999,"Il1b/Gch1/Abl2",3
"GO:0061082","myeloid leukocyte cytokine production","3/325","37/11892",0.0810810810810811,2.96681912681913,2.00842217683548,0.0795015342275528,0.279620854162939,0.228299403732999,"Cd36/Il1b/Cd74",3
"GO:0072348","sulfur compound transport","3/325","37/11892",0.0810810810810811,2.96681912681913,2.00842217683548,0.0795015342275528,0.279620854162939,0.228299403732999,"Slc1a4/Slc47a1/Slc7a5",3
"GO:1901568","fatty acid derivative metabolic process","3/325","37/11892",0.0810810810810811,2.96681912681913,2.00842217683548,0.0795015342275528,0.279620854162939,0.228299403732999,"Dpep1/Cyp4f14/Hmgcs2",3
"GO:0032355","response to estradiol","5/325","84/11892",0.0595238095238095,2.17802197802198,1.81612344984349,0.0797749003458466,0.280314854790077,0.228866027884979,"Hspa8/Sprr2a1/Sprr2b/Cryab/Ptgs2",5
"GO:0030855","epithelial cell differentiation","19/325","491/11892",0.0386965376782077,1.41593608021307,1.57774339298599,0.0804685687356086,0.282482994628051,0.230636228586571,"Il1b/Sprr2b/Apold1/Ptgs2/Psap/Vil1/Ccdc88c/Anxa4/Wdpcp/Plk4/Jun/Amotl2/Lta4h/Ezr/Atoh1/Foxa3/Inhba/Tnfrsf1a/Abl2",19
"GO:0006937","regulation of muscle contraction","6/325","110/11892",0.0545454545454545,1.99586013986014,1.75883737345848,0.0808036748733503,0.282911522030418,0.230986104316465,"Calm1/Adra2a/Nr4a1/Ada/Ptgs2/Hsp90aa1",6
"GO:0045834","positive regulation of lipid metabolic process","6/325","110/11892",0.0545454545454545,1.99586013986014,1.75883737345848,0.0808036748733503,0.282911522030418,0.230986104316465,"Il1b/Abhd6/Ptgs2/Cd74/Tnfrsf1a/Ppara",6
"GO:1901873","regulation of post-translational protein modification","8/325","164/11892",0.0487804878048781,1.78491557223265,1.69657628833745,0.0808426226587259,0.282911522030418,0.230986104316465,"Dnaja1/Hspa1b/Hsp90ab1/Isg15/Ubb/Hsp90aa1/Trib3/Hspa5",8
"GO:0044248","cellular catabolic process","9/325","192/11892",0.046875,1.71519230769231,1.67463830343706,0.0808976517146121,0.282911522030418,0.230986104316465,"Dpep1/Glud1/Cdo1/Ido1/Adhfe1/Cyp4f14/Npl/Lta4h/Cpe",9
"GO:0051304","chromosome separation","4/325","60/11892",0.0666666666666667,2.43938461538462,1.8735440281803,0.0811877807807813,0.283120302703841,0.231156565505406,"Dusp1/Top2a/Rb1/Ncapg2",4
"GO:0072332","intrinsic apoptotic signaling pathway by p53 class mediator","4/325","60/11892",0.0666666666666667,2.43938461538462,1.8735440281803,0.0811877807807813,0.283120302703841,0.231156565505406,"Ubb/Cd74/Hipk1/Tmem109",4
"GO:1901606","alpha-amino acid catabolic process","4/325","60/11892",0.0666666666666667,2.43938461538462,1.8735440281803,0.0811877807807813,0.283120302703841,0.231156565505406,"Glud1/Cdo1/Ido1/Adhfe1",4
"GO:0002520","immune system development","7/325","137/11892",0.0510948905109489,1.86960134755755,1.71596993002331,0.0817326875778136,0.284751121372232,0.232488064655227,"Hspd1/Tfrc/Ido1/Ada/Samhd1/H2-T23/Icosl",7
"GO:0032535","regulation of cellular component size","11/325","250/11892",0.044,1.60999384615385,1.63388754737427,0.0819522734461308,0.285246534393237,0.23289254985586,"Hsp90ab1/Cdhr5/Vil1/Aqp1/Pik3r2/Hsp90aa1/Lpar3/L1cam/Ezr/Dnm2/Tnfrsf12a",11
"GO:0006612","protein targeting to membrane","5/325","85/11892",0.0588235294117647,2.15239819004525,1.78723948652173,0.082967885611845,0.287965749873127,0.235112682093631,"Erbb2/Cwh43/Rtp4/Get4/Hspa5",5
"GO:0009132","nucleoside diphosphate metabolic process","5/325","85/11892",0.0588235294117647,2.15239819004525,1.78723948652173,0.082967885611845,0.287965749873127,0.235112682093631,"Pklr/Prkaa2/Entpd3/Nudt5/Ppara",5
"GO:0015695","organic cation transport","5/325","85/11892",0.0588235294117647,2.15239819004525,1.78723948652173,0.082967885611845,0.287965749873127,0.235112682093631,"Slc1a4/Slc43a1/Slc47a1/Slc29a4/Slc7a5",5
"GO:0031623","receptor internalization","6/325","111/11892",0.0540540540540541,1.97787941787942,1.73498697578506,0.0835693604949048,0.289315194844317,0.236214450712483,"Cd36/Tfrc/Arc/Ezr/Dnm2/Lrrtm1",6
"GO:0016567","protein ubiquitination","18/325","463/11892",0.0388768898488121,1.42253530486792,1.55449698342597,0.0843457715959638,0.289315194844317,0.236214450712483,"Dnaja1/Hspa1b/Hsp90ab1/Isg15/Ubb/Rnf31/Herc6/Asb4/Hsp90aa1/Spsb1/Ube2g2/Appbp2/Herc3/Ubd/Trim59/Trib3/Hspa5/Rnf114",18
"GO:0006518","peptide metabolic process","3/325","38/11892",0.0789473684210526,2.88874493927125,1.95466867353157,0.0846476914185097,0.289315194844317,0.236214450712483,"Hagh/Lta4h/Cpe",3
"GO:0009395","phospholipid catabolic process","3/325","38/11892",0.0789473684210526,2.88874493927125,1.95466867353157,0.0846476914185097,0.289315194844317,0.236214450712483,"Abhd6/Abhd12/Smpdl3b",3
"GO:0032007","negative regulation of TOR signaling","3/325","38/11892",0.0789473684210526,2.88874493927125,1.95466867353157,0.0846476914185097,0.289315194844317,0.236214450712483,"Prkaa2/Ywhag/Castor2",3
"GO:0032892","positive regulation of organic acid transport","3/325","38/11892",0.0789473684210526,2.88874493927125,1.95466867353157,0.0846476914185097,0.289315194844317,0.236214450712483,"Il1b/Cyp4a10/Slc7a5",3
"GO:0046686","response to cadmium ion","3/325","38/11892",0.0789473684210526,2.88874493927125,1.95466867353157,0.0846476914185097,0.289315194844317,0.236214450712483,"Hspa8/Jun/mt-Cytb",3
"GO:1900046","regulation of hemostasis","3/325","38/11892",0.0789473684210526,2.88874493927125,1.95466867353157,0.0846476914185097,0.289315194844317,0.236214450712483,"Cd36/Thbs1/Thbd",3
"GO:0030518","nuclear receptor-mediated steroid hormone signaling pathway","4/325","61/11892",0.0655737704918033,2.399394703657,1.83668601200643,0.0851117317486144,0.289315194844317,0.236214450712483,"Dnaja1/Zfp366/Padi2/Fkbp4",4
"GO:0090398","cellular senescence","4/325","61/11892",0.0655737704918033,2.399394703657,1.83668601200643,0.0851117317486144,0.289315194844317,0.236214450712483,"Hmga1b/Gch1/Ypel3/B2m",4
"GO:0000305","response to oxygen radical","2/325","18/11892",0.111111111111111,4.06564102564103,2.18172260719574,0.0854759216455403,0.289315194844317,0.236214450712483,"Cd36/Gch1",2
"GO:0002507","tolerance induction","2/325","18/11892",0.111111111111111,4.06564102564103,2.18172260719574,0.0854759216455403,0.289315194844317,0.236214450712483,"Ido1/H2-T23",2
"GO:0009112","nucleobase metabolic process","2/325","18/11892",0.111111111111111,4.06564102564103,2.18172260719574,0.0854759216455403,0.289315194844317,0.236214450712483,"Tymp/Ada",2
"GO:0010460","positive regulation of heart rate","2/325","18/11892",0.111111111111111,4.06564102564103,2.18172260719574,0.0854759216455403,0.289315194844317,0.236214450712483,"Gch1/Ada",2
"GO:0010614","negative regulation of cardiac muscle hypertrophy","2/325","18/11892",0.111111111111111,4.06564102564103,2.18172260719574,0.0854759216455403,0.289315194844317,0.236214450712483,"Tnfrsf1a/Ppara",2
"GO:0010763","positive regulation of fibroblast migration","2/325","18/11892",0.111111111111111,4.06564102564103,2.18172260719574,0.0854759216455403,0.289315194844317,0.236214450712483,"Thbs1/Aqp1",2
"GO:0015740","C4-dicarboxylate transport","2/325","18/11892",0.111111111111111,4.06564102564103,2.18172260719574,0.0854759216455403,0.289315194844317,0.236214450712483,"Slc13a2/Slc1a4",2
"GO:0030511","positive regulation of transforming growth factor beta receptor signaling pathway","2/325","18/11892",0.111111111111111,4.06564102564103,2.18172260719574,0.0854759216455403,0.289315194844317,0.236214450712483,"Hsp90ab1/Thbs1",2
"GO:0033081","regulation of T cell differentiation in thymus","2/325","18/11892",0.111111111111111,4.06564102564103,2.18172260719574,0.0854759216455403,0.289315194844317,0.236214450712483,"Ada/Erbb2",2
"GO:0042403","thyroid hormone metabolic process","2/325","18/11892",0.111111111111111,4.06564102564103,2.18172260719574,0.0854759216455403,0.289315194844317,0.236214450712483,"Crym/Dio1",2
"GO:0045932","negative regulation of muscle contraction","2/325","18/11892",0.111111111111111,4.06564102564103,2.18172260719574,0.0854759216455403,0.289315194844317,0.236214450712483,"Adra2a/Ptgs2",2
"GO:0051043","regulation of membrane protein ectodomain proteolysis","2/325","18/11892",0.111111111111111,4.06564102564103,2.18172260719574,0.0854759216455403,0.289315194844317,0.236214450712483,"Il1b/Adra2a",2
"GO:0060907","positive regulation of macrophage cytokine production","2/325","18/11892",0.111111111111111,4.06564102564103,2.18172260719574,0.0854759216455403,0.289315194844317,0.236214450712483,"Cd36/Cd74",2
"GO:0071604","transforming growth factor beta production","2/325","18/11892",0.111111111111111,4.06564102564103,2.18172260719574,0.0854759216455403,0.289315194844317,0.236214450712483,"Thbs1/Ptgs2",2
"GO:1900117","regulation of execution phase of apoptosis","2/325","18/11892",0.111111111111111,4.06564102564103,2.18172260719574,0.0854759216455403,0.289315194844317,0.236214450712483,"Fap/Tnfrsf1a",2
"GO:1903747","regulation of establishment of protein localization to mitochondrion","2/325","18/11892",0.111111111111111,4.06564102564103,2.18172260719574,0.0854759216455403,0.289315194844317,0.236214450712483,"Bag3/Dnaja1",2
"GO:1903846","positive regulation of cellular response to transforming growth factor beta stimulus","2/325","18/11892",0.111111111111111,4.06564102564103,2.18172260719574,0.0854759216455403,0.289315194844317,0.236214450712483,"Hsp90ab1/Thbs1",2
"GO:0071363","cellular response to growth factor stimulus","18/325","464/11892",0.0387931034482759,1.41946949602122,1.54495118189035,0.0856600782715121,0.289672521567701,0.236506193894981,"Hspb1/Hsp90ab1/Thbs1/Elavl4/Epha4/Flrt3/Nr4a1/Bmp8b/Sulf2/Vil1/Nrep/Erbb2/Jun/Spry4/Dnm2/Sparc/Hspa5/Ppara",18
"GO:0014013","regulation of gliogenesis","5/325","86/11892",0.0581395348837209,2.12737030411449,1.75875331644987,0.0862277375816373,0.291062876425613,0.237641363823522,"Il1b/Rb1/Trf/Atoh1/Slc7a5",5
"GO:0009755","hormone-mediated signaling pathway","6/325","112/11892",0.0535714285714286,1.96021978021978,1.71138419321523,0.0863870826938743,0.291062876425613,0.237641363823522,"Dnaja1/Nr1d2/Zfp366/Padi2/Fkbp4/Ppara",6
"GO:0034101","erythrocyte homeostasis","6/325","112/11892",0.0535714285714286,1.96021978021978,1.71138419321523,0.0863870826938743,0.291062876425613,0.237641363823522,"Hspa1b/Isg15/Rb1/Inhba/B2m/Ncapg2",6
"GO:0071897","DNA biosynthetic process","6/325","112/11892",0.0535714285714286,1.96021978021978,1.71138419321523,0.0863870826938743,0.291062876425613,0.237641363823522,"Hsp90ab1/Dusp1/Gch1/Rfc4/Hsp90aa1/Dcp2",6
"GO:0045619","regulation of lymphocyte differentiation","7/325","139/11892",0.0503597122302158,1.84270060874377,1.67512354104312,0.0867083820557709,0.291612314103624,0.238089958026747,"Hspb1/Ada/Slc4a2/Lgals1/Erbb2/Cd74/Hsp90aa1",7
"GO:0045637","regulation of myeloid cell differentiation","7/325","139/11892",0.0503597122302158,1.84270060874377,1.67512354104312,0.0867083820557709,0.291612314103624,0.238089958026747,"Hspa1b/Isg15/Rb1/Cd74/Jun/Inhba/B2m",7
"GO:0006897","endocytosis","18/325","465/11892",0.0387096774193548,1.41641687344913,1.53542703816288,0.0869877196519573,0.292285081711134,0.238639246255286,"Hspa8/Cd36/Thbs1/Calm1/Btbd9/Tfrc/Lrp11/Trf/Siglecf/Arc/Anxa3/Ezr/Dnm2/Sh3gl1/Cdc42se2/B2m/Lrrtm1/Abl2",18
"GO:0071560","cellular response to transforming growth factor beta stimulus","8/325","167/11892",0.0479041916167665,1.75285122063565,1.64229613577837,0.0875979877733519,0.294067561869376,0.240094571032512,"Hsp90ab1/Thbs1/Bmp8b/Nrep/Jun/Dnm2/Hspa5/Ppara",8
"GO:0090407","organophosphate biosynthetic process","14/325","343/11892",0.0408163265306122,1.49350078492936,1.55454471765525,0.0882042562039644,0.295833383410203,0.241536294705363,"Upp1/mt-Atp6/Ido1/mt-Nd4/Ada/Mocs1/Pgap1/mt-Atp8/Cwh43/mt-Nd1/Hmgcs2/Lpcat3/Pigz/Ppara",14
"GO:0033273","response to vitamin","4/325","62/11892",0.0645161290322581,2.36069478908189,1.80054797007588,0.0891266738120208,0.2965027329365,0.242082792205344,"Ada/Ptgs2/Tnc/mt-Cytb",4
"GO:0042475","odontogenesis of dentin-containing tooth","4/325","62/11892",0.0645161290322581,2.36069478908189,1.80054797007588,0.0891266738120208,0.2965027329365,0.242082792205344,"Slc4a2/Tnc/Bsg/Ppara",4
"GO:0002790","peptide secretion","9/325","196/11892",0.0459183673469388,1.68018838304553,1.60945585252168,0.0892179933682575,0.2965027329365,0.242082792205344,"Il1b/Glud1/Adra2a/Camk2n1/Gna11/Aqp1/Cd74/Cwh43/Cpe",9
"GO:0016054","organic acid catabolic process","7/325","140/11892",0.05,1.82953846153846,1.65495106070724,0.0892596459088899,0.2965027329365,0.242082792205344,"Dpep1/Glud1/Cdo1/Ido1/Adhfe1/Cyp4f14/Npl",7
"GO:0046395","carboxylic acid catabolic process","7/325","140/11892",0.05,1.82953846153846,1.65495106070724,0.0892596459088899,0.2965027329365,0.242082792205344,"Dpep1/Glud1/Cdo1/Ido1/Adhfe1/Cyp4f14/Npl",7
"GO:0050866","negative regulation of cell activation","7/325","140/11892",0.05,1.82953846153846,1.65495106070724,0.0892596459088899,0.2965027329365,0.242082792205344,"Hspb1/Ido1/Slc4a2/Lgals1/Erbb2/Cd74/H2-T23",7
"GO:0002377","immunoglobulin production","5/325","87/11892",0.0574712643678161,2.10291777188329,1.73065406840355,0.0895539387447016,0.2965027329365,0.242082792205344,"Hspd1/Tfrc/Samhd1/H2-T23/Icosl",5
"GO:0008277","regulation of G protein-coupled receptor signaling pathway","5/325","87/11892",0.0574712643678161,2.10291777188329,1.73065406840355,0.0895539387447016,0.2965027329365,0.242082792205344,"Ada/Abhd6/Rgs12/Padi2/Dnm2",5
"GO:0048259","regulation of receptor-mediated endocytosis","5/325","87/11892",0.0574712643678161,2.10291777188329,1.73065406840355,0.0895539387447016,0.2965027329365,0.242082792205344,"Trf/Arc/Dnm2/B2m/Lrrtm1",5
"GO:0120161","regulation of cold-induced thermogenesis","5/325","87/11892",0.0574712643678161,2.10291777188329,1.73065406840355,0.0895539387447016,0.2965027329365,0.242082792205344,"Cd36/Abhd6/Rb1/Scd1/Aldh1a1",5
"GO:0030100","regulation of endocytosis","10/325","225/11892",0.0444444444444444,1.62625641025641,1.58966036695922,0.0896339853482141,0.2965027329365,0.242082792205344,"Hspa8/Cd36/Btbd9/Trf/Siglecf/Arc/Dnm2/Sh3gl1/B2m/Lrrtm1",10
"GO:0006260","DNA replication","8/325","168/11892",0.0476190476190476,1.74241758241758,1.6244467770826,0.0899208965603237,0.2965027329365,0.242082792205344,"Cacybp/Ereg/Adra2a/Topbp1/Rfc4/Wiz/Jun/Samhd1",8
"GO:0010596","negative regulation of endothelial cell migration","3/325","39/11892",0.0769230769230769,2.81467455621302,1.90264346394449,0.0899321908364098,0.2965027329365,0.242082792205344,"Dnaja4/Thbs1/Pik3r2",3
"GO:0010611","regulation of cardiac muscle hypertrophy","3/325","39/11892",0.0769230769230769,2.81467455621302,1.90264346394449,0.0899321908364098,0.2965027329365,0.242082792205344,"Pde9a/Tnfrsf1a/Ppara",3
"GO:0014075","response to amine","3/325","39/11892",0.0769230769230769,2.81467455621302,1.90264346394449,0.0899321908364098,0.2965027329365,0.242082792205344,"Fosb/Nr4a1/Nr4a2",3
"GO:0032387","negative regulation of intracellular transport","3/325","39/11892",0.0769230769230769,2.81467455621302,1.90264346394449,0.0899321908364098,0.2965027329365,0.242082792205344,"Cd36/Cryab/Ube2g2",3
"GO:0035094","response to nicotine","3/325","39/11892",0.0769230769230769,2.81467455621302,1.90264346394449,0.0899321908364098,0.2965027329365,0.242082792205344,"mt-Nd4/B2m/Ppara",3
"GO:0051180","vitamin transport","3/325","39/11892",0.0769230769230769,2.81467455621302,1.90264346394449,0.0899321908364098,0.2965027329365,0.242082792205344,"Slc2a9/Slc47a1/Slc23a2",3
"GO:2000134","negative regulation of G1/S transition of mitotic cell cycle","3/325","39/11892",0.0769230769230769,2.81467455621302,1.90264346394449,0.0899321908364098,0.2965027329365,0.242082792205344,"Ctdspl/Rb1/Inhba",3
"GO:0150063","visual system development","12/325","285/11892",0.0421052631578947,1.54066396761134,1.54856830844301,0.0917479934430698,0.301646831824918,0.246282746148282,"Ppp2r3a/Cryab/Aqp1/Efemp1/Wdpcp/C1qa/Jun/Col5a1/Hipk1/Aldh1a1/Inhba/Bsg",12
"GO:0002262","myeloid cell homeostasis","7/325","141/11892",0.049645390070922,1.81656301145663,1.63494199367294,0.0918530191076841,0.301646831824918,0.246282746148282,"Hspa1b/Isg15/Pde4b/Rb1/Inhba/B2m/Ncapg2",7
"GO:0120254","olefinic compound metabolic process","6/325","114/11892",0.0526315789473684,1.92582995951417,1.66490088136511,0.0921776655489694,0.301646831824918,0.246282746148282,"Ces2a/Ptgs2/Cyp4f14/Cyp4a10/Aldh1a1/Inhba",6
"GO:2001236","regulation of extrinsic apoptotic signaling pathway","6/325","114/11892",0.0526315789473684,1.92582995951417,1.66490088136511,0.0921776655489694,0.301646831824918,0.246282746148282,"Hspa1b/Grina/Il1b/Thbs1/Tnfrsf12a/Inhba",6
"GO:0045444","fat cell differentiation","8/325","169/11892",0.0473372781065089,1.73210741920801,1.60671659787379,0.0922792625015801,0.301646831824918,0.246282746148282,"Arid5b/Nr4a1/Ptgs2/Nr4a2/Gdf10/Lpl/Scd1/Trib3",8
"GO:0032526","response to retinoic acid","4/325","63/11892",0.0634920634920635,2.32322344322344,1.76510257149204,0.0932312829340175,0.301646831824918,0.246282746148282,"Tfrc/Aqp1/Tnc/Abl2",4
"GO:0032963","collagen metabolic process","4/325","63/11892",0.0634920634920635,2.32322344322344,1.76510257149204,0.0932312829340175,0.301646831824918,0.246282746148282,"Serpinh1/Fap/Col5a1/Inhba",4
"GO:0051101","regulation of DNA binding","4/325","63/11892",0.0634920634920635,2.32322344322344,1.76510257149204,0.0932312829340175,0.301646831824918,0.246282746148282,"Calm1/Rb1/Jun/Hipk1",4
"GO:0071229","cellular response to acid chemical","4/325","63/11892",0.0634920634920635,2.32322344322344,1.76510257149204,0.0932312829340175,0.301646831824918,0.246282746148282,"Ptgs2/Hmgcs2/Slc7a5/Castor2",4
"GO:0072655","establishment of protein localization to mitochondrion","4/325","63/11892",0.0634920634920635,2.32322344322344,1.76510257149204,0.0932312829340175,0.301646831824918,0.246282746148282,"Bag3/Hspd1/Dnaja1/Hsp90aa1",4
"GO:0097581","lamellipodium organization","4/325","63/11892",0.0634920634920635,2.32322344322344,1.76510257149204,0.0932312829340175,0.301646831824918,0.246282746148282,"Vil1/Aqp1/Hsp90aa1/Dnm2",4
"GO:0009101","glycoprotein biosynthetic process","9/325","198/11892",0.0454545454545455,1.66321678321678,1.57741897413969,0.0935617529277158,0.301646831824918,0.246282746148282,"Ces2a/Gal3st2/B3gnt7/B4galt5/Cwh43/St3gal6/B3galt5/B3gnt5/B3galt1",9
"GO:0010817","regulation of hormone levels","15/325","377/11892",0.0397877984084881,1.45586614976535,1.50770561130352,0.0937448971026823,0.301646831824918,0.246282746148282,"Il1b/Glud1/Adra2a/Ces2a/Crym/Camk2n1/Gna11/Aqp1/Nmb/Slc7a5/Aldh1a1/Inhba/Dio1/Cpe/Pcsk1n",15
"GO:0007413","axonal fasciculation","2/325","19/11892",0.105263157894737,3.85165991902834,2.0851379871556,0.0938656853237062,0.301646831824918,0.246282746148282,"Epha4/L1cam",2
"GO:0014741","negative regulation of muscle hypertrophy","2/325","19/11892",0.105263157894737,3.85165991902834,2.0851379871556,0.0938656853237062,0.301646831824918,0.246282746148282,"Tnfrsf1a/Ppara",2
"GO:0015732","prostaglandin transport","2/325","19/11892",0.105263157894737,3.85165991902834,2.0851379871556,0.0938656853237062,0.301646831824918,0.246282746148282,"Il1b/Ptgs2",2
"GO:0021952","central nervous system projection neuron axonogenesis","2/325","19/11892",0.105263157894737,3.85165991902834,2.0851379871556,0.0938656853237062,0.301646831824918,0.246282746148282,"Epha4/Nr4a2",2
"GO:0022410","circadian sleep/wake cycle process","2/325","19/11892",0.105263157894737,3.85165991902834,2.0851379871556,0.0938656853237062,0.301646831824918,0.246282746148282,"Btbd9/Ada",2
"GO:0032878","regulation of establishment or maintenance of cell polarity","2/325","19/11892",0.105263157894737,3.85165991902834,2.0851379871556,0.0938656853237062,0.301646831824918,0.246282746148282,"Wdpcp/Abl2",2
"GO:0036315","cellular response to sterol","2/325","19/11892",0.105263157894737,3.85165991902834,2.0851379871556,0.0938656853237062,0.301646831824918,0.246282746148282,"Inhba/Gramd1b",2
"GO:0046597","host-mediated suppression of symbiont invasion","2/325","19/11892",0.105263157894737,3.85165991902834,2.0851379871556,0.0938656853237062,0.301646831824918,0.246282746148282,"Cd74/Trim59",2
"GO:0051953","negative regulation of amine transport","2/325","19/11892",0.105263157894737,3.85165991902834,2.0851379871556,0.0938656853237062,0.301646831824918,0.246282746148282,"Il1b/Slc43a1",2
"GO:0060252","positive regulation of glial cell proliferation","2/325","19/11892",0.105263157894737,3.85165991902834,2.0851379871556,0.0938656853237062,0.301646831824918,0.246282746148282,"Il1b/Slc7a5",2
"GO:0060384","innervation","2/325","19/11892",0.105263157894737,3.85165991902834,2.0851379871556,0.0938656853237062,0.301646831824918,0.246282746148282,"Epha4/Sulf2",2
"GO:0060416","response to growth hormone","2/325","19/11892",0.105263157894737,3.85165991902834,2.0851379871556,0.0938656853237062,0.301646831824918,0.246282746148282,"Cacybp/Hmgcs2",2
"GO:0106030","neuron projection fasciculation","2/325","19/11892",0.105263157894737,3.85165991902834,2.0851379871556,0.0938656853237062,0.301646831824918,0.246282746148282,"Epha4/L1cam",2
"GO:1900101","regulation of endoplasmic reticulum unfolded protein response","2/325","19/11892",0.105263157894737,3.85165991902834,2.0851379871556,0.0938656853237062,0.301646831824918,0.246282746148282,"Igtp/Hspa5",2
"GO:1901658","glycosyl compound catabolic process","2/325","19/11892",0.105263157894737,3.85165991902834,2.0851379871556,0.0938656853237062,0.301646831824918,0.246282746148282,"Upp1/Ada",2
"GO:1905523","positive regulation of macrophage migration","2/325","19/11892",0.105263157894737,3.85165991902834,2.0851379871556,0.0938656853237062,0.301646831824918,0.246282746148282,"Thbs1/C5ar1",2
"GO:0008361","regulation of cell size","7/325","142/11892",0.0492957746478873,1.80377031419285,1.61509362683821,0.0944883535600621,0.303383337301733,0.247700534410616,"Hsp90ab1/Aqp1/Hsp90aa1/Lpar3/L1cam/Dnm2/Tnfrsf12a",7
"GO:0007059","chromosome segregation","11/325","257/11892",0.0428015564202335,1.56614187369051,1.5379745467313,0.0949153423772697,0.304297712674596,0.248447085854491,"Hspa1b/Dusp1/Gem/Top2a/Mapre3/Rb1/Mki67/Rrs1/Phf13/Haus8/Ncapg2",11
"GO:0010975","regulation of neuron projection development","15/325","378/11892",0.0396825396825397,1.45201465201465,1.49701379458429,0.09532218916498,0.304297712674596,0.248447085854491,"Hspb1/H2-K1/Elavl4/Epha4/Lgals1/Efemp1/Lpar3/Dynlt1a/L1cam/Arc/Tnfrsf12a/B2m/Hspa5/Fkbp4/Abl2",15
"GO:0010883","regulation of lipid storage","3/325","40/11892",0.075,2.74430769230769,1.85224219117512,0.0953510195711227,0.304297712674596,0.248447085854491,"Cd36/Lpl/Ppara",3
"GO:0014743","regulation of muscle hypertrophy","3/325","40/11892",0.075,2.74430769230769,1.85224219117512,0.0953510195711227,0.304297712674596,0.248447085854491,"Pde9a/Tnfrsf1a/Ppara",3
"GO:0016447","somatic recombination of immunoglobulin gene segments","3/325","40/11892",0.075,2.74430769230769,1.85224219117512,0.0953510195711227,0.304297712674596,0.248447085854491,"Hspd1/Tfrc/Icosl",3
"GO:0032653","regulation of interleukin-10 production","3/325","40/11892",0.075,2.74430769230769,1.85224219117512,0.0953510195711227,0.304297712674596,0.248447085854491,"Hspd1/Ido1/Isg15",3
"GO:0141084","inflammasome-mediated signaling pathway","3/325","40/11892",0.075,2.74430769230769,1.85224219117512,0.0953510195711227,0.304297712674596,0.248447085854491,"Hspa8/Cd36/Igtp",3
"GO:0006644","phospholipid metabolic process","10/325","228/11892",0.043859649122807,1.60485829959514,1.54574487229691,0.0957394485351382,0.305273016695951,0.249243383137826,"Pnpla6/Abhd6/Abhd12/Pgap1/Plpp1/Cwh43/Hmgcs2/Smpdl3b/Lpcat3/Pigz",10
"GO:0006909","phagocytosis","7/325","143/11892",0.048951048951049,1.79115653577192,1.59540331179749,0.0971654839550941,0.307980687934997,0.251454089958065,"Hspa8/Cd36/Thbs1/Anxa3/Dnm2/Cdc42se2/Abl2",7
"GO:0042445","hormone metabolic process","7/325","143/11892",0.048951048951049,1.79115653577192,1.59540331179749,0.0971654839550941,0.307980687934997,0.251454089958065,"Ces2a/Crym/Aldh1a1/Inhba/Dio1/Cpe/Pcsk1n",7
"GO:0048839","inner ear development","7/325","143/11892",0.048951048951049,1.79115653577192,1.59540331179749,0.0971654839550941,0.307980687934997,0.251454089958065,"H2-K1/Epha4/Psap/Wdpcp/H2-T23/Atoh1/Sparc",7
"GO:0072522","purine-containing compound biosynthetic process","7/325","143/11892",0.048951048951049,1.79115653577192,1.59540331179749,0.0971654839550941,0.307980687934997,0.251454089958065,"mt-Atp6/Ido1/mt-Nd4/Ada/mt-Atp8/mt-Nd1/Ppara",7
"GO:0032611","interleukin-1 beta production","4/325","64/11892",0.0625,2.28692307692308,1.73032395372325,0.0974241676972888,0.307980687934997,0.251454089958065,"Hspb1/Cd36/Il1b/Lpl",4
"GO:0032642","regulation of chemokine production","4/325","64/11892",0.0625,2.28692307692308,1.73032395372325,0.0974241676972888,0.307980687934997,0.251454089958065,"Il1b/Cd74/Oas1g/Lpl",4
"GO:0043525","positive regulation of neuron apoptotic process","4/325","64/11892",0.0625,2.28692307692308,1.73032395372325,0.0974241676972888,0.307980687934997,0.251454089958065,"Il1b/Gch1/Jun/Tnfrsf1a",4
"GO:0043535","regulation of blood vessel endothelial cell migration","4/325","64/11892",0.0625,2.28692307692308,1.73032395372325,0.0974241676972888,0.307980687934997,0.251454089958065,"Hspb1/Thbs1/Ptgs2/Pik3r2",4
"GO:0045833","negative regulation of lipid metabolic process","4/325","64/11892",0.0625,2.28692307692308,1.73032395372325,0.0974241676972888,0.307980687934997,0.251454089958065,"Sik1/Il1b/Adra2a/Trib3",4
"GO:0050672","negative regulation of lymphocyte proliferation","4/325","64/11892",0.0625,2.28692307692308,1.73032395372325,0.0974241676972888,0.307980687934997,0.251454089958065,"Ido1/Slc4a2/Erbb2/H2-T23",4
"GO:0006865","amino acid transport","6/325","116/11892",0.0517241379310345,1.89262599469496,1.61934777319958,0.0981732201842087,0.310082681747209,0.253170285037345,"Il1b/Slc6a8/Slc1a4/Slc43a1/Slc47a1/Slc7a5",6
"GO:0030900","forebrain development","12/325","289/11892",0.041522491349481,1.51933989885547,1.49815230406307,0.0990753235966714,0.312396614865125,0.255059520204298,"Hspa8/Elavl4/Ubb/Pgap1/Aqp1/Nr4a2/Tubb2a/Btg2/Anxa3/Atoh1/Inhba/B2m",12
"GO:0048880","sensory system development","12/325","289/11892",0.041522491349481,1.51933989885547,1.49815230406307,0.0990753235966714,0.312396614865125,0.255059520204298,"Ppp2r3a/Cryab/Aqp1/Efemp1/Wdpcp/C1qa/Jun/Col5a1/Hipk1/Aldh1a1/Inhba/Bsg",12
"GO:0015850","organic hydroxy compound transport","8/325","172/11892",0.0465116279069767,1.70189624329159,1.55422481195227,0.0995662394674952,0.313676203997596,0.256104254284812,"Slc5a3/Cd36/Slc10a2/Aqp1/Stard5/Nmb/Slc29a4/Gramd1b",8
"GO:0051493","regulation of cytoskeleton organization","14/325","350/11892",0.04,1.46363076923077,1.47572773655728,0.0996882793748496,0.313792483156017,0.256199191633507,"Hsph1/Hspa1b/Espn/Slc4a2/Mapre3/Vil1/Ccdc88c/Prkaa2/Pik3r2/Plk4/Bicd2/Dynlt1a/Rhoc/Fkbp4",14
"GO:0106106","cold-induced thermogenesis","5/325","90/11892",0.0555555555555556,2.03282051282051,1.64857536831336,0.0999248403481692,0.314262554920533,0.256582986697263,"Cd36/Abhd6/Rb1/Scd1/Aldh1a1",5
"GO:0006695","cholesterol biosynthetic process","3/325","41/11892",0.0731707317073171,2.67737335834897,1.80336930124687,0.100900080383532,0.314262554920533,0.256582986697263,"Prkaa2/Hmgcs2/Lpcat3",3
"GO:0010812","negative regulation of cell-substrate adhesion","3/325","41/11892",0.0731707317073171,2.67737335834897,1.80336930124687,0.100900080383532,0.314262554920533,0.256582986697263,"Thbs1/Lgals1/Spry4",3
"GO:0032731","positive regulation of interleukin-1 beta production","3/325","41/11892",0.0731707317073171,2.67737335834897,1.80336930124687,0.100900080383532,0.314262554920533,0.256582986697263,"Hspb1/Cd36/Lpl",3
"GO:0032757","positive regulation of interleukin-8 production","3/325","41/11892",0.0731707317073171,2.67737335834897,1.80336930124687,0.100900080383532,0.314262554920533,0.256582986697263,"Hspa1b/Il1b/Cd74",3
"GO:0051289","protein homotetramerization","3/325","41/11892",0.0731707317073171,2.67737335834897,1.80336930124687,0.100900080383532,0.314262554920533,0.256582986697263,"Samhd1/Mcoln1/B2m",3
"GO:1900271","regulation of long-term synaptic potentiation","3/325","41/11892",0.0731707317073171,2.67737335834897,1.80336930124687,0.100900080383532,0.314262554920533,0.256582986697263,"Epha4/Arc/Pde9a",3
"GO:1902653","secondary alcohol biosynthetic process","3/325","41/11892",0.0731707317073171,2.67737335834897,1.80336930124687,0.100900080383532,0.314262554920533,0.256582986697263,"Prkaa2/Hmgcs2/Lpcat3",3
"GO:0021872","forebrain generation of neurons","4/325","65/11892",0.0615384615384615,2.25173964497041,1.69618762179533,0.101703872978646,0.314262554920533,0.256582986697263,"Elavl4/Ubb/Inhba/B2m",4
"GO:0032945","negative regulation of mononuclear cell proliferation","4/325","65/11892",0.0615384615384615,2.25173964497041,1.69618762179533,0.101703872978646,0.314262554920533,0.256582986697263,"Ido1/Slc4a2/Erbb2/H2-T23",4
"GO:0140238","presynaptic endocytosis","4/325","65/11892",0.0615384615384615,2.25173964497041,1.69618762179533,0.101703872978646,0.314262554920533,0.256582986697263,"Calm1/Btbd9/Dnm2/Sh3gl1",4
"GO:1902476","chloride transmembrane transport","4/325","65/11892",0.0615384615384615,2.25173964497041,1.69618762179533,0.101703872978646,0.314262554920533,0.256582986697263,"Cldn4/Slc4a2/Clca3a1/Slc1a4",4
"GO:0032984","protein-containing complex disassembly","8/325","173/11892",0.046242774566474,1.69205869275233,1.53695518627366,0.102065509584713,0.314262554920533,0.256582986697263,"Hspa8/Calm1/Vil1/Igtp/Ccdc88c/Etf1/Mcoln1/Sh3gl1",8
"GO:0006120","mitochondrial electron transport, NADH to ubiquinone","2/325","20/11892",0.1,3.65907692307692,1.99491528140196,0.10248062697083,0.314262554920533,0.256582986697263,"mt-Nd4/mt-Nd1",2
"GO:0008045","motor neuron axon guidance","2/325","20/11892",0.1,3.65907692307692,1.99491528140196,0.10248062697083,0.314262554920533,0.256582986697263,"Epha4/Erbb2",2
"GO:0009124","nucleoside monophosphate biosynthetic process","2/325","20/11892",0.1,3.65907692307692,1.99491528140196,0.10248062697083,0.314262554920533,0.256582986697263,"Upp1/Ada",2
"GO:0009651","response to salt stress","2/325","20/11892",0.1,3.65907692307692,1.99491528140196,0.10248062697083,0.314262554920533,0.256582986697263,"Aqp1/Hsp90aa1",2
"GO:0010758","regulation of macrophage chemotaxis","2/325","20/11892",0.1,3.65907692307692,1.99491528140196,0.10248062697083,0.314262554920533,0.256582986697263,"Thbs1/C5ar1",2
"GO:0016338","calcium-independent cell-cell adhesion via plasma membrane cell-adhesion molecules","2/325","20/11892",0.1,3.65907692307692,1.99491528140196,0.10248062697083,0.314262554920533,0.256582986697263,"Cldn2/Cldn4",2
"GO:0016486","peptide hormone processing","2/325","20/11892",0.1,3.65907692307692,1.99491528140196,0.10248062697083,0.314262554920533,0.256582986697263,"Cpe/Pcsk1n",2
"GO:0031342","negative regulation of cell killing","2/325","20/11892",0.1,3.65907692307692,1.99491528140196,0.10248062697083,0.314262554920533,0.256582986697263,"Hsp90ab1/H2-T23",2
"GO:0032816","positive regulation of natural killer cell activation","2/325","20/11892",0.1,3.65907692307692,1.99491528140196,0.10248062697083,0.314262554920533,0.256582986697263,"H2-T23/Ulbp1",2
"GO:0044090","positive regulation of vacuole organization","2/325","20/11892",0.1,3.65907692307692,1.99491528140196,0.10248062697083,0.314262554920533,0.256582986697263,"Igtp/Mcoln1",2
"GO:0045987","positive regulation of smooth muscle contraction","2/325","20/11892",0.1,3.65907692307692,1.99491528140196,0.10248062697083,0.314262554920533,0.256582986697263,"Ada/Ptgs2",2
"GO:0046639","negative regulation of alpha-beta T cell differentiation","2/325","20/11892",0.1,3.65907692307692,1.99491528140196,0.10248062697083,0.314262554920533,0.256582986697263,"Slc4a2/Lgals1",2
"GO:0046697","decidualization","2/325","20/11892",0.1,3.65907692307692,1.99491528140196,0.10248062697083,0.314262554920533,0.256582986697263,"Ptgs2/Bsg",2
"GO:0048710","regulation of astrocyte differentiation","2/325","20/11892",0.1,3.65907692307692,1.99491528140196,0.10248062697083,0.314262554920533,0.256582986697263,"Il1b/Epha4",2
"GO:0070723","response to cholesterol","2/325","20/11892",0.1,3.65907692307692,1.99491528140196,0.10248062697083,0.314262554920533,0.256582986697263,"Inhba/Gramd1b",2
"GO:0071276","cellular response to cadmium ion","2/325","20/11892",0.1,3.65907692307692,1.99491528140196,0.10248062697083,0.314262554920533,0.256582986697263,"Hspa8/Jun",2
"GO:0071676","negative regulation of mononuclear cell migration","2/325","20/11892",0.1,3.65907692307692,1.99491528140196,0.10248062697083,0.314262554920533,0.256582986697263,"Dusp1/Padi2",2
"GO:0097186","amelogenesis","2/325","20/11892",0.1,3.65907692307692,1.99491528140196,0.10248062697083,0.314262554920533,0.256582986697263,"Slc4a2/Ppara",2
"GO:0040008","regulation of growth","16/325","414/11892",0.0386473429951691,1.41413600891862,1.43764135269334,0.103411403705017,0.316853228642305,0.258698169657124,"Hspa1b/Cryab/Creb3/Vil1/Rb1/Selenop/Erbb2/Lpar3/L1cam/Tnc/Ezr/Dnm2/Slc23a2/Tnfrsf12a/Inhba/Ppara",16
"GO:0071456","cellular response to hypoxia","5/325","91/11892",0.0549450549450549,2.01048182586644,1.62192325266865,0.103510442316333,0.316893264433557,0.258730857302322,"Epha4/Ptgs2/Aqp1/Ndrg1/Inhba",5
"GO:0016064","immunoglobulin mediated immune response","7/325","146/11892",0.0479452054794521,1.75435194942044,1.53725512248945,0.105445743553294,0.322550216379621,0.263349535548258,"Hspd1/Irf7/Tfrc/C1qa/Cd74/H2-T23/Icosl",7
"GO:0042100","B cell proliferation","4/325","66/11892",0.0606060606060606,2.21762237762238,1.66267035585091,0.106068883578878,0.323855073630733,0.264414900051479,"Hspd1/Tfrc/Ada/Cd74",4
"GO:0048008","platelet-derived growth factor receptor signaling pathway","4/325","66/11892",0.0606060606060606,2.21762237762238,1.66267035585091,0.106068883578878,0.323855073630733,0.264414900051479,"Epha4/Arid5b/Erbb2/Abl2",4
"GO:0007193","adenylate cyclase-inhibiting G protein-coupled receptor signaling pathway","3/325","42/11892",0.0714285714285714,2.61362637362637,1.75593710383141,0.106575204642995,0.323855073630733,0.264414900051479,"Adra2a/Htr4/Psap",3
"GO:0031113","regulation of microtubule polymerization","3/325","42/11892",0.0714285714285714,2.61362637362637,1.75593710383141,0.106575204642995,0.323855073630733,0.264414900051479,"Hspa1b/Mapre3/Fkbp4",3
"GO:0032613","interleukin-10 production","3/325","42/11892",0.0714285714285714,2.61362637362637,1.75593710383141,0.106575204642995,0.323855073630733,0.264414900051479,"Hspd1/Ido1/Isg15",3
"GO:0043536","positive regulation of blood vessel endothelial cell migration","3/325","42/11892",0.0714285714285714,2.61362637362637,1.75593710383141,0.106575204642995,0.323855073630733,0.264414900051479,"Hspb1/Thbs1/Ptgs2",3
"GO:0050818","regulation of coagulation","3/325","42/11892",0.0714285714285714,2.61362637362637,1.75593710383141,0.106575204642995,0.323855073630733,0.264414900051479,"Cd36/Thbs1/Thbd",3
"GO:1901657","glycosyl compound metabolic process","3/325","42/11892",0.0714285714285714,2.61362637362637,1.75593710383141,0.106575204642995,0.323855073630733,0.264414900051479,"Tymp/Upp1/Ada",3
"GO:0007098","centrosome cycle","5/325","92/11892",0.0543478260869565,1.98862876254181,1.59560964809238,0.107159200851193,0.32512253246731,0.265449730223617,"Chordc1/Xpo1/Plk4/Dnm2/Haus8",5
"GO:0060560","developmental growth involved in morphogenesis","8/325","175/11892",0.0457142857142857,1.67272087912088,1.50274820764648,0.107168713225117,0.32512253246731,0.265449730223617,"Flrt3/Ppp2r3a/Lpar3/L1cam/Tnc/Dnm2/Slc23a2/Tnfrsf12a",8
"GO:0141091","transforming growth factor beta receptor superfamily signaling pathway","9/325","204/11892",0.0441176470588235,1.61429864253394,1.48342310863073,0.107322910518511,0.325322572509238,0.26561305503153,"Hsp90ab1/Thbs1/Bmp8b/Nrep/Jun/Dnm2/Inhba/Hspa5/Ppara",9
"GO:0051276","chromosome organization","13/325","324/11892",0.0401234567901235,1.46814814814815,1.4320796623835,0.107872437577188,0.326719642489329,0.266753707592595,"Hspa1b/Hsp90ab1/Dusp1/Gem/Top2a/Gch1/Topbp1/Rb1/Rrs1/Hsp90aa1/Phf13/Ncapg2/Dcp2",13
"GO:0000819","sister chromatid segregation","7/325","147/11892",0.0476190476190476,1.74241758241758,1.51817175627877,0.108288067248742,0.327709208439131,0.267561649178249,"Hspa1b/Dusp1/Top2a/Rb1/Rrs1/Phf13/Ncapg2",7
"GO:0006720","isoprenoid metabolic process","4/325","67/11892",0.0597014925373134,2.18452353616533,1.629750126265,0.110517627802762,0.33273329146504,0.27166361490092,"Ces2a/Lpl/Hmgcs2/Aldh1a1",4
"GO:0007040","lysosome organization","4/325","67/11892",0.0597014925373134,2.18452353616533,1.629750126265,0.110517627802762,0.33273329146504,0.27166361490092,"Hspa8/Atp6v0c/Igtp/Mcoln1",4
"GO:0009063","amino acid catabolic process","4/325","67/11892",0.0597014925373134,2.18452353616533,1.629750126265,0.110517627802762,0.33273329146504,0.27166361490092,"Glud1/Cdo1/Ido1/Adhfe1",4
"GO:0080171","lytic vacuole organization","4/325","67/11892",0.0597014925373134,2.18452353616533,1.629750126265,0.110517627802762,0.33273329146504,0.27166361490092,"Hspa8/Atp6v0c/Igtp/Mcoln1",4
"GO:0010212","response to ionizing radiation","5/325","93/11892",0.0537634408602151,1.96724565756824,1.56962593010105,0.110870364963461,0.33273329146504,0.27166361490092,"Cryab/Topbp1/Ccl7/Thbd/Tmem109",5
"GO:0019724","B cell mediated immunity","7/325","148/11892",0.0472972972972973,1.73064449064449,1.49923410306599,0.111171109214133,0.33273329146504,0.27166361490092,"Hspd1/Irf7/Tfrc/C1qa/Cd74/H2-T23/Icosl",7
"GO:0031345","negative regulation of cell projection organization","7/325","148/11892",0.0472972972972973,1.73064449064449,1.49923410306599,0.111171109214133,0.33273329146504,0.27166361490092,"H2-K1/Epha4/Lgals1/Efemp1/Dnm2/B2m/Fkbp4",7
"GO:0001783","B cell apoptotic process","2/325","21/11892",0.0952380952380952,3.48483516483516,1.91031102260354,0.11130226488779,0.33273329146504,0.27166361490092,"Ada/Cd74",2
"GO:0002724","regulation of T cell cytokine production","2/325","21/11892",0.0952380952380952,3.48483516483516,1.91031102260354,0.11130226488779,0.33273329146504,0.27166361490092,"Il1b/B2m",2
"GO:0009713","catechol-containing compound biosynthetic process","2/325","21/11892",0.0952380952380952,3.48483516483516,1.91031102260354,0.11130226488779,0.33273329146504,0.27166361490092,"Gch1/Nr4a2",2
"GO:0014850","response to muscle activity","2/325","21/11892",0.0952380952380952,3.48483516483516,1.91031102260354,0.11130226488779,0.33273329146504,0.27166361490092,"Prkaa2/Slc7a5",2
"GO:0021680","cerebellar Purkinje cell layer development","2/325","21/11892",0.0952380952380952,3.48483516483516,1.91031102260354,0.11130226488779,0.33273329146504,0.27166361490092,"Psap/Hspa5",2
"GO:0042423","catecholamine biosynthetic process","2/325","21/11892",0.0952380952380952,3.48483516483516,1.91031102260354,0.11130226488779,0.33273329146504,0.27166361490092,"Gch1/Nr4a2",2
"GO:0070233","negative regulation of T cell apoptotic process","2/325","21/11892",0.0952380952380952,3.48483516483516,1.91031102260354,0.11130226488779,0.33273329146504,0.27166361490092,"Ido1/Ada",2
"GO:0140467","integrated stress response signaling","2/325","21/11892",0.0952380952380952,3.48483516483516,1.91031102260354,0.11130226488779,0.33273329146504,0.27166361490092,"Igtp/Hspa5",2
"GO:0051960","regulation of nervous system development","14/325","357/11892",0.0392156862745098,1.43493212669683,1.39857995454794,0.112051053522885,0.334418891359819,0.273039840762408,"Tymp/Il1b/Epha4/Flrt3/Rb1/Trf/Btg2/Lpar3/L1cam/Atoh1/Slc7a5/Tnfrsf12a/B2m/Lrrtm1",14
"GO:0006790","sulfur compound metabolic process","9/325","206/11892",0.0436893203883495,1.59862584017924,1.45276922407049,0.112151178189595,0.334418891359819,0.273039840762408,"Dpep1/Cdo1/Gal3st2/Sulf2/Hagh/Mpst/Hmgcs2/Chst4/Amd2",9
"GO:0016126","sterol biosynthetic process","3/325","43/11892",0.0697674418604651,2.55284436493739,1.70986495304284,0.112372164481496,0.334418891359819,0.273039840762408,"Prkaa2/Hmgcs2/Lpcat3",3
"GO:0072577","endothelial cell apoptotic process","3/325","43/11892",0.0697674418604651,2.55284436493739,1.70986495304284,0.112372164481496,0.334418891359819,0.273039840762408,"Thbs1/Hipk1/Abl2",3
"GO:2000107","negative regulation of leukocyte apoptotic process","3/325","43/11892",0.0697674418604651,2.55284436493739,1.70986495304284,0.112372164481496,0.334418891359819,0.273039840762408,"Ido1/Ada/Cd74",3
"GO:1901293","nucleoside phosphate biosynthetic process","8/325","177/11892",0.0451977401129944,1.65382007822686,1.46897445025886,0.112410473791323,0.334418891359819,0.273039840762408,"Upp1/mt-Atp6/Ido1/mt-Nd4/Ada/mt-Atp8/mt-Nd1/Ppara",8
"GO:0008037","cell recognition","5/325","94/11892",0.0531914893617021,1.94631751227496,1.54396378806242,0.114643149092527,0.340172860365377,0.277737729612649,"Hspa1b/Cd36/Epha4/L1cam/Bsg",5
"GO:0010565","regulation of ketone metabolic process","5/325","94/11892",0.0531914893617021,1.94631751227496,1.54396378806242,0.114643149092527,0.340172860365377,0.277737729612649,"Il1b/Ptgs2/Cd74/Trib3/Ppara",5
"GO:0002062","chondrocyte differentiation","4/325","68/11892",0.0588235294117647,2.15239819004525,1.59740601559599,0.11504848098452,0.340172860365377,0.277737729612649,"Serpinh1/Sulf2/Rb1/Efemp1",4
"GO:0010660","regulation of muscle cell apoptotic process","4/325","68/11892",0.0588235294117647,2.15239819004525,1.59740601559599,0.11504848098452,0.340172860365377,0.277737729612649,"Bag3/Hspa8/Gch1/Slc7a5",4
"GO:0035924","cellular response to vascular endothelial growth factor stimulus","4/325","68/11892",0.0588235294117647,2.15239819004525,1.59740601559599,0.11504848098452,0.340172860365377,0.277737729612649,"Hspb1/Epha4/Nr4a1/Erbb2",4
"GO:0072676","lymphocyte migration","4/325","68/11892",0.0588235294117647,2.15239819004525,1.59740601559599,0.11504848098452,0.340172860365377,0.277737729612649,"Ccl7/Padi2/Stk10/Abl2",4
"GO:0001667","ameboidal-type cell migration","8/325","178/11892",0.0449438202247191,1.64452895419188,1.45224645665986,0.115082896602177,0.340172860365377,0.277737729612649,"Thbs1/Ptprr/Arid5b/Vil1/Aqp1/Wdpcp/Jun/Amotl2",8
"GO:0045860","positive regulation of protein kinase activity","8/325","178/11892",0.0449438202247191,1.64452895419188,1.45224645665986,0.115082896602177,0.340172860365377,0.277737729612649,"Ereg/Il1b/Thbs1/Epha4/Adra2a/Mapre3/Igtp/Erbb2",8
"GO:0001822","kidney development","10/325","237/11892",0.0421940928270042,1.54391431353457,1.41771529282608,0.115495529517772,0.340925532804788,0.278352256986289,"Hspa8/Epha4/Arid5b/Sulf2/Aqp1/Anxa4/Wdpcp/Mpst/Hmgcs2/Cyp4a10",10
"GO:0050673","epithelial cell proliferation","13/325","328/11892",0.0396341463414634,1.45024390243902,1.38602550674086,0.115522515049696,0.340925532804788,0.278352256986289,"Ereg/Thbs1/C5ar1/Nr4a1/Sulf2/Rb1/Fap/Mki67/Erbb2/Jun/Sparc/B2m/Tgfa",13
"GO:0044092","negative regulation of molecular function","17/325","453/11892",0.0375275938189845,1.37316352521651,1.35735910476488,0.115848582129097,0.34161429898228,0.278914607416495,"Hspb1/Chordc1/Dnaja1/Serpinh1/Dusp1/Sik1/Il1b/Calm1/Rb1/Anxa4/Jun/Rrp1b/Spry4/Gtf2f1/Trib3/B2m/Ppara",17
"GO:0090596","sensory organ morphogenesis","9/325","208/11892",0.0432692307692308,1.58325443786982,1.42244160838249,0.117098662894832,0.345024517530257,0.281698916417456,"Ppp2r3a/Aqp1/Efemp1/Wdpcp/Col5a1/Hipk1/Atoh1/Sparc/Aldh1a1",9
"GO:0071466","cellular response to xenobiotic stimulus","6/325","122/11892",0.0491803278688525,1.79954602774275,1.48790655186119,0.117361669348412,0.345523253369208,0.282106114567942,"Il1b/Dpep1/Tfrc/Pde4b/Rb1/Prkaa2",6
"GO:0018108","peptidyl-tyrosine phosphorylation","8/325","179/11892",0.0446927374301676,1.63534164159862,1.43562253525844,0.117789436232371,0.346327128246185,0.282762446713266,"Cd36/Epha4/Erbb2/Efemp1/Cd74/Tgfa/Tnfrsf1a/Abl2",8
"GO:0009100","glycoprotein metabolic process","10/325","238/11892",0.0420168067226891,1.53742727860375,1.40381920783754,0.117822631259011,0.346327128246185,0.282762446713266,"Ces2a/Gal3st2/Sulf2/B3gnt7/B4galt5/Cwh43/St3gal6/B3galt5/B3gnt5/B3galt1",10
"GO:0001655","urogenital system development","3/325","44/11892",0.0681818181818182,2.49482517482517,1.66507853054001,0.118286684201204,0.346734595626751,0.283095127765623,"Psap/Tnc/Fkbp4",3
"GO:0002715","regulation of natural killer cell mediated immunity","3/325","44/11892",0.0681818181818182,2.49482517482517,1.66507853054001,0.118286684201204,0.346734595626751,0.283095127765623,"Cd96/H2-T23/Ulbp1",3
"GO:0045776","negative regulation of blood pressure","3/325","44/11892",0.0681818181818182,2.49482517482517,1.66507853054001,0.118286684201204,0.346734595626751,0.283095127765623,"Gch1/Scpep1/Ppara",3
"GO:0050878","regulation of body fluid levels","9/325","209/11892",0.0430622009569378,1.57567905778432,1.40739786481788,0.119616791548311,0.346734595626751,0.283095127765623,"Cd36/mt-Co2/Thbs1/Adra2a/Cdo1/Htr4/Ada/Aqp1/Thbd",9
"GO:0070664","negative regulation of leukocyte proliferation","4/325","69/11892",0.0579710144927536,2.12120401337793,1.56561814672947,0.119659768954469,0.346734595626751,0.283095127765623,"Ido1/Slc4a2/Erbb2/H2-T23",4
"GO:0098742","cell-cell adhesion via plasma-membrane adhesion molecules","7/325","151/11892",0.0463576158940397,1.69626082526745,1.44327268513607,0.120061824969543,0.346734595626751,0.283095127765623,"Cldn2/Cldn4/Flrt3/Cdhr5/Lgals1/L1cam/Bsg",7
"GO:0002063","chondrocyte development","2/325","22/11892",0.0909090909090909,3.32643356643357,1.83069981872228,0.12031295382708,0.346734595626751,0.283095127765623,"Serpinh1/Sulf2",2
"GO:0006536","glutamate metabolic process","2/325","22/11892",0.0909090909090909,3.32643356643357,1.83069981872228,0.12031295382708,0.346734595626751,0.283095127765623,"Glud1/Adhfe1",2
"GO:0006688","glycosphingolipid biosynthetic process","2/325","22/11892",0.0909090909090909,3.32643356643357,1.83069981872228,0.12031295382708,0.346734595626751,0.283095127765623,"B4galt5/B3galt1",2
"GO:0006929","substrate-dependent cell migration","2/325","22/11892",0.0909090909090909,3.32643356643357,1.83069981872228,0.12031295382708,0.346734595626751,0.283095127765623,"Tnfrsf12a/Abl2",2
"GO:0008299","isoprenoid biosynthetic process","2/325","22/11892",0.0909090909090909,3.32643356643357,1.83069981872228,0.12031295382708,0.346734595626751,0.283095127765623,"Hmgcs2/Aldh1a1",2
"GO:0009069","serine family amino acid metabolic process","2/325","22/11892",0.0909090909090909,3.32643356643357,1.83069981872228,0.12031295382708,0.346734595626751,0.283095127765623,"Cdo1/Mpst",2
"GO:0009595","detection of biotic stimulus","2/325","22/11892",0.0909090909090909,3.32643356643357,1.83069981872228,0.12031295382708,0.346734595626751,0.283095127765623,"Nr4a1/Fap",2
"GO:0010669","epithelial structure maintenance","2/325","22/11892",0.0909090909090909,3.32643356643357,1.83069981872228,0.12031295382708,0.346734595626751,0.283095127765623,"Tff3/Htr4",2
"GO:0030224","monocyte differentiation","2/325","22/11892",0.0909090909090909,3.32643356643357,1.83069981872228,0.12031295382708,0.346734595626751,0.283095127765623,"Cd74/Jun",2
"GO:0034311","diol metabolic process","2/325","22/11892",0.0909090909090909,3.32643356643357,1.83069981872228,0.12031295382708,0.346734595626751,0.283095127765623,"Gch1/Plpp1",2
"GO:0043277","apoptotic cell clearance","2/325","22/11892",0.0909090909090909,3.32643356643357,1.83069981872228,0.12031295382708,0.346734595626751,0.283095127765623,"Cd36/Thbs1",2
"GO:0043537","negative regulation of blood vessel endothelial cell migration","2/325","22/11892",0.0909090909090909,3.32643356643357,1.83069981872228,0.12031295382708,0.346734595626751,0.283095127765623,"Thbs1/Pik3r2",2
"GO:0048026","positive regulation of mRNA splicing, via spliceosome","2/325","22/11892",0.0909090909090909,3.32643356643357,1.83069981872228,0.12031295382708,0.346734595626751,0.283095127765623,"Hspa8/Rbm3",2
"GO:0050995","negative regulation of lipid catabolic process","2/325","22/11892",0.0909090909090909,3.32643356643357,1.83069981872228,0.12031295382708,0.346734595626751,0.283095127765623,"Il1b/Adra2a",2
"GO:0060351","cartilage development involved in endochondral bone morphogenesis","2/325","22/11892",0.0909090909090909,3.32643356643357,1.83069981872228,0.12031295382708,0.346734595626751,0.283095127765623,"Serpinh1/Thbs1",2
"GO:0060561","apoptotic process involved in morphogenesis","2/325","22/11892",0.0909090909090909,3.32643356643357,1.83069981872228,0.12031295382708,0.346734595626751,0.283095127765623,"Cryab/Tnfrsf1a",2
"GO:0061081","positive regulation of myeloid leukocyte cytokine production involved in immune response","2/325","22/11892",0.0909090909090909,3.32643356643357,1.83069981872228,0.12031295382708,0.346734595626751,0.283095127765623,"Cd36/Cd74",2
"GO:1901798","positive regulation of signal transduction by p53 class mediator","2/325","22/11892",0.0909090909090909,3.32643356643357,1.83069981872228,0.12031295382708,0.346734595626751,0.283095127765623,"Ubb/Hexim1",2
"GO:2000279","negative regulation of DNA biosynthetic process","2/325","22/11892",0.0909090909090909,3.32643356643357,1.83069981872228,0.12031295382708,0.346734595626751,0.283095127765623,"Dusp1/Dcp2",2
"GO:0006898","receptor-mediated endocytosis","8/325","180/11892",0.0444444444444444,1.62625641025641,1.41910133044248,0.12052989499862,0.347088432003837,0.283384021217971,"Cd36/Tfrc/Trf/Arc/Ezr/Dnm2/B2m/Lrrtm1",8
"GO:0007612","learning","6/325","123/11892",0.0487804878048781,1.78491557223265,1.46671664924126,0.120730637188487,0.347395104353445,0.283634407101265,"Elavl4/Ptgs2/Jun/Btg2/Arc/Abl2",6
"GO:0050768","negative regulation of neurogenesis","5/325","96/11892",0.0520833333333333,1.90576923076923,1.49357247126082,0.122370269926433,0.351838389195657,0.287262174004165,"Il1b/Rb1/Btg2/Atoh1/B2m",5
"GO:0030099","myeloid cell differentiation","12/325","301/11892",0.0398671096345515,1.45876820853565,1.35131504455787,0.12311208083595,0.353695346813182,0.288778306690718,"Hspa1b/Tfrc/Isg15/Slc4a2/Rb1/Trf/Cd74/Jun/Ubd/Inhba/B2m/Ncapg2",12
"GO:0018212","peptidyl-tyrosine modification","8/325","181/11892",0.0441988950276243,1.61727156821079,1.40268151205936,0.123304064160357,0.353971012846631,0.289003377139252,"Cd36/Epha4/Erbb2/Efemp1/Cd74/Tgfa/Tnfrsf1a/Abl2",8
"GO:0045807","positive regulation of endocytosis","6/325","124/11892",0.0483870967741935,1.77052109181141,1.4457211892834,0.124147172338694,0.354214263940593,0.289201982067612,"Hspa8/Cd36/Trf/Dnm2/Sh3gl1/B2m",6
"GO:0048592","eye morphogenesis","6/325","124/11892",0.0483870967741935,1.77052109181141,1.4457211892834,0.124147172338694,0.354214263940593,0.289201982067612,"Ppp2r3a/Aqp1/Efemp1/Col5a1/Hipk1/Aldh1a1",6
"GO:0002011","morphogenesis of an epithelial sheet","3/325","45/11892",0.0666666666666667,2.43938461538462,1.62150921614387,0.124314450970624,0.354214263940593,0.289201982067612,"Flrt3/Col5a1/Rhoc",3
"GO:0002381","immunoglobulin production involved in immunoglobulin-mediated immune response","3/325","45/11892",0.0666666666666667,2.43938461538462,1.62150921614387,0.124314450970624,0.354214263940593,0.289201982067612,"Hspd1/Tfrc/Icosl",3
"GO:0002534","cytokine production involved in inflammatory response","3/325","45/11892",0.0666666666666667,2.43938461538462,1.62150921614387,0.124314450970624,0.354214263940593,0.289201982067612,"Ido1/Cd96/Ppara",3
"GO:0006940","regulation of smooth muscle contraction","3/325","45/11892",0.0666666666666667,2.43938461538462,1.62150921614387,0.124314450970624,0.354214263940593,0.289201982067612,"Adra2a/Ada/Ptgs2",3
"GO:0033619","membrane protein proteolysis","3/325","45/11892",0.0666666666666667,2.43938461538462,1.62150921614387,0.124314450970624,0.354214263940593,0.289201982067612,"Il1b/Adra2a/Cwh43",3
"GO:0048512","circadian behavior","3/325","45/11892",0.0666666666666667,2.43938461538462,1.62150921614387,0.124314450970624,0.354214263940593,0.289201982067612,"Nr1d2/Btbd9/Ada",3
"GO:0036503","ERAD pathway","4/325","70/11892",0.0571428571428571,2.0909010989011,1.53436761664086,0.124349771443062,0.354214263940593,0.289201982067612,"Usp13/Ube2g2/Get4/Hspa5",4
"GO:0052547","regulation of peptidase activity","4/325","70/11892",0.0571428571428571,2.0909010989011,1.53436761664086,0.124349771443062,0.354214263940593,0.289201982067612,"Serpinh1/Cldn4/Epha4/Antxr1",4
"GO:0010810","regulation of cell-substrate adhesion","7/325","153/11892",0.0457516339869281,1.6740874811463,1.40665284216424,0.126187304800938,0.358893831401433,0.293022664413484,"Cd36/Thbs1/Lgals1/Wdpcp/L1cam/Spry4/Dnm2",7
"GO:0090092","regulation of transmembrane receptor protein serine/threonine kinase signaling pathway","7/325","153/11892",0.0457516339869281,1.6740874811463,1.40665284216424,0.126187304800938,0.358893831401433,0.293022664413484,"Hsp90ab1/Thbs1/Nrep/Dnm2/Inhba/Hspa5/Ppara",7
"GO:0042886","amide transport","10/325","242/11892",0.0413223140495868,1.5120152574698,1.3488638798862,0.127390821382855,0.362037446119664,0.295589301897969,"Il1b/Glud1/Adra2a/Psap/Camk2n1/Gna11/Aqp1/Cd74/Cwh43/Cpe",10
"GO:0032271","regulation of protein polymerization","6/325","125/11892",0.048,1.75635692307692,1.42491650982952,0.127610754647009,0.362383082919011,0.295871500718352,"Hspa1b/Mapre3/Vil1/Pik3r2/Hsp90aa1/Fkbp4",6
"GO:0008585","female gonad development","4/325","71/11892",0.0563380281690141,2.06145178764897,1.50363643526389,0.129116725418943,0.363258535235251,0.296586273020985,"Ereg/Arid5b/Ubb/Inhba",4
"GO:0031110","regulation of microtubule polymerization or depolymerization","4/325","71/11892",0.0563380281690141,2.06145178764897,1.50363643526389,0.129116725418943,0.363258535235251,0.296586273020985,"Hspa1b/Mapre3/Ccdc88c/Fkbp4",4
"GO:0003176","aortic valve development","2/325","23/11892",0.0869565217391304,3.18180602006689,1.75555116381694,0.129495853309582,0.363258535235251,0.296586273020985,"Rb1/Tnfrsf1a",2
"GO:0003401","axis elongation","2/325","23/11892",0.0869565217391304,3.18180602006689,1.75555116381694,0.129495853309582,0.363258535235251,0.296586273020985,"Ppp2r3a/Tnc",2
"GO:0009161","ribonucleoside monophosphate metabolic process","2/325","23/11892",0.0869565217391304,3.18180602006689,1.75555116381694,0.129495853309582,0.363258535235251,0.296586273020985,"Upp1/Ada",2
"GO:0022617","extracellular matrix disassembly","2/325","23/11892",0.0869565217391304,3.18180602006689,1.75555116381694,0.129495853309582,0.363258535235251,0.296586273020985,"Fap/Adamts15",2
"GO:0030431","sleep","2/325","23/11892",0.0869565217391304,3.18180602006689,1.75555116381694,0.129495853309582,0.363258535235251,0.296586273020985,"Btbd9/Ada",2
"GO:0036314","response to sterol","2/325","23/11892",0.0869565217391304,3.18180602006689,1.75555116381694,0.129495853309582,0.363258535235251,0.296586273020985,"Inhba/Gramd1b",2
"GO:0050909","sensory perception of taste","2/325","23/11892",0.0869565217391304,3.18180602006689,1.75555116381694,0.129495853309582,0.363258535235251,0.296586273020985,"Cd36/Rtp4",2
"GO:0055094","response to lipoprotein particle","2/325","23/11892",0.0869565217391304,3.18180602006689,1.75555116381694,0.129495853309582,0.363258535235251,0.296586273020985,"Cd36/Lpl",2
"GO:0071404","cellular response to low-density lipoprotein particle stimulus","2/325","23/11892",0.0869565217391304,3.18180602006689,1.75555116381694,0.129495853309582,0.363258535235251,0.296586273020985,"Cd36/Lpl",2
"GO:0090322","regulation of superoxide metabolic process","2/325","23/11892",0.0869565217391304,3.18180602006689,1.75555116381694,0.129495853309582,0.363258535235251,0.296586273020985,"Cd36/Gch1",2
"GO:0097421","liver regeneration","2/325","23/11892",0.0869565217391304,3.18180602006689,1.75555116381694,0.129495853309582,0.363258535235251,0.296586273020985,"Sulf2/Slc7a5",2
"GO:1900242","regulation of synaptic vesicle endocytosis","2/325","23/11892",0.0869565217391304,3.18180602006689,1.75555116381694,0.129495853309582,0.363258535235251,0.296586273020985,"Btbd9/Sh3gl1",2
"GO:1904646","cellular response to amyloid-beta","2/325","23/11892",0.0869565217391304,3.18180602006689,1.75555116381694,0.129495853309582,0.363258535235251,0.296586273020985,"Cd36/Epha4",2
"GO:1905820","positive regulation of chromosome separation","2/325","23/11892",0.0869565217391304,3.18180602006689,1.75555116381694,0.129495853309582,0.363258535235251,0.296586273020985,"Rb1/Ncapg2",2
"GO:0045453","bone resorption","3/325","46/11892",0.0652173913043478,2.38635451505017,1.57909353359388,0.130451124843099,0.364827652634038,0.297867395516668,"Tfrc/Slc4a2/Trf",3
"GO:0046635","positive regulation of alpha-beta T cell activation","3/325","46/11892",0.0652173913043478,2.38635451505017,1.57909353359388,0.130451124843099,0.364827652634038,0.297867395516668,"Hsph1/Ada/H2-T23",3
"GO:0046637","regulation of alpha-beta T cell differentiation","3/325","46/11892",0.0652173913043478,2.38635451505017,1.57909353359388,0.130451124843099,0.364827652634038,0.297867395516668,"Ada/Slc4a2/Lgals1",3
"GO:0098869","cellular oxidant detoxification","3/325","46/11892",0.0652173913043478,2.38635451505017,1.57909353359388,0.130451124843099,0.364827652634038,0.297867395516668,"Cd36/Gch1/Ptgs2",3
"GO:0002285","lymphocyte activation involved in immune response","6/325","126/11892",0.0476190476190476,1.74241758241758,1.40429904778697,0.131120843796891,0.366422615796315,0.299169620059304,"Hspd1/Tfrc/Ada/Lgals1/Cd74/Icosl",6
"GO:0006641","triglyceride metabolic process","4/325","72/11892",0.0555555555555556,2.03282051282051,1.47340746900485,0.133958828358013,0.372939759310905,0.304490610809,"Sik1/Cideb/Lpl/Scd1",4
"GO:0008630","intrinsic apoptotic signaling pathway in response to DNA damage","4/325","72/11892",0.0555555555555556,2.03282051282051,1.47340746900485,0.133958828358013,0.372939759310905,0.304490610809,"Cd74/Hipk1/Tmem109/Tnfrsf1a",4
"GO:0019079","viral genome replication","4/325","72/11892",0.0555555555555556,2.03282051282051,1.47340746900485,0.133958828358013,0.372939759310905,0.304490610809,"Hspa8/Top2a/Isg15/Oas1g",4
"GO:0032602","chemokine production","4/325","72/11892",0.0555555555555556,2.03282051282051,1.47340746900485,0.133958828358013,0.372939759310905,0.304490610809,"Il1b/Cd74/Oas1g/Lpl",4
"GO:1904019","epithelial cell apoptotic process","4/325","72/11892",0.0555555555555556,2.03282051282051,1.47340746900485,0.133958828358013,0.372939759310905,0.304490610809,"Rb1/Prkaa2/Atoh1/Ppara",4
"GO:0019941","modification-dependent protein catabolic process","15/325","400/11892",0.0375,1.37215384615385,1.26909812063267,0.134203050025049,0.373045448619384,0.304576901962709,"Hspa1b/Hsp90ab1/Xpo1/Isg15/Ubb/Trf/Herc6/Spsb1/Ube2g2/Appbp2/Herc3/Ubd/Get4/Trib3/Rnf114",15
"GO:0031109","microtubule polymerization or depolymerization","5/325","99/11892",0.0505050505050505,1.84801864801865,1.42020603181299,0.134401615780397,0.373045448619384,0.304576901962709,"Hspa1b/Cryab/Mapre3/Ccdc88c/Fkbp4",5
"GO:0050731","positive regulation of peptidyl-tyrosine phosphorylation","5/325","99/11892",0.0505050505050505,1.84801864801865,1.42020603181299,0.134401615780397,0.373045448619384,0.304576901962709,"Cd36/Epha4/Cd74/Tgfa/Tnfrsf1a",5
"GO:0141193","nuclear receptor-mediated signaling pathway","5/325","99/11892",0.0505050505050505,1.84801864801865,1.42020603181299,0.134401615780397,0.373045448619384,0.304576901962709,"Dnaja1/Zfp366/Padi2/Fkbp4/Ppara",5
"GO:0000070","mitotic sister chromatid segregation","6/325","127/11892",0.047244094488189,1.72869775893398,1.38386533566816,0.13467687989111,0.37341445269257,0.304878179240957,"Hspa1b/Dusp1/Rb1/Rrs1/Phf13/Ncapg2",6
"GO:0000226","microtubule cytoskeleton organization","16/325","432/11892",0.037037037037037,1.35521367521367,1.26060708592821,0.134737173651958,0.37341445269257,0.304878179240957,"Hsph1/Chordc1/Hspa1b/Xpo1/Cryab/Mapre3/Ccdc88c/Prkaa2/Plk4/Tubb2a/Fignl2/Bicd2/Ezr/Dnm2/Haus8/Fkbp4",16
"GO:0015833","peptide transport","9/325","215/11892",0.0418604651162791,1.53170661896243,1.31876119313463,0.135337452963908,0.374514903622347,0.305776654041263,"Il1b/Glud1/Adra2a/Camk2n1/Gna11/Aqp1/Cd74/Cwh43/Cpe",9
"GO:0015980","energy derivation by oxidation of organic compounds","9/325","215/11892",0.0418604651162791,1.53170661896243,1.31876119313463,0.135337452963908,0.374514903622347,0.305776654041263,"mt-Co2/mt-Atp6/mt-Nd4/mt-Atp8/Adhfe1/Oas1g/mt-Nd1/mt-Cytb/mt-Co3",9
"GO:0072593","reactive oxygen species metabolic process","7/325","156/11892",0.0448717948717949,1.64189349112426,1.35271318429726,0.13566638350383,0.375086770048353,0.306243560433001,"Hspd1/Slc5a3/Cd36/Thbs1/Gch1/Cryab/Ppara",7
"GO:0007566","embryo implantation","3/325","47/11892",0.0638297872340425,2.33558101472995,1.53777266104629,0.136692348130005,0.375086770048353,0.306243560433001,"Ptgs2/Bsg/Fkbp4",3
"GO:0007622","rhythmic behavior","3/325","47/11892",0.0638297872340425,2.33558101472995,1.53777266104629,0.136692348130005,0.375086770048353,0.306243560433001,"Nr1d2/Btbd9/Ada",3
"GO:0043627","response to estrogen","3/325","47/11892",0.0638297872340425,2.33558101472995,1.53777266104629,0.136692348130005,0.375086770048353,0.306243560433001,"Zfp366/Aqp1/Hsp90aa1",3
"GO:0046503","glycerolipid catabolic process","3/325","47/11892",0.0638297872340425,2.33558101472995,1.53777266104629,0.136692348130005,0.375086770048353,0.306243560433001,"Abhd6/Abhd12/Lpl",3
"GO:0097352","autophagosome maturation","3/325","47/11892",0.0638297872340425,2.33558101472995,1.53777266104629,0.136692348130005,0.375086770048353,0.306243560433001,"Calm1/Igtp/Mcoln1",3
"GO:0043086","negative regulation of catalytic activity","10/325","246/11892",0.040650406504065,1.4874296435272,1.29488619447342,0.137368952374644,0.375086770048353,0.306243560433001,"Hspb1/Chordc1/Dnaja1/Serpinh1/Dusp1/Il1b/Rb1/Rrp1b/Spry4/Trib3",10
"GO:0043632","modification-dependent macromolecule catabolic process","15/325","402/11892",0.0373134328358209,1.36532721010333,1.24903766482713,0.138130130459986,0.375086770048353,0.306243560433001,"Hspa1b/Hsp90ab1/Xpo1/Isg15/Ubb/Trf/Herc6/Spsb1/Ube2g2/Appbp2/Herc3/Ubd/Get4/Trib3/Rnf114",15
"GO:0099175","regulation of postsynapse organization","6/325","128/11892",0.046875,1.71519230769231,1.3636119982775,0.138278284042124,0.375086770048353,0.306243560433001,"Hspa8/Epha4/Htr4/Srgap3/Arc/Lrrtm1",6
"GO:0003012","muscle system process","11/325","277/11892",0.0397111913357401,1.45306303804499,1.27887887200722,0.138340433160501,0.375086770048353,0.306243560433001,"Tpm3-rs7/Calm1/Adra2a/Nr4a1/Ada/Ptgs2/Sulf2/Hsp90aa1/Pde9a/Tnfrsf1a/Ppara",11
"GO:0006820","monoatomic anion transport","5/325","100/11892",0.05,1.82953846153846,1.39631464762386,0.138525847793924,0.375086770048353,0.306243560433001,"Cldn4/Slc4a2/Clca3a1/Slc1a4/Mcoln1",5
"GO:0031023","microtubule organizing center organization","5/325","100/11892",0.05,1.82953846153846,1.39631464762386,0.138525847793924,0.375086770048353,0.306243560433001,"Chordc1/Xpo1/Plk4/Dnm2/Haus8",5
"GO:0002230","positive regulation of defense response to virus by host","2/325","24/11892",0.0833333333333333,3.04923076923077,1.68441159563411,0.138834897039905,0.375086770048353,0.306243560433001,"Creb3/Hsp90aa1",2
"GO:0007131","reciprocal meiotic recombination","2/325","24/11892",0.0833333333333333,3.04923076923077,1.68441159563411,0.138834897039905,0.375086770048353,0.306243560433001,"Top2a/Topbp1",2
"GO:0032107","regulation of response to nutrient levels","2/325","24/11892",0.0833333333333333,3.04923076923077,1.68441159563411,0.138834897039905,0.375086770048353,0.306243560433001,"Nenf/Ppara",2
"GO:0032480","negative regulation of type I interferon production","2/325","24/11892",0.0833333333333333,3.04923076923077,1.68441159563411,0.138834897039905,0.375086770048353,0.306243560433001,"Xaf1/Igtp",2
"GO:0035020","regulation of Rac protein signal transduction","2/325","24/11892",0.0833333333333333,3.04923076923077,1.68441159563411,0.138834897039905,0.375086770048353,0.306243560433001,"Dynlt1a/Dnm2",2
"GO:0042092","type 2 immune response","2/325","24/11892",0.0833333333333333,3.04923076923077,1.68441159563411,0.138834897039905,0.375086770048353,0.306243560433001,"Ido1/Cd74",2
"GO:0044319","wound healing, spreading of cells","2/325","24/11892",0.0833333333333333,3.04923076923077,1.68441159563411,0.138834897039905,0.375086770048353,0.306243560433001,"Col5a1/Rhoc",2
"GO:0044743","protein transmembrane import into intracellular organelle","2/325","24/11892",0.0833333333333333,3.04923076923077,1.68441159563411,0.138834897039905,0.375086770048353,0.306243560433001,"Hspd1/Hspa8",2
"GO:0050951","sensory perception of temperature stimulus","2/325","24/11892",0.0833333333333333,3.04923076923077,1.68441159563411,0.138834897039905,0.375086770048353,0.306243560433001,"Btbd9/Adra2a",2
"GO:0051385","response to mineralocorticoid","2/325","24/11892",0.0833333333333333,3.04923076923077,1.68441159563411,0.138834897039905,0.375086770048353,0.306243560433001,"Fosb/Inhba",2
"GO:0090505","epiboly involved in wound healing","2/325","24/11892",0.0833333333333333,3.04923076923077,1.68441159563411,0.138834897039905,0.375086770048353,0.306243560433001,"Col5a1/Rhoc",2
"GO:0097242","amyloid-beta clearance","2/325","24/11892",0.0833333333333333,3.04923076923077,1.68441159563411,0.138834897039905,0.375086770048353,0.306243560433001,"Cd36/C5ar1",2
"GO:0140527","reciprocal homologous recombination","2/325","24/11892",0.0833333333333333,3.04923076923077,1.68441159563411,0.138834897039905,0.375086770048353,0.306243560433001,"Top2a/Topbp1",2
"GO:1901099","negative regulation of signal transduction in absence of ligand","2/325","24/11892",0.0833333333333333,3.04923076923077,1.68441159563411,0.138834897039905,0.375086770048353,0.306243560433001,"Hspa1b/Il1b",2
"GO:1902235","regulation of endoplasmic reticulum stress-induced intrinsic apoptotic signaling pathway","2/325","24/11892",0.0833333333333333,3.04923076923077,1.68441159563411,0.138834897039905,0.375086770048353,0.306243560433001,"Grina/Creb3",2
"GO:2001240","negative regulation of extrinsic apoptotic signaling pathway in absence of ligand","2/325","24/11892",0.0833333333333333,3.04923076923077,1.68441159563411,0.138834897039905,0.375086770048353,0.306243560433001,"Hspa1b/Il1b",2
"GO:0003333","amino acid transmembrane transport","4/325","73/11892",0.0547945205479452,2.00497365648051,1.44366438849018,0.138874241440897,0.375086770048353,0.306243560433001,"Slc1a4/Slc43a1/Slc47a1/Slc7a5",4
"GO:0009191","ribonucleoside diphosphate catabolic process","4/325","73/11892",0.0547945205479452,2.00497365648051,1.44366438849018,0.138874241440897,0.375086770048353,0.306243560433001,"Pklr/Prkaa2/Nudt5/Ppara",4
"GO:0046545","development of primary female sexual characteristics","4/325","73/11892",0.0547945205479452,2.00497365648051,1.44366438849018,0.138874241440897,0.375086770048353,0.306243560433001,"Ereg/Arid5b/Ubb/Inhba",4
"GO:0042098","T cell proliferation","7/325","157/11892",0.0445859872611465,1.63143557079863,1.33498942332203,0.138902181529029,0.375086770048353,0.306243560433001,"Il1b/Tfrc/Ido1/Slc4a2/Erbb2/H2-T23/Icosl",7
"GO:1902115","regulation of organelle assembly","7/325","157/11892",0.0445859872611465,1.63143557079863,1.33498942332203,0.138902181529029,0.375086770048353,0.306243560433001,"Hspa1b/Prkaa2/Wdpcp/Plk4/Ezr/Dnm2/Lrrtm1",7
"GO:1903047","mitotic cell cycle process","17/325","467/11892",0.0364025695931477,1.33199802338989,1.22689200449777,0.140419498739868,0.378906495135544,0.309362215378965,"Ereg/Hspa8/Hspa1b/Dusp1/Il1b/Calm1/Ctdspl/Topbp1/Rb1/Mki67/Rrs1/Rhoc/Ubd/Phf13/Inhba/Ncapg2/Tgfa",17
"GO:0032446","protein modification by small protein conjugation","18/325","500/11892",0.036,1.31726769230769,1.21493030729208,0.141924102106631,0.382407569997526,0.312220704978418,"Dnaja1/Hspa1b/Hsp90ab1/Isg15/Ubb/Rnf31/Herc6/Asb4/Hsp90aa1/Spsb1/Ube2g2/Appbp2/Herc3/Ubd/Trim59/Trib3/Hspa5/Rnf114",18
"GO:0098739","import across plasma membrane","6/325","129/11892",0.0465116279069767,1.70189624329159,1.34353574953839,0.141924458968154,0.382407569997526,0.312220704978418,"Cd36/Thbs1/Slc1a4/Slc43a1/Slc47a1/Slc7a5",6
"GO:0036294","cellular response to decreased oxygen levels","5/325","101/11892",0.0495049504950495,1.81142421934501,1.37269431740834,0.142705340039655,0.383434485696316,0.313059141161655,"Epha4/Ptgs2/Aqp1/Ndrg1/Inhba",5
"GO:0051961","negative regulation of nervous system development","5/325","101/11892",0.0495049504950495,1.81142421934501,1.37269431740834,0.142705340039655,0.383434485696316,0.313059141161655,"Il1b/Rb1/Btg2/Atoh1/B2m",5
"GO:0001523","retinoid metabolic process","3/325","48/11892",0.0625,2.28692307692308,1.49749199754445,0.14303375415964,0.383434485696316,0.313059141161655,"Ces2a/Lpl/Aldh1a1",3
"GO:0002763","positive regulation of myeloid leukocyte differentiation","3/325","48/11892",0.0625,2.28692307692308,1.49749199754445,0.14303375415964,0.383434485696316,0.313059141161655,"Rb1/Cd74/Jun",3
"GO:0006626","protein targeting to mitochondrion","3/325","48/11892",0.0625,2.28692307692308,1.49749199754445,0.14303375415964,0.383434485696316,0.313059141161655,"Bag3/Hspd1/Hsp90aa1",3
"GO:0007606","sensory perception of chemical stimulus","3/325","48/11892",0.0625,2.28692307692308,1.49749199754445,0.14303375415964,0.383434485696316,0.313059141161655,"Cd36/Rtp4/B2m",3
"GO:1901264","carbohydrate derivative transport","3/325","48/11892",0.0625,2.28692307692308,1.49749199754445,0.14303375415964,0.383434485696316,0.313059141161655,"Slc28a2/Psap/Slc29a4",3
"GO:0006821","chloride transport","4/325","74/11892",0.0540540540540541,1.97787941787942,1.41439162017645,0.143861092676524,0.384533711099106,0.313956615367491,"Cldn4/Slc4a2/Clca3a1/Slc1a4",4
"GO:0042102","positive regulation of T cell proliferation","4/325","74/11892",0.0540540540540541,1.97787941787942,1.41439162017645,0.143861092676524,0.384533711099106,0.313956615367491,"Il1b/Tfrc/H2-T23/Icosl",4
"GO:0048145","regulation of fibroblast proliferation","4/325","74/11892",0.0540540540540541,1.97787941787942,1.41439162017645,0.143861092676524,0.384533711099106,0.313956615367491,"Ereg/Aqp1/Cd74/Jun",4
"GO:1901800","positive regulation of proteasomal protein catabolic process","4/325","74/11892",0.0540540540540541,1.97787941787942,1.41439162017645,0.143861092676524,0.384533711099106,0.313956615367491,"Hspa1b/Usp13/Trf/Trib3",4
"GO:0048639","positive regulation of developmental growth","6/325","130/11892",0.0461538461538462,1.68880473372781,1.32363338945333,0.145614789594188,0.388939213365346,0.317553534286639,"Vil1/Lpar3/L1cam/Ezr/Slc23a2/Tnfrsf12a",6
"GO:0007507","heart development","16/325","438/11892",0.0365296803652968,1.33664910432034,1.20330696763805,0.146269561051907,0.390191229117772,0.318575755789391,"Cacybp/Sik1/Thbs1/Flrt3/Rb1/Gna11/Hexim1/Erbb2/Jun/Col5a1/Pdlim2/Dnm2/Inhba/Cpe/Tnfrsf1a/Ppara",16
"GO:0007178","cell surface receptor protein serine/threonine kinase signaling pathway","9/325","219/11892",0.0410958904109589,1.50373024236038,1.26115754433093,0.14638763020021,0.390191229117772,0.318575755789391,"Hsp90ab1/Thbs1/Bmp8b/Nrep/Jun/Dnm2/Inhba/Hspa5/Ppara",9
"GO:0009743","response to carbohydrate","8/325","189/11892",0.0423280423280423,1.54881562881563,1.27482118582736,0.146682415961201,0.390191229117772,0.318575755789391,"Il1b/Thbs1/Adra2a/Ptgs2/Camk2n1/Prkaa2/Hmgcs2/Ppara",8
"GO:0007043","cell-cell junction assembly","5/325","102/11892",0.0490196078431373,1.79366515837104,1.34933877617131,0.146939076333917,0.390191229117772,0.318575755789391,"Cldn2/Il1b/Cldn4/Hipk1/Rhoc",5
"GO:0019432","triglyceride biosynthetic process","2/325","25/11892",0.08,2.92726153846154,1.61689079973802,0.148314763384177,0.390191229117772,0.318575755789391,"Sik1/Lpl",2
"GO:0030521","androgen receptor signaling pathway","2/325","25/11892",0.08,2.92726153846154,1.61689079973802,0.148314763384177,0.390191229117772,0.318575755789391,"Dnaja1/Fkbp4",2
"GO:0032733","positive regulation of interleukin-10 production","2/325","25/11892",0.08,2.92726153846154,1.61689079973802,0.148314763384177,0.390191229117772,0.318575755789391,"Hspd1/Isg15",2
"GO:0034250","positive regulation of amide metabolic process","2/325","25/11892",0.08,2.92726153846154,1.61689079973802,0.148314763384177,0.390191229117772,0.318575755789391,"Epha4/Tnfrsf1a",2
"GO:0042745","circadian sleep/wake cycle","2/325","25/11892",0.08,2.92726153846154,1.61689079973802,0.148314763384177,0.390191229117772,0.318575755789391,"Btbd9/Ada",2
"GO:0048247","lymphocyte chemotaxis","2/325","25/11892",0.08,2.92726153846154,1.61689079973802,0.148314763384177,0.390191229117772,0.318575755789391,"Ccl7/Padi2",2
"GO:0050685","positive regulation of mRNA processing","2/325","25/11892",0.08,2.92726153846154,1.61689079973802,0.148314763384177,0.390191229117772,0.318575755789391,"Hspa8/Rbm3",2
"GO:0051642","centrosome localization","2/325","25/11892",0.08,2.92726153846154,1.61689079973802,0.148314763384177,0.390191229117772,0.318575755789391,"Bicd2/Ezr",2
"GO:0070293","renal absorption","2/325","25/11892",0.08,2.92726153846154,1.61689079973802,0.148314763384177,0.390191229117772,0.318575755789391,"Cldn4/Aqp1",2
"GO:0090317","negative regulation of intracellular protein transport","2/325","25/11892",0.08,2.92726153846154,1.61689079973802,0.148314763384177,0.390191229117772,0.318575755789391,"Cd36/Ube2g2",2
"GO:0090504","epiboly","2/325","25/11892",0.08,2.92726153846154,1.61689079973802,0.148314763384177,0.390191229117772,0.318575755789391,"Col5a1/Rhoc",2
"GO:0140448","signaling receptor ligand precursor processing","2/325","25/11892",0.08,2.92726153846154,1.61689079973802,0.148314763384177,0.390191229117772,0.318575755789391,"Cpe/Pcsk1n",2
"GO:1905314","semi-lunar valve development","2/325","25/11892",0.08,2.92726153846154,1.61689079973802,0.148314763384177,0.390191229117772,0.318575755789391,"Rb1/Tnfrsf1a",2
"GO:0099111","microtubule-based transport","7/325","160/11892",0.04375,1.60084615384615,1.28256017940018,0.148832364524067,0.390191229117772,0.318575755789391,"Hspb1/Hspa8/Ubb/Ccdc88c/Wdpcp/Cwh43/Bicd2",7
"GO:0048661","positive regulation of smooth muscle cell proliferation","4/325","75/11892",0.0533333333333333,1.95150769230769,1.38557430148894,0.148917479949869,0.390191229117772,0.318575755789391,"Ereg/Thbs1/Ptgs2/Jun",4
"GO:0061351","neural precursor cell proliferation","6/325","131/11892",0.0458015267175573,1.67591309453905,1.30390180119049,0.14934864365709,0.390191229117772,0.318575755789391,"Il1b/C5ar1/Trf/Erbb2/Btg2/Pde9a",6
"GO:0002562","somatic diversification of immune receptors via germline recombination within a single locus","3/325","49/11892",0.0612244897959184,2.24025117739403,1.45820077803568,0.149470975451518,0.390191229117772,0.318575755789391,"Hspd1/Tfrc/Icosl",3
"GO:0016444","somatic cell DNA recombination","3/325","49/11892",0.0612244897959184,2.24025117739403,1.45820077803568,0.149470975451518,0.390191229117772,0.318575755789391,"Hspd1/Tfrc/Icosl",3
"GO:0019369","arachidonate metabolic process","3/325","49/11892",0.0612244897959184,2.24025117739403,1.45820077803568,0.149470975451518,0.390191229117772,0.318575755789391,"Ptgs2/Cyp4f14/Cyp4a10",3
"GO:0030032","lamellipodium assembly","3/325","49/11892",0.0612244897959184,2.24025117739403,1.45820077803568,0.149470975451518,0.390191229117772,0.318575755789391,"Aqp1/Hsp90aa1/Dnm2",3
"GO:0030888","regulation of B cell proliferation","3/325","49/11892",0.0612244897959184,2.24025117739403,1.45820077803568,0.149470975451518,0.390191229117772,0.318575755789391,"Tfrc/Ada/Cd74",3
"GO:0034103","regulation of tissue remodeling","3/325","49/11892",0.0612244897959184,2.24025117739403,1.45820077803568,0.149470975451518,0.390191229117772,0.318575755789391,"Tfrc/Slc4a2/Trf",3
"GO:0042255","ribosome assembly","3/325","49/11892",0.0612244897959184,2.24025117739403,1.45820077803568,0.149470975451518,0.390191229117772,0.318575755789391,"Rrs1/Brix1/Rpsa",3
"GO:0045069","regulation of viral genome replication","3/325","49/11892",0.0612244897959184,2.24025117739403,1.45820077803568,0.149470975451518,0.390191229117772,0.318575755789391,"Top2a/Isg15/Oas1g",3
"GO:0050885","neuromuscular process controlling balance","3/325","49/11892",0.0612244897959184,2.24025117739403,1.45820077803568,0.149470975451518,0.390191229117772,0.318575755789391,"Psap/Cwh43/Abl2",3
"GO:0051298","centrosome duplication","3/325","49/11892",0.0612244897959184,2.24025117739403,1.45820077803568,0.149470975451518,0.390191229117772,0.318575755789391,"Chordc1/Xpo1/Plk4",3
"GO:0070059","intrinsic apoptotic signaling pathway in response to endoplasmic reticulum stress","3/325","49/11892",0.0612244897959184,2.24025117739403,1.45820077803568,0.149470975451518,0.390191229117772,0.318575755789391,"Grina/Creb3/Trib3",3
"GO:2000379","positive regulation of reactive oxygen species metabolic process","3/325","49/11892",0.0612244897959184,2.24025117739403,1.45820077803568,0.149470975451518,0.390191229117772,0.318575755789391,"Slc5a3/Cd36/Thbs1",3
"GO:0001654","eye development","11/325","282/11892",0.0390070921985816,1.42729950900164,1.21725436430407,0.150631486325946,0.392942433543834,0.32082200574059,"Ppp2r3a/Cryab/Aqp1/Efemp1/Wdpcp/Jun/Col5a1/Hipk1/Aldh1a1/Inhba/Bsg",11
"GO:0010508","positive regulation of autophagy","5/325","103/11892",0.0485436893203883,1.77625093353249,1.32624196645305,0.151226017394406,0.393935759799138,0.32163301746744,"Bag3/Rnf31/Plekhf1/Igtp/Prkaa2",5
"GO:2000058","regulation of ubiquitin-dependent protein catabolic process","5/325","103/11892",0.0485436893203883,1.77625093353249,1.32624196645305,0.151226017394406,0.393935759799138,0.32163301746744,"Hspa1b/Hsp90ab1/Xpo1/Trf/Trib3",5
"GO:1902105","regulation of leukocyte differentiation","9/325","221/11892",0.0407239819004525,1.49012182387748,1.23278302463923,0.15207876944891,0.39587736171517,0.323218258886733,"Hspb1/Ada/Slc4a2/Lgals1/Rb1/Erbb2/Cd74/Jun/Hsp90aa1",9
"GO:0043583","ear development","7/325","161/11892",0.0434782608695652,1.59090301003344,1.26532510582541,0.152215286703975,0.39595310288698,0.323280098567518,"H2-K1/Epha4/Psap/Wdpcp/H2-T23/Atoh1/Sparc",7
"GO:0051054","positive regulation of DNA metabolic process","8/325","191/11892",0.0418848167539267,1.53259766411599,1.24378396508004,0.152846310417894,0.397314175035514,0.324391360318284,"Cacybp/Ereg/Tfrc/Gch1/Rfc4/Wiz/Jun/Anxa3",8
"GO:0031589","cell-substrate adhesion","10/325","252/11892",0.0396825396825397,1.45201465201465,1.21567306714037,0.153084826691538,0.397653749954198,0.324668609852087,"Cd36/Thbs1/Lgals1/Cd96/Wdpcp/L1cam/Spry4/Dnm2/Tnfrsf12a/Antxr1",10
"GO:0000956","nuclear-transcribed mRNA catabolic process","4/325","76/11892",0.0526315789473684,1.92582995951417,1.35719823918801,0.154041473992207,0.399856952912166,0.326467438208836,"Rnps1/Etf1/Btg2/Dcp2",4
"GO:0050808","synapse organization","16/325","442/11892",0.0361990950226244,1.32455273233554,1.16555873463209,0.154253372115064,0.400125214367435,0.326686463111203,"Hspa8/C5ar1/Epha4/Flrt3/Rab39b/Htr4/Erbb2/C1qa/Srgap3/L1cam/Tnc/Arc/Ezr/Sparc/Lrrtm1/Abl2",16
"GO:0030856","regulation of epithelial cell differentiation","5/325","104/11892",0.0480769230769231,1.75917159763314,1.30339802946953,0.155565102094441,0.401546588560827,0.327846959104265,"Il1b/Apold1/Atoh1/Foxa3/Tnfrsf1a",5
"GO:0005996","monosaccharide metabolic process","7/325","162/11892",0.0432098765432099,1.58108262108262,1.24820779469841,0.155633907796214,0.401546588560827,0.327846959104265,"Sik1/Tff3/Oas1g/Slc23a2/Aldh1a1/Nudt5/Ppara",7
"GO:0006402","mRNA catabolic process","7/325","162/11892",0.0432098765432099,1.58108262108262,1.24820779469841,0.155633907796214,0.401546588560827,0.327846959104265,"Hspa1b/Elavl4/Rnps1/Etf1/Btg2/Fastk/Dcp2",7
"GO:0090068","positive regulation of cell cycle process","7/325","162/11892",0.0432098765432099,1.58108262108262,1.24820779469841,0.155633907796214,0.401546588560827,0.327846959104265,"Ereg/Il1b/Rb1/Wiz/Plk4/Ncapg2/Tgfa",7
"GO:0016101","diterpenoid metabolic process","3/325","50/11892",0.06,2.19544615384615,1.41985173062477,0.155999651334537,0.401546588560827,0.327846959104265,"Ces2a/Lpl/Aldh1a1",3
"GO:0019080","viral gene expression","3/325","50/11892",0.06,2.19544615384615,1.41985173062477,0.155999651334537,0.401546588560827,0.327846959104265,"Hexim1/Jun/Rrp1b",3
"GO:0032732","positive regulation of interleukin-1 production","3/325","50/11892",0.06,2.19544615384615,1.41985173062477,0.155999651334537,0.401546588560827,0.327846959104265,"Hspb1/Cd36/Lpl",3
"GO:0033138","positive regulation of peptidyl-serine phosphorylation","3/325","50/11892",0.06,2.19544615384615,1.41985173062477,0.155999651334537,0.401546588560827,0.327846959104265,"Tfrc/Ptgs2/Igtp",3
"GO:0070228","regulation of lymphocyte apoptotic process","3/325","50/11892",0.06,2.19544615384615,1.41985173062477,0.155999651334537,0.401546588560827,0.327846959104265,"Ido1/Ada/Cd74",3
"GO:0090559","regulation of membrane permeability","3/325","50/11892",0.06,2.19544615384615,1.41985173062477,0.155999651334537,0.401546588560827,0.327846959104265,"Hspa8/Erbb2/Dynlt1a",3
"GO:2001238","positive regulation of extrinsic apoptotic signaling pathway","3/325","50/11892",0.06,2.19544615384615,1.41985173062477,0.155999651334537,0.401546588560827,0.327846959104265,"Thbs1/Tnfrsf12a/Inhba",3
"GO:0045596","negative regulation of cell differentiation","16/325","443/11892",0.036117381489842,1.32156277131446,1.15617706632309,0.156285765110371,0.40172273401144,0.327990774920384,"Hspb1/Ereg/Il1b/Epha4/Slc4a2/Lgals1/Rb1/Erbb2/Efemp1/Cd74/Col5a1/Btg2/Atoh1/Trib3/B2m/Ppara",16
"GO:0007186","G protein-coupled receptor signaling pathway","17/325","476/11892",0.0357142857142857,1.30681318681319,1.14514642124919,0.157665084650007,0.40172273401144,0.327990774920384,"Ereg/C5ar1/Adra2a/Htr4/Ada/Abhd6/Psap/Ccl7/Gna11/Lpar3/Rgs12/Nmb/Padi2/Ezr/Dnm2/Pcsk1n/Abl2",17
"GO:0002548","monocyte chemotaxis","2/325","26/11892",0.0769230769230769,2.81467455621302,1.55265066700196,0.15792084687536,0.40172273401144,0.327990774920384,"Dusp1/Creb3",2
"GO:0006220","pyrimidine nucleotide metabolic process","2/325","26/11892",0.0769230769230769,2.81467455621302,1.55265066700196,0.15792084687536,0.40172273401144,0.327990774920384,"Tymp/Upp1",2
"GO:0007588","excretion","2/325","26/11892",0.0769230769230769,2.81467455621302,1.55265066700196,0.15792084687536,0.40172273401144,0.327990774920384,"Arid5b/Psap",2
"GO:0010935","regulation of macrophage cytokine production","2/325","26/11892",0.0769230769230769,2.81467455621302,1.55265066700196,0.15792084687536,0.40172273401144,0.327990774920384,"Cd36/Cd74",2
"GO:0033280","response to vitamin D","2/325","26/11892",0.0769230769230769,2.81467455621302,1.55265066700196,0.15792084687536,0.40172273401144,0.327990774920384,"Ptgs2/Tnc",2
"GO:0034389","lipid droplet organization","2/325","26/11892",0.0769230769230769,2.81467455621302,1.55265066700196,0.15792084687536,0.40172273401144,0.327990774920384,"Cideb/Prkaa2",2
"GO:0034505","tooth mineralization","2/325","26/11892",0.0769230769230769,2.81467455621302,1.55265066700196,0.15792084687536,0.40172273401144,0.327990774920384,"Slc4a2/Ppara",2
"GO:0035825","homologous recombination","2/325","26/11892",0.0769230769230769,2.81467455621302,1.55265066700196,0.15792084687536,0.40172273401144,0.327990774920384,"Top2a/Topbp1",2
"GO:0035987","endodermal cell differentiation","2/325","26/11892",0.0769230769230769,2.81467455621302,1.55265066700196,0.15792084687536,0.40172273401144,0.327990774920384,"Col5a1/Inhba",2
"GO:0048246","macrophage chemotaxis","2/325","26/11892",0.0769230769230769,2.81467455621302,1.55265066700196,0.15792084687536,0.40172273401144,0.327990774920384,"Thbs1/C5ar1",2
"GO:0048596","embryonic camera-type eye morphogenesis","2/325","26/11892",0.0769230769230769,2.81467455621302,1.55265066700196,0.15792084687536,0.40172273401144,0.327990774920384,"Hipk1/Aldh1a1",2
"GO:0060071","Wnt signaling pathway, planar cell polarity pathway","2/325","26/11892",0.0769230769230769,2.81467455621302,1.55265066700196,0.15792084687536,0.40172273401144,0.327990774920384,"Ccdc88c/Abl2",2
"GO:0061842","microtubule organizing center localization","2/325","26/11892",0.0769230769230769,2.81467455621302,1.55265066700196,0.15792084687536,0.40172273401144,0.327990774920384,"Bicd2/Ezr",2
"GO:0072337","modified amino acid transport","2/325","26/11892",0.0769230769230769,2.81467455621302,1.55265066700196,0.15792084687536,0.40172273401144,0.327990774920384,"Slc6a8/Slc1a4",2
"GO:1904645","response to amyloid-beta","2/325","26/11892",0.0769230769230769,2.81467455621302,1.55265066700196,0.15792084687536,0.40172273401144,0.327990774920384,"Cd36/Epha4",2
"GO:2000278","regulation of DNA biosynthetic process","4/325","77/11892",0.051948051948052,1.90081918081918,1.32924987069149,0.159231121272499,0.404776491731333,0.330484047708222,"Dusp1/Gch1/Rfc4/Dcp2",4
"GO:0170033","L-amino acid metabolic process","5/325","105/11892",0.0476190476190476,1.74241758241758,1.28080129671308,0.159955248707403,0.406337041168497,0.33175817480102,"P4ha1/Glud1/Cdo1/Ido1/Adhfe1",5
"GO:0010001","glial cell differentiation","8/325","194/11892",0.0412371134020619,1.50889770023791,1.19788753834579,0.162321786445759,0.412064810495226,0.336434672646386,"Il1b/C5ar1/Epha4/Erbb2/Ndrg1/C1qa/B4galt5/Abl2",8
"GO:0048588","developmental cell growth","7/325","164/11892",0.0426829268292683,1.56180112570356,1.21431973367379,0.162576408206148,0.412242430222689,0.336579692151432,"Flrt3/Lpar3/L1cam/Dnm2/Slc23a2/Tnfrsf12a/Ppara",7
"GO:0071806","protein transmembrane transport","3/325","51/11892",0.0588235294117647,2.15239819004525,1.38240077068277,0.162615435036297,0.412242430222689,0.336579692151432,"Hspd1/Hspa8/Hspa5",3
"GO:0071214","cellular response to abiotic stimulus","9/325","225/11892",0.04,1.46363076923077,1.17685894575867,0.163783838421973,0.414634085455627,0.338532384361207,"Bag3/Il1b/Cryab/Ptgs2/Gna11/Aqp1/Mcoln1/Tmem109/Tnfrsf1a",9
"GO:0104004","cellular response to environmental stimulus","9/325","225/11892",0.04,1.46363076923077,1.17685894575867,0.163783838421973,0.414634085455627,0.338532384361207,"Bag3/Il1b/Cryab/Ptgs2/Gna11/Aqp1/Mcoln1/Tmem109/Tnfrsf1a",9
"GO:1904659","D-glucose transmembrane transport","4/325","78/11892",0.0512820512820513,1.87644970414201,1.30171622810767,0.164484446808814,0.416111457626356,0.339738600495117,"Il1b/Slc2a9/Trib3/Slc5a4b",4
"GO:0031334","positive regulation of protein-containing complex assembly","6/325","135/11892",0.0444444444444444,1.62625641025641,1.22662358727191,0.164706081572668,0.416111457626356,0.339738600495117,"Hspa1b/Cd36/Tfrc/Isg15/Hsp90aa1/Rhoc",6
"GO:0050905","neuromuscular process","6/325","135/11892",0.0444444444444444,1.62625641025641,1.22662358727191,0.164706081572668,0.416111457626356,0.339738600495117,"Nr4a1/Gch1/Psap/Hsp90aa1/Cwh43/Abl2",6
"GO:0051668","localization within membrane","17/325","480/11892",0.0354166666666667,1.29592307692308,1.10932569730577,0.165683789859099,0.418294828370301,0.341521236630977,"Slc5a3/Psap/Vil1/Plekhf1/Erbb2/Pik3r2/Hsp90aa1/Cwh43/Rtp4/L1cam/Ezr/Dnm2/Get4/Cpe/Bsg/Hspa5/Tnfrsf1a",17
"GO:0001893","maternal placenta development","2/325","27/11892",0.0740740740740741,2.71042735042735,1.49139658916894,0.167639230712228,0.420638668757843,0.343434889904525,"Ptgs2/Bsg",2
"GO:0002313","mature B cell differentiation involved in immune response","2/325","27/11892",0.0740740740740741,2.71042735042735,1.49139658916894,0.167639230712228,0.420638668757843,0.343434889904525,"Ada/Lgals1",2
"GO:0007595","lactation","2/325","27/11892",0.0740740740740741,2.71042735042735,1.49139658916894,0.167639230712228,0.420638668757843,0.343434889904525,"mt-Co2/Cdo1",2
"GO:0009268","response to pH","2/325","27/11892",0.0740740740740741,2.71042735042735,1.49139658916894,0.167639230712228,0.420638668757843,0.343434889904525,"Gna11/Mcoln1",2
"GO:0030520","estrogen receptor signaling pathway","2/325","27/11892",0.0740740740740741,2.71042735042735,1.49139658916894,0.167639230712228,0.420638668757843,0.343434889904525,"Zfp366/Padi2",2
"GO:0032094","response to food","2/325","27/11892",0.0740740740740741,2.71042735042735,1.49139658916894,0.167639230712228,0.420638668757843,0.343434889904525,"Nenf/Ppara",2
"GO:0042398","modified amino acid biosynthetic process","2/325","27/11892",0.0740740740740741,2.71042735042735,1.49139658916894,0.167639230712228,0.420638668757843,0.343434889904525,"Gch1/Hagh",2
"GO:0060292","long-term synaptic depression","2/325","27/11892",0.0740740740740741,2.71042735042735,1.49139658916894,0.167639230712228,0.420638668757843,0.343434889904525,"Abhd6/Arc",2
"GO:1903580","positive regulation of ATP metabolic process","2/325","27/11892",0.0740740740740741,2.71042735042735,1.49139658916894,0.167639230712228,0.420638668757843,0.343434889904525,"Prkaa2/Ppara",2
"GO:0051345","positive regulation of hydrolase activity","6/325","136/11892",0.0441176470588235,1.61429864253394,1.20770182718337,0.168647510008613,0.422657810862787,0.345083439831141,"Cldn4/Calm1/Epha4/Psap/Rhoc/Antxr1",6
"GO:0050767","regulation of neurogenesis","11/325","289/11892",0.0380622837370242,1.39272824061751,1.13291260665398,0.168751297700857,0.422657810862787,0.345083439831141,"Il1b/Epha4/Rb1/Trf/Btg2/Lpar3/L1cam/Atoh1/Slc7a5/Tnfrsf12a/B2m",11
"GO:0098813","nuclear chromosome segregation","8/325","196/11892",0.0408163265306122,1.49350078492936,1.16771727704652,0.168787926638639,0.422657810862787,0.345083439831141,"Hspa1b/Dusp1/Gem/Top2a/Rb1/Rrs1/Phf13/Ncapg2",8
"GO:0014009","glial cell proliferation","3/325","52/11892",0.0576923076923077,2.11100591715976,1.3458067272071,0.169314000269667,0.423112816945081,0.345454934359307,"Il1b/Rb1/Slc7a5",3
"GO:0032436","positive regulation of proteasomal ubiquitin-dependent protein catabolic process","3/325","52/11892",0.0576923076923077,2.11100591715976,1.3458067272071,0.169314000269667,0.423112816945081,0.345454934359307,"Hspa1b/Trf/Trib3",3
"GO:0046888","negative regulation of hormone secretion","3/325","52/11892",0.0576923076923077,2.11100591715976,1.3458067272071,0.169314000269667,0.423112816945081,0.345454934359307,"Il1b/Adra2a/Nmb",3
"GO:0006275","regulation of DNA replication","4/325","79/11892",0.0506329113924051,1.85269717624148,1.27458490475652,0.169799456898913,0.423464680737072,0.345742217273692,"Cacybp/Ereg/Wiz/Jun",4
"GO:0032612","interleukin-1 production","4/325","79/11892",0.0506329113924051,1.85269717624148,1.27458490475652,0.169799456898913,0.423464680737072,0.345742217273692,"Hspb1/Cd36/Il1b/Lpl",4
"GO:0051224","negative regulation of protein transport","4/325","79/11892",0.0506329113924051,1.85269717624148,1.27458490475652,0.169799456898913,0.423464680737072,0.345742217273692,"Cd36/Il1b/Adra2a/Ube2g2",4
"GO:0006939","smooth muscle contraction","4/325","80/11892",0.05,1.82953846153846,1.24784402397772,0.175174141769369,0.43627830173101,0.356204033654784,"Adra2a/Ada/Ptgs2/Sulf2",4
"GO:0061387","regulation of extent of cell growth","4/325","80/11892",0.05,1.82953846153846,1.24784402397772,0.175174141769369,0.43627830173101,0.356204033654784,"Lpar3/L1cam/Dnm2/Tnfrsf12a",4
"GO:0050766","positive regulation of phagocytosis","3/325","53/11892",0.0566037735849057,2.07117561683599,1.31003109748074,0.176091047341651,0.438265766712576,0.357826720458993,"Hspa8/Cd36/Dnm2",3
"GO:0002021","response to dietary excess","2/325","28/11892",0.0714285714285714,2.61362637362637,1.43287047007805,0.177456660219241,0.438702380662725,0.358183198536348,"Bmp8b/Pcsk1n",2
"GO:0002717","positive regulation of natural killer cell mediated immunity","2/325","28/11892",0.0714285714285714,2.61362637362637,1.43287047007805,0.177456660219241,0.438702380662725,0.358183198536348,"H2-T23/Ulbp1",2
"GO:0003009","skeletal muscle contraction","2/325","28/11892",0.0714285714285714,2.61362637362637,1.43287047007805,0.177456660219241,0.438702380662725,0.358183198536348,"Nr4a1/Hsp90aa1",2
"GO:0030195","negative regulation of blood coagulation","2/325","28/11892",0.0714285714285714,2.61362637362637,1.43287047007805,0.177456660219241,0.438702380662725,0.358183198536348,"Thbs1/Thbd",2
"GO:0036323","vascular endothelial growth factor receptor-1 signaling pathway","2/325","28/11892",0.0714285714285714,2.61362637362637,1.43287047007805,0.177456660219241,0.438702380662725,0.358183198536348,"Epha4/Erbb2",2
"GO:0040018","positive regulation of multicellular organism growth","2/325","28/11892",0.0714285714285714,2.61362637362637,1.43287047007805,0.177456660219241,0.438702380662725,0.358183198536348,"Vil1/Ezr",2
"GO:0042832","defense response to protozoan","2/325","28/11892",0.0714285714285714,2.61362637362637,1.43287047007805,0.177456660219241,0.438702380662725,0.358183198536348,"Igtp/Tgtp1",2
"GO:0044273","sulfur compound catabolic process","2/325","28/11892",0.0714285714285714,2.61362637362637,1.43287047007805,0.177456660219241,0.438702380662725,0.358183198536348,"Dpep1/Cdo1",2
"GO:0045954","positive regulation of natural killer cell mediated cytotoxicity","2/325","28/11892",0.0714285714285714,2.61362637362637,1.43287047007805,0.177456660219241,0.438702380662725,0.358183198536348,"H2-T23/Ulbp1",2
"GO:1905710","positive regulation of membrane permeability","2/325","28/11892",0.0714285714285714,2.61362637362637,1.43287047007805,0.177456660219241,0.438702380662725,0.358183198536348,"Hspa8/Erbb2",2
"GO:2001235","positive regulation of apoptotic signaling pathway","5/325","109/11892",0.0458715596330275,1.67847565278758,1.19277926251092,0.178004167466566,0.439760966006544,0.359047491736217,"Thbs1/Ubb/Plekhf1/Tnfrsf12a/Inhba",5
"GO:1902903","regulation of supramolecular fiber organization","10/325","261/11892",0.0383141762452107,1.40194518125553,1.10057350765143,0.178267542794892,0.440116652874729,0.359337896041594,"Hspa8/Hspa1b/Cryab/Mapre3/Vil1/Rb1/Ccdc88c/Pik3r2/Rhoc/Fkbp4",10
"GO:0002573","myeloid leukocyte differentiation","7/325","169/11892",0.0414201183431953,1.51559399180701,1.13154627676974,0.180524064223166,0.444942944807823,0.363278373134639,"Tfrc/Slc4a2/Rb1/Trf/Cd74/Jun/Ubd",7
"GO:0098661","inorganic anion transmembrane transport","4/325","81/11892",0.0493827160493827,1.80695156695157,1.22148221004268,0.180606478142806,0.444942944807823,0.363278373134639,"Cldn4/Slc4a2/Clca3a1/Slc1a4",4
"GO:0120034","positive regulation of plasma membrane bounded cell projection assembly","4/325","81/11892",0.0493827160493827,1.80695156695157,1.22148221004268,0.180606478142806,0.444942944807823,0.363278373134639,"Espn/Aqp1/Hsp90aa1/Dnm2",4
"GO:0045216","cell-cell junction organization","6/325","139/11892",0.0431654676258993,1.57945766463752,1.15184819495878,0.180705260004696,0.444942944807823,0.363278373134639,"Cldn2/Il1b/Cldn4/Epha4/Hipk1/Rhoc",6
"GO:0030968","endoplasmic reticulum unfolded protein response","3/325","54/11892",0.0555555555555556,2.03282051282051,1.27503782662754,0.182942308808464,0.449550233512,0.367040042725193,"Creb3/Igtp/Hspa5",3
"GO:0048525","negative regulation of viral process","3/325","54/11892",0.0555555555555556,2.03282051282051,1.27503782662754,0.182942308808464,0.449550233512,0.367040042725193,"Isg15/Hexim1/Oas1g",3
"GO:1905818","regulation of chromosome separation","3/325","54/11892",0.0555555555555556,2.03282051282051,1.27503782662754,0.182942308808464,0.449550233512,0.367040042725193,"Dusp1/Rb1/Ncapg2",3
"GO:0046660","female sex differentiation","4/325","82/11892",0.0487804878048781,1.78491557223265,1.19548856100427,0.186094431723012,0.454947869914609,0.371447000053079,"Ereg/Arid5b/Ubb/Inhba",4
"GO:0043393","regulation of protein binding","5/325","111/11892",0.045045045045045,1.64823284823285,1.15011680212982,0.187305564326347,0.454947869914609,0.371447000053079,"Mapre3/Gtf2f1/Trib3/B2m/Abl2",5
"GO:0071453","cellular response to oxygen levels","5/325","111/11892",0.045045045045045,1.64823284823285,1.15011680212982,0.187305564326347,0.454947869914609,0.371447000053079,"Epha4/Ptgs2/Aqp1/Ndrg1/Inhba",5
"GO:0002369","T cell cytokine production","2/325","29/11892",0.0689655172413793,2.52350132625995,1.3768450661023,0.187360517235588,0.454947869914609,0.371447000053079,"Il1b/B2m",2
"GO:0002714","positive regulation of B cell mediated immunity","2/325","29/11892",0.0689655172413793,2.52350132625995,1.3768450661023,0.187360517235588,0.454947869914609,0.371447000053079,"Tfrc/H2-T23",2
"GO:0002891","positive regulation of immunoglobulin mediated immune response","2/325","29/11892",0.0689655172413793,2.52350132625995,1.3768450661023,0.187360517235588,0.454947869914609,0.371447000053079,"Tfrc/H2-T23",2
"GO:0003351","epithelial cilium movement involved in extracellular fluid movement","2/325","29/11892",0.0689655172413793,2.52350132625995,1.3768450661023,0.187360517235588,0.454947869914609,0.371447000053079,"Ccdc88c/Cwh43",2
"GO:0006984","ER-nucleus signaling pathway","2/325","29/11892",0.0689655172413793,2.52350132625995,1.3768450661023,0.187360517235588,0.454947869914609,0.371447000053079,"Igtp/Hspa5",2
"GO:0036215","response to stem cell factor","2/325","29/11892",0.0689655172413793,2.52350132625995,1.3768450661023,0.187360517235588,0.454947869914609,0.371447000053079,"Epha4/Erbb2",2
"GO:0036216","cellular response to stem cell factor stimulus","2/325","29/11892",0.0689655172413793,2.52350132625995,1.3768450661023,0.187360517235588,0.454947869914609,0.371447000053079,"Epha4/Erbb2",2
"GO:0038109","Kit signaling pathway","2/325","29/11892",0.0689655172413793,2.52350132625995,1.3768450661023,0.187360517235588,0.454947869914609,0.371447000053079,"Epha4/Erbb2",2
"GO:0038145","macrophage colony-stimulating factor signaling pathway","2/325","29/11892",0.0689655172413793,2.52350132625995,1.3768450661023,0.187360517235588,0.454947869914609,0.371447000053079,"Epha4/Erbb2",2
"GO:0043243","positive regulation of protein-containing complex disassembly","2/325","29/11892",0.0689655172413793,2.52350132625995,1.3768450661023,0.187360517235588,0.454947869914609,0.371447000053079,"Vil1/Igtp",2
"GO:0071402","cellular response to lipoprotein particle stimulus","2/325","29/11892",0.0689655172413793,2.52350132625995,1.3768450661023,0.187360517235588,0.454947869914609,0.371447000053079,"Cd36/Lpl",2
"GO:1900047","negative regulation of hemostasis","2/325","29/11892",0.0689655172413793,2.52350132625995,1.3768450661023,0.187360517235588,0.454947869914609,0.371447000053079,"Thbs1/Thbd",2
"GO:1903421","regulation of synaptic vesicle recycling","2/325","29/11892",0.0689655172413793,2.52350132625995,1.3768450661023,0.187360517235588,0.454947869914609,0.371447000053079,"Btbd9/Sh3gl1",2
"GO:1905521","regulation of macrophage migration","2/325","29/11892",0.0689655172413793,2.52350132625995,1.3768450661023,0.187360517235588,0.454947869914609,0.371447000053079,"Thbs1/C5ar1",2
"GO:2000403","positive regulation of lymphocyte migration","2/325","29/11892",0.0689655172413793,2.52350132625995,1.3768450661023,0.187360517235588,0.454947869914609,0.371447000053079,"Ccl7/Abl2",2
"GO:0034284","response to monosaccharide","7/325","171/11892",0.0409356725146199,1.4978677462888,1.09918354038497,0.187928981764493,0.455727780778896,0.372083766526791,"Thbs1/Adra2a/Ptgs2/Camk2n1/Prkaa2/Hmgcs2/Ppara",7
"GO:0051259","protein complex oligomerization","7/325","171/11892",0.0409356725146199,1.4978677462888,1.09918354038497,0.187928981764493,0.455727780778896,0.372083766526791,"Isg15/Cd74/Oas1g/Samhd1/Mcoln1/Arc/B2m",7
"GO:0051091","positive regulation of DNA-binding transcription factor activity","6/325","141/11892",0.0425531914893617,1.55705400981997,1.11534686315746,0.188930809546225,0.45785599210216,0.373821367170253,"Hspa1b/Il1b/Tfrc/Arid5b/Rnf31/Anxa3",6
"GO:0014823","response to activity","3/325","55/11892",0.0545454545454545,1.99586013986014,1.24079310912501,0.18986355469979,0.458909549261262,0.37468155505553,"Hspa8/Prkaa2/Slc7a5",3
"GO:0042267","natural killer cell mediated cytotoxicity","3/325","55/11892",0.0545454545454545,1.99586013986014,1.24079310912501,0.18986355469979,0.458909549261262,0.37468155505553,"Gzmb/H2-T23/Ulbp1",3
"GO:1990868","response to chemokine","3/325","55/11892",0.0545454545454545,1.99586013986014,1.24079310912501,0.18986355469979,0.458909549261262,0.37468155505553,"Dusp1/Ccl7/Padi2",3
"GO:1990869","cellular response to chemokine","3/325","55/11892",0.0545454545454545,1.99586013986014,1.24079310912501,0.18986355469979,0.458909549261262,0.37468155505553,"Dusp1/Ccl7/Padi2",3
"GO:0009185","ribonucleoside diphosphate metabolic process","4/325","83/11892",0.0481927710843374,1.76341056533828,1.16985262333325,0.191635959597914,0.462284127668789,0.37743676528688,"Pklr/Prkaa2/Nudt5/Ppara",4
"GO:0051092","positive regulation of NF-kappaB transcription factor activity","4/325","83/11892",0.0481927710843374,1.76341056533828,1.16985262333325,0.191635959597914,0.462284127668789,0.37743676528688,"Hspa1b/Il1b/Tfrc/Rnf31",4
"GO:1903052","positive regulation of proteolysis involved in protein catabolic process","4/325","83/11892",0.0481927710843374,1.76341056533828,1.16985262333325,0.191635959597914,0.462284127668789,0.37743676528688,"Hspa1b/Usp13/Trf/Trib3",4
"GO:0051302","regulation of cell division","5/325","112/11892",0.0446428571428571,1.63351648351648,1.12910618835955,0.192021381225061,0.462910929493508,0.377948524265911,"Ereg/Il1b/Calm1/Susd2/Tgfa",5
"GO:0044089","positive regulation of cellular component biogenesis","13/325","362/11892",0.0359116022099447,1.31403314917127,1.0170812034852,0.192611395506125,0.464029806428481,0.378862043173038,"Hspa1b/Cd36/Flrt3/Espn/Tfrc/Isg15/Vil1/Aqp1/Plk4/Hsp90aa1/Rhoc/Dnm2/Lrrtm1",13
"GO:0046879","hormone secretion","9/325","235/11892",0.0382978723404255,1.40134860883797,1.04160437916514,0.194829801368041,0.469067699439973,0.382975284204496,"Il1b/Glud1/Adra2a/Camk2n1/Gna11/Aqp1/Nmb/Inhba/Cpe",9
"GO:0035023","regulation of Rho protein signal transduction","3/325","56/11892",0.0535714285714286,1.96021978021978,1.20726520972959,0.196850597334132,0.469587346581175,0.38339955560887,"Erbb2/Cdc42se2/Abl2",3
"GO:0009791","post-embryonic development","4/325","84/11892",0.0476190476190476,1.74241758241758,1.1445643682036,0.197229012560517,0.469587346581175,0.38339955560887,"Arid5b/Selenop/Nr4a2/Abl2",4
"GO:0016241","regulation of macroautophagy","4/325","84/11892",0.0476190476190476,1.74241758241758,1.1445643682036,0.197229012560517,0.469587346581175,0.38339955560887,"Bag3/Rnf31/Igtp/Prkaa2",4
"GO:0051983","regulation of chromosome segregation","4/325","84/11892",0.0476190476190476,1.74241758241758,1.1445643682036,0.197229012560517,0.469587346581175,0.38339955560887,"Dusp1/Rb1/Mki67/Ncapg2",4
"GO:0008217","regulation of blood pressure","6/325","143/11892",0.041958041958042,1.53527703066165,1.07941059554478,0.197298785765552,0.469587346581175,0.38339955560887,"Gch1/Ptgs2/Camk2n1/Gna11/Scpep1/Ppara",6
"GO:0001782","B cell homeostasis","2/325","30/11892",0.0666666666666667,2.43938461538462,1.3231193665176,0.19733879540267,0.469587346581175,0.38339955560887,"Ada/Cd74",2
"GO:0001937","negative regulation of endothelial cell proliferation","2/325","30/11892",0.0666666666666667,2.43938461538462,1.3231193665176,0.19733879540267,0.469587346581175,0.38339955560887,"Thbs1/Sparc",2
"GO:0006623","protein targeting to vacuole","2/325","30/11892",0.0666666666666667,2.43938461538462,1.3231193665176,0.19733879540267,0.469587346581175,0.38339955560887,"Hspa8/Igtp",2
"GO:0010712","regulation of collagen metabolic process","2/325","30/11892",0.0666666666666667,2.43938461538462,1.3231193665176,0.19733879540267,0.469587346581175,0.38339955560887,"Fap/Inhba",2
"GO:0022602","ovulation cycle process","2/325","30/11892",0.0666666666666667,2.43938461538462,1.3231193665176,0.19733879540267,0.469587346581175,0.38339955560887,"Ereg/Inhba",2
"GO:0032715","negative regulation of interleukin-6 production","2/325","30/11892",0.0666666666666667,2.43938461538462,1.3231193665176,0.19733879540267,0.469587346581175,0.38339955560887,"Nmb/Tnfrsf1a",2
"GO:0032814","regulation of natural killer cell activation","2/325","30/11892",0.0666666666666667,2.43938461538462,1.3231193665176,0.19733879540267,0.469587346581175,0.38339955560887,"H2-T23/Ulbp1",2
"GO:0042572","retinol metabolic process","2/325","30/11892",0.0666666666666667,2.43938461538462,1.3231193665176,0.19733879540267,0.469587346581175,0.38339955560887,"Ces2a/Aldh1a1",2
"GO:0045981","positive regulation of nucleotide metabolic process","2/325","30/11892",0.0666666666666667,2.43938461538462,1.3231193665176,0.19733879540267,0.469587346581175,0.38339955560887,"Prkaa2/Ppara",2
"GO:0048265","response to pain","2/325","30/11892",0.0666666666666667,2.43938461538462,1.3231193665176,0.19733879540267,0.469587346581175,0.38339955560887,"Thbs1/Gch1",2
"GO:0050819","negative regulation of coagulation","2/325","30/11892",0.0666666666666667,2.43938461538462,1.3231193665176,0.19733879540267,0.469587346581175,0.38339955560887,"Thbs1/Thbd",2
"GO:1900544","positive regulation of purine nucleotide metabolic process","2/325","30/11892",0.0666666666666667,2.43938461538462,1.3231193665176,0.19733879540267,0.469587346581175,0.38339955560887,"Prkaa2/Ppara",2
"GO:1902742","apoptotic process involved in development","2/325","30/11892",0.0666666666666667,2.43938461538462,1.3231193665176,0.19733879540267,0.469587346581175,0.38339955560887,"Cryab/Tnfrsf1a",2
"GO:0048167","regulation of synaptic plasticity","7/325","174/11892",0.0402298850574713,1.4720424403183,1.05140351943857,0.199264901236831,0.473864790941264,0.386891920296163,"Epha4/Abhd6/Ptgs2/Arc/Pde9a/Ywhag/Lrrtm1",7
"GO:0062012","regulation of small molecule metabolic process","9/325","237/11892",0.0379746835443038,1.38952288218111,1.01529327916603,0.20132581684101,0.47843766509353,0.390625491761831,"Sik1/Il1b/Tff3/Ptgs2/Prkaa2/Cd74/Trib3/Lpcat3/Ppara",9
"GO:0016052","carbohydrate catabolic process","5/325","114/11892",0.043859649122807,1.60485829959514,1.0877041790972,0.201577236541034,0.47843766509353,0.390625491761831,"Pklr/Prkaa2/Aldh1a1/Nudt5/Ppara",5
"GO:1901991","negative regulation of mitotic cell cycle phase transition","5/325","114/11892",0.043859649122807,1.60485829959514,1.0877041790972,0.201577236541034,0.47843766509353,0.390625491761831,"Dusp1/Ctdspl/Topbp1/Rb1/Inhba",5
"GO:0072657","protein localization to membrane","15/325","431/11892",0.0348027842227378,1.27346064608246,0.969310052217023,0.201992785447869,0.479115448623452,0.391178875293272,"Slc5a3/Vil1/Plekhf1/Erbb2/Pik3r2/Hsp90aa1/Cwh43/Rtp4/L1cam/Ezr/Get4/Cpe/Bsg/Hspa5/Tnfrsf1a",15
"GO:0050678","regulation of epithelial cell proliferation","10/325","269/11892",0.0371747211895911,1.36025164426651,1.00175955854912,0.202161495582746,0.479207249336336,0.391253826956217,"Thbs1/C5ar1/Nr4a1/Sulf2/Rb1/Erbb2/Jun/Sparc/B2m/Tgfa",10
"GO:0045787","positive regulation of cell cycle","8/325","206/11892",0.0388349514563107,1.42100074682599,1.02170151578549,0.202797014436267,0.479349029913537,0.391369585207985,"Ereg/Il1b/Mapre3/Rb1/Wiz/Plk4/Ncapg2/Tgfa",8
"GO:0090287","regulation of cellular response to growth factor stimulus","8/325","206/11892",0.0388349514563107,1.42100074682599,1.02170151578549,0.202797014436267,0.479349029913537,0.391369585207985,"Hsp90ab1/Thbs1/Sulf2/Nrep/Spry4/Dnm2/Hspa5/Ppara",8
"GO:0007200","phospholipase C-activating G protein-coupled receptor signaling pathway","4/325","85/11892",0.0470588235294118,1.7219185520362,1.11961416930117,0.202871537348106,0.479349029913537,0.391369585207985,"C5ar1/Adra2a/Gna11/Abl2",4
"GO:0060291","long-term synaptic potentiation","4/325","85/11892",0.0470588235294118,1.7219185520362,1.11961416930117,0.202871537348106,0.479349029913537,0.391369585207985,"Epha4/Arc/Pde9a/Lrrtm1",4
"GO:1903313","positive regulation of mRNA metabolic process","4/325","85/11892",0.0470588235294118,1.7219185520362,1.11961416930117,0.202871537348106,0.479349029913537,0.391369585207985,"Hspa8/Btg2/Dcp2/Rbm3",4
"GO:0014015","positive regulation of gliogenesis","3/325","57/11892",0.0526315789473684,1.92582995951417,1.17442430160431,0.203899295746292,0.47993154796988,0.391845188235967,"Il1b/Trf/Slc7a5",3
"GO:0030101","natural killer cell activation","3/325","57/11892",0.0526315789473684,1.92582995951417,1.17442430160431,0.203899295746292,0.47993154796988,0.391845188235967,"Nfil3/H2-T23/Ulbp1",3
"GO:0043502","regulation of muscle adaptation","3/325","57/11892",0.0526315789473684,1.92582995951417,1.17442430160431,0.203899295746292,0.47993154796988,0.391845188235967,"Pde9a/Tnfrsf1a/Ppara",3
"GO:0045995","regulation of embryonic development","3/325","57/11892",0.0526315789473684,1.92582995951417,1.17442430160431,0.203899295746292,0.47993154796988,0.391845188235967,"Wdpcp/B4galt5/Hspa5",3
"GO:0050871","positive regulation of B cell activation","3/325","57/11892",0.0526315789473684,1.92582995951417,1.17442430160431,0.203899295746292,0.47993154796988,0.391845188235967,"Tfrc/Ada/Cd74",3
"GO:0051781","positive regulation of cell division","3/325","57/11892",0.0526315789473684,1.92582995951417,1.17442430160431,0.203899295746292,0.47993154796988,0.391845188235967,"Ereg/Il1b/Tgfa",3
"GO:1903828","negative regulation of protein localization","6/325","145/11892",0.0413793103448276,1.51410079575597,1.04402114592697,0.205802826426594,0.484102883349347,0.395250919123792,"Bag3/Dnaja1/Cd36/Il1b/Adra2a/Ube2g2",6
"GO:0055088","lipid homeostasis","5/325","115/11892",0.0434782608695652,1.59090301003344,1.0673043688912,0.206414839330623,0.485027259718642,0.396005635986977,"Nr1d2/Prkaa2/Lpl/Scd1/Gramd1b",5
"GO:0006650","glycerophospholipid metabolic process","7/325","176/11892",0.0397727272727273,1.45531468531469,1.02004378135297,0.206967977414901,0.485027259718642,0.396005635986977,"Pnpla6/Abhd6/Abhd12/Pgap1/Cwh43/Lpcat3/Pigz",7
"GO:0000288","nuclear-transcribed mRNA catabolic process, deadenylation-dependent decay","2/325","31/11892",0.0645161290322581,2.36069478908189,1.27151479488482,0.207380076320288,0.485027259718642,0.396005635986977,"Btg2/Dcp2",2
"GO:0001562","response to protozoan","2/325","31/11892",0.0645161290322581,2.36069478908189,1.27151479488482,0.207380076320288,0.485027259718642,0.396005635986977,"Igtp/Tgtp1",2
"GO:0006858","extracellular transport","2/325","31/11892",0.0645161290322581,2.36069478908189,1.27151479488482,0.207380076320288,0.485027259718642,0.396005635986977,"Ccdc88c/Cwh43",2
"GO:0030330","DNA damage response, signal transduction by p53 class mediator","2/325","31/11892",0.0645161290322581,2.36069478908189,1.27151479488482,0.207380076320288,0.485027259718642,0.396005635986977,"Ndrg1/Cd74",2
"GO:0035640","exploration behavior","2/325","31/11892",0.0645161290322581,2.36069478908189,1.27151479488482,0.207380076320288,0.485027259718642,0.396005635986977,"Lrrtm1/Abl2",2
"GO:0036006","cellular response to macrophage colony-stimulating factor stimulus","2/325","31/11892",0.0645161290322581,2.36069478908189,1.27151479488482,0.207380076320288,0.485027259718642,0.396005635986977,"Epha4/Erbb2",2
"GO:0046640","regulation of alpha-beta T cell proliferation","2/325","31/11892",0.0645161290322581,2.36069478908189,1.27151479488482,0.207380076320288,0.485027259718642,0.396005635986977,"Slc4a2/H2-T23",2
"GO:0051962","positive regulation of nervous system development","9/325","239/11892",0.0376569037656904,1.37789507563566,0.989217548733955,0.207911453780901,0.485961711246926,0.396768578820276,"Il1b/Epha4/Flrt3/Trf/Lpar3/L1cam/Slc7a5/Tnfrsf12a/Lrrtm1",9
"GO:1901655","cellular response to ketone","4/325","86/11892",0.0465116279069767,1.70189624329159,1.09499278204105,0.208561478800128,0.486863591423225,0.397504928428764,"Prkaa2/Aqp1/Btg2/Tnc",4
"GO:1905477","positive regulation of protein localization to membrane","4/325","86/11892",0.0465116279069767,1.70189624329159,1.09499278204105,0.208561478800128,0.486863591423225,0.397504928428764,"Slc5a3/Vil1/Erbb2/Ezr",4
"GO:0001890","placenta development","5/325","116/11892",0.0431034482758621,1.57718832891247,1.0470999508149,0.211290587940822,0.492299056352636,0.401942771257442,"Hsp90ab1/Ada/Ptgs2/Plk4/Bsg",5
"GO:0035725","sodium ion transmembrane transport","5/325","116/11892",0.0431034482758621,1.57718832891247,1.0470999508149,0.211290587940822,0.492299056352636,0.401942771257442,"Slc5a3/Slc6a8/Slc13a2/Mcoln1/Slc5a4b",5
"GO:1902904","negative regulation of supramolecular fiber organization","5/325","116/11892",0.0431034482758621,1.57718832891247,1.0470999508149,0.211290587940822,0.492299056352636,0.401942771257442,"Hspa8/Cryab/Vil1/Ccdc88c/Fkbp4",5
"GO:0030036","actin cytoskeleton organization","16/325","469/11892",0.0341151385927505,1.24829916352304,0.919627800751971,0.213976354222909,0.49824184565107,0.406794824432821,"Tpm3-rs7/Espn/Slc4a2/Vil1/Trf/Aqp1/Pik3r2/Amotl2/Gdpd2/Pdlim2/Rhoc/Enah/Ezr/Dnm2/Antxr1/Abl2",16
"GO:0030705","cytoskeleton-dependent intracellular transport","6/325","147/11892",0.0408163265306122,1.49350078492936,1.00916111245833,0.214436430519991,0.49899790586912,0.407412117794161,"Hspb1/Hspa8/Ubb/Ccdc88c/Wdpcp/Bicd2",6
"GO:0007600","sensory perception","11/325","306/11892",0.0359477124183007,1.3153544494721,0.936770954255593,0.216847687256406,0.501317914394311,0.40930631329164,"Cd36/Btbd9/Espn/Adra2a/Pgap1/Crym/Psap/Aqp1/Rtp4/Nmb/B2m",11
"GO:0006479","protein methylation","2/325","32/11892",0.0625,2.28692307692308,1.22187206408908,0.21747350654273,0.501317914394311,0.40930631329164,"Etf1/Btg2",2
"GO:0008213","protein alkylation","2/325","32/11892",0.0625,2.28692307692308,1.22187206408908,0.21747350654273,0.501317914394311,0.40930631329164,"Etf1/Btg2",2
"GO:0014044","Schwann cell development","2/325","32/11892",0.0625,2.28692307692308,1.22187206408908,0.21747350654273,0.501317914394311,0.40930631329164,"Erbb2/Ndrg1",2
"GO:0031076","embryonic camera-type eye development","2/325","32/11892",0.0625,2.28692307692308,1.22187206408908,0.21747350654273,0.501317914394311,0.40930631329164,"Hipk1/Aldh1a1",2
"GO:0042417","dopamine metabolic process","2/325","32/11892",0.0625,2.28692307692308,1.22187206408908,0.21747350654273,0.501317914394311,0.40930631329164,"Gch1/Nr4a2",2
"GO:0045071","negative regulation of viral genome replication","2/325","32/11892",0.0625,2.28692307692308,1.22187206408908,0.21747350654273,0.501317914394311,0.40930631329164,"Isg15/Oas1g",2
"GO:0046006","regulation of activated T cell proliferation","2/325","32/11892",0.0625,2.28692307692308,1.22187206408908,0.21747350654273,0.501317914394311,0.40930631329164,"Ido1/Icosl",2
"GO:0046825","regulation of protein export from nucleus","2/325","32/11892",0.0625,2.28692307692308,1.22187206408908,0.21747350654273,0.501317914394311,0.40930631329164,"Bag3/Xpo1",2
"GO:0051205","protein insertion into membrane","2/325","32/11892",0.0625,2.28692307692308,1.22187206408908,0.21747350654273,0.501317914394311,0.40930631329164,"Rtp4/Get4",2
"GO:0071364","cellular response to epidermal growth factor stimulus","2/325","32/11892",0.0625,2.28692307692308,1.22187206408908,0.21747350654273,0.501317914394311,0.40930631329164,"Vil1/Erbb2",2
"GO:0140894","endolysosomal toll-like receptor signaling pathway","2/325","32/11892",0.0625,2.28692307692308,1.22187206408908,0.21747350654273,0.501317914394311,0.40930631329164,"Wdfy1/Oas1g",2
"GO:1900077","negative regulation of cellular response to insulin stimulus","2/325","32/11892",0.0625,2.28692307692308,1.22187206408908,0.21747350654273,0.501317914394311,0.40930631329164,"Il1b/Lpl",2
"GO:1902041","regulation of extrinsic apoptotic signaling pathway via death domain receptors","2/325","32/11892",0.0625,2.28692307692308,1.22187206408908,0.21747350654273,0.501317914394311,0.40930631329164,"Grina/Thbs1",2
"GO:1990806","ligand-gated ion channel signaling pathway","2/325","32/11892",0.0625,2.28692307692308,1.22187206408908,0.21747350654273,0.501317914394311,0.40930631329164,"Htr3a/Gna11",2
"GO:0042157","lipoprotein metabolic process","3/325","59/11892",0.0508474576271186,1.86054758800522,1.11069282788111,0.218165353634294,0.502598433435005,0.410351806605557,"Abhd12/Igtp/Ppara",3
"GO:0051052","regulation of DNA metabolic process","11/325","307/11892",0.0358306188925081,1.31106990729141,0.925592167072622,0.219842157855525,0.506145030515594,0.413247463301848,"Cacybp/Ereg/Dusp1/Tfrc/Gch1/Rfc4/Wiz/Jun/Anxa3/Phf13/Dcp2",11
"GO:0048144","fibroblast proliferation","4/325","88/11892",0.0454545454545455,1.66321678321678,1.0467012570898,0.220075393948807,0.506365731645009,0.413427657073159,"Ereg/Aqp1/Cd74/Jun",4
"GO:0010720","positive regulation of cell development","12/325","340/11892",0.0352941176470588,1.29143891402715,0.913900490909435,0.221113571658345,0.508437071199413,0.415118824159443,"Il1b/Epha4/Ada/Rb1/Trf/Cd74/Jun/Hsp90aa1/Lpar3/L1cam/Slc7a5/Tnfrsf12a",12
"GO:0051258","protein polymerization","7/325","180/11892",0.0388888888888889,1.42297435897436,0.958462804904159,0.222703068653539,0.511772762504329,0.417842284604585,"Hspa1b/Mapre3/Vil1/Pik3r2/Hsp90aa1/Dnm2/Fkbp4",7
"GO:0007015","actin filament organization","11/325","308/11892",0.0357142857142857,1.30681318681319,0.914451354867379,0.222853557474986,0.511799509565606,0.41786412252565,"Tpm3-rs7/Espn/Vil1/Trf/Pik3r2/Gdpd2/Rhoc/Enah/Ezr/Dnm2/Abl2",11
"GO:0003300","cardiac muscle hypertrophy","3/325","60/11892",0.05,1.82953846153846,1.07975089781404,0.225374699573953,0.514043221334695,0.419696024729672,"Pde9a/Tnfrsf1a/Ppara",3
"GO:0016239","positive regulation of macroautophagy","3/325","60/11892",0.05,1.82953846153846,1.07975089781404,0.225374699573953,0.514043221334695,0.419696024729672,"Bag3/Rnf31/Igtp",3
"GO:0030512","negative regulation of transforming growth factor beta receptor signaling pathway","3/325","60/11892",0.05,1.82953846153846,1.07975089781404,0.225374699573953,0.514043221334695,0.419696024729672,"Dnm2/Hspa5/Ppara",3
"GO:0032651","regulation of interleukin-1 beta production","3/325","60/11892",0.05,1.82953846153846,1.07975089781404,0.225374699573953,0.514043221334695,0.419696024729672,"Hspb1/Cd36/Lpl",3
"GO:0046718","symbiont entry into host cell","3/325","60/11892",0.05,1.82953846153846,1.07975089781404,0.225374699573953,0.514043221334695,0.419696024729672,"Lgals1/Cd74/Bsg",3
"GO:0048010","vascular endothelial growth factor receptor signaling pathway","3/325","60/11892",0.05,1.82953846153846,1.07975089781404,0.225374699573953,0.514043221334695,0.419696024729672,"Hspb1/Epha4/Erbb2",3
"GO:0048488","synaptic vesicle endocytosis","3/325","60/11892",0.05,1.82953846153846,1.07975089781404,0.225374699573953,0.514043221334695,0.419696024729672,"Btbd9/Dnm2/Sh3gl1",3
"GO:0050772","positive regulation of axonogenesis","3/325","60/11892",0.05,1.82953846153846,1.07975089781404,0.225374699573953,0.514043221334695,0.419696024729672,"Lpar3/L1cam/Tnfrsf12a",3
"GO:0050829","defense response to Gram-negative bacterium","3/325","60/11892",0.05,1.82953846153846,1.07975089781404,0.225374699573953,0.514043221334695,0.419696024729672,"Igtp/Aqp1/B2m",3
"GO:1903035","negative regulation of response to wounding","3/325","60/11892",0.05,1.82953846153846,1.07975089781404,0.225374699573953,0.514043221334695,0.419696024729672,"Thbs1/Epha4/Thbd",3
"GO:1903432","regulation of TORC1 signaling","3/325","60/11892",0.05,1.82953846153846,1.07975089781404,0.225374699573953,0.514043221334695,0.419696024729672,"Prkaa2/Ywhag/Castor2",3
"GO:0006261","DNA-templated DNA replication","4/325","89/11892",0.0449438202247191,1.64452895419188,1.02301436951859,0.22589526612979,0.514043221334695,0.419696024729672,"Topbp1/Rfc4/Wiz/Samhd1",4
"GO:0034763","negative regulation of transmembrane transport","4/325","89/11892",0.0449438202247191,1.64452895419188,1.02301436951859,0.22589526612979,0.514043221334695,0.419696024729672,"Il1b/Thbs1/Calm1/Slc43a1",4
"GO:0030307","positive regulation of cell growth","5/325","119/11892",0.0420168067226891,1.53742727860375,0.987620548722266,0.226134310528555,0.514043221334695,0.419696024729672,"Erbb2/Lpar3/L1cam/Slc23a2/Tnfrsf12a",5
"GO:0005975","carbohydrate metabolic process","12/325","342/11892",0.0350877192982456,1.28388663967611,0.892909651565693,0.226863062182488,0.514043221334695,0.419696024729672,"Sik1/Tff3/Pklr/Prkaa2/B4galt5/Oas1g/Slc23a2/Aldh1a1/Chst4/Nudt5/B3galt1/Ppara",12
"GO:0002335","mature B cell differentiation","2/325","33/11892",0.0606060606060606,2.21762237762238,1.17404855588906,0.227608775386886,0.514043221334695,0.419696024729672,"Ada/Lgals1",2
"GO:0006911","phagocytosis, engulfment","2/325","33/11892",0.0606060606060606,2.21762237762238,1.17404855588906,0.227608775386886,0.514043221334695,0.419696024729672,"Cd36/Thbs1",2
"GO:0007157","heterophilic cell-cell adhesion via plasma membrane cell adhesion molecules","2/325","33/11892",0.0606060606060606,2.21762237762238,1.17404855588906,0.227608775386886,0.514043221334695,0.419696024729672,"Lgals1/L1cam",2
"GO:0030866","cortical actin cytoskeleton organization","2/325","33/11892",0.0606060606060606,2.21762237762238,1.17404855588906,0.227608775386886,0.514043221334695,0.419696024729672,"Vil1/Ezr",2
"GO:0034332","adherens junction organization","2/325","33/11892",0.0606060606060606,2.21762237762238,1.17404855588906,0.227608775386886,0.514043221334695,0.419696024729672,"Epha4/Hipk1",2
"GO:0035790","platelet-derived growth factor receptor-alpha signaling pathway","2/325","33/11892",0.0606060606060606,2.21762237762238,1.17404855588906,0.227608775386886,0.514043221334695,0.419696024729672,"Epha4/Erbb2",2
"GO:0036005","response to macrophage colony-stimulating factor","2/325","33/11892",0.0606060606060606,2.21762237762238,1.17404855588906,0.227608775386886,0.514043221334695,0.419696024729672,"Epha4/Erbb2",2
"GO:0046365","monosaccharide catabolic process","2/325","33/11892",0.0606060606060606,2.21762237762238,1.17404855588906,0.227608775386886,0.514043221334695,0.419696024729672,"Aldh1a1/Nudt5",2
"GO:0046636","negative regulation of alpha-beta T cell activation","2/325","33/11892",0.0606060606060606,2.21762237762238,1.17404855588906,0.227608775386886,0.514043221334695,0.419696024729672,"Slc4a2/Lgals1",2
"GO:0071320","cellular response to cAMP","2/325","33/11892",0.0606060606060606,2.21762237762238,1.17404855588906,0.227608775386886,0.514043221334695,0.419696024729672,"Aqp1/Ezr",2
"GO:0071398","cellular response to fatty acid","2/325","33/11892",0.0606060606060606,2.21762237762238,1.17404855588906,0.227608775386886,0.514043221334695,0.419696024729672,"Lpl/Hmgcs2",2
"GO:0007519","skeletal muscle tissue development","5/325","120/11892",0.0416666666666667,1.52461538461538,0.968159744359572,0.231150219163109,0.514043221334695,0.419696024729672,"Hspa8/Nr1d2/Nr4a1/Rb1/Btg2",5
"GO:0051261","protein depolymerization","4/325","90/11892",0.0444444444444444,1.62625641025641,0.999622760568158,0.231754355701028,0.514043221334695,0.419696024729672,"Hspa8/Vil1/Ccdc88c/Sh3gl1",4
"GO:0006661","phosphatidylinositol biosynthetic process","3/325","61/11892",0.0491803278688525,1.79954602774275,1.04939299918228,0.232629680668367,0.514043221334695,0.419696024729672,"Pgap1/Cwh43/Pigz",3
"GO:0007422","peripheral nervous system development","3/325","61/11892",0.0491803278688525,1.79954602774275,1.04939299918228,0.232629680668367,0.514043221334695,0.419696024729672,"Slc5a3/Erbb2/Ndrg1",3
"GO:0031397","negative regulation of protein ubiquitination","3/325","61/11892",0.0491803278688525,1.79954602774275,1.04939299918228,0.232629680668367,0.514043221334695,0.419696024729672,"Dnaja1/Hspa1b/Isg15",3
"GO:0034109","homotypic cell-cell adhesion","3/325","61/11892",0.0491803278688525,1.79954602774275,1.04939299918228,0.232629680668367,0.514043221334695,0.419696024729672,"Cdhr5/Lgals1/L1cam",3
"GO:0046849","bone remodeling","3/325","61/11892",0.0491803278688525,1.79954602774275,1.04939299918228,0.232629680668367,0.514043221334695,0.419696024729672,"Tfrc/Slc4a2/Trf",3
"GO:0090100","positive regulation of transmembrane receptor protein serine/threonine kinase signaling pathway","3/325","61/11892",0.0491803278688525,1.79954602774275,1.04939299918228,0.232629680668367,0.514043221334695,0.419696024729672,"Hsp90ab1/Thbs1/Inhba",3
"GO:2001237","negative regulation of extrinsic apoptotic signaling pathway","3/325","61/11892",0.0491803278688525,1.79954602774275,1.04939299918228,0.232629680668367,0.514043221334695,0.419696024729672,"Hspa1b/Grina/Il1b",3
"GO:0010638","positive regulation of organelle organization","12/325","344/11892",0.0348837209302326,1.27642218246869,0.872045664999371,0.232672878377792,0.514043221334695,0.419696024729672,"Ereg/Hspa1b/Il1b/Gch1/Vil1/Rb1/Igtp/Plk4/Mcoln1/Rhoc/Ncapg2/Tgfa",12
"GO:0062013","positive regulation of small molecule metabolic process","5/325","121/11892",0.0413223140495868,1.5120152574698,0.94887588656504,0.236198040324038,0.514043221334695,0.419696024729672,"Il1b/Ptgs2/Prkaa2/Cd74/Ppara",5
"GO:0048469","cell maturation","6/325","152/11892",0.0394736842105263,1.44437246963563,0.924220064935866,0.236543584103968,0.514043221334695,0.419696024729672,"Ereg/Rb1/Nr4a2/C1qa/B4galt5/Abl2",6
"GO:0043244","regulation of protein-containing complex disassembly","4/325","91/11892",0.043956043956044,1.60838546069315,0.976518825004753,0.237650627580785,0.514043221334695,0.419696024729672,"Vil1/Igtp/Ccdc88c/Etf1",4
"GO:0006111","regulation of gluconeogenesis","2/325","34/11892",0.0588235294117647,2.15239819004525,1.12791612443574,0.237776093525388,0.514043221334695,0.419696024729672,"Sik1/Ppara",2
"GO:0046578","regulation of Ras protein signal transduction","2/325","34/11892",0.0588235294117647,2.15239819004525,1.12791612443574,0.237776093525388,0.514043221334695,0.419696024729672,"Erbb2/Spry4",2
"GO:0046633","alpha-beta T cell proliferation","2/325","34/11892",0.0588235294117647,2.15239819004525,1.12791612443574,0.237776093525388,0.514043221334695,0.419696024729672,"Slc4a2/H2-T23",2
"GO:0051403","stress-activated MAPK cascade","2/325","34/11892",0.0588235294117647,2.15239819004525,1.12791612443574,0.237776093525388,0.514043221334695,0.419696024729672,"Il1b/Cryab",2
"GO:0072527","pyrimidine-containing compound metabolic process","2/325","34/11892",0.0588235294117647,2.15239819004525,1.12791612443574,0.237776093525388,0.514043221334695,0.419696024729672,"Tymp/Upp1",2
"GO:0090207","regulation of triglyceride metabolic process","2/325","34/11892",0.0588235294117647,2.15239819004525,1.12791612443574,0.237776093525388,0.514043221334695,0.419696024729672,"Sik1/Cideb",2
"GO:0099558","maintenance of synapse structure","2/325","34/11892",0.0588235294117647,2.15239819004525,1.12791612443574,0.237776093525388,0.514043221334695,0.419696024729672,"Hspa8/L1cam",2
"GO:0007346","regulation of mitotic cell cycle","11/325","313/11892",0.0351437699680511,1.2859375768002,0.859307053112971,0.238155900227688,0.514043221334695,0.419696024729672,"Ereg/Dusp1/Sik1/Il1b/Ctdspl/Topbp1/Rb1/Mki67/Ubd/Inhba/Tgfa",11
"GO:0010498","proteasomal protein catabolic process","12/325","346/11892",0.0346820809248555,1.26904401956425,0.851306830246677,0.238541328664501,0.514043221334695,0.419696024729672,"Hspa1b/Hsp90ab1/Xpo1/Usp13/Ubb/Trf/Spsb1/Ube2g2/Appbp2/Get4/Trib3/Hspa5",12
"GO:0099173","postsynapse organization","8/325","216/11892",0.037037037037037,1.35521367521367,0.883100258334772,0.239299018850254,0.514043221334695,0.419696024729672,"Hspa8/Epha4/Htr4/Srgap3/Arc/Ezr/Lrrtm1/Abl2",8
"GO:0006942","regulation of striated muscle contraction","3/325","62/11892",0.0483870967741935,1.77052109181141,1.0195968992413,0.239926443728859,0.514043221334695,0.419696024729672,"Calm1/Nr4a1/Hsp90aa1",3
"GO:0044409","symbiont entry into host","3/325","62/11892",0.0483870967741935,1.77052109181141,1.0195968992413,0.239926443728859,0.514043221334695,0.419696024729672,"Lgals1/Cd74/Bsg",3
"GO:0007204","positive regulation of cytosolic calcium ion concentration","5/325","122/11892",0.040983606557377,1.49962168978562,0.929765591835536,0.241276517716159,0.514043221334695,0.419696024729672,"Cd36/Il1b/C5ar1/Nmb/Abl2",5
"GO:1990138","neuron projection extension","5/325","122/11892",0.040983606557377,1.49962168978562,0.929765591835536,0.241276517716159,0.514043221334695,0.419696024729672,"Flrt3/L1cam/Dnm2/Slc23a2/Tnfrsf12a",5
"GO:0000054","ribosomal subunit export from nucleus","1/325","10/11892",0.1,3.65907692307692,1.41002440386113,0.242099574670925,0.514043221334695,0.419696024729672,"Xpo1",1
"GO:0000076","DNA replication checkpoint signaling","1/325","10/11892",0.1,3.65907692307692,1.41002440386113,0.242099574670925,0.514043221334695,0.419696024729672,"Topbp1",1
"GO:0001787","natural killer cell proliferation","1/325","10/11892",0.1,3.65907692307692,1.41002440386113,0.242099574670925,0.514043221334695,0.419696024729672,"H2-T23",1
"GO:0002024","diet induced thermogenesis","1/325","10/11892",0.1,3.65907692307692,1.41002440386113,0.242099574670925,0.514043221334695,0.419696024729672,"Bmp8b",1
"GO:0002517","T cell tolerance induction","1/325","10/11892",0.1,3.65907692307692,1.41002440386113,0.242099574670925,0.514043221334695,0.419696024729672,"Ido1",1
"GO:0002756","MyD88-independent toll-like receptor signaling pathway","1/325","10/11892",0.1,3.65907692307692,1.41002440386113,0.242099574670925,0.514043221334695,0.419696024729672,"Irf7",1
"GO:0002863","positive regulation of inflammatory response to antigenic stimulus","1/325","10/11892",0.1,3.65907692307692,1.41002440386113,0.242099574670925,0.514043221334695,0.419696024729672,"H2-T23",1
"GO:0002883","regulation of hypersensitivity","1/325","10/11892",0.1,3.65907692307692,1.41002440386113,0.242099574670925,0.514043221334695,0.419696024729672,"H2-T23",1
"GO:0003376","sphingosine-1-phosphate receptor signaling pathway","1/325","10/11892",0.1,3.65907692307692,1.41002440386113,0.242099574670925,0.514043221334695,0.419696024729672,"Ezr",1
"GO:0006000","fructose metabolic process","1/325","10/11892",0.1,3.65907692307692,1.41002440386113,0.242099574670925,0.514043221334695,0.419696024729672,"Aldh1a1",1
"GO:0006044","N-acetylglucosamine metabolic process","1/325","10/11892",0.1,3.65907692307692,1.41002440386113,0.242099574670925,0.514043221334695,0.419696024729672,"Chst4",1
"GO:0006122","mitochondrial electron transport, ubiquinol to cytochrome c","1/325","10/11892",0.1,3.65907692307692,1.41002440386113,0.242099574670925,0.514043221334695,0.419696024729672,"mt-Cytb",1
"GO:0006123","mitochondrial electron transport, cytochrome c to oxygen","1/325","10/11892",0.1,3.65907692307692,1.41002440386113,0.242099574670925,0.514043221334695,0.419696024729672,"mt-Co3",1
"GO:0006750","glutathione biosynthetic process","1/325","10/11892",0.1,3.65907692307692,1.41002440386113,0.242099574670925,0.514043221334695,0.419696024729672,"Hagh",1
"GO:0007620","copulation","1/325","10/11892",0.1,3.65907692307692,1.41002440386113,0.242099574670925,0.514043221334695,0.419696024729672,"Ada",1
"GO:0009130","pyrimidine nucleoside monophosphate biosynthetic process","1/325","10/11892",0.1,3.65907692307692,1.41002440386113,0.242099574670925,0.514043221334695,0.419696024729672,"Upp1",1
"GO:0009415","response to water","1/325","10/11892",0.1,3.65907692307692,1.41002440386113,0.242099574670925,0.514043221334695,0.419696024729672,"Lrp11",1
"GO:0010454","negative regulation of cell fate commitment","1/325","10/11892",0.1,3.65907692307692,1.41002440386113,0.242099574670925,0.514043221334695,0.419696024729672,"Lgals1",1
"GO:0010715","regulation of extracellular matrix disassembly","1/325","10/11892",0.1,3.65907692307692,1.41002440386113,0.242099574670925,0.514043221334695,0.419696024729672,"Fap",1
"GO:0014831","gastro-intestinal system smooth muscle contraction","1/325","10/11892",0.1,3.65907692307692,1.41002440386113,0.242099574670925,0.514043221334695,0.419696024729672,"Sulf2",1
"GO:0021694","cerebellar Purkinje cell layer formation","1/325","10/11892",0.1,3.65907692307692,1.41002440386113,0.242099574670925,0.514043221334695,0.419696024729672,"Psap",1
"GO:0023035","CD40 signaling pathway","1/325","10/11892",0.1,3.65907692307692,1.41002440386113,0.242099574670925,0.514043221334695,0.419696024729672,"Rnf31",1
"GO:0032060","bleb assembly","1/325","10/11892",0.1,3.65907692307692,1.41002440386113,0.242099574670925,0.514043221334695,0.419696024729672,"Lpar3",1
"GO:0032274","gonadotropin secretion","1/325","10/11892",0.1,3.65907692307692,1.41002440386113,0.242099574670925,0.514043221334695,0.419696024729672,"Inhba",1
"GO:0032306","regulation of prostaglandin secretion","1/325","10/11892",0.1,3.65907692307692,1.41002440386113,0.242099574670925,0.514043221334695,0.419696024729672,"Il1b",1
"GO:0032782","bile acid secretion","1/325","10/11892",0.1,3.65907692307692,1.41002440386113,0.242099574670925,0.514043221334695,0.419696024729672,"Cldn2",1
"GO:0033750","ribosome localization","1/325","10/11892",0.1,3.65907692307692,1.41002440386113,0.242099574670925,0.514043221334695,0.419696024729672,"Xpo1",1
"GO:0034112","positive regulation of homotypic cell-cell adhesion","1/325","10/11892",0.1,3.65907692307692,1.41002440386113,0.242099574670925,0.514043221334695,0.419696024729672,"Lgals1",1
"GO:0034116","positive regulation of heterotypic cell-cell adhesion","1/325","10/11892",0.1,3.65907692307692,1.41002440386113,0.242099574670925,0.514043221334695,0.419696024729672,"Il1b",1
"GO:0034244","negative regulation of transcription elongation by RNA polymerase II","1/325","10/11892",0.1,3.65907692307692,1.41002440386113,0.242099574670925,0.514043221334695,0.419696024729672,"Hexim1",1
"GO:0036498","IRE1-mediated unfolded protein response","1/325","10/11892",0.1,3.65907692307692,1.41002440386113,0.242099574670925,0.514043221334695,0.419696024729672,"Hspa5",1
"GO:0038129","ERBB3 signaling pathway","1/325","10/11892",0.1,3.65907692307692,1.41002440386113,0.242099574670925,0.514043221334695,0.419696024729672,"Erbb2",1
"GO:0042541","hemoglobin biosynthetic process","1/325","10/11892",0.1,3.65907692307692,1.41002440386113,0.242099574670925,0.514043221334695,0.419696024729672,"Inhba",1
"GO:0042640","anagen","1/325","10/11892",0.1,3.65907692307692,1.41002440386113,0.242099574670925,0.514043221334695,0.419696024729672,"Ptgs2",1
"GO:0043587","tongue morphogenesis","1/325","10/11892",0.1,3.65907692307692,1.41002440386113,0.242099574670925,0.514043221334695,0.419696024729672,"Wdpcp",1
"GO:0044406","adhesion of symbiont to host","1/325","10/11892",0.1,3.65907692307692,1.41002440386113,0.242099574670925,0.514043221334695,0.419696024729672,"Hsp90ab1",1
"GO:0045842","positive regulation of mitotic metaphase/anaphase transition","1/325","10/11892",0.1,3.65907692307692,1.41002440386113,0.242099574670925,0.514043221334695,0.419696024729672,"Rb1",1
"GO:0045989","positive regulation of striated muscle contraction","1/325","10/11892",0.1,3.65907692307692,1.41002440386113,0.242099574670925,0.514043221334695,0.419696024729672,"Hsp90aa1",1
"GO:0046033","AMP metabolic process","1/325","10/11892",0.1,3.65907692307692,1.41002440386113,0.242099574670925,0.514043221334695,0.419696024729672,"Ada",1
"GO:0046185","aldehyde catabolic process","1/325","10/11892",0.1,3.65907692307692,1.41002440386113,0.242099574670925,0.514043221334695,0.419696024729672,"Hagh",1
"GO:0046719","regulation by virus of viral protein levels in host cell","1/325","10/11892",0.1,3.65907692307692,1.41002440386113,0.242099574670925,0.514043221334695,0.419696024729672,"Dynlt1a",1
"GO:0047484","regulation of response to osmotic stress","1/325","10/11892",0.1,3.65907692307692,1.41002440386113,0.242099574670925,0.514043221334695,0.419696024729672,"Ptgs2",1
"GO:0051307","meiotic chromosome separation","1/325","10/11892",0.1,3.65907692307692,1.41002440386113,0.242099574670925,0.514043221334695,0.419696024729672,"Top2a",1
"GO:0051447","negative regulation of meiotic cell cycle","1/325","10/11892",0.1,3.65907692307692,1.41002440386113,0.242099574670925,0.514043221334695,0.419696024729672,"Dusp1",1
"GO:0051782","negative regulation of cell division","1/325","10/11892",0.1,3.65907692307692,1.41002440386113,0.242099574670925,0.514043221334695,0.419696024729672,"Susd2",1
"GO:0060073","micturition","1/325","10/11892",0.1,3.65907692307692,1.41002440386113,0.242099574670925,0.514043221334695,0.419696024729672,"Psap",1
"GO:0060099","regulation of phagocytosis, engulfment","1/325","10/11892",0.1,3.65907692307692,1.41002440386113,0.242099574670925,0.514043221334695,0.419696024729672,"Cd36",1
"GO:0060211","regulation of nuclear-transcribed mRNA poly(A) tail shortening","1/325","10/11892",0.1,3.65907692307692,1.41002440386113,0.242099574670925,0.514043221334695,0.419696024729672,"Btg2",1
"GO:0060213","positive regulation of nuclear-transcribed mRNA poly(A) tail shortening","1/325","10/11892",0.1,3.65907692307692,1.41002440386113,0.242099574670925,0.514043221334695,0.419696024729672,"Btg2",1
"GO:0060707","trophoblast giant cell differentiation","1/325","10/11892",0.1,3.65907692307692,1.41002440386113,0.242099574670925,0.514043221334695,0.419696024729672,"Plk4",1
"GO:0060742","epithelial cell differentiation involved in prostate gland development","1/325","10/11892",0.1,3.65907692307692,1.41002440386113,0.242099574670925,0.514043221334695,0.419696024729672,"Psap",1
"GO:0070255","regulation of mucus secretion","1/325","10/11892",0.1,3.65907692307692,1.41002440386113,0.242099574670925,0.514043221334695,0.419696024729672,"Ada",1
"GO:0070471","uterine smooth muscle contraction","1/325","10/11892",0.1,3.65907692307692,1.41002440386113,0.242099574670925,0.514043221334695,0.419696024729672,"Adra2a",1
"GO:0070935","3'-UTR-mediated mRNA stabilization","1/325","10/11892",0.1,3.65907692307692,1.41002440386113,0.242099574670925,0.514043221334695,0.419696024729672,"Elavl4",1
"GO:0071103","DNA conformation change","1/325","10/11892",0.1,3.65907692307692,1.41002440386113,0.242099574670925,0.514043221334695,0.419696024729672,"Top2a",1
"GO:0071472","cellular response to salt stress","1/325","10/11892",0.1,3.65907692307692,1.41002440386113,0.242099574670925,0.514043221334695,0.419696024729672,"Aqp1",1
"GO:0072224","metanephric glomerulus development","1/325","10/11892",0.1,3.65907692307692,1.41002440386113,0.242099574670925,0.514043221334695,0.419696024729672,"Aqp1",1
"GO:0072540","T-helper 17 cell lineage commitment","1/325","10/11892",0.1,3.65907692307692,1.41002440386113,0.242099574670925,0.514043221334695,0.419696024729672,"Lgals1",1
"GO:0090110","COPII-coated vesicle cargo loading","1/325","10/11892",0.1,3.65907692307692,1.41002440386113,0.242099574670925,0.514043221334695,0.419696024729672,"Cideb",1
"GO:0090209","negative regulation of triglyceride metabolic process","1/325","10/11892",0.1,3.65907692307692,1.41002440386113,0.242099574670925,0.514043221334695,0.419696024729672,"Sik1",1
"GO:0090494","dopamine uptake","1/325","10/11892",0.1,3.65907692307692,1.41002440386113,0.242099574670925,0.514043221334695,0.419696024729672,"Slc29a4",1
"GO:0110156","mRNA methylguanosine-cap decapping","1/325","10/11892",0.1,3.65907692307692,1.41002440386113,0.242099574670925,0.514043221334695,0.419696024729672,"Dcp2",1
"GO:0140243","regulation of translation at synapse","1/325","10/11892",0.1,3.65907692307692,1.41002440386113,0.242099574670925,0.514043221334695,0.419696024729672,"Elavl4",1
"GO:1902043","positive regulation of extrinsic apoptotic signaling pathway via death domain receptors","1/325","10/11892",0.1,3.65907692307692,1.41002440386113,0.242099574670925,0.514043221334695,0.419696024729672,"Thbs1",1
"GO:1902222","erythrose 4-phosphate/phosphoenolpyruvate family amino acid catabolic process","1/325","10/11892",0.1,3.65907692307692,1.41002440386113,0.242099574670925,0.514043221334695,0.419696024729672,"Ido1",1
"GO:1902254","negative regulation of intrinsic apoptotic signaling pathway by p53 class mediator","1/325","10/11892",0.1,3.65907692307692,1.41002440386113,0.242099574670925,0.514043221334695,0.419696024729672,"Cd74",1
"GO:1902337","regulation of apoptotic process involved in morphogenesis","1/325","10/11892",0.1,3.65907692307692,1.41002440386113,0.242099574670925,0.514043221334695,0.419696024729672,"Tnfrsf1a",1
"GO:1902855","regulation of non-motile cilium assembly","1/325","10/11892",0.1,3.65907692307692,1.41002440386113,0.242099574670925,0.514043221334695,0.419696024729672,"Dnm2",1
"GO:1903671","negative regulation of sprouting angiogenesis","1/325","10/11892",0.1,3.65907692307692,1.41002440386113,0.242099574670925,0.514043221334695,0.419696024729672,"Thbs1",1
"GO:1904031","positive regulation of cyclin-dependent protein kinase activity","1/325","10/11892",0.1,3.65907692307692,1.41002440386113,0.242099574670925,0.514043221334695,0.419696024729672,"Mapre3",1
"GO:1904152","regulation of retrograde protein transport, ER to cytosol","1/325","10/11892",0.1,3.65907692307692,1.41002440386113,0.242099574670925,0.514043221334695,0.419696024729672,"Ube2g2",1
"GO:1904177","regulation of adipose tissue development","1/325","10/11892",0.1,3.65907692307692,1.41002440386113,0.242099574670925,0.514043221334695,0.419696024729672,"Lpl",1
"GO:1905153","regulation of membrane invagination","1/325","10/11892",0.1,3.65907692307692,1.41002440386113,0.242099574670925,0.514043221334695,0.419696024729672,"Cd36",1
"GO:1905666","regulation of protein localization to endosome","1/325","10/11892",0.1,3.65907692307692,1.41002440386113,0.242099574670925,0.514043221334695,0.419696024729672,"Ezr",1
"GO:2000095","regulation of Wnt signaling pathway, planar cell polarity pathway","1/325","10/11892",0.1,3.65907692307692,1.41002440386113,0.242099574670925,0.514043221334695,0.419696024729672,"Abl2",1
"GO:2000369","regulation of clathrin-dependent endocytosis","1/325","10/11892",0.1,3.65907692307692,1.41002440386113,0.242099574670925,0.514043221334695,0.419696024729672,"Dnm2",1
"GO:2000756","regulation of peptidyl-lysine acetylation","1/325","10/11892",0.1,3.65907692307692,1.41002440386113,0.242099574670925,0.514043221334695,0.419696024729672,"Prkaa2",1
"GO:2001171","positive regulation of ATP biosynthetic process","1/325","10/11892",0.1,3.65907692307692,1.41002440386113,0.242099574670925,0.514043221334695,0.419696024729672,"Ppara",1
"GO:0006936","muscle contraction","8/325","217/11892",0.0368663594470046,1.34896845090393,0.869617138237687,0.243069063228068,0.515804586677409,0.421134110092444,"Tpm3-rs7/Calm1/Adra2a/Nr4a1/Ada/Ptgs2/Sulf2/Hsp90aa1",8
"GO:0001936","regulation of endothelial cell proliferation","4/325","92/11892",0.0434782608695652,1.59090301003344,0.953695238920711,0.243582056068493,0.51659577598876,0.421780084973546,"Thbs1/Nr4a1/Jun/Sparc",4
"GO:0030308","negative regulation of cell growth","5/325","123/11892",0.040650406504065,1.4874296435272,0.910825570018353,0.246384394009705,0.519615299170167,0.424245406610363,"Hspa1b/Cryab/Rb1/Inhba/Ppara",5
"GO:0045927","positive regulation of growth","7/325","186/11892",0.0376344086021505,1.37707196029777,0.868794280571314,0.247055433694802,0.519615299170167,0.424245406610363,"Vil1/Erbb2/Lpar3/L1cam/Ezr/Slc23a2/Tnfrsf12a",7
"GO:0006470","protein dephosphorylation","3/325","63/11892",0.0476190476190476,1.74241758241758,0.990341571226903,0.247261201768601,0.519615299170167,0.424245406610363,"Dusp1/Pdp1/Ptprr",3
"GO:0006885","regulation of pH","3/325","63/11892",0.0476190476190476,1.74241758241758,0.990341571226903,0.247261201768601,0.519615299170167,0.424245406610363,"Atp6v0c/Slc4a2/Car12",3
"GO:0014897","striated muscle hypertrophy","3/325","63/11892",0.0476190476190476,1.74241758241758,0.990341571226903,0.247261201768601,0.519615299170167,0.424245406610363,"Pde9a/Tnfrsf1a/Ppara",3
"GO:0043297","apical junction assembly","3/325","63/11892",0.0476190476190476,1.74241758241758,0.990341571226903,0.247261201768601,0.519615299170167,0.424245406610363,"Cldn2/Cldn4/Rhoc",3
"GO:0050886","endocrine process","3/325","63/11892",0.0476190476190476,1.74241758241758,0.990341571226903,0.247261201768601,0.519615299170167,0.424245406610363,"Il1b/Aqp1/Inhba",3
"GO:0051310","metaphase chromosome alignment","3/325","63/11892",0.0476190476190476,1.74241758241758,0.990341571226903,0.247261201768601,0.519615299170167,0.424245406610363,"Gem/Rb1/Rrs1",3
"GO:0001825","blastocyst formation","2/325","35/11892",0.0571428571428571,2.0909010989011,1.08335924484623,0.247966172338666,0.519615299170167,0.424245406610363,"Uspl1/Ada",2
"GO:0002707","negative regulation of lymphocyte mediated immunity","2/325","35/11892",0.0571428571428571,2.0909010989011,1.08335924484623,0.247966172338666,0.519615299170167,0.424245406610363,"Cd96/H2-T23",2
"GO:0010665","regulation of cardiac muscle cell apoptotic process","2/325","35/11892",0.0571428571428571,2.0909010989011,1.08335924484623,0.247966172338666,0.519615299170167,0.424245406610363,"Hspa8/Gch1",2
"GO:0014014","negative regulation of gliogenesis","2/325","35/11892",0.0571428571428571,2.0909010989011,1.08335924484623,0.247966172338666,0.519615299170167,0.424245406610363,"Rb1/Atoh1",2
"GO:0035601","protein deacylation","2/325","35/11892",0.0571428571428571,2.0909010989011,1.08335924484623,0.247966172338666,0.519615299170167,0.424245406610363,"Abhd12/Prkaa2",2
"GO:0045047","protein targeting to ER","2/325","35/11892",0.0571428571428571,2.0909010989011,1.08335924484623,0.247966172338666,0.519615299170167,0.424245406610363,"Get4/Hspa5",2
"GO:0045773","positive regulation of axon extension","2/325","35/11892",0.0571428571428571,2.0909010989011,1.08335924484623,0.247966172338666,0.519615299170167,0.424245406610363,"L1cam/Tnfrsf12a",2
"GO:0050856","regulation of T cell receptor signaling pathway","2/325","35/11892",0.0571428571428571,2.0909010989011,1.08335924484623,0.247966172338666,0.519615299170167,0.424245406610363,"Ada/Ezr",2
"GO:0070169","positive regulation of biomineral tissue development","2/325","35/11892",0.0571428571428571,2.0909010989011,1.08335924484623,0.247966172338666,0.519615299170167,0.424245406610363,"Isg15/Slc4a2",2
"GO:0070849","response to epidermal growth factor","2/325","35/11892",0.0571428571428571,2.0909010989011,1.08335924484623,0.247966172338666,0.519615299170167,0.424245406610363,"Vil1/Erbb2",2
"GO:0150052","regulation of postsynapse assembly","2/325","35/11892",0.0571428571428571,2.0909010989011,1.08335924484623,0.247966172338666,0.519615299170167,0.424245406610363,"Htr4/Srgap3",2
"GO:1905953","negative regulation of lipid localization","2/325","35/11892",0.0571428571428571,2.0909010989011,1.08335924484623,0.247966172338666,0.519615299170167,0.424245406610363,"Thbs1/Ppara",2
"GO:1990776","response to angiotensin","2/325","35/11892",0.0571428571428571,2.0909010989011,1.08335924484623,0.247966172338666,0.519615299170167,0.424245406610363,"Ptgs2/Inhba",2
"GO:0006694","steroid biosynthetic process","4/325","93/11892",0.043010752688172,1.57379652605459,0.931144946322646,0.249546626455236,0.521135548310555,0.425486630099631,"Prkaa2/Hmgcs2/Inhba/Lpcat3",4
"GO:0046165","alcohol biosynthetic process","4/325","93/11892",0.043010752688172,1.57379652605459,0.931144946322646,0.249546626455236,0.521135548310555,0.425486630099631,"Gch1/Prkaa2/Hmgcs2/Lpcat3",4
"GO:0043484","regulation of RNA splicing","5/325","124/11892",0.0403225806451613,1.47543424317618,0.89205262097997,0.251520411726974,0.521135548310555,0.425486630099631,"Hspa8/Rnps1/Rrp1b/Fastk/Rbm3",5
"GO:0006022","aminoglycan metabolic process","3/325","64/11892",0.046875,1.71519230769231,0.961607110564368,0.254630236231124,0.521135548310555,0.425486630099631,"Il1b/B3gnt7/B4galt5",3
"GO:0014896","muscle hypertrophy","3/325","64/11892",0.046875,1.71519230769231,0.961607110564368,0.254630236231124,0.521135548310555,0.425486630099631,"Pde9a/Tnfrsf1a/Ppara",3
"GO:0051262","protein tetramerization","3/325","64/11892",0.046875,1.71519230769231,0.961607110564368,0.254630236231124,0.521135548310555,0.425486630099631,"Samhd1/Mcoln1/B2m",3
"GO:2000060","positive regulation of ubiquitin-dependent protein catabolic process","3/325","64/11892",0.046875,1.71519230769231,0.961607110564368,0.254630236231124,0.521135548310555,0.425486630099631,"Hspa1b/Trf/Trib3",3
"GO:0002040","sprouting angiogenesis","4/325","94/11892",0.0425531914893617,1.55705400981997,0.90886114649762,0.255542336560245,0.521135548310555,0.425486630099631,"Thbs1/Nr4a1/Ptgs2/Pik3r2",4
"GO:0043010","camera-type eye development","9/325","253/11892",0.0355731225296443,1.30164791730009,0.812911485854214,0.256282445612017,0.521135548310555,0.425486630099631,"Cryab/Aqp1/Efemp1/Wdpcp/Jun/Hipk1/Aldh1a1/Inhba/Bsg",9
"GO:0015931","nucleobase-containing compound transport","5/325","125/11892",0.04,1.46363076923077,0.87344363141989,0.256683314105306,0.521135548310555,0.425486630099631,"Xpo1/Slc28a2/Bicd2/Arc/Slc29a4",5
"GO:0006110","regulation of glycolytic process","2/325","36/11892",0.0555555555555556,2.03282051282051,1.04027344441576,0.258170204000609,0.521135548310555,0.425486630099631,"Prkaa2/Ppara",2
"GO:0009299","mRNA transcription","2/325","36/11892",0.0555555555555556,2.03282051282051,1.04027344441576,0.258170204000609,0.521135548310555,0.425486630099631,"Ereg/C5ar1",2
"GO:0030811","regulation of nucleotide catabolic process","2/325","36/11892",0.0555555555555556,2.03282051282051,1.04027344441576,0.258170204000609,0.521135548310555,0.425486630099631,"Prkaa2/Ppara",2
"GO:0031547","brain-derived neurotrophic factor receptor signaling pathway","2/325","36/11892",0.0555555555555556,2.03282051282051,1.04027344441576,0.258170204000609,0.521135548310555,0.425486630099631,"Epha4/Erbb2",2
"GO:0032210","regulation of telomere maintenance via telomerase","2/325","36/11892",0.0555555555555556,2.03282051282051,1.04027344441576,0.258170204000609,0.521135548310555,0.425486630099631,"Gch1/Dcp2",2
"GO:0033121","regulation of purine nucleotide catabolic process","2/325","36/11892",0.0555555555555556,2.03282051282051,1.04027344441576,0.258170204000609,0.521135548310555,0.425486630099631,"Prkaa2/Ppara",2
"GO:0035791","platelet-derived growth factor receptor-beta signaling pathway","2/325","36/11892",0.0555555555555556,2.03282051282051,1.04027344441576,0.258170204000609,0.521135548310555,0.425486630099631,"Epha4/Erbb2",2
"GO:0038063","collagen-activated tyrosine kinase receptor signaling pathway","2/325","36/11892",0.0555555555555556,2.03282051282051,1.04027344441576,0.258170204000609,0.521135548310555,0.425486630099631,"Epha4/Erbb2",2
"GO:0044088","regulation of vacuole organization","2/325","36/11892",0.0555555555555556,2.03282051282051,1.04027344441576,0.258170204000609,0.521135548310555,0.425486630099631,"Igtp/Mcoln1",2
"GO:0048012","hepatocyte growth factor receptor signaling pathway","2/325","36/11892",0.0555555555555556,2.03282051282051,1.04027344441576,0.258170204000609,0.521135548310555,0.425486630099631,"Epha4/Erbb2",2
"GO:0051055","negative regulation of lipid biosynthetic process","2/325","36/11892",0.0555555555555556,2.03282051282051,1.04027344441576,0.258170204000609,0.521135548310555,0.425486630099631,"Sik1/Trib3",2
"GO:0051602","response to electrical stimulus","2/325","36/11892",0.0555555555555556,2.03282051282051,1.04027344441576,0.258170204000609,0.521135548310555,0.425486630099631,"Nr4a1/Btg2",2
"GO:0007163","establishment or maintenance of cell polarity","6/325","157/11892",0.0382165605095541,1.39837334639882,0.842246190380425,0.259312977900781,0.521135548310555,0.425486630099631,"Frmd4b/Aqp1/Wdpcp/Amotl2/Ezr/Abl2",6
"GO:0002366","leukocyte activation involved in immune response","7/325","189/11892",0.037037037037037,1.35521367521367,0.82511119378147,0.259532541544977,0.521135548310555,0.425486630099631,"Hspd1/Tfrc/Ada/Lgals1/Cd74/Anxa3/Icosl",7
"GO:0022612","gland morphogenesis","4/325","95/11892",0.0421052631578947,1.54066396761134,0.886837282104325,0.261567198194707,0.521135548310555,0.425486630099631,"Sulf2/Mki67/Tnc/Tgfa",4
"GO:0030177","positive regulation of Wnt signaling pathway","4/325","95/11892",0.0421052631578947,1.54066396761134,0.886837282104325,0.261567198194707,0.521135548310555,0.425486630099631,"Ppp2r3a/Atp6v0c/Sulf2/Abl2",4
"GO:0030148","sphingolipid biosynthetic process","3/325","65/11892",0.0461538461538462,1.68880473372781,0.933374658122901,0.262029898969148,0.521135548310555,0.425486630099631,"B4galt5/B3gnt5/B3galt1",3
"GO:0042632","cholesterol homeostasis","3/325","65/11892",0.0461538461538462,1.68880473372781,0.933374658122901,0.262029898969148,0.521135548310555,0.425486630099631,"Lpl/Scd1/Gramd1b",3
"GO:0043648","dicarboxylic acid metabolic process","3/325","65/11892",0.0461538461538462,1.68880473372781,0.933374658122901,0.262029898969148,0.521135548310555,0.425486630099631,"Glud1/Ido1/Adhfe1",3
"GO:0043954","cellular component maintenance","3/325","65/11892",0.0461538461538462,1.68880473372781,0.933374658122901,0.262029898969148,0.521135548310555,0.425486630099631,"Hspa8/L1cam/Abl2",3
"GO:0000712","resolution of meiotic recombination intermediates","1/325","11/11892",0.0909090909090909,3.32643356643357,1.29390086213467,0.262829892650386,0.521135548310555,0.425486630099631,"Top2a",1
"GO:0001574","ganglioside biosynthetic process","1/325","11/11892",0.0909090909090909,3.32643356643357,1.29390086213467,0.262829892650386,0.521135548310555,0.425486630099631,"B4galt5",1
"GO:0002031","G protein-coupled receptor internalization","1/325","11/11892",0.0909090909090909,3.32643356643357,1.29390086213467,0.262829892650386,0.521135548310555,0.425486630099631,"Dnm2",1
"GO:0002091","negative regulation of receptor internalization","1/325","11/11892",0.0909090909090909,3.32643356643357,1.29390086213467,0.262829892650386,0.521135548310555,0.425486630099631,"Lrrtm1",1
"GO:0002396","MHC protein complex assembly","1/325","11/11892",0.0909090909090909,3.32643356643357,1.29390086213467,0.262829892650386,0.521135548310555,0.425486630099631,"B2m",1
"GO:0002501","peptide antigen assembly with MHC protein complex","1/325","11/11892",0.0909090909090909,3.32643356643357,1.29390086213467,0.262829892650386,0.521135548310555,0.425486630099631,"B2m",1
"GO:0002922","positive regulation of humoral immune response","1/325","11/11892",0.0909090909090909,3.32643356643357,1.29390086213467,0.262829892650386,0.521135548310555,0.425486630099631,"Il1b",1
"GO:0003091","renal water homeostasis","1/325","11/11892",0.0909090909090909,3.32643356643357,1.29390086213467,0.262829892650386,0.521135548310555,0.425486630099631,"Aqp1",1
"GO:0003334","keratinocyte development","1/325","11/11892",0.0909090909090909,3.32643356643357,1.29390086213467,0.262829892650386,0.521135548310555,0.425486630099631,"Psap",1
"GO:0003417","growth plate cartilage development","1/325","11/11892",0.0909090909090909,3.32643356643357,1.29390086213467,0.262829892650386,0.521135548310555,0.425486630099631,"Thbs1",1
"GO:0006054","N-acetylneuraminate metabolic process","1/325","11/11892",0.0909090909090909,3.32643356643357,1.29390086213467,0.262829892650386,0.521135548310555,0.425486630099631,"Npl",1
"GO:0006089","lactate metabolic process","1/325","11/11892",0.0909090909090909,3.32643356643357,1.29390086213467,0.262829892650386,0.521135548310555,0.425486630099631,"Hagh",1
"GO:0006206","pyrimidine nucleobase metabolic process","1/325","11/11892",0.0909090909090909,3.32643356643357,1.29390086213467,0.262829892650386,0.521135548310555,0.425486630099631,"Tymp",1
"GO:0006415","translational termination","1/325","11/11892",0.0909090909090909,3.32643356643357,1.29390086213467,0.262829892650386,0.521135548310555,0.425486630099631,"Etf1",1
"GO:0007042","lysosomal lumen acidification","1/325","11/11892",0.0909090909090909,3.32643356643357,1.29390086213467,0.262829892650386,0.521135548310555,0.425486630099631,"Atp6v0c",1
"GO:0009301","snRNA transcription","1/325","11/11892",0.0909090909090909,3.32643356643357,1.29390086213467,0.262829892650386,0.521135548310555,0.425486630099631,"Uspl1",1
"GO:0018410","C-terminal protein amino acid modification","1/325","11/11892",0.0909090909090909,3.32643356643357,1.29390086213467,0.262829892650386,0.521135548310555,0.425486630099631,"Igtp",1
"GO:0030259","lipid glycosylation","1/325","11/11892",0.0909090909090909,3.32643356643357,1.29390086213467,0.262829892650386,0.521135548310555,0.425486630099631,"B3galt1",1
"GO:0031115","negative regulation of microtubule polymerization","1/325","11/11892",0.0909090909090909,3.32643356643357,1.29390086213467,0.262829892650386,0.521135548310555,0.425486630099631,"Fkbp4",1
"GO:0031915","positive regulation of synaptic plasticity","1/325","11/11892",0.0909090909090909,3.32643356643357,1.29390086213467,0.262829892650386,0.521135548310555,0.425486630099631,"Ptgs2",1
"GO:0032736","positive regulation of interleukin-13 production","1/325","11/11892",0.0909090909090909,3.32643356643357,1.29390086213467,0.262829892650386,0.521135548310555,0.425486630099631,"H2-T23",1
"GO:0034086","maintenance of sister chromatid cohesion","1/325","11/11892",0.0909090909090909,3.32643356643357,1.29390086213467,0.262829892650386,0.521135548310555,0.425486630099631,"Rb1",1
"GO:0034088","maintenance of mitotic sister chromatid cohesion","1/325","11/11892",0.0909090909090909,3.32643356643357,1.29390086213467,0.262829892650386,0.521135548310555,0.425486630099631,"Rb1",1
"GO:0035234","ectopic germ cell programmed cell death","1/325","11/11892",0.0909090909090909,3.32643356643357,1.29390086213467,0.262829892650386,0.521135548310555,0.425486630099631,"Il1b",1
"GO:0035372","protein localization to microtubule","1/325","11/11892",0.0909090909090909,3.32643356643357,1.29390086213467,0.262829892650386,0.521135548310555,0.425486630099631,"Mapre3",1
"GO:0035627","ceramide transport","1/325","11/11892",0.0909090909090909,3.32643356643357,1.29390086213467,0.262829892650386,0.521135548310555,0.425486630099631,"Psap",1
"GO:0039694","viral RNA genome replication","1/325","11/11892",0.0909090909090909,3.32643356643357,1.29390086213467,0.262829892650386,0.521135548310555,0.425486630099631,"Top2a",1
"GO:0042182","ketone catabolic process","1/325","11/11892",0.0909090909090909,3.32643356643357,1.29390086213467,0.262829892650386,0.521135548310555,0.425486630099631,"Hagh",1
"GO:0042402","biogenic amine catabolic process","1/325","11/11892",0.0909090909090909,3.32643356643357,1.29390086213467,0.262829892650386,0.521135548310555,0.425486630099631,"Smox",1
"GO:0042559","pteridine-containing compound biosynthetic process","1/325","11/11892",0.0909090909090909,3.32643356643357,1.29390086213467,0.262829892650386,0.521135548310555,0.425486630099631,"Gch1",1
"GO:0043153","entrainment of circadian clock by photoperiod","1/325","11/11892",0.0909090909090909,3.32643356643357,1.29390086213467,0.262829892650386,0.521135548310555,0.425486630099631,"Sik1",1
"GO:0043605","amide catabolic process","1/325","11/11892",0.0909090909090909,3.32643356643357,1.29390086213467,0.262829892650386,0.521135548310555,0.425486630099631,"Ada",1
"GO:0043650","dicarboxylic acid biosynthetic process","1/325","11/11892",0.0909090909090909,3.32643356643357,1.29390086213467,0.262829892650386,0.521135548310555,0.425486630099631,"Ido1",1
"GO:0045649","regulation of macrophage differentiation","1/325","11/11892",0.0909090909090909,3.32643356643357,1.29390086213467,0.262829892650386,0.521135548310555,0.425486630099631,"Rb1",1
"GO:0046007","negative regulation of activated T cell proliferation","1/325","11/11892",0.0909090909090909,3.32643356643357,1.29390086213467,0.262829892650386,0.521135548310555,0.425486630099631,"Ido1",1
"GO:0048148","behavioral response to cocaine","1/325","11/11892",0.0909090909090909,3.32643356643357,1.29390086213467,0.262829892650386,0.521135548310555,0.425486630099631,"Fosb",1
"GO:0048537","mucosa-associated lymphoid tissue development","1/325","11/11892",0.0909090909090909,3.32643356643357,1.29390086213467,0.262829892650386,0.521135548310555,0.425486630099631,"Ada",1
"GO:0048541","Peyer's patch development","1/325","11/11892",0.0909090909090909,3.32643356643357,1.29390086213467,0.262829892650386,0.521135548310555,0.425486630099631,"Ada",1
"GO:0050872","white fat cell differentiation","1/325","11/11892",0.0909090909090909,3.32643356643357,1.29390086213467,0.262829892650386,0.521135548310555,0.425486630099631,"Scd1",1
"GO:0050912","detection of chemical stimulus involved in sensory perception of taste","1/325","11/11892",0.0909090909090909,3.32643356643357,1.29390086213467,0.262829892650386,0.521135548310555,0.425486630099631,"Rtp4",1
"GO:0050930","induction of positive chemotaxis","1/325","11/11892",0.0909090909090909,3.32643356643357,1.29390086213467,0.262829892650386,0.521135548310555,0.425486630099631,"Creb3",1
"GO:0060546","negative regulation of necroptotic process","1/325","11/11892",0.0909090909090909,3.32643356643357,1.29390086213467,0.262829892650386,0.521135548310555,0.425486630099631,"Rnf31",1
"GO:0060602","branch elongation of an epithelium","1/325","11/11892",0.0909090909090909,3.32643356643357,1.29390086213467,0.262829892650386,0.521135548310555,0.425486630099631,"Tnc",1
"GO:0060628","regulation of ER to Golgi vesicle-mediated transport","1/325","11/11892",0.0909090909090909,3.32643356643357,1.29390086213467,0.262829892650386,0.521135548310555,0.425486630099631,"Pgap1",1
"GO:0060749","mammary gland alveolus development","1/325","11/11892",0.0909090909090909,3.32643356643357,1.29390086213467,0.262829892650386,0.521135548310555,0.425486630099631,"Tgfa",1
"GO:0061377","mammary gland lobule development","1/325","11/11892",0.0909090909090909,3.32643356643357,1.29390086213467,0.262829892650386,0.521135548310555,0.425486630099631,"Tgfa",1
"GO:0070142","synaptic vesicle budding","1/325","11/11892",0.0909090909090909,3.32643356643357,1.29390086213467,0.262829892650386,0.521135548310555,0.425486630099631,"Dnm2",1
"GO:0070243","regulation of thymocyte apoptotic process","1/325","11/11892",0.0909090909090909,3.32643356643357,1.29390086213467,0.262829892650386,0.521135548310555,0.425486630099631,"Ada",1
"GO:0070278","extracellular matrix constituent secretion","1/325","11/11892",0.0909090909090909,3.32643356643357,1.29390086213467,0.262829892650386,0.521135548310555,0.425486630099631,"Tnfrsf1a",1
"GO:0071318","cellular response to ATP","1/325","11/11892",0.0909090909090909,3.32643356643357,1.29390086213467,0.262829892650386,0.521135548310555,0.425486630099631,"Ptgs2",1
"GO:0071371","cellular response to gonadotropin stimulus","1/325","11/11892",0.0909090909090909,3.32643356643357,1.29390086213467,0.262829892650386,0.521135548310555,0.425486630099631,"Inhba",1
"GO:0071474","cellular hyperosmotic response","1/325","11/11892",0.0909090909090909,3.32643356643357,1.29390086213467,0.262829892650386,0.521135548310555,0.425486630099631,"Aqp1",1
"GO:0071816","tail-anchored membrane protein insertion into ER membrane","1/325","11/11892",0.0909090909090909,3.32643356643357,1.29390086213467,0.262829892650386,0.521135548310555,0.425486630099631,"Get4",1
"GO:0072350","tricarboxylic acid metabolic process","1/325","11/11892",0.0909090909090909,3.32643356643357,1.29390086213467,0.262829892650386,0.521135548310555,0.425486630099631,"Glud1",1
"GO:0090493","catecholamine uptake","1/325","11/11892",0.0909090909090909,3.32643356643357,1.29390086213467,0.262829892650386,0.521135548310555,0.425486630099631,"Slc29a4",1
"GO:0090520","sphingolipid mediated signaling pathway","1/325","11/11892",0.0909090909090909,3.32643356643357,1.29390086213467,0.262829892650386,0.521135548310555,0.425486630099631,"Ezr",1
"GO:0097212","lysosomal membrane organization","1/325","11/11892",0.0909090909090909,3.32643356643357,1.29390086213467,0.262829892650386,0.521135548310555,0.425486630099631,"Hspa8",1
"GO:0098840","protein transport along microtubule","1/325","11/11892",0.0909090909090909,3.32643356643357,1.29390086213467,0.262829892650386,0.521135548310555,0.425486630099631,"Hspb1",1
"GO:0099118","microtubule-based protein transport","1/325","11/11892",0.0909090909090909,3.32643356643357,1.29390086213467,0.262829892650386,0.521135548310555,0.425486630099631,"Hspb1",1
"GO:1900025","negative regulation of substrate adhesion-dependent cell spreading","1/325","11/11892",0.0909090909090909,3.32643356643357,1.29390086213467,0.262829892650386,0.521135548310555,0.425486630099631,"Spry4",1
"GO:1901334","lactone metabolic process","1/325","11/11892",0.0909090909090909,3.32643356643357,1.29390086213467,0.262829892650386,0.521135548310555,0.425486630099631,"Slc23a2",1
"GO:1902101","positive regulation of metaphase/anaphase transition of cell cycle","1/325","11/11892",0.0909090909090909,3.32643356643357,1.29390086213467,0.262829892650386,0.521135548310555,0.425486630099631,"Rb1",1
"GO:1902883","negative regulation of response to oxidative stress","1/325","11/11892",0.0909090909090909,3.32643356643357,1.29390086213467,0.262829892650386,0.521135548310555,0.425486630099631,"Hspb1",1
"GO:1903236","regulation of leukocyte tethering or rolling","1/325","11/11892",0.0909090909090909,3.32643356643357,1.29390086213467,0.262829892650386,0.521135548310555,0.425486630099631,"Chst4",1
"GO:1903423","positive regulation of synaptic vesicle recycling","1/325","11/11892",0.0909090909090909,3.32643356643357,1.29390086213467,0.262829892650386,0.521135548310555,0.425486630099631,"Sh3gl1",1
"GO:1904044","response to aldosterone","1/325","11/11892",0.0909090909090909,3.32643356643357,1.29390086213467,0.262829892650386,0.521135548310555,0.425486630099631,"Inhba",1
"GO:1904748","regulation of apoptotic process involved in development","1/325","11/11892",0.0909090909090909,3.32643356643357,1.29390086213467,0.262829892650386,0.521135548310555,0.425486630099631,"Tnfrsf1a",1
"GO:2000319","regulation of T-helper 17 cell differentiation","1/325","11/11892",0.0909090909090909,3.32643356643357,1.29390086213467,0.262829892650386,0.521135548310555,0.425486630099631,"Lgals1",1
"GO:2000641","regulation of early endosome to late endosome transport","1/325","11/11892",0.0909090909090909,3.32643356643357,1.29390086213467,0.262829892650386,0.521135548310555,0.425486630099631,"Ezr",1
"GO:2001241","positive regulation of extrinsic apoptotic signaling pathway in absence of ligand","1/325","11/11892",0.0909090909090909,3.32643356643357,1.29390086213467,0.262829892650386,0.521135548310555,0.425486630099631,"Inhba",1
"GO:0051336","regulation of hydrolase activity","9/325","255/11892",0.0352941176470588,1.29143891402715,0.788565214264582,0.263481264078579,0.522146203975075,0.426311790605917,"Serpinh1/Cldn4/Calm1/Epha4/Psap/Rrp1b/Oas1g/Rhoc/Antxr1",9
"GO:0030072","peptide hormone secretion","7/325","190/11892",0.0368421052631579,1.34808097165992,0.810713749216852,0.263731918174107,0.522206196971714,0.426360772522527,"Il1b/Glud1/Adra2a/Camk2n1/Gna11/Aqp1/Cpe",7
"GO:0140694","membraneless organelle assembly","10/325","288/11892",0.0347222222222222,1.27051282051282,0.778970011482088,0.26379488300633,0.522206196971714,0.426360772522527,"Hspa1b/Mapre3/Vil1/Rrs1/Prkaa2/Plk4/Ezr/Haus8/Brix1/Rpsa",10
"GO:0022618","protein-RNA complex assembly","5/325","127/11892",0.0393700787401575,1.44058146577832,0.836705493537439,0.267084754380704,0.527536288150909,0.430712581838378,"Hsp90ab1/Rrs1/Hsp90aa1/Brix1/Rpsa",5
"GO:1903531","negative regulation of secretion by cell","4/325","96/11892",0.0416666666666667,1.52461538461538,0.86506702794045,0.267619238554198,0.527536288150909,0.430712581838378,"Il1b/Adra2a/Nmb/Tnfrsf1a",4
"GO:0002639","positive regulation of immunoglobulin production","2/325","37/11892",0.0540540540540541,1.97787941787942,0.998563966741719,0.268379842273355,0.527536288150909,0.430712581838378,"Tfrc/H2-T23",2
"GO:0030858","positive regulation of epithelial cell differentiation","2/325","37/11892",0.0540540540540541,1.97787941787942,0.998563966741719,0.268379842273355,0.527536288150909,0.430712581838378,"Atoh1/Foxa3",2
"GO:0031670","cellular response to nutrient","2/325","37/11892",0.0540540540540541,1.97787941787942,0.998563966741719,0.268379842273355,0.527536288150909,0.430712581838378,"Lpl/Tnc",2
"GO:0033120","positive regulation of RNA splicing","2/325","37/11892",0.0540540540540541,1.97787941787942,0.998563966741719,0.268379842273355,0.527536288150909,0.430712581838378,"Hspa8/Rbm3",2
"GO:0042491","inner ear auditory receptor cell differentiation","2/325","37/11892",0.0540540540540541,1.97787941787942,0.998563966741719,0.268379842273355,0.527536288150909,0.430712581838378,"Wdpcp/Atoh1",2
"GO:0046189","phenol-containing compound biosynthetic process","2/325","37/11892",0.0540540540540541,1.97787941787942,0.998563966741719,0.268379842273355,0.527536288150909,0.430712581838378,"Gch1/Nr4a2",2
"GO:0070232","regulation of T cell apoptotic process","2/325","37/11892",0.0540540540540541,1.97787941787942,0.998563966741719,0.268379842273355,0.527536288150909,0.430712581838378,"Ido1/Ada",2
"GO:0071385","cellular response to glucocorticoid stimulus","2/325","37/11892",0.0540540540540541,1.97787941787942,0.998563966741719,0.268379842273355,0.527536288150909,0.430712581838378,"Aqp1/Hmgcs2",2
"GO:0019751","polyol metabolic process","3/325","66/11892",0.0454545454545455,1.66321678321678,0.905626329823688,0.269456613987732,0.527536288150909,0.430712581838378,"Slc5a3/Gch1/Plpp1",3
"GO:0031398","positive regulation of protein ubiquitination","3/325","66/11892",0.0454545454545455,1.66321678321678,0.905626329823688,0.269456613987732,0.527536288150909,0.430712581838378,"Ubb/Trib3/Hspa5",3
"GO:0035418","protein localization to synapse","3/325","66/11892",0.0454545454545455,1.66321678321678,0.905626329823688,0.269456613987732,0.527536288150909,0.430712581838378,"Hspb1/Erbb2/Lrrtm1",3
"GO:0055092","sterol homeostasis","3/325","66/11892",0.0454545454545455,1.66321678321678,0.905626329823688,0.269456613987732,0.527536288150909,0.430712581838378,"Lpl/Scd1/Gramd1b",3
"GO:0002263","cell activation involved in immune response","7/325","192/11892",0.0364583333333333,1.33403846153846,0.782158304132876,0.272187317549164,0.527536288150909,0.430712581838378,"Hspd1/Tfrc/Ada/Lgals1/Cd74/Anxa3/Icosl",7
"GO:0006066","alcohol metabolic process","8/325","225/11892",0.0355555555555556,1.30100512820513,0.764057524558125,0.273904276866523,0.527536288150909,0.430712581838378,"Slc5a3/Gch1/Ces2a/Plpp1/Prkaa2/Hmgcs2/Aldh1a1/Lpcat3",8
"GO:0006401","RNA catabolic process","7/325","193/11892",0.0362694300518135,1.32712634515743,0.767998386754864,0.276442045511679,0.527536288150909,0.430712581838378,"Hspa1b/Elavl4/Rnps1/Etf1/Btg2/Fastk/Dcp2",7
"GO:0006835","dicarboxylic acid transport","3/325","67/11892",0.0447761194029851,1.638392652124,0.878345151987351,0.276906878965152,0.527536288150909,0.430712581838378,"Il1b/Slc13a2/Slc1a4",3
"GO:0016525","negative regulation of angiogenesis","3/325","67/11892",0.0447761194029851,1.638392652124,0.878345151987351,0.276906878965152,0.527536288150909,0.430712581838378,"Cd36/Thbs1/Sparc",3
"GO:0030516","regulation of axon extension","3/325","67/11892",0.0447761194029851,1.638392652124,0.878345151987351,0.276906878965152,0.527536288150909,0.430712581838378,"L1cam/Dnm2/Tnfrsf12a",3
"GO:0046785","microtubule polymerization","3/325","67/11892",0.0447761194029851,1.638392652124,0.878345151987351,0.276906878965152,0.527536288150909,0.430712581838378,"Hspa1b/Mapre3/Fkbp4",3
"GO:0051952","regulation of amine transport","3/325","67/11892",0.0447761194029851,1.638392652124,0.878345151987351,0.276906878965152,0.527536288150909,0.430712581838378,"Il1b/Slc43a1/Slc7a5",3
"GO:1901988","negative regulation of cell cycle phase transition","6/325","161/11892",0.0372670807453416,1.36363115145724,0.778658455594942,0.277932666117967,0.527536288150909,0.430712581838378,"Dusp1/Ctdspl/Topbp1/Rb1/Susd2/Inhba",6
"GO:0001895","retina homeostasis","2/325","38/11892",0.0526315789473684,1.92582995951417,0.95814462887593,0.278587183987513,0.527536288150909,0.430712581838378,"Slc28a2/Bsg",2
"GO:0002792","negative regulation of peptide secretion","2/325","38/11892",0.0526315789473684,1.92582995951417,0.95814462887593,0.278587183987513,0.527536288150909,0.430712581838378,"Adra2a/Cd74",2
"GO:0003170","heart valve development","2/325","38/11892",0.0526315789473684,1.92582995951417,0.95814462887593,0.278587183987513,0.527536288150909,0.430712581838378,"Rb1/Tnfrsf1a",2
"GO:0006749","glutathione metabolic process","2/325","38/11892",0.0526315789473684,1.92582995951417,0.95814462887593,0.278587183987513,0.527536288150909,0.430712581838378,"Dpep1/Hagh",2
"GO:0019933","cAMP-mediated signaling","2/325","38/11892",0.0526315789473684,1.92582995951417,0.95814462887593,0.278587183987513,0.527536288150909,0.430712581838378,"Pde4b/Pde9a",2
"GO:0031098","stress-activated protein kinase signaling cascade","2/325","38/11892",0.0526315789473684,1.92582995951417,0.95814462887593,0.278587183987513,0.527536288150909,0.430712581838378,"Il1b/Cryab",2
"GO:0031111","negative regulation of microtubule polymerization or depolymerization","2/325","38/11892",0.0526315789473684,1.92582995951417,0.95814462887593,0.278587183987513,0.527536288150909,0.430712581838378,"Ccdc88c/Fkbp4",2
"GO:0050873","brown fat cell differentiation","2/325","38/11892",0.0526315789473684,1.92582995951417,0.95814462887593,0.278587183987513,0.527536288150909,0.430712581838378,"Ptgs2/Scd1",2
"GO:0072599","establishment of protein localization to endoplasmic reticulum","2/325","38/11892",0.0526315789473684,1.92582995951417,0.95814462887593,0.278587183987513,0.527536288150909,0.430712581838378,"Get4/Hspa5",2
"GO:0007292","female gamete generation","4/325","98/11892",0.0408163265306122,1.49350078492936,0.822263147167084,0.279797049018551,0.527536288150909,0.430712581838378,"Ereg/Top2a/Ubb/Inhba",4
"GO:0010811","positive regulation of cell-substrate adhesion","4/325","98/11892",0.0408163265306122,1.49350078492936,0.822263147167084,0.279797049018551,0.527536288150909,0.430712581838378,"Cd36/Thbs1/L1cam/Dnm2",4
"GO:0055123","digestive system development","4/325","98/11892",0.0408163265306122,1.49350078492936,0.822263147167084,0.279797049018551,0.527536288150909,0.430712581838378,"Ada/Rb1/Wdpcp/Hmgcs2",4
"GO:0016236","macroautophagy","7/325","194/11892",0.0360824742268041,1.32028548770817,0.753915756072894,0.280713926867087,0.527536288150909,0.430712581838378,"Bag3/Calm1/Rnf31/Igtp/Prkaa2/Mcoln1/Tgtp1",7
"GO:0050807","regulation of synapse organization","9/325","260/11892",0.0346153846153846,1.26660355029586,0.728560980418132,0.281746159651034,0.527536288150909,0.430712581838378,"Hspa8/Epha4/Flrt3/Htr4/Srgap3/L1cam/Arc/Sparc/Lrrtm1",9
"GO:0006511","ubiquitin-dependent protein catabolic process","13/325","394/11892",0.032994923857868,1.20730964467005,0.701450401698882,0.282014603813313,0.527536288150909,0.430712581838378,"Hspa1b/Hsp90ab1/Xpo1/Trf/Herc6/Spsb1/Ube2g2/Appbp2/Herc3/Ubd/Get4/Trib3/Rnf114",13
"GO:0061061","muscle structure development","15/325","462/11892",0.0324675324675325,1.18801198801199,0.690913878389907,0.282619566188715,0.527536288150909,0.430712581838378,"Cacybp/Ereg/Hspa8/Sik1/Nr1d2/Ppp2r3a/Arid5b/Nr4a1/Cryab/Lgals1/Rb1/Adamts15/Btg2/Pdlim2/Ppara",15
"GO:0000466","maturation of 5.8S rRNA from tricistronic rRNA transcript (SSU-rRNA, 5.8S rRNA, LSU-rRNA)","1/325","12/11892",0.0833333333333333,3.04923076923077,1.1904571647205,0.282994885907572,0.527536288150909,0.430712581838378,"Rrs1",1
"GO:0001553","luteinization","1/325","12/11892",0.0833333333333333,3.04923076923077,1.1904571647205,0.282994885907572,0.527536288150909,0.430712581838378,"Inhba",1
"GO:0001767","establishment of lymphocyte polarity","1/325","12/11892",0.0833333333333333,3.04923076923077,1.1904571647205,0.282994885907572,0.527536288150909,0.430712581838378,"Abl2",1
"GO:0001768","establishment of T cell polarity","1/325","12/11892",0.0833333333333333,3.04923076923077,1.1904571647205,0.282994885907572,0.527536288150909,0.430712581838378,"Abl2",1
"GO:0002138","retinoic acid biosynthetic process","1/325","12/11892",0.0833333333333333,3.04923076923077,1.1904571647205,0.282994885907572,0.527536288150909,0.430712581838378,"Aldh1a1",1
"GO:0002295","T-helper cell lineage commitment","1/325","12/11892",0.0833333333333333,3.04923076923077,1.1904571647205,0.282994885907572,0.527536288150909,0.430712581838378,"Lgals1",1
"GO:0002317","plasma cell differentiation","1/325","12/11892",0.0833333333333333,3.04923076923077,1.1904571647205,0.282994885907572,0.527536288150909,0.430712581838378,"Lgals1",1
"GO:0002544","chronic inflammatory response","1/325","12/11892",0.0833333333333333,3.04923076923077,1.1904571647205,0.282994885907572,0.527536288150909,0.430712581838378,"Ido1",1
"GO:0002643","regulation of tolerance induction","1/325","12/11892",0.0833333333333333,3.04923076923077,1.1904571647205,0.282994885907572,0.527536288150909,0.430712581838378,"Ido1",1
"GO:0002827","positive regulation of T-helper 1 type immune response","1/325","12/11892",0.0833333333333333,3.04923076923077,1.1904571647205,0.282994885907572,0.527536288150909,0.430712581838378,"Il1b",1
"GO:0006541","glutamine metabolic process","1/325","12/11892",0.0833333333333333,3.04923076923077,1.1904571647205,0.282994885907572,0.527536288150909,0.430712581838378,"Glud1",1
"GO:0006656","phosphatidylcholine biosynthetic process","1/325","12/11892",0.0833333333333333,3.04923076923077,1.1904571647205,0.282994885907572,0.527536288150909,0.430712581838378,"Lpcat3",1
"GO:0006662","glycerol ether metabolic process","1/325","12/11892",0.0833333333333333,3.04923076923077,1.1904571647205,0.282994885907572,0.527536288150909,0.430712581838378,"Pxmp4",1
"GO:0006684","sphingomyelin metabolic process","1/325","12/11892",0.0833333333333333,3.04923076923077,1.1904571647205,0.282994885907572,0.527536288150909,0.430712581838378,"Smpdl3b",1
"GO:0006968","cellular defense response","1/325","12/11892",0.0833333333333333,3.04923076923077,1.1904571647205,0.282994885907572,0.527536288150909,0.430712581838378,"B2m",1
"GO:0007141","male meiosis I","1/325","12/11892",0.0833333333333333,3.04923076923077,1.1904571647205,0.282994885907572,0.527536288150909,0.430712581838378,"Ubb",1
"GO:0007213","G protein-coupled acetylcholine receptor signaling pathway","1/325","12/11892",0.0833333333333333,3.04923076923077,1.1904571647205,0.282994885907572,0.527536288150909,0.430712581838378,"Gna11",1
"GO:0009310","amine catabolic process","1/325","12/11892",0.0833333333333333,3.04923076923077,1.1904571647205,0.282994885907572,0.527536288150909,0.430712581838378,"Smox",1
"GO:0009648","photoperiodism","1/325","12/11892",0.0833333333333333,3.04923076923077,1.1904571647205,0.282994885907572,0.527536288150909,0.430712581838378,"Sik1",1
"GO:0009649","entrainment of circadian clock","1/325","12/11892",0.0833333333333333,3.04923076923077,1.1904571647205,0.282994885907572,0.527536288150909,0.430712581838378,"Sik1",1
"GO:0010737","protein kinase A signaling","1/325","12/11892",0.0833333333333333,3.04923076923077,1.1904571647205,0.282994885907572,0.527536288150909,0.430712581838378,"Ezr",1
"GO:0010950","positive regulation of endopeptidase activity","1/325","12/11892",0.0833333333333333,3.04923076923077,1.1904571647205,0.282994885907572,0.527536288150909,0.430712581838378,"Epha4",1
"GO:0014819","regulation of skeletal muscle contraction","1/325","12/11892",0.0833333333333333,3.04923076923077,1.1904571647205,0.282994885907572,0.527536288150909,0.430712581838378,"Nr4a1",1
"GO:0016102","diterpenoid biosynthetic process","1/325","12/11892",0.0833333333333333,3.04923076923077,1.1904571647205,0.282994885907572,0.527536288150909,0.430712581838378,"Aldh1a1",1
"GO:0016540","protein autoprocessing","1/325","12/11892",0.0833333333333333,3.04923076923077,1.1904571647205,0.282994885907572,0.527536288150909,0.430712581838378,"Ctse",1
"GO:0019184","nonribosomal peptide biosynthetic process","1/325","12/11892",0.0833333333333333,3.04923076923077,1.1904571647205,0.282994885907572,0.527536288150909,0.430712581838378,"Hagh",1
"GO:0021692","cerebellar Purkinje cell layer morphogenesis","1/325","12/11892",0.0833333333333333,3.04923076923077,1.1904571647205,0.282994885907572,0.527536288150909,0.430712581838378,"Psap",1
"GO:0021871","forebrain regionalization","1/325","12/11892",0.0833333333333333,3.04923076923077,1.1904571647205,0.282994885907572,0.527536288150909,0.430712581838378,"Pgap1",1
"GO:0030810","positive regulation of nucleotide biosynthetic process","1/325","12/11892",0.0833333333333333,3.04923076923077,1.1904571647205,0.282994885907572,0.527536288150909,0.430712581838378,"Ppara",1
"GO:0032148","activation of protein kinase B activity","1/325","12/11892",0.0833333333333333,3.04923076923077,1.1904571647205,0.282994885907572,0.527536288150909,0.430712581838378,"Adra2a",1
"GO:0032331","negative regulation of chondrocyte differentiation","1/325","12/11892",0.0833333333333333,3.04923076923077,1.1904571647205,0.282994885907572,0.527536288150909,0.430712581838378,"Efemp1",1
"GO:0032354","response to follicle-stimulating hormone","1/325","12/11892",0.0833333333333333,3.04923076923077,1.1904571647205,0.282994885907572,0.527536288150909,0.430712581838378,"Inhba",1
"GO:0032695","negative regulation of interleukin-12 production","1/325","12/11892",0.0833333333333333,3.04923076923077,1.1904571647205,0.282994885907572,0.527536288150909,0.430712581838378,"Thbs1",1
"GO:0032740","positive regulation of interleukin-17 production","1/325","12/11892",0.0833333333333333,3.04923076923077,1.1904571647205,0.282994885907572,0.527536288150909,0.430712581838378,"Slc7a5",1
"GO:0034392","negative regulation of smooth muscle cell apoptotic process","1/325","12/11892",0.0833333333333333,3.04923076923077,1.1904571647205,0.282994885907572,0.527536288150909,0.430712581838378,"Slc7a5",1
"GO:0035729","cellular response to hepatocyte growth factor stimulus","1/325","12/11892",0.0833333333333333,3.04923076923077,1.1904571647205,0.282994885907572,0.527536288150909,0.430712581838378,"Vil1",1
"GO:0035860","glial cell-derived neurotrophic factor receptor signaling pathway","1/325","12/11892",0.0833333333333333,3.04923076923077,1.1904571647205,0.282994885907572,0.527536288150909,0.430712581838378,"Sulf2",1
"GO:0042730","fibrinolysis","1/325","12/11892",0.0833333333333333,3.04923076923077,1.1904571647205,0.282994885907572,0.527536288150909,0.430712581838378,"Thbs1",1
"GO:0043508","negative regulation of JUN kinase activity","1/325","12/11892",0.0833333333333333,3.04923076923077,1.1904571647205,0.282994885907572,0.527536288150909,0.430712581838378,"Dnaja1",1
"GO:0046128","purine ribonucleoside metabolic process","1/325","12/11892",0.0833333333333333,3.04923076923077,1.1904571647205,0.282994885907572,0.527536288150909,0.430712581838378,"Ada",1
"GO:0046485","ether lipid metabolic process","1/325","12/11892",0.0833333333333333,3.04923076923077,1.1904571647205,0.282994885907572,0.527536288150909,0.430712581838378,"Pxmp4",1
"GO:0048245","eosinophil chemotaxis","1/325","12/11892",0.0833333333333333,3.04923076923077,1.1904571647205,0.282994885907572,0.527536288150909,0.430712581838378,"Ccl7",1
"GO:0048291","isotype switching to IgG isotypes","1/325","12/11892",0.0833333333333333,3.04923076923077,1.1904571647205,0.282994885907572,0.527536288150909,0.430712581838378,"Hspd1",1
"GO:0050913","sensory perception of bitter taste","1/325","12/11892",0.0833333333333333,3.04923076923077,1.1904571647205,0.282994885907572,0.527536288150909,0.430712581838378,"Rtp4",1
"GO:0051014","actin filament severing","1/325","12/11892",0.0833333333333333,3.04923076923077,1.1904571647205,0.282994885907572,0.527536288150909,0.430712581838378,"Vil1",1
"GO:0060263","regulation of respiratory burst","1/325","12/11892",0.0833333333333333,3.04923076923077,1.1904571647205,0.282994885907572,0.527536288150909,0.430712581838378,"Jchain",1
"GO:0060314","regulation of ryanodine-sensitive calcium-release channel activity","1/325","12/11892",0.0833333333333333,3.04923076923077,1.1904571647205,0.282994885907572,0.527536288150909,0.430712581838378,"Calm1",1
"GO:0060973","cell migration involved in heart development","1/325","12/11892",0.0833333333333333,3.04923076923077,1.1904571647205,0.282994885907572,0.527536288150909,0.430712581838378,"Flrt3",1
"GO:0061179","negative regulation of insulin secretion involved in cellular response to glucose stimulus","1/325","12/11892",0.0833333333333333,3.04923076923077,1.1904571647205,0.282994885907572,0.527536288150909,0.430712581838378,"Adra2a",1
"GO:0062099","negative regulation of programmed necrotic cell death","1/325","12/11892",0.0833333333333333,3.04923076923077,1.1904571647205,0.282994885907572,0.527536288150909,0.430712581838378,"Rnf31",1
"GO:0071280","cellular response to copper ion","1/325","12/11892",0.0833333333333333,3.04923076923077,1.1904571647205,0.282994885907572,0.527536288150909,0.430712581838378,"Aqp1",1
"GO:0071380","cellular response to prostaglandin E stimulus","1/325","12/11892",0.0833333333333333,3.04923076923077,1.1904571647205,0.282994885907572,0.527536288150909,0.430712581838378,"Prkaa2",1
"GO:0072176","nephric duct development","1/325","12/11892",0.0833333333333333,3.04923076923077,1.1904571647205,0.282994885907572,0.527536288150909,0.430712581838378,"Epha4",1
"GO:0090026","positive regulation of monocyte chemotaxis","1/325","12/11892",0.0833333333333333,3.04923076923077,1.1904571647205,0.282994885907572,0.527536288150909,0.430712581838378,"Creb3",1
"GO:0090660","cerebrospinal fluid circulation","1/325","12/11892",0.0833333333333333,3.04923076923077,1.1904571647205,0.282994885907572,0.527536288150909,0.430712581838378,"Cwh43",1
"GO:0097398","cellular response to interleukin-17","1/325","12/11892",0.0833333333333333,3.04923076923077,1.1904571647205,0.282994885907572,0.527536288150909,0.430712581838378,"Il1b",1
"GO:0097401","synaptic vesicle lumen acidification","1/325","12/11892",0.0833333333333333,3.04923076923077,1.1904571647205,0.282994885907572,0.527536288150909,0.430712581838378,"Atp6v0c",1
"GO:0160049","negative regulation of cGAS/STING signaling pathway","1/325","12/11892",0.0833333333333333,3.04923076923077,1.1904571647205,0.282994885907572,0.527536288150909,0.430712581838378,"Igtp",1
"GO:1900272","negative regulation of long-term synaptic potentiation","1/325","12/11892",0.0833333333333333,3.04923076923077,1.1904571647205,0.282994885907572,0.527536288150909,0.430712581838378,"Epha4",1
"GO:1900373","positive regulation of purine nucleotide biosynthetic process","1/325","12/11892",0.0833333333333333,3.04923076923077,1.1904571647205,0.282994885907572,0.527536288150909,0.430712581838378,"Ppara",1
"GO:1901096","regulation of autophagosome maturation","1/325","12/11892",0.0833333333333333,3.04923076923077,1.1904571647205,0.282994885907572,0.527536288150909,0.430712581838378,"Igtp",1
"GO:1901201","regulation of extracellular matrix assembly","1/325","12/11892",0.0833333333333333,3.04923076923077,1.1904571647205,0.282994885907572,0.527536288150909,0.430712581838378,"Antxr1",1
"GO:1901857","positive regulation of cellular respiration","1/325","12/11892",0.0833333333333333,3.04923076923077,1.1904571647205,0.282994885907572,0.527536288150909,0.430712581838378,"Oas1g",1
"GO:1901985","positive regulation of protein acetylation","1/325","12/11892",0.0833333333333333,3.04923076923077,1.1904571647205,0.282994885907572,0.527536288150909,0.430712581838378,"Prkaa2",1
"GO:1902230","negative regulation of intrinsic apoptotic signaling pathway in response to DNA damage","1/325","12/11892",0.0833333333333333,3.04923076923077,1.1904571647205,0.282994885907572,0.527536288150909,0.430712581838378,"Cd74",1
"GO:1902570","protein localization to nucleolus","1/325","12/11892",0.0833333333333333,3.04923076923077,1.1904571647205,0.282994885907572,0.527536288150909,0.430712581838378,"Rrs1",1
"GO:1903358","regulation of Golgi organization","1/325","12/11892",0.0833333333333333,3.04923076923077,1.1904571647205,0.282994885907572,0.527536288150909,0.430712581838378,"Dnm2",1
"GO:1903826","L-arginine transmembrane transport","1/325","12/11892",0.0833333333333333,3.04923076923077,1.1904571647205,0.282994885907572,0.527536288150909,0.430712581838378,"Slc47a1",1
"GO:1990822","basic amino acid transmembrane transport","1/325","12/11892",0.0833333333333333,3.04923076923077,1.1904571647205,0.282994885907572,0.527536288150909,0.430712581838378,"Slc47a1",1
"GO:2000679","positive regulation of transcription regulatory region DNA binding","1/325","12/11892",0.0833333333333333,3.04923076923077,1.1904571647205,0.282994885907572,0.527536288150909,0.430712581838378,"Rb1",1
"GO:2001028","positive regulation of endothelial cell chemotaxis","1/325","12/11892",0.0833333333333333,3.04923076923077,1.1904571647205,0.282994885907572,0.527536288150909,0.430712581838378,"Hspb1",1
"GO:2001169","regulation of ATP biosynthetic process","1/325","12/11892",0.0833333333333333,3.04923076923077,1.1904571647205,0.282994885907572,0.527536288150909,0.430712581838378,"Ppara",1
"GO:2001212","regulation of vasculogenesis","1/325","12/11892",0.0833333333333333,3.04923076923077,1.1904571647205,0.282994885907572,0.527536288150909,0.430712581838378,"Asb4",1
"GO:0003013","circulatory system process","12/325","361/11892",0.0332409972299169,1.21631365864053,0.699591557684477,0.284243848459698,0.527536288150909,0.430712581838378,"Cd36/Calm1/Adra2a/Gch1/Ada/Ptgs2/Camk2n1/Gna11/Hsp90aa1/Slc23a2/Scpep1/Ppara",12
"GO:0006096","glycolytic process","3/325","68/11892",0.0441176470588235,1.61429864253394,0.851515001874165,0.284377266564258,0.527536288150909,0.430712581838378,"Pklr/Prkaa2/Ppara",3
"GO:0006970","response to osmotic stress","3/325","68/11892",0.0441176470588235,1.61429864253394,0.851515001874165,0.284377266564258,0.527536288150909,0.430712581838378,"Ptgs2/Aqp1/Hsp90aa1",3
"GO:0007127","meiosis I","3/325","68/11892",0.0441176470588235,1.61429864253394,0.851515001874165,0.284377266564258,0.527536288150909,0.430712581838378,"Top2a/Topbp1/Ubb",3
"GO:0033135","regulation of peptidyl-serine phosphorylation","3/325","68/11892",0.0441176470588235,1.61429864253394,0.851515001874165,0.284377266564258,0.527536288150909,0.430712581838378,"Tfrc/Ptgs2/Igtp",3
"GO:0036465","synaptic vesicle recycling","3/325","68/11892",0.0441176470588235,1.61429864253394,0.851515001874165,0.284377266564258,0.527536288150909,0.430712581838378,"Btbd9/Dnm2/Sh3gl1",3
"GO:0046032","ADP catabolic process","3/325","68/11892",0.0441176470588235,1.61429864253394,0.851515001874165,0.284377266564258,0.527536288150909,0.430712581838378,"Pklr/Prkaa2/Ppara",3
"GO:0060021","roof of mouth development","3/325","68/11892",0.0441176470588235,1.61429864253394,0.851515001874165,0.284377266564258,0.527536288150909,0.430712581838378,"Arid5b/Wdpcp/Inhba",3
"GO:0070227","lymphocyte apoptotic process","3/325","68/11892",0.0441176470588235,1.61429864253394,0.851515001874165,0.284377266564258,0.527536288150909,0.430712581838378,"Ido1/Ada/Cd74",3
"GO:0120193","tight junction organization","3/325","68/11892",0.0441176470588235,1.61429864253394,0.851515001874165,0.284377266564258,0.527536288150909,0.430712581838378,"Cldn2/Il1b/Cldn4",3
"GO:1903321","negative regulation of protein modification by small protein conjugation or removal","3/325","68/11892",0.0441176470588235,1.61429864253394,0.851515001874165,0.284377266564258,0.527536288150909,0.430712581838378,"Dnaja1/Hspa1b/Isg15",3
"GO:2000106","regulation of leukocyte apoptotic process","3/325","68/11892",0.0441176470588235,1.61429864253394,0.851515001874165,0.284377266564258,0.527536288150909,0.430712581838378,"Ido1/Ada/Cd74",3
"GO:2000181","negative regulation of blood vessel morphogenesis","3/325","68/11892",0.0441176470588235,1.61429864253394,0.851515001874165,0.284377266564258,0.527536288150909,0.430712581838378,"Cd36/Thbs1/Sparc",3
"GO:0051056","regulation of small GTPase mediated signal transduction","6/325","163/11892",0.0368098159509202,1.34689948088721,0.747493570148372,0.287358070635855,0.532230296433715,0.434545054546076,"Erbb2/Dynlt1a/Spry4/Dnm2/Cdc42se2/Abl2",6
"GO:0002712","regulation of B cell mediated immunity","2/325","39/11892",0.0512820512820513,1.87644970414201,0.918936839309565,0.28878475118487,0.532230296433715,0.434545054546076,"Tfrc/H2-T23",2
"GO:0002889","regulation of immunoglobulin mediated immune response","2/325","39/11892",0.0512820512820513,1.87644970414201,0.918936839309565,0.28878475118487,0.532230296433715,0.434545054546076,"Tfrc/H2-T23",2
"GO:0006956","complement activation","2/325","39/11892",0.0512820512820513,1.87644970414201,0.918936839309565,0.28878475118487,0.532230296433715,0.434545054546076,"Il1b/C1qa",2
"GO:0014037","Schwann cell differentiation","2/325","39/11892",0.0512820512820513,1.87644970414201,0.918936839309565,0.28878475118487,0.532230296433715,0.434545054546076,"Erbb2/Ndrg1",2
"GO:0021695","cerebellar cortex development","2/325","39/11892",0.0512820512820513,1.87644970414201,0.918936839309565,0.28878475118487,0.532230296433715,0.434545054546076,"Psap/Hspa5",2
"GO:0039532","negative regulation of cytoplasmic pattern recognition receptor signaling pathway","2/325","39/11892",0.0512820512820513,1.87644970414201,0.918936839309565,0.28878475118487,0.532230296433715,0.434545054546076,"Hspa8/Igtp",2
"GO:0046470","phosphatidylcholine metabolic process","2/325","39/11892",0.0512820512820513,1.87644970414201,0.918936839309565,0.28878475118487,0.532230296433715,0.434545054546076,"Pnpla6/Lpcat3",2
"GO:0050798","activated T cell proliferation","2/325","39/11892",0.0512820512820513,1.87644970414201,0.918936839309565,0.28878475118487,0.532230296433715,0.434545054546076,"Ido1/Icosl",2
"GO:0072666","establishment of protein localization to vacuole","2/325","39/11892",0.0512820512820513,1.87644970414201,0.918936839309565,0.28878475118487,0.532230296433715,0.434545054546076,"Hspa8/Igtp",2
"GO:0090102","cochlea development","2/325","39/11892",0.0512820512820513,1.87644970414201,0.918936839309565,0.28878475118487,0.532230296433715,0.434545054546076,"Epha4/Psap",2
"GO:0098732","macromolecule deacylation","2/325","39/11892",0.0512820512820513,1.87644970414201,0.918936839309565,0.28878475118487,0.532230296433715,0.434545054546076,"Abhd12/Prkaa2",2
"GO:1905517","macrophage migration","2/325","39/11892",0.0512820512820513,1.87644970414201,0.918936839309565,0.28878475118487,0.532230296433715,0.434545054546076,"Thbs1/C5ar1",2
"GO:0050769","positive regulation of neurogenesis","7/325","196/11892",0.0357142857142857,1.30681318681319,0.725978701571356,0.289306547740588,0.532925504733537,0.43511266471519,"Il1b/Epha4/Trf/Lpar3/L1cam/Slc7a5/Tnfrsf12a",7
"GO:0002027","regulation of heart rate","3/325","69/11892",0.0434782608695652,1.59090301003344,0.82512055292973,0.291864425546522,0.534461036331858,0.436366365728869,"Calm1/Gch1/Ada",3
"GO:0007156","homophilic cell adhesion via plasma membrane adhesion molecules","3/325","69/11892",0.0434782608695652,1.59090301003344,0.82512055292973,0.291864425546522,0.534461036331858,0.436366365728869,"Cdhr5/L1cam/Bsg",3
"GO:0090288","negative regulation of cellular response to growth factor stimulus","3/325","69/11892",0.0434782608695652,1.59090301003344,0.82512055292973,0.291864425546522,0.534461036331858,0.436366365728869,"Thbs1/Sulf2/Spry4",3
"GO:1901343","negative regulation of vasculature development","3/325","69/11892",0.0434782608695652,1.59090301003344,0.82512055292973,0.291864425546522,0.534461036331858,0.436366365728869,"Cd36/Thbs1/Sparc",3
"GO:0000723","telomere maintenance","4/325","100/11892",0.04,1.46363076923077,0.78040315691381,0.292060341755462,0.534461036331858,0.436366365728869,"Hsp90ab1/Gch1/Hsp90aa1/Dcp2",4
"GO:0032200","telomere organization","4/325","100/11892",0.04,1.46363076923077,0.78040315691381,0.292060341755462,0.534461036331858,0.436366365728869,"Hsp90ab1/Gch1/Hsp90aa1/Dcp2",4
"GO:0046474","glycerophospholipid biosynthetic process","4/325","100/11892",0.04,1.46363076923077,0.78040315691381,0.292060341755462,0.534461036331858,0.436366365728869,"Pgap1/Cwh43/Lpcat3/Pigz",4
"GO:0002791","regulation of peptide secretion","6/325","164/11892",0.0365853658536585,1.33868667917448,0.732063179010129,0.292096614778756,0.534461036331858,0.436366365728869,"Il1b/Glud1/Adra2a/Camk2n1/Gna11/Cd74",6
"GO:0060541","respiratory system development","6/325","164/11892",0.0365853658536585,1.33868667917448,0.732063179010129,0.292096614778756,0.534461036331858,0.436366365728869,"Ada/Wdpcp/Hmgcs2/Tnc/Lta4h/Sparc",6
"GO:0060538","skeletal muscle organ development","5/325","132/11892",0.0378787878787879,1.38601398601399,0.747526937427702,0.29347135997476,0.534461036331858,0.436366365728869,"Hspa8/Nr1d2/Nr4a1/Rb1/Btg2",5
"GO:1902107","positive regulation of leukocyte differentiation","5/325","132/11892",0.0378787878787879,1.38601398601399,0.747526937427702,0.29347135997476,0.534461036331858,0.436366365728869,"Ada/Rb1/Cd74/Jun/Hsp90aa1",5
"GO:1903708","positive regulation of hemopoiesis","5/325","132/11892",0.0378787878787879,1.38601398601399,0.747526937427702,0.29347135997476,0.534461036331858,0.436366365728869,"Ada/Rb1/Cd74/Jun/Hsp90aa1",5
"GO:0046883","regulation of hormone secretion","7/325","197/11892",0.0355329949238579,1.30017961733698,0.712122490293667,0.293625984928419,0.534461036331858,0.436366365728869,"Il1b/Glud1/Adra2a/Camk2n1/Gna11/Nmb/Inhba",7
"GO:0007264","small GTPase-mediated signal transduction","10/325","298/11892",0.0335570469798658,1.22787816210635,0.667781978275858,0.298452515688855,0.534461036331858,0.436366365728869,"Rab39b/Rb1/Ccdc88c/Erbb2/Dynlt1a/Rhoc/Spry4/Dnm2/Cdc42se2/Abl2",10
"GO:0008654","phospholipid biosynthetic process","5/325","133/11892",0.037593984962406,1.37559282822441,0.730127016273816,0.298804447834953,0.534461036331858,0.436366365728869,"Pgap1/Cwh43/Hmgcs2/Lpcat3/Pigz",5
"GO:0010970","transport along microtubule","5/325","133/11892",0.037593984962406,1.37559282822441,0.730127016273816,0.298804447834953,0.534461036331858,0.436366365728869,"Hspb1/Hspa8/Ubb/Wdpcp/Bicd2",5
"GO:0031648","protein destabilization","2/325","40/11892",0.05,1.82953846153846,0.880868750645287,0.298965473901383,0.534461036331858,0.436366365728869,"Igtp/Ccdc88c",2
"GO:0034394","protein localization to cell surface","2/325","40/11892",0.05,1.82953846153846,0.880868750645287,0.298965473901383,0.534461036331858,0.436366365728869,"Hsp90ab1/Slc28a2",2
"GO:0038065","collagen-activated signaling pathway","2/325","40/11892",0.05,1.82953846153846,0.880868750645287,0.298965473901383,0.534461036331858,0.436366365728869,"Epha4/Erbb2",2
"GO:0042311","vasodilation","2/325","40/11892",0.05,1.82953846153846,0.880868750645287,0.298965473901383,0.534461036331858,0.436366365728869,"Adra2a/Gch1",2
"GO:0050881","musculoskeletal movement","2/325","40/11892",0.05,1.82953846153846,0.880868750645287,0.298965473901383,0.534461036331858,0.436366365728869,"Nr4a1/Hsp90aa1",2
"GO:0070613","regulation of protein processing","2/325","40/11892",0.05,1.82953846153846,0.880868750645287,0.298965473901383,0.534461036331858,0.436366365728869,"Thbs1/Cwh43",2
"GO:0099024","plasma membrane invagination","2/325","40/11892",0.05,1.82953846153846,0.880868750645287,0.298965473901383,0.534461036331858,0.436366365728869,"Cd36/Thbs1",2
"GO:1902893","regulation of miRNA transcription","2/325","40/11892",0.05,1.82953846153846,0.880868750645287,0.298965473901383,0.534461036331858,0.436366365728869,"Jun/Ppara",2
"GO:2000351","regulation of endothelial cell apoptotic process","2/325","40/11892",0.05,1.82953846153846,0.880868750645287,0.298965473901383,0.534461036331858,0.436366365728869,"Thbs1/Abl2",2
"GO:0002532","production of molecular mediator involved in inflammatory response","3/325","70/11892",0.0428571428571429,1.56817582417582,0.799147224300901,0.299365081700407,0.534461036331858,0.436366365728869,"Ido1/Cd96/Ppara",3
"GO:0009137","purine nucleoside diphosphate catabolic process","3/325","70/11892",0.0428571428571429,1.56817582417582,0.799147224300901,0.299365081700407,0.534461036331858,0.436366365728869,"Pklr/Prkaa2/Ppara",3
"GO:0009181","purine ribonucleoside diphosphate catabolic process","3/325","70/11892",0.0428571428571429,1.56817582417582,0.799147224300901,0.299365081700407,0.534461036331858,0.436366365728869,"Pklr/Prkaa2/Ppara",3
"GO:0010906","regulation of glucose metabolic process","3/325","70/11892",0.0428571428571429,1.56817582417582,0.799147224300901,0.299365081700407,0.534461036331858,0.436366365728869,"Sik1/Tff3/Ppara",3
"GO:0034446","substrate adhesion-dependent cell spreading","3/325","70/11892",0.0428571428571429,1.56817582417582,0.799147224300901,0.299365081700407,0.534461036331858,0.436366365728869,"Spry4/Dnm2/Antxr1",3
"GO:0050803","regulation of synapse structure or activity","9/325","265/11892",0.0339622641509434,1.2427053701016,0.669744242155875,0.300353148188488,0.534461036331858,0.436366365728869,"Hspa8/Epha4/Flrt3/Htr4/Srgap3/L1cam/Arc/Sparc/Lrrtm1",9
"GO:0009746","response to hexose","6/325","166/11892",0.036144578313253,1.32255792400371,0.701499420583308,0.301621047113821,0.534461036331858,0.436366365728869,"Thbs1/Adra2a/Ptgs2/Camk2n1/Prkaa2/Ppara",6
"GO:0090087","regulation of peptide transport","6/325","166/11892",0.036144578313253,1.32255792400371,0.701499420583308,0.301621047113821,0.534461036331858,0.436366365728869,"Il1b/Glud1/Adra2a/Camk2n1/Gna11/Cd74",6
"GO:0002524","hypersensitivity","1/325","13/11892",0.0769230769230769,2.81467455621302,1.09728890314346,0.302609924803198,0.534461036331858,0.436366365728869,"H2-T23",1
"GO:0003159","morphogenesis of an endothelium","1/325","13/11892",0.0769230769230769,2.81467455621302,1.09728890314346,0.302609924803198,0.534461036331858,0.436366365728869,"Bsg",1
"GO:0003214","cardiac left ventricle morphogenesis","1/325","13/11892",0.0769230769230769,2.81467455621302,1.09728890314346,0.302609924803198,0.534461036331858,0.436366365728869,"Cpe",1
"GO:0006670","sphingosine metabolic process","1/325","13/11892",0.0769230769230769,2.81467455621302,1.09728890314346,0.302609924803198,0.534461036331858,0.436366365728869,"Plpp1",1
"GO:0006833","water transport","1/325","13/11892",0.0769230769230769,2.81467455621302,1.09728890314346,0.302609924803198,0.534461036331858,0.436366365728869,"Aqp1",1
"GO:0007076","mitotic chromosome condensation","1/325","13/11892",0.0769230769230769,2.81467455621302,1.09728890314346,0.302609924803198,0.534461036331858,0.436366365728869,"Phf13",1
"GO:0007252","I-kappaB phosphorylation","1/325","13/11892",0.0769230769230769,2.81467455621302,1.09728890314346,0.302609924803198,0.534461036331858,0.436366365728869,"Saa3",1
"GO:0009074","aromatic amino acid family catabolic process","1/325","13/11892",0.0769230769230769,2.81467455621302,1.09728890314346,0.302609924803198,0.534461036331858,0.436366365728869,"Ido1",1
"GO:0009220","pyrimidine ribonucleotide biosynthetic process","1/325","13/11892",0.0769230769230769,2.81467455621302,1.09728890314346,0.302609924803198,0.534461036331858,0.436366365728869,"Upp1",1
"GO:0009435","NAD biosynthetic process","1/325","13/11892",0.0769230769230769,2.81467455621302,1.09728890314346,0.302609924803198,0.534461036331858,0.436366365728869,"Ido1",1
"GO:0010226","response to lithium ion","1/325","13/11892",0.0769230769230769,2.81467455621302,1.09728890314346,0.302609924803198,0.534461036331858,0.436366365728869,"Slc13a2",1
"GO:0010232","vascular transport","1/325","13/11892",0.0769230769230769,2.81467455621302,1.09728890314346,0.302609924803198,0.534461036331858,0.436366365728869,"Cd36",1
"GO:0010633","negative regulation of epithelial cell migration","1/325","13/11892",0.0769230769230769,2.81467455621302,1.09728890314346,0.302609924803198,0.534461036331858,0.436366365728869,"Ptprr",1
"GO:0010635","regulation of mitochondrial fusion","1/325","13/11892",0.0769230769230769,2.81467455621302,1.09728890314346,0.302609924803198,0.534461036331858,0.436366365728869,"Tfrc",1
"GO:0014048","regulation of glutamate secretion","1/325","13/11892",0.0769230769230769,2.81467455621302,1.09728890314346,0.302609924803198,0.534461036331858,0.436366365728869,"Il1b",1
"GO:0016264","gap junction assembly","1/325","13/11892",0.0769230769230769,2.81467455621302,1.09728890314346,0.302609924803198,0.534461036331858,0.436366365728869,"Il1b",1
"GO:0032211","negative regulation of telomere maintenance via telomerase","1/325","13/11892",0.0769230769230769,2.81467455621302,1.09728890314346,0.302609924803198,0.534461036331858,0.436366365728869,"Dcp2",1
"GO:0032785","negative regulation of DNA-templated transcription, elongation","1/325","13/11892",0.0769230769230769,2.81467455621302,1.09728890314346,0.302609924803198,0.534461036331858,0.436366365728869,"Hexim1",1
"GO:0034260","negative regulation of GTPase activity","1/325","13/11892",0.0769230769230769,2.81467455621302,1.09728890314346,0.302609924803198,0.534461036331858,0.436366365728869,"Rrp1b",1
"GO:0035022","positive regulation of Rac protein signal transduction","1/325","13/11892",0.0769230769230769,2.81467455621302,1.09728890314346,0.302609924803198,0.534461036331858,0.436366365728869,"Dynlt1a",1
"GO:0035313","wound healing, spreading of epidermal cells","1/325","13/11892",0.0769230769230769,2.81467455621302,1.09728890314346,0.302609924803198,0.534461036331858,0.436366365728869,"Col5a1",1
"GO:0035743","CD4-positive, alpha-beta T cell cytokine production","1/325","13/11892",0.0769230769230769,2.81467455621302,1.09728890314346,0.302609924803198,0.534461036331858,0.436366365728869,"Il1b",1
"GO:0035973","aggrephagy","1/325","13/11892",0.0769230769230769,2.81467455621302,1.09728890314346,0.302609924803198,0.534461036331858,0.436366365728869,"Bag3",1
"GO:0035994","response to muscle stretch","1/325","13/11892",0.0769230769230769,2.81467455621302,1.09728890314346,0.302609924803198,0.534461036331858,0.436366365728869,"Jun",1
"GO:0044851","hair cycle phase","1/325","13/11892",0.0769230769230769,2.81467455621302,1.09728890314346,0.302609924803198,0.534461036331858,0.436366365728869,"Ptgs2",1
"GO:0045606","positive regulation of epidermal cell differentiation","1/325","13/11892",0.0769230769230769,2.81467455621302,1.09728890314346,0.302609924803198,0.534461036331858,0.436366365728869,"Atoh1",1
"GO:0045953","negative regulation of natural killer cell mediated cytotoxicity","1/325","13/11892",0.0769230769230769,2.81467455621302,1.09728890314346,0.302609924803198,0.534461036331858,0.436366365728869,"H2-T23",1
"GO:0046642","negative regulation of alpha-beta T cell proliferation","1/325","13/11892",0.0769230769230769,2.81467455621302,1.09728890314346,0.302609924803198,0.534461036331858,0.436366365728869,"Slc4a2",1
"GO:0048102","autophagic cell death","1/325","13/11892",0.0769230769230769,2.81467455621302,1.09728890314346,0.302609924803198,0.534461036331858,0.436366365728869,"Atp6v0c",1
"GO:0050884","neuromuscular process controlling posture","1/325","13/11892",0.0769230769230769,2.81467455621302,1.09728890314346,0.302609924803198,0.534461036331858,0.436366365728869,"Gch1",1
"GO:0051412","response to corticosterone","1/325","13/11892",0.0769230769230769,2.81467455621302,1.09728890314346,0.302609924803198,0.534461036331858,0.436366365728869,"Fosb",1
"GO:0051443","positive regulation of ubiquitin-protein transferase activity","1/325","13/11892",0.0769230769230769,2.81467455621302,1.09728890314346,0.302609924803198,0.534461036331858,0.436366365728869,"Trib3",1
"GO:0060253","negative regulation of glial cell proliferation","1/325","13/11892",0.0769230769230769,2.81467455621302,1.09728890314346,0.302609924803198,0.534461036331858,0.436366365728869,"Rb1",1
"GO:0060623","regulation of chromosome condensation","1/325","13/11892",0.0769230769230769,2.81467455621302,1.09728890314346,0.302609924803198,0.534461036331858,0.436366365728869,"Ncapg2",1
"GO:0061154","endothelial tube morphogenesis","1/325","13/11892",0.0769230769230769,2.81467455621302,1.09728890314346,0.302609924803198,0.534461036331858,0.436366365728869,"Bsg",1
"GO:0070206","protein trimerization","1/325","13/11892",0.0769230769230769,2.81467455621302,1.09728890314346,0.302609924803198,0.534461036331858,0.436366365728869,"Cd74",1
"GO:0070234","positive regulation of T cell apoptotic process","1/325","13/11892",0.0769230769230769,2.81467455621302,1.09728890314346,0.302609924803198,0.534461036331858,0.436366365728869,"Ido1",1
"GO:0070571","negative regulation of neuron projection regeneration","1/325","13/11892",0.0769230769230769,2.81467455621302,1.09728890314346,0.302609924803198,0.534461036331858,0.436366365728869,"Epha4",1
"GO:0071498","cellular response to fluid shear stress","1/325","13/11892",0.0769230769230769,2.81467455621302,1.09728890314346,0.302609924803198,0.534461036331858,0.436366365728869,"Ptgs2",1
"GO:0072673","lamellipodium morphogenesis","1/325","13/11892",0.0769230769230769,2.81467455621302,1.09728890314346,0.302609924803198,0.534461036331858,0.436366365728869,"Vil1",1
"GO:0090336","positive regulation of brown fat cell differentiation","1/325","13/11892",0.0769230769230769,2.81467455621302,1.09728890314346,0.302609924803198,0.534461036331858,0.436366365728869,"Ptgs2",1
"GO:0110154","RNA decapping","1/325","13/11892",0.0769230769230769,2.81467455621302,1.09728890314346,0.302609924803198,0.534461036331858,0.436366365728869,"Dcp2",1
"GO:0140131","positive regulation of lymphocyte chemotaxis","1/325","13/11892",0.0769230769230769,2.81467455621302,1.09728890314346,0.302609924803198,0.534461036331858,0.436366365728869,"Ccl7",1
"GO:0150104","transport across blood-brain barrier","1/325","13/11892",0.0769230769230769,2.81467455621302,1.09728890314346,0.302609924803198,0.534461036331858,0.436366365728869,"Cd36",1
"GO:0170043","non-proteinogenic amino acid biosynthetic process","1/325","13/11892",0.0769230769230769,2.81467455621302,1.09728890314346,0.302609924803198,0.534461036331858,0.436366365728869,"Aldh1a1",1
"GO:1900038","negative regulation of cellular response to hypoxia","1/325","13/11892",0.0769230769230769,2.81467455621302,1.09728890314346,0.302609924803198,0.534461036331858,0.436366365728869,"Epha4",1
"GO:1900120","regulation of receptor binding","1/325","13/11892",0.0769230769230769,2.81467455621302,1.09728890314346,0.302609924803198,0.534461036331858,0.436366365728869,"B2m",1
"GO:1901142","insulin metabolic process","1/325","13/11892",0.0769230769230769,2.81467455621302,1.09728890314346,0.302609924803198,0.534461036331858,0.436366365728869,"Cpe",1
"GO:1903214","regulation of protein targeting to mitochondrion","1/325","13/11892",0.0769230769230769,2.81467455621302,1.09728890314346,0.302609924803198,0.534461036331858,0.436366365728869,"Bag3",1
"GO:1903306","negative regulation of regulated secretory pathway","1/325","13/11892",0.0769230769230769,2.81467455621302,1.09728890314346,0.302609924803198,0.534461036331858,0.436366365728869,"Adra2a",1
"GO:1903587","regulation of blood vessel endothelial cell proliferation involved in sprouting angiogenesis","1/325","13/11892",0.0769230769230769,2.81467455621302,1.09728890314346,0.302609924803198,0.534461036331858,0.436366365728869,"Thbs1",1
"GO:1903729","regulation of plasma membrane organization","1/325","13/11892",0.0769230769230769,2.81467455621302,1.09728890314346,0.302609924803198,0.534461036331858,0.436366365728869,"Dnm2",1
"GO:2000052","positive regulation of non-canonical Wnt signaling pathway","1/325","13/11892",0.0769230769230769,2.81467455621302,1.09728890314346,0.302609924803198,0.534461036331858,0.436366365728869,"Abl2",1
"GO:0001678","intracellular glucose homeostasis","5/325","134/11892",0.0373134328358209,1.36532721010333,0.712866479617027,0.304153272215787,0.536159235479383,0.437752878383516,"Adra2a/Camk2n1/Prkaa2/Pik3r2/Foxa3",5
"GO:0050806","positive regulation of synaptic transmission","5/325","134/11892",0.0373134328358209,1.36532721010333,0.712866479617027,0.304153272215787,0.536159235479383,0.437752878383516,"Epha4/Ptgs2/Arc/Pde9a/Lrrtm1",5
"GO:0071826","protein-RNA complex organization","5/325","134/11892",0.0373134328358209,1.36532721010333,0.712866479617027,0.304153272215787,0.536159235479383,0.437752878383516,"Hsp90ab1/Rrs1/Hsp90aa1/Brix1/Rpsa",5
"GO:0120032","regulation of plasma membrane bounded cell projection assembly","5/325","134/11892",0.0373134328358209,1.36532721010333,0.712866479617027,0.304153272215787,0.536159235479383,0.437752878383516,"Espn/Aqp1/Wdpcp/Hsp90aa1/Dnm2",5
"GO:0170039","proteinogenic amino acid metabolic process","4/325","102/11892",0.0392156862745098,1.43493212669683,0.73944380368065,0.304394014349992,0.536327120886268,0.437889950199572,"Glud1/Cdo1/Ido1/Adhfe1",4
"GO:1903311","regulation of mRNA metabolic process","7/325","200/11892",0.035,1.28067692307692,0.670992712884744,0.306668988036035,0.538640513458013,0.439778744031887,"Hspa8/Elavl4/Rnps1/Btg2/Fastk/Dcp2/Rbm3",7
"GO:0015918","sterol transport","3/325","71/11892",0.0422535211267606,1.54608884073673,0.773581134232649,0.306876038595178,0.538640513458013,0.439778744031887,"Cd36/Stard5/Gramd1b",3
"GO:0046031","ADP metabolic process","3/325","71/11892",0.0422535211267606,1.54608884073673,0.773581134232649,0.306876038595178,0.538640513458013,0.439778744031887,"Pklr/Prkaa2/Ppara",3
"GO:0050764","regulation of phagocytosis","3/325","71/11892",0.0422535211267606,1.54608884073673,0.773581134232649,0.306876038595178,0.538640513458013,0.439778744031887,"Hspa8/Cd36/Dnm2",3
"GO:0051028","mRNA transport","3/325","71/11892",0.0422535211267606,1.54608884073673,0.773581134232649,0.306876038595178,0.538640513458013,0.439778744031887,"Xpo1/Bicd2/Arc",3
"GO:0051303","establishment of chromosome localization","3/325","71/11892",0.0422535211267606,1.54608884073673,0.773581134232649,0.306876038595178,0.538640513458013,0.439778744031887,"Gem/Rb1/Rrs1",3
"GO:0099068","postsynapse assembly","3/325","71/11892",0.0422535211267606,1.54608884073673,0.773581134232649,0.306876038595178,0.538640513458013,0.439778744031887,"Htr4/Srgap3/Lrrtm1",3
"GO:1901874","negative regulation of post-translational protein modification","3/325","71/11892",0.0422535211267606,1.54608884073673,0.773581134232649,0.306876038595178,0.538640513458013,0.439778744031887,"Dnaja1/Hspa1b/Isg15",3
"GO:0003382","epithelial cell morphogenesis","2/325","41/11892",0.0487804878048781,1.78491557223265,0.843874525602479,0.309122673568965,0.540781288455247,0.441526602419839,"Ccdc88c/Amotl2",2
"GO:0009064","glutamine family amino acid metabolic process","2/325","41/11892",0.0487804878048781,1.78491557223265,0.843874525602479,0.309122673568965,0.540781288455247,0.441526602419839,"Glud1/Adhfe1",2
"GO:0043124","negative regulation of canonical NF-kappaB signal transduction","2/325","41/11892",0.0487804878048781,1.78491557223265,0.843874525602479,0.309122673568965,0.540781288455247,0.441526602419839,"Igtp/Trim59",2
"GO:0050879","multicellular organismal movement","2/325","41/11892",0.0487804878048781,1.78491557223265,0.843874525602479,0.309122673568965,0.540781288455247,0.441526602419839,"Nr4a1/Hsp90aa1",2
"GO:0060135","maternal process involved in female pregnancy","2/325","41/11892",0.0487804878048781,1.78491557223265,0.843874525602479,0.309122673568965,0.540781288455247,0.441526602419839,"Ptgs2/Bsg",2
"GO:0061614","miRNA transcription","2/325","41/11892",0.0487804878048781,1.78491557223265,0.843874525602479,0.309122673568965,0.540781288455247,0.441526602419839,"Jun/Ppara",2
"GO:0099172","presynapse organization","2/325","41/11892",0.0487804878048781,1.78491557223265,0.843874525602479,0.309122673568965,0.540781288455247,0.441526602419839,"C5ar1/Lrrtm1",2
"GO:0051963","regulation of synapse assembly","5/325","135/11892",0.037037037037037,1.35521367521367,0.695742934368118,0.309516625702061,0.540956985461259,0.441670052098621,"Flrt3/Htr4/Srgap3/L1cam/Lrrtm1",5
"GO:0060491","regulation of cell projection assembly","5/325","135/11892",0.037037037037037,1.35521367521367,0.695742934368118,0.309516625702061,0.540956985461259,0.441670052098621,"Espn/Aqp1/Wdpcp/Hsp90aa1/Dnm2",5
"GO:1901888","regulation of cell junction assembly","7/325","201/11892",0.0348258706467662,1.27430539609644,0.657426266629931,0.311042717489431,0.543366567140305,0.443637380544916,"Il1b/Flrt3/Htr4/Wdpcp/Srgap3/L1cam/Lrrtm1",7
"GO:0051321","meiotic cell cycle","6/325","168/11892",0.0357142857142857,1.30681318681319,0.671322587568772,0.311202844906938,0.543388766616283,0.443655505541866,"Ereg/Dusp1/Top2a/Topbp1/Ubb/Mki67",6
"GO:0051090","regulation of DNA-binding transcription factor activity","8/325","235/11892",0.0340425531914894,1.24564320785597,0.637508229456078,0.31385025255691,0.545054697237116,0.445015672216613,"Hspa1b/Sik1/Il1b/Tfrc/Arid5b/Rnf31/Anxa4/Anxa3",8
"GO:0038202","TORC1 signaling","3/325","72/11892",0.0416666666666667,1.52461538461538,0.748409056997001,0.314394178170707,0.545054697237116,0.445015672216613,"Prkaa2/Ywhag/Castor2",3
"GO:0043500","muscle adaptation","3/325","72/11892",0.0416666666666667,1.52461538461538,0.748409056997001,0.314394178170707,0.545054697237116,0.445015672216613,"Pde9a/Tnfrsf1a/Ppara",3
"GO:0062014","negative regulation of small molecule metabolic process","3/325","72/11892",0.0416666666666667,1.52461538461538,0.748409056997001,0.314394178170707,0.545054697237116,0.445015672216613,"Sik1/Trib3/Ppara",3
"GO:0002064","epithelial cell development","6/325","169/11892",0.0355029585798817,1.29908056440601,0.656375955665684,0.316013106772599,0.545054697237116,0.445015672216613,"Il1b/Psap/Ccdc88c/Amotl2/Ezr/Tnfrsf1a",6
"GO:0015698","inorganic anion transport","4/325","104/11892",0.0384615384615385,1.40733727810651,0.699344663668607,0.316783321015318,0.545054697237116,0.445015672216613,"Cldn4/Slc4a2/Clca3a1/Slc1a4",4
"GO:0008544","epidermis development","8/325","236/11892",0.0338983050847458,1.24036505867014,0.625162716829006,0.31791284251184,0.545054697237116,0.445015672216613,"Cldn4/Sprr2b/Ptgs2/Psap/Wdpcp/Atoh1/Inhba/Ppara",8
"GO:0060627","regulation of vesicle-mediated transport","13/325","406/11892",0.0320197044334975,1.17162561576355,0.58979518334022,0.318587429825098,0.545054697237116,0.445015672216613,"Hspa8/Cd36/Btbd9/Adra2a/Pgap1/Trf/Siglecf/Arc/Ezr/Dnm2/Sh3gl1/B2m/Lrrtm1",13
"GO:0007528","neuromuscular junction development","2/325","42/11892",0.0476190476190476,1.74241758241758,0.807893698820824,0.319250047015264,0.545054697237116,0.445015672216613,"Erbb2/Tnc",2
"GO:0010965","regulation of mitotic sister chromatid separation","2/325","42/11892",0.0476190476190476,1.74241758241758,0.807893698820824,0.319250047015264,0.545054697237116,0.445015672216613,"Dusp1/Rb1",2
"GO:0016601","Rac protein signal transduction","2/325","42/11892",0.0476190476190476,1.74241758241758,0.807893698820824,0.319250047015264,0.545054697237116,0.445015672216613,"Dynlt1a/Dnm2",2
"GO:0034142","toll-like receptor 4 signaling pathway","2/325","42/11892",0.0476190476190476,1.74241758241758,0.807893698820824,0.319250047015264,0.545054697237116,0.445015672216613,"Wdfy1/Oas1g",2
"GO:0042269","regulation of natural killer cell mediated cytotoxicity","2/325","42/11892",0.0476190476190476,1.74241758241758,0.807893698820824,0.319250047015264,0.545054697237116,0.445015672216613,"H2-T23/Ulbp1",2
"GO:0050850","positive regulation of calcium-mediated signaling","2/325","42/11892",0.0476190476190476,1.74241758241758,0.807893698820824,0.319250047015264,0.545054697237116,0.445015672216613,"Ada/L1cam",2
"GO:0051058","negative regulation of small GTPase mediated signal transduction","2/325","42/11892",0.0476190476190476,1.74241758241758,0.807893698820824,0.319250047015264,0.545054697237116,0.445015672216613,"Spry4/Abl2",2
"GO:0060688","regulation of morphogenesis of a branching structure","2/325","42/11892",0.0476190476190476,1.74241758241758,0.807893698820824,0.319250047015264,0.545054697237116,0.445015672216613,"Il1b/Cpe",2
"GO:0061001","regulation of dendritic spine morphogenesis","2/325","42/11892",0.0476190476190476,1.74241758241758,0.807893698820824,0.319250047015264,0.545054697237116,0.445015672216613,"Epha4/Arc",2
"GO:2001244","positive regulation of intrinsic apoptotic signaling pathway","2/325","42/11892",0.0476190476190476,1.74241758241758,0.807893698820824,0.319250047015264,0.545054697237116,0.445015672216613,"Ubb/Plekhf1",2
"GO:0001821","histamine secretion","1/325","14/11892",0.0714285714285714,2.61362637362637,1.01259515048166,0.321689963058856,0.545054697237116,0.445015672216613,"Ada",1
"GO:0001886","endothelial cell morphogenesis","1/325","14/11892",0.0714285714285714,2.61362637362637,1.01259515048166,0.321689963058856,0.545054697237116,0.445015672216613,"Amotl2",1
"GO:0002283","neutrophil activation involved in immune response","1/325","14/11892",0.0714285714285714,2.61362637362637,1.01259515048166,0.321689963058856,0.545054697237116,0.445015672216613,"Anxa3",1
"GO:0002888","positive regulation of myeloid leukocyte mediated immunity","1/325","14/11892",0.0714285714285714,2.61362637362637,1.01259515048166,0.321689963058856,0.545054697237116,0.445015672216613,"H2-T23",1
"GO:0003177","pulmonary valve development","1/325","14/11892",0.0714285714285714,2.61362637362637,1.01259515048166,0.321689963058856,0.545054697237116,0.445015672216613,"Tnfrsf1a",1
"GO:0008334","histone mRNA metabolic process","1/325","14/11892",0.0714285714285714,2.61362637362637,1.01259515048166,0.321689963058856,0.545054697237116,0.445015672216613,"Dcp2",1
"GO:0009167","purine ribonucleoside monophosphate metabolic process","1/325","14/11892",0.0714285714285714,2.61362637362637,1.01259515048166,0.321689963058856,0.545054697237116,0.445015672216613,"Ada",1
"GO:0015701","bicarbonate transport","1/325","14/11892",0.0714285714285714,2.61362637362637,1.01259515048166,0.321689963058856,0.545054697237116,0.445015672216613,"Slc4a2",1
"GO:0015810","aspartate transmembrane transport","1/325","14/11892",0.0714285714285714,2.61362637362637,1.01259515048166,0.321689963058856,0.545054697237116,0.445015672216613,"Slc1a4",1
"GO:0020027","hemoglobin metabolic process","1/325","14/11892",0.0714285714285714,2.61362637362637,1.01259515048166,0.321689963058856,0.545054697237116,0.445015672216613,"Inhba",1
"GO:0030449","regulation of complement activation","1/325","14/11892",0.0714285714285714,2.61362637362637,1.01259515048166,0.321689963058856,0.545054697237116,0.445015672216613,"Il1b",1
"GO:0031000","response to caffeine","1/325","14/11892",0.0714285714285714,2.61362637362637,1.01259515048166,0.321689963058856,0.545054697237116,0.445015672216613,"Prkaa2",1
"GO:0032967","positive regulation of collagen biosynthetic process","1/325","14/11892",0.0714285714285714,2.61362637362637,1.01259515048166,0.321689963058856,0.545054697237116,0.445015672216613,"Inhba",1
"GO:0034122","negative regulation of toll-like receptor signaling pathway","1/325","14/11892",0.0714285714285714,2.61362637362637,1.01259515048166,0.321689963058856,0.545054697237116,0.445015672216613,"Smpdl3b",1
"GO:0034349","glial cell apoptotic process","1/325","14/11892",0.0714285714285714,2.61362637362637,1.01259515048166,0.321689963058856,0.545054697237116,0.445015672216613,"Rb1",1
"GO:0034383","low-density lipoprotein particle clearance","1/325","14/11892",0.0714285714285714,2.61362637362637,1.01259515048166,0.321689963058856,0.545054697237116,0.445015672216613,"Cd36",1
"GO:0034453","microtubule anchoring","1/325","14/11892",0.0714285714285714,2.61362637362637,1.01259515048166,0.321689963058856,0.545054697237116,0.445015672216613,"Bicd2",1
"GO:0035025","positive regulation of Rho protein signal transduction","1/325","14/11892",0.0714285714285714,2.61362637362637,1.01259515048166,0.321689963058856,0.545054697237116,0.445015672216613,"Erbb2",1
"GO:0035728","response to hepatocyte growth factor","1/325","14/11892",0.0714285714285714,2.61362637362637,1.01259515048166,0.321689963058856,0.545054697237116,0.445015672216613,"Vil1",1
"GO:0035751","regulation of lysosomal lumen pH","1/325","14/11892",0.0714285714285714,2.61362637362637,1.01259515048166,0.321689963058856,0.545054697237116,0.445015672216613,"Atp6v0c",1
"GO:0035929","steroid hormone secretion","1/325","14/11892",0.0714285714285714,2.61362637362637,1.01259515048166,0.321689963058856,0.545054697237116,0.445015672216613,"Inhba",1
"GO:0043129","surfactant homeostasis","1/325","14/11892",0.0714285714285714,2.61362637362637,1.01259515048166,0.321689963058856,0.545054697237116,0.445015672216613,"Oas1g",1
"GO:0045187","regulation of circadian sleep/wake cycle, sleep","1/325","14/11892",0.0714285714285714,2.61362637362637,1.01259515048166,0.321689963058856,0.545054697237116,0.445015672216613,"Ada",1
"GO:0045623","negative regulation of T-helper cell differentiation","1/325","14/11892",0.0714285714285714,2.61362637362637,1.01259515048166,0.321689963058856,0.545054697237116,0.445015672216613,"Lgals1",1
"GO:0045742","positive regulation of epidermal growth factor receptor signaling pathway","1/325","14/11892",0.0714285714285714,2.61362637362637,1.01259515048166,0.321689963058856,0.545054697237116,0.445015672216613,"Adra2a",1
"GO:0045945","positive regulation of transcription by RNA polymerase III","1/325","14/11892",0.0714285714285714,2.61362637362637,1.01259515048166,0.321689963058856,0.545054697237116,0.445015672216613,"Inhba",1
"GO:0046321","positive regulation of fatty acid oxidation","1/325","14/11892",0.0714285714285714,2.61362637362637,1.01259515048166,0.321689963058856,0.545054697237116,0.445015672216613,"Ppara",1
"GO:0046599","regulation of centriole replication","1/325","14/11892",0.0714285714285714,2.61362637362637,1.01259515048166,0.321689963058856,0.545054697237116,0.445015672216613,"Plk4",1
"GO:0046653","tetrahydrofolate metabolic process","1/325","14/11892",0.0714285714285714,2.61362637362637,1.01259515048166,0.321689963058856,0.545054697237116,0.445015672216613,"Gch1",1
"GO:0048532","anatomical structure arrangement","1/325","14/11892",0.0714285714285714,2.61362637362637,1.01259515048166,0.321689963058856,0.545054697237116,0.445015672216613,"Hspa5",1
"GO:0050862","positive regulation of T cell receptor signaling pathway","1/325","14/11892",0.0714285714285714,2.61362637362637,1.01259515048166,0.321689963058856,0.545054697237116,0.445015672216613,"Ada",1
"GO:0051016","barbed-end actin filament capping","1/325","14/11892",0.0714285714285714,2.61362637362637,1.01259515048166,0.321689963058856,0.545054697237116,0.445015672216613,"Vil1",1
"GO:0051151","negative regulation of smooth muscle cell differentiation","1/325","14/11892",0.0714285714285714,2.61362637362637,1.01259515048166,0.321689963058856,0.545054697237116,0.445015672216613,"Ereg",1
"GO:0060333","type II interferon-mediated signaling pathway","1/325","14/11892",0.0714285714285714,2.61362637362637,1.01259515048166,0.321689963058856,0.545054697237116,0.445015672216613,"Igtp",1
"GO:0071459","protein localization to chromosome, centromeric region","1/325","14/11892",0.0714285714285714,2.61362637362637,1.01259515048166,0.321689963058856,0.545054697237116,0.445015672216613,"Rb1",1
"GO:0090043","regulation of tubulin deacetylation","1/325","14/11892",0.0714285714285714,2.61362637362637,1.01259515048166,0.321689963058856,0.545054697237116,0.445015672216613,"Prkaa2",1
"GO:0097320","plasma membrane tubulation","1/325","14/11892",0.0714285714285714,2.61362637362637,1.01259515048166,0.321689963058856,0.545054697237116,0.445015672216613,"Dnm2",1
"GO:0098581","detection of external biotic stimulus","1/325","14/11892",0.0714285714285714,2.61362637362637,1.01259515048166,0.321689963058856,0.545054697237116,0.445015672216613,"Nr4a1",1
"GO:0098760","response to interleukin-7","1/325","14/11892",0.0714285714285714,2.61362637362637,1.01259515048166,0.321689963058856,0.545054697237116,0.445015672216613,"Hspd1",1
"GO:0098761","cellular response to interleukin-7","1/325","14/11892",0.0714285714285714,2.61362637362637,1.01259515048166,0.321689963058856,0.545054697237116,0.445015672216613,"Hspd1",1
"GO:0110096","cellular response to aldehyde","1/325","14/11892",0.0714285714285714,2.61362637362637,1.01259515048166,0.321689963058856,0.545054697237116,0.445015672216613,"Aldh1a1",1
"GO:1900006","positive regulation of dendrite development","1/325","14/11892",0.0714285714285714,2.61362637362637,1.01259515048166,0.321689963058856,0.545054697237116,0.445015672216613,"Elavl4",1
"GO:1900452","regulation of long-term synaptic depression","1/325","14/11892",0.0714285714285714,2.61362637362637,1.01259515048166,0.321689963058856,0.545054697237116,0.445015672216613,"Arc",1
"GO:1901881","positive regulation of protein depolymerization","1/325","14/11892",0.0714285714285714,2.61362637362637,1.01259515048166,0.321689963058856,0.545054697237116,0.445015672216613,"Vil1",1
"GO:1901970","positive regulation of mitotic sister chromatid separation","1/325","14/11892",0.0714285714285714,2.61362637362637,1.01259515048166,0.321689963058856,0.545054697237116,0.445015672216613,"Rb1",1
"GO:2000209","regulation of anoikis","1/325","14/11892",0.0714285714285714,2.61362637362637,1.01259515048166,0.321689963058856,0.545054697237116,0.445015672216613,"Sik1",1
"GO:0019364","pyridine nucleotide catabolic process","3/325","73/11892",0.0410958904109589,1.50373024236038,0.723618383040983,0.321916461173413,0.545054697237116,0.445015672216613,"Pklr/Prkaa2/Ppara",3
"GO:0061982","meiosis I cell cycle process","3/325","73/11892",0.0410958904109589,1.50373024236038,0.723618383040983,0.321916461173413,0.545054697237116,0.445015672216613,"Top2a/Topbp1/Ubb",3
"GO:0009952","anterior/posterior pattern specification","5/325","138/11892",0.036231884057971,1.3257525083612,0.645171197442015,0.325681919510275,0.550908030737226,0.449794688259339,"Ppp2r3a/Pgap1/Hipk1/Btg2/Arc",5
"GO:0048638","regulation of developmental growth","8/325","238/11892",0.0336134453781513,1.229941822883,0.600633351710333,0.326068469976133,0.550908030737226,0.449794688259339,"Vil1/Lpar3/L1cam/Ezr/Dnm2/Slc23a2/Tnfrsf12a/Ppara",8
"GO:0007009","plasma membrane organization","4/325","106/11892",0.0377358490566038,1.38078374455733,0.660067905921063,0.329213901530574,0.550908030737226,0.449794688259339,"Psap/Ndrg1/Col5a1/Dnm2",4
"GO:0007034","vacuolar transport","4/325","106/11892",0.0377358490566038,1.38078374455733,0.660067905921063,0.329213901530574,0.550908030737226,0.449794688259339,"Hspa8/Psap/Plekhf1/Igtp",4
"GO:0050680","negative regulation of epithelial cell proliferation","4/325","106/11892",0.0377358490566038,1.38078374455733,0.660067905921063,0.329213901530574,0.550908030737226,0.449794688259339,"Thbs1/Rb1/Sparc/B2m",4
"GO:0001541","ovarian follicle development","2/325","43/11892",0.0465116279069767,1.70189624329159,0.772870619989732,0.329341651041301,0.550908030737226,0.449794688259339,"Ereg/Inhba",2
"GO:0002704","negative regulation of leukocyte mediated immunity","2/325","43/11892",0.0465116279069767,1.70189624329159,0.772870619989732,0.329341651041301,0.550908030737226,0.449794688259339,"Cd96/H2-T23",2
"GO:0006584","catecholamine metabolic process","2/325","43/11892",0.0465116279069767,1.70189624329159,0.772870619989732,0.329341651041301,0.550908030737226,0.449794688259339,"Gch1/Nr4a2",2
"GO:0009712","catechol-containing compound metabolic process","2/325","43/11892",0.0465116279069767,1.70189624329159,0.772870619989732,0.329341651041301,0.550908030737226,0.449794688259339,"Gch1/Nr4a2",2
"GO:0010324","membrane invagination","2/325","43/11892",0.0465116279069767,1.70189624329159,0.772870619989732,0.329341651041301,0.550908030737226,0.449794688259339,"Cd36/Thbs1",2
"GO:0043506","regulation of JUN kinase activity","2/325","43/11892",0.0465116279069767,1.70189624329159,0.772870619989732,0.329341651041301,0.550908030737226,0.449794688259339,"Dnaja1/Epha4",2
"GO:0045912","negative regulation of carbohydrate metabolic process","2/325","43/11892",0.0465116279069767,1.70189624329159,0.772870619989732,0.329341651041301,0.550908030737226,0.449794688259339,"Sik1/Ppara",2
"GO:0060350","endochondral bone morphogenesis","2/325","43/11892",0.0465116279069767,1.70189624329159,0.772870619989732,0.329341651041301,0.550908030737226,0.449794688259339,"Serpinh1/Thbs1",2
"GO:0071384","cellular response to corticosteroid stimulus","2/325","43/11892",0.0465116279069767,1.70189624329159,0.772870619989732,0.329341651041301,0.550908030737226,0.449794688259339,"Aqp1/Hmgcs2",2
"GO:1900024","regulation of substrate adhesion-dependent cell spreading","2/325","43/11892",0.0465116279069767,1.70189624329159,0.772870619989732,0.329341651041301,0.550908030737226,0.449794688259339,"Spry4/Dnm2",2
"GO:1903317","regulation of protein maturation","2/325","43/11892",0.0465116279069767,1.70189624329159,0.772870619989732,0.329341651041301,0.550908030737226,0.449794688259339,"Thbs1/Cwh43",2
"GO:1903533","regulation of protein targeting","2/325","43/11892",0.0465116279069767,1.70189624329159,0.772870619989732,0.329341651041301,0.550908030737226,0.449794688259339,"Bag3/Erbb2",2
"GO:1904356","regulation of telomere maintenance via telomere lengthening","2/325","43/11892",0.0465116279069767,1.70189624329159,0.772870619989732,0.329341651041301,0.550908030737226,0.449794688259339,"Gch1/Dcp2",2
"GO:0009135","purine nucleoside diphosphate metabolic process","3/325","74/11892",0.0405405405405405,1.48340956340956,0.699197082072088,0.32943992744793,0.550908030737226,0.449794688259339,"Pklr/Prkaa2/Ppara",3
"GO:0009179","purine ribonucleoside diphosphate metabolic process","3/325","74/11892",0.0405405405405405,1.48340956340956,0.699197082072088,0.32943992744793,0.550908030737226,0.449794688259339,"Pklr/Prkaa2/Ppara",3
"GO:0045582","positive regulation of T cell differentiation","3/325","74/11892",0.0405405405405405,1.48340956340956,0.699197082072088,0.32943992744793,0.550908030737226,0.449794688259339,"Ada/Cd74/Hsp90aa1",3
"GO:0051046","regulation of secretion","14/325","444/11892",0.0315315315315315,1.15376299376299,0.553501756026112,0.329548655308299,0.550908030737226,0.449794688259339,"Cldn2/Il1b/Glud1/Adra2a/Ada/Camk2n1/Gna11/Aqp1/Cd74/Nmb/Cyp4a10/Inhba/Bsg/Tnfrsf1a",14
"GO:0050796","regulation of insulin secretion","5/325","139/11892",0.0359712230215827,1.31621472053127,0.628572848874439,0.331091496357498,0.550908030737226,0.449794688259339,"Il1b/Glud1/Adra2a/Camk2n1/Gna11",5
"GO:0071695","anatomical structure maturation","7/325","206/11892",0.0339805825242718,1.24337565347274,0.590633807500489,0.333077664515394,0.550908030737226,0.449794688259339,"Ereg/Ptgs2/Rb1/Nr4a2/C1qa/B4galt5/Abl2",7
"GO:0090150","establishment of protein localization to membrane","6/325","173/11892",0.0346820809248555,1.26904401956425,0.597505104026153,0.33536337559724,0.550908030737226,0.449794688259339,"Erbb2/Hsp90aa1/Cwh43/Rtp4/Get4/Hspa5",6
"GO:1903522","regulation of blood circulation","6/325","173/11892",0.0346820809248555,1.26904401956425,0.597505104026153,0.33536337559724,0.550908030737226,0.449794688259339,"Calm1/Adra2a/Gch1/Ada/Ptgs2/Hsp90aa1",6
"GO:0006403","RNA localization","4/325","107/11892",0.0373831775700935,1.36787922358016,0.640726754360972,0.335440293622896,0.550908030737226,0.449794688259339,"Xpo1/Bicd2/Arc/Dcp2",4
"GO:0007188","adenylate cyclase-modulating G protein-coupled receptor signaling pathway","5/325","140/11892",0.0357142857142857,1.30681318681319,0.612100381715587,0.336509705861837,0.550908030737226,0.449794688259339,"Adra2a/Htr4/Psap/Gna11/Lpar3",5
"GO:0007265","Ras protein signal transduction","3/325","75/11892",0.04,1.46363076923077,0.675133668827944,0.336961696093683,0.550908030737226,0.449794688259339,"Rb1/Erbb2/Spry4",3
"GO:0015837","amine transport","3/325","75/11892",0.04,1.46363076923077,0.675133668827944,0.336961696093683,0.550908030737226,0.449794688259339,"Il1b/Slc43a1/Slc7a5",3
"GO:0032652","regulation of interleukin-1 production","3/325","75/11892",0.04,1.46363076923077,0.675133668827944,0.336961696093683,0.550908030737226,0.449794688259339,"Hspb1/Cd36/Lpl",3
"GO:0048608","reproductive structure development","7/325","207/11892",0.0338164251207729,1.23736900780379,0.577477850247182,0.337513405149785,0.550908030737226,0.449794688259339,"Ereg/Arid5b/Ubb/Psap/Tnc/Inhba/Fkbp4",7
"GO:0031641","regulation of myelination","2/325","44/11892",0.0454545454545455,1.66321678321678,0.738753966300591,0.339391887557496,0.550908030737226,0.449794688259339,"Tymp/Trf",2
"GO:0035315","hair cell differentiation","2/325","44/11892",0.0454545454545455,1.66321678321678,0.738753966300591,0.339391887557496,0.550908030737226,0.449794688259339,"Wdpcp/Atoh1",2
"GO:0045669","positive regulation of osteoblast differentiation","2/325","44/11892",0.0454545454545455,1.66321678321678,0.738753966300591,0.339391887557496,0.550908030737226,0.449794688259339,"Gdf10/Gdpd2",2
"GO:0048013","ephrin receptor signaling pathway","2/325","44/11892",0.0454545454545455,1.66321678321678,0.738753966300591,0.339391887557496,0.550908030737226,0.449794688259339,"Epha4/Erbb2",2
"GO:0050854","regulation of antigen receptor-mediated signaling pathway","2/325","44/11892",0.0454545454545455,1.66321678321678,0.738753966300591,0.339391887557496,0.550908030737226,0.449794688259339,"Ada/Ezr",2
"GO:0050918","positive chemotaxis","2/325","44/11892",0.0454545454545455,1.66321678321678,0.738753966300591,0.339391887557496,0.550908030737226,0.449794688259339,"Creb3/Saa3",2
"GO:0051306","mitotic sister chromatid separation","2/325","44/11892",0.0454545454545455,1.66321678321678,0.738753966300591,0.339391887557496,0.550908030737226,0.449794688259339,"Dusp1/Rb1",2
"GO:0061045","negative regulation of wound healing","2/325","44/11892",0.0454545454545455,1.66321678321678,0.738753966300591,0.339391887557496,0.550908030737226,0.449794688259339,"Thbs1/Thbd",2
"GO:0070098","chemokine-mediated signaling pathway","2/325","44/11892",0.0454545454545455,1.66321678321678,0.738753966300591,0.339391887557496,0.550908030737226,0.449794688259339,"Ccl7/Padi2",2
"GO:0071470","cellular response to osmotic stress","2/325","44/11892",0.0454545454545455,1.66321678321678,0.738753966300591,0.339391887557496,0.550908030737226,0.449794688259339,"Ptgs2/Aqp1",2
"GO:2000179","positive regulation of neural precursor cell proliferation","2/325","44/11892",0.0454545454545455,1.66321678321678,0.738753966300591,0.339391887557496,0.550908030737226,0.449794688259339,"Trf/Erbb2",2
"GO:0000289","nuclear-transcribed mRNA poly(A) tail shortening","1/325","15/11892",0.0666666666666667,2.43938461538462,0.934995692384263,0.340249549016582,0.550908030737226,0.449794688259339,"Btg2",1
"GO:0000963","mitochondrial RNA processing","1/325","15/11892",0.0666666666666667,2.43938461538462,0.934995692384263,0.340249549016582,0.550908030737226,0.449794688259339,"Fastk",1
"GO:0002864","regulation of acute inflammatory response to antigenic stimulus","1/325","15/11892",0.0666666666666667,2.43938461538462,0.934995692384263,0.340249549016582,0.550908030737226,0.449794688259339,"H2-T23",1
"GO:0007039","protein catabolic process in the vacuole","1/325","15/11892",0.0666666666666667,2.43938461538462,0.934995692384263,0.340249549016582,0.550908030737226,0.449794688259339,"Psap",1
"GO:0009126","purine nucleoside monophosphate metabolic process","1/325","15/11892",0.0666666666666667,2.43938461538462,0.934995692384263,0.340249549016582,0.550908030737226,0.449794688259339,"Ada",1
"GO:0009312","oligosaccharide biosynthetic process","1/325","15/11892",0.0666666666666667,2.43938461538462,0.934995692384263,0.340249549016582,0.550908030737226,0.449794688259339,"B3galt1",1
"GO:0010800","positive regulation of peptidyl-threonine phosphorylation","1/325","15/11892",0.0666666666666667,2.43938461538462,0.934995692384263,0.340249549016582,0.550908030737226,0.449794688259339,"Igtp",1
"GO:0010866","regulation of triglyceride biosynthetic process","1/325","15/11892",0.0666666666666667,2.43938461538462,0.934995692384263,0.340249549016582,0.550908030737226,0.449794688259339,"Sik1",1
"GO:0010955","negative regulation of protein processing","1/325","15/11892",0.0666666666666667,2.43938461538462,0.934995692384263,0.340249549016582,0.550908030737226,0.449794688259339,"Thbs1",1
"GO:0018126","protein hydroxylation","1/325","15/11892",0.0666666666666667,2.43938461538462,0.934995692384263,0.340249549016582,0.550908030737226,0.449794688259339,"P4ha1",1
"GO:0018149","peptide cross-linking","1/325","15/11892",0.0666666666666667,2.43938461538462,0.934995692384263,0.340249549016582,0.550908030737226,0.449794688259339,"Thbs1",1
"GO:0018208","peptidyl-proline modification","1/325","15/11892",0.0666666666666667,2.43938461538462,0.934995692384263,0.340249549016582,0.550908030737226,0.449794688259339,"P4ha1",1
"GO:0021533","cell differentiation in hindbrain","1/325","15/11892",0.0666666666666667,2.43938461538462,0.934995692384263,0.340249549016582,0.550908030737226,0.449794688259339,"Psap",1
"GO:0032616","interleukin-13 production","1/325","15/11892",0.0666666666666667,2.43938461538462,0.934995692384263,0.340249549016582,0.550908030737226,0.449794688259339,"H2-T23",1
"GO:0032656","regulation of interleukin-13 production","1/325","15/11892",0.0666666666666667,2.43938461538462,0.934995692384263,0.340249549016582,0.550908030737226,0.449794688259339,"H2-T23",1
"GO:0032682","negative regulation of chemokine production","1/325","15/11892",0.0666666666666667,2.43938461538462,0.934995692384263,0.340249549016582,0.550908030737226,0.449794688259339,"Oas1g",1
"GO:0032897","negative regulation of viral transcription","1/325","15/11892",0.0666666666666667,2.43938461538462,0.934995692384263,0.340249549016582,0.550908030737226,0.449794688259339,"Hexim1",1
"GO:0034375","high-density lipoprotein particle remodeling","1/325","15/11892",0.0666666666666667,2.43938461538462,0.934995692384263,0.340249549016582,0.550908030737226,0.449794688259339,"Lpl",1
"GO:0035633","maintenance of blood-brain barrier","1/325","15/11892",0.0666666666666667,2.43938461538462,0.934995692384263,0.340249549016582,0.550908030737226,0.449794688259339,"Ptgs2",1
"GO:0035795","negative regulation of mitochondrial membrane permeability","1/325","15/11892",0.0666666666666667,2.43938461538462,0.934995692384263,0.340249549016582,0.550908030737226,0.449794688259339,"Dynlt1a",1
"GO:0039535","regulation of RIG-I signaling pathway","1/325","15/11892",0.0666666666666667,2.43938461538462,0.934995692384263,0.340249549016582,0.550908030737226,0.449794688259339,"Ddx60",1
"GO:0042634","regulation of hair cycle","1/325","15/11892",0.0666666666666667,2.43938461538462,0.934995692384263,0.340249549016582,0.550908030737226,0.449794688259339,"Inhba",1
"GO:0043353","enucleate erythrocyte differentiation","1/325","15/11892",0.0666666666666667,2.43938461538462,0.934995692384263,0.340249549016582,0.550908030737226,0.449794688259339,"Rb1",1
"GO:0043373","CD4-positive, alpha-beta T cell lineage commitment","1/325","15/11892",0.0666666666666667,2.43938461538462,0.934995692384263,0.340249549016582,0.550908030737226,0.449794688259339,"Lgals1",1
"GO:0043586","tongue development","1/325","15/11892",0.0666666666666667,2.43938461538462,0.934995692384263,0.340249549016582,0.550908030737226,0.449794688259339,"Wdpcp",1
"GO:0044827","modulation by host of viral genome replication","1/325","15/11892",0.0666666666666667,2.43938461538462,0.934995692384263,0.340249549016582,0.550908030737226,0.449794688259339,"Hspa8",1
"GO:0045540","regulation of cholesterol biosynthetic process","1/325","15/11892",0.0666666666666667,2.43938461538462,0.934995692384263,0.340249549016582,0.550908030737226,0.449794688259339,"Lpcat3",1
"GO:0045722","positive regulation of gluconeogenesis","1/325","15/11892",0.0666666666666667,2.43938461538462,0.934995692384263,0.340249549016582,0.550908030737226,0.449794688259339,"Ppara",1
"GO:0046519","sphingoid metabolic process","1/325","15/11892",0.0666666666666667,2.43938461538462,0.934995692384263,0.340249549016582,0.550908030737226,0.449794688259339,"Plpp1",1
"GO:0046579","positive regulation of Ras protein signal transduction","1/325","15/11892",0.0666666666666667,2.43938461538462,0.934995692384263,0.340249549016582,0.550908030737226,0.449794688259339,"Erbb2",1
"GO:0048670","regulation of collateral sprouting","1/325","15/11892",0.0666666666666667,2.43938461538462,0.934995692384263,0.340249549016582,0.550908030737226,0.449794688259339,"Lpar3",1
"GO:0050687","negative regulation of defense response to virus","1/325","15/11892",0.0666666666666667,2.43938461538462,0.934995692384263,0.340249549016582,0.550908030737226,0.449794688259339,"Igtp",1
"GO:0051791","medium-chain fatty acid metabolic process","1/325","15/11892",0.0666666666666667,2.43938461538462,0.934995692384263,0.340249549016582,0.550908030737226,0.449794688259339,"Cyp4a10",1
"GO:0055064","chloride ion homeostasis","1/325","15/11892",0.0666666666666667,2.43938461538462,0.934995692384263,0.340249549016582,0.550908030737226,0.449794688259339,"Car12",1
"GO:0060193","positive regulation of lipase activity","1/325","15/11892",0.0666666666666667,2.43938461538462,0.934995692384263,0.340249549016582,0.550908030737226,0.449794688259339,"Rhoc",1
"GO:0060340","positive regulation of type I interferon-mediated signaling pathway","1/325","15/11892",0.0666666666666667,2.43938461538462,0.934995692384263,0.340249549016582,0.550908030737226,0.449794688259339,"Irf7",1
"GO:0061037","negative regulation of cartilage development","1/325","15/11892",0.0666666666666667,2.43938461538462,0.934995692384263,0.340249549016582,0.550908030737226,0.449794688259339,"Efemp1",1
"GO:0072234","metanephric nephron tubule development","1/325","15/11892",0.0666666666666667,2.43938461538462,0.934995692384263,0.340249549016582,0.550908030737226,0.449794688259339,"Aqp1",1
"GO:0072520","seminiferous tubule development","1/325","15/11892",0.0666666666666667,2.43938461538462,0.934995692384263,0.340249549016582,0.550908030737226,0.449794688259339,"Ubb",1
"GO:0072677","eosinophil migration","1/325","15/11892",0.0666666666666667,2.43938461538462,0.934995692384263,0.340249549016582,0.550908030737226,0.449794688259339,"Ccl7",1
"GO:0097154","GABAergic neuron differentiation","1/325","15/11892",0.0666666666666667,2.43938461538462,0.934995692384263,0.340249549016582,0.550908030737226,0.449794688259339,"Inhba",1
"GO:0097396","response to interleukin-17","1/325","15/11892",0.0666666666666667,2.43938461538462,0.934995692384263,0.340249549016582,0.550908030737226,0.449794688259339,"Il1b",1
"GO:0106118","regulation of sterol biosynthetic process","1/325","15/11892",0.0666666666666667,2.43938461538462,0.934995692384263,0.340249549016582,0.550908030737226,0.449794688259339,"Lpcat3",1
"GO:0120255","olefinic compound biosynthetic process","1/325","15/11892",0.0666666666666667,2.43938461538462,0.934995692384263,0.340249549016582,0.550908030737226,0.449794688259339,"Inhba",1
"GO:0140896","cGAS/STING signaling pathway","1/325","15/11892",0.0666666666666667,2.43938461538462,0.934995692384263,0.340249549016582,0.550908030737226,0.449794688259339,"Igtp",1
"GO:1901385","regulation of voltage-gated calcium channel activity","1/325","15/11892",0.0666666666666667,2.43938461538462,0.934995692384263,0.340249549016582,0.550908030737226,0.449794688259339,"Calm1",1
"GO:1902275","regulation of chromatin organization","1/325","15/11892",0.0666666666666667,2.43938461538462,0.934995692384263,0.340249549016582,0.550908030737226,0.449794688259339,"Mki67",1
"GO:1903318","negative regulation of protein maturation","1/325","15/11892",0.0666666666666667,2.43938461538462,0.934995692384263,0.340249549016582,0.550908030737226,0.449794688259339,"Thbs1",1
"GO:1903861","positive regulation of dendrite extension","1/325","15/11892",0.0666666666666667,2.43938461538462,0.934995692384263,0.340249549016582,0.550908030737226,0.449794688259339,"Slc23a2",1
"GO:1904294","positive regulation of ERAD pathway","1/325","15/11892",0.0666666666666667,2.43938461538462,0.934995692384263,0.340249549016582,0.550908030737226,0.449794688259339,"Usp13",1
"GO:1905038","regulation of membrane lipid metabolic process","1/325","15/11892",0.0666666666666667,2.43938461538462,0.934995692384263,0.340249549016582,0.550908030737226,0.449794688259339,"Tnfrsf1a",1
"GO:1905146","lysosomal protein catabolic process","1/325","15/11892",0.0666666666666667,2.43938461538462,0.934995692384263,0.340249549016582,0.550908030737226,0.449794688259339,"Psap",1
"GO:2000010","positive regulation of protein localization to cell surface","1/325","15/11892",0.0666666666666667,2.43938461538462,0.934995692384263,0.340249549016582,0.550908030737226,0.449794688259339,"Hsp90ab1",1
"GO:2000353","positive regulation of endothelial cell apoptotic process","1/325","15/11892",0.0666666666666667,2.43938461538462,0.934995692384263,0.340249549016582,0.550908030737226,0.449794688259339,"Thbs1",1
"GO:2001014","regulation of skeletal muscle cell differentiation","1/325","15/11892",0.0666666666666667,2.43938461538462,0.934995692384263,0.340249549016582,0.550908030737226,0.449794688259339,"Nr1d2",1
"GO:0008015","blood circulation","11/325","344/11892",0.0319767441860465,1.17005366726297,0.536478520028736,0.340319475308916,0.550908030737226,0.449794688259339,"Calm1/Adra2a/Gch1/Ada/Ptgs2/Camk2n1/Gna11/Hsp90aa1/Slc23a2/Scpep1/Ppara",11
"GO:0034329","cell junction assembly","11/325","344/11892",0.0319767441860465,1.17005366726297,0.536478520028736,0.340319475308916,0.550908030737226,0.449794688259339,"Cldn2/Il1b/Cldn4/Flrt3/Htr4/Wdpcp/Srgap3/Hipk1/Rhoc/L1cam/Lrrtm1",11
"GO:0002244","hematopoietic progenitor cell differentiation","4/325","108/11892",0.037037037037037,1.35521367521367,0.621578079406922,0.341671806471092,0.552369420461598,0.450987855355887,"Top2a/Rrs1/Herc6/Inhba",4
"GO:0006839","mitochondrial transport","4/325","108/11892",0.037037037037037,1.35521367521367,0.621578079406922,0.341671806471092,0.552369420461598,0.450987855355887,"Hspd1/Crym/Hsp90aa1/Dynlt1a",4
"GO:0043488","regulation of mRNA stability","4/325","108/11892",0.037037037037037,1.35521367521367,0.621578079406922,0.341671806471092,0.552369420461598,0.450987855355887,"Elavl4/Btg2/Fastk/Dcp2",4
"GO:0008306","associative learning","3/325","76/11892",0.0394736842105263,1.44437246963563,0.651417171301713,0.344478965495113,0.555689044557981,0.453698197558691,"Elavl4/Btg2/Abl2",3
"GO:0008637","apoptotic mitochondrial changes","3/325","76/11892",0.0394736842105263,1.44437246963563,0.651417171301713,0.344478965495113,0.555689044557981,0.453698197558691,"Hspd1/Ifi27l2b/Jun",3
"GO:0030316","osteoclast differentiation","3/325","76/11892",0.0394736842105263,1.44437246963563,0.651417171301713,0.344478965495113,0.555689044557981,0.453698197558691,"Tfrc/Slc4a2/Trf",3
"GO:0042472","inner ear morphogenesis","3/325","76/11892",0.0394736842105263,1.44437246963563,0.651417171301713,0.344478965495113,0.555689044557981,0.453698197558691,"Wdpcp/Atoh1/Sparc",3
"GO:0050000","chromosome localization","3/325","76/11892",0.0394736842105263,1.44437246963563,0.651417171301713,0.344478965495113,0.555689044557981,0.453698197558691,"Gem/Rb1/Rrs1",3
"GO:0007005","mitochondrion organization","10/325","311/11892",0.0321543408360129,1.17655206529805,0.528835338290084,0.345100581366419,0.556448268992397,0.454318074377949,"Hspd1/Tymp/Tfrc/mt-Nd4/Ifi27l2b/Igtp/Jun/Hsp90aa1/mt-Nd1/Dynlt1a",10
"GO:0045786","negative regulation of cell cycle","8/325","243/11892",0.0329218106995885,1.20463437796771,0.540229022759006,0.346611399936381,0.556521283516903,0.454377687858704,"Dusp1/Nr4a1/Ctdspl/Topbp1/Ptgs2/Rb1/Susd2/Inhba",8
"GO:0030324","lung development","5/325","142/11892",0.0352112676056338,1.28840736728061,0.579524887400027,0.347367444816276,0.556521283516903,0.454377687858704,"Ada/Hmgcs2/Tnc/Lta4h/Sparc",5
"GO:0050730","regulation of peptidyl-tyrosine phosphorylation","5/325","142/11892",0.0352112676056338,1.28840736728061,0.579524887400027,0.347367444816276,0.556521283516903,0.454377687858704,"Cd36/Epha4/Cd74/Tgfa/Tnfrsf1a",5
"GO:0001836","release of cytochrome c from mitochondria","2/325","45/11892",0.0444444444444444,1.62625641025641,0.705496314220781,0.349395489259211,0.556521283516903,0.454377687858704,"Ifi27l2b/Jun",2
"GO:0034331","cell junction maintenance","2/325","45/11892",0.0444444444444444,1.62625641025641,0.705496314220781,0.349395489259211,0.556521283516903,0.454377687858704,"Hspa8/L1cam",2
"GO:0035567","non-canonical Wnt signaling pathway","2/325","45/11892",0.0444444444444444,1.62625641025641,0.705496314220781,0.349395489259211,0.556521283516903,0.454377687858704,"Ccdc88c/Abl2",2
"GO:0042273","ribosomal large subunit biogenesis","2/325","45/11892",0.0444444444444444,1.62625641025641,0.705496314220781,0.349395489259211,0.556521283516903,0.454377687858704,"Rrs1/Brix1",2
"GO:0050435","amyloid-beta metabolic process","2/325","45/11892",0.0444444444444444,1.62625641025641,0.705496314220781,0.349395489259211,0.556521283516903,0.454377687858704,"Cd36/Epha4",2
"GO:0051148","negative regulation of muscle cell differentiation","2/325","45/11892",0.0444444444444444,1.62625641025641,0.705496314220781,0.349395489259211,0.556521283516903,0.454377687858704,"Ereg/Ppara",2
"GO:0071479","cellular response to ionizing radiation","2/325","45/11892",0.0444444444444444,1.62625641025641,0.705496314220781,0.349395489259211,0.556521283516903,0.454377687858704,"Cryab/Tmem109",2
"GO:2000628","regulation of miRNA metabolic process","2/325","45/11892",0.0444444444444444,1.62625641025641,0.705496314220781,0.349395489259211,0.556521283516903,0.454377687858704,"Jun/Ppara",2
"GO:0001676","long-chain fatty acid metabolic process","3/325","77/11892",0.038961038961039,1.42561438561439,0.628037101217011,0.351989013233868,0.556521283516903,0.454377687858704,"Ptgs2/Cyp4f14/Cyp4a10",3
"GO:0048024","regulation of mRNA splicing, via spliceosome","3/325","77/11892",0.038961038961039,1.42561438561439,0.628037101217011,0.351989013233868,0.556521283516903,0.454377687858704,"Hspa8/Rnps1/Rbm3",3
"GO:0072526","pyridine-containing compound catabolic process","3/325","77/11892",0.038961038961039,1.42561438561439,0.628037101217011,0.351989013233868,0.556521283516903,0.454377687858704,"Pklr/Prkaa2/Ppara",3
"GO:0097061","dendritic spine organization","3/325","77/11892",0.038961038961039,1.42561438561439,0.628037101217011,0.351989013233868,0.556521283516903,0.454377687858704,"Epha4/Arc/Abl2",3
"GO:0001935","endothelial cell proliferation","4/325","110/11892",0.0363636363636364,1.33057342657343,0.583841921227242,0.354143518932191,0.556521283516903,0.454377687858704,"Thbs1/Nr4a1/Jun/Sparc",4
"GO:0035051","cardiocyte differentiation","4/325","110/11892",0.0363636363636364,1.33057342657343,0.583841921227242,0.354143518932191,0.556521283516903,0.454377687858704,"Cacybp/Sik1/Inhba/Ppara",4
"GO:0043588","skin development","7/325","211/11892",0.033175355450237,1.21391177542836,0.525504464794786,0.355330943424945,0.556521283516903,0.454377687858704,"Cldn4/Sprr2b/Ptgs2/Psap/Col5a1/Scd1/Inhba",7
"GO:0061458","reproductive system development","7/325","211/11892",0.033175355450237,1.21391177542836,0.525504464794786,0.355330943424945,0.556521283516903,0.454377687858704,"Ereg/Arid5b/Ubb/Psap/Tnc/Inhba/Fkbp4",7
"GO:0141188","nucleic acid catabolic process","7/325","211/11892",0.033175355450237,1.21391177542836,0.525504464794786,0.355330943424945,0.556521283516903,0.454377687858704,"Hspa1b/Elavl4/Rnps1/Etf1/Btg2/Fastk/Dcp2",7
"GO:0030323","respiratory tube development","5/325","144/11892",0.0347222222222222,1.27051282051282,0.54742878771974,0.358246100458403,0.556521283516903,0.454377687858704,"Ada/Hmgcs2/Tnc/Lta4h/Sparc",5
"GO:0001832","blastocyst growth","1/325","16/11892",0.0625,2.28692307692308,0.863411815979215,0.358302836595063,0.556521283516903,0.454377687858704,"Ncapg2",1
"GO:0002029","desensitization of G protein-coupled receptor signaling pathway","1/325","16/11892",0.0625,2.28692307692308,0.863411815979215,0.358302836595063,0.556521283516903,0.454377687858704,"Dnm2",1
"GO:0002363","alpha-beta T cell lineage commitment","1/325","16/11892",0.0625,2.28692307692308,0.863411815979215,0.358302836595063,0.556521283516903,0.454377687858704,"Lgals1",1
"GO:0003416","endochondral bone growth","1/325","16/11892",0.0625,2.28692307692308,0.863411815979215,0.358302836595063,0.556521283516903,0.454377687858704,"Thbs1",1
"GO:0006359","regulation of transcription by RNA polymerase III","1/325","16/11892",0.0625,2.28692307692308,0.863411815979215,0.358302836595063,0.556521283516903,0.454377687858704,"Inhba",1
"GO:0006622","protein targeting to lysosome","1/325","16/11892",0.0625,2.28692307692308,0.863411815979215,0.358302836595063,0.556521283516903,0.454377687858704,"Hspa8",1
"GO:0006972","hyperosmotic response","1/325","16/11892",0.0625,2.28692307692308,0.863411815979215,0.358302836595063,0.556521283516903,0.454377687858704,"Aqp1",1
"GO:0010623","programmed cell death involved in cell development","1/325","16/11892",0.0625,2.28692307692308,0.863411815979215,0.358302836595063,0.556521283516903,0.454377687858704,"Il1b",1
"GO:0010714","positive regulation of collagen metabolic process","1/325","16/11892",0.0625,2.28692307692308,0.863411815979215,0.358302836595063,0.556521283516903,0.454377687858704,"Inhba",1
"GO:0010842","retina layer formation","1/325","16/11892",0.0625,2.28692307692308,0.863411815979215,0.358302836595063,0.556521283516903,0.454377687858704,"Hipk1",1
"GO:0015721","bile acid and bile salt transport","1/325","16/11892",0.0625,2.28692307692308,0.863411815979215,0.358302836595063,0.556521283516903,0.454377687858704,"Slc10a2",1
"GO:0016237","microautophagy","1/325","16/11892",0.0625,2.28692307692308,0.863411815979215,0.358302836595063,0.556521283516903,0.454377687858704,"Hspa8",1
"GO:0019359","nicotinamide nucleotide biosynthetic process","1/325","16/11892",0.0625,2.28692307692308,0.863411815979215,0.358302836595063,0.556521283516903,0.454377687858704,"Ido1",1
"GO:0019363","pyridine nucleotide biosynthetic process","1/325","16/11892",0.0625,2.28692307692308,0.863411815979215,0.358302836595063,0.556521283516903,0.454377687858704,"Ido1",1
"GO:0019373","epoxygenase P450 pathway","1/325","16/11892",0.0625,2.28692307692308,0.863411815979215,0.358302836595063,0.556521283516903,0.454377687858704,"Cyp4a10",1
"GO:0021854","hypothalamus development","1/325","16/11892",0.0625,2.28692307692308,0.863411815979215,0.358302836595063,0.556521283516903,0.454377687858704,"Ubb",1
"GO:0022401","negative adaptation of signaling pathway","1/325","16/11892",0.0625,2.28692307692308,0.863411815979215,0.358302836595063,0.556521283516903,0.454377687858704,"Dnm2",1
"GO:0023058","adaptation of signaling pathway","1/325","16/11892",0.0625,2.28692307692308,0.863411815979215,0.358302836595063,0.556521283516903,0.454377687858704,"Dnm2",1
"GO:0030325","adrenal gland development","1/325","16/11892",0.0625,2.28692307692308,0.863411815979215,0.358302836595063,0.556521283516903,0.454377687858704,"Arid5b",1
"GO:0030575","nuclear body organization","1/325","16/11892",0.0625,2.28692307692308,0.863411815979215,0.358302836595063,0.556521283516903,0.454377687858704,"Uspl1",1
"GO:0030813","positive regulation of nucleotide catabolic process","1/325","16/11892",0.0625,2.28692307692308,0.863411815979215,0.358302836595063,0.556521283516903,0.454377687858704,"Prkaa2",1
"GO:0032026","response to magnesium ion","1/325","16/11892",0.0625,2.28692307692308,0.863411815979215,0.358302836595063,0.556521283516903,0.454377687858704,"Thbs1",1
"GO:0032874","positive regulation of stress-activated MAPK cascade","1/325","16/11892",0.0625,2.28692307692308,0.863411815979215,0.358302836595063,0.556521283516903,0.454377687858704,"Il1b",1
"GO:0033123","positive regulation of purine nucleotide catabolic process","1/325","16/11892",0.0625,2.28692307692308,0.863411815979215,0.358302836595063,0.556521283516903,0.454377687858704,"Prkaa2",1
"GO:0033146","regulation of intracellular estrogen receptor signaling pathway","1/325","16/11892",0.0625,2.28692307692308,0.863411815979215,0.358302836595063,0.556521283516903,0.454377687858704,"Zfp366",1
"GO:0034643","establishment of mitochondrion localization, microtubule-mediated","1/325","16/11892",0.0625,2.28692307692308,0.863411815979215,0.358302836595063,0.556521283516903,0.454377687858704,"Ubb",1
"GO:0042053","regulation of dopamine metabolic process","1/325","16/11892",0.0625,2.28692307692308,0.863411815979215,0.358302836595063,0.556521283516903,0.454377687858704,"Nr4a2",1
"GO:0042069","regulation of catecholamine metabolic process","1/325","16/11892",0.0625,2.28692307692308,0.863411815979215,0.358302836595063,0.556521283516903,0.454377687858704,"Nr4a2",1
"GO:0043011","myeloid dendritic cell differentiation","1/325","16/11892",0.0625,2.28692307692308,0.863411815979215,0.358302836595063,0.556521283516903,0.454377687858704,"Ubd",1
"GO:0045061","thymic T cell selection","1/325","16/11892",0.0625,2.28692307692308,0.863411815979215,0.358302836595063,0.556521283516903,0.454377687858704,"Cd74",1
"GO:0045070","positive regulation of viral genome replication","1/325","16/11892",0.0625,2.28692307692308,0.863411815979215,0.358302836595063,0.556521283516903,0.454377687858704,"Top2a",1
"GO:0045684","positive regulation of epidermis development","1/325","16/11892",0.0625,2.28692307692308,0.863411815979215,0.358302836595063,0.556521283516903,0.454377687858704,"Atoh1",1
"GO:0045721","negative regulation of gluconeogenesis","1/325","16/11892",0.0625,2.28692307692308,0.863411815979215,0.358302836595063,0.556521283516903,0.454377687858704,"Sik1",1
"GO:0045821","positive regulation of glycolytic process","1/325","16/11892",0.0625,2.28692307692308,0.863411815979215,0.358302836595063,0.556521283516903,0.454377687858704,"Prkaa2",1
"GO:0045922","negative regulation of fatty acid metabolic process","1/325","16/11892",0.0625,2.28692307692308,0.863411815979215,0.358302836595063,0.556521283516903,0.454377687858704,"Trib3",1
"GO:0046580","negative regulation of Ras protein signal transduction","1/325","16/11892",0.0625,2.28692307692308,0.863411815979215,0.358302836595063,0.556521283516903,0.454377687858704,"Spry4",1
"GO:0046641","positive regulation of alpha-beta T cell proliferation","1/325","16/11892",0.0625,2.28692307692308,0.863411815979215,0.358302836595063,0.556521283516903,0.454377687858704,"H2-T23",1
"GO:0046827","positive regulation of protein export from nucleus","1/325","16/11892",0.0625,2.28692307692308,0.863411815979215,0.358302836595063,0.556521283516903,0.454377687858704,"Bag3",1
"GO:0047497","mitochondrion transport along microtubule","1/325","16/11892",0.0625,2.28692307692308,0.863411815979215,0.358302836595063,0.556521283516903,0.454377687858704,"Ubb",1
"GO:0060740","prostate gland epithelium morphogenesis","1/325","16/11892",0.0625,2.28692307692308,0.863411815979215,0.358302836595063,0.556521283516903,0.454377687858704,"Tnc",1
"GO:0061484","hematopoietic stem cell homeostasis","1/325","16/11892",0.0625,2.28692307692308,0.863411815979215,0.358302836595063,0.556521283516903,0.454377687858704,"Foxa3",1
"GO:0070230","positive regulation of lymphocyte apoptotic process","1/325","16/11892",0.0625,2.28692307692308,0.863411815979215,0.358302836595063,0.556521283516903,0.454377687858704,"Ido1",1
"GO:0070304","positive regulation of stress-activated protein kinase signaling cascade","1/325","16/11892",0.0625,2.28692307692308,0.863411815979215,0.358302836595063,0.556521283516903,0.454377687858704,"Il1b",1
"GO:0071305","cellular response to vitamin D","1/325","16/11892",0.0625,2.28692307692308,0.863411815979215,0.358302836595063,0.556521283516903,0.454377687858704,"Tnc",1
"GO:0072012","glomerulus vasculature development","1/325","16/11892",0.0625,2.28692307692308,0.863411815979215,0.358302836595063,0.556521283516903,0.454377687858704,"Aqp1",1
"GO:0072530","purine-containing compound transmembrane transport","1/325","16/11892",0.0625,2.28692307692308,0.863411815979215,0.358302836595063,0.556521283516903,0.454377687858704,"Slc28a2",1
"GO:0090042","tubulin deacetylation","1/325","16/11892",0.0625,2.28692307692308,0.863411815979215,0.358302836595063,0.556521283516903,0.454377687858704,"Prkaa2",1
"GO:0090141","positive regulation of mitochondrial fission","1/325","16/11892",0.0625,2.28692307692308,0.863411815979215,0.358302836595063,0.556521283516903,0.454377687858704,"Igtp",1
"GO:0098880","maintenance of postsynaptic specialization structure","1/325","16/11892",0.0625,2.28692307692308,0.863411815979215,0.358302836595063,0.556521283516903,0.454377687858704,"Hspa8",1
"GO:0099151","regulation of postsynaptic density assembly","1/325","16/11892",0.0625,2.28692307692308,0.863411815979215,0.358302836595063,0.556521283516903,0.454377687858704,"Lrrtm1",1
"GO:0150077","regulation of neuroinflammatory response","1/325","16/11892",0.0625,2.28692307692308,0.863411815979215,0.358302836595063,0.556521283516903,0.454377687858704,"Ptgs2",1
"GO:1901020","negative regulation of calcium ion transmembrane transporter activity","1/325","16/11892",0.0625,2.28692307692308,0.863411815979215,0.358302836595063,0.556521283516903,0.454377687858704,"Calm1",1
"GO:1901186","positive regulation of ERBB signaling pathway","1/325","16/11892",0.0625,2.28692307692308,0.863411815979215,0.358302836595063,0.556521283516903,0.454377687858704,"Adra2a",1
"GO:1901526","positive regulation of mitophagy","1/325","16/11892",0.0625,2.28692307692308,0.863411815979215,0.358302836595063,0.556521283516903,0.454377687858704,"Igtp",1
"GO:1901673","regulation of mitotic spindle assembly","1/325","16/11892",0.0625,2.28692307692308,0.863411815979215,0.358302836595063,0.556521283516903,0.454377687858704,"Hspa1b",1
"GO:1902004","positive regulation of amyloid-beta formation","1/325","16/11892",0.0625,2.28692307692308,0.863411815979215,0.358302836595063,0.556521283516903,0.454377687858704,"Epha4",1
"GO:1902176","negative regulation of oxidative stress-induced intrinsic apoptotic signaling pathway","1/325","16/11892",0.0625,2.28692307692308,0.863411815979215,0.358302836595063,0.556521283516903,0.454377687858704,"Hspb1",1
"GO:2000345","regulation of hepatocyte proliferation","1/325","16/11892",0.0625,2.28692307692308,0.863411815979215,0.358302836595063,0.556521283516903,0.454377687858704,"Sulf2",1
"GO:2000773","negative regulation of cellular senescence","1/325","16/11892",0.0625,2.28692307692308,0.863411815979215,0.358302836595063,0.556521283516903,0.454377687858704,"Gch1",1
"GO:0006801","superoxide metabolic process","2/325","46/11892",0.0434782608695652,1.59090301003344,0.673053762219835,0.35934750582358,0.556521283516903,0.454377687858704,"Cd36/Gch1",2
"GO:0021536","diencephalon development","2/325","46/11892",0.0434782608695652,1.59090301003344,0.673053762219835,0.35934750582358,0.556521283516903,0.454377687858704,"Ubb/Nr4a2",2
"GO:0031122","cytoplasmic microtubule organization","2/325","46/11892",0.0434782608695652,1.59090301003344,0.673053762219835,0.35934750582358,0.556521283516903,0.454377687858704,"Ccdc88c/Ezr",2
"GO:0043470","regulation of carbohydrate catabolic process","2/325","46/11892",0.0434782608695652,1.59090301003344,0.673053762219835,0.35934750582358,0.556521283516903,0.454377687858704,"Prkaa2/Ppara",2
"GO:0045600","positive regulation of fat cell differentiation","2/325","46/11892",0.0434782608695652,1.59090301003344,0.673053762219835,0.35934750582358,0.556521283516903,0.454377687858704,"Ptgs2/Lpl",2
"GO:0046513","ceramide biosynthetic process","2/325","46/11892",0.0434782608695652,1.59090301003344,0.673053762219835,0.35934750582358,0.556521283516903,0.454377687858704,"B4galt5/B3galt1",2
"GO:0050994","regulation of lipid catabolic process","2/325","46/11892",0.0434782608695652,1.59090301003344,0.673053762219835,0.35934750582358,0.556521283516903,0.454377687858704,"Il1b/Adra2a",2
"GO:0097106","postsynaptic density organization","2/325","46/11892",0.0434782608695652,1.59090301003344,0.673053762219835,0.35934750582358,0.556521283516903,0.454377687858704,"Hspa8/Lrrtm1",2
"GO:0140895","cell surface toll-like receptor signaling pathway","2/325","46/11892",0.0434782608695652,1.59090301003344,0.673053762219835,0.35934750582358,0.556521283516903,0.454377687858704,"Wdfy1/Oas1g",2
"GO:1903051","negative regulation of proteolysis involved in protein catabolic process","2/325","46/11892",0.0434782608695652,1.59090301003344,0.673053762219835,0.35934750582358,0.556521283516903,0.454377687858704,"Hsp90ab1/Epha4",2
"GO:1903078","positive regulation of protein localization to plasma membrane","2/325","46/11892",0.0434782608695652,1.59090301003344,0.673053762219835,0.35934750582358,0.556521283516903,0.454377687858704,"Vil1/Ezr",2
"GO:2000242","negative regulation of reproductive process","2/325","46/11892",0.0434782608695652,1.59090301003344,0.673053762219835,0.35934750582358,0.556521283516903,0.454377687858704,"Dusp1/Ada",2
"GO:0001704","formation of primary germ layer","3/325","78/11892",0.0384615384615385,1.40733727810651,0.604983426565839,0.35948919589087,0.556521283516903,0.454377687858704,"Dusp1/Col5a1/Inhba",3
"GO:0032024","positive regulation of insulin secretion","3/325","78/11892",0.0384615384615385,1.40733727810651,0.604983426565839,0.35948919589087,0.556521283516903,0.454377687858704,"Glud1/Camk2n1/Gna11",3
"GO:0048675","axon extension","3/325","78/11892",0.0384615384615385,1.40733727810651,0.604983426565839,0.35948919589087,0.556521283516903,0.454377687858704,"L1cam/Dnm2/Tnfrsf12a",3
"GO:0031214","biomineral tissue development","4/325","111/11892",0.036036036036036,1.31858627858628,0.565246628474578,0.360380451814652,0.557666811666166,0.45531296643161,"Ptgs2/Isg15/Slc4a2/Ppara",4
"GO:0031503","protein-containing complex localization","6/325","179/11892",0.0335195530726257,1.22650623119897,0.511815106385121,0.364624489488945,0.563997426880509,0.460481664177792,"Xpo1/Erbb2/Wdpcp/Arc/Ezr/Fkbp4",6
"GO:0046661","male sex differentiation","4/325","112/11892",0.0357142857142857,1.30681318681319,0.546828183503881,0.3666159729476,0.565021702558722,0.461317944888307,"Arid5b/Ubb/Inhba/Fkbp4",4
"GO:0099072","regulation of postsynaptic membrane neurotransmitter receptor levels","4/325","112/11892",0.0357142857142857,1.30681318681319,0.546828183503881,0.3666159729476,0.565021702558722,0.461317944888307,"Tfrc/Erbb2/Hsp90aa1/Arc",4
"GO:0010257","NADH dehydrogenase complex assembly","2/325","47/11892",0.0425531914893617,1.55705400981997,0.641385597413993,0.369243290609961,0.565021702558722,0.461317944888307,"mt-Nd4/mt-Nd1",2
"GO:0030865","cortical cytoskeleton organization","2/325","47/11892",0.0425531914893617,1.55705400981997,0.641385597413993,0.369243290609961,0.565021702558722,0.461317944888307,"Vil1/Ezr",2
"GO:0032981","mitochondrial respiratory chain complex I assembly","2/325","47/11892",0.0425531914893617,1.55705400981997,0.641385597413993,0.369243290609961,0.565021702558722,0.461317944888307,"mt-Nd4/mt-Nd1",2
"GO:0051057","positive regulation of small GTPase mediated signal transduction","2/325","47/11892",0.0425531914893617,1.55705400981997,0.641385597413993,0.369243290609961,0.565021702558722,0.461317944888307,"Erbb2/Dynlt1a",2
"GO:0042113","B cell activation","6/325","180/11892",0.0333333333333333,1.21969230769231,0.497824279365836,0.369518331586718,0.565021702558722,0.461317944888307,"Hspd1/Tfrc/Ada/Lgals1/Cd74/Icosl",6
"GO:0007596","blood coagulation","4/325","113/11892",0.0353982300884956,1.29524846834581,0.528582969498492,0.37284852205602,0.565021702558722,0.461317944888307,"Cd36/Thbs1/Adra2a/Thbd",4
"GO:0007605","sensory perception of sound","4/325","113/11892",0.0353982300884956,1.29524846834581,0.528582969498492,0.37284852205602,0.565021702558722,0.461317944888307,"Espn/Pgap1/Crym/Psap",4
"GO:0030010","establishment of cell polarity","4/325","113/11892",0.0353982300884956,1.29524846834581,0.528582969498492,0.37284852205602,0.565021702558722,0.461317944888307,"Frmd4b/Wdpcp/Amotl2/Abl2",4
"GO:0050770","regulation of axonogenesis","4/325","113/11892",0.0353982300884956,1.29524846834581,0.528582969498492,0.37284852205602,0.565021702558722,0.461317944888307,"Epha4/Lpar3/L1cam/Tnfrsf12a",4
"GO:0001952","regulation of cell-matrix adhesion","3/325","80/11892",0.0375,1.37215384615385,0.559817265208107,0.374449785381261,0.565021702558722,0.461317944888307,"Cd36/Thbs1/Wdpcp",3
"GO:0009913","epidermal cell differentiation","5/325","147/11892",0.0340136054421769,1.24458398744113,0.500150468637894,0.374584035987063,0.565021702558722,0.461317944888307,"Sprr2b/Ptgs2/Psap/Wdpcp/Atoh1",5
"GO:0001573","ganglioside metabolic process","1/325","17/11892",0.0588235294117647,2.15239819004525,0.796986052730142,0.37586359595062,0.565021702558722,0.461317944888307,"B4galt5",1
"GO:0001911","negative regulation of leukocyte mediated cytotoxicity","1/325","17/11892",0.0588235294117647,2.15239819004525,0.796986052730142,0.37586359595062,0.565021702558722,0.461317944888307,"H2-T23",1
"GO:0001963","synaptic transmission, dopaminergic","1/325","17/11892",0.0588235294117647,2.15239819004525,0.796986052730142,0.37586359595062,0.565021702558722,0.461317944888307,"Ptgs2",1
"GO:0002043","blood vessel endothelial cell proliferation involved in sprouting angiogenesis","1/325","17/11892",0.0588235294117647,2.15239819004525,0.796986052730142,0.37586359595062,0.565021702558722,0.461317944888307,"Thbs1",1
"GO:0002093","auditory receptor cell morphogenesis","1/325","17/11892",0.0588235294117647,2.15239819004525,0.796986052730142,0.37586359595062,0.565021702558722,0.461317944888307,"Wdpcp",1
"GO:0006837","serotonin transport","1/325","17/11892",0.0588235294117647,2.15239819004525,0.796986052730142,0.37586359595062,0.565021702558722,0.461317944888307,"Slc29a4",1
"GO:0006910","phagocytosis, recognition","1/325","17/11892",0.0588235294117647,2.15239819004525,0.796986052730142,0.37586359595062,0.565021702558722,0.461317944888307,"Cd36",1
"GO:0007035","vacuolar acidification","1/325","17/11892",0.0588235294117647,2.15239819004525,0.796986052730142,0.37586359595062,0.565021702558722,0.461317944888307,"Atp6v0c",1
"GO:0008535","respiratory chain complex IV assembly","1/325","17/11892",0.0588235294117647,2.15239819004525,0.796986052730142,0.37586359595062,0.565021702558722,0.461317944888307,"mt-Co3",1
"GO:0009218","pyrimidine ribonucleotide metabolic process","1/325","17/11892",0.0588235294117647,2.15239819004525,0.796986052730142,0.37586359595062,0.565021702558722,0.461317944888307,"Upp1",1
"GO:0018904","ether metabolic process","1/325","17/11892",0.0588235294117647,2.15239819004525,0.796986052730142,0.37586359595062,0.565021702558722,0.461317944888307,"Pxmp4",1
"GO:0021697","cerebellar cortex formation","1/325","17/11892",0.0588235294117647,2.15239819004525,0.796986052730142,0.37586359595062,0.565021702558722,0.461317944888307,"Psap",1
"GO:0021756","striatum development","1/325","17/11892",0.0588235294117647,2.15239819004525,0.796986052730142,0.37586359595062,0.565021702558722,0.461317944888307,"Inhba",1
"GO:0030808","regulation of nucleotide biosynthetic process","1/325","17/11892",0.0588235294117647,2.15239819004525,0.796986052730142,0.37586359595062,0.565021702558722,0.461317944888307,"Ppara",1
"GO:0030812","negative regulation of nucleotide catabolic process","1/325","17/11892",0.0588235294117647,2.15239819004525,0.796986052730142,0.37586359595062,0.565021702558722,0.461317944888307,"Ppara",1
"GO:0031639","plasminogen activation","1/325","17/11892",0.0588235294117647,2.15239819004525,0.796986052730142,0.37586359595062,0.565021702558722,0.461317944888307,"Thbs1",1
"GO:0032369","negative regulation of lipid transport","1/325","17/11892",0.0588235294117647,2.15239819004525,0.796986052730142,0.37586359595062,0.565021702558722,0.461317944888307,"Thbs1",1
"GO:0032482","Rab protein signal transduction","1/325","17/11892",0.0588235294117647,2.15239819004525,0.796986052730142,0.37586359595062,0.565021702558722,0.461317944888307,"Rab39b",1
"GO:0032693","negative regulation of interleukin-10 production","1/325","17/11892",0.0588235294117647,2.15239819004525,0.796986052730142,0.37586359595062,0.565021702558722,0.461317944888307,"Ido1",1
"GO:0033122","negative regulation of purine nucleotide catabolic process","1/325","17/11892",0.0588235294117647,2.15239819004525,0.796986052730142,0.37586359595062,0.565021702558722,0.461317944888307,"Ppara",1
"GO:0034312","diol biosynthetic process","1/325","17/11892",0.0588235294117647,2.15239819004525,0.796986052730142,0.37586359595062,0.565021702558722,0.461317944888307,"Gch1",1
"GO:0034698","response to gonadotropin","1/325","17/11892",0.0588235294117647,2.15239819004525,0.796986052730142,0.37586359595062,0.565021702558722,0.461317944888307,"Inhba",1
"GO:0035024","negative regulation of Rho protein signal transduction","1/325","17/11892",0.0588235294117647,2.15239819004525,0.796986052730142,0.37586359595062,0.565021702558722,0.461317944888307,"Abl2",1
"GO:0035590","purinergic nucleotide receptor signaling pathway","1/325","17/11892",0.0588235294117647,2.15239819004525,0.796986052730142,0.37586359595062,0.565021702558722,0.461317944888307,"Ada",1
"GO:0042278","purine nucleoside metabolic process","1/325","17/11892",0.0588235294117647,2.15239819004525,0.796986052730142,0.37586359595062,0.565021702558722,0.461317944888307,"Ada",1
"GO:0042749","regulation of circadian sleep/wake cycle","1/325","17/11892",0.0588235294117647,2.15239819004525,0.796986052730142,0.37586359595062,0.565021702558722,0.461317944888307,"Ada",1
"GO:0042953","lipoprotein transport","1/325","17/11892",0.0588235294117647,2.15239819004525,0.796986052730142,0.37586359595062,0.565021702558722,0.461317944888307,"Cd36",1
"GO:0043043","peptide biosynthetic process","1/325","17/11892",0.0588235294117647,2.15239819004525,0.796986052730142,0.37586359595062,0.565021702558722,0.461317944888307,"Hagh",1
"GO:0043369","CD4-positive or CD8-positive, alpha-beta T cell lineage commitment","1/325","17/11892",0.0588235294117647,2.15239819004525,0.796986052730142,0.37586359595062,0.565021702558722,0.461317944888307,"Lgals1",1
"GO:0043371","negative regulation of CD4-positive, alpha-beta T cell differentiation","1/325","17/11892",0.0588235294117647,2.15239819004525,0.796986052730142,0.37586359595062,0.565021702558722,0.461317944888307,"Lgals1",1
"GO:0045820","negative regulation of glycolytic process","1/325","17/11892",0.0588235294117647,2.15239819004525,0.796986052730142,0.37586359595062,0.565021702558722,0.461317944888307,"Ppara",1
"GO:0046823","negative regulation of nucleocytoplasmic transport","1/325","17/11892",0.0588235294117647,2.15239819004525,0.796986052730142,0.37586359595062,0.565021702558722,0.461317944888307,"Cd36",1
"GO:0048485","sympathetic nervous system development","1/325","17/11892",0.0588235294117647,2.15239819004525,0.796986052730142,0.37586359595062,0.565021702558722,0.461317944888307,"Erbb2",1
"GO:0048521","negative regulation of behavior","1/325","17/11892",0.0588235294117647,2.15239819004525,0.796986052730142,0.37586359595062,0.565021702558722,0.461317944888307,"Ada",1
"GO:0048820","hair follicle maturation","1/325","17/11892",0.0588235294117647,2.15239819004525,0.796986052730142,0.37586359595062,0.565021702558722,0.461317944888307,"Ptgs2",1
"GO:0050907","detection of chemical stimulus involved in sensory perception","1/325","17/11892",0.0588235294117647,2.15239819004525,0.796986052730142,0.37586359595062,0.565021702558722,0.461317944888307,"Rtp4",1
"GO:0051702","biological process involved in interaction with symbiont","1/325","17/11892",0.0588235294117647,2.15239819004525,0.796986052730142,0.37586359595062,0.565021702558722,0.461317944888307,"Hspd1",1
"GO:0055081","monoatomic anion homeostasis","1/325","17/11892",0.0588235294117647,2.15239819004525,0.796986052730142,0.37586359595062,0.565021702558722,0.461317944888307,"Car12",1
"GO:0060039","pericardium development","1/325","17/11892",0.0588235294117647,2.15239819004525,0.796986052730142,0.37586359595062,0.565021702558722,0.461317944888307,"Flrt3",1
"GO:0060479","lung cell differentiation","1/325","17/11892",0.0588235294117647,2.15239819004525,0.796986052730142,0.37586359595062,0.565021702558722,0.461317944888307,"Lta4h",1
"GO:0060487","lung epithelial cell differentiation","1/325","17/11892",0.0588235294117647,2.15239819004525,0.796986052730142,0.37586359595062,0.565021702558722,0.461317944888307,"Lta4h",1
"GO:0060512","prostate gland morphogenesis","1/325","17/11892",0.0588235294117647,2.15239819004525,0.796986052730142,0.37586359595062,0.565021702558722,0.461317944888307,"Tnc",1
"GO:0060706","cell differentiation involved in embryonic placenta development","1/325","17/11892",0.0588235294117647,2.15239819004525,0.796986052730142,0.37586359595062,0.565021702558722,0.461317944888307,"Plk4",1
"GO:0061050","regulation of cell growth involved in cardiac muscle cell development","1/325","17/11892",0.0588235294117647,2.15239819004525,0.796986052730142,0.37586359595062,0.565021702558722,0.461317944888307,"Ppara",1
"GO:0070242","thymocyte apoptotic process","1/325","17/11892",0.0588235294117647,2.15239819004525,0.796986052730142,0.37586359595062,0.565021702558722,0.461317944888307,"Ada",1
"GO:0071875","adrenergic receptor signaling pathway","1/325","17/11892",0.0588235294117647,2.15239819004525,0.796986052730142,0.37586359595062,0.565021702558722,0.461317944888307,"Adra2a",1
"GO:0090050","positive regulation of cell migration involved in sprouting angiogenesis","1/325","17/11892",0.0588235294117647,2.15239819004525,0.796986052730142,0.37586359595062,0.565021702558722,0.461317944888307,"Ptgs2",1
"GO:0098810","neurotransmitter reuptake","1/325","17/11892",0.0588235294117647,2.15239819004525,0.796986052730142,0.37586359595062,0.565021702558722,0.461317944888307,"Slc29a4",1
"GO:1900016","negative regulation of cytokine production involved in inflammatory response","1/325","17/11892",0.0588235294117647,2.15239819004525,0.796986052730142,0.37586359595062,0.565021702558722,0.461317944888307,"Ppara",1
"GO:1900371","regulation of purine nucleotide biosynthetic process","1/325","17/11892",0.0588235294117647,2.15239819004525,0.796986052730142,0.37586359595062,0.565021702558722,0.461317944888307,"Ppara",1
"GO:1901797","negative regulation of signal transduction by p53 class mediator","1/325","17/11892",0.0588235294117647,2.15239819004525,0.796986052730142,0.37586359595062,0.565021702558722,0.461317944888307,"Cd74",1
"GO:1901983","regulation of protein acetylation","1/325","17/11892",0.0588235294117647,2.15239819004525,0.796986052730142,0.37586359595062,0.565021702558722,0.461317944888307,"Prkaa2",1
"GO:1903599","positive regulation of autophagy of mitochondrion","1/325","17/11892",0.0588235294117647,2.15239819004525,0.796986052730142,0.37586359595062,0.565021702558722,0.461317944888307,"Igtp",1
"GO:1903859","regulation of dendrite extension","1/325","17/11892",0.0588235294117647,2.15239819004525,0.796986052730142,0.37586359595062,0.565021702558722,0.461317944888307,"Slc23a2",1
"GO:1903975","regulation of glial cell migration","1/325","17/11892",0.0588235294117647,2.15239819004525,0.796986052730142,0.37586359595062,0.565021702558722,0.461317944888307,"Efemp1",1
"GO:1905709","negative regulation of membrane permeability","1/325","17/11892",0.0588235294117647,2.15239819004525,0.796986052730142,0.37586359595062,0.565021702558722,0.461317944888307,"Dynlt1a",1
"GO:0071356","cellular response to tumor necrosis factor","4/325","114/11892",0.0350877192982456,1.28388663967611,0.510507476829289,0.37907656880202,0.568232332738426,0.463939297855088,"Hspa1b/Rnf31/Hipk1/Tnfrsf1a",4
"GO:0140013","meiotic nuclear division","4/325","114/11892",0.0350877192982456,1.28388663967611,0.510507476829289,0.37907656880202,0.568232332738426,0.463939297855088,"Ereg/Top2a/Topbp1/Ubb",4
"GO:0032835","glomerulus development","2/325","48/11892",0.0416666666666667,1.52461538461538,0.610454000194448,0.379078487846932,0.568232332738426,0.463939297855088,"Sulf2/Aqp1",2
"GO:0034243","regulation of transcription elongation by RNA polymerase II","2/325","48/11892",0.0416666666666667,1.52461538461538,0.610454000194448,0.379078487846932,0.568232332738426,0.463939297855088,"Hexim1/Gtf2f1",2
"GO:0046847","filopodium assembly","2/325","48/11892",0.0416666666666667,1.52461538461538,0.610454000194448,0.379078487846932,0.568232332738426,0.463939297855088,"Espn/Ezr",2
"GO:0140115","export across plasma membrane","2/325","48/11892",0.0416666666666667,1.52461538461538,0.610454000194448,0.379078487846932,0.568232332738426,0.463939297855088,"Slc47a1/Slc29a4",2
"GO:1903578","regulation of ATP metabolic process","2/325","48/11892",0.0416666666666667,1.52461538461538,0.610454000194448,0.379078487846932,0.568232332738426,0.463939297855088,"Prkaa2/Ppara",2
"GO:0035264","multicellular organism growth","5/325","148/11892",0.0337837837837838,1.23617463617464,0.48461471121186,0.380031038855301,0.569428621634407,0.464916020576511,"H2-Q2/Arid5b/Vil1/Ezr/Abl2",5
"GO:0042274","ribosomal small subunit biogenesis","3/325","81/11892",0.037037037037037,1.35521367521367,0.537686774283721,0.381905297198125,0.571772106203204,0.466829383338082,"Rrs1/Krr1/Rpsa",3
"GO:0042542","response to hydrogen peroxide","3/325","81/11892",0.037037037037037,1.35521367521367,0.537686774283721,0.381905297198125,0.571772106203204,0.466829383338082,"Hspa8/Cryab/Aqp1",3
"GO:0043487","regulation of RNA stability","4/325","115/11892",0.0347826086956522,1.27272240802676,0.492598298940821,0.385298613107296,0.572941493320605,0.467784141817862,"Elavl4/Btg2/Fastk/Dcp2",4
"GO:0050679","positive regulation of epithelial cell proliferation","5/325","149/11892",0.0335570469798658,1.22787816210635,0.469187911520175,0.385476804892734,0.572941493320605,0.467784141817862,"C5ar1/Nr4a1/Erbb2/Jun/Tgfa",5
"GO:0060348","bone development","5/325","149/11892",0.0335570469798658,1.22787816210635,0.469187911520175,0.385476804892734,0.572941493320605,0.467784141817862,"Serpinh1/Thbs1/Sulf2/Sparc/Bgn",5
"GO:0051047","positive regulation of secretion","8/325","253/11892",0.0316205533596838,1.15702037093341,0.423154464938264,0.388142983104936,0.572941493320605,0.467784141817862,"Il1b/Glud1/Camk2n1/Gna11/Aqp1/Nmb/Cyp4a10/Bsg",8
"GO:0050804","modulation of chemical synaptic transmission","12/325","393/11892",0.0305343511450382,1.11727539635937,0.396290489469623,0.388740144306658,0.572941493320605,0.467784141817862,"Il1b/Btbd9/Epha4/Adra2a/Abhd6/Ptgs2/L1cam/Arc/Sh3gl1/Pde9a/Ywhag/Lrrtm1",12
"GO:0031640","killing of cells of another organism","2/325","49/11892",0.0408163265306122,1.49350078492936,0.58022378181269,0.38884902028929,0.572941493320605,0.467784141817862,"Gzmb/Igtp",2
"GO:0032233","positive regulation of actin filament bundle assembly","2/325","49/11892",0.0408163265306122,1.49350078492936,0.58022378181269,0.38884902028929,0.572941493320605,0.467784141817862,"Vil1/Rhoc",2
"GO:0050709","negative regulation of protein secretion","2/325","49/11892",0.0408163265306122,1.49350078492936,0.58022378181269,0.38884902028929,0.572941493320605,0.467784141817862,"Il1b/Adra2a",2
"GO:0052548","regulation of endopeptidase activity","2/325","49/11892",0.0408163265306122,1.49350078492936,0.58022378181269,0.38884902028929,0.572941493320605,0.467784141817862,"Serpinh1/Epha4",2
"GO:0055117","regulation of cardiac muscle contraction","2/325","49/11892",0.0408163265306122,1.49350078492936,0.58022378181269,0.38884902028929,0.572941493320605,0.467784141817862,"Calm1/Hsp90aa1",2
"GO:0141061","disruption of cell in another organism","2/325","49/11892",0.0408163265306122,1.49350078492936,0.58022378181269,0.38884902028929,0.572941493320605,0.467784141817862,"Gzmb/Igtp",2
"GO:2000573","positive regulation of DNA biosynthetic process","2/325","49/11892",0.0408163265306122,1.49350078492936,0.58022378181269,0.38884902028929,0.572941493320605,0.467784141817862,"Gch1/Rfc4",2
"GO:1903076","regulation of protein localization to plasma membrane","3/325","82/11892",0.0365853658536585,1.33868667917448,0.515846627384286,0.389341152849079,0.572941493320605,0.467784141817862,"Vil1/Pik3r2/Ezr",3
"GO:0019318","hexose metabolic process","5/325","150/11892",0.0333333333333333,1.21969230769231,0.4538683978622,0.390920306571734,0.572941493320605,0.467784141817862,"Sik1/Tff3/Oas1g/Aldh1a1/Ppara",5
"GO:0045664","regulation of neuron differentiation","5/325","150/11892",0.0333333333333333,1.21969230769231,0.4538683978622,0.390920306571734,0.572941493320605,0.467784141817862,"Il1b/Nrep/Atoh1/Ywhag/B2m",5
"GO:0007599","hemostasis","4/325","116/11892",0.0344827586206897,1.26175066312997,0.474852128430211,0.391513185434669,0.572941493320605,0.467784141817862,"Cd36/Thbs1/Adra2a/Thbd",4
"GO:0008286","insulin receptor signaling pathway","4/325","116/11892",0.0344827586206897,1.26175066312997,0.474852128430211,0.391513185434669,0.572941493320605,0.467784141817862,"Il1b/Epha4/Erbb2/Pik3r2",4
"GO:0016311","dephosphorylation","4/325","116/11892",0.0344827586206897,1.26175066312997,0.474852128430211,0.391513185434669,0.572941493320605,0.467784141817862,"Dusp1/Pdp1/Ptprr/Plpp1",4
"GO:0045861","negative regulation of proteolysis","4/325","116/11892",0.0344827586206897,1.26175066312997,0.474852128430211,0.391513185434669,0.572941493320605,0.467784141817862,"Serpinh1/Hsp90ab1/Thbs1/Epha4",4
"GO:0046887","positive regulation of hormone secretion","4/325","116/11892",0.0344827586206897,1.26175066312997,0.474852128430211,0.391513185434669,0.572941493320605,0.467784141817862,"Glud1/Camk2n1/Gna11/Nmb",4
"GO:0050817","coagulation","4/325","116/11892",0.0344827586206897,1.26175066312997,0.474852128430211,0.391513185434669,0.572941493320605,0.467784141817862,"Cd36/Thbs1/Adra2a/Thbd",4
"GO:0099177","regulation of trans-synaptic signaling","12/325","394/11892",0.0304568527918782,1.11443967200312,0.387216687504536,0.392092779086553,0.572941493320605,0.467784141817862,"Il1b/Btbd9/Epha4/Adra2a/Abhd6/Ptgs2/L1cam/Arc/Sh3gl1/Pde9a/Ywhag/Lrrtm1",12
"GO:0001829","trophectodermal cell differentiation","1/325","18/11892",0.0555555555555556,2.03282051282051,0.735026652875915,0.392945223850919,0.572941493320605,0.467784141817862,"Ada",1
"GO:0003180","aortic valve morphogenesis","1/325","18/11892",0.0555555555555556,2.03282051282051,0.735026652875915,0.392945223850919,0.572941493320605,0.467784141817862,"Rb1",1
"GO:0006221","pyrimidine nucleotide biosynthetic process","1/325","18/11892",0.0555555555555556,2.03282051282051,0.735026652875915,0.392945223850919,0.572941493320605,0.467784141817862,"Upp1",1
"GO:0006760","folic acid-containing compound metabolic process","1/325","18/11892",0.0555555555555556,2.03282051282051,0.735026652875915,0.392945223850919,0.572941493320605,0.467784141817862,"Gch1",1
"GO:0006907","pinocytosis","1/325","18/11892",0.0555555555555556,2.03282051282051,0.735026652875915,0.392945223850919,0.572941493320605,0.467784141817862,"Dnm2",1
"GO:0010880","regulation of release of sequestered calcium ion into cytosol by sarcoplasmic reticulum","1/325","18/11892",0.0555555555555556,2.03282051282051,0.735026652875915,0.392945223850919,0.572941493320605,0.467784141817862,"Calm1",1
"GO:0030318","melanocyte differentiation","1/325","18/11892",0.0555555555555556,2.03282051282051,0.735026652875915,0.392945223850919,0.572941493320605,0.467784141817862,"Gna11",1
"GO:0031295","T cell costimulation","1/325","18/11892",0.0555555555555556,2.03282051282051,0.735026652875915,0.392945223850919,0.572941493320605,0.467784141817862,"Lgals1",1
"GO:0034114","regulation of heterotypic cell-cell adhesion","1/325","18/11892",0.0555555555555556,2.03282051282051,0.735026652875915,0.392945223850919,0.572941493320605,0.467784141817862,"Il1b",1
"GO:0034695","response to prostaglandin E","1/325","18/11892",0.0555555555555556,2.03282051282051,0.735026652875915,0.392945223850919,0.572941493320605,0.467784141817862,"Prkaa2",1
"GO:0035335","peptidyl-tyrosine dephosphorylation","1/325","18/11892",0.0555555555555556,2.03282051282051,0.735026652875915,0.392945223850919,0.572941493320605,0.467784141817862,"Dusp1",1
"GO:0035459","vesicle cargo loading","1/325","18/11892",0.0555555555555556,2.03282051282051,0.735026652875915,0.392945223850919,0.572941493320605,0.467784141817862,"Cideb",1
"GO:0036010","protein localization to endosome","1/325","18/11892",0.0555555555555556,2.03282051282051,0.735026652875915,0.392945223850919,0.572941493320605,0.467784141817862,"Ezr",1
"GO:0039529","RIG-I signaling pathway","1/325","18/11892",0.0555555555555556,2.03282051282051,0.735026652875915,0.392945223850919,0.572941493320605,0.467784141817862,"Ddx60",1
"GO:0044794","positive regulation by host of viral process","1/325","18/11892",0.0555555555555556,2.03282051282051,0.735026652875915,0.392945223850919,0.572941493320605,0.467784141817862,"Hspa8",1
"GO:0044872","lipoprotein localization","1/325","18/11892",0.0555555555555556,2.03282051282051,0.735026652875915,0.392945223850919,0.572941493320605,0.467784141817862,"Cd36",1
"GO:0045830","positive regulation of isotype switching","1/325","18/11892",0.0555555555555556,2.03282051282051,0.735026652875915,0.392945223850919,0.572941493320605,0.467784141817862,"Tfrc",1
"GO:0046339","diacylglycerol metabolic process","1/325","18/11892",0.0555555555555556,2.03282051282051,0.735026652875915,0.392945223850919,0.572941493320605,0.467784141817862,"Plpp1",1
"GO:0046716","muscle cell cellular homeostasis","1/325","18/11892",0.0555555555555556,2.03282051282051,0.735026652875915,0.392945223850919,0.572941493320605,0.467784141817862,"Bag3",1
"GO:0046782","regulation of viral transcription","1/325","18/11892",0.0555555555555556,2.03282051282051,0.735026652875915,0.392945223850919,0.572941493320605,0.467784141817862,"Hexim1",1
"GO:0050857","positive regulation of antigen receptor-mediated signaling pathway","1/325","18/11892",0.0555555555555556,2.03282051282051,0.735026652875915,0.392945223850919,0.572941493320605,0.467784141817862,"Ada",1
"GO:0050860","negative regulation of T cell receptor signaling pathway","1/325","18/11892",0.0555555555555556,2.03282051282051,0.735026652875915,0.392945223850919,0.572941493320605,0.467784141817862,"Ezr",1
"GO:0050891","multicellular organismal-level water homeostasis","1/325","18/11892",0.0555555555555556,2.03282051282051,0.735026652875915,0.392945223850919,0.572941493320605,0.467784141817862,"Aqp1",1
"GO:0051969","regulation of transmission of nerve impulse","1/325","18/11892",0.0555555555555556,2.03282051282051,0.735026652875915,0.392945223850919,0.572941493320605,0.467784141817862,"Tymp",1
"GO:0060544","regulation of necroptotic process","1/325","18/11892",0.0555555555555556,2.03282051282051,0.735026652875915,0.392945223850919,0.572941493320605,0.467784141817862,"Rnf31",1
"GO:0061437","renal system vasculature development","1/325","18/11892",0.0555555555555556,2.03282051282051,0.735026652875915,0.392945223850919,0.572941493320605,0.467784141817862,"Aqp1",1
"GO:0061440","kidney vasculature development","1/325","18/11892",0.0555555555555556,2.03282051282051,0.735026652875915,0.392945223850919,0.572941493320605,0.467784141817862,"Aqp1",1
"GO:0070861","regulation of protein exit from endoplasmic reticulum","1/325","18/11892",0.0555555555555556,2.03282051282051,0.735026652875915,0.392945223850919,0.572941493320605,0.467784141817862,"Ube2g2",1
"GO:0071549","cellular response to dexamethasone stimulus","1/325","18/11892",0.0555555555555556,2.03282051282051,0.735026652875915,0.392945223850919,0.572941493320605,0.467784141817862,"Aqp1",1
"GO:0072539","T-helper 17 cell differentiation","1/325","18/11892",0.0555555555555556,2.03282051282051,0.735026652875915,0.392945223850919,0.572941493320605,0.467784141817862,"Lgals1",1
"GO:0090114","COPII-coated vesicle budding","1/325","18/11892",0.0555555555555556,2.03282051282051,0.735026652875915,0.392945223850919,0.572941493320605,0.467784141817862,"Cideb",1
"GO:0090151","establishment of protein localization to mitochondrial membrane","1/325","18/11892",0.0555555555555556,2.03282051282051,0.735026652875915,0.392945223850919,0.572941493320605,0.467784141817862,"Hsp90aa1",1
"GO:0097062","dendritic spine maintenance","1/325","18/11892",0.0555555555555556,2.03282051282051,0.735026652875915,0.392945223850919,0.572941493320605,0.467784141817862,"Abl2",1
"GO:0098868","bone growth","1/325","18/11892",0.0555555555555556,2.03282051282051,0.735026652875915,0.392945223850919,0.572941493320605,0.467784141817862,"Thbs1",1
"GO:1900037","regulation of cellular response to hypoxia","1/325","18/11892",0.0555555555555556,2.03282051282051,0.735026652875915,0.392945223850919,0.572941493320605,0.467784141817862,"Epha4",1
"GO:1901071","glucosamine-containing compound metabolic process","1/325","18/11892",0.0555555555555556,2.03282051282051,0.735026652875915,0.392945223850919,0.572941493320605,0.467784141817862,"Chst4",1
"GO:1902018","negative regulation of cilium assembly","1/325","18/11892",0.0555555555555556,2.03282051282051,0.735026652875915,0.392945223850919,0.572941493320605,0.467784141817862,"Dnm2",1
"GO:1902221","erythrose 4-phosphate/phosphoenolpyruvate family amino acid metabolic process","1/325","18/11892",0.0555555555555556,2.03282051282051,0.735026652875915,0.392945223850919,0.572941493320605,0.467784141817862,"Ido1",1
"GO:1902894","negative regulation of miRNA transcription","1/325","18/11892",0.0555555555555556,2.03282051282051,0.735026652875915,0.392945223850919,0.572941493320605,0.467784141817862,"Ppara",1
"GO:1904292","regulation of ERAD pathway","1/325","18/11892",0.0555555555555556,2.03282051282051,0.735026652875915,0.392945223850919,0.572941493320605,0.467784141817862,"Usp13",1
"GO:1904996","positive regulation of leukocyte adhesion to vascular endothelial cell","1/325","18/11892",0.0555555555555556,2.03282051282051,0.735026652875915,0.392945223850919,0.572941493320605,0.467784141817862,"Chst4",1
"GO:2000272","negative regulation of signaling receptor activity","1/325","18/11892",0.0555555555555556,2.03282051282051,0.735026652875915,0.392945223850919,0.572941493320605,0.467784141817862,"Ppara",1
"GO:2000316","regulation of T-helper 17 type immune response","1/325","18/11892",0.0555555555555556,2.03282051282051,0.735026652875915,0.392945223850919,0.572941493320605,0.467784141817862,"Lgals1",1
"GO:2000629","negative regulation of miRNA metabolic process","1/325","18/11892",0.0555555555555556,2.03282051282051,0.735026652875915,0.392945223850919,0.572941493320605,0.467784141817862,"Ppara",1
"GO:1990778","protein localization to cell periphery","8/325","255/11892",0.0313725490196078,1.14794570135747,0.400306301167476,0.396487069765304,0.577582657874741,0.471573469704397,"Vil1/Plekhf1/Erbb2/Pik3r2/L1cam/Ezr/Bsg/Tnfrsf1a",8
"GO:0007041","lysosomal transport","3/325","83/11892",0.036144578313253,1.32255792400371,0.494288723140028,0.396755097595997,0.577582657874741,0.471573469704397,"Hspa8/Psap/Plekhf1",3
"GO:0032231","regulation of actin filament bundle assembly","3/325","83/11892",0.036144578313253,1.32255792400371,0.494288723140028,0.396755097595997,0.577582657874741,0.471573469704397,"Vil1/Pik3r2/Rhoc",3
"GO:0106027","neuron projection organization","3/325","83/11892",0.036144578313253,1.32255792400371,0.494288723140028,0.396755097595997,0.577582657874741,0.471573469704397,"Epha4/Arc/Abl2",3
"GO:0050714","positive regulation of protein secretion","4/325","117/11892",0.0341880341880342,1.25096646942801,0.457265753308192,0.397718847030151,0.577914740769062,0.47184460229567,"Glud1/Camk2n1/Gna11/Bsg",4
"GO:0051494","negative regulation of cytoskeleton organization","4/325","117/11892",0.0341880341880342,1.25096646942801,0.457265753308192,0.397718847030151,0.577914740769062,0.47184460229567,"Espn/Vil1/Ccdc88c/Fkbp4",4
"GO:1902806","regulation of cell cycle G1/S phase transition","4/325","117/11892",0.0341880341880342,1.25096646942801,0.457265753308192,0.397718847030151,0.577914740769062,0.47184460229567,"Ctdspl/Rb1/Susd2/Inhba",4
"GO:0002752","cell surface pattern recognition receptor signaling pathway","2/325","50/11892",0.04,1.46363076923077,0.550662150650008,0.398551077329071,0.577914740769062,0.47184460229567,"Wdfy1/Oas1g",2
"GO:0006900","vesicle budding from membrane","2/325","50/11892",0.04,1.46363076923077,0.550662150650008,0.398551077329071,0.577914740769062,0.47184460229567,"Cideb/Dnm2",2
"GO:0007218","neuropeptide signaling pathway","2/325","50/11892",0.04,1.46363076923077,0.550662150650008,0.398551077329071,0.577914740769062,0.47184460229567,"Nmb/Pcsk1n",2
"GO:0015800","acidic amino acid transport","2/325","50/11892",0.04,1.46363076923077,0.550662150650008,0.398551077329071,0.577914740769062,0.47184460229567,"Il1b/Slc1a4",2
"GO:0032091","negative regulation of protein binding","2/325","50/11892",0.04,1.46363076923077,0.550662150650008,0.398551077329071,0.577914740769062,0.47184460229567,"Gtf2f1/B2m",2
"GO:0032272","negative regulation of protein polymerization","2/325","50/11892",0.04,1.46363076923077,0.550662150650008,0.398551077329071,0.577914740769062,0.47184460229567,"Vil1/Fkbp4",2
"GO:0060395","SMAD protein signal transduction","2/325","50/11892",0.04,1.46363076923077,0.550662150650008,0.398551077329071,0.577914740769062,0.47184460229567,"Jun/Inhba",2
"GO:0010948","negative regulation of cell cycle process","6/325","186/11892",0.032258064516129,1.18034739454094,0.415530194208497,0.398911399183445,0.578209759099559,0.472085473131804,"Dusp1/Ctdspl/Topbp1/Rb1/Susd2/Inhba",6
"GO:0007018","microtubule-based movement","9/325","291/11892",0.0309278350515464,1.13167327517843,0.381185982239952,0.400628905899142,0.580470969789401,0.47393166251475,"Hspb1/Dnaja1/Hspa8/Ubb/Ccdc88c/Wdpcp/Cwh43/Dnah10/Bicd2",9
"GO:0010976","positive regulation of neuron projection development","5/325","152/11892",0.0328947368421053,1.20364372469636,0.423544727280194,0.401796481937841,0.580631130151113,0.474062427135972,"Hspb1/Elavl4/Dynlt1a/Hspa5/Abl2",5
"GO:0035296","regulation of tube diameter","4/325","118/11892",0.0338983050847458,1.24036505867014,0.439836053432323,0.403914190126969,0.580631130151113,0.474062427135972,"Adra2a/Gch1/Ptgs2/Scpep1",4
"GO:0097746","blood vessel diameter maintenance","4/325","118/11892",0.0338983050847458,1.24036505867014,0.439836053432323,0.403914190126969,0.580631130151113,0.474062427135972,"Adra2a/Gch1/Ptgs2/Scpep1",4
"GO:0030038","contractile actin filament bundle assembly","3/325","84/11892",0.0357142857142857,1.30681318681319,0.473005286563714,0.404144952597311,0.580631130151113,0.474062427135972,"Pik3r2/Rhoc/Dnm2",3
"GO:0043149","stress fiber assembly","3/325","84/11892",0.0357142857142857,1.30681318681319,0.473005286563714,0.404144952597311,0.580631130151113,0.474062427135972,"Pik3r2/Rhoc/Dnm2",3
"GO:0050657","nucleic acid transport","3/325","84/11892",0.0357142857142857,1.30681318681319,0.473005286563714,0.404144952597311,0.580631130151113,0.474062427135972,"Xpo1/Bicd2/Arc",3
"GO:0050658","RNA transport","3/325","84/11892",0.0357142857142857,1.30681318681319,0.473005286563714,0.404144952597311,0.580631130151113,0.474062427135972,"Xpo1/Bicd2/Arc",3
"GO:1901875","positive regulation of post-translational protein modification","3/325","84/11892",0.0357142857142857,1.30681318681319,0.473005286563714,0.404144952597311,0.580631130151113,0.474062427135972,"Ubb/Trib3/Hspa5",3
"GO:1903322","positive regulation of protein modification by small protein conjugation or removal","3/325","84/11892",0.0357142857142857,1.30681318681319,0.473005286563714,0.404144952597311,0.580631130151113,0.474062427135972,"Ubb/Trib3/Hspa5",3
"GO:0010639","negative regulation of organelle organization","8/325","257/11892",0.0311284046692607,1.13901227177492,0.377639149493458,0.404834768670178,0.580631130151113,0.474062427135972,"Dusp1/Espn/Tfrc/Vil1/Ccdc88c/Dnm2/Dcp2/Fkbp4",8
"GO:0003018","vascular process in circulatory system","5/325","153/11892",0.0326797385620915,1.19577677224736,0.408537409184906,0.407227176529163,0.580631130151113,0.474062427135972,"Cd36/Adra2a/Gch1/Ptgs2/Scpep1",5
"GO:0007033","vacuole organization","5/325","153/11892",0.0326797385620915,1.19577677224736,0.408537409184906,0.407227176529163,0.580631130151113,0.474062427135972,"Hspa8/Atp6v0c/Igtp/Mcoln1/Tgtp1",5
"GO:0033044","regulation of chromosome organization","5/325","153/11892",0.0326797385620915,1.19577677224736,0.408537409184906,0.407227176529163,0.580631130151113,0.474062427135972,"Dusp1/Gch1/Rb1/Ncapg2/Dcp2",5
"GO:0045930","negative regulation of mitotic cell cycle","5/325","153/11892",0.0326797385620915,1.19577677224736,0.408537409184906,0.407227176529163,0.580631130151113,0.474062427135972,"Dusp1/Ctdspl/Topbp1/Rb1/Inhba",5
"GO:0051453","regulation of intracellular pH","2/325","51/11892",0.0392156862745098,1.43493212669683,0.521738503526102,0.408181103545103,0.580631130151113,0.474062427135972,"Atp6v0c/Slc4a2",2
"GO:0070231","T cell apoptotic process","2/325","51/11892",0.0392156862745098,1.43493212669683,0.521738503526102,0.408181103545103,0.580631130151113,0.474062427135972,"Ido1/Ada",2
"GO:0072665","protein localization to vacuole","2/325","51/11892",0.0392156862745098,1.43493212669683,0.521738503526102,0.408181103545103,0.580631130151113,0.474062427135972,"Hspa8/Igtp",2
"GO:0002360","T cell lineage commitment","1/325","19/11892",0.0526315789473684,1.92582995951417,0.676968247632947,0.409560753769098,0.580631130151113,0.474062427135972,"Lgals1",1
"GO:0002825","regulation of T-helper 1 type immune response","1/325","19/11892",0.0526315789473684,1.92582995951417,0.676968247632947,0.409560753769098,0.580631130151113,0.474062427135972,"Il1b",1
"GO:0007187","G protein-coupled receptor signaling pathway, coupled to cyclic nucleotide second messenger","1/325","19/11892",0.0526315789473684,1.92582995951417,0.676968247632947,0.409560753769098,0.580631130151113,0.474062427135972,"Htr4",1
"GO:0010288","response to lead ion","1/325","19/11892",0.0526315789473684,1.92582995951417,0.676968247632947,0.409560753769098,0.580631130151113,0.474062427135972,"Ptgs2",1
"GO:0010829","negative regulation of D-glucose transmembrane transport","1/325","19/11892",0.0526315789473684,1.92582995951417,0.676968247632947,0.409560753769098,0.580631130151113,0.474062427135972,"Il1b",1
"GO:0010888","negative regulation of lipid storage","1/325","19/11892",0.0526315789473684,1.92582995951417,0.676968247632947,0.409560753769098,0.580631130151113,0.474062427135972,"Ppara",1
"GO:0016188","synaptic vesicle maturation","1/325","19/11892",0.0526315789473684,1.92582995951417,0.676968247632947,0.409560753769098,0.580631130151113,0.474062427135972,"Atp6v0c",1
"GO:0021895","cerebral cortex neuron differentiation","1/325","19/11892",0.0526315789473684,1.92582995951417,0.676968247632947,0.409560753769098,0.580631130151113,0.474062427135972,"Elavl4",1
"GO:0031294","lymphocyte costimulation","1/325","19/11892",0.0526315789473684,1.92582995951417,0.676968247632947,0.409560753769098,0.580631130151113,0.474062427135972,"Lgals1",1
"GO:0033144","negative regulation of intracellular steroid hormone receptor signaling pathway","1/325","19/11892",0.0526315789473684,1.92582995951417,0.676968247632947,0.409560753769098,0.580631130151113,0.474062427135972,"Zfp366",1
"GO:0033238","regulation of amine metabolic process","1/325","19/11892",0.0526315789473684,1.92582995951417,0.676968247632947,0.409560753769098,0.580631130151113,0.474062427135972,"Nr4a2",1
"GO:0042044","fluid transport","1/325","19/11892",0.0526315789473684,1.92582995951417,0.676968247632947,0.409560753769098,0.580631130151113,0.474062427135972,"Aqp1",1
"GO:0043516","regulation of DNA damage response, signal transduction by p53 class mediator","1/325","19/11892",0.0526315789473684,1.92582995951417,0.676968247632947,0.409560753769098,0.580631130151113,0.474062427135972,"Cd74",1
"GO:0048261","negative regulation of receptor-mediated endocytosis","1/325","19/11892",0.0526315789473684,1.92582995951417,0.676968247632947,0.409560753769098,0.580631130151113,0.474062427135972,"Lrrtm1",1
"GO:0048266","behavioral response to pain","1/325","19/11892",0.0526315789473684,1.92582995951417,0.676968247632947,0.409560753769098,0.580631130151113,0.474062427135972,"Thbs1",1
"GO:0048333","mesodermal cell differentiation","1/325","19/11892",0.0526315789473684,1.92582995951417,0.676968247632947,0.409560753769098,0.580631130151113,0.474062427135972,"Inhba",1
"GO:0048566","embryonic digestive tract development","1/325","19/11892",0.0526315789473684,1.92582995951417,0.676968247632947,0.409560753769098,0.580631130151113,0.474062427135972,"Ada",1
"GO:0048665","neuron fate specification","1/325","19/11892",0.0526315789473684,1.92582995951417,0.676968247632947,0.409560753769098,0.580631130151113,0.474062427135972,"Atoh1",1
"GO:0048668","collateral sprouting","1/325","19/11892",0.0526315789473684,1.92582995951417,0.676968247632947,0.409560753769098,0.580631130151113,0.474062427135972,"Lpar3",1
"GO:0055022","negative regulation of cardiac muscle tissue growth","1/325","19/11892",0.0526315789473684,1.92582995951417,0.676968247632947,0.409560753769098,0.580631130151113,0.474062427135972,"Ppara",1
"GO:0060004","reflex","1/325","19/11892",0.0526315789473684,1.92582995951417,0.676968247632947,0.409560753769098,0.580631130151113,0.474062427135972,"Nmb",1
"GO:0061098","positive regulation of protein tyrosine kinase activity","1/325","19/11892",0.0526315789473684,1.92582995951417,0.676968247632947,0.409560753769098,0.580631130151113,0.474062427135972,"Epha4",1
"GO:0061117","negative regulation of heart growth","1/325","19/11892",0.0526315789473684,1.92582995951417,0.676968247632947,0.409560753769098,0.580631130151113,0.474062427135972,"Ppara",1
"GO:0070498","interleukin-1-mediated signaling pathway","1/325","19/11892",0.0526315789473684,1.92582995951417,0.676968247632947,0.409560753769098,0.580631130151113,0.474062427135972,"Il1b",1
"GO:0072170","metanephric tubule development","1/325","19/11892",0.0526315789473684,1.92582995951417,0.676968247632947,0.409560753769098,0.580631130151113,0.474062427135972,"Aqp1",1
"GO:0072243","metanephric nephron epithelium development","1/325","19/11892",0.0526315789473684,1.92582995951417,0.676968247632947,0.409560753769098,0.580631130151113,0.474062427135972,"Aqp1",1
"GO:0072525","pyridine-containing compound biosynthetic process","1/325","19/11892",0.0526315789473684,1.92582995951417,0.676968247632947,0.409560753769098,0.580631130151113,0.474062427135972,"Ido1",1
"GO:0090169","regulation of spindle assembly","1/325","19/11892",0.0526315789473684,1.92582995951417,0.676968247632947,0.409560753769098,0.580631130151113,0.474062427135972,"Hspa1b",1
"GO:0090335","regulation of brown fat cell differentiation","1/325","19/11892",0.0526315789473684,1.92582995951417,0.676968247632947,0.409560753769098,0.580631130151113,0.474062427135972,"Ptgs2",1
"GO:0099150","regulation of postsynaptic specialization assembly","1/325","19/11892",0.0526315789473684,1.92582995951417,0.676968247632947,0.409560753769098,0.580631130151113,0.474062427135972,"Lrrtm1",1
"GO:1900227","positive regulation of NLRP3 inflammasome complex assembly","1/325","19/11892",0.0526315789473684,1.92582995951417,0.676968247632947,0.409560753769098,0.580631130151113,0.474062427135972,"Cd36",1
"GO:1901570","fatty acid derivative biosynthetic process","1/325","19/11892",0.0526315789473684,1.92582995951417,0.676968247632947,0.409560753769098,0.580631130151113,0.474062427135972,"Hmgcs2",1
"GO:1902042","negative regulation of extrinsic apoptotic signaling pathway via death domain receptors","1/325","19/11892",0.0526315789473684,1.92582995951417,0.676968247632947,0.409560753769098,0.580631130151113,0.474062427135972,"Grina",1
"GO:1902229","regulation of intrinsic apoptotic signaling pathway in response to DNA damage","1/325","19/11892",0.0526315789473684,1.92582995951417,0.676968247632947,0.409560753769098,0.580631130151113,0.474062427135972,"Cd74",1
"GO:1903579","negative regulation of ATP metabolic process","1/325","19/11892",0.0526315789473684,1.92582995951417,0.676968247632947,0.409560753769098,0.580631130151113,0.474062427135972,"Ppara",1
"GO:1904357","negative regulation of telomere maintenance via telomere lengthening","1/325","19/11892",0.0526315789473684,1.92582995951417,0.676968247632947,0.409560753769098,0.580631130151113,0.474062427135972,"Dcp2",1
"GO:1904889","regulation of excitatory synapse assembly","1/325","19/11892",0.0526315789473684,1.92582995951417,0.676968247632947,0.409560753769098,0.580631130151113,0.474062427135972,"Lrrtm1",1
"GO:2000050","regulation of non-canonical Wnt signaling pathway","1/325","19/11892",0.0526315789473684,1.92582995951417,0.676968247632947,0.409560753769098,0.580631130151113,0.474062427135972,"Abl2",1
"GO:2000273","positive regulation of signaling receptor activity","1/325","19/11892",0.0526315789473684,1.92582995951417,0.676968247632947,0.409560753769098,0.580631130151113,0.474062427135972,"Adra2a",1
"GO:0035150","regulation of tube size","4/325","119/11892",0.0336134453781513,1.229941822883,0.42255999710306,0.410097838113001,0.581169023946375,0.474501596214035,"Adra2a/Gch1/Ptgs2/Scpep1",4
"GO:0006090","pyruvate metabolic process","3/325","85/11892",0.0352941176470588,1.29143891402715,0.451988852080618,0.411508614130819,0.582944178203766,0.475950939682031,"Pklr/Prkaa2/Ppara",3
"GO:0018193","peptidyl-amino acid modification","14/325","471/11892",0.029723991507431,1.08762371386575,0.325252427468303,0.412326430173049,0.583878302580815,0.476713615409244,"Uspl1/P4ha1/Cd36/Epha4/Tfrc/Ptgs2/Igtp/Prkaa2/Erbb2/Efemp1/Cd74/Tgfa/Tnfrsf1a/Abl2",14
"GO:0007517","muscle organ development","7/325","224/11892",0.03125,1.14346153846154,0.363330440205438,0.413651807415303,0.585530169789864,0.478062299862702,"Hspa8/Nr1d2/Arid5b/Nr4a1/Cryab/Rb1/Btg2",7
"GO:0061013","regulation of mRNA catabolic process","4/325","120/11892",0.0333333333333333,1.21969230769231,0.405434637813921,0.416268445662997,0.589007865917008,0.480901701646836,"Elavl4/Btg2/Fastk/Dcp2",4
"GO:0006611","protein export from nucleus","2/325","52/11892",0.0384615384615385,1.40733727810651,0.493424238927017,0.41773578767612,0.589500043405122,0.48130354516242,"Bag3/Xpo1",2
"GO:0008347","glial cell migration","2/325","52/11892",0.0384615384615385,1.40733727810651,0.493424238927017,0.41773578767612,0.589500043405122,0.48130354516242,"Epha4/Efemp1",2
"GO:0010586","miRNA metabolic process","2/325","52/11892",0.0384615384615385,1.40733727810651,0.493424238927017,0.41773578767612,0.589500043405122,0.48130354516242,"Jun/Ppara",2
"GO:0051926","negative regulation of calcium ion transport","2/325","52/11892",0.0384615384615385,1.40733727810651,0.493424238927017,0.41773578767612,0.589500043405122,0.48130354516242,"Calm1/Ptgs2",2
"GO:0071347","cellular response to interleukin-1","2/325","52/11892",0.0384615384615385,1.40733727810651,0.493424238927017,0.41773578767612,0.589500043405122,0.48130354516242,"Il1b/Saa3",2
"GO:0098900","regulation of action potential","2/325","52/11892",0.0384615384615385,1.40733727810651,0.493424238927017,0.41773578767612,0.589500043405122,0.48130354516242,"Cd36/Calm1",2
"GO:1902017","regulation of cilium assembly","2/325","52/11892",0.0384615384615385,1.40733727810651,0.493424238927017,0.41773578767612,0.589500043405122,0.48130354516242,"Wdpcp/Dnm2",2
"GO:0045926","negative regulation of growth","5/325","155/11892",0.032258064516129,1.18034739454094,0.378824162300172,0.4180689493028,0.589674726852267,0.481446167310344,"Hspa1b/Cryab/Rb1/Inhba/Ppara",5
"GO:0002698","negative regulation of immune effector process","3/325","86/11892",0.0348837209302326,1.27642218246869,0.431232247632235,0.418844052757229,0.589674726852267,0.481446167310344,"Lgals1/Cd96/H2-T23",3
"GO:0021761","limbic system development","3/325","86/11892",0.0348837209302326,1.27642218246869,0.431232247632235,0.418844052757229,0.589674726852267,0.481446167310344,"Ubb/Btg2/Anxa3",3
"GO:0045621","positive regulation of lymphocyte differentiation","3/325","86/11892",0.0348837209302326,1.27642218246869,0.431232247632235,0.418844052757229,0.589674726852267,0.481446167310344,"Ada/Cd74/Hsp90aa1",3
"GO:0051236","establishment of RNA localization","3/325","86/11892",0.0348837209302326,1.27642218246869,0.431232247632235,0.418844052757229,0.589674726852267,0.481446167310344,"Xpo1/Bicd2/Arc",3
"GO:0090101","negative regulation of transmembrane receptor protein serine/threonine kinase signaling pathway","3/325","86/11892",0.0348837209302326,1.27642218246869,0.431232247632235,0.418844052757229,0.589674726852267,0.481446167310344,"Dnm2/Hspa5/Ppara",3
"GO:0051301","cell division","12/325","402/11892",0.0298507462686567,1.09226176808266,0.315438927547166,0.418979411184505,0.589674726852267,0.481446167310344,"Ereg/Il1b/Calm1/Top2a/Mapre3/Rb1/Susd2/Rhoc/Phf13/Haus8/Ncapg2/Tgfa",12
"GO:0006109","regulation of carbohydrate metabolic process","4/325","121/11892",0.0330578512396694,1.20961220597584,0.388457111147535,0.422424698836978,0.591933037718505,0.483289989101638,"Sik1/Tff3/Prkaa2/Ppara",4
"GO:0030258","lipid modification","4/325","121/11892",0.0330578512396694,1.20961220597584,0.388457111147535,0.422424698836978,0.591933037718505,0.483289989101638,"Plpp1/Lpcat3/B3galt1/Ppara",4
"GO:0072659","protein localization to plasma membrane","6/325","191/11892",0.031413612565445,1.14944824808699,0.34900891818298,0.423361870057386,0.591933037718505,0.483289989101638,"Vil1/Plekhf1/Pik3r2/Ezr/Bsg/Tnfrsf1a",6
"GO:0044843","cell cycle G1/S phase transition","5/325","156/11892",0.032051282051282,1.17278106508876,0.364115274534293,0.423478143272587,0.591933037718505,0.483289989101638,"Hspa8/Ctdspl/Rb1/Susd2/Inhba",5
"GO:0023061","signal release","11/325","368/11892",0.0298913043478261,1.09374581939799,0.306206705015273,0.424255810646353,0.591933037718505,0.483289989101638,"Il1b/Glud1/Adra2a/Nr4a1/Ptgs2/Camk2n1/Gna11/Aqp1/Nmb/Inhba/Cpe",11
"GO:0000460","maturation of 5.8S rRNA","1/325","20/11892",0.05,1.82953846153846,0.622343392578071,0.425722865705849,0.591933037718505,0.483289989101638,"Rrs1",1
"GO:0001556","oocyte maturation","1/325","20/11892",0.05,1.82953846153846,0.622343392578071,0.425722865705849,0.591933037718505,0.483289989101638,"Ereg",1
"GO:0001709","cell fate determination","1/325","20/11892",0.05,1.82953846153846,0.622343392578071,0.425722865705849,0.591933037718505,0.483289989101638,"Atoh1",1
"GO:0002719","negative regulation of cytokine production involved in immune response","1/325","20/11892",0.05,1.82953846153846,0.622343392578071,0.425722865705849,0.591933037718505,0.483289989101638,"Cd96",1
"GO:0007064","mitotic sister chromatid cohesion","1/325","20/11892",0.05,1.82953846153846,0.622343392578071,0.425722865705849,0.591933037718505,0.483289989101638,"Rb1",1
"GO:0021544","subpallium development","1/325","20/11892",0.05,1.82953846153846,0.622343392578071,0.425722865705849,0.591933037718505,0.483289989101638,"Inhba",1
"GO:0030970","retrograde protein transport, ER to cytosol","1/325","20/11892",0.05,1.82953846153846,0.622343392578071,0.425722865705849,0.591933037718505,0.483289989101638,"Ube2g2",1
"GO:0031643","positive regulation of myelination","1/325","20/11892",0.05,1.82953846153846,0.622343392578071,0.425722865705849,0.591933037718505,0.483289989101638,"Trf",1
"GO:0032469","endoplasmic reticulum calcium ion homeostasis","1/325","20/11892",0.05,1.82953846153846,0.622343392578071,0.425722865705849,0.591933037718505,0.483289989101638,"Grina",1
"GO:0032703","negative regulation of interleukin-2 production","1/325","20/11892",0.05,1.82953846153846,0.622343392578071,0.425722865705849,0.591933037718505,0.483289989101638,"Ezr",1
"GO:0035902","response to immobilization stress","1/325","20/11892",0.05,1.82953846153846,0.622343392578071,0.425722865705849,0.591933037718505,0.483289989101638,"Lrp11",1
"GO:0042104","positive regulation of activated T cell proliferation","1/325","20/11892",0.05,1.82953846153846,0.622343392578071,0.425722865705849,0.591933037718505,0.483289989101638,"Icosl",1
"GO:0045920","negative regulation of exocytosis","1/325","20/11892",0.05,1.82953846153846,0.622343392578071,0.425722865705849,0.591933037718505,0.483289989101638,"Adra2a",1
"GO:0048025","negative regulation of mRNA splicing, via spliceosome","1/325","20/11892",0.05,1.82953846153846,0.622343392578071,0.425722865705849,0.591933037718505,0.483289989101638,"Rnps1",1
"GO:0050686","negative regulation of mRNA processing","1/325","20/11892",0.05,1.82953846153846,0.622343392578071,0.425722865705849,0.591933037718505,0.483289989101638,"Rnps1",1
"GO:0050927","positive regulation of positive chemotaxis","1/325","20/11892",0.05,1.82953846153846,0.622343392578071,0.425722865705849,0.591933037718505,0.483289989101638,"Creb3",1
"GO:0062098","regulation of programmed necrotic cell death","1/325","20/11892",0.05,1.82953846153846,0.622343392578071,0.425722865705849,0.591933037718505,0.483289989101638,"Rnf31",1
"GO:0070328","triglyceride homeostasis","1/325","20/11892",0.05,1.82953846153846,0.622343392578071,0.425722865705849,0.591933037718505,0.483289989101638,"Lpl",1
"GO:0070536","protein K63-linked deubiquitination","1/325","20/11892",0.05,1.82953846153846,0.622343392578071,0.425722865705849,0.591933037718505,0.483289989101638,"Usp13",1
"GO:0090266","regulation of mitotic cell cycle spindle assembly checkpoint","1/325","20/11892",0.05,1.82953846153846,0.622343392578071,0.425722865705849,0.591933037718505,0.483289989101638,"Dusp1",1
"GO:0090311","regulation of protein deacetylation","1/325","20/11892",0.05,1.82953846153846,0.622343392578071,0.425722865705849,0.591933037718505,0.483289989101638,"Prkaa2",1
"GO:0098974","postsynaptic actin cytoskeleton organization","1/325","20/11892",0.05,1.82953846153846,0.622343392578071,0.425722865705849,0.591933037718505,0.483289989101638,"Ezr",1
"GO:0141087","positive regulation of inflammasome-mediated signaling pathway","1/325","20/11892",0.05,1.82953846153846,0.622343392578071,0.425722865705849,0.591933037718505,0.483289989101638,"Cd36",1
"GO:1900745","positive regulation of p38MAPK cascade","1/325","20/11892",0.05,1.82953846153846,0.622343392578071,0.425722865705849,0.591933037718505,0.483289989101638,"Il1b",1
"GO:1903504","regulation of mitotic spindle checkpoint","1/325","20/11892",0.05,1.82953846153846,0.622343392578071,0.425722865705849,0.591933037718505,0.483289989101638,"Dusp1",1
"GO:1903513","endoplasmic reticulum to cytosol transport","1/325","20/11892",0.05,1.82953846153846,0.622343392578071,0.425722865705849,0.591933037718505,0.483289989101638,"Ube2g2",1
"GO:2001258","negative regulation of cation channel activity","1/325","20/11892",0.05,1.82953846153846,0.622343392578071,0.425722865705849,0.591933037718505,0.483289989101638,"Calm1",1
"GO:0007266","Rho protein signal transduction","3/325","87/11892",0.0344827586206897,1.26175066312997,0.41072857977408,0.42614931242944,0.592079293484702,0.483409401168793,"Erbb2/Cdc42se2/Abl2",3
"GO:0055007","cardiac muscle cell differentiation","3/325","87/11892",0.0344827586206897,1.26175066312997,0.41072857977408,0.42614931242944,0.592079293484702,0.483409401168793,"Cacybp/Sik1/Ppara",3
"GO:0048598","embryonic morphogenesis","13/325","440/11892",0.0295454545454545,1.08109090909091,0.290534920946144,0.426895495079967,0.592439286562422,0.48370332132449,"Dusp1/Flrt3/Bmp8b/Efemp1/Wdpcp/Col5a1/Hipk1/Enah/Atoh1/Sparc/Aldh1a1/Inhba/Abl2",13
"GO:0030641","regulation of cellular pH","2/325","53/11892",0.0377358490566038,1.38078374455733,0.465692589473535,0.427212052002962,0.592439286562422,0.48370332132449,"Atp6v0c/Slc4a2",2
"GO:0032784","regulation of DNA-templated transcription elongation","2/325","53/11892",0.0377358490566038,1.38078374455733,0.465692589473535,0.427212052002962,0.592439286562422,0.48370332132449,"Hexim1/Gtf2f1",2
"GO:0034248","regulation of amide metabolic process","2/325","53/11892",0.0377358490566038,1.38078374455733,0.465692589473535,0.427212052002962,0.592439286562422,0.48370332132449,"Epha4/Tnfrsf1a",2
"GO:1904377","positive regulation of protein localization to cell periphery","2/325","53/11892",0.0377358490566038,1.38078374455733,0.465692589473535,0.427212052002962,0.592439286562422,0.48370332132449,"Vil1/Ezr",2
"GO:0006310","DNA recombination","6/325","192/11892",0.03125,1.14346153846154,0.335918304480786,0.428238468525393,0.593639336210831,0.484683114552008,"Hspd1/Tfrc/Top2a/Topbp1/Samhd1/Icosl",6
"GO:0048660","regulation of smooth muscle cell proliferation","4/325","122/11892",0.0327868852459016,1.1996973518285,0.371624631809883,0.428565315146159,0.593645904407644,0.484688477225763,"Ereg/Thbs1/Ptgs2/Jun",4
"GO:1902905","positive regulation of supramolecular fiber organization","4/325","122/11892",0.0327868852459016,1.1996973518285,0.371624631809883,0.428565315146159,0.593645904407644,0.484688477225763,"Hspa1b/Vil1/Rb1/Rhoc",4
"GO:1905475","regulation of protein localization to membrane","5/325","157/11892",0.0318471337579618,1.16531112199902,0.34950295743882,0.428878313186134,0.593856296921145,0.484860254418584,"Slc5a3/Vil1/Erbb2/Pik3r2/Ezr",5
"GO:0008203","cholesterol metabolic process","3/325","88/11892",0.0340909090909091,1.24741258741259,0.390471219694614,0.433422509552286,0.599697961790438,0.489629743484268,"Prkaa2/Hmgcs2/Lpcat3",3
"GO:0048565","digestive tract development","3/325","88/11892",0.0340909090909091,1.24741258741259,0.390471219694614,0.433422509552286,0.599697961790438,0.489629743484268,"Ada/Rb1/Hmgcs2",3
"GO:0016485","protein processing","5/325","158/11892",0.0316455696202532,1.15793573515093,0.334985809505043,0.434268557726605,0.599986061844589,0.48986496582051,"Thbs1/Ctse/Cwh43/Cpe/Pcsk1n",5
"GO:0071331","cellular response to hexose stimulus","4/325","123/11892",0.032520325203252,1.18994371482176,0.354934490795451,0.43468904358772,0.599986061844589,0.48986496582051,"Adra2a/Camk2n1/Prkaa2/Ppara",4
"GO:0009895","negative regulation of catabolic process","7/325","229/11892",0.0305676855895196,1.11849512932482,0.303496442592441,0.436055657714662,0.599986061844589,0.48986496582051,"Hsp90ab1/Il1b/Elavl4/Banp/Adra2a/Slc7a5/Ppara",7
"GO:0002637","regulation of immunoglobulin production","2/325","54/11892",0.037037037037037,1.35521367521367,0.438518471322746,0.436607042125827,0.599986061844589,0.48986496582051,"Tfrc/H2-T23",2
"GO:0006094","gluconeogenesis","2/325","54/11892",0.037037037037037,1.35521367521367,0.438518471322746,0.436607042125827,0.599986061844589,0.48986496582051,"Sik1/Ppara",2
"GO:0060113","inner ear receptor cell differentiation","2/325","54/11892",0.037037037037037,1.35521367521367,0.438518471322746,0.436607042125827,0.599986061844589,0.48986496582051,"Wdpcp/Atoh1",2
"GO:0001824","blastocyst development","3/325","89/11892",0.0337078651685393,1.23339671564391,0.370453790088507,0.440661831997257,0.599986061844589,0.48986496582051,"Uspl1/Ada/Ncapg2",3
"GO:0032006","regulation of TOR signaling","3/325","89/11892",0.0337078651685393,1.23339671564391,0.370453790088507,0.440661831997257,0.599986061844589,0.48986496582051,"Prkaa2/Ywhag/Castor2",3
"GO:0051928","positive regulation of calcium ion transport","3/325","89/11892",0.0337078651685393,1.23339671564391,0.370453790088507,0.440661831997257,0.599986061844589,0.48986496582051,"Calm1/Creb3/Lpar3",3
"GO:0008016","regulation of heart contraction","4/325","124/11892",0.032258064516129,1.18034739454094,0.338384052676536,0.440794664649745,0.599986061844589,0.48986496582051,"Calm1/Gch1/Ada/Hsp90aa1",4
"GO:0019362","pyridine nucleotide metabolic process","4/325","124/11892",0.032258064516129,1.18034739454094,0.338384052676536,0.440794664649745,0.599986061844589,0.48986496582051,"Ido1/Pklr/Prkaa2/Ppara",4
"GO:0046496","nicotinamide nucleotide metabolic process","4/325","124/11892",0.032258064516129,1.18034739454094,0.338384052676536,0.440794664649745,0.599986061844589,0.48986496582051,"Ido1/Pklr/Prkaa2/Ppara",4
"GO:0071326","cellular response to monosaccharide stimulus","4/325","124/11892",0.032258064516129,1.18034739454094,0.338384052676536,0.440794664649745,0.599986061844589,0.48986496582051,"Adra2a/Camk2n1/Prkaa2/Ppara",4
"GO:0001501","skeletal system development","10/325","337/11892",0.029673590504451,1.08577950239671,0.26776511796065,0.440955343334866,0.599986061844589,0.48986496582051,"Serpinh1/Thbs1/Arid5b/Bmp8b/Sulf2/Rb1/Gna11/Efemp1/Sparc/Bgn",10
"GO:0000028","ribosomal small subunit assembly","1/325","21/11892",0.0476190476190476,1.74241758241758,0.570761598651579,0.441443895746751,0.599986061844589,0.48986496582051,"Rpsa",1
"GO:0002089","lens morphogenesis in camera-type eye","1/325","21/11892",0.0476190476190476,1.74241758241758,0.570761598651579,0.441443895746751,0.599986061844589,0.48986496582051,"Hipk1",1
"GO:0006270","DNA replication initiation","1/325","21/11892",0.0476190476190476,1.74241758241758,0.570761598651579,0.441443895746751,0.599986061844589,0.48986496582051,"Topbp1",1
"GO:0008209","androgen metabolic process","1/325","21/11892",0.0476190476190476,1.74241758241758,0.570761598651579,0.441443895746751,0.599986061844589,0.48986496582051,"Inhba",1
"GO:0010613","positive regulation of cardiac muscle hypertrophy","1/325","21/11892",0.0476190476190476,1.74241758241758,0.570761598651579,0.441443895746751,0.599986061844589,0.48986496582051,"Pde9a",1
"GO:0014742","positive regulation of muscle hypertrophy","1/325","21/11892",0.0476190476190476,1.74241758241758,0.570761598651579,0.441443895746751,0.599986061844589,0.48986496582051,"Pde9a",1
"GO:0014808","release of sequestered calcium ion into cytosol by sarcoplasmic reticulum","1/325","21/11892",0.0476190476190476,1.74241758241758,0.570761598651579,0.441443895746751,0.599986061844589,0.48986496582051,"Calm1",1
"GO:0015874","norepinephrine transport","1/325","21/11892",0.0476190476190476,1.74241758241758,0.570761598651579,0.441443895746751,0.599986061844589,0.48986496582051,"Slc29a4",1
"GO:0018394","peptidyl-lysine acetylation","1/325","21/11892",0.0476190476190476,1.74241758241758,0.570761598651579,0.441443895746751,0.599986061844589,0.48986496582051,"Prkaa2",1
"GO:0033260","nuclear DNA replication","1/325","21/11892",0.0476190476190476,1.74241758241758,0.570761598651579,0.441443895746751,0.599986061844589,0.48986496582051,"Wiz",1
"GO:0034143","regulation of toll-like receptor 4 signaling pathway","1/325","21/11892",0.0476190476190476,1.74241758241758,0.570761598651579,0.441443895746751,0.599986061844589,0.48986496582051,"Wdfy1",1
"GO:0034390","smooth muscle cell apoptotic process","1/325","21/11892",0.0476190476190476,1.74241758241758,0.570761598651579,0.441443895746751,0.599986061844589,0.48986496582051,"Slc7a5",1
"GO:0034391","regulation of smooth muscle cell apoptotic process","1/325","21/11892",0.0476190476190476,1.74241758241758,0.570761598651579,0.441443895746751,0.599986061844589,0.48986496582051,"Slc7a5",1
"GO:0035357","peroxisome proliferator activated receptor signaling pathway","1/325","21/11892",0.0476190476190476,1.74241758241758,0.570761598651579,0.441443895746751,0.599986061844589,0.48986496582051,"Ppara",1
"GO:0043276","anoikis","1/325","21/11892",0.0476190476190476,1.74241758241758,0.570761598651579,0.441443895746751,0.599986061844589,0.48986496582051,"Sik1",1
"GO:0043651","linoleic acid metabolic process","1/325","21/11892",0.0476190476190476,1.74241758241758,0.570761598651579,0.441443895746751,0.599986061844589,0.48986496582051,"Cyp4a10",1
"GO:0045048","protein insertion into ER membrane","1/325","21/11892",0.0476190476190476,1.74241758241758,0.570761598651579,0.441443895746751,0.599986061844589,0.48986496582051,"Get4",1
"GO:0045730","respiratory burst","1/325","21/11892",0.0476190476190476,1.74241758241758,0.570761598651579,0.441443895746751,0.599986061844589,0.48986496582051,"Jchain",1
"GO:0045943","positive regulation of transcription by RNA polymerase I","1/325","21/11892",0.0476190476190476,1.74241758241758,0.570761598651579,0.441443895746751,0.599986061844589,0.48986496582051,"Erbb2",1
"GO:0045980","negative regulation of nucleotide metabolic process","1/325","21/11892",0.0476190476190476,1.74241758241758,0.570761598651579,0.441443895746751,0.599986061844589,0.48986496582051,"Ppara",1
"GO:0046427","positive regulation of receptor signaling pathway via JAK-STAT","1/325","21/11892",0.0476190476190476,1.74241758241758,0.570761598651579,0.441443895746751,0.599986061844589,0.48986496582051,"Calm1",1
"GO:0051957","positive regulation of amino acid transport","1/325","21/11892",0.0476190476190476,1.74241758241758,0.570761598651579,0.441443895746751,0.599986061844589,0.48986496582051,"Slc7a5",1
"GO:0055090","acylglycerol homeostasis","1/325","21/11892",0.0476190476190476,1.74241758241758,0.570761598651579,0.441443895746751,0.599986061844589,0.48986496582051,"Lpl",1
"GO:0060008","Sertoli cell differentiation","1/325","21/11892",0.0476190476190476,1.74241758241758,0.570761598651579,0.441443895746751,0.599986061844589,0.48986496582051,"Inhba",1
"GO:0060441","epithelial tube branching involved in lung morphogenesis","1/325","21/11892",0.0476190476190476,1.74241758241758,0.570761598651579,0.441443895746751,0.599986061844589,0.48986496582051,"Tnc",1
"GO:0070633","transepithelial transport","1/325","21/11892",0.0476190476190476,1.74241758241758,0.570761598651579,0.441443895746751,0.599986061844589,0.48986496582051,"Aqp1",1
"GO:0090382","phagosome maturation","1/325","21/11892",0.0476190476190476,1.74241758241758,0.570761598651579,0.441443895746751,0.599986061844589,0.48986496582051,"Mcoln1",1
"GO:0120009","intermembrane lipid transfer","1/325","21/11892",0.0476190476190476,1.74241758241758,0.570761598651579,0.441443895746751,0.599986061844589,0.48986496582051,"Cideb",1
"GO:1900027","regulation of ruffle assembly","1/325","21/11892",0.0476190476190476,1.74241758241758,0.570761598651579,0.441443895746751,0.599986061844589,0.48986496582051,"Wdpcp",1
"GO:1900543","negative regulation of purine nucleotide metabolic process","1/325","21/11892",0.0476190476190476,1.74241758241758,0.570761598651579,0.441443895746751,0.599986061844589,0.48986496582051,"Ppara",1
"GO:1902993","positive regulation of amyloid precursor protein catabolic process","1/325","21/11892",0.0476190476190476,1.74241758241758,0.570761598651579,0.441443895746751,0.599986061844589,0.48986496582051,"Epha4",1
"GO:1903514","release of sequestered calcium ion into cytosol by endoplasmic reticulum","1/325","21/11892",0.0476190476190476,1.74241758241758,0.570761598651579,0.441443895746751,0.599986061844589,0.48986496582051,"Calm1",1
"GO:1904994","regulation of leukocyte adhesion to vascular endothelial cell","1/325","21/11892",0.0476190476190476,1.74241758241758,0.570761598651579,0.441443895746751,0.599986061844589,0.48986496582051,"Chst4",1
"GO:1905874","regulation of postsynaptic density organization","1/325","21/11892",0.0476190476190476,1.74241758241758,0.570761598651579,0.441443895746751,0.599986061844589,0.48986496582051,"Lrrtm1",1
"GO:0021700","developmental maturation","8/325","266/11892",0.0300751879699248,1.10047426257953,0.277792802195626,0.442345055115587,0.600989263972007,0.490684040807598,"Ereg/Ptgs2/Atp6v0c/Rb1/Nr4a2/C1qa/B4galt5/Abl2",8
"GO:0007160","cell-matrix adhesion","5/325","160/11892",0.03125,1.14346153846154,0.306231562486407,0.445015748478893,0.603840624436265,0.493012064215461,"Cd36/Thbs1/Cd96/Wdpcp/L1cam",5
"GO:0090276","regulation of peptide hormone secretion","5/325","160/11892",0.03125,1.14346153846154,0.306231562486407,0.445015748478893,0.603840624436265,0.493012064215461,"Il1b/Glud1/Adra2a/Camk2n1/Gna11",5
"GO:0003151","outflow tract morphogenesis","2/325","55/11892",0.0363636363636364,1.33057342657343,0.411878348509616,0.445918117123037,0.603840624436265,0.493012064215461,"Thbs1/Jun",2
"GO:0019319","hexose biosynthetic process","2/325","55/11892",0.0363636363636364,1.33057342657343,0.411878348509616,0.445918117123037,0.603840624436265,0.493012064215461,"Sik1/Ppara",2
"GO:0030071","regulation of mitotic metaphase/anaphase transition","2/325","55/11892",0.0363636363636364,1.33057342657343,0.411878348509616,0.445918117123037,0.603840624436265,0.493012064215461,"Dusp1/Rb1",2
"GO:0032273","positive regulation of protein polymerization","2/325","55/11892",0.0363636363636364,1.33057342657343,0.411878348509616,0.445918117123037,0.603840624436265,0.493012064215461,"Hspa1b/Hsp90aa1",2
"GO:0038084","vascular endothelial growth factor signaling pathway","2/325","55/11892",0.0363636363636364,1.33057342657343,0.411878348509616,0.445918117123037,0.603840624436265,0.493012064215461,"Epha4/Erbb2",2
"GO:0045665","negative regulation of neuron differentiation","2/325","55/11892",0.0363636363636364,1.33057342657343,0.411878348509616,0.445918117123037,0.603840624436265,0.493012064215461,"Il1b/B2m",2
"GO:0060997","dendritic spine morphogenesis","2/325","55/11892",0.0363636363636364,1.33057342657343,0.411878348509616,0.445918117123037,0.603840624436265,0.493012064215461,"Epha4/Arc",2
"GO:0044772","mitotic cell cycle phase transition","8/325","267/11892",0.0299625468164794,1.09635263612792,0.266909021559306,0.446498408542552,0.603848036586885,0.493018115944228,"Hspa8/Dusp1/Calm1/Ctdspl/Topbp1/Rb1/Ubd/Inhba",8
"GO:0051495","positive regulation of cytoskeleton organization","4/325","125/11892",0.032,1.17090461538462,0.321970753010263,0.446880990287578,0.603848036586885,0.493018115944228,"Hspa1b/Vil1/Plk4/Rhoc",4
"GO:0001776","leukocyte homeostasis","3/325","90/11892",0.0333333333333333,1.21969230769231,0.35067015282296,0.447865538076437,0.603848036586885,0.493018115944228,"Ada/Pde4b/Cd74",3
"GO:0016125","sterol metabolic process","3/325","90/11892",0.0333333333333333,1.21969230769231,0.35067015282296,0.447865538076437,0.603848036586885,0.493018115944228,"Prkaa2/Hmgcs2/Lpcat3",3
"GO:0071887","leukocyte apoptotic process","3/325","90/11892",0.0333333333333333,1.21969230769231,0.35067015282296,0.447865538076437,0.603848036586885,0.493018115944228,"Ido1/Ada/Cd74",3
"GO:0055082","intracellular chemical homeostasis","14/325","483/11892",0.0289855072463768,1.06060200668896,0.227917295353382,0.449625090580991,0.603848036586885,0.493018115944228,"Grina/Calm1/Tfrc/Adra2a/Atp6v0c/Slc4a2/Camk2n1/Trf/Prkaa2/Aqp1/Pik3r2/Mcoln1/Foxa3/B2m",14
"GO:0048659","smooth muscle cell proliferation","4/325","126/11892",0.0317460317460317,1.16161172161172,0.305692095857317,0.452946863872868,0.603848036586885,0.493018115944228,"Ereg/Thbs1/Ptgs2/Jun",4
"GO:0048813","dendrite morphogenesis","4/325","126/11892",0.0317460317460317,1.16161172161172,0.305692095857317,0.452946863872868,0.603848036586885,0.493018115944228,"Elavl4/Epha4/Arc/Abl2",4
"GO:0030879","mammary gland development","3/325","91/11892",0.032967032967033,1.20628909551986,0.331114397340855,0.455031955479698,0.603848036586885,0.493018115944228,"mt-Co2/Cdo1/Tgfa",3
"GO:0042471","ear morphogenesis","3/325","91/11892",0.032967032967033,1.20628909551986,0.331114397340855,0.455031955479698,0.603848036586885,0.493018115944228,"Wdpcp/Atoh1/Sparc",3
"GO:0051100","negative regulation of binding","3/325","91/11892",0.032967032967033,1.20628909551986,0.331114397340855,0.455031955479698,0.603848036586885,0.493018115944228,"Jun/Gtf2f1/B2m",3
"GO:0051225","spindle assembly","3/325","91/11892",0.032967032967033,1.20628909551986,0.331114397340855,0.455031955479698,0.603848036586885,0.493018115944228,"Hspa1b/Mapre3/Haus8",3
"GO:1902414","protein localization to cell junction","3/325","91/11892",0.032967032967033,1.20628909551986,0.331114397340855,0.455031955479698,0.603848036586885,0.493018115944228,"Hspb1/Erbb2/Lrrtm1",3
"GO:0019229","regulation of vasoconstriction","2/325","56/11892",0.0357142857142857,1.30681318681319,0.385750110501834,0.455142840078181,0.603848036586885,0.493018115944228,"Adra2a/Ptgs2",2
"GO:0070301","cellular response to hydrogen peroxide","2/325","56/11892",0.0357142857142857,1.30681318681319,0.385750110501834,0.455142840078181,0.603848036586885,0.493018115944228,"Hspa8/Aqp1",2
"GO:0099084","postsynaptic specialization organization","2/325","56/11892",0.0357142857142857,1.30681318681319,0.385750110501834,0.455142840078181,0.603848036586885,0.493018115944228,"Hspa8/Lrrtm1",2
"GO:1901880","negative regulation of protein depolymerization","2/325","56/11892",0.0357142857142857,1.30681318681319,0.385750110501834,0.455142840078181,0.603848036586885,0.493018115944228,"Vil1/Ccdc88c",2
"GO:0019722","calcium-mediated signaling","5/325","162/11892",0.0308641975308642,1.12934472934473,0.277841899780878,0.455712838884096,0.603848036586885,0.493018115944228,"Calm1/Ada/Igtp/Mcoln1/L1cam",5
"GO:0000002","mitochondrial genome maintenance","1/325","22/11892",0.0454545454545455,1.66321678321678,0.521893623925756,0.456735845361974,0.603848036586885,0.493018115944228,"Tymp",1
"GO:0000462","maturation of SSU-rRNA from tricistronic rRNA transcript (SSU-rRNA, 5.8S rRNA, LSU-rRNA)","1/325","22/11892",0.0454545454545455,1.66321678321678,0.521893623925756,0.456735845361974,0.603848036586885,0.493018115944228,"Rrs1",1
"GO:0001780","neutrophil homeostasis","1/325","22/11892",0.0454545454545455,1.66321678321678,0.521893623925756,0.456735845361974,0.603848036586885,0.493018115944228,"Pde4b",1
"GO:0003084","positive regulation of systemic arterial blood pressure","1/325","22/11892",0.0454545454545455,1.66321678321678,0.521893623925756,0.456735845361974,0.603848036586885,0.493018115944228,"Camk2n1",1
"GO:0007212","G protein-coupled dopamine receptor signaling pathway","1/325","22/11892",0.0454545454545455,1.66321678321678,0.521893623925756,0.456735845361974,0.603848036586885,0.493018115944228,"Gna11",1
"GO:0007339","binding of sperm to zona pellucida","1/325","22/11892",0.0454545454545455,1.66321678321678,0.521893623925756,0.456735845361974,0.603848036586885,0.493018115944228,"Hspa1b",1
"GO:0007608","sensory perception of smell","1/325","22/11892",0.0454545454545455,1.66321678321678,0.521893623925756,0.456735845361974,0.603848036586885,0.493018115944228,"B2m",1
"GO:0009187","cyclic nucleotide metabolic process","1/325","22/11892",0.0454545454545455,1.66321678321678,0.521893623925756,0.456735845361974,0.603848036586885,0.493018115944228,"Pde9a",1
"GO:0010165","response to X-ray","1/325","22/11892",0.0454545454545455,1.66321678321678,0.521893623925756,0.456735845361974,0.603848036586885,0.493018115944228,"Thbd",1
"GO:0014047","glutamate secretion","1/325","22/11892",0.0454545454545455,1.66321678321678,0.521893623925756,0.456735845361974,0.603848036586885,0.493018115944228,"Il1b",1
"GO:0015813","L-glutamate transmembrane transport","1/325","22/11892",0.0454545454545455,1.66321678321678,0.521893623925756,0.456735845361974,0.603848036586885,0.493018115944228,"Slc1a4",1
"GO:0019433","triglyceride catabolic process","1/325","22/11892",0.0454545454545455,1.66321678321678,0.521893623925756,0.456735845361974,0.603848036586885,0.493018115944228,"Lpl",1
"GO:0021542","dentate gyrus development","1/325","22/11892",0.0454545454545455,1.66321678321678,0.521893623925756,0.456735845361974,0.603848036586885,0.493018115944228,"Btg2",1
"GO:0022011","myelination in peripheral nervous system","1/325","22/11892",0.0454545454545455,1.66321678321678,0.521893623925756,0.456735845361974,0.603848036586885,0.493018115944228,"Ndrg1",1
"GO:0030212","hyaluronan metabolic process","1/325","22/11892",0.0454545454545455,1.66321678321678,0.521893623925756,0.456735845361974,0.603848036586885,0.493018115944228,"Il1b",1
"GO:0030262","apoptotic nuclear changes","1/325","22/11892",0.0454545454545455,1.66321678321678,0.521893623925756,0.456735845361974,0.603848036586885,0.493018115944228,"Top2a",1
"GO:0031116","positive regulation of microtubule polymerization","1/325","22/11892",0.0454545454545455,1.66321678321678,0.521893623925756,0.456735845361974,0.603848036586885,0.493018115944228,"Hspa1b",1
"GO:0032292","peripheral nervous system axon ensheathment","1/325","22/11892",0.0454545454545455,1.66321678321678,0.521893623925756,0.456735845361974,0.603848036586885,0.493018115944228,"Ndrg1",1
"GO:0032366","intracellular sterol transport","1/325","22/11892",0.0454545454545455,1.66321678321678,0.521893623925756,0.456735845361974,0.603848036586885,0.493018115944228,"Gramd1b",1
"GO:0032435","negative regulation of proteasomal ubiquitin-dependent protein catabolic process","1/325","22/11892",0.0454545454545455,1.66321678321678,0.521893623925756,0.456735845361974,0.603848036586885,0.493018115944228,"Hsp90ab1",1
"GO:0034067","protein localization to Golgi apparatus","1/325","22/11892",0.0454545454545455,1.66321678321678,0.521893623925756,0.456735845361974,0.603848036586885,0.493018115944228,"Bicd2",1
"GO:0034368","protein-lipid complex remodeling","1/325","22/11892",0.0454545454545455,1.66321678321678,0.521893623925756,0.456735845361974,0.603848036586885,0.493018115944228,"Lpl",1
"GO:0034369","plasma lipoprotein particle remodeling","1/325","22/11892",0.0454545454545455,1.66321678321678,0.521893623925756,0.456735845361974,0.603848036586885,0.493018115944228,"Lpl",1
"GO:0034381","plasma lipoprotein particle clearance","1/325","22/11892",0.0454545454545455,1.66321678321678,0.521893623925756,0.456735845361974,0.603848036586885,0.493018115944228,"Cd36",1
"GO:0034405","response to fluid shear stress","1/325","22/11892",0.0454545454545455,1.66321678321678,0.521893623925756,0.456735845361974,0.603848036586885,0.493018115944228,"Ptgs2",1
"GO:0042558","pteridine-containing compound metabolic process","1/325","22/11892",0.0454545454545455,1.66321678321678,0.521893623925756,0.456735845361974,0.603848036586885,0.493018115944228,"Gch1",1
"GO:0042573","retinoic acid metabolic process","1/325","22/11892",0.0454545454545455,1.66321678321678,0.521893623925756,0.456735845361974,0.603848036586885,0.493018115944228,"Aldh1a1",1
"GO:0044342","type B pancreatic cell proliferation","1/325","22/11892",0.0454545454545455,1.66321678321678,0.521893623925756,0.456735845361974,0.603848036586885,0.493018115944228,"Nr4a1",1
"GO:0045191","regulation of isotype switching","1/325","22/11892",0.0454545454545455,1.66321678321678,0.521893623925756,0.456735845361974,0.603848036586885,0.493018115944228,"Tfrc",1
"GO:0045589","regulation of regulatory T cell differentiation","1/325","22/11892",0.0454545454545455,1.66321678321678,0.521893623925756,0.456735845361974,0.603848036586885,0.493018115944228,"Hspb1",1
"GO:0046475","glycerophospholipid catabolic process","1/325","22/11892",0.0454545454545455,1.66321678321678,0.521893623925756,0.456735845361974,0.603848036586885,0.493018115944228,"Abhd12",1
"GO:0050858","negative regulation of antigen receptor-mediated signaling pathway","1/325","22/11892",0.0454545454545455,1.66321678321678,0.521893623925756,0.456735845361974,0.603848036586885,0.493018115944228,"Ezr",1
"GO:0050926","regulation of positive chemotaxis","1/325","22/11892",0.0454545454545455,1.66321678321678,0.521893623925756,0.456735845361974,0.603848036586885,0.493018115944228,"Creb3",1
"GO:0050996","positive regulation of lipid catabolic process","1/325","22/11892",0.0454545454545455,1.66321678321678,0.521893623925756,0.456735845361974,0.603848036586885,0.493018115944228,"Il1b",1
"GO:0052652","cyclic purine nucleotide metabolic process","1/325","22/11892",0.0454545454545455,1.66321678321678,0.521893623925756,0.456735845361974,0.603848036586885,0.493018115944228,"Pde9a",1
"GO:0060391","positive regulation of SMAD protein signal transduction","1/325","22/11892",0.0454545454545455,1.66321678321678,0.521893623925756,0.456735845361974,0.603848036586885,0.493018115944228,"Inhba",1
"GO:0071295","cellular response to vitamin","1/325","22/11892",0.0454545454545455,1.66321678321678,0.521893623925756,0.456735845361974,0.603848036586885,0.493018115944228,"Tnc",1
"GO:0071354","cellular response to interleukin-6","1/325","22/11892",0.0454545454545455,1.66321678321678,0.521893623925756,0.456735845361974,0.603848036586885,0.493018115944228,"St3gal6",1
"GO:0072528","pyrimidine-containing compound biosynthetic process","1/325","22/11892",0.0454545454545455,1.66321678321678,0.521893623925756,0.456735845361974,0.603848036586885,0.493018115944228,"Upp1",1
"GO:0090231","regulation of spindle checkpoint","1/325","22/11892",0.0454545454545455,1.66321678321678,0.521893623925756,0.456735845361974,0.603848036586885,0.493018115944228,"Dusp1",1
"GO:1900273","positive regulation of long-term synaptic potentiation","1/325","22/11892",0.0454545454545455,1.66321678321678,0.521893623925756,0.456735845361974,0.603848036586885,0.493018115944228,"Pde9a",1
"GO:1901021","positive regulation of calcium ion transmembrane transporter activity","1/325","22/11892",0.0454545454545455,1.66321678321678,0.521893623925756,0.456735845361974,0.603848036586885,0.493018115944228,"Calm1",1
"GO:1901889","negative regulation of cell junction assembly","1/325","22/11892",0.0454545454545455,1.66321678321678,0.521893623925756,0.456735845361974,0.603848036586885,0.493018115944228,"Il1b",1
"GO:1902175","regulation of oxidative stress-induced intrinsic apoptotic signaling pathway","1/325","22/11892",0.0454545454545455,1.66321678321678,0.521893623925756,0.456735845361974,0.603848036586885,0.493018115944228,"Hspb1",1
"GO:1903055","positive regulation of extracellular matrix organization","1/325","22/11892",0.0454545454545455,1.66321678321678,0.521893623925756,0.456735845361974,0.603848036586885,0.493018115944228,"Rb1",1
"GO:1905244","regulation of modification of synaptic structure","1/325","22/11892",0.0454545454545455,1.66321678321678,0.521893623925756,0.456735845361974,0.603848036586885,0.493018115944228,"Epha4",1
"GO:2000108","positive regulation of leukocyte apoptotic process","1/325","22/11892",0.0454545454545455,1.66321678321678,0.521893623925756,0.456735845361974,0.603848036586885,0.493018115944228,"Ido1",1
"GO:2000406","positive regulation of T cell migration","1/325","22/11892",0.0454545454545455,1.66321678321678,0.521893623925756,0.456735845361974,0.603848036586885,0.493018115944228,"Abl2",1
"GO:0051260","protein homooligomerization","4/325","127/11892",0.031496062992126,1.15246517262265,0.289545651406715,0.458991160116515,0.606612196554133,0.495274943584049,"Samhd1/Mcoln1/Arc/B2m",4
"GO:0002761","regulation of myeloid leukocyte differentiation","3/325","92/11892",0.0326086956521739,1.19317725752508,0.311780829749039,0.462159480178952,0.610151688140218,0.498164798924204,"Rb1/Cd74/Jun",3
"GO:0050864","regulation of B cell activation","3/325","92/11892",0.0326086956521739,1.19317725752508,0.311780829749039,0.462159480178952,0.610151688140218,0.498164798924204,"Tfrc/Ada/Cd74",3
"GO:0050708","regulation of protein secretion","6/325","199/11892",0.0301507537688442,1.10323927328952,0.246177867015045,0.462165901597257,0.610151688140218,0.498164798924204,"Il1b/Glud1/Adra2a/Camk2n1/Gna11/Bsg",6
"GO:0006140","regulation of nucleotide metabolic process","2/325","57/11892",0.0350877192982456,1.28388663967611,0.360112961467965,0.464278968962977,0.610753847108328,0.498656437982325,"Prkaa2/Ppara",2
"GO:0010827","regulation of D-glucose transmembrane transport","2/325","57/11892",0.0350877192982456,1.28388663967611,0.360112961467965,0.464278968962977,0.610753847108328,0.498656437982325,"Il1b/Trib3",2
"GO:0040014","regulation of multicellular organism growth","2/325","57/11892",0.0350877192982456,1.28388663967611,0.360112961467965,0.464278968962977,0.610753847108328,0.498656437982325,"Vil1/Ezr",2
"GO:0051153","regulation of striated muscle cell differentiation","2/325","57/11892",0.0350877192982456,1.28388663967611,0.360112961467965,0.464278968962977,0.610753847108328,0.498656437982325,"Sik1/Ppara",2
"GO:0051965","positive regulation of synapse assembly","2/325","57/11892",0.0350877192982456,1.28388663967611,0.360112961467965,0.464278968962977,0.610753847108328,0.498656437982325,"Flrt3/Lrrtm1",2
"GO:0061157","mRNA destabilization","2/325","57/11892",0.0350877192982456,1.28388663967611,0.360112961467965,0.464278968962977,0.610753847108328,0.498656437982325,"Btg2/Dcp2",2
"GO:0070830","bicellular tight junction assembly","2/325","57/11892",0.0350877192982456,1.28388663967611,0.360112961467965,0.464278968962977,0.610753847108328,0.498656437982325,"Cldn2/Cldn4",2
"GO:0120162","positive regulation of cold-induced thermogenesis","2/325","57/11892",0.0350877192982456,1.28388663967611,0.360112961467965,0.464278968962977,0.610753847108328,0.498656437982325,"Cd36/Scd1",2
"GO:1900542","regulation of purine nucleotide metabolic process","2/325","57/11892",0.0350877192982456,1.28388663967611,0.360112961467965,0.464278968962977,0.610753847108328,0.498656437982325,"Prkaa2/Ppara",2
"GO:1902099","regulation of metaphase/anaphase transition of cell cycle","2/325","57/11892",0.0350877192982456,1.28388663967611,0.360112961467965,0.464278968962977,0.610753847108328,0.498656437982325,"Dusp1/Rb1",2
"GO:0051606","detection of stimulus","4/325","128/11892",0.03125,1.14346153846154,0.273529053701268,0.465012784966715,0.611500936634789,0.499266407127641,"Calm1/Nr4a1/Fap/Rtp4",4
"GO:0071692","protein localization to extracellular region","8/325","272/11892",0.0294117647058824,1.07619909502262,0.21309423654444,0.467189538538907,0.613228391712543,0.500676806095942,"Il1b/Glud1/Adra2a/Psap/Camk2n1/Gna11/Cwh43/Bsg",8
"GO:0006417","regulation of translation","7/325","236/11892",0.0296610169491525,1.08531942633638,0.221906314760741,0.46720161472015,0.613228391712543,0.500676806095942,"Thbs1/Elavl4/Gzmb/Erbb2/Etf1/Btg2/Rbm3",7
"GO:0046777","protein autophosphorylation","4/325","129/11892",0.0310077519379845,1.13459749552773,0.257639998458733,0.471010675483265,0.613228391712543,0.500676806095942,"Sik1/Epha4/Jun/Stk10",4
"GO:1903046","meiotic cell cycle process","4/325","129/11892",0.0310077519379845,1.13459749552773,0.257639998458733,0.471010675483265,0.613228391712543,0.500676806095942,"Ereg/Top2a/Topbp1/Ubb",4
"GO:0002438","acute inflammatory response to antigenic stimulus","1/325","23/11892",0.0434782608695652,1.59090301003344,0.475459530969368,0.471610390455264,0.613228391712543,0.500676806095942,"H2-T23",1
"GO:0002446","neutrophil mediated immunity","1/325","23/11892",0.0434782608695652,1.59090301003344,0.475459530969368,0.471610390455264,0.613228391712543,0.500676806095942,"Anxa3",1
"GO:0003298","physiological muscle hypertrophy","1/325","23/11892",0.0434782608695652,1.59090301003344,0.475459530969368,0.471610390455264,0.613228391712543,0.500676806095942,"Ppara",1
"GO:0003301","physiological cardiac muscle hypertrophy","1/325","23/11892",0.0434782608695652,1.59090301003344,0.475459530969368,0.471610390455264,0.613228391712543,0.500676806095942,"Ppara",1
"GO:0006921","cellular component disassembly involved in execution phase of apoptosis","1/325","23/11892",0.0434782608695652,1.59090301003344,0.475459530969368,0.471610390455264,0.613228391712543,0.500676806095942,"Top2a",1
"GO:0010719","negative regulation of epithelial to mesenchymal transition","1/325","23/11892",0.0434782608695652,1.59090301003344,0.475459530969368,0.471610390455264,0.613228391712543,0.500676806095942,"Epha4",1
"GO:0022010","central nervous system myelination","1/325","23/11892",0.0434782608695652,1.59090301003344,0.475459530969368,0.471610390455264,0.613228391712543,0.500676806095942,"B4galt5",1
"GO:0030574","collagen catabolic process","1/325","23/11892",0.0434782608695652,1.59090301003344,0.475459530969368,0.471610390455264,0.613228391712543,0.500676806095942,"Fap",1
"GO:0032291","axon ensheathment in central nervous system","1/325","23/11892",0.0434782608695652,1.59090301003344,0.475459530969368,0.471610390455264,0.613228391712543,0.500676806095942,"B4galt5",1
"GO:0032620","interleukin-17 production","1/325","23/11892",0.0434782608695652,1.59090301003344,0.475459530969368,0.471610390455264,0.613228391712543,0.500676806095942,"Slc7a5",1
"GO:0032660","regulation of interleukin-17 production","1/325","23/11892",0.0434782608695652,1.59090301003344,0.475459530969368,0.471610390455264,0.613228391712543,0.500676806095942,"Slc7a5",1
"GO:0032965","regulation of collagen biosynthetic process","1/325","23/11892",0.0434782608695652,1.59090301003344,0.475459530969368,0.471610390455264,0.613228391712543,0.500676806095942,"Inhba",1
"GO:0045622","regulation of T-helper cell differentiation","1/325","23/11892",0.0434782608695652,1.59090301003344,0.475459530969368,0.471610390455264,0.613228391712543,0.500676806095942,"Lgals1",1
"GO:0046621","negative regulation of organ growth","1/325","23/11892",0.0434782608695652,1.59090301003344,0.475459530969368,0.471610390455264,0.613228391712543,0.500676806095942,"Ppara",1
"GO:0050482","arachidonate secretion","1/325","23/11892",0.0434782608695652,1.59090301003344,0.475459530969368,0.471610390455264,0.613228391712543,0.500676806095942,"Nmb",1
"GO:0050901","leukocyte tethering or rolling","1/325","23/11892",0.0434782608695652,1.59090301003344,0.475459530969368,0.471610390455264,0.613228391712543,0.500676806095942,"Chst4",1
"GO:0051150","regulation of smooth muscle cell differentiation","1/325","23/11892",0.0434782608695652,1.59090301003344,0.475459530969368,0.471610390455264,0.613228391712543,0.500676806095942,"Ereg",1
"GO:0051654","establishment of mitochondrion localization","1/325","23/11892",0.0434782608695652,1.59090301003344,0.475459530969368,0.471610390455264,0.613228391712543,0.500676806095942,"Ubb",1
"GO:0060117","auditory receptor cell development","1/325","23/11892",0.0434782608695652,1.59090301003344,0.475459530969368,0.471610390455264,0.613228391712543,0.500676806095942,"Wdpcp",1
"GO:0061049","cell growth involved in cardiac muscle cell development","1/325","23/11892",0.0434782608695652,1.59090301003344,0.475459530969368,0.471610390455264,0.613228391712543,0.500676806095942,"Ppara",1
"GO:0070741","response to interleukin-6","1/325","23/11892",0.0434782608695652,1.59090301003344,0.475459530969368,0.471610390455264,0.613228391712543,0.500676806095942,"St3gal6",1
"GO:0072207","metanephric epithelium development","1/325","23/11892",0.0434782608695652,1.59090301003344,0.475459530969368,0.471610390455264,0.613228391712543,0.500676806095942,"Aqp1",1
"GO:0090148","membrane fission","1/325","23/11892",0.0434782608695652,1.59090301003344,0.475459530969368,0.471610390455264,0.613228391712543,0.500676806095942,"Dnm2",1
"GO:0090162","establishment of epithelial cell polarity","1/325","23/11892",0.0434782608695652,1.59090301003344,0.475459530969368,0.471610390455264,0.613228391712543,0.500676806095942,"Frmd4b",1
"GO:0098901","regulation of cardiac muscle cell action potential","1/325","23/11892",0.0434782608695652,1.59090301003344,0.475459530969368,0.471610390455264,0.613228391712543,0.500676806095942,"Calm1",1
"GO:0099505","regulation of presynaptic membrane potential","1/325","23/11892",0.0434782608695652,1.59090301003344,0.475459530969368,0.471610390455264,0.613228391712543,0.500676806095942,"Htr3a",1
"GO:1903963","arachidonate transport","1/325","23/11892",0.0434782608695652,1.59090301003344,0.475459530969368,0.471610390455264,0.613228391712543,0.500676806095942,"Nmb",1
"GO:0030073","insulin secretion","5/325","165/11892",0.0303030303030303,1.10881118881119,0.235918808942289,0.471650160202132,0.613228391712543,0.500676806095942,"Il1b/Glud1/Adra2a/Camk2n1/Gna11",5
"GO:0033627","cell adhesion mediated by integrin","2/325","58/11892",0.0344827586206897,1.26175066312997,0.334947319952461,0.473324447863546,0.614754726858714,0.501922998568999,"Ada/L1cam",2
"GO:0042490","mechanoreceptor differentiation","2/325","58/11892",0.0344827586206897,1.26175066312997,0.334947319952461,0.473324447863546,0.614754726858714,0.501922998568999,"Wdpcp/Atoh1",2
"GO:0045685","regulation of glial cell differentiation","2/325","58/11892",0.0344827586206897,1.26175066312997,0.334947319952461,0.473324447863546,0.614754726858714,0.501922998568999,"Il1b/Epha4",2
"GO:0043467","regulation of generation of precursor metabolites and energy","3/325","94/11892",0.0319148936170213,1.16779050736498,0.273758504932824,0.476291769986905,0.61839079400202,0.504891704044257,"Prkaa2/Oas1g/Ppara",3
"GO:0021537","telencephalon development","6/325","203/11892",0.0295566502463054,1.08150056839712,0.196318162043223,0.481332677784857,0.624715581096825,0.510055643360603,"Aqp1/Tubb2a/Btg2/Anxa3/Atoh1/Inhba",6
"GO:0002220","innate immune response activating cell surface receptor signaling pathway","2/325","59/11892",0.0338983050847458,1.24036505867014,0.31023472781674,0.482277398538256,0.625061354082986,0.51033795337215,"Wdfy1/Oas1g",2
"GO:0007091","metaphase/anaphase transition of mitotic cell cycle","2/325","59/11892",0.0338983050847458,1.24036505867014,0.31023472781674,0.482277398538256,0.625061354082986,0.51033795337215,"Dusp1/Rb1",2
"GO:0046364","monosaccharide biosynthetic process","2/325","59/11892",0.0338983050847458,1.24036505867014,0.31023472781674,0.482277398538256,0.625061354082986,0.51033795337215,"Sik1/Ppara",2
"GO:1900076","regulation of cellular response to insulin stimulus","2/325","59/11892",0.0338983050847458,1.24036505867014,0.31023472781674,0.482277398538256,0.625061354082986,0.51033795337215,"Il1b/Lpl",2
"GO:0006006","glucose metabolic process","4/325","131/11892",0.0305343511450382,1.11727539635937,0.226235594167012,0.482931156401432,0.625498744422774,0.510695065341038,"Sik1/Tff3/Oas1g/Ppara",4
"GO:0046488","phosphatidylinositol metabolic process","3/325","95/11892",0.0315789473684211,1.1554979757085,0.255059353704119,0.483293658197521,0.625498744422774,0.510695065341038,"Pgap1/Cwh43/Pigz",3
"GO:0050684","regulation of mRNA processing","3/325","95/11892",0.0315789473684211,1.1554979757085,0.255059353704119,0.483293658197521,0.625498744422774,0.510695065341038,"Hspa8/Rnps1/Rbm3",3
"GO:0051147","regulation of muscle cell differentiation","3/325","95/11892",0.0315789473684211,1.1554979757085,0.255059353704119,0.483293658197521,0.625498744422774,0.510695065341038,"Ereg/Sik1/Ppara",3
"GO:0001953","negative regulation of cell-matrix adhesion","1/325","24/11892",0.0416666666666667,1.52461538461538,0.431219485068491,0.486078890168976,0.626026131782964,0.511125656329067,"Thbs1",1
"GO:0002861","regulation of inflammatory response to antigenic stimulus","1/325","24/11892",0.0416666666666667,1.52461538461538,0.431219485068491,0.486078890168976,0.626026131782964,0.511125656329067,"H2-T23",1
"GO:0007020","microtubule nucleation","1/325","24/11892",0.0416666666666667,1.52461538461538,0.431219485068491,0.486078890168976,0.626026131782964,0.511125656329067,"Hspa1b",1
"GO:0021696","cerebellar cortex morphogenesis","1/325","24/11892",0.0416666666666667,1.52461538461538,0.431219485068491,0.486078890168976,0.626026131782964,0.511125656329067,"Psap",1
"GO:0032205","negative regulation of telomere maintenance","1/325","24/11892",0.0416666666666667,1.52461538461538,0.431219485068491,0.486078890168976,0.626026131782964,0.511125656329067,"Dcp2",1
"GO:0034367","protein-containing complex remodeling","1/325","24/11892",0.0416666666666667,1.52461538461538,0.431219485068491,0.486078890168976,0.626026131782964,0.511125656329067,"Lpl",1
"GO:0042537","benzene-containing compound metabolic process","1/325","24/11892",0.0416666666666667,1.52461538461538,0.431219485068491,0.486078890168976,0.626026131782964,0.511125656329067,"Ido1",1
"GO:0051693","actin filament capping","1/325","24/11892",0.0416666666666667,1.52461538461538,0.431219485068491,0.486078890168976,0.626026131782964,0.511125656329067,"Vil1",1
"GO:0090140","regulation of mitochondrial fission","1/325","24/11892",0.0416666666666667,1.52461538461538,0.431219485068491,0.486078890168976,0.626026131782964,0.511125656329067,"Igtp",1
"GO:0090314","positive regulation of protein targeting to membrane","1/325","24/11892",0.0416666666666667,1.52461538461538,0.431219485068491,0.486078890168976,0.626026131782964,0.511125656329067,"Erbb2",1
"GO:0090329","regulation of DNA-templated DNA replication","1/325","24/11892",0.0416666666666667,1.52461538461538,0.431219485068491,0.486078890168976,0.626026131782964,0.511125656329067,"Wiz",1
"GO:0097484","dendrite extension","1/325","24/11892",0.0416666666666667,1.52461538461538,0.431219485068491,0.486078890168976,0.626026131782964,0.511125656329067,"Slc23a2",1
"GO:2000352","negative regulation of endothelial cell apoptotic process","1/325","24/11892",0.0416666666666667,1.52461538461538,0.431219485068491,0.486078890168976,0.626026131782964,0.511125656329067,"Abl2",1
"GO:2000677","regulation of transcription regulatory region DNA binding","1/325","24/11892",0.0416666666666667,1.52461538461538,0.431219485068491,0.486078890168976,0.626026131782964,0.511125656329067,"Rb1",1
"GO:0072524","pyridine-containing compound metabolic process","4/325","132/11892",0.0303030303030303,1.10881118881119,0.210715926564765,0.488851775039766,0.629377451203834,0.513861876514767,"Ido1/Pklr/Prkaa2/Ppara",4
"GO:0045598","regulation of fat cell differentiation","3/325","96/11892",0.03125,1.14346153846154,0.236561584620079,0.490250897540854,0.63051807687913,0.514793152410953,"Ptgs2/Lpl/Trib3",3
"GO:0090277","positive regulation of peptide hormone secretion","3/325","96/11892",0.03125,1.14346153846154,0.236561584620079,0.490250897540854,0.63051807687913,0.514793152410953,"Glud1/Camk2n1/Gna11",3
"GO:1902652","secondary alcohol metabolic process","3/325","96/11892",0.03125,1.14346153846154,0.236561584620079,0.490250897540854,0.63051807687913,0.514793152410953,"Prkaa2/Hmgcs2/Lpcat3",3
"GO:0003407","neural retina development","2/325","60/11892",0.0333333333333333,1.21969230769231,0.285957767447784,0.491136112295646,0.630996064803678,0.515183410707289,"Hipk1/Bsg",2
"GO:0050779","RNA destabilization","2/325","60/11892",0.0333333333333333,1.21969230769231,0.285957767447784,0.491136112295646,0.630996064803678,0.515183410707289,"Btg2/Dcp2",2
"GO:0061014","positive regulation of mRNA catabolic process","2/325","60/11892",0.0333333333333333,1.21969230769231,0.285957767447784,0.491136112295646,0.630996064803678,0.515183410707289,"Btg2/Dcp2",2
"GO:0007051","spindle organization","4/325","133/11892",0.0300751879699248,1.10047426257953,0.195315160559112,0.494744715418209,0.634138233398233,0.517748867488805,"Hspa1b/Mapre3/Ezr/Haus8",4
"GO:0030216","keratinocyte differentiation","3/325","97/11892",0.0309278350515464,1.13167327517843,0.218260444286988,0.497162208051483,0.634138233398233,0.517748867488805,"Sprr2b/Ptgs2/Psap",3
"GO:0045727","positive regulation of translation","3/325","97/11892",0.0309278350515464,1.13167327517843,0.218260444286988,0.497162208051483,0.634138233398233,0.517748867488805,"Thbs1/Erbb2/Rbm3",3
"GO:0098773","skin epidermis development","3/325","97/11892",0.0309278350515464,1.13167327517843,0.218260444286988,0.497162208051483,0.634138233398233,0.517748867488805,"Cldn4/Ptgs2/Inhba",3
"GO:0016071","mRNA metabolic process","13/325","462/11892",0.0281385281385281,1.02961038961039,0.108813429093926,0.497596494428492,0.634138233398233,0.517748867488805,"Ereg/Hspa8/Hspa1b/Elavl4/Rnps1/C5ar1/Rrp1b/Etf1/Btg2/Fastk/Cstf3/Dcp2/Rbm3",13
"GO:0002090","regulation of receptor internalization","2/325","61/11892",0.0327868852459016,1.1996973518285,0.262099986358125,0.499899042181316,0.634138233398233,0.517748867488805,"Arc/Lrrtm1",2
"GO:0022406","membrane docking","2/325","61/11892",0.0327868852459016,1.1996973518285,0.262099986358125,0.499899042181316,0.634138233398233,0.517748867488805,"Calm1/Ezr",2
"GO:0043242","negative regulation of protein-containing complex disassembly","2/325","61/11892",0.0327868852459016,1.1996973518285,0.262099986358125,0.499899042181316,0.634138233398233,0.517748867488805,"Vil1/Ccdc88c",2
"GO:0044784","metaphase/anaphase transition of cell cycle","2/325","61/11892",0.0327868852459016,1.1996973518285,0.262099986358125,0.499899042181316,0.634138233398233,0.517748867488805,"Dusp1/Rb1",2
"GO:0045913","positive regulation of carbohydrate metabolic process","2/325","61/11892",0.0327868852459016,1.1996973518285,0.262099986358125,0.499899042181316,0.634138233398233,0.517748867488805,"Prkaa2/Ppara",2
"GO:0048009","insulin-like growth factor receptor signaling pathway","2/325","61/11892",0.0327868852459016,1.1996973518285,0.262099986358125,0.499899042181316,0.634138233398233,0.517748867488805,"Epha4/Erbb2",2
"GO:0070555","response to interleukin-1","2/325","61/11892",0.0327868852459016,1.1996973518285,0.262099986358125,0.499899042181316,0.634138233398233,0.517748867488805,"Il1b/Saa3",2
"GO:0001773","myeloid dendritic cell activation","1/325","25/11892",0.04,1.46363076923077,0.388966577853831,0.500152395451676,0.634138233398233,0.517748867488805,"Ubd",1
"GO:0001779","natural killer cell differentiation","1/325","25/11892",0.04,1.46363076923077,0.388966577853831,0.500152395451676,0.634138233398233,0.517748867488805,"Nfil3",1
"GO:0002691","regulation of cellular extravasation","1/325","25/11892",0.04,1.46363076923077,0.388966577853831,0.500152395451676,0.634138233398233,0.517748867488805,"Chst4",1
"GO:0010830","regulation of myotube differentiation","1/325","25/11892",0.04,1.46363076923077,0.388966577853831,0.500152395451676,0.634138233398233,0.517748867488805,"Sik1",1
"GO:0017004","cytochrome complex assembly","1/325","25/11892",0.04,1.46363076923077,0.388966577853831,0.500152395451676,0.634138233398233,0.517748867488805,"mt-Co3",1
"GO:0021591","ventricular system development","1/325","25/11892",0.04,1.46363076923077,0.388966577853831,0.500152395451676,0.634138233398233,0.517748867488805,"Aqp1",1
"GO:0032212","positive regulation of telomere maintenance via telomerase","1/325","25/11892",0.04,1.46363076923077,0.388966577853831,0.500152395451676,0.634138233398233,0.517748867488805,"Gch1",1
"GO:0032872","regulation of stress-activated MAPK cascade","1/325","25/11892",0.04,1.46363076923077,0.388966577853831,0.500152395451676,0.634138233398233,0.517748867488805,"Il1b",1
"GO:0033119","negative regulation of RNA splicing","1/325","25/11892",0.04,1.46363076923077,0.388966577853831,0.500152395451676,0.634138233398233,0.517748867488805,"Rnps1",1
"GO:0044060","regulation of endocrine process","1/325","25/11892",0.04,1.46363076923077,0.388966577853831,0.500152395451676,0.634138233398233,0.517748867488805,"Inhba",1
"GO:0044786","cell cycle DNA replication","1/325","25/11892",0.04,1.46363076923077,0.388966577853831,0.500152395451676,0.634138233398233,0.517748867488805,"Wiz",1
"GO:0046839","phospholipid dephosphorylation","1/325","25/11892",0.04,1.46363076923077,0.388966577853831,0.500152395451676,0.634138233398233,0.517748867488805,"Plpp1",1
"GO:0051984","positive regulation of chromosome segregation","1/325","25/11892",0.04,1.46363076923077,0.388966577853831,0.500152395451676,0.634138233398233,0.517748867488805,"Ncapg2",1
"GO:0060325","face morphogenesis","1/325","25/11892",0.04,1.46363076923077,0.388966577853831,0.500152395451676,0.634138233398233,0.517748867488805,"Arid5b",1
"GO:0065002","intracellular protein transmembrane transport","1/325","25/11892",0.04,1.46363076923077,0.388966577853831,0.500152395451676,0.634138233398233,0.517748867488805,"Hspa5",1
"GO:0070296","sarcoplasmic reticulum calcium ion transport","1/325","25/11892",0.04,1.46363076923077,0.388966577853831,0.500152395451676,0.634138233398233,0.517748867488805,"Calm1",1
"GO:0070302","regulation of stress-activated protein kinase signaling cascade","1/325","25/11892",0.04,1.46363076923077,0.388966577853831,0.500152395451676,0.634138233398233,0.517748867488805,"Il1b",1
"GO:0072538","T-helper 17 type immune response","1/325","25/11892",0.04,1.46363076923077,0.388966577853831,0.500152395451676,0.634138233398233,0.517748867488805,"Lgals1",1
"GO:0097107","postsynaptic density assembly","1/325","25/11892",0.04,1.46363076923077,0.388966577853831,0.500152395451676,0.634138233398233,0.517748867488805,"Lrrtm1",1
"GO:0099188","postsynaptic cytoskeleton organization","1/325","25/11892",0.04,1.46363076923077,0.388966577853831,0.500152395451676,0.634138233398233,0.517748867488805,"Ezr",1
"GO:1901524","regulation of mitophagy","1/325","25/11892",0.04,1.46363076923077,0.388966577853831,0.500152395451676,0.634138233398233,0.517748867488805,"Igtp",1
"GO:1904894","positive regulation of receptor signaling pathway via STAT","1/325","25/11892",0.04,1.46363076923077,0.388966577853831,0.500152395451676,0.634138233398233,0.517748867488805,"Calm1",1
"GO:1905606","regulation of presynapse assembly","1/325","25/11892",0.04,1.46363076923077,0.388966577853831,0.500152395451676,0.634138233398233,0.517748867488805,"Lrrtm1",1
"GO:2000008","regulation of protein localization to cell surface","1/325","25/11892",0.04,1.46363076923077,0.388966577853831,0.500152395451676,0.634138233398233,0.517748867488805,"Hsp90ab1",1
"GO:0033500","carbohydrate homeostasis","6/325","207/11892",0.0289855072463768,1.06060200668896,0.147434228533895,0.500291368074352,0.634138233398233,0.517748867488805,"Adra2a/Camk2n1/Prkaa2/Pik3r2/Oas1g/Foxa3",6
"GO:0042593","glucose homeostasis","6/325","207/11892",0.0289855072463768,1.06060200668896,0.147434228533895,0.500291368074352,0.634138233398233,0.517748867488805,"Adra2a/Camk2n1/Prkaa2/Pik3r2/Oas1g/Foxa3",6
"GO:1901990","regulation of mitotic cell cycle phase transition","6/325","207/11892",0.0289855072463768,1.06060200668896,0.147434228533895,0.500291368074352,0.634138233398233,0.517748867488805,"Dusp1/Ctdspl/Topbp1/Rb1/Ubd/Inhba",6
"GO:0071322","cellular response to carbohydrate stimulus","4/325","134/11892",0.0298507462686567,1.09226176808266,0.1800312705909,0.500609067516745,0.634322799197911,0.517899558187974,"Adra2a/Camk2n1/Prkaa2/Ppara",4
"GO:0008584","male gonad development","3/325","98/11892",0.0306122448979592,1.12012558869702,0.200151342477495,0.504026370968313,0.637994918746291,0.520897699030656,"Arid5b/Ubb/Inhba",3
"GO:0046546","development of primary male sexual characteristics","3/325","98/11892",0.0306122448979592,1.12012558869702,0.200151342477495,0.504026370968313,0.637994918746291,0.520897699030656,"Arid5b/Ubb/Inhba",3
"GO:2000045","regulation of G1/S transition of mitotic cell cycle","3/325","98/11892",0.0306122448979592,1.12012558869702,0.200151342477495,0.504026370968313,0.637994918746291,0.520897699030656,"Ctdspl/Rb1/Inhba",3
"GO:0050954","sensory perception of mechanical stimulus","4/325","135/11892",0.0296296296296296,1.08417094017094,0.164862281464322,0.506443951236278,0.640835016909344,0.523216527213586,"Espn/Pgap1/Crym/Psap",4
"GO:0002088","lens development in camera-type eye","2/325","62/11892",0.032258064516129,1.18034739454094,0.23864582840673,0.508564795463065,0.642415982205914,0.524507323050721,"Cryab/Hipk1",2
"GO:0006368","transcription elongation by RNA polymerase II","2/325","62/11892",0.032258064516129,1.18034739454094,0.23864582840673,0.508564795463065,0.642415982205914,0.524507323050721,"Hexim1/Gtf2f1",2
"GO:0061178","regulation of insulin secretion involved in cellular response to glucose stimulus","2/325","62/11892",0.032258064516129,1.18034739454094,0.23864582840673,0.508564795463065,0.642415982205914,0.524507323050721,"Adra2a/Camk2n1",2
"GO:0070972","protein localization to endoplasmic reticulum","2/325","62/11892",0.032258064516129,1.18034739454094,0.23864582840673,0.508564795463065,0.642415982205914,0.524507323050721,"Get4/Hspa5",2
"GO:0120192","tight junction assembly","2/325","62/11892",0.032258064516129,1.18034739454094,0.23864582840673,0.508564795463065,0.642415982205914,0.524507323050721,"Cldn2/Cldn4",2
"GO:0002793","positive regulation of peptide secretion","3/325","99/11892",0.0303030303030303,1.10881118881119,0.18222984487364,0.510842227498666,0.643130848610176,0.525090983287115,"Glud1/Camk2n1/Gna11",3
"GO:0000082","G1/S transition of mitotic cell cycle","4/325","136/11892",0.0294117647058824,1.07619909502262,0.149806266718975,0.51224851613716,0.643130848610176,0.525090983287115,"Hspa8/Ctdspl/Rb1/Inhba",4
"GO:0001764","neuron migration","4/325","136/11892",0.0294117647058824,1.07619909502262,0.149806266718975,0.51224851613716,0.643130848610176,0.525090983287115,"Nr4a2/Tubb2a/Hsp90aa1/Atoh1",4
"GO:0001504","neurotransmitter uptake","1/325","26/11892",0.0384615384615385,1.40733727810651,0.348521168372293,0.513841657394728,0.643130848610176,0.525090983287115,"Slc29a4",1
"GO:0006084","acetyl-CoA metabolic process","1/325","26/11892",0.0384615384615385,1.40733727810651,0.348521168372293,0.513841657394728,0.643130848610176,0.525090983287115,"Hmgcs2",1
"GO:0006356","regulation of transcription by RNA polymerase I","1/325","26/11892",0.0384615384615385,1.40733727810651,0.348521168372293,0.513841657394728,0.643130848610176,0.525090983287115,"Erbb2",1
"GO:0006958","complement activation, classical pathway","1/325","26/11892",0.0384615384615385,1.40733727810651,0.348521168372293,0.513841657394728,0.643130848610176,0.525090983287115,"C1qa",1
"GO:0007099","centriole replication","1/325","26/11892",0.0384615384615385,1.40733727810651,0.348521168372293,0.513841657394728,0.643130848610176,0.525090983287115,"Plk4",1
"GO:0007214","gamma-aminobutyric acid signaling pathway","1/325","26/11892",0.0384615384615385,1.40733727810651,0.348521168372293,0.513841657394728,0.643130848610176,0.525090983287115,"Htr4",1
"GO:0009072","aromatic amino acid metabolic process","1/325","26/11892",0.0384615384615385,1.40733727810651,0.348521168372293,0.513841657394728,0.643130848610176,0.525090983287115,"Ido1",1
"GO:0021884","forebrain neuron development","1/325","26/11892",0.0384615384615385,1.40733727810651,0.348521168372293,0.513841657394728,0.643130848610176,0.525090983287115,"Ubb",1
"GO:0032781","positive regulation of ATP-dependent activity","1/325","26/11892",0.0384615384615385,1.40733727810651,0.348521168372293,0.513841657394728,0.643130848610176,0.525090983287115,"Dnajb1",1
"GO:0034063","stress granule assembly","1/325","26/11892",0.0384615384615385,1.40733727810651,0.348521168372293,0.513841657394728,0.643130848610176,0.525090983287115,"Prkaa2",1
"GO:0034110","regulation of homotypic cell-cell adhesion","1/325","26/11892",0.0384615384615385,1.40733727810651,0.348521168372293,0.513841657394728,0.643130848610176,0.525090983287115,"Lgals1",1
"GO:0042531","positive regulation of tyrosine phosphorylation of STAT protein","1/325","26/11892",0.0384615384615385,1.40733727810651,0.348521168372293,0.513841657394728,0.643130848610176,0.525090983287115,"Tnfrsf1a",1
"GO:0045066","regulatory T cell differentiation","1/325","26/11892",0.0384615384615385,1.40733727810651,0.348521168372293,0.513841657394728,0.643130848610176,0.525090983287115,"Hspb1",1
"GO:0045815","transcription initiation-coupled chromatin remodeling","1/325","26/11892",0.0384615384615385,1.40733727810651,0.348521168372293,0.513841657394728,0.643130848610176,0.525090983287115,"Padi2",1
"GO:0045879","negative regulation of smoothened signaling pathway","1/325","26/11892",0.0384615384615385,1.40733727810651,0.348521168372293,0.513841657394728,0.643130848610176,0.525090983287115,"Rb1",1
"GO:0046329","negative regulation of JNK cascade","1/325","26/11892",0.0384615384615385,1.40733727810651,0.348521168372293,0.513841657394728,0.643130848610176,0.525090983287115,"Dnaja1",1
"GO:0050919","negative chemotaxis","1/325","26/11892",0.0384615384615385,1.40733727810651,0.348521168372293,0.513841657394728,0.643130848610176,0.525090983287115,"Flrt3",1
"GO:0051154","negative regulation of striated muscle cell differentiation","1/325","26/11892",0.0384615384615385,1.40733727810651,0.348521168372293,0.513841657394728,0.643130848610176,0.525090983287115,"Ppara",1
"GO:0070266","necroptotic process","1/325","26/11892",0.0384615384615385,1.40733727810651,0.348521168372293,0.513841657394728,0.643130848610176,0.525090983287115,"Rnf31",1
"GO:0071542","dopaminergic neuron differentiation","1/325","26/11892",0.0384615384615385,1.40733727810651,0.348521168372293,0.513841657394728,0.643130848610176,0.525090983287115,"Nr4a2",1
"GO:0120033","negative regulation of plasma membrane bounded cell projection assembly","1/325","26/11892",0.0384615384615385,1.40733727810651,0.348521168372293,0.513841657394728,0.643130848610176,0.525090983287115,"Dnm2",1
"GO:1903146","regulation of autophagy of mitochondrion","1/325","26/11892",0.0384615384615385,1.40733727810651,0.348521168372293,0.513841657394728,0.643130848610176,0.525090983287115,"Igtp",1
"GO:1904385","cellular response to angiotensin","1/325","26/11892",0.0384615384615385,1.40733727810651,0.348521168372293,0.513841657394728,0.643130848610176,0.525090983287115,"Inhba",1
"GO:2000515","negative regulation of CD4-positive, alpha-beta T cell activation","1/325","26/11892",0.0384615384615385,1.40733727810651,0.348521168372293,0.513841657394728,0.643130848610176,0.525090983287115,"Lgals1",1
"GO:0009314","response to radiation","8/325","284/11892",0.028169014084507,1.03072589382449,0.0878467093802531,0.516090053009335,0.645725707872508,0.527209583575835,"Sik1/Cryab/Topbp1/Ccl7/Aqp1/Thbd/Tmem109/Abl2",8
"GO:0001938","positive regulation of endothelial cell proliferation","2/325","63/11892",0.0317460317460317,1.16161172161172,0.215580570961767,0.517132126403867,0.646371318387472,0.527736699108942,"Nr4a1/Jun",2
"GO:0002260","lymphocyte homeostasis","2/325","63/11892",0.0317460317460317,1.16161172161172,0.215580570961767,0.517132126403867,0.646371318387472,0.527736699108942,"Ada/Cd74",2
"GO:0007029","endoplasmic reticulum organization","2/325","63/11892",0.0317460317460317,1.16161172161172,0.215580570961767,0.517132126403867,0.646371318387472,0.527736699108942,"Get4/Lpcat3",2
"GO:0042254","ribosome biogenesis","6/325","211/11892",0.028436018957346,1.04049580751003,0.099483666148689,0.51900695148266,0.648494787513588,0.529470427935388,"Xpo1/Rrs1/Krr1/Rrp1b/Brix1/Rpsa",6
"GO:0016055","Wnt signaling pathway","8/325","286/11892",0.027972027972028,1.0235180204411,0.0674812314309388,0.524102993553436,0.652047382845029,0.532370981967027,"Ppp2r3a/Atp6v0c/Sulf2/Ccdc88c/Prkaa2/Amotl2/Cpe/Abl2",8
"GO:0002286","T cell activation involved in immune response","2/325","64/11892",0.03125,1.14346153846154,0.19289026740549,0.525599929312665,0.652047382845029,0.532370981967027,"Lgals1/Cd74",2
"GO:0010469","regulation of signaling receptor activity","2/325","64/11892",0.03125,1.14346153846154,0.19289026740549,0.525599929312665,0.652047382845029,0.532370981967027,"Adra2a/Ppara",2
"GO:0034308","primary alcohol metabolic process","2/325","64/11892",0.03125,1.14346153846154,0.19289026740549,0.525599929312665,0.652047382845029,0.532370981967027,"Ces2a/Aldh1a1",2
"GO:0043255","regulation of carbohydrate biosynthetic process","2/325","64/11892",0.03125,1.14346153846154,0.19289026740549,0.525599929312665,0.652047382845029,0.532370981967027,"Sik1/Ppara",2
"GO:0055006","cardiac cell development","2/325","64/11892",0.03125,1.14346153846154,0.19289026740549,0.525599929312665,0.652047382845029,0.532370981967027,"Inhba/Ppara",2
"GO:0070167","regulation of biomineral tissue development","2/325","64/11892",0.03125,1.14346153846154,0.19289026740549,0.525599929312665,0.652047382845029,0.532370981967027,"Isg15/Slc4a2",2
"GO:0002227","innate immune response in mucosa","1/325","27/11892",0.037037037037037,1.35521367521367,0.309726375404063,0.527157135344055,0.652047382845029,0.532370981967027,"Cldn2",1
"GO:0006884","cell volume homeostasis","1/325","27/11892",0.037037037037037,1.35521367521367,0.309726375404063,0.527157135344055,0.652047382845029,0.532370981967027,"Aqp1",1
"GO:0007095","mitotic G2 DNA damage checkpoint signaling","1/325","27/11892",0.037037037037037,1.35521367521367,0.309726375404063,0.527157135344055,0.652047382845029,0.532370981967027,"Topbp1",1
"GO:0007520","myoblast fusion","1/325","27/11892",0.037037037037037,1.35521367521367,0.309726375404063,0.527157135344055,0.652047382845029,0.532370981967027,"Adamts15",1
"GO:0010453","regulation of cell fate commitment","1/325","27/11892",0.037037037037037,1.35521367521367,0.309726375404063,0.527157135344055,0.652047382845029,0.532370981967027,"Lgals1",1
"GO:0030835","negative regulation of actin filament depolymerization","1/325","27/11892",0.037037037037037,1.35521367521367,0.309726375404063,0.527157135344055,0.652047382845029,0.532370981967027,"Vil1",1
"GO:0031112","positive regulation of microtubule polymerization or depolymerization","1/325","27/11892",0.037037037037037,1.35521367521367,0.309726375404063,0.527157135344055,0.652047382845029,0.532370981967027,"Hspa1b",1
"GO:0031128","developmental induction","1/325","27/11892",0.037037037037037,1.35521367521367,0.309726375404063,0.527157135344055,0.652047382845029,0.532370981967027,"Hipk1",1
"GO:0031297","replication fork processing","1/325","27/11892",0.037037037037037,1.35521367521367,0.309726375404063,0.527157135344055,0.652047382845029,0.532370981967027,"Samhd1",1
"GO:0033574","response to testosterone","1/325","27/11892",0.037037037037037,1.35521367521367,0.309726375404063,0.527157135344055,0.652047382845029,0.532370981967027,"Hmgcs2",1
"GO:0035036","sperm-egg recognition","1/325","27/11892",0.037037037037037,1.35521367521367,0.309726375404063,0.527157135344055,0.652047382845029,0.532370981967027,"Hspa1b",1
"GO:0035196","miRNA processing","1/325","27/11892",0.037037037037037,1.35521367521367,0.309726375404063,0.527157135344055,0.652047382845029,0.532370981967027,"Rbm3",1
"GO:0046320","regulation of fatty acid oxidation","1/325","27/11892",0.037037037037037,1.35521367521367,0.309726375404063,0.527157135344055,0.652047382845029,0.532370981967027,"Ppara",1
"GO:0046677","response to antibiotic","1/325","27/11892",0.037037037037037,1.35521367521367,0.309726375404063,0.527157135344055,0.652047382845029,0.532370981967027,"Hsp90aa1",1
"GO:0048679","regulation of axon regeneration","1/325","27/11892",0.037037037037037,1.35521367521367,0.309726375404063,0.527157135344055,0.652047382845029,0.532370981967027,"Epha4",1
"GO:0051968","positive regulation of synaptic transmission, glutamatergic","1/325","27/11892",0.037037037037037,1.35521367521367,0.309726375404063,0.527157135344055,0.652047382845029,0.532370981967027,"Ptgs2",1
"GO:0060236","regulation of mitotic spindle organization","1/325","27/11892",0.037037037037037,1.35521367521367,0.309726375404063,0.527157135344055,0.652047382845029,0.532370981967027,"Hspa1b",1
"GO:0061436","establishment of skin barrier","1/325","27/11892",0.037037037037037,1.35521367521367,0.309726375404063,0.527157135344055,0.652047382845029,0.532370981967027,"Cldn4",1
"GO:0072595","maintenance of protein localization in organelle","1/325","27/11892",0.037037037037037,1.35521367521367,0.309726375404063,0.527157135344055,0.652047382845029,0.532370981967027,"Hspa5",1
"GO:0099174","regulation of presynapse organization","1/325","27/11892",0.037037037037037,1.35521367521367,0.309726375404063,0.527157135344055,0.652047382845029,0.532370981967027,"Lrrtm1",1
"GO:1900181","negative regulation of protein localization to nucleus","1/325","27/11892",0.037037037037037,1.35521367521367,0.309726375404063,0.527157135344055,0.652047382845029,0.532370981967027,"Cd36",1
"GO:1902895","positive regulation of miRNA transcription","1/325","27/11892",0.037037037037037,1.35521367521367,0.309726375404063,0.527157135344055,0.652047382845029,0.532370981967027,"Jun",1
"GO:1904358","positive regulation of telomere maintenance via telomere lengthening","1/325","27/11892",0.037037037037037,1.35521367521367,0.309726375404063,0.527157135344055,0.652047382845029,0.532370981967027,"Gch1",1
"GO:0043604","amide biosynthetic process","3/325","102/11892",0.0294117647058824,1.07619909502262,0.129548831189993,0.530989244177003,0.656567042615376,0.536061105987766,"Hagh/B4galt5/B3galt1",3
"GO:0048562","embryonic organ morphogenesis","6/325","214/11892",0.0280373831775701,1.02590941768512,0.0641092661770864,0.532864605705894,0.658664968689445,0.537773979919218,"Efemp1/Wdpcp/Hipk1/Atoh1/Sparc/Aldh1a1",6
"GO:0032204","regulation of telomere maintenance","2/325","65/11892",0.0307692307692308,1.12586982248521,0.17056169445047,0.533967231863253,0.659143743016729,0.538164880282385,"Gch1/Dcp2",2
"GO:0051899","membrane depolarization","2/325","65/11892",0.0307692307692308,1.12586982248521,0.17056169445047,0.533967231863253,0.659143743016729,0.538164880282385,"Jun/B2m",2
"GO:0070252","actin-mediated cell contraction","2/325","65/11892",0.0307692307692308,1.12586982248521,0.17056169445047,0.533967231863253,0.659143743016729,0.538164880282385,"Vil1/Ccdc88c",2
"GO:0141060","disruption of anatomical structure in another organism","2/325","65/11892",0.0307692307692308,1.12586982248521,0.17056169445047,0.533967231863253,0.659143743016729,0.538164880282385,"Gzmb/Igtp",2
"GO:0003341","cilium movement","4/325","140/11892",0.0285714285714286,1.04545054945055,0.090675042219759,0.535147600939383,0.66037966423253,0.539173961230489,"Dnaja1/Ccdc88c/Cwh43/Dnah10",4
"GO:0014706","striated muscle tissue development","8/325","289/11892",0.027681660899654,1.01289326590365,0.0371935144267079,0.536034317687241,0.661252508365184,0.539886604054049,"Cacybp/Hspa8/Sik1/Nr1d2/Nr4a1/Rb1/Btg2/Ppara",8
"GO:0007224","smoothened signaling pathway","3/325","103/11892",0.029126213592233,1.06575056011949,0.112336292790578,0.537601442893686,0.662289351852112,0.54073314588491,"Rb1/Wdpcp/Hipk1",3
"GO:0044272","sulfur compound biosynthetic process","3/325","103/11892",0.029126213592233,1.06575056011949,0.112336292790578,0.537601442893686,0.662289351852112,0.54073314588491,"Cdo1/Hagh/Mpst",3
"GO:0000079","regulation of cyclin-dependent protein serine/threonine kinase activity","1/325","28/11892",0.0357142857142857,1.30681318681319,0.27244445331367,0.540109004793122,0.662289351852112,0.54073314588491,"Mapre3",1
"GO:0001736","establishment of planar polarity","1/325","28/11892",0.0357142857142857,1.30681318681319,0.27244445331367,0.540109004793122,0.662289351852112,0.54073314588491,"Wdpcp",1
"GO:0002701","negative regulation of production of molecular mediator of immune response","1/325","28/11892",0.0357142857142857,1.30681318681319,0.27244445331367,0.540109004793122,0.662289351852112,0.54073314588491,"Cd96",1
"GO:0006284","base-excision repair","1/325","28/11892",0.0357142857142857,1.30681318681319,0.27244445331367,0.540109004793122,0.662289351852112,0.54073314588491,"Hmga1b",1
"GO:0007164","establishment of tissue polarity","1/325","28/11892",0.0357142857142857,1.30681318681319,0.27244445331367,0.540109004793122,0.662289351852112,0.54073314588491,"Wdpcp",1
"GO:0007617","mating behavior","1/325","28/11892",0.0357142857142857,1.30681318681319,0.27244445331367,0.540109004793122,0.662289351852112,0.54073314588491,"Ada",1
"GO:0032924","activin receptor signaling pathway","1/325","28/11892",0.0357142857142857,1.30681318681319,0.27244445331367,0.540109004793122,0.662289351852112,0.54073314588491,"Inhba",1
"GO:0050931","pigment cell differentiation","1/325","28/11892",0.0357142857142857,1.30681318681319,0.27244445331367,0.540109004793122,0.662289351852112,0.54073314588491,"Gna11",1
"GO:0051281","positive regulation of release of sequestered calcium ion into cytosol","1/325","28/11892",0.0357142857142857,1.30681318681319,0.27244445331367,0.540109004793122,0.662289351852112,0.54073314588491,"Calm1",1
"GO:0051938","L-glutamate import","1/325","28/11892",0.0357142857142857,1.30681318681319,0.27244445331367,0.540109004793122,0.662289351852112,0.54073314588491,"Slc1a4",1
"GO:0071548","response to dexamethasone","1/325","28/11892",0.0357142857142857,1.30681318681319,0.27244445331367,0.540109004793122,0.662289351852112,0.54073314588491,"Aqp1",1
"GO:0072210","metanephric nephron development","1/325","28/11892",0.0357142857142857,1.30681318681319,0.27244445331367,0.540109004793122,0.662289351852112,0.54073314588491,"Aqp1",1
"GO:0090224","regulation of spindle organization","1/325","28/11892",0.0357142857142857,1.30681318681319,0.27244445331367,0.540109004793122,0.662289351852112,0.54073314588491,"Hspa1b",1
"GO:0097028","dendritic cell differentiation","1/325","28/11892",0.0357142857142857,1.30681318681319,0.27244445331367,0.540109004793122,0.662289351852112,0.54073314588491,"Ubd",1
"GO:1902003","regulation of amyloid-beta formation","1/325","28/11892",0.0357142857142857,1.30681318681319,0.27244445331367,0.540109004793122,0.662289351852112,0.54073314588491,"Epha4",1
"GO:1905898","positive regulation of response to endoplasmic reticulum stress","1/325","28/11892",0.0357142857142857,1.30681318681319,0.27244445331367,0.540109004793122,0.662289351852112,0.54073314588491,"Usp13",1
"GO:0008088","axo-dendritic transport","2/325","66/11892",0.0303030303030303,1.10881118881119,0.148582303796463,0.542233188671863,0.663789948005476,0.541958323485066,"Hspb1/Hspa8",2
"GO:0010717","regulation of epithelial to mesenchymal transition","2/325","66/11892",0.0303030303030303,1.10881118881119,0.148582303796463,0.542233188671863,0.663789948005476,0.541958323485066,"Il1b/Epha4",2
"GO:0021510","spinal cord development","2/325","66/11892",0.0303030303030303,1.10881118881119,0.148582303796463,0.542233188671863,0.663789948005476,0.541958323485066,"Bag3/Mpst",2
"GO:0072384","organelle transport along microtubule","2/325","66/11892",0.0303030303030303,1.10881118881119,0.148582303796463,0.542233188671863,0.663789948005476,0.541958323485066,"Ubb/Bicd2",2
"GO:1901879","regulation of protein depolymerization","2/325","66/11892",0.0303030303030303,1.10881118881119,0.148582303796463,0.542233188671863,0.663789948005476,0.541958323485066,"Vil1/Ccdc88c",2
"GO:0006364","rRNA processing","4/325","142/11892",0.028169014084507,1.03072589382449,0.0617405176809345,0.546395250117421,0.668441052749025,0.545755767144376,"Rrs1/Krr1/Rrp1b/Brix1",4
"GO:0007254","JNK cascade","4/325","142/11892",0.028169014084507,1.03072589382449,0.0617405176809345,0.546395250117421,0.668441052749025,0.545755767144376,"Dnaja1/Il1b/Map3k6/Ccdc88c",4
"GO:0021675","nerve development","2/325","67/11892",0.0298507462686567,1.09226176808266,0.126940177709703,0.550397075124378,0.671482732505717,0.548239178751419,"Epha4/Sulf2",2
"GO:0033045","regulation of sister chromatid segregation","2/325","67/11892",0.0298507462686567,1.09226176808266,0.126940177709703,0.550397075124378,0.671482732505717,0.548239178751419,"Dusp1/Rb1",2
"GO:0021543","pallium development","4/325","143/11892",0.027972027972028,1.0235180204411,0.0474251630393716,0.551966200766218,0.671482732505717,0.548239178751419,"Tubb2a/Btg2/Anxa3/Atoh1",4
"GO:0007026","negative regulation of microtubule depolymerization","1/325","29/11892",0.0344827586206897,1.26175066312997,0.236553853198299,0.552707165063034,0.671482732505717,0.548239178751419,"Ccdc88c",1
"GO:0007140","male meiotic nuclear division","1/325","29/11892",0.0344827586206897,1.26175066312997,0.236553853198299,0.552707165063034,0.671482732505717,0.548239178751419,"Ubb",1
"GO:0008053","mitochondrial fusion","1/325","29/11892",0.0344827586206897,1.26175066312997,0.236553853198299,0.552707165063034,0.671482732505717,0.548239178751419,"Tfrc",1
"GO:0010043","response to zinc ion","1/325","29/11892",0.0344827586206897,1.26175066312997,0.236553853198299,0.552707165063034,0.671482732505717,0.548239178751419,"Lta4h",1
"GO:0010799","regulation of peptidyl-threonine phosphorylation","1/325","29/11892",0.0344827586206897,1.26175066312997,0.236553853198299,0.552707165063034,0.671482732505717,0.548239178751419,"Igtp",1
"GO:0031124","mRNA 3'-end processing","1/325","29/11892",0.0344827586206897,1.26175066312997,0.236553853198299,0.552707165063034,0.671482732505717,0.548239178751419,"Cstf3",1
"GO:0042181","ketone biosynthetic process","1/325","29/11892",0.0344827586206897,1.26175066312997,0.236553853198299,0.552707165063034,0.671482732505717,0.548239178751419,"Inhba",1
"GO:0045022","early endosome to late endosome transport","1/325","29/11892",0.0344827586206897,1.26175066312997,0.236553853198299,0.552707165063034,0.671482732505717,0.548239178751419,"Ezr",1
"GO:0045494","photoreceptor cell maintenance","1/325","29/11892",0.0344827586206897,1.26175066312997,0.236553853198299,0.552707165063034,0.671482732505717,0.548239178751419,"Bsg",1
"GO:0051491","positive regulation of filopodium assembly","1/325","29/11892",0.0344827586206897,1.26175066312997,0.236553853198299,0.552707165063034,0.671482732505717,0.548239178751419,"Espn",1
"GO:0060323","head morphogenesis","1/325","29/11892",0.0344827586206897,1.26175066312997,0.236553853198299,0.552707165063034,0.671482732505717,0.548239178751419,"Arid5b",1
"GO:0060428","lung epithelium development","1/325","29/11892",0.0344827586206897,1.26175066312997,0.236553853198299,0.552707165063034,0.671482732505717,0.548239178751419,"Lta4h",1
"GO:0090313","regulation of protein targeting to membrane","1/325","29/11892",0.0344827586206897,1.26175066312997,0.236553853198299,0.552707165063034,0.671482732505717,0.548239178751419,"Erbb2",1
"GO:0097178","ruffle assembly","1/325","29/11892",0.0344827586206897,1.26175066312997,0.236553853198299,0.552707165063034,0.671482732505717,0.548239178751419,"Wdpcp",1
"GO:0098534","centriole assembly","1/325","29/11892",0.0344827586206897,1.26175066312997,0.236553853198299,0.552707165063034,0.671482732505717,0.548239178751419,"Plk4",1
"GO:0099149","regulation of postsynaptic neurotransmitter receptor internalization","1/325","29/11892",0.0344827586206897,1.26175066312997,0.236553853198299,0.552707165063034,0.671482732505717,0.548239178751419,"Arc",1
"GO:0141137","positive regulation of gene expression, epigenetic","1/325","29/11892",0.0344827586206897,1.26175066312997,0.236553853198299,0.552707165063034,0.671482732505717,0.548239178751419,"Padi2",1
"GO:2000404","regulation of T cell migration","1/325","29/11892",0.0344827586206897,1.26175066312997,0.236553853198299,0.552707165063034,0.671482732505717,0.548239178751419,"Abl2",1
"GO:0022613","ribonucleoprotein complex biogenesis","8/325","294/11892",0.0272108843537415,0.995667189952904,-0.012609337378925,0.555664046545088,0.674852611388861,0.550990552006384,"Hsp90ab1/Xpo1/Rrs1/Krr1/Hsp90aa1/Rrp1b/Brix1/Rpsa",8
"GO:0002009","morphogenesis of an epithelium","10/325","369/11892",0.02710027100271,0.99161976235147,-0.0274111489153131,0.55656524906315,0.675724475641229,0.55170239479632,"Epha4/Flrt3/Wdpcp/Col5a1/Rhoc/Tnc/Enah/Aldh1a1/Bsg/Abl2",10
"GO:0031644","regulation of nervous system process","3/325","106/11892",0.0283018867924528,1.035587808418,0.0616895298566262,0.557115321406672,0.676169599837008,0.552065821153727,"Tymp/Trf/Sh3gl1",3
"GO:0044770","cell cycle phase transition","9/325","332/11892",0.0271084337349398,0.99191844300278,-0.0250337359632901,0.557881060350182,0.676876098897555,0.552642649783851,"Hspa8/Dusp1/Calm1/Ctdspl/Topbp1/Rb1/Susd2/Ubd/Inhba",9
"GO:0030301","cholesterol transport","2/325","68/11892",0.0294117647058824,1.07619909502262,0.105623988152335,0.558458281444381,0.67690799914633,0.552668695079349,"Cd36/Stard5",2
"GO:0035773","insulin secretion involved in cellular response to glucose stimulus","2/325","68/11892",0.0294117647058824,1.07619909502262,0.105623988152335,0.558458281444381,0.67690799914633,0.552668695079349,"Adra2a/Camk2n1",2
"GO:2001251","negative regulation of chromosome organization","2/325","68/11892",0.0294117647058824,1.07619909502262,0.105623988152335,0.558458281444381,0.67690799914633,0.552668695079349,"Dusp1/Dcp2",2
"GO:0099003","vesicle-mediated transport in synapse","6/325","220/11892",0.0272727272727273,0.99793006993007,-0.00519439386366601,0.560065739676691,0.678633240121066,0.554077286319824,"Calm1/Btbd9/Atp6v0c/Arc/Dnm2/Sh3gl1",6
"GO:0042770","signal transduction in response to DNA damage","3/325","107/11892",0.0280373831775701,1.02590941768512,0.045125834884643,0.563509793361973,0.678763740421886,0.554183834670638,"Topbp1/Ndrg1/Cd74",3
"GO:0046328","regulation of JNK cascade","3/325","107/11892",0.0280373831775701,1.02590941768512,0.045125834884643,0.563509793361973,0.678763740421886,0.554183834670638,"Dnaja1/Il1b/Ccdc88c",3
"GO:0000266","mitochondrial fission","1/325","30/11892",0.0333333333333333,1.21969230769231,0.201946820798112,0.564961246775461,0.678763740421886,0.554183834670638,"Igtp",1
"GO:0002920","regulation of humoral immune response","1/325","30/11892",0.0333333333333333,1.21969230769231,0.201946820798112,0.564961246775461,0.678763740421886,0.554183834670638,"Il1b",1
"GO:0019320","hexose catabolic process","1/325","30/11892",0.0333333333333333,1.21969230769231,0.201946820798112,0.564961246775461,0.678763740421886,0.554183834670638,"Aldh1a1",1
"GO:0031952","regulation of protein autophosphorylation","1/325","30/11892",0.0333333333333333,1.21969230769231,0.201946820798112,0.564961246775461,0.678763740421886,0.554183834670638,"Jun",1
"GO:0032365","intracellular lipid transport","1/325","30/11892",0.0333333333333333,1.21969230769231,0.201946820798112,0.564961246775461,0.678763740421886,0.554183834670638,"Gramd1b",1
"GO:0035329","hippo signaling","1/325","30/11892",0.0333333333333333,1.21969230769231,0.201946820798112,0.564961246775461,0.678763740421886,0.554183834670638,"Amotl2",1
"GO:0042446","hormone biosynthetic process","1/325","30/11892",0.0333333333333333,1.21969230769231,0.201946820798112,0.564961246775461,0.678763740421886,0.554183834670638,"Dio1",1
"GO:0044848","biological phase","1/325","30/11892",0.0333333333333333,1.21969230769231,0.201946820798112,0.564961246775461,0.678763740421886,0.554183834670638,"Ptgs2",1
"GO:0045005","DNA-templated DNA replication maintenance of fidelity","1/325","30/11892",0.0333333333333333,1.21969230769231,0.201946820798112,0.564961246775461,0.678763740421886,0.554183834670638,"Samhd1",1
"GO:0046627","negative regulation of insulin receptor signaling pathway","1/325","30/11892",0.0333333333333333,1.21969230769231,0.201946820798112,0.564961246775461,0.678763740421886,0.554183834670638,"Il1b",1
"GO:0051125","regulation of actin nucleation","1/325","30/11892",0.0333333333333333,1.21969230769231,0.201946820798112,0.564961246775461,0.678763740421886,0.554183834670638,"Vil1",1
"GO:0051452","intracellular pH reduction","1/325","30/11892",0.0333333333333333,1.21969230769231,0.201946820798112,0.564961246775461,0.678763740421886,0.554183834670638,"Atp6v0c",1
"GO:0060563","neuroepithelial cell differentiation","1/325","30/11892",0.0333333333333333,1.21969230769231,0.201946820798112,0.564961246775461,0.678763740421886,0.554183834670638,"Abl2",1
"GO:0061462","protein localization to lysosome","1/325","30/11892",0.0333333333333333,1.21969230769231,0.201946820798112,0.564961246775461,0.678763740421886,0.554183834670638,"Hspa8",1
"GO:0070269","pyroptotic inflammatory response","1/325","30/11892",0.0333333333333333,1.21969230769231,0.201946820798112,0.564961246775461,0.678763740421886,0.554183834670638,"Gzmb",1
"GO:0071526","semaphorin-plexin signaling pathway","1/325","30/11892",0.0333333333333333,1.21969230769231,0.201946820798112,0.564961246775461,0.678763740421886,0.554183834670638,"Erbb2",1
"GO:0085029","extracellular matrix assembly","1/325","30/11892",0.0333333333333333,1.21969230769231,0.201946820798112,0.564961246775461,0.678763740421886,0.554183834670638,"Antxr1",1
"GO:0090181","regulation of cholesterol metabolic process","1/325","30/11892",0.0333333333333333,1.21969230769231,0.201946820798112,0.564961246775461,0.678763740421886,0.554183834670638,"Lpcat3",1
"GO:0095500","acetylcholine receptor signaling pathway","1/325","30/11892",0.0333333333333333,1.21969230769231,0.201946820798112,0.564961246775461,0.678763740421886,0.554183834670638,"Gna11",1
"GO:1900026","positive regulation of substrate adhesion-dependent cell spreading","1/325","30/11892",0.0333333333333333,1.21969230769231,0.201946820798112,0.564961246775461,0.678763740421886,0.554183834670638,"Dnm2",1
"GO:1904707","positive regulation of vascular associated smooth muscle cell proliferation","1/325","30/11892",0.0333333333333333,1.21969230769231,0.201946820798112,0.564961246775461,0.678763740421886,0.554183834670638,"Jun",1
"GO:1904861","excitatory synapse assembly","1/325","30/11892",0.0333333333333333,1.21969230769231,0.201946820798112,0.564961246775461,0.678763740421886,0.554183834670638,"Lrrtm1",1
"GO:2000630","positive regulation of miRNA metabolic process","1/325","30/11892",0.0333333333333333,1.21969230769231,0.201946820798112,0.564961246775461,0.678763740421886,0.554183834670638,"Jun",1
"GO:2001259","positive regulation of cation channel activity","1/325","30/11892",0.0333333333333333,1.21969230769231,0.201946820798112,0.564961246775461,0.678763740421886,0.554183834670638,"Calm1",1
"GO:0006029","proteoglycan metabolic process","2/325","69/11892",0.0289855072463768,1.06060200668896,0.0846229591299904,0.566416306993571,0.680068569243747,0.555249175962496,"Sulf2/B3gnt7",2
"GO:0050848","regulation of calcium-mediated signaling","2/325","69/11892",0.0289855072463768,1.06060200668896,0.0846229591299904,0.566416306993571,0.680068569243747,0.555249175962496,"Ada/L1cam",2
"GO:0048593","camera-type eye morphogenesis","3/325","108/11892",0.0277777777777778,1.01641025641026,0.0287158304249589,0.569848021558856,0.683966072115253,0.558431333403064,"Aqp1/Hipk1/Aldh1a1",3
"GO:0007548","sex differentiation","5/325","185/11892",0.027027027027027,0.988939708939709,-0.0254138295738519,0.573224290213605,0.687483599278727,0.561303255658075,"Ereg/Arid5b/Ubb/Inhba/Fkbp4",5
"GO:0001843","neural tube closure","2/325","70/11892",0.0285714285714286,1.04545054945055,0.0639268319609417,0.574270754796311,0.687483599278727,0.561303255658075,"Enah/Abl2",2
"GO:0007006","mitochondrial membrane organization","2/325","70/11892",0.0285714285714286,1.04545054945055,0.0639268319609417,0.574270754796311,0.687483599278727,0.561303255658075,"Hsp90aa1/Dynlt1a",2
"GO:0021766","hippocampus development","2/325","70/11892",0.0285714285714286,1.04545054945055,0.0639268319609417,0.574270754796311,0.687483599278727,0.561303255658075,"Btg2/Anxa3",2
"GO:0060349","bone morphogenesis","2/325","70/11892",0.0285714285714286,1.04545054945055,0.0639268319609417,0.574270754796311,0.687483599278727,0.561303255658075,"Serpinh1/Thbs1",2
"GO:0060606","tube closure","2/325","70/11892",0.0285714285714286,1.04545054945055,0.0639268319609417,0.574270754796311,0.687483599278727,0.561303255658075,"Enah/Abl2",2
"GO:0090263","positive regulation of canonical Wnt signaling pathway","2/325","70/11892",0.0285714285714286,1.04545054945055,0.0639268319609417,0.574270754796311,0.687483599278727,0.561303255658075,"Ppp2r3a/Sulf2",2
"GO:1903312","negative regulation of mRNA metabolic process","2/325","70/11892",0.0285714285714286,1.04545054945055,0.0639268319609417,0.574270754796311,0.687483599278727,0.561303255658075,"Elavl4/Rnps1",2
"GO:1904375","regulation of protein localization to cell periphery","3/325","109/11892",0.0275229357798165,1.00708539167255,0.0124563176571767,0.576129377900688,0.688372276494315,0.562028825569651,"Vil1/Pik3r2/Ezr",3
"GO:0006024","glycosaminoglycan biosynthetic process","1/325","31/11892",0.032258064516129,1.18034739454094,0.168527418652397,0.576880619123966,0.688372276494315,0.562028825569651,"Il1b",1
"GO:0006476","protein deacetylation","1/325","31/11892",0.032258064516129,1.18034739454094,0.168527418652397,0.576880619123966,0.688372276494315,0.562028825569651,"Prkaa2",1
"GO:0019674","NAD metabolic process","1/325","31/11892",0.032258064516129,1.18034739454094,0.168527418652397,0.576880619123966,0.688372276494315,0.562028825569651,"Ido1",1
"GO:0030501","positive regulation of bone mineralization","1/325","31/11892",0.032258064516129,1.18034739454094,0.168527418652397,0.576880619123966,0.688372276494315,0.562028825569651,"Isg15",1
"GO:0032689","negative regulation of type II interferon production","1/325","31/11892",0.032258064516129,1.18034739454094,0.168527418652397,0.576880619123966,0.688372276494315,0.562028825569651,"Cd96",1
"GO:0043392","negative regulation of DNA binding","1/325","31/11892",0.032258064516129,1.18034739454094,0.168527418652397,0.576880619123966,0.688372276494315,0.562028825569651,"Jun",1
"GO:0043457","regulation of cellular respiration","1/325","31/11892",0.032258064516129,1.18034739454094,0.168527418652397,0.576880619123966,0.688372276494315,0.562028825569651,"Oas1g",1
"GO:0046638","positive regulation of alpha-beta T cell differentiation","1/325","31/11892",0.032258064516129,1.18034739454094,0.168527418652397,0.576880619123966,0.688372276494315,0.562028825569651,"Ada",1
"GO:0072583","clathrin-dependent endocytosis","1/325","31/11892",0.032258064516129,1.18034739454094,0.168527418652397,0.576880619123966,0.688372276494315,0.562028825569651,"Dnm2",1
"GO:0045445","myoblast differentiation","2/325","71/11892",0.028169014084507,1.03072589382449,0.0435258332014084,0.582021326280402,0.693832667745654,0.566487019757496,"Lgals1/Rb1",2
"GO:0051492","regulation of stress fiber assembly","2/325","71/11892",0.028169014084507,1.03072589382449,0.0435258332014084,0.582021326280402,0.693832667745654,0.566487019757496,"Pik3r2/Rhoc",2
"GO:0061844","antimicrobial humoral immune response mediated by antimicrobial peptide","2/325","71/11892",0.028169014084507,1.03072589382449,0.0435258332014084,0.582021326280402,0.693832667745654,0.566487019757496,"Ccl7/B2m",2
"GO:0043161","proteasome-mediated ubiquitin-dependent protein catabolic process","7/325","264/11892",0.0265151515151515,0.97020979020979,-0.0820471529912871,0.586179395715071,0.695452589661632,0.567809622138563,"Hspa1b/Hsp90ab1/Xpo1/Trf/Spsb1/Appbp2/Trib3",7
"GO:0010608","post-transcriptional regulation of gene expression","9/325","340/11892",0.0264705882352941,0.968579185520362,-0.0985300740416585,0.586791820238177,0.695452589661632,0.567809622138563,"Thbs1/Elavl4/Gzmb/Erbb2/Etf1/Btg2/Fastk/Dcp2/Rbm3",9
"GO:0003179","heart valve morphogenesis","1/325","32/11892",0.03125,1.14346153846154,0.136209886403235,0.588474396949167,0.695452589661632,0.567809622138563,"Rb1",1
"GO:0003254","regulation of membrane depolarization","1/325","32/11892",0.03125,1.14346153846154,0.136209886403235,0.588474396949167,0.695452589661632,0.567809622138563,"B2m",1
"GO:0006513","protein monoubiquitination","1/325","32/11892",0.03125,1.14346153846154,0.136209886403235,0.588474396949167,0.695452589661632,0.567809622138563,"Ubb",1
"GO:0006890","retrograde vesicle-mediated transport, Golgi to endoplasmic reticulum","1/325","32/11892",0.03125,1.14346153846154,0.136209886403235,0.588474396949167,0.695452589661632,0.567809622138563,"Bicd2",1
"GO:0010718","positive regulation of epithelial to mesenchymal transition","1/325","32/11892",0.03125,1.14346153846154,0.136209886403235,0.588474396949167,0.695452589661632,0.567809622138563,"Il1b",1
"GO:0015872","dopamine transport","1/325","32/11892",0.03125,1.14346153846154,0.136209886403235,0.588474396949167,0.695452589661632,0.567809622138563,"Slc29a4",1
"GO:0016073","snRNA metabolic process","1/325","32/11892",0.03125,1.14346153846154,0.136209886403235,0.588474396949167,0.695452589661632,0.567809622138563,"Uspl1",1
"GO:0030834","regulation of actin filament depolymerization","1/325","32/11892",0.03125,1.14346153846154,0.136209886403235,0.588474396949167,0.695452589661632,0.567809622138563,"Vil1",1
"GO:0032330","regulation of chondrocyte differentiation","1/325","32/11892",0.03125,1.14346153846154,0.136209886403235,0.588474396949167,0.695452589661632,0.567809622138563,"Efemp1",1
"GO:0032527","protein exit from endoplasmic reticulum","1/325","32/11892",0.03125,1.14346153846154,0.136209886403235,0.588474396949167,0.695452589661632,0.567809622138563,"Ube2g2",1
"GO:0033628","regulation of cell adhesion mediated by integrin","1/325","32/11892",0.03125,1.14346153846154,0.136209886403235,0.588474396949167,0.695452589661632,0.567809622138563,"Ada",1
"GO:0035088","establishment or maintenance of apical/basal cell polarity","1/325","32/11892",0.03125,1.14346153846154,0.136209886403235,0.588474396949167,0.695452589661632,0.567809622138563,"Ezr",1
"GO:0042119","neutrophil activation","1/325","32/11892",0.03125,1.14346153846154,0.136209886403235,0.588474396949167,0.695452589661632,0.567809622138563,"Anxa3",1
"GO:0042509","regulation of tyrosine phosphorylation of STAT protein","1/325","32/11892",0.03125,1.14346153846154,0.136209886403235,0.588474396949167,0.695452589661632,0.567809622138563,"Tnfrsf1a",1
"GO:0043507","positive regulation of JUN kinase activity","1/325","32/11892",0.03125,1.14346153846154,0.136209886403235,0.588474396949167,0.695452589661632,0.567809622138563,"Epha4",1
"GO:0044788","modulation by host of viral process","1/325","32/11892",0.03125,1.14346153846154,0.136209886403235,0.588474396949167,0.695452589661632,0.567809622138563,"Hspa8",1
"GO:0046717","acid secretion","1/325","32/11892",0.03125,1.14346153846154,0.136209886403235,0.588474396949167,0.695452589661632,0.567809622138563,"Cldn2",1
"GO:0051438","regulation of ubiquitin-protein transferase activity","1/325","32/11892",0.03125,1.14346153846154,0.136209886403235,0.588474396949167,0.695452589661632,0.567809622138563,"Trib3",1
"GO:0061245","establishment or maintenance of bipolar cell polarity","1/325","32/11892",0.03125,1.14346153846154,0.136209886403235,0.588474396949167,0.695452589661632,0.567809622138563,"Ezr",1
"GO:0070570","regulation of neuron projection regeneration","1/325","32/11892",0.03125,1.14346153846154,0.136209886403235,0.588474396949167,0.695452589661632,0.567809622138563,"Epha4",1
"GO:0099560","synaptic membrane adhesion","1/325","32/11892",0.03125,1.14346153846154,0.136209886403235,0.588474396949167,0.695452589661632,0.567809622138563,"Flrt3",1
"GO:0099633","protein localization to postsynaptic specialization membrane","1/325","32/11892",0.03125,1.14346153846154,0.136209886403235,0.588474396949167,0.695452589661632,0.567809622138563,"Erbb2",1
"GO:0099645","neurotransmitter receptor localization to postsynaptic specialization membrane","1/325","32/11892",0.03125,1.14346153846154,0.136209886403235,0.588474396949167,0.695452589661632,0.567809622138563,"Erbb2",1
"GO:1901799","negative regulation of proteasomal protein catabolic process","1/325","32/11892",0.03125,1.14346153846154,0.136209886403235,0.588474396949167,0.695452589661632,0.567809622138563,"Hsp90ab1",1
"GO:1905145","cellular response to acetylcholine","1/325","32/11892",0.03125,1.14346153846154,0.136209886403235,0.588474396949167,0.695452589661632,0.567809622138563,"Gna11",1
"GO:0001942","hair follicle development","2/325","72/11892",0.0277777777777778,1.01641025641026,0.0234106449891536,0.589667816226393,0.696193328190418,0.568414405944657,"Ptgs2/Inhba",2
"GO:0006888","endoplasmic reticulum to Golgi vesicle-mediated transport","2/325","72/11892",0.0277777777777778,1.01641025641026,0.0234106449891536,0.589667816226393,0.696193328190418,0.568414405944657,"Pgap1/Cideb",2
"GO:0042310","vasoconstriction","2/325","72/11892",0.0277777777777778,1.01641025641026,0.0234106449891536,0.589667816226393,0.696193328190418,0.568414405944657,"Adra2a/Ptgs2",2
"GO:0055080","monoatomic cation homeostasis","10/325","380/11892",0.0263157894736842,0.962914979757085,-0.123155959038468,0.594217017428241,0.701339713813799,0.572616226916541,"Grina/Calm1/Btbd9/Tfrc/Atp6v0c/Slc4a2/Trf/Mcoln1/Car12/B2m",10
"GO:0006352","DNA-templated transcription initiation","3/325","112/11892",0.0267857142857143,0.98010989010989,-0.0354498213517917,0.594626620454417,0.701359085005817,0.57263204273114,"Jun/Padi2/Gtf2f1",3
"GO:0031929","TOR signaling","3/325","112/11892",0.0267857142857143,0.98010989010989,-0.0354498213517917,0.594626620454417,0.701359085005817,0.57263204273114,"Prkaa2/Ywhag/Castor2",3
"GO:0002444","myeloid leukocyte mediated immunity","2/325","73/11892",0.0273972602739726,1.00248682824025,0.00357237759178458,0.597210107918027,0.701359085005817,0.57263204273114,"H2-T23/Anxa3",2
"GO:0006354","DNA-templated transcription elongation","2/325","73/11892",0.0273972602739726,1.00248682824025,0.00357237759178458,0.597210107918027,0.701359085005817,0.57263204273114,"Hexim1/Gtf2f1",2
"GO:0034502","protein localization to chromosome","2/325","73/11892",0.0273972602739726,1.00248682824025,0.00357237759178458,0.597210107918027,0.701359085005817,0.57263204273114,"Topbp1/Rb1",2
"GO:0043473","pigmentation","2/325","73/11892",0.0273972602739726,1.00248682824025,0.00357237759178458,0.597210107918027,0.701359085005817,0.57263204273114,"Gna11/Sparc",2
"GO:2001252","positive regulation of chromosome organization","2/325","73/11892",0.0273972602739726,1.00248682824025,0.00357237759178458,0.597210107918027,0.701359085005817,0.57263204273114,"Gch1/Ncapg2",2
"GO:0002455","humoral immune response mediated by circulating immunoglobulin","1/325","33/11892",0.0303030303030303,1.10881118881119,0.104917272740833,0.599751447622989,0.701359085005817,0.57263204273114,"C1qa",1
"GO:0002823","negative regulation of adaptive immune response based on somatic recombination of immune receptors built from immunoglobulin superfamily domains","1/325","33/11892",0.0303030303030303,1.10881118881119,0.104917272740833,0.599751447622989,0.701359085005817,0.57263204273114,"Lgals1",1
"GO:0003016","respiratory system process","1/325","33/11892",0.0303030303030303,1.10881118881119,0.104917272740833,0.599751447622989,0.701359085005817,0.57263204273114,"Ccdc88c",1
"GO:0008608","attachment of spindle microtubules to kinetochore","1/325","33/11892",0.0303030303030303,1.10881118881119,0.104917272740833,0.599751447622989,0.701359085005817,0.57263204273114,"Rb1",1
"GO:0009948","anterior/posterior axis specification","1/325","33/11892",0.0303030303030303,1.10881118881119,0.104917272740833,0.599751447622989,0.701359085005817,0.57263204273114,"Pgap1",1
"GO:0030201","heparan sulfate proteoglycan metabolic process","1/325","33/11892",0.0303030303030303,1.10881118881119,0.104917272740833,0.599751447622989,0.701359085005817,0.57263204273114,"Sulf2",1
"GO:0030490","maturation of SSU-rRNA","1/325","33/11892",0.0303030303030303,1.10881118881119,0.104917272740833,0.599751447622989,0.701359085005817,0.57263204273114,"Rrs1",1
"GO:0032968","positive regulation of transcription elongation by RNA polymerase II","1/325","33/11892",0.0303030303030303,1.10881118881119,0.104917272740833,0.599751447622989,0.701359085005817,0.57263204273114,"Gtf2f1",1
"GO:0042088","T-helper 1 type immune response","1/325","33/11892",0.0303030303030303,1.10881118881119,0.104917272740833,0.599751447622989,0.701359085005817,0.57263204273114,"Il1b",1
"GO:0042789","mRNA transcription by RNA polymerase II","1/325","33/11892",0.0303030303030303,1.10881118881119,0.104917272740833,0.599751447622989,0.701359085005817,0.57263204273114,"C5ar1",1
"GO:0043370","regulation of CD4-positive, alpha-beta T cell differentiation","1/325","33/11892",0.0303030303030303,1.10881118881119,0.104917272740833,0.599751447622989,0.701359085005817,0.57263204273114,"Lgals1",1
"GO:0045907","positive regulation of vasoconstriction","1/325","33/11892",0.0303030303030303,1.10881118881119,0.104917272740833,0.599751447622989,0.701359085005817,0.57263204273114,"Ptgs2",1
"GO:0046676","negative regulation of insulin secretion","1/325","33/11892",0.0303030303030303,1.10881118881119,0.104917272740833,0.599751447622989,0.701359085005817,0.57263204273114,"Adra2a",1
"GO:0048599","oocyte development","1/325","33/11892",0.0303030303030303,1.10881118881119,0.104917272740833,0.599751447622989,0.701359085005817,0.57263204273114,"Ereg",1
"GO:0051445","regulation of meiotic cell cycle","1/325","33/11892",0.0303030303030303,1.10881118881119,0.104917272740833,0.599751447622989,0.701359085005817,0.57263204273114,"Dusp1",1
"GO:0061756","leukocyte adhesion to vascular endothelial cell","1/325","33/11892",0.0303030303030303,1.10881118881119,0.104917272740833,0.599751447622989,0.701359085005817,0.57263204273114,"Chst4",1
"GO:0097300","programmed necrotic cell death","1/325","33/11892",0.0303030303030303,1.10881118881119,0.104917272740833,0.599751447622989,0.701359085005817,0.57263204273114,"Rnf31",1
"GO:0098698","postsynaptic specialization assembly","1/325","33/11892",0.0303030303030303,1.10881118881119,0.104917272740833,0.599751447622989,0.701359085005817,0.57263204273114,"Lrrtm1",1
"GO:0098927","vesicle-mediated transport between endosomal compartments","1/325","33/11892",0.0303030303030303,1.10881118881119,0.104917272740833,0.599751447622989,0.701359085005817,0.57263204273114,"Ezr",1
"GO:0099054","presynapse assembly","1/325","33/11892",0.0303030303030303,1.10881118881119,0.104917272740833,0.599751447622989,0.701359085005817,0.57263204273114,"Lrrtm1",1
"GO:1902930","regulation of alcohol biosynthetic process","1/325","33/11892",0.0303030303030303,1.10881118881119,0.104917272740833,0.599751447622989,0.701359085005817,0.57263204273114,"Lpcat3",1
"GO:1903670","regulation of sprouting angiogenesis","1/325","33/11892",0.0303030303030303,1.10881118881119,0.104917272740833,0.599751447622989,0.701359085005817,0.57263204273114,"Thbs1",1
"GO:0006836","neurotransmitter transport","4/325","152/11892",0.0263157894736842,0.962914979757085,-0.0771306103754786,0.600414408735731,0.701911674785888,0.573083210501429,"Slc28a2/Nr4a1/Slc6a8/Slc29a4",4
"GO:0009306","protein secretion","7/325","268/11892",0.0261194029850746,0.955729047072331,-0.12287088004218,0.602123406144812,0.703686390313816,0.574532195764115,"Il1b/Glud1/Adra2a/Psap/Camk2n1/Gna11/Bsg",7
"GO:0043414","macromolecule methylation","2/325","74/11892",0.027027027027027,0.988939708939709,-0.0159974560322705,0.60464816848664,0.70618921072299,0.576575649957743,"Etf1/Btg2",2
"GO:0046330","positive regulation of JNK cascade","2/325","74/11892",0.027027027027027,0.988939708939709,-0.0159974560322705,0.60464816848664,0.70618921072299,0.576575649957743,"Il1b/Ccdc88c",2
"GO:0060537","muscle tissue development","8/325","307/11892",0.0260586319218241,0.953505387121022,-0.138345267359922,0.604974364561937,0.706346375601932,0.576703968885377,"Cacybp/Hspa8/Sik1/Nr1d2/Nr4a1/Rb1/Btg2/Ppara",8
"GO:0008406","gonad development","4/325","153/11892",0.0261437908496732,0.956621417797888,-0.0905203073047604,0.605600643157384,0.706629936903488,0.576935485509059,"Ereg/Arid5b/Ubb/Inhba",4
"GO:0060047","heart contraction","4/325","153/11892",0.0261437908496732,0.956621417797888,-0.0905203073047604,0.605600643157384,0.706629936903488,0.576935485509059,"Calm1/Gch1/Ada/Hsp90aa1",4
"GO:0007416","synapse assembly","5/325","192/11892",0.0260416666666667,0.952884615384615,-0.110321695171304,0.606315154614343,0.707199391778596,0.577400422964562,"Flrt3/Htr4/Srgap3/L1cam/Lrrtm1",5
"GO:0008154","actin polymerization or depolymerization","3/325","114/11892",0.0263157894736842,0.962914979757085,-0.0666892254386237,0.60666426391859,0.707199391778596,0.577400422964562,"Vil1/Pik3r2/Enah",3
"GO:0071478","cellular response to radiation","3/325","114/11892",0.0263157894736842,0.962914979757085,-0.0666892254386237,0.60666426391859,0.707199391778596,0.577400422964562,"Cryab/Aqp1/Tmem109",3
"GO:0035592","establishment of protein localization to extracellular region","7/325","270/11892",0.0259259259259259,0.948649572649573,-0.143062566216644,0.609975766327397,0.708704679369667,0.578629430938652,"Il1b/Glud1/Adra2a/Psap/Camk2n1/Gna11/Bsg",7
"GO:0009311","oligosaccharide metabolic process","1/325","34/11892",0.0294117647058824,1.07619909502262,0.0745802871662392,0.610720397747159,0.708704679369667,0.578629430938652,"B3galt1",1
"GO:0010951","negative regulation of endopeptidase activity","1/325","34/11892",0.0294117647058824,1.07619909502262,0.0745802871662392,0.610720397747159,0.708704679369667,0.578629430938652,"Serpinh1",1
"GO:0031114","regulation of microtubule depolymerization","1/325","34/11892",0.0294117647058824,1.07619909502262,0.0745802871662392,0.610720397747159,0.708704679369667,0.578629430938652,"Ccdc88c",1
"GO:0031424","keratinization","1/325","34/11892",0.0294117647058824,1.07619909502262,0.0745802871662392,0.610720397747159,0.708704679369667,0.578629430938652,"Sprr2b",1
"GO:0032413","negative regulation of ion transmembrane transporter activity","1/325","34/11892",0.0294117647058824,1.07619909502262,0.0745802871662392,0.610720397747159,0.708704679369667,0.578629430938652,"Calm1",1
"GO:0045687","positive regulation of glial cell differentiation","1/325","34/11892",0.0294117647058824,1.07619909502262,0.0745802871662392,0.610720397747159,0.708704679369667,0.578629430938652,"Il1b",1
"GO:0048483","autonomic nervous system development","1/325","34/11892",0.0294117647058824,1.07619909502262,0.0745802871662392,0.610720397747159,0.708704679369667,0.578629430938652,"Erbb2",1
"GO:0072698","protein localization to microtubule cytoskeleton","1/325","34/11892",0.0294117647058824,1.07619909502262,0.0745802871662392,0.610720397747159,0.708704679369667,0.578629430938652,"Mapre3",1
"GO:0099171","presynaptic modulation of chemical synaptic transmission","1/325","34/11892",0.0294117647058824,1.07619909502262,0.0745802871662392,0.610720397747159,0.708704679369667,0.578629430938652,"Adra2a",1
"GO:1901976","regulation of cell cycle checkpoint","1/325","34/11892",0.0294117647058824,1.07619909502262,0.0745802871662392,0.610720397747159,0.708704679369667,0.578629430938652,"Dusp1",1
"GO:1902116","negative regulation of organelle assembly","1/325","34/11892",0.0294117647058824,1.07619909502262,0.0745802871662392,0.610720397747159,0.708704679369667,0.578629430938652,"Dnm2",1
"GO:1902991","regulation of amyloid precursor protein catabolic process","1/325","34/11892",0.0294117647058824,1.07619909502262,0.0745802871662392,0.610720397747159,0.708704679369667,0.578629430938652,"Epha4",1
"GO:1905144","response to acetylcholine","1/325","34/11892",0.0294117647058824,1.07619909502262,0.0745802871662392,0.610720397747159,0.708704679369667,0.578629430938652,"Gna11",1
"GO:0050801","monoatomic ion homeostasis","10/325","385/11892",0.025974025974026,0.95040959040959,-0.165801137519609,0.610839600205489,0.708704679369667,0.578629430938652,"Grina/Calm1/Btbd9/Tfrc/Atp6v0c/Slc4a2/Trf/Mcoln1/Car12/B2m",10
"GO:0014020","primary neural tube formation","2/325","75/11892",0.0266666666666667,0.975753846153846,-0.0353069638330514,0.611982044442612,0.708914461287073,0.578800709603833,"Enah/Abl2",2
"GO:0022404","molting cycle process","2/325","75/11892",0.0266666666666667,0.975753846153846,-0.0353069638330514,0.611982044442612,0.708914461287073,0.578800709603833,"Ptgs2/Inhba",2
"GO:0022405","hair cycle process","2/325","75/11892",0.0266666666666667,0.975753846153846,-0.0353069638330514,0.611982044442612,0.708914461287073,0.578800709603833,"Ptgs2/Inhba",2
"GO:0042177","negative regulation of protein catabolic process","2/325","75/11892",0.0266666666666667,0.975753846153846,-0.0353069638330514,0.611982044442612,0.708914461287073,0.578800709603833,"Hsp90ab1/Banp",2
"GO:0071346","cellular response to type II interferon","2/325","75/11892",0.0266666666666667,0.975753846153846,-0.0353069638330514,0.611982044442612,0.708914461287073,0.578800709603833,"Calm1/Igtp",2
"GO:0006941","striated muscle contraction","3/325","115/11892",0.0260869565217391,0.954541806020067,-0.0821077710095609,0.612593700993892,0.709400057135874,0.57919717947039,"Calm1/Nr4a1/Hsp90aa1",3
"GO:0043491","phosphatidylinositol 3-kinase/protein kinase B signal transduction","5/325","194/11892",0.0257731958762887,0.943061062648691,-0.134027808472897,0.615497075577327,0.712538385859933,0.581759501149027,"Thbs1/Erbb2/Pik3r2/Nyap1/Ppara",5
"GO:0045137","development of primary sexual characteristics","4/325","155/11892",0.0258064516129032,0.944277915632754,-0.117045616243983,0.615849976166939,0.712723080738254,0.581910297235819,"Ereg/Arid5b/Ubb/Inhba",4
"GO:0003197","endocardial cushion development","1/325","35/11892",0.0285714285714286,1.04545054945055,0.045136330855468,0.621389639670938,0.715539585075625,0.584209861990237,"Thbs1",1
"GO:0006767","water-soluble vitamin metabolic process","1/325","35/11892",0.0285714285714286,1.04545054945055,0.045136330855468,0.621389639670938,0.715539585075625,0.584209861990237,"Slc23a2",1
"GO:0007094","mitotic spindle assembly checkpoint signaling","1/325","35/11892",0.0285714285714286,1.04545054945055,0.045136330855468,0.621389639670938,0.715539585075625,0.584209861990237,"Dusp1",1
"GO:0007260","tyrosine phosphorylation of STAT protein","1/325","35/11892",0.0285714285714286,1.04545054945055,0.045136330855468,0.621389639670938,0.715539585075625,0.584209861990237,"Tnfrsf1a",1
"GO:0009994","oocyte differentiation","1/325","35/11892",0.0285714285714286,1.04545054945055,0.045136330855468,0.621389639670938,0.715539585075625,0.584209861990237,"Ereg",1
"GO:0017158","regulation of calcium ion-dependent exocytosis","1/325","35/11892",0.0285714285714286,1.04545054945055,0.045136330855468,0.621389639670938,0.715539585075625,0.584209861990237,"Adra2a",1
"GO:0032922","circadian regulation of gene expression","1/325","35/11892",0.0285714285714286,1.04545054945055,0.045136330855468,0.621389639670938,0.715539585075625,0.584209861990237,"Ppara",1
"GO:0034205","amyloid-beta formation","1/325","35/11892",0.0285714285714286,1.04545054945055,0.045136330855468,0.621389639670938,0.715539585075625,0.584209861990237,"Epha4",1
"GO:0035774","positive regulation of insulin secretion involved in cellular response to glucose stimulus","1/325","35/11892",0.0285714285714286,1.04545054945055,0.045136330855468,0.621389639670938,0.715539585075625,0.584209861990237,"Camk2n1",1
"GO:0044818","mitotic G2/M transition checkpoint","1/325","35/11892",0.0285714285714286,1.04545054945055,0.045136330855468,0.621389639670938,0.715539585075625,0.584209861990237,"Topbp1",1
"GO:0045599","negative regulation of fat cell differentiation","1/325","35/11892",0.0285714285714286,1.04545054945055,0.045136330855468,0.621389639670938,0.715539585075625,0.584209861990237,"Trib3",1
"GO:0045604","regulation of epidermal cell differentiation","1/325","35/11892",0.0285714285714286,1.04545054945055,0.045136330855468,0.621389639670938,0.715539585075625,0.584209861990237,"Atoh1",1
"GO:0060074","synapse maturation","1/325","35/11892",0.0285714285714286,1.04545054945055,0.045136330855468,0.621389639670938,0.715539585075625,0.584209861990237,"Abl2",1
"GO:0060390","regulation of SMAD protein signal transduction","1/325","35/11892",0.0285714285714286,1.04545054945055,0.045136330855468,0.621389639670938,0.715539585075625,0.584209861990237,"Inhba",1
"GO:0071173","spindle assembly checkpoint signaling","1/325","35/11892",0.0285714285714286,1.04545054945055,0.045136330855468,0.621389639670938,0.715539585075625,0.584209861990237,"Dusp1",1
"GO:1902692","regulation of neuroblast proliferation","1/325","35/11892",0.0285714285714286,1.04545054945055,0.045136330855468,0.621389639670938,0.715539585075625,0.584209861990237,"Btg2",1
"GO:1901987","regulation of cell cycle phase transition","7/325","273/11892",0.0256410256410256,0.938224852071006,-0.173081736588524,0.621599376099861,0.715557557871358,0.584224536069398,"Dusp1/Ctdspl/Topbp1/Rb1/Susd2/Ubd/Inhba",7
"GO:0016331","morphogenesis of embryonic epithelium","3/325","117/11892",0.0256410256410256,0.938224852071006,-0.112555512367279,0.624272154374966,0.718409978465852,0.586553425031805,"Enah/Aldh1a1/Abl2",3
"GO:1903532","positive regulation of secretion by cell","6/325","235/11892",0.025531914893617,0.93423240589198,-0.170684069962043,0.624585025472564,0.718545694098586,0.586664231495519,"Il1b/Glud1/Camk2n1/Gna11/Nmb/Bsg",6
"GO:0035265","organ growth","3/325","118/11892",0.0254237288135593,0.930273794002608,-0.127589673126278,0.630020623007523,0.724096519667986,0.591196261738804,"Thbs1/Psap/Ppara",3
"GO:2000241","regulation of reproductive process","3/325","118/11892",0.0254237288135593,0.930273794002608,-0.127589673126278,0.630020623007523,0.724096519667986,0.591196261738804,"Dusp1/Ada/Inhba",3
"GO:0003015","heart process","4/325","158/11892",0.0253164556962025,0.92634858812074,-0.156216563692734,0.630911186023324,0.724096519667986,0.591196261738804,"Calm1/Gch1/Ada/Hsp90aa1",4
"GO:0002385","mucosal immune response","1/325","36/11892",0.0277777777777778,1.01641025641026,0.0165286743899227,0.631767337832947,0.724096519667986,0.591196261738804,"Cldn2",1
"GO:0006383","transcription by RNA polymerase III","1/325","36/11892",0.0277777777777778,1.01641025641026,0.0165286743899227,0.631767337832947,0.724096519667986,0.591196261738804,"Inhba",1
"GO:0030042","actin filament depolymerization","1/325","36/11892",0.0277777777777778,1.01641025641026,0.0165286743899227,0.631767337832947,0.724096519667986,0.591196261738804,"Vil1",1
"GO:0031529","ruffle organization","1/325","36/11892",0.0277777777777778,1.01641025641026,0.0165286743899227,0.631767337832947,0.724096519667986,0.591196261738804,"Wdpcp",1
"GO:0031638","zymogen activation","1/325","36/11892",0.0277777777777778,1.01641025641026,0.0165286743899227,0.631767337832947,0.724096519667986,0.591196261738804,"Thbs1",1
"GO:0031646","positive regulation of nervous system process","1/325","36/11892",0.0277777777777778,1.01641025641026,0.0165286743899227,0.631767337832947,0.724096519667986,0.591196261738804,"Trf",1
"GO:0046902","regulation of mitochondrial membrane permeability","1/325","36/11892",0.0277777777777778,1.01641025641026,0.0165286743899227,0.631767337832947,0.724096519667986,0.591196261738804,"Dynlt1a",1
"GO:0071174","mitotic spindle checkpoint signaling","1/325","36/11892",0.0277777777777778,1.01641025641026,0.0165286743899227,0.631767337832947,0.724096519667986,0.591196261738804,"Dusp1",1
"GO:1903170","negative regulation of calcium ion transmembrane transport","1/325","36/11892",0.0277777777777778,1.01641025641026,0.0165286743899227,0.631767337832947,0.724096519667986,0.591196261738804,"Calm1",1
"GO:0010821","regulation of mitochondrion organization","2/325","78/11892",0.0256410256410256,0.938224852071006,-0.0917493749759929,0.633360131582288,0.72524555607714,0.592134404667602,"Tfrc/Igtp",2
"GO:0033108","mitochondrial respiratory chain complex assembly","2/325","78/11892",0.0256410256410256,0.938224852071006,-0.0917493749759929,0.633360131582288,0.72524555607714,0.592134404667602,"mt-Nd4/mt-Nd1",2
"GO:0090090","negative regulation of canonical Wnt signaling pathway","2/325","78/11892",0.0256410256410256,0.938224852071006,-0.0917493749759929,0.633360131582288,0.72524555607714,0.592134404667602,"Ppp2r3a/Ccdc88c",2
"GO:0051656","establishment of organelle localization","8/325","316/11892",0.0253164556962025,0.92634858812074,-0.222426158411714,0.637437795494629,0.729091294039663,0.59527429810075,"Gem/Xpo1/Ubb/Rb1/Rrs1/Bicd2/Ezr/Dnm2",8
"GO:0070646","protein modification by small protein removal","2/325","79/11892",0.0253164556962025,0.92634858812074,-0.110091812675037,0.640279175292326,0.729091294039663,0.59527429810075,"Uspl1/Usp13",2
"GO:0009749","response to glucose","4/325","160/11892",0.025,0.914769230769231,-0.181932745970477,0.640740119660536,0.729091294039663,0.59527429810075,"Thbs1/Adra2a/Camk2n1/Prkaa2",4
"GO:0001508","action potential","3/325","120/11892",0.025,0.914769230769231,-0.157290468731731,0.641334943688183,0.729091294039663,0.59527429810075,"Cd36/Calm1/Gna11",3
"GO:0071333","cellular response to glucose stimulus","3/325","120/11892",0.025,0.914769230769231,-0.157290468731731,0.641334943688183,0.729091294039663,0.59527429810075,"Adra2a/Camk2n1/Prkaa2",3
"GO:0002251","organ or tissue specific immune response","1/325","37/11892",0.027027027027027,0.988939708939709,-0.011294243352041,0.641861434931825,0.729091294039663,0.59527429810075,"Cldn2",1
"GO:0006406","mRNA export from nucleus","1/325","37/11892",0.027027027027027,0.988939708939709,-0.011294243352041,0.641861434931825,0.729091294039663,0.59527429810075,"Xpo1",1
"GO:0006893","Golgi to plasma membrane transport","1/325","37/11892",0.027027027027027,0.988939708939709,-0.011294243352041,0.641861434931825,0.729091294039663,0.59527429810075,"Dnm2",1
"GO:0007080","mitotic metaphase chromosome alignment","1/325","37/11892",0.027027027027027,0.988939708939709,-0.011294243352041,0.641861434931825,0.729091294039663,0.59527429810075,"Rrs1",1
"GO:0008631","intrinsic apoptotic signaling pathway in response to oxidative stress","1/325","37/11892",0.027027027027027,0.988939708939709,-0.011294243352041,0.641861434931825,0.729091294039663,0.59527429810075,"Hspb1",1
"GO:0010907","positive regulation of glucose metabolic process","1/325","37/11892",0.027027027027027,0.988939708939709,-0.011294243352041,0.641861434931825,0.729091294039663,0.59527429810075,"Ppara",1
"GO:0033046","negative regulation of sister chromatid segregation","1/325","37/11892",0.027027027027027,0.988939708939709,-0.011294243352041,0.641861434931825,0.729091294039663,0.59527429810075,"Dusp1",1
"GO:0033048","negative regulation of mitotic sister chromatid segregation","1/325","37/11892",0.027027027027027,0.988939708939709,-0.011294243352041,0.641861434931825,0.729091294039663,0.59527429810075,"Dusp1",1
"GO:0045777","positive regulation of blood pressure","1/325","37/11892",0.027027027027027,0.988939708939709,-0.011294243352041,0.641861434931825,0.729091294039663,0.59527429810075,"Camk2n1",1
"GO:0045841","negative regulation of mitotic metaphase/anaphase transition","1/325","37/11892",0.027027027027027,0.988939708939709,-0.011294243352041,0.641861434931825,0.729091294039663,0.59527429810075,"Dusp1",1
"GO:0048286","lung alveolus development","1/325","37/11892",0.027027027027027,0.988939708939709,-0.011294243352041,0.641861434931825,0.729091294039663,0.59527429810075,"Ada",1
"GO:0048489","synaptic vesicle transport","1/325","37/11892",0.027027027027027,0.988939708939709,-0.011294243352041,0.641861434931825,0.729091294039663,0.59527429810075,"Dnm2",1
"GO:0051489","regulation of filopodium assembly","1/325","37/11892",0.027027027027027,0.988939708939709,-0.011294243352041,0.641861434931825,0.729091294039663,0.59527429810075,"Espn",1
"GO:0051954","positive regulation of amine transport","1/325","37/11892",0.027027027027027,0.988939708939709,-0.011294243352041,0.641861434931825,0.729091294039663,0.59527429810075,"Slc7a5",1
"GO:0090278","negative regulation of peptide hormone secretion","1/325","37/11892",0.027027027027027,0.988939708939709,-0.011294243352041,0.641861434931825,0.729091294039663,0.59527429810075,"Adra2a",1
"GO:0097720","calcineurin-mediated signaling","1/325","37/11892",0.027027027027027,0.988939708939709,-0.011294243352041,0.641861434931825,0.729091294039663,0.59527429810075,"Calm1",1
"GO:0098815","modulation of excitatory postsynaptic potential","1/325","37/11892",0.027027027027027,0.988939708939709,-0.011294243352041,0.641861434931825,0.729091294039663,0.59527429810075,"Sh3gl1",1
"GO:1901224","positive regulation of non-canonical NF-kappaB signal transduction","1/325","37/11892",0.027027027027027,0.988939708939709,-0.011294243352041,0.641861434931825,0.729091294039663,0.59527429810075,"Il1b",1
"GO:1990090","cellular response to nerve growth factor stimulus","1/325","37/11892",0.027027027027027,0.988939708939709,-0.011294243352041,0.641861434931825,0.729091294039663,0.59527429810075,"Elavl4",1
"GO:2000059","negative regulation of ubiquitin-dependent protein catabolic process","1/325","37/11892",0.027027027027027,0.988939708939709,-0.011294243352041,0.641861434931825,0.729091294039663,0.59527429810075,"Hsp90ab1",1
"GO:2000816","negative regulation of mitotic sister chromatid separation","1/325","37/11892",0.027027027027027,0.988939708939709,-0.011294243352041,0.641861434931825,0.729091294039663,0.59527429810075,"Dusp1",1
"GO:0030111","regulation of Wnt signaling pathway","5/325","200/11892",0.025,0.914769230769231,-0.203754638751451,0.642279049392942,0.729340904517063,0.595478095214976,"Ppp2r3a/Atp6v0c/Sulf2/Ccdc88c/Abl2",5
"GO:0110020","regulation of actomyosin structure organization","2/325","80/11892",0.025,0.914769230769231,-0.128209493561509,0.647095313495174,0.7345837159049,0.599758644022078,"Pik3r2/Rhoc",2
"GO:0000768","syncytium formation by plasma membrane fusion","1/325","38/11892",0.0263157894736842,0.962914979757085,-0.0383794157797075,0.65167965793032,0.735034032781872,0.600126309998964,"Adamts15",1
"GO:0002820","negative regulation of adaptive immune response","1/325","38/11892",0.0263157894736842,0.962914979757085,-0.0383794157797075,0.65167965793032,0.735034032781872,0.600126309998964,"Lgals1",1
"GO:0007062","sister chromatid cohesion","1/325","38/11892",0.0263157894736842,0.962914979757085,-0.0383794157797075,0.65167965793032,0.735034032781872,0.600126309998964,"Rb1",1
"GO:0008089","anterograde axonal transport","1/325","38/11892",0.0263157894736842,0.962914979757085,-0.0383794157797075,0.65167965793032,0.735034032781872,0.600126309998964,"Hspb1",1
"GO:0014003","oligodendrocyte development","1/325","38/11892",0.0263157894736842,0.962914979757085,-0.0383794157797075,0.65167965793032,0.735034032781872,0.600126309998964,"B4galt5",1
"GO:0030837","negative regulation of actin filament polymerization","1/325","38/11892",0.0263157894736842,0.962914979757085,-0.0383794157797075,0.65167965793032,0.735034032781872,0.600126309998964,"Vil1",1
"GO:0032786","positive regulation of DNA-templated transcription, elongation","1/325","38/11892",0.0263157894736842,0.962914979757085,-0.0383794157797075,0.65167965793032,0.735034032781872,0.600126309998964,"Gtf2f1",1
"GO:0033143","regulation of intracellular steroid hormone receptor signaling pathway","1/325","38/11892",0.0263157894736842,0.962914979757085,-0.0383794157797075,0.65167965793032,0.735034032781872,0.600126309998964,"Zfp366",1
"GO:0036230","granulocyte activation","1/325","38/11892",0.0263157894736842,0.962914979757085,-0.0383794157797075,0.65167965793032,0.735034032781872,0.600126309998964,"Anxa3",1
"GO:0042073","intraciliary transport","1/325","38/11892",0.0263157894736842,0.962914979757085,-0.0383794157797075,0.65167965793032,0.735034032781872,0.600126309998964,"Wdpcp",1
"GO:0045778","positive regulation of ossification","1/325","38/11892",0.0263157894736842,0.962914979757085,-0.0383794157797075,0.65167965793032,0.735034032781872,0.600126309998964,"Isg15",1
"GO:0048066","developmental pigmentation","1/325","38/11892",0.0263157894736842,0.962914979757085,-0.0383794157797075,0.65167965793032,0.735034032781872,0.600126309998964,"Gna11",1
"GO:0051646","mitochondrion localization","1/325","38/11892",0.0263157894736842,0.962914979757085,-0.0383794157797075,0.65167965793032,0.735034032781872,0.600126309998964,"Ubb",1
"GO:0051893","regulation of focal adhesion assembly","1/325","38/11892",0.0263157894736842,0.962914979757085,-0.0383794157797075,0.65167965793032,0.735034032781872,0.600126309998964,"Wdpcp",1
"GO:0051985","negative regulation of chromosome segregation","1/325","38/11892",0.0263157894736842,0.962914979757085,-0.0383794157797075,0.65167965793032,0.735034032781872,0.600126309998964,"Dusp1",1
"GO:0060425","lung morphogenesis","1/325","38/11892",0.0263157894736842,0.962914979757085,-0.0383794157797075,0.65167965793032,0.735034032781872,0.600126309998964,"Tnc",1
"GO:0061097","regulation of protein tyrosine kinase activity","1/325","38/11892",0.0263157894736842,0.962914979757085,-0.0383794157797075,0.65167965793032,0.735034032781872,0.600126309998964,"Epha4",1
"GO:0090109","regulation of cell-substrate junction assembly","1/325","38/11892",0.0263157894736842,0.962914979757085,-0.0383794157797075,0.65167965793032,0.735034032781872,0.600126309998964,"Wdpcp",1
"GO:0140253","cell-cell fusion","1/325","38/11892",0.0263157894736842,0.962914979757085,-0.0383794157797075,0.65167965793032,0.735034032781872,0.600126309998964,"Adamts15",1
"GO:1902100","negative regulation of metaphase/anaphase transition of cell cycle","1/325","38/11892",0.0263157894736842,0.962914979757085,-0.0383794157797075,0.65167965793032,0.735034032781872,0.600126309998964,"Dusp1",1
"GO:1905819","negative regulation of chromosome separation","1/325","38/11892",0.0263157894736842,0.962914979757085,-0.0383794157797075,0.65167965793032,0.735034032781872,0.600126309998964,"Dusp1",1
"GO:0021915","neural tube development","3/325","122/11892",0.0245901639344262,0.899773013871375,-0.186516328215771,0.652404705696402,0.735626719240422,0.600610215126472,"Wdpcp/Enah/Abl2",3
"GO:0001841","neural tube formation","2/325","81/11892",0.0246913580246914,0.903475783475783,-0.146108661475237,0.653808984793834,0.736309171387128,0.601167410399463,"Enah/Abl2",2
"GO:0002065","columnar/cuboidal epithelial cell differentiation","2/325","81/11892",0.0246913580246914,0.903475783475783,-0.146108661475237,0.653808984793834,0.736309171387128,0.601167410399463,"Plk4/Abl2",2
"GO:0014902","myotube differentiation","2/325","81/11892",0.0246913580246914,0.903475783475783,-0.146108661475237,0.653808984793834,0.736309171387128,0.601167410399463,"Sik1/Adamts15",2
"GO:0030278","regulation of ossification","2/325","81/11892",0.0246913580246914,0.903475783475783,-0.146108661475237,0.653808984793834,0.736309171387128,0.601167410399463,"Isg15/Gdf10",2
"GO:0016072","rRNA metabolic process","4/325","163/11892",0.0245398773006135,0.897932987258141,-0.219932401033479,0.655161005860729,0.73745697952266,0.602104550491271,"Rrs1/Krr1/Rrp1b/Brix1",4
"GO:0051146","striated muscle cell differentiation","5/325","203/11892",0.0246305418719212,0.901250473664267,-0.237867365763734,0.655228325538988,0.73745697952266,0.602104550491271,"Cacybp/Sik1/Rb1/Adamts15/Ppara",5
"GO:0002181","cytoplasmic translation","3/325","123/11892",0.024390243902439,0.892457786116323,-0.200956588427452,0.657847597249119,0.740178950995193,0.604326932888385,"Rpl21/Etf1/Rpsa",3
"GO:0030282","bone mineralization","2/325","82/11892",0.024390243902439,0.892457786116323,-0.163795306235693,0.660420680592452,0.740368172869218,0.604481425088698,"Ptgs2/Isg15",2
"GO:0030833","regulation of actin filament polymerization","2/325","82/11892",0.024390243902439,0.892457786116323,-0.163795306235693,0.660420680592452,0.740368172869218,0.604481425088698,"Vil1/Pik3r2",2
"GO:0051053","negative regulation of DNA metabolic process","2/325","82/11892",0.024390243902439,0.892457786116323,-0.163795306235693,0.660420680592452,0.740368172869218,0.604481425088698,"Dusp1/Dcp2",2
"GO:0009988","cell-cell recognition","1/325","39/11892",0.0256410256410256,0.938224852071006,-0.0647697853253568,0.661229523897305,0.740368172869218,0.604481425088698,"Hspa1b",1
"GO:0019098","reproductive behavior","1/325","39/11892",0.0256410256410256,0.938224852071006,-0.0647697853253568,0.661229523897305,0.740368172869218,0.604481425088698,"Ada",1
"GO:0030225","macrophage differentiation","1/325","39/11892",0.0256410256410256,0.938224852071006,-0.0647697853253568,0.661229523897305,0.740368172869218,0.604481425088698,"Rb1",1
"GO:0031577","spindle checkpoint signaling","1/325","39/11892",0.0256410256410256,0.938224852071006,-0.0647697853253568,0.661229523897305,0.740368172869218,0.604481425088698,"Dusp1",1
"GO:0032507","maintenance of protein location in cell","1/325","39/11892",0.0256410256410256,0.938224852071006,-0.0647697853253568,0.661229523897305,0.740368172869218,0.604481425088698,"Hspa5",1
"GO:0042093","T-helper cell differentiation","1/325","39/11892",0.0256410256410256,0.938224852071006,-0.0647697853253568,0.661229523897305,0.740368172869218,0.604481425088698,"Lgals1",1
"GO:0042596","fear response","1/325","39/11892",0.0256410256410256,0.938224852071006,-0.0647697853253568,0.661229523897305,0.740368172869218,0.604481425088698,"Adra2a",1
"GO:0044380","protein localization to cytoskeleton","1/325","39/11892",0.0256410256410256,0.938224852071006,-0.0647697853253568,0.661229523897305,0.740368172869218,0.604481425088698,"Mapre3",1
"GO:0051898","negative regulation of phosphatidylinositol 3-kinase/protein kinase B signal transduction","1/325","39/11892",0.0256410256410256,0.938224852071006,-0.0647697853253568,0.661229523897305,0.740368172869218,0.604481425088698,"Ppara",1
"GO:0071709","membrane assembly","1/325","39/11892",0.0256410256410256,0.938224852071006,-0.0647697853253568,0.661229523897305,0.740368172869218,0.604481425088698,"Psap",1
"GO:0098884","postsynaptic neurotransmitter receptor internalization","1/325","39/11892",0.0256410256410256,0.938224852071006,-0.0647697853253568,0.661229523897305,0.740368172869218,0.604481425088698,"Arc",1
"GO:0140239","postsynaptic endocytosis","1/325","39/11892",0.0256410256410256,0.938224852071006,-0.0647697853253568,0.661229523897305,0.740368172869218,0.604481425088698,"Arc",1
"GO:1990089","response to nerve growth factor","1/325","39/11892",0.0256410256410256,0.938224852071006,-0.0647697853253568,0.661229523897305,0.740368172869218,0.604481425088698,"Elavl4",1
"GO:0048771","tissue remodeling","3/325","124/11892",0.0241935483870968,0.885260545905707,-0.215284515626899,0.663229074916872,0.742381527526144,0.606125249792171,"Tfrc/Slc4a2/Trf",3
"GO:0002294","CD4-positive, alpha-beta T cell differentiation involved in immune response","1/325","40/11892",0.025,0.914769230769231,-0.0905046898845491,0.670518345692072,0.748495040042695,0.6111166917446,"Lgals1",1
"GO:0006473","protein acetylation","1/325","40/11892",0.025,0.914769230769231,-0.0905046898845491,0.670518345692072,0.748495040042695,0.6111166917446,"Prkaa2",1
"GO:0006497","protein lipidation","1/325","40/11892",0.025,0.914769230769231,-0.0905046898845491,0.670518345692072,0.748495040042695,0.6111166917446,"Igtp",1
"GO:0006949","syncytium formation","1/325","40/11892",0.025,0.914769230769231,-0.0905046898845491,0.670518345692072,0.748495040042695,0.6111166917446,"Adamts15",1
"GO:0032147","activation of protein kinase activity","1/325","40/11892",0.025,0.914769230769231,-0.0905046898845491,0.670518345692072,0.748495040042695,0.6111166917446,"Adra2a",1
"GO:0043462","regulation of ATP-dependent activity","1/325","40/11892",0.025,0.914769230769231,-0.0905046898845491,0.670518345692072,0.748495040042695,0.6111166917446,"Dnajb1",1
"GO:0060324","face development","1/325","40/11892",0.025,0.914769230769231,-0.0905046898845491,0.670518345692072,0.748495040042695,0.6111166917446,"Arid5b",1
"GO:0061035","regulation of cartilage development","1/325","40/11892",0.025,0.914769230769231,-0.0905046898845491,0.670518345692072,0.748495040042695,0.6111166917446,"Efemp1",1
"GO:1900015","regulation of cytokine production involved in inflammatory response","1/325","40/11892",0.025,0.914769230769231,-0.0905046898845491,0.670518345692072,0.748495040042695,0.6111166917446,"Ppara",1
"GO:0030003","intracellular monoatomic cation homeostasis","8/325","326/11892",0.0245398773006135,0.897932987258141,-0.313215403921616,0.671710661778852,0.749372124490572,0.611832796618369,"Grina/Calm1/Tfrc/Atp6v0c/Slc4a2/Trf/Mcoln1/B2m",8
"GO:0042391","regulation of membrane potential","8/325","326/11892",0.0245398773006135,0.897932987258141,-0.313215403921616,0.671710661778852,0.749372124490572,0.611832796618369,"Cd36/Calm1/Ubb/Htr3a/Gna11/Jun/Sh3gl1/B2m",8
"GO:0000045","autophagosome assembly","2/325","84/11892",0.0238095238095238,0.871208791208791,-0.198553795076172,0.673340356274268,0.750055168699592,0.612390475286899,"Igtp/Tgtp1",2
"GO:0000086","G2/M transition of mitotic cell cycle","2/325","84/11892",0.0238095238095238,0.871208791208791,-0.198553795076172,0.673340356274268,0.750055168699592,0.612390475286899,"Calm1/Topbp1",2
"GO:0007259","cell surface receptor signaling pathway via JAK-STAT","2/325","84/11892",0.0238095238095238,0.871208791208791,-0.198553795076172,0.673340356274268,0.750055168699592,0.612390475286899,"Calm1/Tnfrsf1a",2
"GO:0030048","actin filament-based movement","2/325","84/11892",0.0238095238095238,0.871208791208791,-0.198553795076172,0.673340356274268,0.750055168699592,0.612390475286899,"Vil1/Ccdc88c",2
"GO:0051346","negative regulation of hydrolase activity","2/325","84/11892",0.0238095238095238,0.871208791208791,-0.198553795076172,0.673340356274268,0.750055168699592,0.612390475286899,"Serpinh1/Rrp1b",2
"GO:0010959","regulation of metal ion transport","7/325","288/11892",0.0243055555555556,0.889358974358974,-0.318602426497176,0.676752060290019,0.752760895218802,0.61459959432006,"Sik1/Calm1/Creb3/Ptgs2/Trf/Lpar3/B2m",7
"GO:0016051","carbohydrate biosynthetic process","3/325","127/11892",0.0236220472440945,0.86434887946699,-0.25761419072401,0.679004875528318,0.752760895218802,0.61459959432006,"Sik1/B3galt1/Ppara",3
"GO:0002293","alpha-beta T cell differentiation involved in immune response","1/325","41/11892",0.024390243902439,0.892457786116323,-0.115620250041911,0.67955323749515,0.752760895218802,0.61459959432006,"Lgals1",1
"GO:0006360","transcription by RNA polymerase I","1/325","41/11892",0.024390243902439,0.892457786116323,-0.115620250041911,0.67955323749515,0.752760895218802,0.61459959432006,"Erbb2",1
"GO:0009880","embryonic pattern specification","1/325","41/11892",0.024390243902439,0.892457786116323,-0.115620250041911,0.67955323749515,0.752760895218802,0.61459959432006,"Pgap1",1
"GO:0032410","negative regulation of transporter activity","1/325","41/11892",0.024390243902439,0.892457786116323,-0.115620250041911,0.67955323749515,0.752760895218802,0.61459959432006,"Calm1",1
"GO:0034113","heterotypic cell-cell adhesion","1/325","41/11892",0.024390243902439,0.892457786116323,-0.115620250041911,0.67955323749515,0.752760895218802,0.61459959432006,"Il1b",1
"GO:0042058","regulation of epidermal growth factor receptor signaling pathway","1/325","41/11892",0.024390243902439,0.892457786116323,-0.115620250041911,0.67955323749515,0.752760895218802,0.61459959432006,"Adra2a",1
"GO:0045682","regulation of epidermis development","1/325","41/11892",0.024390243902439,0.892457786116323,-0.115620250041911,0.67955323749515,0.752760895218802,0.61459959432006,"Atoh1",1
"GO:0046173","polyol biosynthetic process","1/325","41/11892",0.024390243902439,0.892457786116323,-0.115620250041911,0.67955323749515,0.752760895218802,0.61459959432006,"Gch1",1
"GO:0051496","positive regulation of stress fiber assembly","1/325","41/11892",0.024390243902439,0.892457786116323,-0.115620250041911,0.67955323749515,0.752760895218802,0.61459959432006,"Rhoc",1
"GO:0060119","inner ear receptor cell development","1/325","41/11892",0.024390243902439,0.892457786116323,-0.115620250041911,0.67955323749515,0.752760895218802,0.61459959432006,"Wdpcp",1
"GO:0086001","cardiac muscle cell action potential","1/325","41/11892",0.024390243902439,0.892457786116323,-0.115620250041911,0.67955323749515,0.752760895218802,0.61459959432006,"Calm1",1
"GO:0099563","modification of synaptic structure","1/325","41/11892",0.024390243902439,0.892457786116323,-0.115620250041911,0.67955323749515,0.752760895218802,0.61459959432006,"Epha4",1
"GO:0042303","molting cycle","2/325","85/11892",0.0235294117647059,0.8609592760181,-0.21563646513994,0.679649554880134,0.752760895218802,0.61459959432006,"Ptgs2/Inhba",2
"GO:0042633","hair cycle","2/325","85/11892",0.0235294117647059,0.8609592760181,-0.21563646513994,0.679649554880134,0.752760895218802,0.61459959432006,"Ptgs2/Inhba",2
"GO:0051209","release of sequestered calcium ion into cytosol","2/325","85/11892",0.0235294117647059,0.8609592760181,-0.21563646513994,0.679649554880134,0.752760895218802,0.61459959432006,"Calm1/Mcoln1",2
"GO:0051282","regulation of sequestering of calcium ion","2/325","85/11892",0.0235294117647059,0.8609592760181,-0.21563646513994,0.679649554880134,0.752760895218802,0.61459959432006,"Calm1/Mcoln1",2
"GO:0051283","negative regulation of sequestering of calcium ion","2/325","85/11892",0.0235294117647059,0.8609592760181,-0.21563646513994,0.679649554880134,0.752760895218802,0.61459959432006,"Calm1/Mcoln1",2
"GO:0120031","plasma membrane bounded cell projection assembly","9/325","368/11892",0.0244565217391304,0.894882943143813,-0.343349152287907,0.680356784264132,0.753317845238087,0.615054322053771,"Espn/Aqp1/Wdpcp/Plk4/Hsp90aa1/Lpar3/Ezr/Dnm2/Abl2",9
"GO:0003231","cardiac ventricle development","2/325","86/11892",0.0232558139534884,0.850948121645796,-0.232528286776584,0.685859209692584,0.758512815850384,0.619295810753704,"Dnm2/Cpe",2
"GO:0051208","sequestering of calcium ion","2/325","86/11892",0.0232558139534884,0.850948121645796,-0.232528286776584,0.685859209692584,0.758512815850384,0.619295810753704,"Calm1/Mcoln1",2
"GO:1905037","autophagosome organization","2/325","86/11892",0.0232558139534884,0.850948121645796,-0.232528286776584,0.685859209692584,0.758512815850384,0.619295810753704,"Igtp/Tgtp1",2
"GO:0006873","intracellular monoatomic ion homeostasis","8/325","331/11892",0.0241691842900302,0.884369044852429,-0.357627503992392,0.688095725177944,0.758512815850384,0.619295810753704,"Grina/Calm1/Tfrc/Atp6v0c/Slc4a2/Trf/Mcoln1/B2m",8
"GO:0001754","eye photoreceptor cell differentiation","1/325","42/11892",0.0238095238095238,0.871208791208791,-0.140149706189758,0.688341120189781,0.758512815850384,0.619295810753704,"Ppp2r3a",1
"GO:0002287","alpha-beta T cell activation involved in immune response","1/325","42/11892",0.0238095238095238,0.871208791208791,-0.140149706189758,0.688341120189781,0.758512815850384,0.619295810753704,"Lgals1",1
"GO:0002886","regulation of myeloid leukocyte mediated immunity","1/325","42/11892",0.0238095238095238,0.871208791208791,-0.140149706189758,0.688341120189781,0.758512815850384,0.619295810753704,"H2-T23",1
"GO:0010972","negative regulation of G2/M transition of mitotic cell cycle","1/325","42/11892",0.0238095238095238,0.871208791208791,-0.140149706189758,0.688341120189781,0.758512815850384,0.619295810753704,"Topbp1",1
"GO:0033047","regulation of mitotic sister chromatid segregation","1/325","42/11892",0.0238095238095238,0.871208791208791,-0.140149706189758,0.688341120189781,0.758512815850384,0.619295810753704,"Dusp1",1
"GO:0043616","keratinocyte proliferation","1/325","42/11892",0.0238095238095238,0.871208791208791,-0.140149706189758,0.688341120189781,0.758512815850384,0.619295810753704,"Ereg",1
"GO:0045185","maintenance of protein location","1/325","42/11892",0.0238095238095238,0.871208791208791,-0.140149706189758,0.688341120189781,0.758512815850384,0.619295810753704,"Hspa5",1
"GO:0070918","regulatory ncRNA processing","1/325","42/11892",0.0238095238095238,0.871208791208791,-0.140149706189758,0.688341120189781,0.758512815850384,0.619295810753704,"Rbm3",1
"GO:0099590","neurotransmitter receptor internalization","1/325","42/11892",0.0238095238095238,0.871208791208791,-0.140149706189758,0.688341120189781,0.758512815850384,0.619295810753704,"Arc",1
"GO:0150116","regulation of cell-substrate junction organization","1/325","42/11892",0.0238095238095238,0.871208791208791,-0.140149706189758,0.688341120189781,0.758512815850384,0.619295810753704,"Wdpcp",1
"GO:1901019","regulation of calcium ion transmembrane transporter activity","1/325","42/11892",0.0238095238095238,0.871208791208791,-0.140149706189758,0.688341120189781,0.758512815850384,0.619295810753704,"Calm1",1
"GO:1902750","negative regulation of cell cycle G2/M phase transition","1/325","42/11892",0.0238095238095238,0.871208791208791,-0.140149706189758,0.688341120189781,0.758512815850384,0.619295810753704,"Topbp1",1
"GO:0048193","Golgi vesicle transport","4/325","171/11892",0.0233918128654971,0.855924426450742,-0.31808748447224,0.691694333999379,0.76160093566616,0.62181713883815,"Pgap1/Cideb/Bicd2/Dnm2",4
"GO:0006367","transcription initiation at RNA polymerase II promoter","2/325","87/11892",0.0229885057471264,0.841167108753316,-0.249234164540656,0.691970030804658,0.76160093566616,0.62181713883815,"Padi2/Gtf2f1",2
"GO:0043271","negative regulation of monoatomic ion transport","2/325","87/11892",0.0229885057471264,0.841167108753316,-0.249234164540656,0.691970030804658,0.76160093566616,0.62181713883815,"Calm1/Ptgs2",2
"GO:0060048","cardiac muscle contraction","2/325","87/11892",0.0229885057471264,0.841167108753316,-0.249234164540656,0.691970030804658,0.76160093566616,0.62181713883815,"Calm1/Hsp90aa1",2
"GO:0048729","tissue morphogenesis","11/325","451/11892",0.024390243902439,0.892457786116323,-0.390279511827676,0.693594446615053,0.763160934394951,0.623090816299273,"Epha4/Flrt3/Wdpcp/Col5a1/Rhoc/Tnc/Enah/Aldh1a1/Inhba/Bsg/Abl2",11
"GO:0033002","muscle cell proliferation","4/325","172/11892",0.0232558139534884,0.850948121645796,-0.33004896353314,0.696062647777147,0.76541473368311,0.624930954564929,"Ereg/Thbs1/Ptgs2/Jun",4
"GO:0000381","regulation of alternative mRNA splicing, via spliceosome","1/325","43/11892",0.0232558139534884,0.850948121645796,-0.164123713063372,0.696888726598079,0.76541473368311,0.624930954564929,"Rnps1",1
"GO:0001954","positive regulation of cell-matrix adhesion","1/325","43/11892",0.0232558139534884,0.850948121645796,-0.164123713063372,0.696888726598079,0.76541473368311,0.624930954564929,"Cd36",1
"GO:0045806","negative regulation of endocytosis","1/325","43/11892",0.0232558139534884,0.850948121645796,-0.164123713063372,0.696888726598079,0.76541473368311,0.624930954564929,"Lrrtm1",1
"GO:0048255","mRNA stabilization","1/325","43/11892",0.0232558139534884,0.850948121645796,-0.164123713063372,0.696888726598079,0.76541473368311,0.624930954564929,"Elavl4",1
"GO:0098926","postsynaptic signal transduction","1/325","43/11892",0.0232558139534884,0.850948121645796,-0.164123713063372,0.696888726598079,0.76541473368311,0.624930954564929,"Gna11",1
"GO:0098771","inorganic ion homeostasis","8/325","334/11892",0.0239520958083832,0.876425610317826,-0.38397315723895,0.697678729473725,0.766054154554706,0.625453016498245,"Grina/Calm1/Btbd9/Tfrc/Trf/Mcoln1/Car12/B2m",8
"GO:0097696","cell surface receptor signaling pathway via STAT","2/325","88/11892",0.0227272727272727,0.831608391608392,-0.265758817700574,0.697982763857039,0.766159758063444,0.625539237599848,"Calm1/Tnfrsf1a",2
"GO:0048709","oligodendrocyte differentiation","2/325","89/11892",0.0224719101123595,0.822264477095938,-0.282106789341581,0.703898187577953,0.77018572084097,0.628826277489315,"Erbb2/B4galt5",2
"GO:0030031","cell projection assembly","9/325","376/11892",0.023936170212766,0.875842880523732,-0.410067381220761,0.704601947871537,0.77018572084097,0.628826277489315,"Espn/Aqp1/Wdpcp/Plk4/Hsp90aa1/Lpar3/Ezr/Dnm2/Abl2",9
"GO:0001756","somitogenesis","1/325","44/11892",0.0227272727272727,0.831608391608392,-0.187570597938826,0.705202606575766,0.77018572084097,0.628826277489315,"Ppp2r3a",1
"GO:0002437","inflammatory response to antigenic stimulus","1/325","44/11892",0.0227272727272727,0.831608391608392,-0.187570597938826,0.705202606575766,0.77018572084097,0.628826277489315,"H2-T23",1
"GO:0006487","protein N-linked glycosylation","1/325","44/11892",0.0227272727272727,0.831608391608392,-0.187570597938826,0.705202606575766,0.77018572084097,0.628826277489315,"Cwh43",1
"GO:0007032","endosome organization","1/325","44/11892",0.0227272727272727,0.831608391608392,-0.187570597938826,0.705202606575766,0.77018572084097,0.628826277489315,"Plekhf1",1
"GO:0010171","body morphogenesis","1/325","44/11892",0.0227272727272727,0.831608391608392,-0.187570597938826,0.705202606575766,0.77018572084097,0.628826277489315,"Arid5b",1
"GO:0010466","negative regulation of peptidase activity","1/325","44/11892",0.0227272727272727,0.831608391608392,-0.187570597938826,0.705202606575766,0.77018572084097,0.628826277489315,"Serpinh1",1
"GO:0010770","positive regulation of cell morphogenesis","1/325","44/11892",0.0227272727272727,0.831608391608392,-0.187570597938826,0.705202606575766,0.77018572084097,0.628826277489315,"Epha4",1
"GO:0042158","lipoprotein biosynthetic process","1/325","44/11892",0.0227272727272727,0.831608391608392,-0.187570597938826,0.705202606575766,0.77018572084097,0.628826277489315,"Igtp",1
"GO:0044091","membrane biogenesis","1/325","44/11892",0.0227272727272727,0.831608391608392,-0.187570597938826,0.705202606575766,0.77018572084097,0.628826277489315,"Psap",1
"GO:0045010","actin nucleation","1/325","44/11892",0.0227272727272727,0.831608391608392,-0.187570597938826,0.705202606575766,0.77018572084097,0.628826277489315,"Vil1",1
"GO:0045839","negative regulation of mitotic nuclear division","1/325","44/11892",0.0227272727272727,0.831608391608392,-0.187570597938826,0.705202606575766,0.77018572084097,0.628826277489315,"Dusp1",1
"GO:0046425","regulation of receptor signaling pathway via JAK-STAT","1/325","44/11892",0.0227272727272727,0.831608391608392,-0.187570597938826,0.705202606575766,0.77018572084097,0.628826277489315,"Calm1",1
"GO:0050775","positive regulation of dendrite morphogenesis","1/325","44/11892",0.0227272727272727,0.831608391608392,-0.187570597938826,0.705202606575766,0.77018572084097,0.628826277489315,"Epha4",1
"GO:0055021","regulation of cardiac muscle tissue growth","1/325","44/11892",0.0227272727272727,0.831608391608392,-0.187570597938826,0.705202606575766,0.77018572084097,0.628826277489315,"Ppara",1
"GO:0072678","T cell migration","1/325","44/11892",0.0227272727272727,0.831608391608392,-0.187570597938826,0.705202606575766,0.77018572084097,0.628826277489315,"Abl2",1
"GO:0048568","embryonic organ development","8/325","337/11892",0.0237388724035608,0.86862360191737,-0.410098167358786,0.707073048790759,0.771999780166688,0.630307385411818,"Ada/Efemp1/Wdpcp/Plk4/Hipk1/Atoh1/Sparc/Aldh1a1",8
"GO:0017148","negative regulation of translation","2/325","90/11892",0.0222222222222222,0.813128205128205,-0.298282454922238,0.70971711143026,0.774657172855179,0.632477041777696,"Gzmb/Btg2",2
"GO:0001738","morphogenesis of a polarized epithelium","1/325","45/11892",0.0222222222222222,0.813128205128205,-0.210516587702303,0.713289131969324,0.776716023763347,0.634158012376677,"Wdpcp",1
"GO:0002292","T cell differentiation involved in immune response","1/325","45/11892",0.0222222222222222,0.813128205128205,-0.210516587702303,0.713289131969324,0.776716023763347,0.634158012376677,"Lgals1",1
"GO:0035904","aorta development","1/325","45/11892",0.0222222222222222,0.813128205128205,-0.210516587702303,0.713289131969324,0.776716023763347,0.634158012376677,"Dnm2",1
"GO:0042733","embryonic digit morphogenesis","1/325","45/11892",0.0222222222222222,0.813128205128205,-0.210516587702303,0.713289131969324,0.776716023763347,0.634158012376677,"Wdpcp",1
"GO:0042987","amyloid precursor protein catabolic process","1/325","45/11892",0.0222222222222222,0.813128205128205,-0.210516587702303,0.713289131969324,0.776716023763347,0.634158012376677,"Epha4",1
"GO:0048663","neuron fate commitment","1/325","45/11892",0.0222222222222222,0.813128205128205,-0.210516587702303,0.713289131969324,0.776716023763347,0.634158012376677,"Atoh1",1
"GO:0060976","coronary vasculature development","1/325","45/11892",0.0222222222222222,0.813128205128205,-0.210516587702303,0.713289131969324,0.776716023763347,0.634158012376677,"Dnm2",1
"GO:2000144","positive regulation of DNA-templated transcription initiation","1/325","45/11892",0.0222222222222222,0.813128205128205,-0.210516587702303,0.713289131969324,0.776716023763347,0.634158012376677,"Jun",1
"GO:1901890","positive regulation of cell junction assembly","2/325","91/11892",0.021978021978022,0.804192730346577,-0.314290030323044,0.715440373361734,0.778828474959052,0.63588274549731,"Flrt3/Lrrtm1",2
"GO:0007369","gastrulation","3/325","135/11892",0.0222222222222222,0.813128205128205,-0.366018371439474,0.718382676514773,0.780873698003661,0.637552589482956,"Dusp1/Col5a1/Inhba",3
"GO:0018105","peptidyl-serine phosphorylation","3/325","135/11892",0.0222222222222222,0.813128205128205,-0.366018371439474,0.718382676514773,0.780873698003661,0.637552589482956,"Tfrc/Ptgs2/Igtp",3
"GO:0007093","mitotic cell cycle checkpoint signaling","2/325","92/11892",0.0217391304347826,0.795451505016722,-0.330133579422633,0.721068837654685,0.780873698003661,0.637552589482956,"Dusp1/Topbp1",2
"GO:0007189","adenylate cyclase-activating G protein-coupled receptor signaling pathway","2/325","92/11892",0.0217391304347826,0.795451505016722,-0.330133579422633,0.721068837654685,0.780873698003661,0.637552589482956,"Htr4/Lpar3",2
"GO:0018205","peptidyl-lysine modification","2/325","92/11892",0.0217391304347826,0.795451505016722,-0.330133579422633,0.721068837654685,0.780873698003661,0.637552589482956,"Uspl1/Prkaa2",2
"GO:0044839","cell cycle G2/M phase transition","2/325","92/11892",0.0217391304347826,0.795451505016722,-0.330133579422633,0.721068837654685,0.780873698003661,0.637552589482956,"Calm1/Topbp1",2
"GO:0045667","regulation of osteoblast differentiation","2/325","92/11892",0.0217391304347826,0.795451505016722,-0.330133579422633,0.721068837654685,0.780873698003661,0.637552589482956,"Gdf10/Gdpd2",2
"GO:0001707","mesoderm formation","1/325","46/11892",0.0217391304347826,0.795451505016722,-0.232986009154206,0.72115450143923,0.780873698003661,0.637552589482956,"Inhba",1
"GO:0006405","RNA export from nucleus","1/325","46/11892",0.0217391304347826,0.795451505016722,-0.232986009154206,0.72115450143923,0.780873698003661,0.637552589482956,"Xpo1",1
"GO:0007019","microtubule depolymerization","1/325","46/11892",0.0217391304347826,0.795451505016722,-0.232986009154206,0.72115450143923,0.780873698003661,0.637552589482956,"Ccdc88c",1
"GO:0008542","visual learning","1/325","46/11892",0.0217391304347826,0.795451505016722,-0.232986009154206,0.72115450143923,0.780873698003661,0.637552589482956,"Abl2",1
"GO:0043489","RNA stabilization","1/325","46/11892",0.0217391304347826,0.795451505016722,-0.232986009154206,0.72115450143923,0.780873698003661,0.637552589482956,"Elavl4",1
"GO:0044773","mitotic DNA damage checkpoint signaling","1/325","46/11892",0.0217391304347826,0.795451505016722,-0.232986009154206,0.72115450143923,0.780873698003661,0.637552589482956,"Topbp1",1
"GO:0051145","smooth muscle cell differentiation","1/325","46/11892",0.0217391304347826,0.795451505016722,-0.232986009154206,0.72115450143923,0.780873698003661,0.637552589482956,"Ereg",1
"GO:0097479","synaptic vesicle localization","1/325","46/11892",0.0217391304347826,0.795451505016722,-0.232986009154206,0.72115450143923,0.780873698003661,0.637552589482956,"Dnm2",1
"GO:1901184","regulation of ERBB signaling pathway","1/325","46/11892",0.0217391304347826,0.795451505016722,-0.232986009154206,0.72115450143923,0.780873698003661,0.637552589482956,"Adra2a",1
"GO:1903008","organelle disassembly","1/325","46/11892",0.0217391304347826,0.795451505016722,-0.232986009154206,0.72115450143923,0.780873698003661,0.637552589482956,"Prkaa2",1
"GO:1903539","protein localization to postsynaptic membrane","1/325","46/11892",0.0217391304347826,0.795451505016722,-0.232986009154206,0.72115450143923,0.780873698003661,0.637552589482956,"Erbb2",1
"GO:0099504","synaptic vesicle cycle","4/325","178/11892",0.0224719101123595,0.822264477095938,-0.400471975201863,0.721344259821613,0.780873698003661,0.637552589482956,"Btbd9/Atp6v0c/Dnm2/Sh3gl1",4
"GO:0008064","regulation of actin polymerization or depolymerization","2/325","93/11892",0.021505376344086,0.786898263027295,-0.345817021234167,0.726603392871203,0.786335909020333,0.642012269437454,"Vil1/Pik3r2",2
"GO:0003281","ventricular septum development","1/325","47/11892",0.0212765957446809,0.778527004909984,-0.255001466218303,0.72880474515291,0.786409335665581,0.642072219398548,"Dnm2",1
"GO:0006303","double-strand break repair via nonhomologous end joining","1/325","47/11892",0.0212765957446809,0.778527004909984,-0.255001466218303,0.72880474515291,0.786409335665581,0.642072219398548,"Topbp1",1
"GO:0032414","positive regulation of ion transmembrane transporter activity","1/325","47/11892",0.0212765957446809,0.778527004909984,-0.255001466218303,0.72880474515291,0.786409335665581,0.642072219398548,"Calm1",1
"GO:0035176","social behavior","1/325","47/11892",0.0212765957446809,0.778527004909984,-0.255001466218303,0.72880474515291,0.786409335665581,0.642072219398548,"Il1b",1
"GO:0044774","mitotic DNA integrity checkpoint signaling","1/325","47/11892",0.0212765957446809,0.778527004909984,-0.255001466218303,0.72880474515291,0.786409335665581,0.642072219398548,"Topbp1",1
"GO:0045911","positive regulation of DNA recombination","1/325","47/11892",0.0212765957446809,0.778527004909984,-0.255001466218303,0.72880474515291,0.786409335665581,0.642072219398548,"Tfrc",1
"GO:0048332","mesoderm morphogenesis","1/325","47/11892",0.0212765957446809,0.778527004909984,-0.255001466218303,0.72880474515291,0.786409335665581,0.642072219398548,"Inhba",1
"GO:0051784","negative regulation of nuclear division","1/325","47/11892",0.0212765957446809,0.778527004909984,-0.255001466218303,0.72880474515291,0.786409335665581,0.642072219398548,"Dusp1",1
"GO:0062237","protein localization to postsynapse","1/325","47/11892",0.0212765957446809,0.778527004909984,-0.255001466218303,0.72880474515291,0.786409335665581,0.642072219398548,"Erbb2",1
"GO:1904705","regulation of vascular associated smooth muscle cell proliferation","1/325","47/11892",0.0212765957446809,0.778527004909984,-0.255001466218303,0.72880474515291,0.786409335665581,0.642072219398548,"Jun",1
"GO:0003002","regionalization","6/325","263/11892",0.0228136882129278,0.83477040070196,-0.454187357087728,0.729215597215566,0.786611276244341,0.642237095919859,"Ppp2r3a/Pgap1/C1qa/Hipk1/Btg2/Arc",6
"GO:0003007","heart morphogenesis","4/325","180/11892",0.0222222222222222,0.813128205128205,-0.423452771710809,0.729418703799012,0.786611276244341,0.642237095919859,"Thbs1/Jun/Col5a1/Cpe",4
"GO:0007276","gamete generation","11/325","467/11892",0.0235546038543897,0.861881073958162,-0.510415707600603,0.735872186355681,0.793338660107354,0.647729739625589,"Dnaja1/Ereg/Top2a/Bmp8b/Slc4a2/Ubb/Rb1/Foxa3/Inhba/Bsg/Rnf114",11
"GO:0060420","regulation of heart growth","1/325","48/11892",0.0208333333333333,0.762307692307692,-0.276583997155549,0.736245729350909,0.793509286078202,0.647869049004078,"Ppara",1
"GO:0051651","maintenance of location in cell","3/325","139/11892",0.0215827338129496,0.78972883231876,-0.417977843294245,0.736623180232323,0.793684022898668,0.648011714729215,"Calm1/Mcoln1/Hspa5",3
"GO:0030832","regulation of actin filament length","2/325","95/11892",0.0210526315789474,0.770331983805668,-0.376718574696087,0.737394440034361,0.794282848032336,0.648500631842947,"Vil1/Pik3r2",2
"GO:0018209","peptidyl-serine modification","3/325","140/11892",0.0214285714285714,0.784087912087912,-0.430750297276069,0.741035054231438,0.797971139321379,0.651511976274331,"Tfrc/Ptgs2/Igtp",3
"GO:0001838","embryonic epithelial tube formation","2/325","96/11892",0.0208333333333333,0.762307692307692,-0.391943858700292,0.742652813278903,0.79804278703285,0.651570473806128,"Enah/Abl2",2
"GO:0006081","aldehyde metabolic process","1/325","49/11892",0.0204081632653061,0.746750392464678,-0.297753214410304,0.743483160789693,0.79804278703285,0.651570473806128,"Hagh",1
"GO:0008333","endosome to lysosome transport","1/325","49/11892",0.0204081632653061,0.746750392464678,-0.297753214410304,0.743483160789693,0.79804278703285,0.651570473806128,"Plekhf1",1
"GO:0030166","proteoglycan biosynthetic process","1/325","49/11892",0.0204081632653061,0.746750392464678,-0.297753214410304,0.743483160789693,0.79804278703285,0.651570473806128,"B3gnt7",1
"GO:0032206","positive regulation of telomere maintenance","1/325","49/11892",0.0204081632653061,0.746750392464678,-0.297753214410304,0.743483160789693,0.79804278703285,0.651570473806128,"Gch1",1
"GO:0045123","cellular extravasation","1/325","49/11892",0.0204081632653061,0.746750392464678,-0.297753214410304,0.743483160789693,0.79804278703285,0.651570473806128,"Chst4",1
"GO:0048168","regulation of neuronal synaptic plasticity","1/325","49/11892",0.0204081632653061,0.746750392464678,-0.297753214410304,0.743483160789693,0.79804278703285,0.651570473806128,"Arc",1
"GO:0051703","biological process involved in intraspecies interaction between organisms","1/325","49/11892",0.0204081632653061,0.746750392464678,-0.297753214410304,0.743483160789693,0.79804278703285,0.651570473806128,"Il1b",1
"GO:0051865","protein autoubiquitination","1/325","49/11892",0.0204081632653061,0.746750392464678,-0.297753214410304,0.743483160789693,0.79804278703285,0.651570473806128,"Asb4",1
"GO:1904892","regulation of receptor signaling pathway via STAT","1/325","49/11892",0.0204081632653061,0.746750392464678,-0.297753214410304,0.743483160789693,0.79804278703285,0.651570473806128,"Calm1",1
"GO:1990874","vascular associated smooth muscle cell proliferation","1/325","49/11892",0.0204081632653061,0.746750392464678,-0.297753214410304,0.743483160789693,0.79804278703285,0.651570473806128,"Jun",1
"GO:0016358","dendrite development","5/325","227/11892",0.0220264317180617,0.805964079972891,-0.49475841946464,0.747734672324862,0.801998353422079,0.654800037819837,"Elavl4/Epha4/Dynlt1a/Arc/Abl2",5
"GO:0030178","negative regulation of Wnt signaling pathway","2/325","97/11892",0.0206185567010309,0.754448850118953,-0.407023391767183,0.747821036546849,0.801998353422079,0.654800037819837,"Ppp2r3a/Ccdc88c",2
"GO:0030183","B cell differentiation","2/325","97/11892",0.0206185567010309,0.754448850118953,-0.407023391767183,0.747821036546849,0.801998353422079,0.654800037819837,"Ada/Lgals1",2
"GO:0003208","cardiac ventricle morphogenesis","1/325","50/11892",0.02,0.731815384615385,-0.318527429324759,0.750522591064399,0.802793462177416,0.655449212772434,"Cpe",1
"GO:0007632","visual behavior","1/325","50/11892",0.02,0.731815384615385,-0.318527429324759,0.750522591064399,0.802793462177416,0.655449212772434,"Abl2",1
"GO:0008652","amino acid biosynthetic process","1/325","50/11892",0.02,0.731815384615385,-0.318527429324759,0.750522591064399,0.802793462177416,0.655449212772434,"Aldh1a1",1
"GO:0010507","negative regulation of autophagy","1/325","50/11892",0.02,0.731815384615385,-0.318527429324759,0.750522591064399,0.802793462177416,0.655449212772434,"Slc7a5",1
"GO:0031123","RNA 3'-end processing","1/325","50/11892",0.02,0.731815384615385,-0.318527429324759,0.750522591064399,0.802793462177416,0.655449212772434,"Cstf3",1
"GO:0032088","negative regulation of NF-kappaB transcription factor activity","1/325","50/11892",0.02,0.731815384615385,-0.318527429324759,0.750522591064399,0.802793462177416,0.655449212772434,"Anxa4",1
"GO:0045576","mast cell activation","1/325","50/11892",0.02,0.731815384615385,-0.318527429324759,0.750522591064399,0.802793462177416,0.655449212772434,"Ndrg1",1
"GO:0098930","axonal transport","1/325","50/11892",0.02,0.731815384615385,-0.318527429324759,0.750522591064399,0.802793462177416,0.655449212772434,"Hspb1",1
"GO:1902373","negative regulation of mRNA catabolic process","1/325","50/11892",0.02,0.731815384615385,-0.318527429324759,0.750522591064399,0.802793462177416,0.655449212772434,"Elavl4",1
"GO:0021987","cerebral cortex development","2/325","98/11892",0.0204081632653061,0.746750392464678,-0.421960462212094,0.752900092079735,0.80486941398083,0.657144145578203,"Tubb2a/Atoh1",2
"GO:0030041","actin filament polymerization","2/325","98/11892",0.0204081632653061,0.746750392464678,-0.421960462212094,0.752900092079735,0.80486941398083,0.657144145578203,"Vil1/Pik3r2",2
"GO:0051235","maintenance of location","3/325","143/11892",0.020979020979021,0.767638515330823,-0.468567553213335,0.75391983506227,0.805725866059591,0.657843404935994,"Calm1/Mcoln1/Hspa5",3
"GO:0017156","calcium-ion regulated exocytosis","1/325","51/11892",0.0196078431372549,0.717466063348416,-0.338923763630564,0.757369420814785,0.808474858130119,0.660087848586118,"Adra2a",1
"GO:0032411","positive regulation of transporter activity","1/325","51/11892",0.0196078431372549,0.717466063348416,-0.338923763630564,0.757369420814785,0.808474858130119,0.660087848586118,"Calm1",1
"GO:2000142","regulation of DNA-templated transcription initiation","1/325","51/11892",0.0196078431372549,0.717466063348416,-0.338923763630564,0.757369420814785,0.808474858130119,0.660087848586118,"Jun",1
"GO:2000514","regulation of CD4-positive, alpha-beta T cell activation","1/325","51/11892",0.0196078431372549,0.717466063348416,-0.338923763630564,0.757369420814785,0.808474858130119,0.660087848586118,"Lgals1",1
"GO:0043433","negative regulation of DNA-binding transcription factor activity","2/325","99/11892",0.0202020202020202,0.739207459207459,-0.436758248596034,0.75789097588553,0.808563281364418,0.660160042670952,"Sik1/Anxa4",2
"GO:0050773","regulation of dendrite development","2/325","99/11892",0.0202020202020202,0.739207459207459,-0.436758248596034,0.75789097588553,0.808563281364418,0.660160042670952,"Elavl4/Epha4",2
"GO:0033363","secretory granule organization","1/325","52/11892",0.0192307692307692,0.703668639053254,-0.358958249353065,0.764028903817504,0.813463471828804,0.664160855001443,"Aqp1",1
"GO:0046626","regulation of insulin receptor signaling pathway","1/325","52/11892",0.0192307692307692,0.703668639053254,-0.358958249353065,0.764028903817504,0.813463471828804,0.664160855001443,"Il1b",1
"GO:0048041","focal adhesion assembly","1/325","52/11892",0.0192307692307692,0.703668639053254,-0.358958249353065,0.764028903817504,0.813463471828804,0.664160855001443,"Wdpcp",1
"GO:0050810","regulation of steroid biosynthetic process","1/325","52/11892",0.0192307692307692,0.703668639053254,-0.358958249353065,0.764028903817504,0.813463471828804,0.664160855001443,"Lpcat3",1
"GO:0051937","catecholamine transport","1/325","52/11892",0.0192307692307692,0.703668639053254,-0.358958249353065,0.764028903817504,0.813463471828804,0.664160855001443,"Slc29a4",1
"GO:0051966","regulation of synaptic transmission, glutamatergic","1/325","52/11892",0.0192307692307692,0.703668639053254,-0.358958249353065,0.764028903817504,0.813463471828804,0.664160855001443,"Ptgs2",1
"GO:1904888","cranial skeletal system development","1/325","52/11892",0.0192307692307692,0.703668639053254,-0.358958249353065,0.764028903817504,0.813463471828804,0.664160855001443,"Gna11",1
"GO:0060996","dendritic spine development","2/325","101/11892",0.0198019801980198,0.724569687738005,-0.46594816308199,0.767612272373704,0.817042690144231,0.667083145649929,"Epha4/Arc",2
"GO:0001570","vasculogenesis","1/325","53/11892",0.0188679245283019,0.690391872278665,-0.378645918533673,0.770506150967784,0.818940505325044,0.66863263692615,"Asb4",1
"GO:0002028","regulation of sodium ion transport","1/325","53/11892",0.0188679245283019,0.690391872278665,-0.378645918533673,0.770506150967784,0.818940505325044,0.66863263692615,"Sik1",1
"GO:0043299","leukocyte degranulation","1/325","53/11892",0.0188679245283019,0.690391872278665,-0.378645918533673,0.770506150967784,0.818940505325044,0.66863263692615,"Anxa3",1
"GO:0046530","photoreceptor cell differentiation","1/325","53/11892",0.0188679245283019,0.690391872278665,-0.378645918533673,0.770506150967784,0.818940505325044,0.66863263692615,"Ppp2r3a",1
"GO:1901222","regulation of non-canonical NF-kappaB signal transduction","1/325","53/11892",0.0188679245283019,0.690391872278665,-0.378645918533673,0.770506150967784,0.818940505325044,0.66863263692615,"Il1b",1
"GO:0072175","epithelial tube formation","2/325","102/11892",0.0196078431372549,0.717466063348416,-0.480346141300664,0.772344732937638,0.820658024101508,0.670034923296174,"Enah/Abl2",2
"GO:0042692","muscle cell differentiation","6/325","277/11892",0.0216606498194946,0.792579838933629,-0.585493053595282,0.773171639324066,0.821299902751731,0.670558991908844,"Cacybp/Ereg/Sik1/Rb1/Adamts15/Ppara",6
"GO:0031032","actomyosin structure organization","3/325","148/11892",0.0202702702702703,0.741704781704782,-0.530004680642267,0.7742463386003,0.822204553177962,0.671297603317187,"Pik3r2/Rhoc/Dnm2",3
"GO:0000423","mitophagy","1/325","54/11892",0.0185185185185185,0.677606837606837,-0.398000883982049,0.776806134153481,0.823736309116724,0.672548221653686,"Igtp",1
"GO:0030203","glycosaminoglycan metabolic process","1/325","54/11892",0.0185185185185185,0.677606837606837,-0.398000883982049,0.776806134153481,0.823736309116724,0.672548221653686,"Il1b",1
"GO:0032465","regulation of cytokinesis","1/325","54/11892",0.0185185185185185,0.677606837606837,-0.398000883982049,0.776806134153481,0.823736309116724,0.672548221653686,"Calm1",1
"GO:1902369","negative regulation of RNA catabolic process","1/325","54/11892",0.0185185185185185,0.677606837606837,-0.398000883982049,0.776806134153481,0.823736309116724,0.672548221653686,"Elavl4",1
"GO:1905515","non-motile cilium assembly","1/325","54/11892",0.0185185185185185,0.677606837606837,-0.398000883982049,0.776806134153481,0.823736309116724,0.672548221653686,"Dnm2",1
"GO:0051924","regulation of calcium ion transport","4/325","193/11892",0.0207253886010363,0.758357911518533,-0.567305987038523,0.777673372167525,0.82441876612295,0.673105420894284,"Calm1/Creb3/Ptgs2/Lpar3",4
"GO:0010256","endomembrane system organization","8/325","363/11892",0.0220385674931129,0.806408137317228,-0.627892208119349,0.780421201435269,0.82709388973272,0.675289553858368,"Psap/Plekhf1/Aqp1/Ndrg1/Col5a1/Dnm2/Get4/Lpcat3",8
"GO:0072073","kidney epithelium development","2/325","104/11892",0.0192307692307692,0.703668639053254,-0.508762067933234,0.781558462328703,0.827615021918553,0.675715037743137,"Epha4/Aqp1",2
"GO:0043270","positive regulation of monoatomic ion transport","3/325","150/11892",0.02,0.731815384615385,-0.554049993804892,0.781984163160449,0.827615021918553,0.675715037743137,"Calm1/Creb3/Lpar3",3
"GO:0000380","alternative mRNA splicing, via spliceosome","1/325","55/11892",0.0181818181818182,0.665286713286713,-0.417036412105776,0.782933690024415,0.827615021918553,0.675715037743137,"Rnps1",1
"GO:0007405","neuroblast proliferation","1/325","55/11892",0.0181818181818182,0.665286713286713,-0.417036412105776,0.782933690024415,0.827615021918553,0.675715037743137,"Btg2",1
"GO:0030500","regulation of bone mineralization","1/325","55/11892",0.0181818181818182,0.665286713286713,-0.417036412105776,0.782933690024415,0.827615021918553,0.675715037743137,"Isg15",1
"GO:0043367","CD4-positive, alpha-beta T cell differentiation","1/325","55/11892",0.0181818181818182,0.665286713286713,-0.417036412105776,0.782933690024415,0.827615021918553,0.675715037743137,"Lgals1",1
"GO:0045132","meiotic chromosome segregation","1/325","55/11892",0.0181818181818182,0.665286713286713,-0.417036412105776,0.782933690024415,0.827615021918553,0.675715037743137,"Top2a",1
"GO:0061053","somite development","1/325","55/11892",0.0181818181818182,0.665286713286713,-0.417036412105776,0.782933690024415,0.827615021918553,0.675715037743137,"Ppp2r3a",1
"GO:0140056","organelle localization by membrane tethering","1/325","55/11892",0.0181818181818182,0.665286713286713,-0.417036412105776,0.782933690024415,0.827615021918553,0.675715037743137,"Calm1",1
"GO:0051640","organelle localization","9/325","406/11892",0.0221674876847291,0.81112542629784,-0.649071604663294,0.784737353042256,0.829283796821604,0.677077526662183,"Gem/Xpo1/Calm1/Ubb/Rb1/Rrs1/Bicd2/Ezr/Dnm2",9
"GO:1903530","regulation of secretion by cell","9/325","407/11892",0.0221130221130221,0.809132489132489,-0.656756253802558,0.787111710872721,0.831292603833627,0.678717638392878,"Il1b/Glud1/Adra2a/Camk2n1/Gna11/Nmb/Inhba/Bsg/Tnfrsf1a",9
"GO:0008380","RNA splicing","6/325","282/11892",0.0212765957446809,0.778527004909984,-0.630913362102142,0.787517946904143,0.831292603833627,0.678717638392878,"Hspa8/Elavl4/Rnps1/Rrp1b/Fastk/Rbm3",6
"GO:0008202","steroid metabolic process","4/325","196/11892",0.0204081632653061,0.746750392464678,-0.59923702485413,0.787791714093114,0.831292603833627,0.678717638392878,"Prkaa2/Hmgcs2/Inhba/Lpcat3",4
"GO:0006637","acyl-CoA metabolic process","1/325","56/11892",0.0178571428571429,0.653406593406593,-0.435764988725925,0.788893523659801,0.831292603833627,0.678717638392878,"Hmgcs2",1
"GO:0035383","thioester metabolic process","1/325","56/11892",0.0178571428571429,0.653406593406593,-0.435764988725925,0.788893523659801,0.831292603833627,0.678717638392878,"Hmgcs2",1
"GO:0042982","amyloid precursor protein metabolic process","1/325","56/11892",0.0178571428571429,0.653406593406593,-0.435764988725925,0.788893523659801,0.831292603833627,0.678717638392878,"Epha4",1
"GO:0051881","regulation of mitochondrial membrane potential","1/325","56/11892",0.0178571428571429,0.653406593406593,-0.435764988725925,0.788893523659801,0.831292603833627,0.678717638392878,"Ubb",1
"GO:0060042","retina morphogenesis in camera-type eye","1/325","56/11892",0.0178571428571429,0.653406593406593,-0.435764988725925,0.788893523659801,0.831292603833627,0.678717638392878,"Hipk1",1
"GO:0070050","neuron cellular homeostasis","1/325","56/11892",0.0178571428571429,0.653406593406593,-0.435764988725925,0.788893523659801,0.831292603833627,0.678717638392878,"Atp6v0c",1
"GO:2000243","positive regulation of reproductive process","1/325","56/11892",0.0178571428571429,0.653406593406593,-0.435764988725925,0.788893523659801,0.831292603833627,0.678717638392878,"Inhba",1
"GO:0016050","vesicle organization","5/325","241/11892",0.020746887966805,0.759144589849984,-0.633175101118218,0.79253465223471,0.834890748252969,0.681655381459074,"Atp6v0c/Plekhf1/Cideb/Aqp1/Dnm2",5
"GO:0048232","male gamete generation","8/325","368/11892",0.0217391304347826,0.795451505016722,-0.668127080939497,0.792862592754363,0.834997576255023,0.681742602311195,"Dnaja1/Bmp8b/Slc4a2/Ubb/Rb1/Foxa3/Bsg/Rnf114",8
"GO:0009062","fatty acid catabolic process","1/325","57/11892",0.0175438596491228,0.641943319838057,-0.454198378668381,0.79469021213653,0.836047515711424,0.682599836484839,"Cyp4f14",1
"GO:0009798","axis specification","1/325","57/11892",0.0175438596491228,0.641943319838057,-0.454198378668381,0.79469021213653,0.836047515711424,0.682599836484839,"Pgap1",1
"GO:0051279","regulation of release of sequestered calcium ion into cytosol","1/325","57/11892",0.0175438596491228,0.641943319838057,-0.454198378668381,0.79469021213653,0.836047515711424,0.682599836484839,"Calm1",1
"GO:0051168","nuclear export","2/325","107/11892",0.0186915887850467,0.683939611790079,-0.550475084591686,0.794766819059367,0.836047515711424,0.682599836484839,"Bag3/Xpo1",2
"GO:0000724","double-strand break repair via homologous recombination","2/325","108/11892",0.0185185185185185,0.677606837606837,-0.564146418557004,0.799010569955603,0.839792689152083,0.685657622950511,"Topbp1/Samhd1",2
"GO:0001837","epithelial to mesenchymal transition","2/325","108/11892",0.0185185185185185,0.677606837606837,-0.564146418557004,0.799010569955603,0.839792689152083,0.685657622950511,"Il1b/Epha4",2
"GO:0072006","nephron development","2/325","108/11892",0.0185185185185185,0.677606837606837,-0.564146418557004,0.799010569955603,0.839792689152083,0.685657622950511,"Sulf2/Aqp1",2
"GO:0046323","D-glucose import","1/325","58/11892",0.0172413793103448,0.630875331564987,-0.472347679819462,0.800328208000969,0.840030830915821,0.685852056312172,"Slc2a9",1
"GO:0090307","mitotic spindle assembly","1/325","58/11892",0.0172413793103448,0.630875331564987,-0.472347679819462,0.800328208000969,0.840030830915821,0.685852056312172,"Hspa1b",1
"GO:1902117","positive regulation of organelle assembly","1/325","58/11892",0.0172413793103448,0.630875331564987,-0.472347679819462,0.800328208000969,0.840030830915821,0.685852056312172,"Plk4",1
"GO:1990542","mitochondrial transmembrane transport","1/325","58/11892",0.0172413793103448,0.630875331564987,-0.472347679819462,0.800328208000969,0.840030830915821,0.685852056312172,"Hspd1",1
"GO:0060828","regulation of canonical Wnt signaling pathway","3/325","155/11892",0.0193548387096774,0.708208436724566,-0.612915394788137,0.800376635424949,0.840030830915821,0.685852056312172,"Ppp2r3a/Sulf2/Ccdc88c",3
"GO:0007389","pattern specification process","6/325","287/11892",0.0209059233449477,0.764963816671134,-0.675606165710337,0.8011666892971,0.840502515196368,0.686237167931695,"Ppp2r3a/Pgap1/C1qa/Hipk1/Btg2/Arc",6
"GO:0060562","epithelial tube morphogenesis","5/325","244/11892",0.0204918032786885,0.749810844892812,-0.661878409993229,0.801282104829093,0.840502515196368,0.686237167931695,"Epha4/Tnc/Enah/Bsg/Abl2",5
"GO:0043269","regulation of monoatomic ion transport","7/325","330/11892",0.0212121212121212,0.776167832167832,-0.691199619793329,0.802512623851584,0.841553778525445,0.687095482995187,"Sik1/Calm1/Creb3/Ptgs2/Trf/Lpar3/B2m",7
"GO:0001763","morphogenesis of a branching structure","3/325","156/11892",0.0192307692307692,0.703668639053254,-0.624482635228678,0.803895542142653,0.842764211700176,0.688083753962591,"Il1b/Tnc/Cpe",3
"GO:0038061","non-canonical NF-kappaB signal transduction","1/325","59/11892",0.0169491525423729,0.620182529335072,-0.490223372247628,0.805811842646878,0.843813196589884,0.688940208770162,"Il1b",1
"GO:0055013","cardiac muscle cell development","1/325","59/11892",0.0169491525423729,0.620182529335072,-0.490223372247628,0.805811842646878,0.843813196589884,0.688940208770162,"Ppara",1
"GO:1901992","positive regulation of mitotic cell cycle phase transition","1/325","59/11892",0.0169491525423729,0.620182529335072,-0.490223372247628,0.805811842646878,0.843813196589884,0.688940208770162,"Rb1",1
"GO:1904063","negative regulation of cation transmembrane transport","1/325","59/11892",0.0169491525423729,0.620182529335072,-0.490223372247628,0.805811842646878,0.843813196589884,0.688940208770162,"Calm1",1
"GO:0000209","protein polyubiquitination","3/325","157/11892",0.0191082802547771,0.699186673199412,-0.635983508444391,0.807362347022651,0.845196708641151,0.690069791816846,"Rnf31/Ube2g2/Rnf114",3
"GO:0008589","regulation of smoothened signaling pathway","1/325","60/11892",0.0166666666666667,0.609846153846154,-0.507835362918474,0.811145329601983,0.84809318949954,0.692434654247704,"Rb1",1
"GO:0019233","sensory perception of pain","1/325","60/11892",0.0166666666666667,0.609846153846154,-0.507835362918474,0.811145329601983,0.84809318949954,0.692434654247704,"Aqp1",1
"GO:0048644","muscle organ morphogenesis","1/325","60/11892",0.0166666666666667,0.609846153846154,-0.507835362918474,0.811145329601983,0.84809318949954,0.692434654247704,"Arid5b",1
"GO:0070936","protein K48-linked ubiquitination","1/325","60/11892",0.0166666666666667,0.609846153846154,-0.507835362918474,0.811145329601983,0.84809318949954,0.692434654247704,"Ube2g2",1
"GO:0000725","recombinational repair","2/325","111/11892",0.018018018018018,0.659293139293139,-0.604493718835903,0.811279594730162,0.84809318949954,0.692434654247704,"Topbp1/Samhd1",2
"GO:0035148","tube formation","2/325","112/11892",0.0178571428571429,0.653406593406593,-0.617727826207464,0.815218739716994,0.851969456931341,0.695599473788932,"Enah/Abl2",2
"GO:0018107","peptidyl-threonine phosphorylation","1/325","61/11892",0.0163934426229508,0.59984867591425,-0.525193026466029,0.816332767725661,0.85265020737795,0.696155279690881,"Igtp",1
"GO:0034644","cellular response to UV","1/325","61/11892",0.0163934426229508,0.59984867591425,-0.525193026466029,0.816332767725661,0.85265020737795,0.696155279690881,"Aqp1",1
"GO:0007044","cell-substrate junction assembly","1/325","62/11892",0.0161290322580645,0.590173697270472,-0.542305242427843,0.82137814432013,0.856948723454288,0.699664848603766,"Wdpcp",1
"GO:0030168","platelet activation","1/325","62/11892",0.0161290322580645,0.590173697270472,-0.542305242427843,0.82137814432013,0.856948723454288,0.699664848603766,"Adra2a",1
"GO:0034766","negative regulation of monoatomic ion transmembrane transport","1/325","62/11892",0.0161290322580645,0.590173697270472,-0.542305242427843,0.82137814432013,0.856948723454288,0.699664848603766,"Calm1",1
"GO:0043543","protein acylation","1/325","62/11892",0.0161290322580645,0.590173697270472,-0.542305242427843,0.82137814432013,0.856948723454288,0.699664848603766,"Prkaa2",1
"GO:0003205","cardiac chamber development","2/325","114/11892",0.0175438596491228,0.641943319838057,-0.643885927706536,0.822877607178382,0.858270192433367,0.700743775927977,"Dnm2/Cpe",2
"GO:0048705","skeletal system morphogenesis","3/325","162/11892",0.0185185185185185,0.677606837606837,-0.692523995136656,0.823931838955938,0.859126664325768,0.701443051462824,"Serpinh1/Thbs1/Arid5b",3
"GO:0006892","post-Golgi vesicle-mediated transport","1/325","63/11892",0.0158730158730159,0.580805860805861,-0.559180429303369,0.826285338157489,0.860850129013144,0.702850192434697,"Dnm2",1
"GO:0015844","monoamine transport","1/325","63/11892",0.0158730158730159,0.580805860805861,-0.559180429303369,0.826285338157489,0.860850129013144,0.702850192434697,"Slc29a4",1
"GO:0035282","segmentation","1/325","63/11892",0.0158730158730159,0.580805860805861,-0.559180429303369,0.826285338157489,0.860850129013144,0.702850192434697,"Ppp2r3a",1
"GO:0000422","autophagy of mitochondrion","1/325","64/11892",0.015625,0.571730769230769,-0.575826575753387,0.831058122424867,0.864600688472498,0.705912376372297,"Igtp",1
"GO:0007229","integrin-mediated signaling pathway","1/325","64/11892",0.015625,0.571730769230769,-0.575826575753387,0.831058122424867,0.864600688472498,0.705912376372297,"Isg15",1
"GO:0050795","regulation of behavior","1/325","64/11892",0.015625,0.571730769230769,-0.575826575753387,0.831058122424867,0.864600688472498,0.705912376372297,"Ada",1
"GO:0097120","receptor localization to synapse","1/325","64/11892",0.015625,0.571730769230769,-0.575826575753387,0.831058122424867,0.864600688472498,0.705912376372297,"Erbb2",1
"GO:2001257","regulation of cation channel activity","1/325","64/11892",0.015625,0.571730769230769,-0.575826575753387,0.831058122424867,0.864600688472498,0.705912376372297,"Calm1",1
"GO:0006412","translation","9/325","428/11892",0.0210280373831776,0.769432063263839,-0.814316456104753,0.83264149408269,0.866003540403159,0.707057749668056,"Rpl21/Thbs1/Elavl4/Gzmb/Erbb2/Etf1/Btg2/Rbm3/Rpsa",9
"GO:0010389","regulation of G2/M transition of mitotic cell cycle","1/325","65/11892",0.0153846153846154,0.562934911242604,-0.59225126922196,0.835700167589892,0.867650047228395,0.708402057579457,"Topbp1",1
"GO:0016579","protein deubiquitination","1/325","65/11892",0.0153846153846154,0.562934911242604,-0.59225126922196,0.835700167589892,0.867650047228395,0.708402057579457,"Usp13",1
"GO:0018210","peptidyl-threonine modification","1/325","65/11892",0.0153846153846154,0.562934911242604,-0.59225126922196,0.835700167589892,0.867650047228395,0.708402057579457,"Igtp",1
"GO:0055017","cardiac muscle tissue growth","1/325","65/11892",0.0153846153846154,0.562934911242604,-0.59225126922196,0.835700167589892,0.867650047228395,0.708402057579457,"Ppara",1
"GO:0072080","nephron tubule development","1/325","65/11892",0.0153846153846154,0.562934911242604,-0.59225126922196,0.835700167589892,0.867650047228395,0.708402057579457,"Aqp1",1
"GO:1904427","positive regulation of calcium ion transmembrane transport","1/325","65/11892",0.0153846153846154,0.562934911242604,-0.59225126922196,0.835700167589892,0.867650047228395,0.708402057579457,"Calm1",1
"GO:0044782","cilium organization","5/325","257/11892",0.0194552529182879,0.711882669859324,-0.782696247744387,0.835872305400985,0.867650047228395,0.708402057579457,"Ccdc88c/Wdpcp/Plk4/Cwh43/Dnm2",5
"GO:0051897","positive regulation of phosphatidylinositol 3-kinase/protein kinase B signal transduction","2/325","118/11892",0.0169491525423729,0.620182529335072,-0.695015399684879,0.837347211243999,0.868936323379893,0.709452251347378,"Thbs1/Erbb2",2
"GO:0001656","metanephros development","1/325","66/11892",0.0151515151515152,0.554405594405594,-0.608461722230761,0.840215044188631,0.871176554959014,0.711281312113494,"Aqp1",1
"GO:0001708","cell fate specification","1/325","66/11892",0.0151515151515152,0.554405594405594,-0.608461722230761,0.840215044188631,0.871176554959014,0.711281312113494,"Atoh1",1
"GO:0006766","vitamin metabolic process","1/325","66/11892",0.0151515151515152,0.554405594405594,-0.608461722230761,0.840215044188631,0.871176554959014,0.711281312113494,"Slc23a2",1
"GO:0000075","cell cycle checkpoint signaling","2/325","119/11892",0.0168067226890756,0.6149709114415,-0.707561106135351,0.840794030560349,0.87153172009152,0.711571290442258,"Dusp1/Topbp1",2
"GO:0051896","regulation of phosphatidylinositol 3-kinase/protein kinase B signal transduction","3/325","168/11892",0.0178571428571429,0.653406593406593,-0.758363696701973,0.84219909248991,0.872742719965647,0.712560024097377,"Thbs1/Erbb2/Ppara",3
"GO:0006397","mRNA processing","6/325","304/11892",0.0197368421052632,0.722186234817814,-0.822482774677518,0.842543104046959,0.872853817177372,0.712650730590886,"Hspa8/Elavl4/Rnps1/Rrp1b/Cstf3/Rbm3",6
"GO:0000910","cytokinesis","2/325","120/11892",0.0166666666666667,0.609846153846154,-0.720015575277383,0.844174693049707,0.873028196111441,0.712793104115889,"Calm1/Rhoc",2
"GO:0032259","methylation","2/325","120/11892",0.0166666666666667,0.609846153846154,-0.720015575277383,0.844174693049707,0.873028196111441,0.712793104115889,"Etf1/Btg2",2
"GO:0060294","cilium movement involved in cell motility","2/325","120/11892",0.0166666666666667,0.609846153846154,-0.720015575277383,0.844174693049707,0.873028196111441,0.712793104115889,"Dnaja1/Dnah10",2
"GO:0019218","regulation of steroid metabolic process","1/325","67/11892",0.0149253731343284,0.546130884041332,-0.624464796567944,0.84460622553809,0.873028196111441,0.712793104115889,"Lpcat3",1
"GO:0019395","fatty acid oxidation","1/325","67/11892",0.0149253731343284,0.546130884041332,-0.624464796567944,0.84460622553809,0.873028196111441,0.712793104115889,"Ppara",1
"GO:0046620","regulation of organ growth","1/325","67/11892",0.0149253731343284,0.546130884041332,-0.624464796567944,0.84460622553809,0.873028196111441,0.712793104115889,"Ppara",1
"GO:0048640","negative regulation of developmental growth","1/325","67/11892",0.0149253731343284,0.546130884041332,-0.624464796567944,0.84460622553809,0.873028196111441,0.712793104115889,"Ppara",1
"GO:0150115","cell-substrate junction organization","1/325","67/11892",0.0149253731343284,0.546130884041332,-0.624464796567944,0.84460622553809,0.873028196111441,0.712793104115889,"Wdpcp",1
"GO:0048738","cardiac muscle tissue development","3/325","169/11892",0.0177514792899408,0.649540282203004,-0.769135007646482,0.845079345086684,0.873272348188819,0.712992444661688,"Cacybp/Sik1/Ppara",3
"GO:0001539","cilium or flagellum-dependent cell motility","2/325","121/11892",0.0165289256198347,0.604806102987921,-0.732380439687474,0.84749022640537,0.875027723958038,0.714425639773832,"Dnaja1/Dnah10",2
"GO:0043087","regulation of GTPase activity","2/325","121/11892",0.0165289256198347,0.604806102987921,-0.732380439687474,0.84749022640537,0.875027723958038,0.714425639773832,"Epha4/Rrp1b",2
"GO:0060285","cilium-dependent cell motility","2/325","121/11892",0.0165289256198347,0.604806102987921,-0.732380439687474,0.84749022640537,0.875027723958038,0.714425639773832,"Dnaja1/Dnah10",2
"GO:0045666","positive regulation of neuron differentiation","1/325","68/11892",0.0147058823529412,0.538099547511312,-0.640267025569495,0.848877090375309,0.875723748984996,0.714993916768456,"Atoh1",1
"GO:0048814","regulation of dendrite morphogenesis","1/325","68/11892",0.0147058823529412,0.538099547511312,-0.640267025569495,0.848877090375309,0.875723748984996,0.714993916768456,"Epha4",1
"GO:0072329","monocarboxylic acid catabolic process","1/325","68/11892",0.0147058823529412,0.538099547511312,-0.640267025569495,0.848877090375309,0.875723748984996,0.714993916768456,"Cyp4f14",1
"GO:0000077","DNA damage checkpoint signaling","1/325","69/11892",0.0144927536231884,0.530301003344482,-0.655874634669749,0.853030925425041,0.87927069102816,0.71788985511309,"Topbp1",1
"GO:0002275","myeloid cell activation involved in immune response","1/325","69/11892",0.0144927536231884,0.530301003344482,-0.655874634669749,0.853030925425041,0.87927069102816,0.71788985511309,"Anxa3",1
"GO:0048477","oogenesis","1/325","69/11892",0.0144927536231884,0.530301003344482,-0.655874634669749,0.853030925425041,0.87927069102816,0.71788985511309,"Ereg",1
"GO:0007219","Notch signaling pathway","2/325","123/11892",0.016260162601626,0.594971857410882,-0.756847667650354,0.853929983229881,0.879705399157446,0.718244777162846,"Anxa4/Atoh1",2
"GO:0048284","organelle fusion","2/325","123/11892",0.016260162601626,0.594971857410882,-0.756847667650354,0.853929983229881,0.879705399157446,0.718244777162846,"Tfrc/Cideb",2
"GO:0003279","cardiac septum development","1/325","70/11892",0.0142857142857143,0.522725274725275,-0.671293560379018,0.857070927897921,0.882447888332887,0.7204839114555,"Dnm2",1
"GO:0034440","lipid oxidation","1/325","70/11892",0.0142857142857143,0.522725274725275,-0.671293560379018,0.857070927897921,0.882447888332887,0.7204839114555,"Ppara",1
"GO:0000281","mitotic cytokinesis","1/325","71/11892",0.0140845070422535,0.515362946912243,-0.686529467829832,0.861000207921028,0.885010252759874,0.722575980992227,"Rhoc",1
"GO:0001892","embryonic placenta development","1/325","71/11892",0.0140845070422535,0.515362946912243,-0.686529467829832,0.861000207921028,0.885010252759874,0.722575980992227,"Plk4",1
"GO:0019226","transmission of nerve impulse","1/325","71/11892",0.0140845070422535,0.515362946912243,-0.686529467829832,0.861000207921028,0.885010252759874,0.722575980992227,"Tymp",1
"GO:0048534","hematopoietic or lymphoid organ development","1/325","71/11892",0.0140845070422535,0.515362946912243,-0.686529467829832,0.861000207921028,0.885010252759874,0.722575980992227,"Ada",1
"GO:0061326","renal tubule development","1/325","71/11892",0.0140845070422535,0.515362946912243,-0.686529467829832,0.861000207921028,0.885010252759874,0.722575980992227,"Aqp1",1
"GO:1902749","regulation of cell cycle G2/M phase transition","1/325","71/11892",0.0140845070422535,0.515362946912243,-0.686529467829832,0.861000207921028,0.885010252759874,0.722575980992227,"Topbp1",1
"GO:0060041","retina development in camera-type eye","2/325","126/11892",0.0158730158730159,0.580805860805861,-0.792914856072335,0.863126443417248,0.886380697339273,0.723694894963298,"Hipk1/Bsg",2
"GO:0097553","calcium ion transmembrane import into cytosol","2/325","126/11892",0.0158730158730159,0.580805860805861,-0.792914856072335,0.863126443417248,0.886380697339273,0.723694894963298,"Calm1/Mcoln1",2
"GO:0000375","RNA splicing, via transesterification reactions","3/325","176/11892",0.0170454545454545,0.623706293706294,-0.843012684297392,0.86399426596615,0.886380697339273,0.723694894963298,"Hspa8/Rnps1/Rbm3",3
"GO:0000377","RNA splicing, via transesterification reactions with bulged adenosine as nucleophile","3/325","176/11892",0.0170454545454545,0.623706293706294,-0.843012684297392,0.86399426596615,0.886380697339273,0.723694894963298,"Hspa8/Rnps1/Rbm3",3
"GO:0000398","mRNA splicing, via spliceosome","3/325","176/11892",0.0170454545454545,0.623706293706294,-0.843012684297392,0.86399426596615,0.886380697339273,0.723694894963298,"Hspa8/Rnps1/Rbm3",3
"GO:0110053","regulation of actin filament organization","3/325","176/11892",0.0170454545454545,0.623706293706294,-0.843012684297392,0.86399426596615,0.886380697339273,0.723694894963298,"Vil1/Pik3r2/Rhoc",3
"GO:0031570","DNA integrity checkpoint signaling","1/325","72/11892",0.0138888888888889,0.508205128205128,-0.701587767018694,0.864821790902643,0.886380697339273,0.723694894963298,"Topbp1",1
"GO:0050906","detection of stimulus involved in sensory perception","1/325","72/11892",0.0138888888888889,0.508205128205128,-0.701587767018694,0.864821790902643,0.886380697339273,0.723694894963298,"Rtp4",1
"GO:0060419","heart growth","1/325","72/11892",0.0138888888888889,0.508205128205128,-0.701587767018694,0.864821790902643,0.886380697339273,0.723694894963298,"Ppara",1
"GO:0060840","artery development","1/325","72/11892",0.0138888888888889,0.508205128205128,-0.701587767018694,0.864821790902643,0.886380697339273,0.723694894963298,"Dnm2",1
"GO:0007283","spermatogenesis","7/325","359/11892",0.0194986072423398,0.713469037925862,-0.924034398025944,0.86497866747948,0.886380697339273,0.723694894963298,"Dnaja1/Bmp8b/Slc4a2/Rb1/Foxa3/Bsg/Rnf114",7
"GO:0060079","excitatory postsynaptic potential","1/325","73/11892",0.0136986301369863,0.501243414120126,-0.716473627857414,0.868538619832985,0.889781365398661,0.726471406366842,"Sh3gl1",1
"GO:0007498","mesoderm development","1/325","74/11892",0.0135135135135135,0.494469854469854,-0.731191994136629,0.87215355752266,0.892740353520835,0.728887303514312,"Inhba",1
"GO:0071482","cellular response to light stimulus","1/325","74/11892",0.0135135135135135,0.494469854469854,-0.731191994136629,0.87215355752266,0.892740353520835,0.728887303514312,"Aqp1",1
"GO:1901989","positive regulation of cell cycle phase transition","1/325","74/11892",0.0135135135135135,0.494469854469854,-0.731191994136629,0.87215355752266,0.892740353520835,0.728887303514312,"Rb1",1
"GO:0032956","regulation of actin cytoskeleton organization","4/325","228/11892",0.0175438596491228,0.641943319838057,-0.915031301913914,0.874226467440853,0.894613758741528,0.730416865020427,"Slc4a2/Vil1/Pik3r2/Rhoc",4
"GO:0035270","endocrine system development","1/325","75/11892",0.0133333333333333,0.487876923076923,-0.745747596494047,0.875669388780499,0.895593054119012,0.731216421088687,"Arid5b",1
"GO:0035710","CD4-positive, alpha-beta T cell activation","1/325","75/11892",0.0133333333333333,0.487876923076923,-0.745747596494047,0.875669388780499,0.895593054119012,0.731216421088687,"Lgals1",1
"GO:0000018","regulation of DNA recombination","1/325","76/11892",0.0131578947368421,0.481457489878542,-0.760144964470877,0.87908882253241,0.898840887615663,0.733868149097062,"Tfrc",1
"GO:0071805","potassium ion transmembrane transport","2/325","132/11892",0.0151515151515152,0.554405594405594,-0.862906095161108,0.879949174021811,0.899471063628507,0.734382662967673,"Aqp1/Mcoln1",2
"GO:0035249","synaptic transmission, glutamatergic","1/325","77/11892",0.012987012987013,0.475204795204795,-0.77438843773195,0.882414493882865,0.90174101038321,0.736235985003169,"Ptgs2",1
"GO:0001503","ossification","5/325","279/11892",0.017921146953405,0.655748552522746,-0.975317834862333,0.883118909021178,0.902210725790483,0.736619489115284,"Bmp8b/Ptgs2/Isg15/Gdf10/Gdpd2",5
"GO:0032409","regulation of transporter activity","2/325","134/11892",0.0149253731343284,0.546130884041332,-0.885639147461355,0.88511947208131,0.904003982846137,0.738083612804382,"Slc5a3/Calm1",2
"GO:0001578","microtubule bundle formation","1/325","78/11892",0.0128205128205128,0.469112426035503,-0.788482176517825,0.885648966120534,0.904294207512546,0.738320569802772,"Ccdc88c",1
"GO:0072089","stem cell proliferation","1/325","80/11892",0.0125,0.457384615384615,-0.816236252331126,0.891854218988278,0.910377915034836,0.74328767715241,"Mki67",1
"GO:0003073","regulation of systemic arterial blood pressure","1/325","81/11892",0.0123456790123457,0.451737891737892,-0.829904097234195,0.894829784415708,0.912909655509632,0.745354743439483,"Camk2n1",1
"GO:0072009","nephron epithelium development","1/325","81/11892",0.0123456790123457,0.451737891737892,-0.829904097234195,0.894829784415708,0.912909655509632,0.745354743439483,"Aqp1",1
"GO:0034762","regulation of transmembrane transport","6/325","333/11892",0.018018018018018,0.659293139293139,-1.05702039264811,0.896872276166626,0.914343643699927,0.746525538263727,"Il1b/Thbs1/Calm1/Slc43a1/Slc7a5/Trib3",6
"GO:0006816","calcium ion transport","5/325","287/11892",0.0174216027874564,0.637469847225945,-1.04208468245656,0.897166142064864,0.914343643699927,0.746525538263727,"Calm1/Creb3/Ptgs2/Lpar3/Mcoln1",5
"GO:0031507","heterochromatin formation","1/325","82/11892",0.0121951219512195,0.446228893058161,-0.843437239855672,0.897723723969082,0.914343643699927,0.746525538263727,"Rb1",1
"GO:0045931","positive regulation of mitotic cell cycle","1/325","82/11892",0.0121951219512195,0.446228893058161,-0.843437239855672,0.897723723969082,0.914343643699927,0.746525538263727,"Rb1",1
"GO:0061640","cytoskeleton-dependent cytokinesis","1/325","82/11892",0.0121951219512195,0.446228893058161,-0.843437239855672,0.897723723969082,0.914343643699927,0.746525538263727,"Rhoc",1
"GO:0099565","chemical synaptic transmission, postsynaptic","1/325","82/11892",0.0121951219512195,0.446228893058161,-0.843437239855672,0.897723723969082,0.914343643699927,0.746525538263727,"Sh3gl1",1
"GO:0001701","in utero embryonic development","6/325","334/11892",0.0179640718562874,0.657319207738369,-1.06478556008457,0.89842007699298,0.91480011154589,0.7468982262643,"Uspl1/Ptprr/mt-Nd4/Ada/Plk4/Ncapg2",6
"GO:0140588","chromatin looping","1/325","84/11892",0.0119047619047619,0.435604395604396,-0.870112876716059,0.903275594354726,0.919490152110334,0.750727459486377,"Hspa5",1
"GO:0001649","osteoblast differentiation","2/325","142/11892",0.0140845070422535,0.515362946912243,-0.97382822175725,0.903807742081322,0.919777840229639,0.750962345494057,"Gdf10/Gdpd2",2
"GO:0060070","canonical Wnt signaling pathway","3/325","196/11892",0.0153061224489796,0.560062794348509,-1.04097560032929,0.90730633685758,0.923083399850136,0.753661204606773,"Ppp2r3a/Sulf2/Ccdc88c",3
"GO:0098876","vesicle-mediated transport to the plasma membrane","1/325","86/11892",0.0116279069767442,0.425474060822898,-0.896288821185404,0.908526969103526,0.9240702009149,0.754466888772796,"Dnm2",1
"GO:0030326","embryonic limb morphogenesis","1/325","87/11892",0.0114942528735632,0.420583554376658,-0.909196908855392,0.911045073037234,0.926120281085285,0.756140698410153,"Wdpcp",1
"GO:0035113","embryonic appendage morphogenesis","1/325","87/11892",0.0114942528735632,0.420583554376658,-0.909196908855392,0.911045073037234,0.926120281085285,0.756140698410153,"Wdpcp",1
"GO:0006997","nucleus organization","1/325","88/11892",0.0113636363636364,0.415804195804196,-0.921988855095762,0.913494065096776,0.928097884219051,0.757755333404423,"Uspl1",1
"GO:0007030","Golgi organization","1/325","88/11892",0.0113636363636364,0.415804195804196,-0.921988855095762,0.913494065096776,0.928097884219051,0.757755333404423,"Dnm2",1
"GO:0003206","cardiac chamber morphogenesis","1/325","89/11892",0.0112359550561798,0.411132238547969,-0.934667368771668,0.915875836432218,0.930261320774085,0.759521694060916,"Cpe",1
"GO:0007052","mitotic spindle organization","1/325","90/11892",0.0111111111111111,0.406564102564103,-0.947235062667435,0.918192226600779,0.932100398581788,0.761023228587638,"Hspa1b",1
"GO:0031047","regulatory ncRNA-mediated gene silencing","1/325","90/11892",0.0111111111111111,0.406564102564103,-0.947235062667435,0.918192226600779,0.932100398581788,0.761023228587638,"Rbm3",1
"GO:0006813","potassium ion transport","2/325","152/11892",0.0131578947368421,0.481457489878542,-1.07848128568682,0.923187336777211,0.93691313969185,0.764952641967901,"Aqp1/Mcoln1",2
"GO:0006874","intracellular calcium ion homeostasis","3/325","206/11892",0.0145631067961165,0.532875280059746,-1.13363702563952,0.923913406593644,0.937391912112352,0.765343540774256,"Grina/Calm1/Mcoln1",3
"GO:0007338","single fertilization","1/325","93/11892",0.010752688172043,0.393449131513648,-0.984298005012573,0.924766760987939,0.937885998944011,0.765746943193571,"Hspa1b",1
"GO:0034764","positive regulation of transmembrane transport","2/325","153/11892",0.0130718954248366,0.478310708898944,-1.08863574028409,0.924909280022105,0.937885998944011,0.765746943193571,"Calm1/Slc7a5",2
"GO:0030509","BMP signaling pathway","1/325","94/11892",0.0106382978723404,0.389263502454992,-0.996446778196767,0.926839038526622,0.939119559624019,0.766754096857261,"Bmp8b",1
"GO:0048706","embryonic skeletal system development","1/325","94/11892",0.0106382978723404,0.389263502454992,-0.996446778196767,0.926839038526622,0.939119559624019,0.766754096857261,"Sulf2",1
"GO:0060485","mesenchyme development","3/325","208/11892",0.0144230769230769,0.527751479289941,-1.15172024718481,0.926890113378237,0.939119559624019,0.766754096857261,"Il1b/Thbs1/Epha4",3
"GO:0032970","regulation of actin filament-based process","4/325","260/11892",0.0153846153846154,0.562934911242604,-1.19438983171176,0.928502544937597,0.940494745985156,0.767876882306183,"Slc4a2/Vil1/Pik3r2/Rhoc",4
"GO:0040029","epigenetic regulation of gene expression","2/325","157/11892",0.0127388535031847,0.466124448799608,-1.128726741386,0.931440308132835,0.943211257081766,0.770094806521624,"Rb1/Padi2",2
"GO:0009416","response to light stimulus","3/325","213/11892",0.0140845070422535,0.515362946912243,-1.1963109831776,0.933871460365814,0.945413403710077,0.771892772426853,"Sik1/Aqp1/Abl2",3
"GO:0016197","endosomal transport","2/325","162/11892",0.0123456790123457,0.451737891737892,-1.17770694259542,0.938851452280637,0.950193973944654,0.775795919555577,"Mcoln1/Ezr",2
"GO:1904064","positive regulation of cation transmembrane transport","1/325","101/11892",0.0099009900990099,0.362284843869002,-1.0788289899121,0.939835860365512,0.950929174116738,0.776396181511767,"Calm1",1
"GO:0071772","response to BMP","1/325","102/11892",0.00980392156862745,0.358733031674208,-1.09024111379132,0.941494188359848,0.952084383619862,0.777339364528425,"Bmp8b",1
"GO:0071773","cellular response to BMP stimulus","1/325","102/11892",0.00980392156862745,0.358733031674208,-1.09024111379132,0.941494188359848,0.952084383619862,0.777339364528425,"Bmp8b",1
"GO:0045165","cell fate commitment","2/325","166/11892",0.0120481927710843,0.440852641334569,-1.21603445128813,0.944227472858576,0.954324777887774,0.779168558123525,"Lgals1/Atoh1",2
"GO:0048762","mesenchymal cell differentiation","2/325","166/11892",0.0120481927710843,0.440852641334569,-1.21603445128813,0.944227472858576,0.954324777887774,0.779168558123525,"Il1b/Epha4",2
"GO:0055074","calcium ion homeostasis","3/325","222/11892",0.0135135135135135,0.494469854469854,-1.27446707368281,0.944914132083575,0.954756987626112,0.779521440335567,"Grina/Calm1/Mcoln1",3
"GO:0009411","response to UV","1/325","105/11892",0.00952380952380952,0.348483516483516,-1.12398086559392,0.946200698446124,0.955721906220336,0.780309258327081,"Aqp1",1
"GO:0045055","regulated exocytosis","2/325","168/11892",0.0119047619047619,0.435604395604396,-1.23492579145889,0.946744236281176,0.955721906220336,0.780309258327081,"Adra2a/Anxa3",2
"GO:0030317","flagellated sperm motility","1/325","106/11892",0.00943396226415094,0.345195936139332,-1.13506722227225,0.947684093118646,0.955721906220336,0.780309258327081,"Dnaja1",1
"GO:0035107","appendage morphogenesis","1/325","106/11892",0.00943396226415094,0.345195936139332,-1.13506722227225,0.947684093118646,0.955721906220336,0.780309258327081,"Wdpcp",1
"GO:0035108","limb morphogenesis","1/325","106/11892",0.00943396226415094,0.345195936139332,-1.13506722227225,0.947684093118646,0.955721906220336,0.780309258327081,"Wdpcp",1
"GO:0060078","regulation of postsynaptic membrane potential","1/325","106/11892",0.00943396226415094,0.345195936139332,-1.13506722227225,0.947684093118646,0.955721906220336,0.780309258327081,"Sh3gl1",1
"GO:1903305","regulation of regulated secretory pathway","1/325","106/11892",0.00943396226415094,0.345195936139332,-1.13506722227225,0.947684093118646,0.955721906220336,0.780309258327081,"Adra2a",1
"GO:0045814","negative regulation of gene expression, epigenetic","1/325","107/11892",0.00934579439252336,0.34196980589504,-1.14607600406802,0.949126708911658,0.956914947770342,0.781283329718539,"Rb1",1
"GO:0034767","positive regulation of monoatomic ion transmembrane transport","1/325","109/11892",0.00917431192660551,0.335695130557516,-1.16786662719657,0.95189404394371,0.959442561109247,0.783347026361863,"Calm1",1
"GO:0097722","sperm motility","1/325","111/11892",0.00900900900900901,0.32964656964657,-1.18936389249114,0.954511283279127,0.961554684385587,0.785071491749263,"Dnaja1",1
"GO:0140053","mitochondrial gene expression","1/325","111/11892",0.00900900900900901,0.32964656964657,-1.18936389249114,0.954511283279127,0.961554684385587,0.785071491749263,"Fastk",1
"GO:1902850","microtubule cytoskeleton organization involved in mitosis","1/325","112/11892",0.00892857142857143,0.326703296703297,-1.20000583106314,0.955766171058966,0.962555766809658,0.785888836082135,"Hspa1b",1
"GO:0048754","branching morphogenesis of an epithelial tube","1/325","114/11892",0.0087719298245614,0.320971659919028,-1.22108262997445,0.958173348850016,0.964716461038285,0.787652957737229,"Tnc",1
"GO:0060271","cilium assembly","3/325","238/11892",0.0126050420168067,0.461228183581125,-1.40733128860769,0.960433375993051,0.966727860161219,0.789295185824293,"Wdpcp/Plk4/Dnm2",3
"GO:0007269","neurotransmitter secretion","1/325","117/11892",0.00854700854700855,0.312741617357002,-1.25219804371822,0.961541433983897,0.967050948339603,0.789558974584609,"Nr4a1",1
"GO:0032412","regulation of monoatomic ion transmembrane transporter activity","1/325","117/11892",0.00854700854700855,0.312741617357002,-1.25219804371822,0.961541433983897,0.967050948339603,0.789558974584609,"Calm1",1
"GO:0099643","signal release from synapse","1/325","117/11892",0.00854700854700855,0.312741617357002,-1.25219804371822,0.961541433983897,0.967050948339603,0.789558974584609,"Nr4a1",1
"GO:0006302","double-strand break repair","2/325","185/11892",0.0108108108108108,0.395575883575884,-1.38881801585467,0.964179825136783,0.969439944204632,0.791509495525328,"Topbp1/Samhd1",2
"GO:0055002","striated muscle cell development","1/325","120/11892",0.00833333333333333,0.304923076923077,-1.28274068182303,0.964639071638778,0.969637201543642,0.791670548366014,"Ppara",1
"GO:0009566","fertilization","1/325","121/11892",0.00826446280991736,0.302403051493961,-1.29279921510498,0.965615312015723,0.97035388224917,0.792255689907866,"Hspa1b",1
"GO:0022898","regulation of transmembrane transporter activity","1/325","124/11892",0.00806451612903226,0.295086848635236,-1.32262165223377,0.968385734944729,0.972342636612986,0.79387942944185,"Calm1",1
"GO:0048736","appendage development","1/325","124/11892",0.00806451612903226,0.295086848635236,-1.32262165223377,0.968385734944729,0.972342636612986,0.79387942944185,"Wdpcp",1
"GO:0060173","limb development","1/325","124/11892",0.00806451612903226,0.295086848635236,-1.32262165223377,0.968385734944729,0.972342636612986,0.79387942944185,"Wdpcp",1
"GO:0006281","DNA repair","5/325","359/11892",0.0139275766016713,0.509620741375616,-1.5814252664609,0.970430230446619,0.97413012783939,0.795338845558676,"Hmga1b/Topbp1/Rfc4/Samhd1/Phf13",5
"GO:0006282","regulation of DNA repair","1/325","131/11892",0.00763358778625954,0.279318849089841,-1.3902637163682,0.974015058813135,0.977462430379857,0.798059539211244,"Phf13",1
"GO:0051650","establishment of vesicle localization","1/325","132/11892",0.00757575757575758,0.277202797202797,-1.39971710602404,0.974733119002382,0.977916787327921,0.798430503746902,"Dnm2",1
"GO:1903169","regulation of calcium ion transmembrane transport","1/325","134/11892",0.00746268656716418,0.273065442020666,-1.41847435648748,0.976110432921899,0.979032124013638,0.799341132180082,"Calm1",1
"GO:0022412","cellular process involved in reproduction in multicellular organism","3/325","265/11892",0.0113207547169811,0.414235123367199,-1.61641521659674,0.97771899465813,0.980378730769823,0.800440583508274,"Ereg/Bmp8b/Inhba",3
"GO:0061138","morphogenesis of a branching epithelium","1/325","139/11892",0.00719424460431655,0.263242944106253,-1.46452853546293,0.979235020080368,0.98163184226713,0.801463699643523,"Tnc",1
"GO:0055001","muscle cell development","1/325","143/11892",0.00699300699300699,0.255879505110274,-1.50055298571875,0.981438580284881,0.983573302591101,0.80304882545848,"Ppara",1
"GO:0017157","regulation of exocytosis","1/325","145/11892",0.00689655172413793,0.252350132625995,-1.51830589979961,0.982451309247511,0.984320610461083,0.803658972872672,"Adra2a",1
"GO:0051648","vesicle localization","1/325","147/11892",0.00680272108843537,0.248916797488226,-1.53589210664386,0.983408943477035,0.985012327624008,0.804223732666145,"Dnm2",1
"GO:0070588","calcium ion transmembrane transport","2/325","225/11892",0.00888888888888889,0.325251282051282,-1.71275100264515,0.986256906933346,0.987596565866969,0.806333661311268,"Calm1/Mcoln1",2
"GO:0007281","germ cell development","2/325","242/11892",0.00826446280991736,0.302403051493961,-1.83776423227803,0.990933436713998,0.992009953212329,0.809937018086658,"Ereg/Bmp8b",2
"GO:0048863","stem cell differentiation","1/325","178/11892",0.00561797752808989,0.205566119273984,-1.79001079909816,0.99305632446192,0.993865221820971,0.811451771764045,"Ccdc88c",1
"GO:0006887","exocytosis","2/325","260/11892",0.00769230769230769,0.281467455621302,-1.96357015656371,0.994191475351791,0.994731210137541,0.812158817084053,"Adra2a/Anxa3",2
"GO:1904062","regulation of monoatomic cation transmembrane transport","1/325","219/11892",0.0045662100456621,0.167081138040042,-2.08532626838955,0.997813672855749,0.998084449971856,0.814896605211622,"Calm1",1
"GO:0034765","regulation of monoatomic ion transmembrane transport","1/325","241/11892",0.004149377593361,0.151828917969997,-2.22972284614824,0.998825969938148,0.998825969938148,0.815502027030632,"Calm1",1
